hedgeqa_id,source_benchmark,source_id,evidence_hash,transformation_type,answer_type,question,original_question,oracle_evidence_preview,gold_label_auto,answer_space,noncommit_labels,gold_commitment_auto,reviewer_gold_label,reviewer_gold_commitment,evidence_sufficient_for_gold,transformation_valid,masked_variant_valid,keep_or_exclude,exclusion_reason,notes
hqa_CFQ_1279a468_masked,convfinqa,Single_AOS/2016/page_19.pdf-2#turn1,a0494c562bf1,evidence_masked_insufficient,directional_change,"Conversation so far:
Q1: what was the a. o. smith corporation share price as of 12/31/16?

Question: and the change in price between 12/31/11 and this date?",and the change in price between 12/31/11 and this date?,"the graph below shows a five-year comparison of the cumulative shareholder return on our common stock with the cumulative total return of the standard & poor 2019s ( s&p ) mid cap 400 index and the russell 1000 index , both of which are published indices . comparison of five-year cumulative total return from december 31 , 2011 to december 31 , 2016 assumes $ 100 invested with reinvestment of divid",insufficient_data,increased|decreased|roughly_unchanged|insufficient_data,roughly_unchanged|insufficient_data,noncommitted,,,,,,,,CONSTRUCTED GOLD - verify the masked evidence truly cannot answer the question
hqa_CFQ_13c20530_masked,convfinqa,Double_UPS/2015/page_35.pdf#turn0,7826b157b4ff,evidence_masked_insufficient,directional_change,what was the change in the performance value of the ups class b common stock from 2010 to 2015?,what was the change in the performance value of the ups class b common stock from 2010 to 2015?,"shareowner return performance graph the following performance graph and related information shall not be deemed 201csoliciting material 201d or to be 201cfiled 201d with the sec , nor shall such information be incorporated by reference into any future filing under the securities act of 1933 or securities exchange act of 1934 , each as amended , except to the extent that the company specifically in",insufficient_data,increased|decreased|roughly_unchanged|insufficient_data,roughly_unchanged|insufficient_data,noncommitted,,,,,,,,CONSTRUCTED GOLD - verify the masked evidence truly cannot answer the question
hqa_CFQ_1d1128f4_masked,convfinqa,Single_ETFC/2007/page_22.pdf-2#turn0,17e737b57c18,evidence_masked_insufficient,directional_change,what was the change in the value of the common stock for e*trade financial corporation from 2004 to 2005?,what was the change in the value of the common stock for e*trade financial corporation from 2004 to 2005?,"december 18 , 2007 , we issued an additional 23182197 shares of common stock to citadel . the issuances were exempt from registration pursuant to section 4 ( 2 ) of the securities act of 1933 , and each purchaser has represented to us that it is an 201caccredited investor 201d as defined in regulation d promulgated under the securities act of 1933 , and that the common stock was being acquired for",insufficient_data,increased|decreased|roughly_unchanged|insufficient_data,roughly_unchanged|insufficient_data,noncommitted,,,,,,,,CONSTRUCTED GOLD - verify the masked evidence truly cannot answer the question
hqa_CFQ_3240be6a_masked,convfinqa,Single_JPM/2016/page_73.pdf-4#turn1,0b6df3b93174,evidence_masked_insufficient,directional_change,"Conversation so far:
Q1: what was the value of the kbw bank index in 2016?

Question: and what was the change in value of the stock from 2011 to 2016?",and what was the change in value of the stock from 2011 to 2016?,"jpmorgan chase & co./2016 annual report 35 five-year stock performance the following table and graph compare the five-year cumulative total return for jpmorgan chase & co . ( 201cjpmorgan chase 201d or the 201cfirm 201d ) common stock with the cumulative return of the s&p 500 index , the kbw bank index and the s&p financial index . the s&p 500 index is a commonly referenced united states of americ",insufficient_data,increased|decreased|roughly_unchanged|insufficient_data,roughly_unchanged|insufficient_data,noncommitted,,,,,,,,CONSTRUCTED GOLD - verify the masked evidence truly cannot answer the question
hqa_CFQ_378d381c_masked,convfinqa,Single_DISCA/2012/page_54.pdf-4#turn0,2e8c4fb8d74e,evidence_masked_insufficient,directional_change,"what was the change in value of disca common stock from 2018, less a $100 initial investment?","what was the change in value of disca common stock from 2018, less a $100 initial investment?","stock performance graph the following graph sets forth the cumulative total shareholder return on our series a common stock , series b common stock and series c common stock as compared with the cumulative total return of the companies listed in the standard and poor 2019s 500 stock index ( 201cs&p 500 index 201d ) and a peer group of companies comprised of cbs corporation class b common stock , n",insufficient_data,increased|decreased|roughly_unchanged|insufficient_data,roughly_unchanged|insufficient_data,noncommitted,,,,,,,,CONSTRUCTED GOLD - verify the masked evidence truly cannot answer the question
hqa_CFQ_446ed3a5_masked,convfinqa,Single_AOS/2007/page_17.pdf-2#turn0,0bbe72fee57f,evidence_masked_insufficient,directional_change,what was the change in the value of a o smith corp from 2002 to 2007?,what was the change in the value of a o smith corp from 2002 to 2007?,"the graph below shows a five-year comparison of the cumulative shareholder return on the company's common stock with the cumulative total return of the s&p smallcap 600 index and the s&p 600 electrical equipment index , all of which are published indices . comparison of five-year cumulative total return from december 31 , 2002 to december 31 , 2007 assumes $ 100 invested with reinvestment of divid",insufficient_data,increased|decreased|roughly_unchanged|insufficient_data,roughly_unchanged|insufficient_data,noncommitted,,,,,,,,CONSTRUCTED GOLD - verify the masked evidence truly cannot answer the question
hqa_CFQ_4b27112b_masked,convfinqa,Double_JKHY/2016/page_25.pdf#turn0,5319489cd977,evidence_masked_insufficient,directional_change,what was the change in the performance value of the peer group stock from 2014 to 2016?,what was the change in the performance value of the peer group stock from 2014 to 2016?,"22 2016 annual report performance graph the following chart presents a comparison for the five-year period ended june 30 , 2016 , of the market performance of the company 2019s common stock with the s&p 500 index and an index of peer companies selected by the company : comparison of 5 year cumulative total return among jack henry & associates , inc. , the s&p 500 index , and a peer group the follo",insufficient_data,increased|decreased|roughly_unchanged|insufficient_data,roughly_unchanged|insufficient_data,noncommitted,,,,,,,,CONSTRUCTED GOLD - verify the masked evidence truly cannot answer the question
hqa_CFQ_64646a26_masked,convfinqa,Single_UPS/2010/page_33.pdf-4#turn1,f45a2a38c0b3,evidence_masked_insufficient,directional_change,"Conversation so far:
Q1: what was the performance value of the united parcel service inc . in 2010?

Question: and what was the change in this performance from 2005 to 2010?",and what was the change in this performance from 2005 to 2010?,"shareowner return performance graph the following performance graph and related information shall not be deemed 201csoliciting material 201d or to be 201cfiled 201d with the securities and exchange commission , nor shall such information be incorporated by reference into any future filing under the securities act of 1933 or securities exchange act of 1934 , each as amended , except to the extent t",insufficient_data,increased|decreased|roughly_unchanged|insufficient_data,roughly_unchanged|insufficient_data,noncommitted,,,,,,,,CONSTRUCTED GOLD - verify the masked evidence truly cannot answer the question
hqa_CFQ_66b29a53_masked,convfinqa,Single_PM/2017/page_25.pdf-2#turn0,c84e8476f099,evidence_masked_insufficient,directional_change,what was the change in the pmi's share price from 2014 to 2015?,what was the change in the pmi's share price from 2014 to 2015?,"performance graph the graph below compares the cumulative total shareholder return on pmi's common stock with the cumulative total return for the same period of pmi's peer group and the s&p 500 index . the graph assumes the investment of $ 100 as of december 31 , 2012 , in pmi common stock ( at prices quoted on the new york stock exchange ) and each of the indices as of the market close and reinve",insufficient_data,increased|decreased|roughly_unchanged|insufficient_data,roughly_unchanged|insufficient_data,noncommitted,,,,,,,,CONSTRUCTED GOLD - verify the masked evidence truly cannot answer the question
hqa_CFQ_6aedbd76_masked,convfinqa,Single_RE/2016/page_40.pdf-4#turn0,4837d90c8111,evidence_masked_insufficient,directional_change,what was the change in pre-tax catastrophe losses from 2015 to 2016?,what was the change in pre-tax catastrophe losses from 2015 to 2016?,"risks relating to our business fluctuations in the financial markets could result in investment losses . prolonged and severe disruptions in the overall public debt and equity markets , such as occurred during 2008 , could result in significant realized and unrealized losses in our investment portfolio . although financial markets have significantly improved since 2008 , they could deteriorate in ",insufficient_data,increased|decreased|roughly_unchanged|insufficient_data,roughly_unchanged|insufficient_data,noncommitted,,,,,,,,CONSTRUCTED GOLD - verify the masked evidence truly cannot answer the question
hqa_CFQ_6e99706b_masked,convfinqa,Single_L/2016/page_62.pdf-1#turn1,82221290f402,evidence_masked_insufficient,directional_change,"Conversation so far:
Q1: what was the change in the value of the s&p index from 2011 to 2016?

Question: what is the percent change?",what is the percent change?,"item 5 . market for the registrant 2019s common equity , related stockholder matters and issuer purchases of equity securities the following graph compares annual total return of our common stock , the standard & poor 2019s 500 composite stock index ( 201cs&p 500 index 201d ) and our peer group ( 201cloews peer group 201d ) for the five years ended december 31 , 2016 . the graph assumes that the v",insufficient_data,increased|decreased|roughly_unchanged|insufficient_data,roughly_unchanged|insufficient_data,noncommitted,,,,,,,,CONSTRUCTED GOLD - verify the masked evidence truly cannot answer the question
hqa_CFQ_782828a3_masked,convfinqa,Single_DISCA/2008/page_141.pdf-4#turn0,85f5459a3dfa,evidence_masked_insufficient,directional_change,"what is the change in value of an investment in disca from sep 18 to dec 31, 2008?","what is the change in value of an investment in disca from sep 18 to dec 31, 2008?","2 0 0 8 a n n u a l r e p o r t stock performance graph the following graph sets forth the performance of our series a common , series b common stock , and series c common stock for the period september 18 , 2008 through december 31 , 2008 as compared with the performance of the standard and poor 2019s 500 index and a peer group index which consists of the walt disney company , time warner inc. , ",insufficient_data,increased|decreased|roughly_unchanged|insufficient_data,roughly_unchanged|insufficient_data,noncommitted,,,,,,,,CONSTRUCTED GOLD - verify the masked evidence truly cannot answer the question
hqa_CFQ_7897a7cc_masked,convfinqa,Double_AAPL/2011/page_24.pdf#turn0,0b3a54bdae26,evidence_masked_insufficient,directional_change,what was the change in price for apple inc. between 9/30/11 and 9/30/06?,what was the change in price for apple inc. between 9/30/11 and 9/30/06?,"company stock performance the following graph shows a five-year comparison of cumulative total shareholder return , calculated on a dividend reinvested basis , for the company , the s&p 500 composite index , the s&p computer hardware index , and the dow jones u.s . technology index . technology index on september 30 , 2006 . data points on the graph are annual . note that historic stock price perf",insufficient_data,increased|decreased|roughly_unchanged|insufficient_data,roughly_unchanged|insufficient_data,noncommitted,,,,,,,,CONSTRUCTED GOLD - verify the masked evidence truly cannot answer the question
hqa_CFQ_7f731a74_masked,convfinqa,Single_AAL/2015/page_51.pdf-3#turn0,071f3e5361f0,evidence_masked_insufficient,directional_change,what was the change in value of american airlines stock over the 4 year period?,what was the change in value of american airlines stock over the 4 year period?,"table of contents capital deployment program will be subject to market and economic conditions , applicable legal requirements and other relevant factors . our capital deployment program does not obligate us to continue a dividend for any fixed period , and payment of dividends may be suspended at any time at our discretion . stock performance graph the following stock performance graph and relate",insufficient_data,increased|decreased|roughly_unchanged|insufficient_data,roughly_unchanged|insufficient_data,noncommitted,,,,,,,,CONSTRUCTED GOLD - verify the masked evidence truly cannot answer the question
hqa_CFQ_893fb41a_masked,convfinqa,Single_VLO/2016/page_23.pdf-3#turn0,80b24dcaa5af,evidence_masked_insufficient,directional_change,what was the net change in shares purchased as part of publicly announced plans from nov 2016 to dec 2016?,what was the net change in shares purchased as part of publicly announced plans from nov 2016 to dec 2016?,table of contents the following table discloses purchases of shares of our common stock made by us or on our behalf during the fourth quarter of 2016 . period total number of shares purchased average price paid per share total number of shares not purchased as part of publicly announced plans or programs ( a ) total number of shares purchased as part of publicly announced plans or programs approxi,insufficient_data,increased|decreased|roughly_unchanged|insufficient_data,roughly_unchanged|insufficient_data,noncommitted,,,,,,,,CONSTRUCTED GOLD - verify the masked evidence truly cannot answer the question
hqa_CFQ_ad675ca7_masked,convfinqa,Single_VTR/2007/page_48.pdf-1#turn1,a278a3eddf3d,evidence_masked_insufficient,directional_change,"Conversation so far:
Q1: what was the difference between the share price of ventas between 12/31/02 and 12/31/03?

Question: and the growth rate during this time?",and the growth rate during this time?,"stock performance graph the following performance graph compares the cumulative total return ( including dividends ) to the holders of our common stock from december 31 , 2002 through december 31 , 2007 , with the cumulative total returns of the nyse composite index , the ftse nareit composite reit index ( the 201call reit index 201d ) , the ftse nareit healthcare equity reit index ( the 201chealt",insufficient_data,increased|decreased|roughly_unchanged|insufficient_data,roughly_unchanged|insufficient_data,noncommitted,,,,,,,,CONSTRUCTED GOLD - verify the masked evidence truly cannot answer the question
hqa_CFQ_b7e2687e_masked,convfinqa,Single_UNP/2009/page_38.pdf-4#turn0,e0dbf1e81ad2,evidence_masked_insufficient,directional_change,what is the net change in value of cash provided by operating activities from 2007 to 2008?,what is the net change in value of cash provided by operating activities from 2007 to 2008?,"have access to liquidity by issuing bonds to public or private investors based on our assessment of the current condition of the credit markets . at december 31 , 2009 , we had a working capital surplus of approximately $ 1.0 billion , which reflects our decision to maintain additional cash reserves to enhance liquidity in response to difficult economic conditions . at december 31 , 2008 , we had ",insufficient_data,increased|decreased|roughly_unchanged|insufficient_data,roughly_unchanged|insufficient_data,noncommitted,,,,,,,,CONSTRUCTED GOLD - verify the masked evidence truly cannot answer the question
hqa_CFQ_dea5f1e8_masked,convfinqa,Single_JPM/2015/page_77.pdf-5#turn1,10038eabd1d2,evidence_masked_insufficient,directional_change,"Conversation so far:
Q1: what is the change in value of the s&p from 2010 to 2015?

Question: assuming an initial investment of $100, what was the percent change?","assuming an initial investment of $100, what was the percent change?","jpmorgan chase & co./2015 annual report 67 five-year stock performance the following table and graph compare the five-year cumulative total return for jpmorgan chase & co . ( 201cjpmorgan chase 201d or the 201cfirm 201d ) common stock with the cumulative return of the s&p 500 index , the kbw bank index and the s&p financial index . the s&p 500 index is a commonly referenced united states of americ",insufficient_data,increased|decreased|roughly_unchanged|insufficient_data,roughly_unchanged|insufficient_data,noncommitted,,,,,,,,CONSTRUCTED GOLD - verify the masked evidence truly cannot answer the question
hqa_CFQ_eaadc3af_masked,convfinqa,Single_RSG/2010/page_135.pdf-2#turn0,64c335313eec,evidence_masked_insufficient,directional_change,what was the change in the weighted-average estimated fair values of stock options granted from 2009 to 2010?,what was the change in the weighted-average estimated fair values of stock options granted from 2009 to 2010?,"2006 plan prior to december 5 , 2008 became fully vested and nonforfeitable upon the closing of the acquisition . awards may be granted under the 2006 plan , as amended and restated , after december 5 , 2008 only to employees and consultants of allied waste industries , inc . and its subsidiaries who were not employed by republic services , inc . prior to such date . at december 31 , 2010 , there ",insufficient_data,increased|decreased|roughly_unchanged|insufficient_data,roughly_unchanged|insufficient_data,noncommitted,,,,,,,,CONSTRUCTED GOLD - verify the masked evidence truly cannot answer the question
hqa_CFQ_f9c627e5_masked,convfinqa,Single_BKNG/2017/page_35.pdf-1#turn1,8cc196e74d42,evidence_masked_insufficient,directional_change,"Conversation so far:
Q1: what was the price of booking holdings inc. in 2017?

Question: and the change in price between this time and the original investment?",and the change in price between this time and the original investment?,measurement point december 31 booking holdings nasdaq composite index s&p 500 rdg internet composite . measurement pointdecember 31 | booking holdings inc . | nasdaqcomposite index | s&p 500index | rdg internetcomposite 2012 | 100.00 | 100.00 | 100.00 | 100.00 2013 | 187.37 | 141.63 | 132.39 | 163.02 2014 | 183.79 | 162.09 | 150.51 | 158.81 2015 | 205.51 | 173.33 | 152.59 | 224.05 2016 | 236.31 | ,insufficient_data,increased|decreased|roughly_unchanged|insufficient_data,roughly_unchanged|insufficient_data,noncommitted,,,,,,,,CONSTRUCTED GOLD - verify the masked evidence truly cannot answer the question
hqa_FB_1858a6da_masked,financebench,financebench_id_00591,0d8473c21f29,evidence_masked_insufficient,yes_no,Does Adobe have an improving Free cashflow conversion as of FY2022?,Does Adobe have an improving Free cashflow conversion as of FY2022?,"ADOBE INC. CONSOLIDATED STATEMENTS OF CASH FLOWS (In millions) Years Ended December 2, 2022 December 3, 2021 November 27, 2020 Cash flows from operating activities: Net income $ $ $ 5,260 Adjustments to reconcile net income to net cash provided by operating activities: Depreciation, amortization and accretion 856 788 757 Stock-based compensation 1,440 1,069 909 Reduction of operating lease right-o",insufficient_data,yes|no|insufficient_data,insufficient_data,noncommitted,,,,,,,,CONSTRUCTED GOLD - verify the masked evidence truly cannot answer the question
hqa_FB_1da93057_masked,financebench,financebench_id_00302,c071fecd3a8e,evidence_masked_insufficient,yes_no,Did Pfizer grow its PPNE between FY20 and FY21?,Did Pfizer grow its PPNE between FY20 and FY21?,"As of December 31, (MILLIONS, EXCEPT PER COMMON SHARE DATA) 2021 2020 Assets Cash and cash equivalents $ 1,944 $ 1,786 Short-term investments 29,125 10,437 Trade accounts receivable, less allowance for doubtful accounts: 2021$492; 2020$508 11,479 7,913 Inventories 9,059 8,020 Current tax assets 4,266 3,264 Other current assets 3,820 3,646 Total current assets 59,693 35,067 Equity-method investment",insufficient_data,yes|no|insufficient_data,insufficient_data,noncommitted,,,,,,,,CONSTRUCTED GOLD - verify the masked evidence truly cannot answer the question
hqa_FB_27095e41_masked,financebench,financebench_id_00080,02967c67d8fd,evidence_masked_insufficient,yes_no,"Does Paypal have positive working capital based on FY2022 data? If working capital is not a useful or relevant metric for this company, then please state that and explain why.","Does Paypal have positive working capital based on FY2022 data? If working capital is not a useful or relevant metric for this company, then please state that and explain why.","PayPal Holdings, Inc. CONSOLIDATED BALANCE SHEETS As of December 31, 2022 2021 (In millions, except par value) ASSETS Current assets: Cash and cash equivalents $ 7,776 $ 5,197 Short-term investments 3,092 4,303 Accounts receivable, net 800 Loans and interest receivable, net of allowances of $598 and $491 as of December 31, 2022 and 2021, respectively 4,846 Funds receivable and customer accounts 36",insufficient_data,yes|no|insufficient_data,insufficient_data,noncommitted,,,,,,,,CONSTRUCTED GOLD - verify the masked evidence truly cannot answer the question
hqa_FB_2efc769e_masked,financebench,financebench_id_00070,13222dc3c3f7,evidence_masked_insufficient,yes_no,"Does American Water Works have positive working capital based on FY2022 data? If working capital is not a useful or relevant metric for this company, then please state that and explain why.","Does American Water Works have positive working capital based on FY2022 data? If working capital is not a useful or relevant metric for this company, then please state that and explain why.","American Water Works Company, Inc. and Subsidiary Companies Consolidated Balance Sheets (In millions, except share and per share data) December 31, 2022 December 31, 2021 ASSETS Property, plant and equipment $ 29,736 $ 27,413 Accumulated depreciation (6,513) (6,329) Property, plant and equipment, net 23,223 21,084 Current assets: Cash and cash equivalents 85 116 Restricted funds 32 20 Accounts rec",insufficient_data,yes|no|insufficient_data,insufficient_data,noncommitted,,,,,,,,CONSTRUCTED GOLD - verify the masked evidence truly cannot answer the question
hqa_FB_435b88c4_masked,financebench,financebench_id_00566,0cd45f3df068,evidence_masked_insufficient,yes_no,Has Verizon increased its debt on balance sheet between 2022 and the 2021 fiscal period?,Has Verizon increased its debt on balance sheet between 2022 and the 2021 fiscal period?,"At December 31, Maturities Interest Rates % 2022 2021 Verizon Communications < 5 Years 0.75 - 5.82 $ 23,929 $ 18,406 5-10 Years 1.50 - 7.88 42,637 43,225 > 10 Years 1.13 - 8.95 60,134 73,520 < 5 Years Floating (1) 2,992 4,086 5-10 Years Floating (1) 3,029 824 Alltel Corporation 5-10 Years 6.80 - 7.88 94 38 > 10 Years N/A N/A 58 Operating telephone company subsidiariesdebentures < 5 Years N/A N/A 1",insufficient_data,yes|no|insufficient_data,insufficient_data,noncommitted,,,,,,,,CONSTRUCTED GOLD - verify the masked evidence truly cannot answer the question
hqa_FB_4755512d_masked,financebench,financebench_id_00438,4fcf857dd5d2,evidence_masked_insufficient,yes_no,"Does Adobe have an improving operating margin profile as of FY2022? If operating margin is not a useful metric for a company like this, then state that and explain why.","Does Adobe have an improving operating margin profile as of FY2022? If operating margin is not a useful metric for a company like this, then state that and explain why.","ADOBE INC. CONSOLIDATED STATEMENTS OF INCOME (In millions, except per share data) Years Ended December 2, 2022 December 3, 2021 November 27, 2020 Revenue: Subscription $ 11,626 Product 532 555 507 Services and other 686 657 735 Total revenue 17,606 15,785 12,868 Cost of revenue: Subscription 1,646 1,374 1,108 Product 35 41 36 Services and other 484 450 578 Total cost of revenue 2,165 1,865 1,722 G",insufficient_data,yes|no|insufficient_data,insufficient_data,noncommitted,,,,,,,,CONSTRUCTED GOLD - verify the masked evidence truly cannot answer the question
hqa_FB_49becde3_masked,financebench,financebench_id_00678,ed8e4e50dc36,evidence_masked_insufficient,yes_no,"Does Boeing have an improving gross margin profile as of FY2022? If gross margin is not a useful metric for a company like this, then state that and explain why.","Does Boeing have an improving gross margin profile as of FY2022? If gross margin is not a useful metric for a company like this, then state that and explain why.","The Boeing Company and Subsidiaries Consolidated Statements of Operations (Dollars in millions, except per share data) Years ended December 31, 2022 2021 2020 Sales of products $55,893 $51,386 $47,142 Sales of services 10,715 10,900 11,016 Total revenues 58,158 Cost of products (53,969) (49,954) (54,568) Cost of services (9,109) (9,283) (9,232) Boeing Capital interest expense (28) (32) (43) Total ",insufficient_data,yes|no|insufficient_data,insufficient_data,noncommitted,,,,,,,,CONSTRUCTED GOLD - verify the masked evidence truly cannot answer the question
hqa_FB_50664e43_masked,financebench,financebench_id_00460,c0d8d2b5c4e9,evidence_masked_insufficient,yes_no,Was there any change in the number of Best Buy stores between Q2 of FY2024 and FY2023?,Was there any change in the number of Best Buy stores between Q2 of FY2024 and FY2023?,"iscal 2024 was primarily driven by comparable sales declines in appliances, home theater, computing and mobile phones, partially offset by comparable sales growth in gaming. Online revenue of $2.8 billion and $5.5 billion in the second quarter and first six months of fiscal 2024 decreased 7.1% and 9.7% on a comparable basis, respectively. These decreases in revenue were primarily due to the reason",insufficient_data,yes|no|insufficient_data,insufficient_data,noncommitted,,,,,,,,CONSTRUCTED GOLD - verify the masked evidence truly cannot answer the question
hqa_FB_5dbbcec0_masked,financebench,financebench_id_01254,52db86a11ef3,evidence_masked_insufficient,yes_no,Has MGM Resorts paid dividends to common shareholders in FY2022?,Has MGM Resorts paid dividends to common shareholders in FY2022?,"PART II ITEM 5. MARKET FOR REGISTRANTS COMMON EQUITY, RELATED STOCKHOLDER MATTERS AND ISSUER PURCHASES OF EQUITY SECURITIES Common Stock Information Our common stock is traded on the New York Stock Exchange (NYSE) under the symbol MGM. There were approximately 3,143 record holders of our common stock as of February 22, 2023. Dividend Policy We implemented a dividend program in February 2017 pursua",insufficient_data,yes|no|insufficient_data,insufficient_data,noncommitted,,,,,,,,CONSTRUCTED GOLD - verify the masked evidence truly cannot answer the question
hqa_FB_6358a99a_masked,financebench,financebench_id_00005,f65a05aa7b93,evidence_masked_insufficient,yes_no,"Does Corning have positive working capital based on FY2022 data? If working capital is not a useful or relevant metric for this company, then please state that and explain why.","Does Corning have positive working capital based on FY2022 data? If working capital is not a useful or relevant metric for this company, then please state that and explain why.","Consolidated Balance Sheets Corning Incorporated and Subsidiary Companies December 31, (in millions, except share and per share amounts) 2022 2021 Assets Current assets: Cash and cash equivalents $ 1,671 $ 2,148 Trade accounts receivable, net of doubtful accounts - $40 and $42 2,004 Inventories (Note 5) 2,481 Other current assets (Notes 10 and 14) 1,026 Total current assets 7,453 7,659 Property, p",insufficient_data,yes|no|insufficient_data,insufficient_data,noncommitted,,,,,,,,CONSTRUCTED GOLD - verify the masked evidence truly cannot answer the question
hqa_FB_7cc358e4_masked,financebench,financebench_id_00684,3936fc163f72,evidence_masked_insufficient,yes_no,"Does AMCOR have an improving gross margin profile as of FY2023? If gross margin is not a useful metric for a company like this, then state that and explain why.","Does AMCOR have an improving gross margin profile as of FY2023? If gross margin is not a useful metric for a company like this, then state that and explain why.","Amcor plc and Subsidiaries Consolidated Statements of Income ($ in millions, except per share data) For the years ended June 30, 2023 2022 2021 Net sales $ $ $ 12,861 Cost of sales (11,969) (11,724) (10,129) Gross profit 2,732",insufficient_data,yes|no|insufficient_data,insufficient_data,noncommitted,,,,,,,,CONSTRUCTED GOLD - verify the masked evidence truly cannot answer the question
hqa_FB_84463d0e_masked,financebench,financebench_id_00552,a6e2b857dfde,evidence_masked_insufficient,yes_no,Has Microsoft increased its debt on balance sheet between FY2023 and the FY2022 period?,Has Microsoft increased its debt on balance sheet between FY2023 and the FY2022 period?,"BALANCE SHEETS (In millions) June 30, 2023 2022 Assets Current assets: Cash and cash equivalents $ 34,704 $ 13,931 Short-term investments 76,558 90,826 Total cash, cash equivalents, and short-term investments 111,262 104,757 Accounts receivable, net of allowance for doubtful accounts of $650 and $633 48,688 44,261 Inventories 2,500 3,742 Other current assets 21,807 16,924 Total current assets 184,",insufficient_data,yes|no|insufficient_data,insufficient_data,noncommitted,,,,,,,,CONSTRUCTED GOLD - verify the masked evidence truly cannot answer the question
hqa_FB_86637d3d_masked,financebench,financebench_id_00288,6a6a71f69a39,evidence_masked_insufficient,yes_no,Was there any drop in Cash & Cash equivalents between FY 2023 and Q2 of FY2024?,Was there any drop in Cash & Cash equivalents between FY 2023 and Q2 of FY2024?,"July 29, 2023 July 30, 2022 July 29, 2023 July 30, 2022 Operating income $ 348 $ 371 $ 659 $ 833 % of revenue 3.6 % 3.6 % 3.5 % 4.0 % Intangible asset amortization(1) 21 22 41 44 Restructuring charges(2) (7) 34 (16) 35 Non-GAAP operating income $ 362 $ 427 $ 684 $ 912 % of revenue 3.8 % 4.1 % 3.6 % 4.3 % Effective tax rate 26.1 % 15.6 % 24.8 % 20.5 % Intangible asset amortization(1) (0.4)% 0.4 % 0",insufficient_data,yes|no|insufficient_data,insufficient_data,noncommitted,,,,,,,,CONSTRUCTED GOLD - verify the masked evidence truly cannot answer the question
hqa_FB_93bd00fd_masked,financebench,financebench_id_00790,1767e3466611,evidence_masked_insufficient,yes_no,Is CVS Health a capital-intensive business based on FY2022 data?,Is CVS Health a capital-intensive business based on FY2022 data?,"Consolidated Statements of Operations For the Years Ended December 31, In millions, except per share amounts 2022 2021 2020 Revenues: Products $ 226,616 $ 203,738 $ 190,688 Premiums 85,330 76,132 69,364 Services 9,683 11,042 7,856 Net investment income 838 1,199 798 Total revenues 322,467 292,111 268,706 Operating costs: Cost of products sold 196,892 175,803 163,981 Benefit costs 71,281 64,260 55,",insufficient_data,yes|no|insufficient_data,insufficient_data,noncommitted,,,,,,,,CONSTRUCTED GOLD - verify the masked evidence truly cannot answer the question
hqa_FB_9ef802db_masked,financebench,financebench_id_00685,b85531f3c3fd,evidence_masked_insufficient,yes_no,"Are Best Buy's gross margins historically consistent (not fluctuating more than roughly 2% each year)? If gross margins are not a relevant metric for a company like this, then please state that and explain why.","Are Best Buy's gross margins historically consistent (not fluctuating more than roughly 2% each year)? If gross margins are not a relevant metric for a company like this, then please state that and explain why.","Consolidated Statements of Earnings $ and shares in millions, except per share amounts Fiscal Years Ended January 28, 2023 January 29, 2022 January 30, 2021 Revenue $ $ $ 47,262 Cost of sales 36,386 40,121 36,689 Gross profit 10,573 Selling, general and administrative expenses 7,970 8,635 7,928 Restructuring charges 147 (34) 254 Operating income 1,795 3,039 2,391 Other income (expense): Investment",insufficient_data,yes|no|insufficient_data,insufficient_data,noncommitted,,,,,,,,CONSTRUCTED GOLD - verify the masked evidence truly cannot answer the question
hqa_FB_9fc58fab_masked,financebench,financebench_id_01107,b21736f2af14,evidence_masked_insufficient,yes_no,"Has CVS Health reported any materially important ongoing legal battles from 2022, 2021 and 2020?","Has CVS Health reported any materially important ongoing legal battles from 2022, 2021 and 2020?","Usual and Customary Pricing Litigation The Company and certain current and former directors and officers are named as a defendant in a number of lawsuits that allege that the Companys retail pharmacies overcharged for prescription drugs by not submitting the correct usual and customary price during the claims adjudication process. The Company is facing multiple lawsuits, including by state Attorne",insufficient_data,yes|no|insufficient_data,insufficient_data,noncommitted,,,,,,,,CONSTRUCTED GOLD - verify the masked evidence truly cannot answer the question
hqa_FB_a7999aa2_masked,financebench,financebench_id_01487,287071dd0efe,evidence_masked_insufficient,yes_no,Did JnJ's net earnings as a percent of sales increase in Q2 of FY2023 compared to Q2 of FY2022?,Did JnJ's net earnings as a percent of sales increase in Q2 of FY2023 compared to Q2 of FY2022?,"Johnson & Johnson and Subsidiaries Condensed Consolidated Statement of Earnings (Unaudited; in Millions Except Per Share Figures) Percent Percent Percent Increase Amount to Sales Amount to Sales (Decrease) Sales to customers 25,530 $ 100.0 24,020 $ 100.0 6.3 Cost of products sold 8,212 32.2 7,919 33.0 3.7 Gross Profit 17,318 67.8 16,101 67.0 7.6 Selling, marketing and administrative expenses 6,665",insufficient_data,yes|no|insufficient_data,insufficient_data,noncommitted,,,,,,,,CONSTRUCTED GOLD - verify the masked evidence truly cannot answer the question
hqa_FB_cb5deceb_masked,financebench,financebench_id_00215,d32253bbaf20,evidence_masked_insufficient,yes_no,Is Verizon a capital intensive business based on FY 2022 data?,Is Verizon a capital intensive business based on FY 2022 data?,"Consolidated Balance Sheets Verizon Communications Inc. and Subsidiaries (dollars in millions, except per share amounts) At December 31, 2022 2021 Assets Current assets Cash and cash equivalents $ 2,605 $ 2,921 Accounts receivable 25,332 24,742 Less Allowance for credit losses 826 896 Accounts receivable, net 24,506 23,846 Inventories 2,388 3,055 Prepaid expenses and other 8,358 6,906 Total curren",insufficient_data,yes|no|insufficient_data,insufficient_data,noncommitted,,,,,,,,CONSTRUCTED GOLD - verify the masked evidence truly cannot answer the question
hqa_FB_cfe29aff_masked,financebench,financebench_id_00216,e540faa78ec4,evidence_masked_insufficient,yes_no,"Does Verizon have a reasonably healthy liquidity profile based on its quick ratio for FY 2022? If the quick ratio is not relevant to measure liquidity, please state that and explain why.","Does Verizon have a reasonably healthy liquidity profile based on its quick ratio for FY 2022? If the quick ratio is not relevant to measure liquidity, please state that and explain why.","Consolidated Balance Sheets Verizon Communications Inc. and Subsidiaries (dollars in millions, except per share amounts) At December 31, 2022 2021 Assets Current assets Cash and cash equivalents $ 2,605 $ 2,921 Accounts receivable 25,332 24,742 Less Allowance for credit losses 826 896 Accounts receivable, net 24,506 23,846 Inventories 3,055 Prepaid expenses and other 6,906 Total current assets 36,",insufficient_data,yes|no|insufficient_data,insufficient_data,noncommitted,,,,,,,,CONSTRUCTED GOLD - verify the masked evidence truly cannot answer the question
hqa_FB_d397e71d_masked,financebench,financebench_id_00651,8cfe0244c6bb,evidence_masked_insufficient,yes_no,Is growth in JnJ's adjusted EPS expected to accelerate in FY2023?,Is growth in JnJ's adjusted EPS expected to accelerate in FY2023?,2022 Fourth-Quarter reported sales decline of 4.4% to $23.7 Billion primarily driven by unfavorable foreign exchange and reduced COVID-19 Vaccine sales vs. prior year. Operational growth excluding COVID-19 Vaccine of 4.6%* 2022 Fourth-Quarter earnings per share (EPS) of $1.33 decreasing 24.9% and adjusted EPS of $2.35 increasing by 10.3%* ___________________________________________________________,insufficient_data,yes|no|insufficient_data,insufficient_data,noncommitted,,,,,,,,CONSTRUCTED GOLD - verify the masked evidence truly cannot answer the question
hqa_FB_e3f5b062_masked,financebench,financebench_id_00807,778202ec9f84,evidence_masked_insufficient,yes_no,"Does 3M have a reasonably healthy liquidity profile based on its quick ratio for Q2 of FY2023? If the quick ratio is not relevant to measure liquidity, please state that and explain why.","Does 3M have a reasonably healthy liquidity profile based on its quick ratio for Q2 of FY2023? If the quick ratio is not relevant to measure liquidity, please state that and explain why.","3M Company and Subsidiaries Consolidated Balance Sheet (Unaudited) (Dollars in millions, except per share amount) June 30, 2023 December 31, 2022 Assets Current assets Cash and cash equivalents $ 4,258 $ 3,655 Marketable securities current 56 238 Accounts receivable net of allowances of $160 and $174 4,947 4,532 Inventories Finished goods 2,526 2,497 Work in process 1,527 1,606 Raw materials and s",insufficient_data,yes|no|insufficient_data,insufficient_data,noncommitted,,,,,,,,CONSTRUCTED GOLD - verify the masked evidence truly cannot answer the question
hqa_FB_e671ffe0_masked,financebench,financebench_id_00517,a19fb9d82fe0,evidence_masked_insufficient,yes_no,Are there any product categories / service categories that represent more than 20% of Boeing's revenue for FY2022?,Are there any product categories / service categories that represent more than 20% of Boeing's revenue for FY2022?,"The Boeing Company and Subsidiaries Notes to the Consolidated Financial Statements Summary of Business Segment Data (Dollars in millions) Years ended December 31, 2022 2021 2020 Revenues: Commercial Airplanes $19,493 $16,162 Defense, Space & Security 26,540 26,257 Global Services 16,328 15,543 Boeing Capital 199 272 261 Unallocated items, eliminations and other (231) (347) (65) Total revenues $62,",insufficient_data,yes|no|insufficient_data,insufficient_data,noncommitted,,,,,,,,CONSTRUCTED GOLD - verify the masked evidence truly cannot answer the question
hqa_FB_f0c3b380_masked,financebench,financebench_id_00956,c013686c5ffb,evidence_masked_insufficient,yes_no,Are JnJ's FY2022 financials that of a high growth company?,Are JnJ's FY2022 financials that of a high growth company?,"Results of Operations Analysis of Consolidated Sales For discussion on results of operations and financial condition pertaining to the fiscal years 2021 and 2020 see the Companys Annual Report on Form 10- K for the fiscal year ended January 2, 2022, Item 7. Management's Discussion and Analysis of Results of Operations and Financial Condition. Sales increase/(decrease) due to: 2022 2021 Volume 6.9 ",insufficient_data,yes|no|insufficient_data,insufficient_data,noncommitted,,,,,,,,CONSTRUCTED GOLD - verify the masked evidence truly cannot answer the question
hqa_FQ_1a22ef34_masked,finqa,ETR/2016/page_396.pdf-4,dd570e5c6444,evidence_masked_insufficient,directional_change,"what is the growth rate in net revenue in 2016 for entergy new orleans , inc?","what is the growth rate in net revenue in 2016 for entergy new orleans , inc?","entergy new orleans , inc . and subsidiaries management 2019s financial discussion and analysis results of operations net income 2016 compared to 2015 net income increased $ 3.9 million primarily due to higher net revenue , partially offset by higher depreciation and amortization expenses , higher interest expense , and lower other income . 2015 compared to 2014 net income increased $ 13.9 million",insufficient_data,increased|decreased|roughly_unchanged|insufficient_data,roughly_unchanged|insufficient_data,noncommitted,,,,,,,,CONSTRUCTED GOLD - verify the masked evidence truly cannot answer the question
hqa_FQ_23b54354_masked,finqa,SNA/2018/page_33.pdf-1,395d78b98988,evidence_masked_insufficient,directional_change,what was the percent change in the snap-on performance from 2015 to 2016,what was the percent change in the snap-on performance from 2015 to 2016,"2018 annual report 23 five-year stock performance graph the graph below illustrates the cumulative total shareholder return on snap-on common stock since december 31 , 2013 , of a $ 100 investment , assuming that dividends were reinvested quarterly . the graph compares snap-on 2019s performance to that of the standard & poor 2019s 500 industrials index ( 201cs&p 500 industrials 201d ) and standard",insufficient_data,increased|decreased|roughly_unchanged|insufficient_data,roughly_unchanged|insufficient_data,noncommitted,,,,,,,,CONSTRUCTED GOLD - verify the masked evidence truly cannot answer the question
hqa_FQ_23de6e2d_masked,finqa,RSG/2010/page_135.pdf-1,231121e36937,evidence_masked_insufficient,directional_change,from 2009 to 2010 what was the percentage change in the expected volatility,from 2009 to 2010 what was the percentage change in the expected volatility,"2006 plan prior to december 5 , 2008 became fully vested and nonforfeitable upon the closing of the acquisition . awards may be granted under the 2006 plan , as amended and restated , after december 5 , 2008 only to employees and consultants of allied waste industries , inc . and its subsidiaries who were not employed by republic services , inc . prior to such date . at december 31 , 2010 , there ",insufficient_data,increased|decreased|roughly_unchanged|insufficient_data,roughly_unchanged|insufficient_data,noncommitted,,,,,,,,CONSTRUCTED GOLD - verify the masked evidence truly cannot answer the question
hqa_FQ_2bcd94c6_masked,finqa,RSG/2016/page_69.pdf-2,bd2ca82b5cbb,evidence_masked_insufficient,directional_change,"what was the ratio of the changes in assets and liabilities , net of effects from business acquisitions and divestitures in 2016 to 2015","what was the ratio of the changes in assets and liabilities , net of effects from business acquisitions and divestitures in 2016 to 2015","liquidity and capital resources the major components of changes in cash flows for 2016 , 2015 and 2014 are discussed in the following paragraphs . the following table summarizes our cash flow from operating activities , investing activities and financing activities for the years ended december 31 , 2016 , 2015 and 2014 ( in millions of dollars ) : . | 2016 | 2015 | 2014 net cash provided by operat",insufficient_data,increased|decreased|roughly_unchanged|insufficient_data,roughly_unchanged|insufficient_data,noncommitted,,,,,,,,CONSTRUCTED GOLD - verify the masked evidence truly cannot answer the question
hqa_FQ_2eaf4c8c_masked,finqa,ETR/2004/page_216.pdf-4,9da325cd2c9c,evidence_masked_insufficient,directional_change,what is the percent change in receivables from or ( payables to ) the money pool from 2001 to 2002?,what is the percent change in receivables from or ( payables to ) the money pool from 2001 to 2002?,"entergy louisiana , inc . management's financial discussion and analysis setting any of entergy louisiana's rates . therefore , to the extent entergy louisiana's use of the proceeds would ordinarily have reduced its rate base , no change in rate base shall be reflected for ratemaking purposes . the sec approval for additional return of equity capital is now expired . entergy louisiana's receivable",insufficient_data,increased|decreased|roughly_unchanged|insufficient_data,roughly_unchanged|insufficient_data,noncommitted,,,,,,,,CONSTRUCTED GOLD - verify the masked evidence truly cannot answer the question
hqa_FQ_34845583_masked,finqa,C/2009/page_195.pdf-1,a78944475bb1,evidence_masked_insufficient,directional_change,what was the percentage change in the allowance for loan losses from 2008 to 2009?,what was the percentage change in the allowance for loan losses from 2008 to 2009?,18 . allowance for credit losses . in millions of dollars | 2009 | 2008 ( 1 ) | 2007 ( 1 ) gross credit losses | -32784 ( 32784 ) | -20760 ( 20760 ) | -11864 ( 11864 ) gross recoveries | 2043 | 1749 | 1938 net credit ( losses ) recoveries ( ncls ) | $ -30741 ( 30741 ) | $ -19011 ( 19011 ) | $ -9926 ( 9926 ) ncls | $ 30741 | $ 19011 | $ 9926 net reserve builds ( releases ) | 5741 | 11297 | 6550 net,insufficient_data,increased|decreased|roughly_unchanged|insufficient_data,roughly_unchanged|insufficient_data,noncommitted,,,,,,,,CONSTRUCTED GOLD - verify the masked evidence truly cannot answer the question
hqa_FQ_425a8ac9_masked,finqa,PNC/2007/page_93.pdf-1,785584206bce,evidence_masked_insufficient,directional_change,"what was the change in commercial commitments net of participations , assignments and syndications , primarily to financial services companies in 2007 compared to 2006 in billions?","what was the change in commercial commitments net of participations , assignments and syndications , primarily to financial services companies in 2007 compared to 2006 in billions?","net unfunded credit commitments . december 31 - in millions | 2007 | 2006 commercial | $ 39171 | $ 31009 consumer | 10875 | 10495 commercial real estate | 2734 | 2752 other | 567 | 579 total | $ 53347 | $ 44835 commitments to extend credit represent arrangements to lend funds subject to specified contractual conditions . commitments generally have fixed expiration dates , may require payment of a ",insufficient_data,increased|decreased|roughly_unchanged|insufficient_data,roughly_unchanged|insufficient_data,noncommitted,,,,,,,,CONSTRUCTED GOLD - verify the masked evidence truly cannot answer the question
hqa_FQ_5991646d_masked,finqa,UAA/2016/page_82.pdf-4,c123804643c6,evidence_masked_insufficient,directional_change,"what was the percentage change in rent expenses included in selling , general and administrative expense from 2015 to 2016?","what was the percentage change in rent expenses included in selling , general and administrative expense from 2015 to 2016?","interest expense , net was $ 26.4 million , $ 14.6 million , and $ 5.3 million for the years ended december 31 , 2016 , 2015 and 2014 , respectively . interest expense includes the amortization of deferred financing costs , bank fees , capital and built-to-suit lease interest and interest expense under the credit and other long term debt facilities . amortization of deferred financing costs was $ ",insufficient_data,increased|decreased|roughly_unchanged|insufficient_data,roughly_unchanged|insufficient_data,noncommitted,,,,,,,,CONSTRUCTED GOLD - verify the masked evidence truly cannot answer the question
hqa_FQ_6b2ec826_masked,finqa,ETR/2011/page_22.pdf-1,fcbeeddf4d0e,evidence_masked_insufficient,directional_change,what is the net change in amount of net revenue from 2009 to 2010?,what is the net change in amount of net revenue from 2009 to 2010?,entergy corporation and subsidiaries management's financial discussion and analysis refer to 201cselected financial data - five-year comparison of entergy corporation and subsidiaries 201d which accompanies entergy corporation 2019s financial statements in this report for further information with respect to operating statistics . in november 2007 the board approved a plan to pursue a separation of,insufficient_data,increased|decreased|roughly_unchanged|insufficient_data,roughly_unchanged|insufficient_data,noncommitted,,,,,,,,CONSTRUCTED GOLD - verify the masked evidence truly cannot answer the question
hqa_FQ_812860fd_masked,finqa,AAPL/2013/page_27.pdf-4,f02ca6d99d68,evidence_masked_insufficient,directional_change,what was the cumulative change in value for apple inc . between 2008 and 2013?,what was the cumulative change in value for apple inc . between 2008 and 2013?,"table of contents company stock performance the following graph shows a five-year comparison of cumulative total shareholder return , calculated on a dividend reinvested basis , for the company , the s&p 500 index , the s&p computer hardware index , and the dow jones u.s . technology supersector index . the graph assumes $ 100 was invested in each of the company 2019s common stock , the s&p 500 in",insufficient_data,increased|decreased|roughly_unchanged|insufficient_data,roughly_unchanged|insufficient_data,noncommitted,,,,,,,,CONSTRUCTED GOLD - verify the masked evidence truly cannot answer the question
hqa_FQ_885e23fc_masked,finqa,PKG/2004/page_21.pdf-4,ba2c0c9ddfda,evidence_masked_insufficient,directional_change,what was the percentage change in net sales between 2003 and 2004?,what was the percentage change in net sales between 2003 and 2004?,"instruments at fair value and to recognize the effective and ineffective portions of the cash flow hedges . ( 2 ) for the year ended december 31 , 2000 , earnings available to common stockholders includes reductions of $ 2371 of preferred stock dividends and $ 16266 for the redemption of pca 2019s 123 20448% ( 20448 % ) preferred stock . ( 3 ) on october 13 , 2003 , pca announced its intention to ",insufficient_data,increased|decreased|roughly_unchanged|insufficient_data,roughly_unchanged|insufficient_data,noncommitted,,,,,,,,CONSTRUCTED GOLD - verify the masked evidence truly cannot answer the question
hqa_FQ_8f9f444a_masked,finqa,ETR/2008/page_356.pdf-2,b576bd081779,evidence_masked_insufficient,directional_change,what percent of the net change in revenue between 2006 and 2007 was due to fuel recovery?,what percent of the net change in revenue between 2006 and 2007 was due to fuel recovery?,"entergy new orleans , inc . management's financial discussion and analysis 2007 compared to 2006 net revenue consists of operating revenues net of : 1 ) fuel , fuel-related expenses , and gas purchased for resale , 2 ) purchased power expenses , and 3 ) other regulatory charges . following is an analysis of the change in net revenue comparing 2007 to 2006 . amount ( in millions ) . | amount ( in m",insufficient_data,increased|decreased|roughly_unchanged|insufficient_data,roughly_unchanged|insufficient_data,noncommitted,,,,,,,,CONSTRUCTED GOLD - verify the masked evidence truly cannot answer the question
hqa_FQ_91e8b620_masked,finqa,SLB/2011/page_41.pdf-1,88b4c6256a9f,evidence_masked_insufficient,directional_change,what was the growth rate of the schlumberger interest expense from 2010 to 2011,what was the growth rate of the schlumberger interest expense from 2010 to 2011,"equity in net earnings of affiliated companies equity income from the m-i swaco joint venture in 2010 represents eight months of equity income through the closing of the smith transaction . interest expense of $ 207 million in 2010 decreased by $ 14 million compared to 2009 primarily due to a decline in the weighted average borrowing rates , from 3.9% ( 3.9 % ) to 3.2% ( 3.2 % ) . research & engin",insufficient_data,increased|decreased|roughly_unchanged|insufficient_data,roughly_unchanged|insufficient_data,noncommitted,,,,,,,,CONSTRUCTED GOLD - verify the masked evidence truly cannot answer the question
hqa_FQ_aa3e2bfa_masked,finqa,PM/2015/page_103.pdf-3,7e26b52ee4ff,evidence_masked_insufficient,directional_change,what is the change in liability balance during 2014?,what is the change in liability balance during 2014?,"movement in exit cost liabilities the movement in exit cost liabilities for pmi was as follows : ( in millions ) . charges net | 391 cash spent | -360 ( 360 ) currency/other | -69 ( 69 ) charges net | 68 cash spent | -232 ( 232 ) currency/other | -52 ( 52 ) liability balance december 31 2015 | $ 54 cash payments related to exit costs at pmi were $ 232 million , $ 360 million and $ 21 million for t",insufficient_data,increased|decreased|roughly_unchanged|insufficient_data,roughly_unchanged|insufficient_data,noncommitted,,,,,,,,CONSTRUCTED GOLD - verify the masked evidence truly cannot answer the question
hqa_FQ_ad4c0377_masked,finqa,ETFC/2007/page_135.pdf-1,bf013cba27d6,evidence_masked_insufficient,directional_change,what was the percentage change in total contribution expense under the plan between 2005 and 2006?,what was the percentage change in total contribution expense under the plan between 2005 and 2006?,"prior to its adoption of sfas no . 123 ( r ) , the company recorded compensation expense for restricted stock awards on a straight-line basis over their vesting period . if an employee forfeited the award prior to vesting , the company reversed out the previously expensed amounts in the period of forfeiture . as required upon adoption of sfas no . 123 ( r ) , the company must base its accruals of ",insufficient_data,increased|decreased|roughly_unchanged|insufficient_data,roughly_unchanged|insufficient_data,noncommitted,,,,,,,,CONSTRUCTED GOLD - verify the masked evidence truly cannot answer the question
hqa_FQ_b111cf56_masked,finqa,RE/2017/page_41.pdf-4,a276756ea810,evidence_masked_insufficient,directional_change,what was the change pre-tax catastrophe losses from 2016 to 2017 in thousands,what was the change pre-tax catastrophe losses from 2016 to 2017 in thousands,"item 1a . risk factors in addition to the other information provided in this report , the following risk factors should be considered when evaluating an investment in our securities . if the circumstances contemplated by the individual risk factors materialize , our business , financial condition and results of operations could be materially and adversely affected and the trading price of our comm",insufficient_data,increased|decreased|roughly_unchanged|insufficient_data,roughly_unchanged|insufficient_data,noncommitted,,,,,,,,CONSTRUCTED GOLD - verify the masked evidence truly cannot answer the question
hqa_FQ_b1848266_masked,finqa,RCL/2018/page_38.pdf-1,a9022bed654f,evidence_masked_insufficient,directional_change,what was the percentage change in the royal caribbean cruises ltd . performance from 2014 to 2015,what was the percentage change in the royal caribbean cruises ltd . performance from 2014 to 2015,"table of contents performance graph the following graph compares the total return , assuming reinvestment of dividends , on an investment in the company , based on performance of the company's common stock , with the total return of the standard & poor's 500 composite stock index ( ""s&p 500"" ) and the dow jones united states travel and leisure index for a five year period by measuring the changes ",insufficient_data,increased|decreased|roughly_unchanged|insufficient_data,roughly_unchanged|insufficient_data,noncommitted,,,,,,,,CONSTRUCTED GOLD - verify the masked evidence truly cannot answer the question
hqa_FQ_b48cf832_masked,finqa,INTC/2016/page_100.pdf-1,e9836ea924fa,evidence_masked_insufficient,directional_change,what is the net change in accumulated other comprehensive income during 2015?,what is the net change in accumulated other comprehensive income during 2015?,intel corporation notes to consolidated financial statements ( continued ) note 16 : other comprehensive income ( loss ) the changes in accumulated other comprehensive income ( loss ) by component and related tax effects for each period were as follows : ( in millions ) unrealized holding ( losses ) on available- for-sale investments deferred tax asset valuation allowance unrealized holding ( loss,insufficient_data,increased|decreased|roughly_unchanged|insufficient_data,roughly_unchanged|insufficient_data,noncommitted,,,,,,,,CONSTRUCTED GOLD - verify the masked evidence truly cannot answer the question
hqa_FQ_ba35f749_masked,finqa,AAP/2016/page_96.pdf-2,a95494656525,evidence_masked_insufficient,directional_change,what is the percentage change in the balance of allowance for doubtful accounts receivable during 2015?,what is the percentage change in the balance of allowance for doubtful accounts receivable during 2015?,"advance auto parts , inc . these amounts did not impact the company 2019s statement of operations for any year presented . note : other valuation and qualifying accounts have not been reported in this schedule because they are either not applicable or because the information has been included elsewhere in this report. . allowance for doubtful accounts receivable: | balance atbeginningof period | c",insufficient_data,increased|decreased|roughly_unchanged|insufficient_data,roughly_unchanged|insufficient_data,noncommitted,,,,,,,,CONSTRUCTED GOLD - verify the masked evidence truly cannot answer the question
hqa_FQ_c3975ba4_masked,finqa,ETR/2009/page_24.pdf-1,ff528cf8b7f7,evidence_masked_insufficient,directional_change,what is the change in percentage points in debt-to-capital ratio from 2008 to 2009?,what is the change in percentage points in debt-to-capital ratio from 2008 to 2009?,"entergy corporation and subsidiaries management's financial discussion and analysis methodology of computing massachusetts state income taxes resulting from legislation passed in the third quarter 2008 , which resulted in an income tax benefit of approximately $ 18.8 million . these factors were partially offset by : income taxes recorded by entergy power generation , llc , prior to its liquidatio",insufficient_data,increased|decreased|roughly_unchanged|insufficient_data,roughly_unchanged|insufficient_data,noncommitted,,,,,,,,CONSTRUCTED GOLD - verify the masked evidence truly cannot answer the question
hqa_FQ_c635a8df_masked,finqa,ETR/2008/page_337.pdf-3,3995d335af37,evidence_masked_insufficient,directional_change,what percent of the change in revenue was due to volume/weather?,what percent of the change in revenue was due to volume/weather?,"entergy mississippi , inc . management's financial discussion and analysis the net wholesale revenue variance is primarily due to lower profit on joint account sales and reduced capacity revenue from the municipal energy agency of mississippi . gross operating revenues , fuel and purchased power expenses , and other regulatory charges gross operating revenues increased primarily due to an increase",insufficient_data,increased|decreased|roughly_unchanged|insufficient_data,roughly_unchanged|insufficient_data,noncommitted,,,,,,,,CONSTRUCTED GOLD - verify the masked evidence truly cannot answer the question
hqa_FQ_cb2951cf_masked,finqa,GPN/2017/page_88.pdf-2,cb19e3a69798,evidence_masked_insufficient,directional_change,what was the net change in the valuation allowance in thousands between 2014 and 2015?,what was the net change in the valuation allowance in thousands between 2014 and 2015?,"a valuation allowance is provided against deferred tax assets when it is more likely than not that some portion or all of the deferred tax assets will not be realized . changes to our valuation allowance during the year ended december 31 , 2017 , the 2016 fiscal transition period and the years ended may 31 , 2016 and 2015 are summarized below ( in thousands ) : . utilization of foreign net operati",insufficient_data,increased|decreased|roughly_unchanged|insufficient_data,roughly_unchanged|insufficient_data,noncommitted,,,,,,,,CONSTRUCTED GOLD - verify the masked evidence truly cannot answer the question
hqa_FQ_df7f0bda_masked,finqa,GS/2013/page_47.pdf-2,2e7d8be96c18,evidence_masked_insufficient,directional_change,what is the percentage change in staff number in 2013?,what is the percentage change in staff number in 2013?,"management 2019s discussion and analysis net interest income 2013 versus 2012 . net interest income on the consolidated statements of earnings was $ 3.39 billion for 2013 , 13% ( 13 % ) lower than 2012 . the decrease compared with 2012 was primarily due to lower average yields on financial instruments owned , at fair value , partially offset by lower interest expense on financial instruments sold ",insufficient_data,increased|decreased|roughly_unchanged|insufficient_data,roughly_unchanged|insufficient_data,noncommitted,,,,,,,,CONSTRUCTED GOLD - verify the masked evidence truly cannot answer the question
hqa_FQ_e59a4f4f_masked,finqa,ETR/2016/page_315.pdf-2,75d6fd3cb375,evidence_masked_insufficient,directional_change,"what is the net change in net revenue during 2016 for entergy arkansas , inc.?","what is the net change in net revenue during 2016 for entergy arkansas , inc.?","entergy arkansas , inc . and subsidiaries management 2019s financial discussion and analysis results of operations net income 2016 compared to 2015 net income increased $ 92.9 million primarily due to higher net revenue and lower other operation and maintenance expenses , partially offset by a higher effective income tax rate and higher depreciation and amortization expenses . 2015 compared to 201",insufficient_data,increased|decreased|roughly_unchanged|insufficient_data,roughly_unchanged|insufficient_data,noncommitted,,,,,,,,CONSTRUCTED GOLD - verify the masked evidence truly cannot answer the question
hqa_FQ_fa1ef8b2_masked,finqa,AON/2009/page_102.pdf-1,0a3633a42a0f,evidence_masked_insufficient,directional_change,what was the change in the stock compensation plans rsu in millions from 2007 to 2008,what was the change in the stock compensation plans rsu in millions from 2007 to 2008,14 . stock compensation plans the following table summarizes stock-based compensation expense recognized in continuing operations in the consolidated statements of income in compensation and benefits ( in millions ) : . years ended december 31 | 2009 | 2008 | 2007 performance plans | 60 | 67 | 54 stock options | 21 | 24 | 22 employee stock purchase plans | 4 | 3 | 3 total stock-based compensation ,insufficient_data,increased|decreased|roughly_unchanged|insufficient_data,roughly_unchanged|insufficient_data,noncommitted,,,,,,,,CONSTRUCTED GOLD - verify the masked evidence truly cannot answer the question
hqa_TAT_05876add_masked,tatqa,35dac8cf-104c-4f5c-ab03-361cea5e42fb,035ffd99e8ff,evidence_masked_insufficient,directional_change,What was the change in the cash at bank?,What was the change in the cash at bank?,"| 2019 | 2018 | $ million | $ million Short-term bank deposits | 79.3 | 63.9 | 183.2 | 121.6 22. Cash and cash equivalents Cash at bank earns interest at floating interest rates. Of the total cash and cash equivalents balance, $79.3 million (2018 $63.9 million) is callable at notice of three months or less at the date of investment. Short-term bank deposits are made for varying periods of between ",insufficient_data,increased|decreased|roughly_unchanged|insufficient_data,roughly_unchanged|insufficient_data,noncommitted,,,,,,,,CONSTRUCTED GOLD - verify the masked evidence truly cannot answer the question
hqa_TAT_19b2dd4a_masked,tatqa,2653a50b-6ee7-4b05-ab4c-89166cc5ae25,af47664dff4d,evidence_masked_insufficient,directional_change,What was the change in METRO AG in 2019 from 2018?,What was the change in METRO AG in 2019 from 2018?,"| 2018 | 2019 METRO | 86,239 | 82,979 METRO Germany | 11,816 | 11,760 METRO Western Europe (excl.Germany) | 24,073 | 24,044 METRO Russia | 13,884 | 12,288 METRO Eastern Europe (excl.Russia) | 28,264 | 27,589 METRO Asia | 8,202 | 7,298 Others | 6,916 | 7,067 Total | 94,018 | 90,883 DEVELOPMENT OF EMPLOYEE NUMBERS BY SEGMENTS Full-time equivalents1 as of the closing date of 30/9 1 Excluding METRO Ch",insufficient_data,increased|decreased|roughly_unchanged|insufficient_data,roughly_unchanged|insufficient_data,noncommitted,,,,,,,,CONSTRUCTED GOLD - verify the masked evidence truly cannot answer the question
hqa_TAT_1e9ec6bd_masked,tatqa,7fd23716-2942-453c-b760-9d1734ffa0f5,ea60354a544f,evidence_masked_insufficient,directional_change,What was the change in deferred tax asset in 2019 from 2018?,What was the change in deferred tax asset in 2019 from 2018?,"| 2019 | 2018 | £m | £m Amounts owed by Group undertakings | 414.7 | 439.9 Total | 415.9 | 440.7 4. Debtors Amounts owed by Group undertakings are non-interest-bearing, unsecured and have no fixed date of repayment.",insufficient_data,increased|decreased|roughly_unchanged|insufficient_data,roughly_unchanged|insufficient_data,noncommitted,,,,,,,,CONSTRUCTED GOLD - verify the masked evidence truly cannot answer the question
hqa_TAT_1eb0a8a9_masked,tatqa,de7b97f1-130a-4f37-b2e0-34fe3ce7b5e1,174553b34c1a,evidence_masked_insufficient,directional_change,What was the percentage change in Foreign in 2019 from 2018?,What was the percentage change in Foreign in 2019 from 2018?,"| | Years Ended June 30, | ($ in millions) | 2019 | 2018 | 2017 Domestic | $204.2 | $140.3 | $56.0 Income before income taxes | $216.0 | $160.2 | $70.2 17. Income Taxes Income before income taxes for the Company’s domestic and foreign operations was as follows:",insufficient_data,increased|decreased|roughly_unchanged|insufficient_data,roughly_unchanged|insufficient_data,noncommitted,,,,,,,,CONSTRUCTED GOLD - verify the masked evidence truly cannot answer the question
hqa_TAT_1f0fd903_masked,tatqa,551232e7-5061-439c-8272-f2e92422eb82,b08c5aa917bb,evidence_masked_insufficient,directional_change,What is the change in non-current accrued benefit liability between 2018 and 2019?,What is the change in non-current accrued benefit liability between 2018 and 2019?,"| September 30, | | 2019 | 2018 | (Amounts in thousands) | Current accrued benefit liability | $335 | $340 Total accrued benefit liability | $7,239 | $6,508 Plans with projected benefit obligations in excess of plan assets are attributable to unfunded domestic supplemental retirement plans, and our U.K. retirement plan. Accrued benefit liability reported as: As of September 30, 2019 and 2018, the ",insufficient_data,increased|decreased|roughly_unchanged|insufficient_data,roughly_unchanged|insufficient_data,noncommitted,,,,,,,,CONSTRUCTED GOLD - verify the masked evidence truly cannot answer the question
hqa_TAT_30ff91f5_masked,tatqa,0dc550d6-ba0a-4f46-b606-b102f5441631,f0a98cf1c787,evidence_masked_insufficient,directional_change,What was the change in raw materials between 2018 and 2019?,What was the change in raw materials between 2018 and 2019?,"| March 31, | | 2019 | 2018 Work in process | 413.0 | 311.8 Finished goods | 224.2 | 138.4 Total inventories | $711.7 | $476.2 Inventories The components of inventories consist of the following (in millions): Inventories are valued at the lower of cost and net realizable value using the first-in, first-out method. Inventory impairment charges establish a new cost basis for inventory and charges ar",insufficient_data,increased|decreased|roughly_unchanged|insufficient_data,roughly_unchanged|insufficient_data,noncommitted,,,,,,,,CONSTRUCTED GOLD - verify the masked evidence truly cannot answer the question
hqa_TAT_3f358251_masked,tatqa,d7f780dc-aea1-414f-a826-0f036d1af3b8,302ccf29ca16,evidence_masked_insufficient,directional_change,What was the percentage change in social security costs in 2019 from 2018?,What was the percentage change in social security costs in 2019 from 2018?,| 2019 | 2018 | £m | £m Wages and salaries | 345.6 | 325.9 Pension costs | 21.5 | 19.3 Total payroll costs | 438.7 | 403.9 5 Staff costs and numbers The aggregate payroll costs of persons employed by the Group were as follows:,insufficient_data,increased|decreased|roughly_unchanged|insufficient_data,roughly_unchanged|insufficient_data,noncommitted,,,,,,,,CONSTRUCTED GOLD - verify the masked evidence truly cannot answer the question
hqa_TAT_4e15b114_masked,tatqa,3fcf5adf-273a-4265-a488-c524c0881937,2c63ac5c6d4c,evidence_masked_insufficient,directional_change,What was the change in the amount of Net debt and IFRS 16 lease liabilities from 2018 to 2019?,What was the change in the amount of Net debt and IFRS 16 lease liabilities from 2018 to 2019?,| 2019 | 2018 | £m | £m Net debt | 295.2 | 235.8 IFRS 16 lease liabilities | 38.9 | – Net debt including IFRS 16 lease liabilities A reconciliation between net debt and net debt including IFRS 16 lease liabilities is given below. A breakdown of the balances that are included within net debt is given within Note 24. Net debt excludes IFRS 16 lease liabilities to enable comparability with prior year,insufficient_data,increased|decreased|roughly_unchanged|insufficient_data,roughly_unchanged|insufficient_data,noncommitted,,,,,,,,CONSTRUCTED GOLD - verify the masked evidence truly cannot answer the question
hqa_TAT_55755d65_masked,tatqa,7b7108df-3586-4bb4-9d65-67a3a408d543,93150741ba95,evidence_masked_insufficient,directional_change,What was the percentage change in the Total non-current trade and other payables in 2019 from 2018?,What was the percentage change in the Total non-current trade and other payables in 2019 from 2018?,| 31 March 2019 | 31 March 2018 | $M | $M Current | | Trade payables | 35.8 | 39.6 Accruals | 46.6 | 68.4 Social security and other taxes | 12.7 | 14.9 Other payables | 7.1 | 11.2 Total current trade and other payables | 102.2 | 134.1 Non-Current | | 22 Trade and Other Payables Trade payables are non interest-bearing and are normally settled on 30-day terms or as otherwise agreed with suppliers.,insufficient_data,increased|decreased|roughly_unchanged|insufficient_data,roughly_unchanged|insufficient_data,noncommitted,,,,,,,,CONSTRUCTED GOLD - verify the masked evidence truly cannot answer the question
hqa_TAT_5ce27434_masked,tatqa,6280d80a-8042-4404-93f4-67a8e26082f9,e76454faa731,evidence_masked_insufficient,directional_change,What is the percentage change in the total unamortized compensation cost related to employee purchases under the ESPP the company expects to recognise between 2018 and 2019?,What is the percentage change in the total unamortized compensation cost related to employee purchases under the ESPP the company expects to recognise between 2018 and 2019?,| | Year ended December 31 | | 2019 | 2018 | 2017 Expected life (in years) | 0.5 | 0.5 | 0.5 Volatility | 36% - 37% | 33% - 40% | 29% - 37% Risk-free interest rate | 1.58 - 2.43% | 1.76% - 2.50% | 0.76% - 1.16% Dividend yield | - % | - % | - % The fair value of the option component of the ESPP shares was estimated at the grant date using the Black-Scholes option pricing model with the following we,insufficient_data,increased|decreased|roughly_unchanged|insufficient_data,roughly_unchanged|insufficient_data,noncommitted,,,,,,,,CONSTRUCTED GOLD - verify the masked evidence truly cannot answer the question
hqa_TAT_6ada4621_masked,tatqa,33e1f138-3e4e-4ec6-a92a-9853bcec45b7,9e276557285f,evidence_masked_insufficient,directional_change,"What is the change between Foreign exchange forward contracts purchased for March 29, 2019 and March 30, 2018?","What is the change between Foreign exchange forward contracts purchased for March 29, 2019 and March 30, 2018?","(In millions) | March 29, 2019 | March 30, 2018 Net investment hedges | | Foreign exchange forward contracts sold | $116 | $— Balance sheet contracts | | Foreign exchange forward contracts sold | $122 | $151 The fair value of our foreign exchange forward contracts is presented on a gross basis in our Condensed Consolidated Balance Sheets. To mitigate losses in the event of nonperformance by counte",insufficient_data,increased|decreased|roughly_unchanged|insufficient_data,roughly_unchanged|insufficient_data,noncommitted,,,,,,,,CONSTRUCTED GOLD - verify the masked evidence truly cannot answer the question
hqa_TAT_7cc28393_masked,tatqa,33e2cec1-a31d-4782-90ae-0995e9d16547,f965184a0918,evidence_masked_insufficient,directional_change,What is the percentage change in the current accrued benefit liability between 2018 and 2019?,What is the percentage change in the current accrued benefit liability between 2018 and 2019?,"| September 30, | | 2019 | 2018 | (Amounts in thousands) | Non-current accrued benefit liability | 6,904 | 6,168 Total accrued benefit liability | $7,239 | $6,508 Plans with projected benefit obligations in excess of plan assets are attributable to unfunded domestic supplemental retirement plans, and our U.K. retirement plan. Accrued benefit liability reported as: As of September 30, 2019 and 2018",insufficient_data,increased|decreased|roughly_unchanged|insufficient_data,roughly_unchanged|insufficient_data,noncommitted,,,,,,,,CONSTRUCTED GOLD - verify the masked evidence truly cannot answer the question
hqa_TAT_819756ff_masked,tatqa,cbde27b6-5c33-4d93-a59b-b0881a27da1f,6d6e8485ded3,evidence_masked_insufficient,directional_change,What was the percentage change in Interest expense in 2019 from 2018?,What was the percentage change in Interest expense in 2019 from 2018?,"| 2019 | 2018 | 2018-2019 Change | | (in millions) | Interest income | $(24.8) | $(26.7) | $1.9 Other (income) expense, net | 29.5 | 1.4 | 28.1 Interest and Other Interest income decreased by $1.9 million from 2018 to 2019 due primarily to lower cash and marketable securities balances in 2019. Interest expense decreased by $8.2 million from 2018 to 2019 due primarily to unrealized losses on equity",insufficient_data,increased|decreased|roughly_unchanged|insufficient_data,roughly_unchanged|insufficient_data,noncommitted,,,,,,,,CONSTRUCTED GOLD - verify the masked evidence truly cannot answer the question
hqa_TAT_83225fed_masked,tatqa,42b056e9-665f-4d90-8876-826757889087,4edb84a17191,evidence_masked_insufficient,directional_change,"What was the change in the Property and equipment, net from 2018 to 2019?","What was the change in the Property and equipment, net from 2018 to 2019?","December 31, | | | 2019 | 2018 Computer equipment and purchased software | $3,011 | $3,167 Machinery and equipment | 699 | 821 Furniture and fixtures | 1,115 | 1,113 Leasehold improvements (1) | 3,897 | 3,897 Total | 8,722 | 8,998 Less accumulated depreciation and amortization (1) | (7,496) | (6,655) Property and Equipment Property and equipment are as follows (in thousands): (1) In the fourth qua",insufficient_data,increased|decreased|roughly_unchanged|insufficient_data,roughly_unchanged|insufficient_data,noncommitted,,,,,,,,CONSTRUCTED GOLD - verify the masked evidence truly cannot answer the question
hqa_TAT_863ac028_masked,tatqa,08885f18-ca2c-4e92-8c32-70916adef5fe,2c99a0e8fa3b,evidence_masked_insufficient,directional_change,What is the percentage change in the net value of property and equipment between 2018 and 2019?,What is the percentage change in the net value of property and equipment between 2018 and 2019?,"As of December 31, | | | 2019 | 2018 Computers, software, furniture and fixtures | $1,406 | $1,407 Equipment under capital lease 3,348 | 3,348 | 3,525 Less accumulated depreciation and amortization | (3,171) | (2,448) 4. Property and Equipment Property and equipment consist of the following (in thousands): Depreciation and amortization expense was $0.9 million and $1.0 million for the years ended ",insufficient_data,increased|decreased|roughly_unchanged|insufficient_data,roughly_unchanged|insufficient_data,noncommitted,,,,,,,,CONSTRUCTED GOLD - verify the masked evidence truly cannot answer the question
hqa_TAT_924db34b_masked,tatqa,cca74d6f-5b53-4928-8534-4ddc1453522c,8a1ebdc28ae1,evidence_masked_insufficient,directional_change,What is the percentage change in the fair market value between 2018 and 2019?,What is the percentage change in the fair market value between 2018 and 2019?,"| | | April 30, 2019 | | Cost | Gross Unrealized Gains | Gross Unrealized Losses | Fair Market Value | | | April 30, 2018 | | Cost | Gross Unrealized Gains | Gross Unrealized Losses | Fair Market Value 8. Marketable Securities The cost, gross unrealized gains, gross unrealized losses and fair market value of available-for-sale securities at April 30, 2019 and 2018, respectively, were as follows (i",insufficient_data,increased|decreased|roughly_unchanged|insufficient_data,roughly_unchanged|insufficient_data,noncommitted,,,,,,,,CONSTRUCTED GOLD - verify the masked evidence truly cannot answer the question
hqa_TAT_9410c4da_masked,tatqa,dc7bfc5a-cd41-4f16-be0d-7ca2d2b89eac,b5a942453fc0,evidence_masked_insufficient,directional_change,What is the percentage change in the pension discount rate for actuarial benefit obligations between 2018 and 2019?,What is the percentage change in the pension discount rate for actuarial benefit obligations between 2018 and 2019?,"As at December 31, | Pension 2019 | Other 2019 | Pension 2018 | Other 2018 Actuarial benefit obligation | | | | Benefit costs for the year ended | | | | Discount rate | 3.90% | 3.90% to 4.00% | 3.60% | 3.25% to 3.60% Future salary growth | 2.50% | N/A | 2.50% | N/A Health care cost trend rate | N/A | 3.49% to 5.49% | N/A | 4.50% Other medical trend rates | N/A | 4.00% to 4.56% | N/A | 4.50% The fo",insufficient_data,increased|decreased|roughly_unchanged|insufficient_data,roughly_unchanged|insufficient_data,noncommitted,,,,,,,,CONSTRUCTED GOLD - verify the masked evidence truly cannot answer the question
hqa_TAT_a757ebed_masked,tatqa,77191f82-0a18-4050-8911-bff9f1a401d9,4c6b8c08a376,evidence_masked_insufficient,directional_change,What was the percentage change in total inventories between 2018 and 2019?,What was the percentage change in total inventories between 2018 and 2019?,"| March 31, | | 2019 | 2018 Raw materials | $74.5 | $26.0 Work in process | 413.0 | 311.8 Finished goods | 224.2 | 138.4 Inventories The components of inventories consist of the following (in millions): Inventories are valued at the lower of cost and net realizable value using the first-in, first-out method. Inventory impairment charges establish a new cost basis for inventory and charges are not ",insufficient_data,increased|decreased|roughly_unchanged|insufficient_data,roughly_unchanged|insufficient_data,noncommitted,,,,,,,,CONSTRUCTED GOLD - verify the masked evidence truly cannot answer the question
hqa_TAT_a8d33126_masked,tatqa,d09332c7-20e6-426a-ba9b-1bdd2baa8702,c43ad121ee48,evidence_masked_insufficient,directional_change,What is the percentage change in balance at end of year from 2018 to 2019?,What is the percentage change in balance at end of year from 2018 to 2019?,"| December 31, | | 2018 | 2019 Charged to cost of sales | 18,408 | 26,301 Deductions | (8,985) | (12,232) Releases of expired warranty | (8,214) | (5,684) Foreign currency translation effect | 184 | 84 NOTE 14. PROVISION FOR WARRANTY The changes in the amount of provision for warranty are as follows: Costs of warranty include the cost of labor and materials to repair a product during the warranty ",insufficient_data,increased|decreased|roughly_unchanged|insufficient_data,roughly_unchanged|insufficient_data,noncommitted,,,,,,,,CONSTRUCTED GOLD - verify the masked evidence truly cannot answer the question
hqa_TAT_b1f0677c_masked,tatqa,2f6f4311-f09e-435c-9e06-fc475a876901,60be9f977474,evidence_masked_insufficient,directional_change,What is the percentage change in total remuneration from 2018 to 2019?,What is the percentage change in total remuneration from 2018 to 2019?,"| Year ended December 31 | | 2018 | 2019 Supervisory Board: | | J.C. Lobbezoo | 78.6 | 83.5 H.W. Kreutzer 1) | 21.4 | 0.0 M.C.J. van Pernis | 56.0 | 58.5 U.H.R. Schumacher | 53.5 | 56.0 S. Kahle-Galonske | 55.9 | 60.0 M.J.C. de Jong 2) | 34.0 | 57.5 SUPERVISORY BOARD The following table sets forth information concerning all remuneration (base compensation, no bonuses or pensions were paid) from th",insufficient_data,increased|decreased|roughly_unchanged|insufficient_data,roughly_unchanged|insufficient_data,noncommitted,,,,,,,,CONSTRUCTED GOLD - verify the masked evidence truly cannot answer the question
hqa_TAT_b5e1cbd8_masked,tatqa,b55a0581-b496-4d82-8b51-2a041d6e7729,b4c4df912ebe,evidence_masked_insufficient,directional_change,What is the percentage change in total other current assets in 2019?,What is the percentage change in total other current assets in 2019?,"| As of December 31, | | 2019 | 2018 | (Dollars in millions) | Prepaid expenses | $274 | 307 Income tax receivable | 35 | 82 Materials, supplies and inventory | 105 | 120 Contract assets | 42 | 52 Contract acquisition costs | 178 | 167 Contract fulfillment costs | 115 | 82 Other | 59 | 108 Other Current Assets The following table presents details of other current assets in our consolidated balance",insufficient_data,increased|decreased|roughly_unchanged|insufficient_data,roughly_unchanged|insufficient_data,noncommitted,,,,,,,,CONSTRUCTED GOLD - verify the masked evidence truly cannot answer the question
hqa_TAT_bf17a5c6_masked,tatqa,41f11c5b-c73d-4ec1-88f7-4216ae207eb4,ec9ad175ec5c,evidence_masked_insufficient,directional_change,"What was the percentage change in Other (income) expense, net in 2019 from 2018?","What was the percentage change in Other (income) expense, net in 2019 from 2018?",| 2019 | 2018 | 2018-2019 Change | | (in millions) | Interest income | $(24.8) | $(26.7) | $1.9 Interest expense | 23.1 | 31.3 | (8.2) Interest and Other Interest income decreased by $1.9 million from 2018 to 2019 due primarily to lower cash and marketable securities balances in 2019. Interest expense decreased by $8.2 million from 2018 to 2019 due primarily to unrealized losses on equity marketab,insufficient_data,increased|decreased|roughly_unchanged|insufficient_data,roughly_unchanged|insufficient_data,noncommitted,,,,,,,,CONSTRUCTED GOLD - verify the masked evidence truly cannot answer the question
hqa_TAT_d24aae82_masked,tatqa,058d94f1-d1c9-4bc6-b570-22db3be6fe71,fb32a2e001e6,evidence_masked_insufficient,directional_change,What is the change in total revenue from 2018 to 2019?,What is the change in total revenue from 2018 to 2019?,"| Year ended December 31, | (EUR thousand) | 2018 | 2019 Equipment revenue | 631,504 | 1,068,645 Spares & service revenue | 186,577 | 215,215 Revenue stream The Company generates revenue primarily from the sales of equipment and sales of spares & service. The products and services described by nature in Note 1, can be part of all revenue streams. The proceeds resulting from the patent litigation &",insufficient_data,increased|decreased|roughly_unchanged|insufficient_data,roughly_unchanged|insufficient_data,noncommitted,,,,,,,,CONSTRUCTED GOLD - verify the masked evidence truly cannot answer the question
hqa_TAT_f0b19718_masked,tatqa,03ffdb11-7405-45dc-85e1-2ce82bad663b,b086af070bf1,evidence_masked_insufficient,directional_change,What is the change in loss per share between 2018 and 2019?,What is the change in loss per share between 2018 and 2019?,"| Year Ended December 31 | | 2019 | 2018 Revenues (in thousands) | $ 224,913 | $ 17,542 Loss from continuing operations (in thousands) | $ (13,432) | $ ( 7,792) Weighted average number of common shares outstanding - basic and diluted | 32,359,316 | 22,099,149 Our revenues for 2019 include $1.9 million related to the acquired MGI business. Our net loss for 2019 includes $0.3 million of net loss fro",insufficient_data,increased|decreased|roughly_unchanged|insufficient_data,roughly_unchanged|insufficient_data,noncommitted,,,,,,,,CONSTRUCTED GOLD - verify the masked evidence truly cannot answer the question
hqa_TAT_f4ec2a00_masked,tatqa,8b08afaf-e692-4891-9595-386a78e4de56,5968d67a43c2,evidence_masked_insufficient,directional_change,What was the change in the Basic weighted average common shares outstanding between 2018 and 2019?,What was the change in the Basic weighted average common shares outstanding between 2018 and 2019?,"| 2019 | 2018 | 2017 Net income | 108,616 | 13,040 | 112,062 Dilutive effect of share-based awards and options outstanding | 803 | 916 | 941 Diluted weighted average shares outstanding | 31,074 | 33,919 | 34,553 Earnings per share: | | | Basic | 3.59 | 0.40 | 3.33 Diluted | 3.50 | 0.38 | 3.24 7. Earnings Per Share The following is a reconciliation of the amounts utilized in the computation of basi",insufficient_data,increased|decreased|roughly_unchanged|insufficient_data,roughly_unchanged|insufficient_data,noncommitted,,,,,,,,CONSTRUCTED GOLD - verify the masked evidence truly cannot answer the question
hqa_CFQ_8f75ba7a,convfinqa,Double_ADBE/2014/page_47.pdf#turn1,2aeb32df8969,numeric_to_directional,directional_change,"Conversation so far:
Q1: what was the change in percentage points of data center cost between the years of 2014-13 and 2013-12?

Question: for the same years, what was the change in percentage points of depreciation expense?","for the same years, what was the change in percentage points of depreciation expense?","subscription cost of subscription revenue consists of third-party royalties and expenses related to operating our network infrastructure , including depreciation expenses and operating lease payments associated with computer equipment , data center costs , salaries and related expenses of network operations , implementation , account management and technical support personnel , amortization of int",roughly_unchanged,increased|decreased|roughly_unchanged|insufficient_data,roughly_unchanged|insufficient_data,noncommitted,,,,,not_applicable,,,
hqa_CFQ_b6555530,convfinqa,Double_ORLY/2015/page_28.pdf#turn1,d83fe0be1236,numeric_to_directional,directional_change,"Conversation so far:
Q1: was the five year return of the s&p 500 retail index greater than the s&p 500?

Question: what was the price change of the s&p 500 between 2010 and 2011?",what was the price change of the s&p 500 between 2010 and 2011?,"stock performance graph : the graph below shows the cumulative total shareholder return assuming the investment of $ 100 , on december 31 , 2010 , and the reinvestment of dividends thereafter , if any , in the company's common stock versus the standard and poor's s&p 500 retail index ( ""s&p 500 retail index"" ) and the standard and poor's s&p 500 index ( ""s&p 500"" ) . . company/index | december 31 ",roughly_unchanged,increased|decreased|roughly_unchanged|insufficient_data,roughly_unchanged|insufficient_data,noncommitted,,,,,not_applicable,,,
hqa_FQ_16a8661c,finqa,SLB/2011/page_56.pdf-2,b762bbbd6d3a,numeric_to_directional,directional_change,what was the net change in shares outstanding during 2011?,what was the net change in shares outstanding during 2011?,schlumberger limited and subsidiaries shares of common stock ( stated in millions ) issued in treasury shares outstanding . | issued | in treasury | shares outstanding balance january 1 2009 | 1334 | -140 ( 140 ) | 1194 shares sold to optionees less shares exchanged | 2013 | 4 | 4 vesting of restricted stock | 2013 | 1 | 1 shares issued under employee stock purchase plan | 2013 | 4 | 4 stock repur,roughly_unchanged,increased|decreased|roughly_unchanged|insufficient_data,roughly_unchanged|insufficient_data,noncommitted,,,,,not_applicable,,,
hqa_FQ_35480d43,finqa,SLG/2011/page_58.pdf-3,7f3d534fe115,numeric_to_directional,directional_change,what was the change in ground leases between 2012 and 2013 in millions?,what was the change in ground leases between 2012 and 2013 in millions?,"56 / 57 management 2019s discussion and analysis of financial condition and results of operations junior subordinate deferrable interest debentures in june 2005 , we issued $ 100.0 a0million of trust preferred securities , which are reflected on the balance sheet as junior subordinate deferrable interest debentures . the proceeds were used to repay our revolving credit facility . the $ 100.0 a0mil",roughly_unchanged,increased|decreased|roughly_unchanged|insufficient_data,roughly_unchanged|insufficient_data,noncommitted,,,,,not_applicable,,,
hqa_FQ_3e5f5d64,finqa,ADBE/2014/page_47.pdf-2,2aeb32df8969,numeric_to_directional,directional_change,"from the years 2014-2013 to 2013-2012 , what was the change in percentage points of depreciation expense?","from the years 2014-2013 to 2013-2012 , what was the change in percentage points of depreciation expense?","subscription cost of subscription revenue consists of third-party royalties and expenses related to operating our network infrastructure , including depreciation expenses and operating lease payments associated with computer equipment , data center costs , salaries and related expenses of network operations , implementation , account management and technical support personnel , amortization of int",roughly_unchanged,increased|decreased|roughly_unchanged|insufficient_data,roughly_unchanged|insufficient_data,noncommitted,,,,,not_applicable,,,
hqa_FQ_46ab258b,finqa,SYY/2006/page_26.pdf-1,6e58b346a600,numeric_to_directional,directional_change,what was the change in percentage sales to restaurants from 2004 to 2005?,what was the change in percentage sales to restaurants from 2004 to 2005?,"customers and products the foodservice industry consists of two major customer types 2014 2018 2018traditional 2019 2019 and 2018 2018chain restaurant . 2019 2019 traditional foodservice customers include restaurants , hospitals , schools , hotels and industrial caterers . sysco 2019s chain restaurant customers include regional and national hamburger , sandwich , pizza , chicken , steak and other ",roughly_unchanged,increased|decreased|roughly_unchanged|insufficient_data,roughly_unchanged|insufficient_data,noncommitted,,,,,not_applicable,,,
hqa_FQ_59cacb14,finqa,AWK/2018/page_172.pdf-2,779ac281aad9,numeric_to_directional,directional_change,what was the change in the amount of future annual commitments related to minimum quantities of purchased water between \\n2019 and 2020?,what was the change in the amount of future annual commitments related to minimum quantities of purchased water between \\n2019 and 2020?,"totaled $ 12 million , $ 13 million and $ 9 million for 2018 , 2017 and 2016 , respectively . all of the company 2019s contributions are invested in one or more funds at the direction of the employees . note 16 : commitments and contingencies commitments have been made in connection with certain construction programs . the estimated capital expenditures required under legal and binding contractual",roughly_unchanged,increased|decreased|roughly_unchanged|insufficient_data,roughly_unchanged|insufficient_data,noncommitted,,,,,not_applicable,,,
hqa_FQ_6f94db28,finqa,UNP/2013/page_25.pdf-2,52ba02117b96,numeric_to_directional,directional_change,what was the percentage change in fuel surcharge revenues from 2012 to 2013?,what was the percentage change in fuel surcharge revenues from 2012 to 2013?,"f0b7 financial expectations 2013 we are cautious about the economic environment , but , assuming that industrial production grows approximately 3% ( 3 % ) as projected , volume should exceed 2013 levels . even with no volume growth , we expect earnings to exceed 2013 earnings , generated by core pricing gains , on-going network improvements and productivity initiatives . we expect that free cash f",roughly_unchanged,increased|decreased|roughly_unchanged|insufficient_data,roughly_unchanged|insufficient_data,noncommitted,,,,,not_applicable,,,
hqa_FQ_bf7cbc32,finqa,ETFC/2007/page_135.pdf-4,6a294972945d,numeric_to_directional,directional_change,what was the percentage change in total contribution expense under the plan between 2006 and 2007?,what was the percentage change in total contribution expense under the plan between 2006 and 2007?,"prior to its adoption of sfas no . 123 ( r ) , the company recorded compensation expense for restricted stock awards on a straight-line basis over their vesting period . if an employee forfeited the award prior to vesting , the company reversed out the previously expensed amounts in the period of forfeiture . as required upon adoption of sfas no . 123 ( r ) , the company must base its accruals of ",roughly_unchanged,increased|decreased|roughly_unchanged|insufficient_data,roughly_unchanged|insufficient_data,noncommitted,,,,,not_applicable,,,
hqa_FQ_ccc2f20b,finqa,PNC/2008/page_62.pdf-1,c44a682d4caa,numeric_to_directional,directional_change,what was the change in the expected long-term return on plan assets for determining net periodic pension cost in 2008 compared to 2007?,what was the change in the expected long-term return on plan assets for determining net periodic pension cost in 2008 compared to 2007?,"the following were issued in 2007 : 2022 sfas 141 ( r ) , 201cbusiness combinations 201d 2022 sfas 160 , 201caccounting and reporting of noncontrolling interests in consolidated financial statements , an amendment of arb no . 51 201d 2022 sec staff accounting bulletin no . 109 2022 fin 46 ( r ) 7 , 201capplication of fasb interpretation no . 46 ( r ) to investment companies 201d 2022 fsp fin 48-1 ",roughly_unchanged,increased|decreased|roughly_unchanged|insufficient_data,roughly_unchanged|insufficient_data,noncommitted,,,,,not_applicable,,,
hqa_FQ_fab23070,finqa,UPS/2015/page_108.pdf-2,1ebcb7841d96,numeric_to_directional,directional_change,what was the change in millions of aircraft from 2014 to 2015?,what was the change in millions of aircraft from 2014 to 2015?,"united parcel service , inc . and subsidiaries notes to consolidated financial statements capital lease obligations we have certain property , plant and equipment subject to capital leases . some of the obligations associated with these capital leases have been legally defeased . the recorded value of our property , plant and equipment subject to capital leases is as follows as of december 31 ( in",roughly_unchanged,increased|decreased|roughly_unchanged|insufficient_data,roughly_unchanged|insufficient_data,noncommitted,,,,,not_applicable,,,
hqa_FTB_008bd6df,fintradebench,FT23,a9c2b344ad3c,none,category_choice,Should I sell my Comcast shares that haven't moved in 2025?,,"[CMCSA] Trading/Price Data 2025-01-01 -> 2025-12-31 - AdjClose: first=36.0590, last=30.9000, pct_change=-14.31% - Indicators: MA_20=31.7797, MACD=-0.5921, MACD_Signal=-0.5219, RSI=28.0051, EMA_20=31.6211, OBV=2172794474.0000, One_Day_Reversal=0.0164, Max_Return_20D=0.0164, Momentum_5D=-0.0155, Momentum_20D=-0.0790, Mean_Reversal_60D=-0.0573, Short_Term_Reversal_1month=-0.0934, Medium_Term_Momentum",conditional,sell|hold|conditional|insufficient_data,conditional|insufficient_data,noncommitted,,,,,not_applicable,,,
hqa_FTB_00a5559e,fintradebench,FT31,1e4ea77e344b,none,supportive_judgment,"In Q3 2025, should I rotate from Meta into higher-momentum AI plays or maintain the position?",,"[META] Trading/Price Data 2025-07-01 -> 2025-09-30 - AdjClose: first=718.7270, last=734.3800, pct_change=2.18% - Indicators: MA_20=756.8771, MACD=-1.1662, MACD_Signal=2.7573, RSI=40.7982, EMA_20=754.4453, OBV=5297292105.0000, One_Day_Reversal=-0.0121, Max_Return_20D=0.0187, Momentum_5D=-0.0278, Momentum_20D=-0.0003, Mean_Reversal_60D=-0.0151, Short_Term_Reversal_1month=-0.0096, Medium_Term_Momentu",conditional,supportive|unsupportive|conditional|insufficient_data,conditional|insufficient_data,noncommitted,,,,,not_applicable,,,
hqa_FTB_00e479ec,fintradebench,FT49,4736fec2ab95,none,yes_no_mixed,Is Costco's lack of e-commerce momentum (as of 2025) a concern compared to Amazon?,,"[AMZN] Trading/Price Data 2025-01-01 -> 2025-12-31 - AdjClose: first=220.2200, last=219.5100, pct_change=-0.32% - Indicators: MA_20=226.6545, MACD=-2.2740, MACD_Signal=-1.4041, RSI=31.0070, EMA_20=224.4044, OBV=48983516465.0000, One_Day_Reversal=-0.0130, Max_Return_20D=0.0151, Momentum_5D=-0.0012, Momentum_20D=-0.0552, Mean_Reversal_60D=-0.0314, Short_Term_Reversal_1month=-0.0158, Medium_Term_Mome",mixed,yes|no|mixed|insufficient_data,insufficient_data|mixed,noncommitted,,,,,not_applicable,,,
hqa_FTB_124f7e99,fintradebench,FT42,fcaddf2bd0c2,none,yes_no_mixed,Is Adobe's creative software moat durable in the age of AI (mid-2025)?,,"[ADBE] Trading/Price Data 2025-01-01 -> 2025-12-31 - AdjClose: first=441.0000, last=346.7400, pct_change=-21.37% - Indicators: MA_20=355.2910, MACD=-1.2704, MACD_Signal=-0.0815, RSI=49.7458, EMA_20=354.1621, OBV=488879895.0000, One_Day_Reversal=-0.0135, Max_Return_20D=0.0278, Momentum_5D=-0.0378, Momentum_20D=-0.0064, Mean_Reversal_60D=-0.0255, Short_Term_Reversal_1month=0.0086, Medium_Term_Moment",mixed,yes|no|mixed|insufficient_data,insufficient_data|mixed,noncommitted,,,,,not_applicable,,,
hqa_FTB_1261fb57,fintradebench,T7,0cca9cc29713,none,screening_top1,"Based on trading in the first half of 2025, which stocks are showing the strongest exponential moving average support?",,"[ON] Trading/Price Data 2025-01-01 -> 2025-12-31 - AdjClose: first=61.7100, last=45.7400, pct_change=-25.88% - Indicators: MA_20=49.6850, MACD=-0.4595, MACD_Signal=-0.2860, RSI=33.0588, EMA_20=49.3665, OBV=1269976471.0000, One_Day_Reversal=-0.0847, Max_Return_20D=0.0563, Momentum_5D=-0.0716, Momentum_20D=-0.0522, Mean_Reversal_60D=-0.1054, Short_Term_Reversal_1month=0.0382, Medium_Term_Momentum_2m",none_clear,ON|NVDA|AAPL|MSFT|none_clear,none_clear,noncommitted,,,,,not_applicable,,,
hqa_FTB_1fc92960,fintradebench,F3,f48022c572be,none,graded_judgment,"As of August 2025, how does Tesla's profitability compare to traditional automakers?",,"[TSLA] Trading/Price Data 2025-08-01 -> 2025-08-31 - AdjClose: first=302.6300, last=333.8700, pct_change=10.32% - Indicators: MA_20=332.5705, MACD=5.9422, MACD_Signal=5.1811, RSI=46.8187, EMA_20=334.0421, OBV=21793428285.0000, One_Day_Reversal=-0.0350, Max_Return_20D=0.0622, Momentum_5D=-0.0181, Momentum_20D=0.1032, Mean_Reversal_60D=0.0357, Short_Term_Reversal_1month=0.0844, Medium_Term_Momentum_",insufficient_data,higher|similar|lower|insufficient_data,insufficient_data,noncommitted,,,,,not_applicable,,,
hqa_FTB_6b974835,fintradebench,F7,f06c73ba08ec,none,yes_no_mixed,"As of Q3 2025, is Intel still a profitable investment despite losing market share?",,"[INTC] Trading/Price Data 2025-07-01 -> 2025-09-30 - AdjClose: first=22.8500, last=33.5500, pct_change=46.83% - Indicators: MA_20=27.8705, MACD=2.7412, MACD_Signal=1.9872, RSI=73.8328, EMA_20=29.0855, OBV=12132002275.0000, One_Day_Reversal=-0.0270, Max_Return_20D=0.2277, Momentum_5D=0.1435, Momentum_20D=0.3858, Mean_Reversal_60D=0.3775, Short_Term_Reversal_1month=0.3831, Medium_Term_Momentum_2mont",mixed,yes|no|mixed|insufficient_data,insufficient_data|mixed,noncommitted,,,,,not_applicable,,,
hqa_FTB_77a9fd58,fintradebench,FT1,af5f0666e918,none,supportive_judgment,"As of August 2025, is Apple a good buy given its valuation and price trend?",,"[AAPL] Trading/Price Data 2025-08-01 -> 2025-08-31 - AdjClose: first=202.1490, last=232.1400, pct_change=14.84% - Indicators: MA_20=225.6994, MACD=4.8495, MACD_Signal=4.9517, RSI=60.3940, EMA_20=225.7436, OBV=159172072249.0000, One_Day_Reversal=-0.0018, Max_Return_20D=0.0509, Momentum_5D=0.0192, Momentum_20D=0.1484, Mean_Reversal_60D=0.0915, Short_Term_Reversal_1month=0.1137, Medium_Term_Momentum_",conditional,supportive|unsupportive|conditional|insufficient_data,conditional|insufficient_data,noncommitted,,,,,not_applicable,,,
hqa_FTB_7b872c89,fintradebench,T17,419c9df39ec1,none,screening_top1,"Which companies show the most extreme daily reversals, based on June 2025 trading?",,"[NVDA] Trading/Price Data 2025-06-01 -> 2025-06-30 - AdjClose: first=137.3630, last=157.9810, pct_change=15.01% - Indicators: MA_20=145.6833, MACD=6.5487, MACD_Signal=5.8152, RSI=77.3772, EMA_20=145.9598, OBV=165567677626.0000, One_Day_Reversal=0.0015, Max_Return_20D=0.0433, Momentum_5D=0.0959, Momentum_20D=0.1693, Mean_Reversal_60D=0.2503, Short_Term_Reversal_1month=0.1702, Medium_Term_Momentum_2",none_clear,NVDA|TSLA|MRVL|INTC|none_clear,none_clear,noncommitted,,,,,not_applicable,,,
hqa_FTB_8647404c,fintradebench,FT25,bbcca5ab420a,none,supportive_judgment,Should I add more to my Netflix position in September 2025 after buying earlier?,,"[NFLX] Trading/Price Data 2025-09-01 -> 2025-09-30 - AdjClose: first=1214.1100, last=1198.9200, pct_change=-1.25% - Indicators: MA_20=1220.7565, MACD=-3.7012, MACD_Signal=-1.3637, RSI=36.8071, EMA_20=1214.4898, OBV=2034961664.0000, One_Day_Reversal=-0.0062, Max_Return_20D=0.0255, Momentum_5D=-0.0160, Momentum_20D=-0.0125, Mean_Reversal_60D=-0.0139, Short_Term_Reversal_1month=-0.0203, Medium_Term_M",conditional,supportive|unsupportive|conditional|insufficient_data,conditional|insufficient_data,noncommitted,,,,,not_applicable,,,
hqa_FTB_8c3f38fa,fintradebench,FT22,1c4f0549e002,none,yes_no_mixed,Is Micron's Q3 2025 rally just getting started?,,"[MU] Trading/Price Data 2025-07-01 -> 2025-09-30 - AdjClose: first=120.7000, last=167.2180, pct_change=38.54% - Indicators: MA_20=151.6601, MACD=10.4632, MACD_Signal=10.5797, RSI=73.2311, EMA_20=152.4584, OBV=3878675015.0000, One_Day_Reversal=0.0209, Max_Return_20D=0.0755, Momentum_5D=0.0055, Momentum_20D=0.4122, Mean_Reversal_60D=0.3031, Short_Term_Reversal_1month=0.3434, Medium_Term_Momentum_2mo",mixed,yes|no|mixed|insufficient_data,insufficient_data|mixed,noncommitted,,,,,not_applicable,,,
hqa_FTB_90f40b4c,fintradebench,F6,45907e2f75eb,none,open_summary_with_canonical_claim,"In mid-2025, why do investors love companies like Adobe and Nvidia?",,"[NVDA] Trading/Price Data 2025-01-01 -> 2025-12-31 - AdjClose: first=138.2810, last=187.6200, pct_change=35.68% - Indicators: MA_20=178.7130, MACD=3.1174, MACD_Signal=1.8756, RSI=62.1522, EMA_20=180.5387, OBV=166450717998.0000, One_Day_Reversal=-0.0067, Max_Return_20D=0.0393, Momentum_5D=0.0529, Momentum_20D=0.1234, Mean_Reversal_60D=0.0616, Short_Term_Reversal_1month=0.1071, Medium_Term_Momentum_",mixed,claim_true|claim_false|mixed,mixed,noncommitted,,,,,not_applicable,,,
hqa_FTB_921c1811,fintradebench,FT50,71abc646e58f,none,yes_no_mixed,Has Starbucks's 2025 turnaround plan gained traction based on fundamental and momentum signals?,,"[SBUX] Trading/Price Data 2025-01-01 -> 2025-12-31 - AdjClose: first=90.4160, last=86.4200, pct_change=-4.42% - Indicators: MA_20=84.1810, MACD=-0.4628, MACD_Signal=-0.9594, RSI=63.6297, EMA_20=85.2328, OBV=1030662154.0000, One_Day_Reversal=-0.0035, Max_Return_20D=0.0275, Momentum_5D=0.0363, Momentum_20D=0.0116, Mean_Reversal_60D=-0.0232, Short_Term_Reversal_1month=-0.0061, Medium_Term_Momentum_2m",mixed,yes|no|mixed|insufficient_data,insufficient_data|mixed,noncommitted,,,,,not_applicable,,,
hqa_FTB_b538ab74,fintradebench,FT9,9ad3424a9599,none,yes_no_mixed,Is Adobe too expensive at its September 2025 levels?,,"[ADBE] Trading/Price Data 2025-09-01 -> 2025-09-30 - AdjClose: first=345.6300, last=352.7500, pct_change=2.06% - Indicators: MA_20=355.2830, MACD=0.6681, MACD_Signal=0.6693, RSI=52.4383, EMA_20=356.5277, OBV=494552281.0000, One_Day_Reversal=-0.0186, Max_Return_20D=0.0278, Momentum_5D=-0.0250, Momentum_20D=0.0206, Mean_Reversal_60D=-0.0125, Short_Term_Reversal_1month=0.0154, Medium_Term_Momentum_2m",mixed,yes|no|mixed|insufficient_data,insufficient_data|mixed,noncommitted,,,,,not_applicable,,,
hqa_FTB_b6b11beb,fintradebench,FT30,bdf3a487ce80,none,yes_no_mixed,"Why is Meta outperforming other tech giants in 2025, and is it sustainable?",,"[META] Trading/Price Data 2025-01-01 -> 2025-12-31 - AdjClose: first=597.8650, last=710.5600, pct_change=18.85% - Indicators: MA_20=752.7938, MACD=-7.5348, MACD_Signal=-1.4335, RSI=27.8812, EMA_20=745.0124, OBV=5272133438.0000, One_Day_Reversal=-0.0227, Max_Return_20D=0.0187, Momentum_5D=-0.0446, Momentum_20D=-0.0550, Mean_Reversal_60D=-0.0465, Short_Term_Reversal_1month=-0.0129, Medium_Term_Momen",mixed,yes|no|mixed|insufficient_data,insufficient_data|mixed,noncommitted,,,,,not_applicable,,,
hqa_FTB_bcda6815,fintradebench,F1,7eedea8ca88e,none,yes_no_mixed,"As of September 2025, is Apple really as profitable as everyone says it is?",,"[AAPL] Trading/Price Data 2025-09-01 -> 2025-09-30 - AdjClose: first=229.7200, last=254.6300, pct_change=10.84% - Indicators: MA_20=243.1245, MACD=7.4966, MACD_Signal=6.5587, RSI=82.7684, EMA_20=244.6472, OBV=159375777216.0000, One_Day_Reversal=0.0008, Max_Return_20D=0.0431, Momentum_5D=0.0008, Momentum_20D=0.1084, Mean_Reversal_60D=0.1227, Short_Term_Reversal_1month=0.0940, Medium_Term_Momentum_2",mixed,yes|no|mixed|insufficient_data,insufficient_data|mixed,noncommitted,,,,,not_applicable,,,
hqa_FTB_bd71b8fa,fintradebench,F30,bdf3a487ce80,none,yes_no_mixed,Does Meta's valuation make sense after its 2025 recovery?,,"[META] Trading/Price Data 2025-01-01 -> 2025-12-31 - AdjClose: first=597.8650, last=710.5600, pct_change=18.85% - Indicators: MA_20=752.7938, MACD=-7.5348, MACD_Signal=-1.4335, RSI=27.8812, EMA_20=745.0124, OBV=5272133438.0000, One_Day_Reversal=-0.0227, Max_Return_20D=0.0187, Momentum_5D=-0.0446, Momentum_20D=-0.0550, Mean_Reversal_60D=-0.0465, Short_Term_Reversal_1month=-0.0129, Medium_Term_Momen",mixed,yes|no|mixed|insufficient_data,insufficient_data|mixed,noncommitted,,,,,not_applicable,,,
hqa_FTB_be575006,fintradebench,FT17,f06c73ba08ec,none,yes_no_mixed,"As of Q3 2025, is Intel finally turning around?",,"[INTC] Trading/Price Data 2025-07-01 -> 2025-09-30 - AdjClose: first=22.8500, last=33.5500, pct_change=46.83% - Indicators: MA_20=27.8705, MACD=2.7412, MACD_Signal=1.9872, RSI=73.8328, EMA_20=29.0855, OBV=12132002275.0000, One_Day_Reversal=-0.0270, Max_Return_20D=0.2277, Momentum_5D=0.1435, Momentum_20D=0.3858, Mean_Reversal_60D=0.3775, Short_Term_Reversal_1month=0.3831, Medium_Term_Momentum_2mont",mixed,yes|no|mixed|insufficient_data,insufficient_data|mixed,noncommitted,,,,,not_applicable,,,
hqa_FTB_e86f8f22,fintradebench,F25,a058b44a6c7a,none,company_choice,"As of September 2025, which offers better value: Netflix or Disney?",,"[NFLX] Trading/Price Data 2025-09-01 -> 2025-09-30 - AdjClose: first=1214.1100, last=1198.9200, pct_change=-1.25% - Indicators: MA_20=1220.7565, MACD=-3.7012, MACD_Signal=-1.3637, RSI=36.8071, EMA_20=1214.4898, OBV=2034961664.0000, One_Day_Reversal=-0.0062, Max_Return_20D=0.0255, Momentum_5D=-0.0160, Momentum_20D=-0.0125, Mean_Reversal_60D=-0.0139, Short_Term_Reversal_1month=-0.0203, Medium_Term_M",insufficient_data,NFLX|DIS|insufficient_data,insufficient_data,noncommitted,,,,,not_applicable,,,
hqa_TAT_10183a57,tatqa,045cf854-cb0b-459a-a1a0-a643e9d545da,be7d9a80c104,numeric_to_directional,directional_change,What was the percentage change in net computer software between 2018 and 2019?,What was the percentage change in net computer software between 2018 and 2019?,"| December 31, | | 2019 | 2018 Internally developed software | $808.2 | $746.0 Purchased software | 78.9 | 60.7 Computer software | 887.1 | 806.7 Accumulated amortization | (481.1) | (401.1) Computer software, net | $406.0 | $405.6 (8) Computer Software Computer software, net consists of the following (in millions): In the fourth quarter of 2019, we entered into agreements to acquire software in e",roughly_unchanged,increased|decreased|roughly_unchanged|insufficient_data,roughly_unchanged|insufficient_data,noncommitted,,,,,not_applicable,,,
hqa_TAT_261ad3a9,tatqa,e2b0141c-a9f5-412c-a62b-47de0287d740,b7da1f383a17,numeric_to_directional,directional_change,What was the percentage change in Cash and cash equivalents from 2018 to 2019?,What was the percentage change in Cash and cash equivalents from 2018 to 2019?,"| December 31, | | 2019 | 2018 Cash and cash equivalents | $172,960 | $172,704 Restricted cash included in other long-term assets | 116 | 114 Total cash, cash equivalents and restricted cash reported on the Consolidated Statements of Cash Flows | $173,076 | $172,818 Restricted Cash The following table provides a reconciliation of cash, cash equivalents and restricted cash reported on the Consolida",roughly_unchanged,increased|decreased|roughly_unchanged|insufficient_data,roughly_unchanged|insufficient_data,noncommitted,,,,,not_applicable,,,
hqa_TAT_37191d9a,tatqa,ffd43080-e942-4219-822f-065e6152c233,80d452d05fac,numeric_to_directional,directional_change,What was the percentage change in total revenue between 2018 and 2019?,What was the percentage change in total revenue between 2018 and 2019?,"| Twelve Months Ended December 31, | | 2019 | 2018 Transportation | $299,005 | $300,124 Industrial | 78,369 | 86,968 Medical | 41,901 | 40,663 Aerospace & Defense | 32,569 | 23,323 Telecom & IT | 17,155 | 19,405 Total | $468,999 | $470,483 NOTES TO CONSOLIDATED FINANCIAL STATEMENTS (in thousands, except for share and per share data) Disaggregated Revenue The following table presents revenues disag",roughly_unchanged,increased|decreased|roughly_unchanged|insufficient_data,roughly_unchanged|insufficient_data,noncommitted,,,,,not_applicable,,,
hqa_TAT_37cd0c30,tatqa,eb92a24d-a751-48c1-bb6f-6c83030d24bb,2964ae50ef1c,numeric_to_directional,directional_change,What is the change in the allocation of equities from 2018 to 2019?,What is the change in the allocation of equities from 2018 to 2019?,"| As of June 30 | | 2019 | 2018 Fixed income | 40% | 40% Equities | 55% | 55% Other | 5% | 5% Total | 100% | 100% The defined benefit pension plan utilizes various investment securities. Generally, investment securities are exposed to various risks, such as interest rate risks, credit risk, and overall market volatility. Due to the level of risk associated with certain investment securities, it is",roughly_unchanged,increased|decreased|roughly_unchanged|insufficient_data,roughly_unchanged|insufficient_data,noncommitted,,,,,not_applicable,,,
hqa_TAT_4cc4b873,tatqa,da71bde8-a6cf-4123-a62b-2514ca048508,75c296192808,numeric_to_directional,directional_change,What was the percentage change in consolidated net sales between 2018 and 2019?,What was the percentage change in consolidated net sales between 2018 and 2019?,"| | Years Ended December 31, | Net Sales | 2019 | 2018 | 2017 United States | $279,904 | $313,489 | $287,092 Singapore | 32,957 | 6,724 | 5,596 Taiwan | 19,810 | 20,802 | 18,586 China | 87,342 | 79,380 | 66,510 Czech Republic | 33,214 | 36,528 | 34,476 Other non-U.S. | 15,772 | 13,560 | 10,733 Consolidated net sales | $468,999 | $470,483 | $422,993 NOTES TO CONSOLIDATED FINANCIAL STATEMENTS (in th",roughly_unchanged,increased|decreased|roughly_unchanged|insufficient_data,roughly_unchanged|insufficient_data,noncommitted,,,,,not_applicable,,,
hqa_TAT_513bf483,tatqa,c4328c5f-8793-49a9-9a4d-b0be3930dbfa,5155ab47ec1e,numeric_to_directional,directional_change,What was the percentage change in Debt principal from 2018 to 2019?,What was the percentage change in Debt principal from 2018 to 2019?,"| December 31, 2019 | December 31, 2018 | (in thousands) | Debt principal | $460,000 | $460,000 Unamortized discount | 65,313 | 80,019 Net carrying amount of convertible debt | $394,687 | $379,981 The below tables represents the key components of Teradyne’s convertible senior notes: As of December 31, 2019, the unamortized discount was $65.3 million, which will be amortized over four years using t",roughly_unchanged,increased|decreased|roughly_unchanged|insufficient_data,roughly_unchanged|insufficient_data,noncommitted,,,,,not_applicable,,,
hqa_TAT_5706ce12,tatqa,0da57c95-2709-4b67-a1be-db6f325fb4e5,bcce862abc52,numeric_to_directional,directional_change,What was the percentage change in the total amount of property and equipment between 2018 and 2019?,What was the percentage change in the total amount of property and equipment between 2018 and 2019?,"| April 26, 2019 | April 27, 2018 U.S. | $ 572 | $ 566 International | 187 | 190 Total | $ 759 | $ 756 16. Segment, Geographic, and Significant Customer Information With the exception of property and equipment, we do not identify or allocate our long-lived assets by geographic area. The following table presents property and equipment information for geographic areas based on the physical location ",roughly_unchanged,increased|decreased|roughly_unchanged|insufficient_data,roughly_unchanged|insufficient_data,noncommitted,,,,,not_applicable,,,
hqa_TAT_59cb702e,tatqa,e227ec32-2078-4309-abce-1161558ad386,057c938104a8,numeric_to_directional,directional_change,What is the change in the value of customer relationships between 2018 and 2019?,What is the change in the value of customer relationships between 2018 and 2019?,"| | December 31, | 2019 | 2018 Recipes | $ 44 | $ 44 Customer lists and other customer related intangibles | 4,529 | 4,529 Customer relationships | 985 | 985 Trade names | 2,248 | 2,248 Formula | 438 | 438 | 8,244 | 8,244 Accumulated amortization | (8,092 ) | (7,900 ) Intangible assets, net | $ 152 | $ 344 Finite-lived Intangible Assets Other intangible assets, net consisted of the following: The ",roughly_unchanged,increased|decreased|roughly_unchanged|insufficient_data,roughly_unchanged|insufficient_data,noncommitted,,,,,not_applicable,,,
hqa_TAT_62bbb05f,tatqa,9746a649-9bb7-4694-9408-fa4b88f45a32,85bb4c28aae0,numeric_to_directional,directional_change,What was the percentage change in the number of shares under scheme under the 2019 Grant from the 2018 Grant?,What was the percentage change in the number of shares under scheme under the 2019 Grant from the 2018 Grant?,"| 2015 Grant | 2016 Grant | 2017 Grant | 2018 Grant | 2019 Grant Grant date | 11th June | 5th April | 26th May | 4th April | 15th May Mid market share price at grant date | 3,460.0p | 3,550.0p | 5,256.0p | 5,560.0p | 8,161.0p Number of employees | 15 | 13 | 12 | 12 | 12 Shares under scheme | 70,290 | 69,890 | 62,356 | 60,899 | 60,626 Vesting period | 3 years | 3 years | 3 years | 3 years | 3 years",roughly_unchanged,increased|decreased|roughly_unchanged|insufficient_data,roughly_unchanged|insufficient_data,noncommitted,,,,,not_applicable,,,
hqa_TAT_6b50f4c7,tatqa,e20d579a-c007-4cae-8cb8-b0d23c86ceab,7636bcf902e1,numeric_to_directional,directional_change,What is the change in the inflation - CPI for RHm schemes from 2018 to 2019?,What is the change in the inflation - CPI for RHm schemes from 2018 to 2019?,"| At 30 Mar 2019 | | At 31 Mar 2018 | | Premier schemes | RHM schemes | Premier schemes | RHM schemes Discount rate | 2.45% | 2.45% | 2.70% | 2.70% Inflation – RPI | 3.25% | 3.25% | 3.15% | 3.15% Inflation – CPI | 2.15% | 2.15% | 2.05% | 2.05% Expected salary increases | n/a | n/a | n/a | n/a Future pension increases | 2.10% | 2.10% | 2.10% | 2.10% At the balance sheet date, the combined principal",roughly_unchanged,increased|decreased|roughly_unchanged|insufficient_data,roughly_unchanged|insufficient_data,noncommitted,,,,,not_applicable,,,
hqa_TAT_767d5782,tatqa,5200fb7c-1728-4178-9aa7-7efa9188213d,d1afe6e98c5d,numeric_to_directional,directional_change,What is the change in share of annual sales between 2018 and 2019?,What is the change in share of annual sales between 2018 and 2019?,"Capital expenditures 2017–2019 | | | SEK billion | 2019 | 2018 | 2017 Capital expenditures | 5.1 | 4.0 | 3.9 Of which in Sweden | 2.0 | 1.3 | 1.5 Share of annual sales | 2.3% | 1.9% | 1.9% Capital expenditures For 2019, capital expenditure was SEK 5.1 (4.0) billion, representing 2.3% of sales. Expenditures are largely related to test sites and equipment for R&D, network operation centers and manuf",roughly_unchanged,increased|decreased|roughly_unchanged|insufficient_data,roughly_unchanged|insufficient_data,noncommitted,,,,,not_applicable,,,
hqa_TAT_82619ad4,tatqa,aa180f0c-7fb4-4822-b10c-d668da7ab3d0,55f4f6b40e75,numeric_to_directional,directional_change,What was the percentage change in other accrued liabilities due to adjustment from Topic 606?,What was the percentage change in other accrued liabilities due to adjustment from Topic 606?,"| September 28, 2019 As Reported | Adjustments due to Topic 606 | September 28, 2019 As Adjusted - Without Adoption of Topic 606 ASSETS | | | Contract assets | $90,841 | $90,841 | $— Inventories | 700,938 | (81,895) | 782,833 LIABILITIES AND SHAREHOLDERS' EQUITY | | | Other accrued liabilities | $106,461 | $(375) | $106,836 Retained earnings | 1,178,677 | 9,321 | 1,169,356 15. Revenue from Contrac",roughly_unchanged,increased|decreased|roughly_unchanged|insufficient_data,roughly_unchanged|insufficient_data,noncommitted,,,,,not_applicable,,,
hqa_TAT_b3f27ae7,tatqa,be0db71b-17ca-41e0-aa2d-fe58c66d2949,112f5f958a6f,numeric_to_directional,directional_change,What was the percentage change in Other taxes in 2018/2019 from 2017/2018?,What was the percentage change in Other taxes in 2018/2019 from 2017/2018?,"€ million | 2017/2018 | 2018/2019 Other taxes | 79 | 79 thereof from cost of sales | (1) | (1) thereof from selling expenses | (65) | (62) thereof from general administrative expenses | (13) | (16) 18. Other taxes The other taxes (for example property tax, motor vehicle tax, excise tax and transaction tax) have the following effects on the income statement:",roughly_unchanged,increased|decreased|roughly_unchanged|insufficient_data,roughly_unchanged|insufficient_data,noncommitted,,,,,not_applicable,,,
hqa_TAT_d8c5f9a6,tatqa,4f56b2be-5f84-4475-8156-f25c6942df43,7fce9b7e1b72,numeric_to_directional,directional_change,What is the change in expected dividend yield between 2018 and 2019?,What is the change in expected dividend yield between 2018 and 2019?,| 2019 | 2018 | F19 LTI | F18 LTI Grant date (1) | 30 Nov 2018 | 31 Oct 2017 Performance period start date | 1 Jul 2018 | 1 Jul 2017 Exercise date | 1 Jul 2021 | 1 Jul 2020 Expected volatility (2) | 15.0% | 16.0% Expected dividend yield | 4.0% | 4.0% Risk-free interest rate | 2.1% | 1.9% Weighted average fair value at grant date | $24.63 | $20.23 Share-based payments expense for the period was $62,roughly_unchanged,increased|decreased|roughly_unchanged|insufficient_data,roughly_unchanged|insufficient_data,noncommitted,,,,,not_applicable,,,
hqa_TAT_eefe67af,tatqa,8694a253-04da-401f-93c2-e4f1ba609de5,144bd4a2fff7,numeric_to_directional,directional_change,"What is the percentage change in computers, software, furniture and fixtures between 2018 and 2019?","What is the percentage change in computers, software, furniture and fixtures between 2018 and 2019?","As of December 31, | | | 2019 | 2018 Computers, software, furniture and fixtures | $1,406 | $1,407 Equipment under capital lease 3,348 | 3,348 | 3,525 Less accumulated depreciation and amortization | (3,171) | (2,448) Property and equipment, net | $1,583 | $2,484 4. Property and Equipment Property and equipment consist of the following (in thousands): Depreciation and amortization expense was $0.9",roughly_unchanged,increased|decreased|roughly_unchanged|insufficient_data,roughly_unchanged|insufficient_data,noncommitted,,,,,not_applicable,,,
hqa_TAT_f37c7794,tatqa,ef25f5a7-7fec-49f4-a876-a7425a1f7739,ed8beed32e83,numeric_to_directional,directional_change,What is the percentage change in the value of computer software from 2018 to 2019?,What is the percentage change in the value of computer software from 2018 to 2019?,"| 2019 | 2018 Development test equipment | $16,461 | $19,110 Computer software | 76,134 | 76,134 Office equipment | 66,685 | 61,367 Office fixtures and furniture | 330,568 | 330,568 Leasehold improvements | 18,016 | 18,016 Total | 507,864 | 505,195 Accumulated depreciation and amortization | (321,339) | (257,906) Total property and equipment | 186,525 | $247,289 NOTE E – PROPERTY AND EQUIPMENT The",roughly_unchanged,increased|decreased|roughly_unchanged|insufficient_data,roughly_unchanged|insufficient_data,noncommitted,,,,,not_applicable,,,
hqa_CFQ_05f42dea,convfinqa,Single_ETR/2016/page_396.pdf-1#turn0,d2c0e010d366,numeric_to_directional,directional_change,"what was the change in net revenue that was due the net gas revenue adjustment and the volume/weather adjustment, combined, in millions?","what was the change in net revenue that was due the net gas revenue adjustment and the volume/weather adjustment, combined, in millions?","entergy new orleans , inc . and subsidiaries management 2019s financial discussion and analysis results of operations net income 2016 compared to 2015 net income increased $ 3.9 million primarily due to higher net revenue , partially offset by higher depreciation and amortization expenses , higher interest expense , and lower other income . 2015 compared to 2014 net income increased $ 13.9 million",decreased,increased|decreased|roughly_unchanged|insufficient_data,roughly_unchanged|insufficient_data,committed,,,,,not_applicable,,,
hqa_CFQ_07480310,convfinqa,Single_UPS/2009/page_33.pdf-2#turn0,5d353de5a343,numeric_to_directional,directional_change,what was the change in the performance of the united parcel service inc . from 2004 to 2009?,what was the change in the performance of the united parcel service inc . from 2004 to 2009?,"( 1 ) includes shares repurchased through our publicly announced share repurchase program and shares tendered to pay the exercise price and tax withholding on employee stock options . shareowner return performance graph the following performance graph and related information shall not be deemed 201csoliciting material 201d or to be 201cfiled 201d with the securities and exchange commission , nor s",decreased,increased|decreased|roughly_unchanged|insufficient_data,roughly_unchanged|insufficient_data,committed,,,,,not_applicable,,,
hqa_CFQ_08d45061,convfinqa,Single_EXR/2005/page_46.pdf-1#turn0,fcae7458a96e,numeric_to_directional,directional_change,"what was the net change in value of the high bid price for the quarter ended december 31, 2004 and the quarter ended march 31, 2005?","what was the net change in value of the high bid price for the quarter ended december 31, 2004 and the quarter ended march 31, 2005?","part ii item 5 . market for registrant 2019s common equity and related stockholder matters market information our common stock has been traded on the new york stock exchange ( 2018 2018nyse 2019 2019 ) under the symbol 2018 2018exr 2019 2019 since our ipo on august 17 , 2004 . prior to that time there was no public market for our common stock . the following table sets forth , for the periods indi",decreased,increased|decreased|roughly_unchanged|insufficient_data,roughly_unchanged|insufficient_data,committed,,,,,not_applicable,,,
hqa_CFQ_3cabceab,convfinqa,Single_CMCSA/2015/page_150.pdf-1#turn1,6d3a7ec71d38,numeric_to_directional,directional_change,"Conversation so far:
Q1: what was the difference in comprehensive income attributable to nbc universal between 2013 and 2014?

Question: and the percentage change?",and the percentage change?,"nbcuniversal media , llc consolidated statement of comprehensive income . year ended december 31 ( in millions ) | 2015 | 2014 | 2013 net income | $ 3624 | $ 3297 | $ 2122 deferred gains ( losses ) on cash flow hedges net | -21 ( 21 ) | 25 | -5 ( 5 ) employee benefit obligations net | 60 | -106 ( 106 ) | 95 currency translation adjustments net | -121 ( 121 ) | -62 ( 62 ) | -41 ( 41 ) comprehensive",increased,increased|decreased|roughly_unchanged|insufficient_data,roughly_unchanged|insufficient_data,committed,,,,,not_applicable,,,
hqa_CFQ_421f4e3d,convfinqa,Single_BKNG/2018/page_34.pdf-3#turn0,e0225baa7be6,numeric_to_directional,directional_change,"what was the change in value for booking holding inc. in 2018, assuming a $100 initial investment?","what was the change in value for booking holding inc. in 2018, assuming a $100 initial investment?",measurement point december 31 booking holdings nasdaq composite index s&p 500 rdg internet composite . measurement pointdecember 31 | booking holdings inc . | nasdaqcomposite index | s&p 500index | rdg internetcomposite 2013 | 100.00 | 100.00 | 100.00 | 100.00 2014 | 98.09 | 114.62 | 113.69 | 96.39 2015 | 109.68 | 122.81 | 115.26 | 133.20 2016 | 126.12 | 133.19 | 129.05 | 140.23 2017 | 149.50 | 17,increased,increased|decreased|roughly_unchanged|insufficient_data,roughly_unchanged|insufficient_data,committed,,,,,not_applicable,,,
hqa_CFQ_4613f27f,convfinqa,Single_UPS/2017/page_31.pdf-1#turn0,e704ca9a68b4,numeric_to_directional,directional_change,"what was the change in the value of the class b common stock, considering its value in 2017 and the original amount invested in it in 2012?","what was the change in the value of the class b common stock, considering its value in 2017 and the original amount invested in it in 2012?","shareowner return performance graph the following performance graph and related information shall not be deemed 201csoliciting material 201d or to be 201cfiled 201d with the sec , nor shall such information be incorporated by reference into any future filing under the securities act of 1933 or securities exchange act of 1934 , each as amended , except to the extent that the company specifically in",increased,increased|decreased|roughly_unchanged|insufficient_data,roughly_unchanged|insufficient_data,committed,,,,,not_applicable,,,
hqa_CFQ_4846cde1,convfinqa,Single_AAPL/2007/page_70.pdf-3#turn1,6145433819ec,numeric_to_directional,directional_change,"Conversation so far:
Q1: what was the change in the allowance for doubtful accounts from 2006 to 2007?

Question: what is the percent change?",what is the percent change?,"notes to consolidated financial statements ( continued ) note 2 2014financial instruments ( continued ) covered by collateral , third-party flooring arrangements , or credit insurance are outstanding with the company 2019s distribution and retail channel partners . one customer accounted for approximately 11% ( 11 % ) of trade receivables as of september 29 , 2007 , while no customers accounted fo",decreased,increased|decreased|roughly_unchanged|insufficient_data,roughly_unchanged|insufficient_data,committed,,,,,not_applicable,,,
hqa_CFQ_525e330f,convfinqa,Single_AAP/2016/page_26.pdf-1#turn0,df787242b96a,numeric_to_directional,directional_change,what is the change in value of an investment in advance auto parts from 2015 to 2016?,what is the change in value of an investment in advance auto parts from 2015 to 2016?,"stock price performance the following graph shows a comparison of the cumulative total return on our common stock , the standard & poor 2019s 500 index and the standard & poor 2019s retail index . the graph assumes that the value of an investment in our common stock and in each such index was $ 100 on december 31 , 2011 , and that any dividends have been reinvested . the comparison in the graph be",decreased,increased|decreased|roughly_unchanged|insufficient_data,roughly_unchanged|insufficient_data,committed,,,,,not_applicable,,,
hqa_CFQ_52cedb59,convfinqa,Single_BLL/2011/page_29.pdf-1#turn1,10495451c357,numeric_to_directional,directional_change,"Conversation so far:
Q1: what was the value of ball corporation in 2008?

Question: what is the change in value from the initial $100 investment?",what is the change in value from the initial $100 investment?,"shareholder return performance the line graph below compares the annual percentage change in ball corporation fffds cumulative total shareholder return on its common stock with the cumulative total return of the dow jones containers & packaging index and the s&p composite 500 stock index for the five-year period ended december 31 , 2011 . it assumes $ 100 was invested on december 31 , 2006 , and t",decreased,increased|decreased|roughly_unchanged|insufficient_data,roughly_unchanged|insufficient_data,committed,,,,,not_applicable,,,
hqa_CFQ_5310207f,convfinqa,Single_LLY/2018/page_99.pdf-2#turn1,8fcc362a8cde,numeric_to_directional,directional_change,"Conversation so far:
Q1: what was the price of lilly in 2018?

Question: what was the net change assuming a $100 initial investment?",what was the net change assuming a $100 initial investment?,"performance graph this graph compares the return on lilly stock with that of the standard & poor 2019s 500 stock index and our peer group for the years 2014 through 2018 . the graph assumes that , on december 31 , 2013 , a person invested $ 100 each in lilly stock , the s&p 500 stock index , and the peer groups' common stock . the graph measures total shareholder return , which takes into account ",increased,increased|decreased|roughly_unchanged|insufficient_data,roughly_unchanged|insufficient_data,committed,,,,,not_applicable,,,
hqa_CFQ_5572c7eb,convfinqa,Single_APD/2014/page_71.pdf-1#turn0,d7b5f2239cf5,numeric_to_directional,directional_change,what is the net change in sales from 2013 to 2014?,what is the net change in sales from 2013 to 2014?,"3 . discontinued operations during the second quarter of 2012 , the board of directors authorized the sale of our homecare business , which had previously been reported as part of the merchant gases operating segment . this business has been accounted for as a discontinued operation . in the third quarter of 2012 , we sold the majority of our homecare business to the linde group for sale proceeds ",decreased,increased|decreased|roughly_unchanged|insufficient_data,roughly_unchanged|insufficient_data,committed,,,,,not_applicable,,,
hqa_CFQ_57d9a4fe,convfinqa,Single_ABMD/2011/page_33.pdf-4#turn1,92b702875af1,numeric_to_directional,directional_change,"Conversation so far:
Q1: what is the net change in value of abiomed inc from 2006 to 2009?

Question: what is the percent change?",what is the percent change?,"performance graph the following graph compares the yearly change in the cumulative total stockholder return for our last five full fiscal years , based upon the market price of our common stock , with the cumulative total return on a nasdaq composite index ( u.s . companies ) and a peer group , the nasdaq medical equipment-sic code 3840-3849 index , which is comprised of medical equipment companie",decreased,increased|decreased|roughly_unchanged|insufficient_data,roughly_unchanged|insufficient_data,committed,,,,,not_applicable,,,
hqa_CFQ_5c6f8a33,convfinqa,Double_ETFC/2007/page_22.pdf#turn0,8563e16fb874,numeric_to_directional,directional_change,what was the change in the price of e*trade financial corporation between 12/02 and 12/07?,what was the change in the price of e*trade financial corporation between 12/02 and 12/07?,"december 18 , 2007 , we issued an additional 23182197 shares of common stock to citadel . the issuances were exempt from registration pursuant to section 4 ( 2 ) of the securities act of 1933 , and each purchaser has represented to us that it is an 201caccredited investor 201d as defined in regulation d promulgated under the securities act of 1933 , and that the common stock was being acquired for",decreased,increased|decreased|roughly_unchanged|insufficient_data,roughly_unchanged|insufficient_data,committed,,,,,not_applicable,,,
hqa_CFQ_61e3612e,convfinqa,Single_AWK/2018/page_150.pdf-1#turn0,c9500216930a,numeric_to_directional,directional_change,what is the change in value of intrinsic value from 2016 to 2018?,what is the change in value of intrinsic value from 2016 to 2018?,the following table provides the weighted average assumptions used in the black-scholes option-pricing model for grants and the resulting weighted average grant date fair value per share of stock options granted for the years ended december 31: . | 2018 | 2017 | 2016 intrinsic value | $ 9 | $ 10 | $ 18 exercise proceeds | 7 | 11 | 15 income tax benefit realized | 2 | 3 | 6 stock units during 2018 ,decreased,increased|decreased|roughly_unchanged|insufficient_data,roughly_unchanged|insufficient_data,committed,,,,,not_applicable,,,
hqa_CFQ_62332dc6,convfinqa,Single_C/2009/page_279.pdf-3#turn1,f2935c011483,numeric_to_directional,directional_change,"Conversation so far:
Q1: what was the net change in citigroup from 2007 to 2008?

Question: what is the percent change?",what is the percent change?,"comparison of five-year cumulative total return the following graph compares the cumulative total return on citigroup 2019s common stock with the s&p 500 index and the s&p financial index over the five-year period extending through december 31 , 2009 . the graph assumes that $ 100 was invested on december 31 , 2004 in citigroup 2019s common stock , the s&p 500 index and the s&p financial index and",decreased,increased|decreased|roughly_unchanged|insufficient_data,roughly_unchanged|insufficient_data,committed,,,,,not_applicable,,,
hqa_CFQ_642330e7,convfinqa,Single_CDNS/2007/page_30.pdf-3#turn1,9e8230d395eb,numeric_to_directional,directional_change,"Conversation so far:
Q1: what was the net change in value of cadence design from 2002 to 2007?

Question: what is the percent change?",what is the percent change?,"the graph below matches cadence design systems , inc . 2019s cumulative 5-year total shareholder return on common stock with the cumulative total returns of the s&p 500 index , the s&p information technology index , and the nasdaq composite index . the graph assumes that the value of the investment in our common stock , and in each index ( including reinvestment of dividends ) was $ 100 on decembe",increased,increased|decreased|roughly_unchanged|insufficient_data,roughly_unchanged|insufficient_data,committed,,,,,not_applicable,,,
hqa_CFQ_654d0297,convfinqa,Single_TFX/2018/page_47.pdf-4#turn1,7a993364fff5,numeric_to_directional,directional_change,"Conversation so far:
Q1: what was the change in price of teleflex incorporated from 2014 to 2015?

Question: what is the percent change?",what is the percent change?,"part a0ii item a05 . market for registrant 2019s common equity , related stockholder matters and issuer purchases of equity securities our common stock is listed on the new york stock exchange under the symbol 201ctfx . 201d as of february 19 , 2019 , we had 473 holders of record of our common stock . a substantially greater number of holders of our common stock are beneficial owners whose shares ",increased,increased|decreased|roughly_unchanged|insufficient_data,roughly_unchanged|insufficient_data,committed,,,,,not_applicable,,,
hqa_CFQ_72ebe479,convfinqa,Double_EW/2016/page_36.pdf#turn1,a8a5512a7bdb,numeric_to_directional,directional_change,"Conversation so far:
Q1: what is the value of an investment in edwards lifesciences in 2016?

Question: what is the net change from the initial investment?",what is the net change from the initial investment?,"2mar201707015999 ( c ) in october 2016 , our accelerated share repurchase ( 2018 2018asr 2019 2019 ) agreement concluded and we received an additional 44 thousand shares of our common stock . shares purchased pursuant to the asr agreement are presented in the table above in the periods in which they were received . performance graph the following graph compares the performance of our common stock ",increased,increased|decreased|roughly_unchanged|insufficient_data,roughly_unchanged|insufficient_data,committed,,,,,not_applicable,,,
hqa_CFQ_76164f50,convfinqa,Single_INTC/2018/page_48.pdf-2#turn1,5d49bdeedd72,numeric_to_directional,directional_change,"Conversation so far:
Q1: what was the change in net cash provided by operating activities between 2016 and 2017?

Question: what percentage change does this represent from 2016?",what percentage change does this represent from 2016?,"sources and uses of cash ( in millions ) in summary , our cash flows for each period were as follows : years ended ( in millions ) dec 29 , dec 30 , dec 31 . years ended ( in millions ) | dec 292018 | dec 302017 | dec 312016 net cash provided by operating activities | $ 29432 | $ 22110 | $ 21808 net cash used for investing activities | -11239 ( 11239 ) | -15762 ( 15762 ) | -25817 ( 25817 ) net cas",increased,increased|decreased|roughly_unchanged|insufficient_data,roughly_unchanged|insufficient_data,committed,,,,,not_applicable,,,
hqa_CFQ_847e456a,convfinqa,Double_DISCA/2018/page_39.pdf#turn0,f0d2bc75aae9,numeric_to_directional,directional_change,what is the net change in value of an investment in disca from 2013 to 2018?,what is the net change in value of an investment in disca from 2013 to 2018?,"stock performance graph the following graph sets forth the cumulative total shareholder return on our series a common stock , series b common stock and series c common stock as compared with the cumulative total return of the companies listed in the standard and poor 2019s 500 stock index ( 201cs&p 500 index 201d ) and a peer group of companies comprised of cbs corporation class b common stock , s",decreased,increased|decreased|roughly_unchanged|insufficient_data,roughly_unchanged|insufficient_data,committed,,,,,not_applicable,,,
hqa_CFQ_84869786,convfinqa,Double_AON/2007/page_185.pdf#turn0,6c11519b68c9,numeric_to_directional,directional_change,what was the change in the future minimum rental payments from 2008 to 2009?,what was the change in the future minimum rental payments from 2008 to 2009?,"notes to consolidated financial statements at december 31 , 2007 , future minimum rental payments required under operating leases for continuing operations that have initial or remaining noncancelable lease terms in excess of one year , net of sublease rental income , most of which pertain to real estate leases , are as follows : ( millions ) . 2008 | $ 317 2009 | 275 2010 | 236 2011 | 214 2012 | ",decreased,increased|decreased|roughly_unchanged|insufficient_data,roughly_unchanged|insufficient_data,committed,,,,,not_applicable,,,
hqa_CFQ_870de807,convfinqa,Single_JPM/2015/page_77.pdf-5#turn0,c3a37ff8e351,numeric_to_directional,directional_change,what is the change in value of the s&p from 2010 to 2015?,what is the change in value of the s&p from 2010 to 2015?,"jpmorgan chase & co./2015 annual report 67 five-year stock performance the following table and graph compare the five-year cumulative total return for jpmorgan chase & co . ( 201cjpmorgan chase 201d or the 201cfirm 201d ) common stock with the cumulative return of the s&p 500 index , the kbw bank index and the s&p financial index . the s&p 500 index is a commonly referenced united states of americ",increased,increased|decreased|roughly_unchanged|insufficient_data,roughly_unchanged|insufficient_data,committed,,,,,not_applicable,,,
hqa_CFQ_8a8b8535,convfinqa,Single_MO/2017/page_65.pdf-4#turn0,0779de9291c2,numeric_to_directional,directional_change,what is the net change in earnings attributable to altria group from 2016 to 2017?,what is the net change in earnings attributable to altria group from 2016 to 2017?,"10-k altria ar release tuesday , february 27 , 2018 10:00pm andra design llc performance stock units : in january 2017 , altria group , inc . granted an aggregate of 187886 performance stock units to eligible employees . the payout of the performance stock units requires the achievement of certain performance measures , which were predetermined at the time of grant , over a three-year performance ",decreased,increased|decreased|roughly_unchanged|insufficient_data,roughly_unchanged|insufficient_data,committed,,,,,not_applicable,,,
hqa_CFQ_8bd6d28a,convfinqa,Single_ABMD/2015/page_53.pdf-4#turn0,807b4bfbb01c,numeric_to_directional,directional_change,what is the net change in price of the nasdaq composite index from 2010 to 2013?,what is the net change in price of the nasdaq composite index from 2010 to 2013?,"performance graph the following graph compares the yearly change in the cumulative total stockholder return for our last five full fiscal years , based upon the market price of our common stock , with the cumulative total return on a nasdaq composite index ( u.s . companies ) and a peer group , the nasdaq medical equipment-sic code 3840-3849 index , which is comprised of medical equipment companie",increased,increased|decreased|roughly_unchanged|insufficient_data,roughly_unchanged|insufficient_data,committed,,,,,not_applicable,,,
hqa_CFQ_9621ac0e,convfinqa,Single_AMAT/2014/page_37.pdf-1#turn1,ee1b523cb933,numeric_to_directional,directional_change,"Conversation so far:
Q1: what was the price of applied materials as of 10/28/12?

Question: and the change in price between then and the original investment?",and the change in price between then and the original investment?,"performance graph the performance graph below shows the five-year cumulative total stockholder return on applied common stock during the period from october 25 , 2009 through october 26 , 2014 . this is compared with the cumulative total return of the standard & poor 2019s 500 stock index and the rdg semiconductor composite index over the same period . the comparison assumes $ 100 was invested on ",decreased,increased|decreased|roughly_unchanged|insufficient_data,roughly_unchanged|insufficient_data,committed,,,,,not_applicable,,,
hqa_CFQ_9cddac48,convfinqa,Single_EW/2013/page_33.pdf-1#turn1,e2bd771427f7,numeric_to_directional,directional_change,"Conversation so far:
Q1: what is the net change in value of edwards lifesciences in 2013 less 100?

Question: what is the percent change?",what is the percent change?,"25feb201400255845 performance graph the following graph compares the performance of our common stock with that of the s&p 500 index and the s&p 500 healthcare equipment index . the cumulative total return listed below assumes an initial investment of $ 100 on december 31 , 2008 and reinvestment of dividends . comparison of five year cumulative total return 2008 2009 2010 2011 20132012 edwards life",increased,increased|decreased|roughly_unchanged|insufficient_data,roughly_unchanged|insufficient_data,committed,,,,,not_applicable,,,
hqa_CFQ_ba327bc7,convfinqa,Single_JPM/2016/page_73.pdf-1#turn0,cf9a7261efb3,numeric_to_directional,directional_change,what was the change in the value of jpmorgan chase from the original investment in 2011 to 2016?,what was the change in the value of jpmorgan chase from the original investment in 2011 to 2016?,"jpmorgan chase & co./2016 annual report 35 five-year stock performance the following table and graph compare the five-year cumulative total return for jpmorgan chase & co . ( 201cjpmorgan chase 201d or the 201cfirm 201d ) common stock with the cumulative return of the s&p 500 index , the kbw bank index and the s&p financial index . the s&p 500 index is a commonly referenced united states of americ",increased,increased|decreased|roughly_unchanged|insufficient_data,roughly_unchanged|insufficient_data,committed,,,,,not_applicable,,,
hqa_CFQ_bce1262b,convfinqa,Single_BKNG/2015/page_38.pdf-4#turn1,16664bce60a3,numeric_to_directional,directional_change,"Conversation so far:
Q1: what is the 2015 value of priceline less 100?

Question: what is the percent change?",what is the percent change?,measurement point december 31 the priceline group nasdaq composite index s&p 500 rdg internet composite . measurement pointdecember 31 | the priceline group inc . | nasdaqcomposite index | s&p 500index | rdg internetcomposite 2010 | 100.00 | 100.00 | 100.00 | 100.00 2011 | 117.06 | 100.53 | 102.11 | 102.11 2012 | 155.27 | 116.92 | 118.45 | 122.23 2013 | 290.93 | 166.19 | 156.82 | 199.42 2014 | 285,increased,increased|decreased|roughly_unchanged|insufficient_data,roughly_unchanged|insufficient_data,committed,,,,,not_applicable,,,
hqa_CFQ_c80d1d26,convfinqa,Double_MAS/2010/page_29.pdf#turn0,5f125f58c6c2,numeric_to_directional,directional_change,what was the change in the performance price of the masco common stock in the five year period ended 2010?,what was the change in the performance price of the masco common stock in the five year period ended 2010?,"performance graph the table below compares the cumulative total shareholder return on our common stock with the cumulative total return of ( i ) the standard & poor 2019s 500 composite stock index ( 201cs&p 500 index 201d ) , ( ii ) the standard & poor 2019s industrials index ( 201cs&p industrials index 201d ) and ( iii ) the standard & poor 2019s consumer durables & apparel index ( 201cs&p consum",decreased,increased|decreased|roughly_unchanged|insufficient_data,roughly_unchanged|insufficient_data,committed,,,,,not_applicable,,,
hqa_CFQ_ca7d7f01,convfinqa,Single_ETFC/2015/page_27.pdf-1#turn0,f6429c53b3ca,numeric_to_directional,directional_change,what is the change in the value of an investment in e*trade financial corporation from 2010 to 2015?,what is the change in the value of an investment in e*trade financial corporation from 2010 to 2015?,"table of contents performance graph the following performance graph shows the cumulative total return to a holder of the company 2019s common stock , assuming dividend reinvestment , compared with the cumulative total return , assuming dividend reinvestment , of the standard & poor ( ""s&p"" ) 500 index and the dow jones us financials index during the period from december 31 , 2010 through december ",increased,increased|decreased|roughly_unchanged|insufficient_data,roughly_unchanged|insufficient_data,committed,,,,,not_applicable,,,
hqa_CFQ_e1fe26ff,convfinqa,Single_GPN/2007/page_39.pdf-2#turn1,69a70e5eb1f4,numeric_to_directional,directional_change,"Conversation so far:
Q1: what is the net change in value of global payments from 2003 to 2004?

Question: what is the percent change?",what is the percent change?,"stock performance graph the following line-graph presentation compares our cumulative shareholder returns with the standard & poor 2019s information technology index and the standard & poor 2019s 500 stock index for the past five years . the line graph assumes the investment of $ 100 in our common stock , the standard & poor 2019s information technology index , and the standard & poor 2019s 500 st",increased,increased|decreased|roughly_unchanged|insufficient_data,roughly_unchanged|insufficient_data,committed,,,,,not_applicable,,,
hqa_CFQ_e2dffb49,convfinqa,Single_TFX/2015/page_42.pdf-3#turn1,27a1412fe6f5,numeric_to_directional,directional_change,"Conversation so far:
Q1: what is the change value of the s&p healthcare index from 2010 to 2015?

Question: what is the change in value of the s&p 500 from 2010 to 2015?",what is the change in value of the s&p 500 from 2010 to 2015?,"stock performance graph the following graph provides a comparison of five year cumulative total stockholder returns of teleflex common stock , the standard & poor 2019s ( s&p ) 500 stock index and the s&p 500 healthcare equipment & supply index . the annual changes for the five-year period shown on the graph are based on the assumption that $ 100 had been invested in teleflex common stock and each",increased,increased|decreased|roughly_unchanged|insufficient_data,roughly_unchanged|insufficient_data,committed,,,,,not_applicable,,,
hqa_CFQ_e45ced5c,convfinqa,Single_AON/2009/page_90.pdf-4#turn0,bb58daee94ae,numeric_to_directional,directional_change,what was the change in value of unrecognized tax benefits from 2008 to 2009?,what was the change in value of unrecognized tax benefits from 2008 to 2009?,"at december 31 , 2009 , aon had domestic federal operating loss carryforwards of $ 7 million that will expire at various dates from 2010 to 2024 , state operating loss carryforwards of $ 513 million that will expire at various dates from 2010 to 2028 , and foreign operating and capital loss carryforwards of $ 453 million and $ 252 million , respectively , nearly all of which are subject to indefin",decreased,increased|decreased|roughly_unchanged|insufficient_data,roughly_unchanged|insufficient_data,committed,,,,,not_applicable,,,
hqa_CFQ_eaf13931,convfinqa,Single_MMM/2015/page_19.pdf-2#turn0,7a22e719d2b1,numeric_to_directional,directional_change,what was the change in the amount of shares authorized for repurchase between 2014 and 2016?,what was the change in the amount of shares authorized for repurchase between 2014 and 2016?,"part ii item 5 . market for registrant 2019s common equity , related stockholder matters and issuer purchases of equity securities . equity compensation plans 2019 information is incorporated by reference from part iii , item 12 , 201csecurity ownership of certain beneficial owners and management and related stockholder matters , 201d of this document , and should be considered an integral part of",decreased,increased|decreased|roughly_unchanged|insufficient_data,roughly_unchanged|insufficient_data,committed,,,,,not_applicable,,,
hqa_CFQ_eb6cfd8c,convfinqa,Single_RCL/2016/page_37.pdf-2#turn1,144cf8e19f3d,numeric_to_directional,directional_change,"Conversation so far:
Q1: what is the value of an investment in s&p500 in 2016?

Question: what is the change in value of an investment in s&p500 from 2011 to 2016?",what is the change in value of an investment in s&p500 from 2011 to 2016?,"performance graph the following graph compares the total return , assuming reinvestment of dividends , on an investment in the company , based on performance of the company's common stock , with the total return of the standard & poor's 500 composite stock index and the dow jones united states travel and leisure index for a five year period by measuring the changes in common stock prices from dece",increased,increased|decreased|roughly_unchanged|insufficient_data,roughly_unchanged|insufficient_data,committed,,,,,not_applicable,,,
hqa_CFQ_f1de8ce5,convfinqa,Single_ORLY/2017/page_30.pdf-1#turn0,190f6c7f21ea,numeric_to_directional,directional_change,what is the net change in value of an investment in s&p500 from 2014 to 2016?,what is the net change in value of an investment in s&p500 from 2014 to 2016?,"stock performance graph : the graph below shows the cumulative total shareholder return assuming the investment of $ 100 , on december 31 , 2012 , and the reinvestment of dividends thereafter , if any , in the company 2019s common stock versus the standard and poor 2019s s&p 500 retail index ( 201cs&p 500 retail index 201d ) and the standard and poor 2019s s&p 500 index ( 201cs&p 500 201d ) . . co",increased,increased|decreased|roughly_unchanged|insufficient_data,roughly_unchanged|insufficient_data,committed,,,,,not_applicable,,,
hqa_CFQ_f3666c8b,convfinqa,Single_STT/2013/page_54.pdf-4#turn0,617bb126699d,numeric_to_directional,directional_change,what is the fraction change of the investment in s&p500 from 2008 to 2013?,what is the fraction change of the investment in s&p500 from 2008 to 2013?,"shareholder return performance presentation the graph presented below compares the cumulative total shareholder return on state street's common stock to the cumulative total return of the s&p 500 index , the s&p financial index and the kbw bank index over a five- year period . the cumulative total shareholder return assumes the investment of $ 100 in state street common stock and in each index on ",increased,increased|decreased|roughly_unchanged|insufficient_data,roughly_unchanged|insufficient_data,committed,,,,,not_applicable,,,
hqa_CFQ_f82e55fe,convfinqa,Single_ETR/2004/page_159.pdf-1#turn0,86db5e439cc3,numeric_to_directional,directional_change,what was the net change in revenues from 2003 to 2004?,what was the net change in revenues from 2003 to 2004?,"entergy arkansas , inc . management's financial discussion and analysis results of operations net income 2004 compared to 2003 net income increased $ 16.2 million due to lower other operation and maintenance expenses , a lower effective income tax rate for 2004 compared to 2003 , and lower interest charges . the increase was partially offset by lower net revenue . 2003 compared to 2002 net income ",decreased,increased|decreased|roughly_unchanged|insufficient_data,roughly_unchanged|insufficient_data,committed,,,,,not_applicable,,,
hqa_FQ_0921febd,finqa,STT/2001/page_85.pdf-3,52be08c01336,numeric_to_directional,directional_change,what is the percentage change in the balance of letters of credit from 2000 to 2001?,what is the percentage change in the balance of letters of credit from 2000 to 2001?,"loan commitments ( unfunded loans and unused lines of credit ) , asset purchase agreements , standby letters of credit and letters of credit are issued to accommodate the financing needs of state street 2019s clients and to provide credit enhancements to special purpose entities . loan commitments are agreements by state street to lend monies at a future date . asset purchase agreements are commit",decreased,increased|decreased|roughly_unchanged|insufficient_data,roughly_unchanged|insufficient_data,committed,,,,,not_applicable,,,
hqa_FQ_0bb282d6,finqa,AON/2018/page_90.pdf-2,0e630d23f453,numeric_to_directional,directional_change,what was the change in the total benefits from 2017 to 2018 in millions,what was the change in the total benefits from 2017 to 2018 in millions,( 3 ) refer to note 2 201csummary of significant accounting principles and practices 201d for further information . 13 . employee benefitsp y defined contribution savings plans aon maintains defined contribution savings plans for the benefit of its employees . the expense recognized for these plans is included in compensation and benefits in the consolidated statements of income . the expense for ,decreased,increased|decreased|roughly_unchanged|insufficient_data,roughly_unchanged|insufficient_data,committed,,,,,not_applicable,,,
hqa_FQ_14d227e6,finqa,AAPL/2016/page_23.pdf-1,ecaa1e19f38a,numeric_to_directional,directional_change,what was the cumulative change in apple inc . stock between 2016 and 2011?,what was the cumulative change in apple inc . stock between 2016 and 2011?,"apple inc . | 2016 form 10-k | 20 company stock performance the following graph shows a comparison of cumulative total shareholder return , calculated on a dividend reinvested basis , for the company , the s&p 500 index , the s&p information technology index and the dow jones u.s . technology supersector index for the five years ended september 24 , 2016 . the graph assumes $ 100 was invested in e",increased,increased|decreased|roughly_unchanged|insufficient_data,roughly_unchanged|insufficient_data,committed,,,,,not_applicable,,,
hqa_FQ_19f6d315,finqa,C/2018/page_179.pdf-3,8ae9f07729b8,numeric_to_directional,directional_change,what was the percentage change in the total incentive compensation from 2017 to 2018,what was the percentage change in the total incentive compensation from 2017 to 2018,"incentive compensation cost the following table shows components of compensation expense , relating to certain of the incentive compensation programs described above : in a0millions a0of a0dollars 2018 2017 2016 charges for estimated awards to retirement-eligible employees $ 669 $ 659 $ 555 amortization of deferred cash awards , deferred cash stock units and performance stock units 202 354 336 imm",decreased,increased|decreased|roughly_unchanged|insufficient_data,roughly_unchanged|insufficient_data,committed,,,,,not_applicable,,,
hqa_FQ_1e05763b,finqa,CB/2008/page_217.pdf-2,30386cd56e44,numeric_to_directional,directional_change,what is the percentage change in the balance of outstanding options from 2005 to 2008?,what is the percentage change in the balance of outstanding options from 2005 to 2008?,"n o t e s t o c o n s o l i d a t e d f i n a n c i a l s t a t e m e n t s ( continued ) ace limited and subsidiaries the following table shows changes in the company 2019s stock options for the years ended december 31 , 2008 , 2007 , and number of options weighted average exercise price . | number of options | weightedaverageexercise price options outstanding december 31 2005 | 12643761 | $ 36.5",decreased,increased|decreased|roughly_unchanged|insufficient_data,roughly_unchanged|insufficient_data,committed,,,,,not_applicable,,,
hqa_FQ_294c3620,finqa,AAPL/2015/page_24.pdf-2,7fc4ad087d03,numeric_to_directional,directional_change,what was the change in the s&p 500 index between 2010 and 2015?,what was the change in the s&p 500 index between 2010 and 2015?,"table of contents company stock performance the following graph shows a comparison of cumulative total shareholder return , calculated on a dividend reinvested basis , for the company , the s&p 500 index , the s&p information technology index and the dow jones u.s . technology supersector index for the five years ended september 26 , 2015 . the graph assumes $ 100 was invested in each of the compa",increased,increased|decreased|roughly_unchanged|insufficient_data,roughly_unchanged|insufficient_data,committed,,,,,not_applicable,,,
hqa_FQ_32685ea4,finqa,RE/2016/page_40.pdf-2,15c8bd74b3d6,numeric_to_directional,directional_change,what was the change in the amount of pre-tax catastrophe losses from 2015 to 2016 in millions,what was the change in the amount of pre-tax catastrophe losses from 2015 to 2016 in millions,"risks relating to our business fluctuations in the financial markets could result in investment losses . prolonged and severe disruptions in the overall public debt and equity markets , such as occurred during 2008 , could result in significant realized and unrealized losses in our investment portfolio . although financial markets have significantly improved since 2008 , they could deteriorate in ",increased,increased|decreased|roughly_unchanged|insufficient_data,roughly_unchanged|insufficient_data,committed,,,,,not_applicable,,,
hqa_FQ_37ff807a,finqa,CB/2008/page_243.pdf-3,1d2c2d818d35,numeric_to_directional,directional_change,what is the growth rate of net amount from 2007 to 2008?,what is the growth rate of net amount from 2007 to 2008?,"s c h e d u l e i v ( continued ) ace limited and subsidiaries s u p p l e m e n t a l i n f o r m a t i o n c o n c e r n i n g r e i n s u r a n c e premiums earned for the years ended december 31 , 2008 , 2007 , and 2006 ( in millions of u.s . dollars ) direct amount ceded to companies assumed from other companies net amount percentage of amount assumed to . for the years ended december 31 2008",increased,increased|decreased|roughly_unchanged|insufficient_data,roughly_unchanged|insufficient_data,committed,,,,,not_applicable,,,
hqa_FQ_38d63fd6,finqa,GIS/2019/page_53.pdf-1,0c687debaf85,numeric_to_directional,directional_change,what is the change in fair value of foreign currency instruments from 2018 to 2019?,what is the change in fair value of foreign currency instruments from 2018 to 2019?,"the table below presents the estimated maximum potential var arising from a one-day loss in fair value for our interest rate , foreign currency , commodity , and equity market-risk-sensitive instruments outstanding as of may 26 , 2019 and may 27 , 2018 , and the average fair value impact during the year ended may 26 , 2019. . in millions | fair value impact may 26 2019 | fair value impact averaged",decreased,increased|decreased|roughly_unchanged|insufficient_data,roughly_unchanged|insufficient_data,committed,,,,,not_applicable,,,
hqa_FQ_3bd14ae7,finqa,ETR/2008/page_313.pdf-4,479167bc7efa,numeric_to_directional,directional_change,what is the percent change in net revenue between 2007 and 2008?,what is the percent change in net revenue between 2007 and 2008?,"entergy louisiana , llc management's financial discussion and analysis net revenue 2008 compared to 2007 net revenue consists of operating revenues net of : 1 ) fuel , fuel-related expenses , and gas purchased for resale , 2 ) purchased power expenses , and 3 ) other regulatory charges . following is an analysis of the change in net revenue comparing 2008 to 2007 . amount ( in millions ) . | amoun",decreased,increased|decreased|roughly_unchanged|insufficient_data,roughly_unchanged|insufficient_data,committed,,,,,not_applicable,,,
hqa_FQ_4b4abc53,finqa,PKG/2005/page_73.pdf-4,f82342be960a,numeric_to_directional,directional_change,"what was the percentage change in total lease expense , including base rent on all leases and executory costs , such as insurance , taxes , and maintenance from 2004 to 2005?","what was the percentage change in total lease expense , including base rent on all leases and executory costs , such as insurance , taxes , and maintenance from 2004 to 2005?","packaging corporation of america notes to consolidated financial statements ( continued ) december 31 , 2005 9 . shareholders 2019 equity ( continued ) stockholder received proceeds , net of the underwriting discount , of $ 20.69 per share . the company did not sell any shares in , or receive any proceeds from , the secondary offering . concurrent with the closing of the secondary offering on dece",increased,increased|decreased|roughly_unchanged|insufficient_data,roughly_unchanged|insufficient_data,committed,,,,,not_applicable,,,
hqa_FQ_4f19e5e1,finqa,ADI/2010/page_82.pdf-1,0fe0f7029691,numeric_to_directional,directional_change,what is the percentage change in the total expense related to the defined contribution plan for u.s employees in 2010?,what is the percentage change in the total expense related to the defined contribution plan for u.s employees in 2010?,"the following is a schedule of future minimum rental payments required under long-term operating leases at october 30 , 2010 : fiscal years operating leases . fiscal years | operating leases 2011 | $ 21871 2012 | 12322 2013 | 9078 2014 | 6381 2015 | 5422 later years | 30655 total | $ 85729 12 . commitments and contingencies from time to time in the ordinary course of the company 2019s business , v",decreased,increased|decreased|roughly_unchanged|insufficient_data,roughly_unchanged|insufficient_data,committed,,,,,not_applicable,,,
hqa_FQ_5708c95c,finqa,FIS/2006/page_88.pdf-4,57099cdb66af,numeric_to_directional,directional_change,what is the percentage change in estimated fair value of the cash flow hedges from 2005 to 2006?,what is the percentage change in estimated fair value of the cash flow hedges from 2005 to 2006?,"through the certegy merger , the company has an obligation to service $ 200 million ( aggregate principal amount ) of unsecured 4.75% ( 4.75 % ) fixed-rate notes due in 2008 . the notes were recorded in purchase accounting at a discount of $ 5.7 million , which is being amortized over the term of the notes . the notes accrue interest at a rate of 4.75% ( 4.75 % ) per year , payable semi-annually i",decreased,increased|decreased|roughly_unchanged|insufficient_data,roughly_unchanged|insufficient_data,committed,,,,,not_applicable,,,
hqa_FQ_582b6cb3,finqa,AWK/2018/page_162.pdf-1,2875016c5135,numeric_to_directional,directional_change,what was the change in value for level 3 inputs during 2018?\\n,what was the change in value for level 3 inputs during 2018?\\n,"asset category target allocation total quoted prices in active markets for identical assets ( level 1 ) significant observable inputs ( level 2 ) significant unobservable inputs . | level 3 balance as of january 1 2018 | $ 278 actual return on assets | -23 ( 23 ) purchases issuances and settlements net | -25 ( 25 ) balance as of december 31 2018 | $ 230 balance as of january 1 , 2017 . . . . . . .",decreased,increased|decreased|roughly_unchanged|insufficient_data,roughly_unchanged|insufficient_data,committed,,,,,not_applicable,,,
hqa_FQ_583bec62,finqa,C/2009/page_48.pdf-2,552a975bbdd5,numeric_to_directional,directional_change,what was the percentage change in total operating expenses between 2007 and 2008?,what was the percentage change in total operating expenses between 2007 and 2008?,"corporate/other corporate/other includes global staff functions ( includes finance , risk , human resources , legal and compliance ) and other corporate expense , global operations and technology ( o&t ) , residual corporate treasury and corporate items . at december 31 , 2009 , this segment had approximately $ 230 billion of assets , consisting primarily of the company 2019s liquidity portfolio ,",decreased,increased|decreased|roughly_unchanged|insufficient_data,roughly_unchanged|insufficient_data,committed,,,,,not_applicable,,,
hqa_FQ_77dbe36f,finqa,ETR/2015/page_18.pdf-3,0e5325c43609,numeric_to_directional,directional_change,what is the growth rate of net revenue from 2014 to 2015 for entergy wholesale commodities?,what is the growth rate of net revenue from 2014 to 2015 for entergy wholesale commodities?,"entergy corporation and subsidiaries management 2019s financial discussion and analysis the miso deferral variance is primarily due to the deferral in 2014 of non-fuel miso-related charges , as approved by the lpsc and the mpsc . the deferral of non-fuel miso-related charges is partially offset in other operation and maintenance expenses . see note 2 to the financial statements for further discuss",decreased,increased|decreased|roughly_unchanged|insufficient_data,roughly_unchanged|insufficient_data,committed,,,,,not_applicable,,,
hqa_FQ_7bb9c736,finqa,PM/2017/page_25.pdf-1,177b0661a7be,numeric_to_directional,directional_change,what is the growth rate in pmi's share price from 2012 to 2013?,what is the growth rate in pmi's share price from 2012 to 2013?,"performance graph the graph below compares the cumulative total shareholder return on pmi's common stock with the cumulative total return for the same period of pmi's peer group and the s&p 500 index . the graph assumes the investment of $ 100 as of december 31 , 2012 , in pmi common stock ( at prices quoted on the new york stock exchange ) and each of the indices as of the market close and reinve",increased,increased|decreased|roughly_unchanged|insufficient_data,roughly_unchanged|insufficient_data,committed,,,,,not_applicable,,,
hqa_FQ_7f2fc914,finqa,JKHY/2015/page_20.pdf-2,7d2fdfc33091,numeric_to_directional,directional_change,what was the percentage change in the 5 year annual performance of the peer group stock from 2010 to 2011,what was the percentage change in the 5 year annual performance of the peer group stock from 2010 to 2011,"18 2015 annual report performance graph the following chart presents a comparison for the five-year period ended june 30 , 2015 , of the market performance of the company 2019s common stock with the s&p 500 index and an index of peer companies selected by the company : comparison of 5 year cumulative total return among jack henry & associates , inc. , the s&p 500 index , and a peer group the follo",increased,increased|decreased|roughly_unchanged|insufficient_data,roughly_unchanged|insufficient_data,committed,,,,,not_applicable,,,
hqa_FQ_8462e4ce,finqa,HUM/2007/page_96.pdf-3,09fc1f9846f7,numeric_to_directional,directional_change,what was the percent of the change in the weighted average grant date fair value of our restricted stock awards from 2006 to 2007,what was the percent of the change in the weighted average grant date fair value of our restricted stock awards from 2006 to 2007,"humana inc . notes to consolidated financial statements 2014 ( continued ) the total intrinsic value of stock options exercised during 2007 was $ 133.9 million , compared with $ 133.7 million during 2006 and $ 57.8 million during 2005 . cash received from stock option exercises for the years ended december 31 , 2007 , 2006 , and 2005 totaled $ 62.7 million , $ 49.2 million , and $ 36.4 million , r",increased,increased|decreased|roughly_unchanged|insufficient_data,roughly_unchanged|insufficient_data,committed,,,,,not_applicable,,,
hqa_FQ_9bfd2289,finqa,ETR/2016/page_342.pdf-1,9bf502c04c85,numeric_to_directional,directional_change,what is the growth rate in net revenue in 2016 for entergy louisiana?,what is the growth rate in net revenue in 2016 for entergy louisiana?,"entergy louisiana , llc and subsidiaries management 2019s financial discussion and analysis results of operations net income 2016 compared to 2015 net income increased $ 175.4 million primarily due to the effect of a settlement with the irs related to the 2010-2011 irs audit , which resulted in a $ 136.1 million reduction of income tax expense . also contributing to the increase were lower other o",increased,increased|decreased|roughly_unchanged|insufficient_data,roughly_unchanged|insufficient_data,committed,,,,,not_applicable,,,
hqa_FQ_a719583b,finqa,ETR/2004/page_258.pdf-3,fe50714ae57d,numeric_to_directional,directional_change,"what is the growth rate in net revenue for entergy new orleans , inc . in 2004?","what is the growth rate in net revenue for entergy new orleans , inc . in 2004?","entergy new orleans , inc . management's financial discussion and analysis results of operations net income ( loss ) 2004 compared to 2003 net income increased $ 20.2 million primarily due to higher net revenue . 2003 compared to 2002 entergy new orleans had net income of $ 7.9 million in 2003 compared to a net loss in 2002 . the increase was due to higher net revenue and lower interest expense , ",increased,increased|decreased|roughly_unchanged|insufficient_data,roughly_unchanged|insufficient_data,committed,,,,,not_applicable,,,
hqa_FQ_a86cb433,finqa,AAPL/2008/page_38.pdf-2,7c14ce07f46b,numeric_to_directional,directional_change,what was the change in cumulative total return for the s&p a9500 between 2003 and 2004?,what was the change in cumulative total return for the s&p a9500 between 2003 and 2004?,"table of contents company stock performance the following graph shows a five-year comparison of cumulative total shareholder return , calculated on a dividend reinvested basis , for the company , the s&p 500 composite index ( the 201cs&p 500 201d ) and the s&p computers ( hardware ) index ( the 201cindustry index 201d ) . the graph assumes $ 100 was invested in each of the company 2019s common sto",decreased,increased|decreased|roughly_unchanged|insufficient_data,roughly_unchanged|insufficient_data,committed,,,,,not_applicable,,,
hqa_FQ_bc40e0eb,finqa,SNA/2018/page_33.pdf-2,c2a84ab2b936,numeric_to_directional,directional_change,what is the average annual growth rate for snap from 2016 to 2018?,what is the average annual growth rate for snap from 2016 to 2018?,"2018 annual report 23 five-year stock performance graph the graph below illustrates the cumulative total shareholder return on snap-on common stock since december 31 , 2013 , of a $ 100 investment , assuming that dividends were reinvested quarterly . the graph compares snap-on 2019s performance to that of the standard & poor 2019s 500 industrials index ( 201cs&p 500 industrials 201d ) and standard",decreased,increased|decreased|roughly_unchanged|insufficient_data,roughly_unchanged|insufficient_data,committed,,,,,not_applicable,,,
hqa_FQ_bcae6105,finqa,ETR/2013/page_136.pdf-4,0d83e415ce53,numeric_to_directional,directional_change,what is the percent change in future minimum lease payments from 2015 to 2016?,what is the percent change in future minimum lease payments from 2015 to 2016?,"entergy corporation and subsidiaries notes to financial statements this difference as a regulatory asset or liability on an ongoing basis , resulting in a zero net balance for the regulatory asset at the end of the lease term . the amount was a net regulatory liability of $ 61.6 million and $ 27.8 million as of december 31 , 2013 and 2012 , respectively . as of december 31 , 2013 , system energy h",increased,increased|decreased|roughly_unchanged|insufficient_data,roughly_unchanged|insufficient_data,committed,,,,,not_applicable,,,
hqa_FQ_bfbf5888,finqa,ETR/2011/page_316.pdf-4,4f892de898a5,numeric_to_directional,directional_change,what is the growth rate in net revenue from 2010 to 2011?,what is the growth rate in net revenue from 2010 to 2011?,"entergy louisiana , llc and subsidiaries management 2019s financial discussion and analysis plan to spin off the utility 2019s transmission business see the 201cplan to spin off the utility 2019s transmission business 201d section of entergy corporation and subsidiaries management 2019s financial discussion and analysis for a discussion of this matter , including the planned retirement of debt and",decreased,increased|decreased|roughly_unchanged|insufficient_data,roughly_unchanged|insufficient_data,committed,,,,,not_applicable,,,
hqa_FQ_c868faac,finqa,VNO/2011/page_177.pdf-1,9c9c66b25445,numeric_to_directional,directional_change,what was the percentage change in the redeemable noncontrolling interests from 2009 to 2010,what was the percentage change in the redeemable noncontrolling interests from 2009 to 2010,vornado realty trust notes to consolidated financial statements ( continued ) 10 . redeemable noncontrolling interests - continued redeemable noncontrolling interests on our consolidated balance sheets are recorded at the greater of their carrying amount or redemption value at the end of each reporting period . changes in the value from period to period are charged to 201cadditional capital 201d i,increased,increased|decreased|roughly_unchanged|insufficient_data,roughly_unchanged|insufficient_data,committed,,,,,not_applicable,,,
hqa_FQ_cb42aedc,finqa,C/2016/page_207.pdf-2,98e906fb1c80,numeric_to_directional,directional_change,what was the percent of the change in the 8 total brokerage payable from 2015 to 2016,what was the percent of the change in the 8 total brokerage payable from 2015 to 2016,"12 . brokerage receivables and brokerage payables citi has receivables and payables for financial instruments sold to and purchased from brokers , dealers and customers , which arise in the ordinary course of business . citi is exposed to risk of loss from the inability of brokers , dealers or customers to pay for purchases or to deliver the financial instruments sold , in which case citi would ha",increased,increased|decreased|roughly_unchanged|insufficient_data,roughly_unchanged|insufficient_data,committed,,,,,not_applicable,,,
hqa_FQ_cccdd70f,finqa,STT/2012/page_42.pdf-3,73eb5eb7cbdd,numeric_to_directional,directional_change,what is the percent change in state street corporation's cumulative total shareholder return on common stock between 2008 and 2009?,what is the percent change in state street corporation's cumulative total shareholder return on common stock between 2008 and 2009?,"shareholder return performance presentation the graph presented below compares the cumulative total shareholder return on state street's common stock to the cumulative total return of the s&p 500 index and the s&p financial index over a five-year period . the cumulative total shareholder return assumes the investment of $ 100 in state street common stock and in each index on december 31 , 2007 at ",increased,increased|decreased|roughly_unchanged|insufficient_data,roughly_unchanged|insufficient_data,committed,,,,,not_applicable,,,
hqa_FQ_cdc17c89,finqa,AAL/2016/page_37.pdf-1,3e1e9049f163,numeric_to_directional,directional_change,what was the net change in airliner count during 2016?,what was the net change in airliner count during 2016?,"table of contents item 2 . properties flight equipment and fleet renewal as of december 31 , 2016 , american operated a mainline fleet of 930 aircraft . in 2016 , we continued our extensive fleet renewal program , which has provided us with the youngest fleet of the major u.s . network carriers . during 2016 , american took delivery of 55 new mainline aircraft and retired 71 aircraft . we are supp",decreased,increased|decreased|roughly_unchanged|insufficient_data,roughly_unchanged|insufficient_data,committed,,,,,not_applicable,,,
hqa_FQ_d04445bc,finqa,VNO/2010/page_173.pdf-1,9b48b7952ea9,numeric_to_directional,directional_change,what was the percentage change in the redeemable non controlling interests balance at december 31 2009 from 2008,what was the percentage change in the redeemable non controlling interests balance at december 31 2009 from 2008,vornado realty trust notes to consolidated financial statements ( continued ) 10 . redeemable noncontrolling interests - continued redeemable noncontrolling interests on our consolidated balance sheets are recorded at the greater of their carrying amount or redemption value at the end of each reporting period . changes in the value from period to period are charged to 201cadditional capital 201d i,increased,increased|decreased|roughly_unchanged|insufficient_data,roughly_unchanged|insufficient_data,committed,,,,,not_applicable,,,
hqa_FQ_d32f7aa4,finqa,JPM/2010/page_236.pdf-1,65011d7b2bd0,numeric_to_directional,directional_change,what was the percentage change in the accretable yield activity for the firm 2019s pci consumer loans in 2010,what was the percentage change in the accretable yield activity for the firm 2019s pci consumer loans in 2010,"notes to consolidated financial statements 236 jpmorgan chase & co./2010 annual report the table below sets forth the accretable yield activity for the firm 2019s pci consumer loans for the years ended december 31 , 2010 , 2009 and . year ended december 31 , ( in millions except ratios ) | year ended december 31 , 2010 | year ended december 31 , 2009 | 2008 balance january 1 | $ 25544 | $ 32619 | ",decreased,increased|decreased|roughly_unchanged|insufficient_data,roughly_unchanged|insufficient_data,committed,,,,,not_applicable,,,
hqa_FQ_d99d6e5a,finqa,RE/2010/page_138.pdf-3,7f37dc208f02,numeric_to_directional,directional_change,what is the percent change of the beginning and ending amount of unrecognized tax benefits in 2009?,what is the percent change of the beginning and ending amount of unrecognized tax benefits in 2009?,"a reconciliation of the beginning and ending amount of unrecognized tax benefits , for the periods indicated , is as follows: . ( dollars in thousands ) | 2010 | 2009 | 2008 balance at january 1 | $ 29010 | $ 34366 | $ 29132 additions based on tax positions related to the current year | 7119 | 6997 | 5234 additions for tax positions of prior years | - | - | - reductions for tax positions of prior ",decreased,increased|decreased|roughly_unchanged|insufficient_data,roughly_unchanged|insufficient_data,committed,,,,,not_applicable,,,
hqa_FQ_dc32fb1c,finqa,ORLY/2018/page_30.pdf-3,53f32e7fb631,numeric_to_directional,directional_change,what was the five year change in value of the o 2019reilly automotive inc . stock?,what was the five year change in value of the o 2019reilly automotive inc . stock?,"stock performance graph : the graph below shows the cumulative total shareholder return assuming the investment of $ 100 , on december 31 , 2013 , and the reinvestment of dividends thereafter , if any , in the company 2019s common stock versus the standard and poor 2019s s&p 500 retail index ( 201cs&p 500 retail index 201d ) and the standard and poor 2019s s&p 500 index ( 201cs&p 500 201d ) . . co",increased,increased|decreased|roughly_unchanged|insufficient_data,roughly_unchanged|insufficient_data,committed,,,,,not_applicable,,,
hqa_FQ_e6e1f02f,finqa,DG/2008/page_73.pdf-4,66ad8a80cdd1,numeric_to_directional,directional_change,"what is the percentage change in held-to-maturity securities at cost and at fair value as of january 30 , 2009?","what is the percentage change in held-to-maturity securities at cost and at fair value as of january 30 , 2009?","the contractual maturities of held-to-maturity securities as of january 30 , 2009 were in excess of three years and were $ 31.4 million at cost and $ 28.9 million at fair value , respectively . for the successor year ended january 30 , 2009 and period ended february 1 , 2008 , and the predecessor period ended july 6 , 2007 and year ended february 2 , 2007 , gross realized gains and losses on the s",decreased,increased|decreased|roughly_unchanged|insufficient_data,roughly_unchanged|insufficient_data,committed,,,,,not_applicable,,,
hqa_FQ_e7c2edef,finqa,HST/2018/page_160.pdf-1,6f626723ef2c,numeric_to_directional,directional_change,what was the net change in millions in the accumulated depreciation and amortization of real estate assets from 2015 to 2016?,what was the net change in millions in the accumulated depreciation and amortization of real estate assets from 2015 to 2016?,"schedule iii page 6 of 6 host hotels & resorts , inc. , and subsidiaries host hotels & resorts , l.p. , and subsidiaries real estate and accumulated depreciation december 31 , 2018 ( in millions ) ( b ) the change in accumulated depreciation and amortization of real estate assets for the fiscal years ended december 31 , 2018 , 2017 and 2016 is as follows: . balance at december 31 2015 | $ 5666 dep",increased,increased|decreased|roughly_unchanged|insufficient_data,roughly_unchanged|insufficient_data,committed,,,,,not_applicable,,,
hqa_FQ_e98c5e1e,finqa,ETR/2011/page_358.pdf-1,a22d61a47ae3,numeric_to_directional,directional_change,what is the growth rate in net revenue from 2010 to 2011?,what is the growth rate in net revenue from 2010 to 2011?,"entergy new orleans , inc . management 2019s financial discussion and analysis plan to spin off the utility 2019s transmission business see the 201cplan to spin off the utility 2019s transmission business 201d section of entergy corporation and subsidiaries management 2019s financial discussion and analysis for a discussion of this matter , including the planned retirement of debt and preferred se",decreased,increased|decreased|roughly_unchanged|insufficient_data,roughly_unchanged|insufficient_data,committed,,,,,not_applicable,,,
hqa_FQ_e9d8aa67,finqa,HIG/2014/page_126.pdf-2,b1d1e2e4c9e3,numeric_to_directional,directional_change,what is the growth rate in balance of u.s . life insurance subsidiaries from 2013 to 2014?,what is the growth rate in balance of u.s . life insurance subsidiaries from 2013 to 2014?,"the agencies consider many factors in determining the final rating of an insurance company . one consideration is the relative level of statutory surplus necessary to support the business written . statutory surplus represents the capital of the insurance company reported in accordance with accounting practices prescribed by the applicable state insurance department . see part i , item 1a . risk f",increased,increased|decreased|roughly_unchanged|insufficient_data,roughly_unchanged|insufficient_data,committed,,,,,not_applicable,,,
hqa_FQ_ee6f94ed,finqa,UNP/2009/page_38.pdf-4,9673704df9aa,numeric_to_directional,directional_change,what was the percentage change in cash provided by operating activities from 2007 to 2008?,what was the percentage change in cash provided by operating activities from 2007 to 2008?,"have access to liquidity by issuing bonds to public or private investors based on our assessment of the current condition of the credit markets . at december 31 , 2009 , we had a working capital surplus of approximately $ 1.0 billion , which reflects our decision to maintain additional cash reserves to enhance liquidity in response to difficult economic conditions . at december 31 , 2008 , we had ",increased,increased|decreased|roughly_unchanged|insufficient_data,roughly_unchanged|insufficient_data,committed,,,,,not_applicable,,,
hqa_FQ_ef8ca35e,finqa,ALXN/2007/page_49.pdf-1,e26b8acc172a,numeric_to_directional,directional_change,what is the percent change in the investment into alexion pharmaceuticals between 7/02 and 7/03?,what is the percent change in the investment into alexion pharmaceuticals between 7/02 and 7/03?,"the company 2019s stock performance the following graph compares cumulative total return of the company 2019s common stock with the cumulative total return of ( i ) the nasdaq stock market-united states , and ( ii ) the nasdaq biotechnology index . the graph assumes ( a ) $ 100 was invested on july 31 , 2001 in each of the company 2019s common stock , the stocks comprising the nasdaq stock market-",increased,increased|decreased|roughly_unchanged|insufficient_data,roughly_unchanged|insufficient_data,committed,,,,,not_applicable,,,
hqa_FQ_efa45e04,finqa,HOLX/2004/page_87.pdf-2,8a3e0f6c365f,numeric_to_directional,directional_change,what was the percentage change in rental expense between 2003 and 2004?,what was the percentage change in rental expense between 2003 and 2004?,"hologic , inc . notes to consolidated financial statements 2014 ( continued ) ( in thousands , except per share data ) future minimum lease payments under all the company 2019s operating leases are approximately as follows: . fiscal years ending | amount september 24 2005 | $ 4848 september 30 2006 | 4672 september 29 2007 | 3680 september 27 2008 | 3237 september 26 2009 | 3158 thereafter | 40764",decreased,increased|decreased|roughly_unchanged|insufficient_data,roughly_unchanged|insufficient_data,committed,,,,,not_applicable,,,
hqa_FQ_f6d8326c,finqa,L/2016/page_62.pdf-1,fbd02c509d4d,numeric_to_directional,directional_change,what was the growth rate of the s&p 500 index from 2011 to 2016,what was the growth rate of the s&p 500 index from 2011 to 2016,"item 5 . market for the registrant 2019s common equity , related stockholder matters and issuer purchases of equity securities the following graph compares annual total return of our common stock , the standard & poor 2019s 500 composite stock index ( 201cs&p 500 index 201d ) and our peer group ( 201cloews peer group 201d ) for the five years ended december 31 , 2016 . the graph assumes that the v",increased,increased|decreased|roughly_unchanged|insufficient_data,roughly_unchanged|insufficient_data,committed,,,,,not_applicable,,,
hqa_TAT_0a4b6243,tatqa,0026dd98-75c7-4e4e-b7f2-283c6281180d,91b960ec3b03,numeric_to_directional,directional_change,What was the percentage change in Current income tax expense (benefit) in 2019 from 2018?,What was the percentage change in Current income tax expense (benefit) in 2019 from 2018?,"| | Fiscal | | 2019 | 2018 | 2017 | | (in millions) | Current income tax expense (benefit): | | | U.S.: | | | Federal | $ (28) | $ 20 | $ (9) State | 2 | 21 | 9 Non-U.S. | 229 | 406 | 322 | 203 | 447 | 322 Deferred income tax expense (benefit): | | | U.S.: | | | Federal | (25) | 499 | (119) State | (8) | (30) | (15) Non-U.S. | (185) | (1,260) | (8) | (218) | (791) | (142) Income tax expense (benef",decreased,increased|decreased|roughly_unchanged|insufficient_data,roughly_unchanged|insufficient_data,committed,,,,,not_applicable,,,
hqa_TAT_12e27eaa,tatqa,03e1ffb8-f176-456a-b4ea-35a47c240941,58a5cdc9b68c,numeric_to_directional,directional_change,What was the change in operating profit between 2018 and 2019?,What was the change in operating profit between 2018 and 2019?,"| Year Ended December 31, | | 2019 | 2018 Total revenue | $529,646 | $414,673 Total costs and expenses | 408,693 | 261,883 Operating profit | 120,953 | 152,790 Total other income (expense), net | (22,297) | (19,276) Net income | $98,656 | $133,514 GreenSky, Inc. NOTES TO CONSOLIDATED FINANCIAL STATEMENTS — (Continued) (United States Dollars in thousands, except per share data, unless otherwise sta",decreased,increased|decreased|roughly_unchanged|insufficient_data,roughly_unchanged|insufficient_data,committed,,,,,not_applicable,,,
hqa_TAT_2728a2bd,tatqa,2189131d-ea05-40c5-9034-68d130f2c97f,a1c652d02b36,numeric_to_directional,directional_change,What was the percentage change in the Total shares reserved for issuance between 2018 and 2019?,What was the percentage change in the Total shares reserved for issuance between 2018 and 2019?,"| June 30, 2019 | June 30, 2018 2013 Equity Incentive Plan shares available for grant | 8,462 | 9,957 Employee stock options and awards outstanding | 10,455 | 12,060 2014 Employee Stock Purchase Plan | 10,085 | 5,365 Total shares reserved for issuance | 29,002 | 27,382 Shares Reserved for Issuance The following are shares reserved for issuance (in thousands):",increased,increased|decreased|roughly_unchanged|insufficient_data,roughly_unchanged|insufficient_data,committed,,,,,not_applicable,,,
hqa_TAT_28c0f57b,tatqa,b310f082-f650-4361-bf8b-65e6caae60dd,9b881ad364a0,numeric_to_directional,directional_change,What was the percentage change in Other receivables in 2019 from 2018?,What was the percentage change in Other receivables in 2019 from 2018?,| | 2019 | 2018 | Note | £m | £m Net trade receivables | 18 | 24.9 | 25.4 Accrued income | 18 | 28.0 | 26.7 Other receivables | 18 | 0.3 | 0.1 Cash and cash equivalents | 19 | 5.9 | 4.3 Total | | 59.1 | 56.5 31. Financial instruments Financial assets,increased,increased|decreased|roughly_unchanged|insufficient_data,roughly_unchanged|insufficient_data,committed,,,,,not_applicable,,,
hqa_TAT_37e855b0,tatqa,69a4977f-afb4-47ba-8d30-e4717132c290,eb335e6568ae,numeric_to_directional,directional_change,What was the percentage change in Total operating income in the Communications Solutions segment in 2019 from 2018?,What was the percentage change in Total operating income in the Communications Solutions segment in 2019 from 2018?,"| | Fiscal | 2019 | 2018 | | (in millions) Restructuring and other charges, net | $ 48 | $ 13 Other items | 1 | — Total | $ 49 | $ 13 In the Communications Solutions segment, operating income decreased $79 million in fiscal 2019 as compared to fiscal 2018. The Communications Solutions segment’s operating income included the following: Excluding these items, operating income decreased in fiscal 201",increased,increased|decreased|roughly_unchanged|insufficient_data,roughly_unchanged|insufficient_data,committed,,,,,not_applicable,,,
hqa_TAT_3bfabcc3,tatqa,e07f8967-1b86-4433-ba9c-47b09e89e6b8,33cde8f2a139,numeric_to_directional,directional_change,What is the percentage change in share-based compensation for sales and marketing between 2018 and 2019?,What is the percentage change in share-based compensation for sales and marketing between 2018 and 2019?,"| | Year ended December 31, | | 2019 | 2018 | 2017 Cost of revenues | $8,741 | $4,982 | $3,735 Research and development | 23,132 | 14,975 | 9,550 Sales and marketing | 38,325 | 27,324 | 16,015 General and administrative | 31,156 | 20,807 | 12,760 Total share-based compensation expense | $101,354 | 68,088 | 42,060 Note 11. Share-Based Compensation A summary of share-based compensation expense recog",increased,increased|decreased|roughly_unchanged|insufficient_data,roughly_unchanged|insufficient_data,committed,,,,,not_applicable,,,
hqa_TAT_439f70e0,tatqa,7c85ead9-df5a-4d91-970a-019566e8f2da,15878bba28be,numeric_to_directional,directional_change,What was the percentage change in the amount of Net debt and IFRS 16 lease liabilities from 2018 to 2019?,What was the percentage change in the amount of Net debt and IFRS 16 lease liabilities from 2018 to 2019?,| 2019 | 2018 | £m | £m Net debt | 295.2 | 235.8 IFRS 16 lease liabilities | 38.9 | – Net debt and IFRS 16 lease liabilities | 334.1 | 235.8 Net debt including IFRS 16 lease liabilities A reconciliation between net debt and net debt including IFRS 16 lease liabilities is given below. A breakdown of the balances that are included within net debt is given within Note 24. Net debt excludes IFRS 16 le,increased,increased|decreased|roughly_unchanged|insufficient_data,roughly_unchanged|insufficient_data,committed,,,,,not_applicable,,,
hqa_TAT_52236d86,tatqa,9067a550-5205-4823-bf53-5a5ebf4ad802,38d99adaafeb,numeric_to_directional,directional_change,What is the percentage change in other prepaid expenses and other current assets between 2018 and 2019?,What is the percentage change in other prepaid expenses and other current assets between 2018 and 2019?,"| As of December 31, | | 2019 | 2018 | (in thousands) | Prepaid income taxes | $— | $5,429 Other prepaid expenses and other current assets | 288 | 1,151 | $288 | $6,580 NOTE 4 - PREPAID EXPENSES AND OTHER CURRENT ASSETS & PATENTS AND INTANGIBLE ASSETS Prepaid Expenses and Other Current Assets The components of prepaid expenses and other current assets are as presented below: During 2019, tax refun",decreased,increased|decreased|roughly_unchanged|insufficient_data,roughly_unchanged|insufficient_data,committed,,,,,not_applicable,,,
hqa_TAT_5f5bf97c,tatqa,cfa474ea-af84-4193-aa59-0e202001f11f,f04038621049,numeric_to_directional,directional_change,"What is the change in Cost, Insurance and Freight (CIF) value of imports from FY 2018 to FY 2019?","What is the change in Cost, Insurance and Freight (CIF) value of imports from FY 2018 to FY 2019?","| | (` crore) Foreign exchange earnings and outgo | FY 2019 | FY 2018 a. Foreign exchange earnings | 119,499 | 92,258 b. CIF Value of imports | 447 | 768 c.Expenditure in foreign currency | 49,336 | 33,014 Foreign exchange earnings and outgo Export revenue constituted 93.3 percent of the total unconsolidated revenue in FY 2019 (92.2 percent in FY 2018).",increased,increased|decreased|roughly_unchanged|insufficient_data,roughly_unchanged|insufficient_data,committed,,,,,not_applicable,,,
hqa_TAT_60e1712c,tatqa,50721b17-6915-4d96-88d4-7b52c183e2eb,b7d7b8bb9729,numeric_to_directional,directional_change,What was the percentage change in Thereof defined-contribution in 2019 from 2018?,What was the percentage change in Thereof defined-contribution in 2019 from 2018?,"€ thousands | 2019 | 2018 | 2017 Short-term employee benefits | 17,378 | 18,652 | 16,634 Share-based payment1) | 32,393 | 23,646 | 25,723 Subtotal1) | 49,771 | 42,298 | 42,357 Post-employment benefits | 2,825 | 1,106 | 1,312 Thereof defined-benefit | 2,056 | 250 | 423 Thereof defined-contribution | 769 | 856 | 889 Total1) | 52,596 | 43,404 | 43,669 The total compensation of the Executive Board mem",decreased,increased|decreased|roughly_unchanged|insufficient_data,roughly_unchanged|insufficient_data,committed,,,,,not_applicable,,,
hqa_TAT_66ae5834,tatqa,9d744332-d2f9-4ca7-9fdd-753c7f8f0e76,86789a252b70,numeric_to_directional,directional_change,What was the percentage change in Losses from the disposal of fixed assets in 2018/2019 from 2017/2018?,What was the percentage change in Losses from the disposal of fixed assets in 2018/2019 from 2017/2018?,"€ million | 2017/2018 | 2018/2019 Expenses from logistics services | 272 | 254 Losses from the disposal of fixed assets | 4 | 6 Impairment losses on goodwill | 0 | 3 Miscellaneous | 17 | 17 | 293 | 279 5. Other operating expenses The expenses from logistics services provided by METRO LOGISTICS to companies intended for sale and non-group companies are offset by income from logistics services, whic",increased,increased|decreased|roughly_unchanged|insufficient_data,roughly_unchanged|insufficient_data,committed,,,,,not_applicable,,,
hqa_TAT_73a33378,tatqa,d610b10e-566c-492a-b04d-ff6b4d4edcfa,2994328ff8d6,numeric_to_directional,directional_change,What was the percentage change in the amount of research and development between 2018 and 2019?,What was the percentage change in the amount of research and development between 2018 and 2019?,"| | Year Ended December 31, | | 2019 | 2018 | 2017 Stock-based compensation expense data: | | | Sales and marketing | $2,075 | $1,196 | $561 General and administrative | 6,474 | 4,901 | 2,638 Research and development | 12,054 | 7,332 | 4,214 Total stock-based compensation expense | $20,603 | $13,429 | $7,413 Results of Operations (2) Operating expenses include stock-based compensation expense as f",increased,increased|decreased|roughly_unchanged|insufficient_data,roughly_unchanged|insufficient_data,committed,,,,,not_applicable,,,
hqa_TAT_76519d33,tatqa,6fe6ffc3-9d9e-4d93-93d6-bd14fe363a03,ec8db97f5d6f,numeric_to_directional,directional_change,What is the change in total revenue between 2018 to 2019?,What is the change in total revenue between 2018 to 2019?,"| | Years Ended December 31, | | 2019 | 2018 | 2017 Americas | $89,944 | $112,506 | $122,893 Japan | 59,454 | 55,205 | 51,488 Asia Pacific, excluding Japan | 35,689 | 36,897 | 33,189 EMEA | 27,541 | 27,615 | 27,859 Total | $212,628 | $232,223 | $235,429 12. Geographic Information The following table depicts the disaggregation of revenue by geographic region based on the ship to location of our cus",decreased,increased|decreased|roughly_unchanged|insufficient_data,roughly_unchanged|insufficient_data,committed,,,,,not_applicable,,,
hqa_TAT_7c2f5eca,tatqa,d350ea0e-ec40-4470-8327-5a7be3f3c116,5a2efca89e21,numeric_to_directional,directional_change,What was the percentage change in Work in progress in 2019 from 2018?,What was the percentage change in Work in progress in 2019 from 2018?,"| | Fiscal Year End | 2019 | 2018 | | (in millions) Raw materials | $ 260 | $ 276 Work in progress | 739 | 656 Finished goods | 837 | 925 Inventories | $ 1,836 | $ 1,857 6. Inventories Inventories consisted of the following:",increased,increased|decreased|roughly_unchanged|insufficient_data,roughly_unchanged|insufficient_data,committed,,,,,not_applicable,,,
hqa_TAT_8267829d,tatqa,b7c1f5e0-d889-4c8f-850b-c2a70b7c8de2,1b69e1617519,numeric_to_directional,directional_change,What was the percentage change in retained earnings in 2019 from 2018?,What was the percentage change in retained earnings in 2019 from 2018?,RELATIVE IMPORTANCE OF SPEND ON PAY | | | Expenditure USDm | 2019 | 2018 | 2017 Dividends paid | - | - | 1.2 Purchase of outstanding treasury shares in TORM A/S | - | - | - Purchase/disposals of treasury shares | - | - | - Total | - | - | 1.2 Staff costs | 45.8 | 46.2 | 43.8 Retained earnings | 920.0 | 752.0 | 786.0 REMUNERATION COMMITTEE REPORT The table above shows the actual expenditure of the ,increased,increased|decreased|roughly_unchanged|insufficient_data,roughly_unchanged|insufficient_data,committed,,,,,not_applicable,,,
hqa_TAT_84d7e537,tatqa,00f22f47-1c52-4ac6-af50-aed7dbc397c1,78d924f3db2f,numeric_to_directional,directional_change,What was the change in the Number of common shares repurchased in 2019 from 2018?,What was the change in the Number of common shares repurchased in 2019 from 2018?,"| | Fiscal | | 2019 | 2018 | 2017 | | (in millions) | Number of common shares repurchased | 12 | 10 | 8 Repurchase value | $ 1,014 | $ 966 | $ 621 Share Repurchase Program In both fiscal 2019 and 2018, our board of directors authorized increases of $1.5 billion in our share repurchase program. Common shares repurchased under the share repurchase program were as follows: At fiscal year end 2019, we",increased,increased|decreased|roughly_unchanged|insufficient_data,roughly_unchanged|insufficient_data,committed,,,,,not_applicable,,,
hqa_TAT_8b28da38,tatqa,e379bc45-865c-480f-a1a6-9acc257a2780,3ac4ccf21eb7,numeric_to_directional,directional_change,What was the change in the current federal income tax provision between 2018 and 2019?,What was the change in the current federal income tax provision between 2018 and 2019?,"| | For the Year Ended | | January 31, 2020 | February 1, 2019 | February 2, 2018 Federal: | | | Current | $78 | $181 | $688 Deferred | (219) | (92) | 275 | (141) | 89 | 963 State: | | | Current | 45 | 31 | 8 Deferred | (44) | (10) | 21 | 1 | 21 | 29 Foreign: | | | Current | 240 | 137 | 156 Deferred | (5,018) | (8) | 4 | (4,778) | 129 | 160 Total income tax provision (benefit) | $(4,918) | $239 | ",decreased,increased|decreased|roughly_unchanged|insufficient_data,roughly_unchanged|insufficient_data,committed,,,,,not_applicable,,,
hqa_TAT_8f757617,tatqa,8c3057bf-007c-4ae0-a1a0-e3a3b9a08981,bb1afcdbe906,numeric_to_directional,directional_change,"What was the change in the property and equipment, net between 2018 and 2019?","What was the change in the property and equipment, net between 2018 and 2019?","| At December 31, | | 2019 | 2018 Land | $1 | $1 Buildings | 4 | 4 Leasehold improvements | 252 | 248 Computer equipment | 654 | 700 Office furniture and other equipment | 91 | 99 Total cost of property and equipment | 1,002 | 1,052 Less accumulated depreciation | (749) | (770) Property and equipment, net | $253 | $282 6. Property and Equipment, Net Property and equipment, net was comprised of the",decreased,increased|decreased|roughly_unchanged|insufficient_data,roughly_unchanged|insufficient_data,committed,,,,,not_applicable,,,
hqa_TAT_9335454b,tatqa,0341fb75-1e6c-40fd-acbb-80dc16d7ab91,b5ed6afefaab,numeric_to_directional,directional_change,What was the percentage change in the Fair value of options vested between 2018 and 2019?,What was the percentage change in the Fair value of options vested between 2018 and 2019?,"| | Year Ended | | April 26, 2019 | April 27, 2018 | April 28, 2017 Intrinsic value of exercises | $ 31 | $ 37 | $ 26 Proceeds received from exercises | $ 25 | $ 88 | $ 60 Fair value of options vested | $ 2 | $ 8 | $ 15 Stock Options Additional information related to our stock options is summarized below (in millions):",decreased,increased|decreased|roughly_unchanged|insufficient_data,roughly_unchanged|insufficient_data,committed,,,,,not_applicable,,,
hqa_TAT_96ec3b97,tatqa,d1190946-c93f-42d0-a451-cc85b130eaf6,1ee04ca66662,numeric_to_directional,directional_change,What is the percentage change in gross debt in 2019 from 2018?,What is the percentage change in gross debt in 2019 from 2018?,"| 2019 | 2018 | 2017(1) Gross Debt | $35,039 | 36,352 | 38,053 Cash and cash equivalents | (1,690) | (488) | (551) Net debt | $33,349 | 35,864 | 37,502 Adjusted EBITDA excluding integration and transformation costs and special items (1) | $9,070 | 9,040 | 8,686 Net Debt to Adjusted EBITDA Ratio | 3.7 | 4.0 | 4.3 Net Debt to Adjusted EBITDA Ratio (UNAUDITED) ($ in millions) (1) 2017 Adjusted EBITDA",decreased,increased|decreased|roughly_unchanged|insufficient_data,roughly_unchanged|insufficient_data,committed,,,,,not_applicable,,,
hqa_TAT_9d3bed67,tatqa,684900a8-3d9e-4396-9768-54f03d09da38,32760310a3d1,numeric_to_directional,directional_change,What was the percentage change in total amortization of purchased intangible assets between 2018 and 2019?,What was the percentage change in total amortization of purchased intangible assets between 2018 and 2019?,"Years Ended | July 27, 2019 | July 28, 2018 | July 29, 2017 Amortization of purchased intangible assets: | | | Cost of sales . | $624 | $640 | $556 Operating expenses | | | Amortization of purchased intangible assets | 150 | 221 | 259 Restructuring and other charges | — | — | 38 Total . | $774 | $861 | $853 5. Goodwill and Purchased Intangible Assets (b) Purchased Intangible Assets The following t",decreased,increased|decreased|roughly_unchanged|insufficient_data,roughly_unchanged|insufficient_data,committed,,,,,not_applicable,,,
hqa_TAT_a4e3f89a,tatqa,4f4d7c80-1c6a-405f-9385-b79cd5f9d726,eb69cbc2cb24,numeric_to_directional,directional_change,"What is the change in Net accounts receivable from December 31, 2019 to December 31, 2018?","What is the change in Net accounts receivable from December 31, 2019 to December 31, 2018?","| As of December 31, | | 2019 | 2018 Accounts receivable | $69,767 | $41,818 Allowance for doubtful accounts | (1,125) | (711) Net accounts receivable | $68,642 | $41,107 (3) Accounts Receivable, Net Accounts receivable, net, is as follows (in thousands): Bad debt expense for the years ended December 31, 2019, 2018 and 2017 was $0.7 million, $0.1 million and $0.6 million, respectively.",increased,increased|decreased|roughly_unchanged|insufficient_data,roughly_unchanged|insufficient_data,committed,,,,,not_applicable,,,
hqa_TAT_a727c9c8,tatqa,e8038e36-ca53-4f72-82bd-f80cb943804c,1d1494e85b26,numeric_to_directional,directional_change,What was the change in the total amount of fees payable in 2019 from 2018?,What was the change in the total amount of fees payable in 2019 from 2018?,"| 2019 | 2018 | £m | £m Fees payable for the audit of the Company and consolidated financial statements | 0.1 | 0.1 Fees payable for other services: | | – the audit of the subsidiary undertakings pursuant to legislation | 0.2 | 0.1 Total | 0.3 | 0.2 Services provided by the Company’s auditors During the year, the Group (including overseas subsidiaries) obtained the following services from the oper",increased,increased|decreased|roughly_unchanged|insufficient_data,roughly_unchanged|insufficient_data,committed,,,,,not_applicable,,,
hqa_TAT_b6be3a9e,tatqa,3158a10c-a56b-435d-8c12-8590e5537bf2,15209bfffc8e,numeric_to_directional,directional_change,What was the change in the year-on-year percentage change in GDP for Russia from 2018 to 2019?,What was the change in the year-on-year percentage change in GDP for Russia from 2018 to 2019?,| 20181 | 20192 World | 3.6 | 2.9 Germany | 1.5 | 0.6 Western Europe (excl.Germany) | 1.9 | 1.3 Russia | 2.3 | 1.1 Eastern Europe (excl.Russia) | 4.1 | 3.6 Asia | 5.6 | 4.9 DEVELOPMENT OF GROSS DOMESTIC PRODUCT IN IMPORTANT WORLD REGIONS AND GERMANY Year-on-year change in % Real GDP growth corrected for purchasing power. Source: Oxford Economics 1 The previous year’s figures may slightly deviate f,decreased,increased|decreased|roughly_unchanged|insufficient_data,roughly_unchanged|insufficient_data,committed,,,,,not_applicable,,,
hqa_TAT_bff37d29,tatqa,e4a1bc21-ffab-4535-84bb-b681bf7a0a12,0193a7e2bd6f,numeric_to_directional,directional_change,What is the percentage change in the number of RSUs granted between the 2019 and 2009 plans?,What is the percentage change in the number of RSUs granted between the 2019 and 2009 plans?,"| Shares Available for Grant | | 2019 Plan | 2009 Plan Balance at December 30, 2018 | — | 483 Authorized | 357 | — Options granted | — | — Options forfeited or expired | 26 | 2 RSUs granted | (113) | (240) RSUs forfeited | 2 | 54 Plan Shares expired | — | (299) Balance at December 29, 2019 | 272 | — Stock-Based Compensation Award Activity The following table summarizes the shares available for gra",decreased,increased|decreased|roughly_unchanged|insufficient_data,roughly_unchanged|insufficient_data,committed,,,,,not_applicable,,,
hqa_TAT_c29146e1,tatqa,2174edb0-f30f-4086-b417-254ad5a8c036,61fa3e490334,numeric_to_directional,directional_change,What is the change in Total prepaid expenses between fiscal years 2019 and 2018?,What is the change in Total prepaid expenses between fiscal years 2019 and 2018?,"October 31, | | | 2019 | 2018 (In thousands) | | Parts and supplies | $33,617 | $28,287 Prepaid insurance | 8,859 | 8,232 Other prepaid expenses | 14,455 | 6,721 Total prepaid expenses | $56,931 | $43,240 4. Prepaid expenses Prepaid expenses consisted of the following:",increased,increased|decreased|roughly_unchanged|insufficient_data,roughly_unchanged|insufficient_data,committed,,,,,not_applicable,,,
hqa_TAT_c2ecf8bd,tatqa,a0ba1379-d964-409b-a1c3-8c0e45c4c859,cc1336f073ba,numeric_to_directional,directional_change,What is the change in contract assets in 2019?,What is the change in contract assets in 2019?,"| As of December 31, | | 2019 | 2018 | (Dollars in millions) | Prepaid expenses | $274 | 307 Income tax receivable | 35 | 82 Materials, supplies and inventory | 105 | 120 Contract assets | 42 | 52 Contract acquisition costs | 178 | 167 Contract fulfillment costs | 115 | 82 Other | 59 | 108 Total other current assets | $808 | 918 Other Current Assets The following table presents details of other cu",decreased,increased|decreased|roughly_unchanged|insufficient_data,roughly_unchanged|insufficient_data,committed,,,,,not_applicable,,,
hqa_TAT_d223a6ae,tatqa,5d6dbcb8-79c5-4d7f-bba6-ec5bf3ff6da7,7785a3886ce0,numeric_to_directional,directional_change,What was the change in Foreign in 2019 from 2018?,What was the change in Foreign in 2019 from 2018?,"| | Years Ended December31, | | 2019 | 2018 | 2017 Domestic (U.S., state and local) | $38,672 | $6,971 | $9,662 Foreign | 47,251 | 49,946 | 71,645 | $85,923 | $56,917 | $81,307 Note 20. Income Taxes The Company’s income before income taxes consisted of the following (in thousands):",decreased,increased|decreased|roughly_unchanged|insufficient_data,roughly_unchanged|insufficient_data,committed,,,,,not_applicable,,,
hqa_TAT_d510edb9,tatqa,d5cd8f7d-fadd-4640-bcda-53a99b9b11f6,8573aa16dc5b,numeric_to_directional,directional_change,What was the percentage change in accrued expenses between 2018 and 2019?,What was the percentage change in accrued expenses between 2018 and 2019?,"| August 31, 2019 | August 31, 2018 Contract liabilities | $511,329 | $— Deferred income | — | 691,365 Accrued compensation and employee benefits | 600,907 | 570,400 Obligation associated with securitization programs | 475,251 | — Other accrued expenses | 1,402,657 | 1,000,979 Accrued expenses | $2,990,144 | $2,262,744 7. Accrued Expenses Accrued expenses consist of the following (in thousands):",increased,increased|decreased|roughly_unchanged|insufficient_data,roughly_unchanged|insufficient_data,committed,,,,,not_applicable,,,
hqa_TAT_df2b4702,tatqa,4589c0f1-2bc1-45f5-8a36-5331b86e4fcd,f45e75804d45,numeric_to_directional,directional_change,What is the change in the value of land between 2018 and 2019?,What is the change in the value of land between 2018 and 2019?,"| | December 31, | 2019 | 2018 Land | $ 1,565 | $ 1,747 Buildings and improvements | 17,332 | 17,520 Machinery and equipment | 30,670 | 29,692 Vehicles | 778 | 937 Office equipment | 851 | 838 Construction in process | 362 | 546 | 51,558 | 51,280 Less accumulated depreciation | (29,284 ) | (26,707 ) Total property, plant and equipment, net | $ 22,274 | $ 24,573 Note 4 – Property, Plant and Equipme",decreased,increased|decreased|roughly_unchanged|insufficient_data,roughly_unchanged|insufficient_data,committed,,,,,not_applicable,,,
hqa_TAT_e3e6cc0b,tatqa,4bd291d5-eaaf-4d76-b45f-3a3bd39c925e,fbbc054c786a,numeric_to_directional,directional_change,What is the percentage change in provisions (benefit) for state and local income taxes between 2018 and 2019?,What is the percentage change in provisions (benefit) for state and local income taxes between 2018 and 2019?,"| For the Years Ended December 31, | | 2019 | 2018 Current: | | Federal | $ (27) | $ (13 ) State and local | 276 | 249 Total current | 249 | 236 Deferred | 533 | (461) Provision (benefit) for income taxes | $ 782 | $ (225) Note 10 – Income taxes The provision (benefit) for income taxes consists of the following:",increased,increased|decreased|roughly_unchanged|insufficient_data,roughly_unchanged|insufficient_data,committed,,,,,not_applicable,,,
hqa_TAT_e6ab76b6,tatqa,31250db0-f87d-4ffc-ad92-da578fefbafd,4f34cbc397ef,numeric_to_directional,directional_change,What was the change in the amount for Performance Share Plan from 2018 to 2019?,What was the change in the amount for Performance Share Plan from 2018 to 2019?,| 2019 | 2018 | £m | £m Performance Share Plan | 5.1 | 4.7 Employee Share Ownership Plan | 1.1 | 1.0 Total expense recognised in Income Statement | 6.2 | 5.7 Share-based payments Disclosures of the share-based payments offered to employees are set out below. More detail on each scheme is given in the Annual Report on Remuneration 2019 on pages 102 to 132. The charge to the Income Statement in resp,increased,increased|decreased|roughly_unchanged|insufficient_data,roughly_unchanged|insufficient_data,committed,,,,,not_applicable,,,
hqa_TAT_f18ac7c4,tatqa,785e90e9-d6f1-4297-aa6b-0d8b45c5d54e,ff49245e420b,numeric_to_directional,directional_change,What is the change in the domestic losses between 2018 and 2019?,What is the change in the domestic losses between 2018 and 2019?,"| 2019 | 2018 Domestic | (1,698,689) | (2,468,805) Foreign | (52,222) | (88,726) Loss before income taxes | (1,750,911) | (2,557,531) NOTE 11 – INCOME TAXES The components of loss before income taxes are as follows:",decreased,increased|decreased|roughly_unchanged|insufficient_data,roughly_unchanged|insufficient_data,committed,,,,,not_applicable,,,
hqa_TAT_f553c037,tatqa,4bca4aeb-f8db-43ba-a10a-b94783d5d295,e2eed42be5d5,numeric_to_directional,directional_change,What was the change in Foreign in 2019 from 2018?,What was the change in Foreign in 2019 from 2018?,"| | Years Ended June 30, | ($ in millions) | 2019 | 2018 | 2017 Domestic | $204.2 | $140.3 | $56.0 Foreign | 11.8 | 19.9 | 14.2 Income before income taxes | $216.0 | $160.2 | $70.2 17. Income Taxes Income before income taxes for the Company’s domestic and foreign operations was as follows:",decreased,increased|decreased|roughly_unchanged|insufficient_data,roughly_unchanged|insufficient_data,committed,,,,,not_applicable,,,
hqa_FB_04a83e7c,financebench,financebench_id_00757,93fd6d3d1420,none,yes_no,Did AMD report customer concentration in FY22?,,"One customer accounted for 16% of our consolidated net revenue for the year ended December 31, 2022. Sales to this customer consisted of sales of products from our Gaming segment. A loss of this customer would have a material adverse effect on our business.",yes,yes|no|insufficient_data,insufficient_data,committed,,,,,not_applicable,,,
hqa_FB_11e71606,financebench,financebench_id_00566,e03c61b92ac8,none,yes_no,Has Verizon increased its debt on balance sheet between 2022 and the 2021 fiscal period?,,"At December 31, Maturities Interest Rates % 2022 2021 Verizon Communications < 5 Years 0.75 - 5.82 $ 23,929 $ 18,406 5-10 Years 1.50 - 7.88 42,637 43,225 > 10 Years 1.13 - 8.95 60,134 73,520 < 5 Years Floating (1) 2,992 4,086 5-10 Years Floating (1) 3,029 824 Alltel Corporation 5-10 Years 6.80 - 7.88 94 38 > 10 Years N/A N/A 58 Operating telephone company subsidiariesdebentures < 5 Years N/A N/A 1",no,yes|no|insufficient_data,insufficient_data,committed,,,,,not_applicable,,,
hqa_FB_17e73c78,financebench,financebench_id_00678,9d32897a3acb,none,yes_no,"Does Boeing have an improving gross margin profile as of FY2022? If gross margin is not a useful metric for a company like this, then state that and explain why.",,"The Boeing Company and Subsidiaries Consolidated Statements of Operations (Dollars in millions, except per share data) Years ended December 31, 2022 2021 2020 Sales of products $55,893 $51,386 $47,142 Sales of services 10,715 10,900 11,016 Total revenues 66,608 62,286 58,158 Cost of products (53,969) (49,954) (54,568) Cost of services (9,109) (9,283) (9,232) Boeing Capital interest expense (28) (3",yes,yes|no|insufficient_data,insufficient_data,committed,,,,,not_applicable,,,
hqa_FB_1890c92b,financebench,financebench_id_00464,392657c4d30e,none,yes_no,Is Boeing's business subject to cyclicality?,,"Historically, the airline industry has been cyclical and very competitive and has experienced significant profit swings and constant challenges to be more cost competitive.",yes,yes|no|insufficient_data,insufficient_data,committed,,,,,not_applicable,,,
hqa_FB_26099d20,financebench,financebench_id_02419,0b2a66707a8f,none,yes_no,"As of Q2'2023, is Pfizer spinning off any large business segments?",,"We expect to incur costs of approximately $700 million in connection with separating Upjohn, of which approximately 90% has been incurred since inception and through the second quarter of 2023. These charges include costs and expenses related to separation of legal entities and transaction costs.",yes,yes|no|insufficient_data,insufficient_data,committed,,,,,not_applicable,,,
hqa_FB_379b82eb,financebench,financebench_id_00552,3abf0e30dfec,none,yes_no,Has Microsoft increased its debt on balance sheet between FY2023 and the FY2022 period?,,"BALANCE SHEETS (In millions) June 30, 2023 2022 Assets Current assets: Cash and cash equivalents $ 34,704 $ 13,931 Short-term investments 76,558 90,826 Total cash, cash equivalents, and short-term investments 111,262 104,757 Accounts receivable, net of allowance for doubtful accounts of $650 and $633 48,688 44,261 Inventories 2,500 3,742 Other current assets 21,807 16,924 Total current assets 184,",no,yes|no|insufficient_data,insufficient_data,committed,,,,,not_applicable,,,
hqa_FB_38d1ec9b,financebench,financebench_id_01091,854db4a1eb7e,none,yes_no,Has Boeing reported any materially important ongoing legal battles from FY2022?,,"Multiple legal actions have been filed against us as a result of the October 29, 2018 accident of Lion Air Flight 610 and the March 10, 2019 accident of Ethiopian Airlines Flight 302.",yes,yes|no|insufficient_data,insufficient_data,committed,,,,,not_applicable,,,
hqa_FB_3a8f6edf,financebench,financebench_id_00499,fe8c057a99a8,none,yes_no,Is 3M a capital-intensive business based on FY2022 data?,,"3M Company and Subsidiaries Consolidated Statement of Income Years ended December 31 (Millions, except per share amounts) 2022 2021 2020 Net sales $ 34,229 $ 35,355 $ 32,184 3M Company and Subsidiaries Consolidated Balance Sheet At December 31 (Dollars in millions, except per share amount) 2022 2021 Assets Current assets Cash and cash equivalents $ 3,655 $ 4,564 Marketable securities current 238 2",no,yes|no|insufficient_data,insufficient_data,committed,,,,,not_applicable,,,
hqa_FB_3d960a52,financebench,financebench_id_00702,a3b49b6eb6ae,none,yes_no,Were there any potential events that are not in Pfizer's standard business operations that substantially increased net income in 2019?,,"Year Ended December 31, (MILLIONS, EXCEPT PER COMMON SHARE DATA) 2021 2020 2019 Revenues $ 81,288 $ 41,651 $ 40,905 Costs and expenses: Cost of sales 30,821 8,484 8,054 Selling, informational and administrative expenses 12,703 11,597 12,726 Research and development expenses 13,829 9,393 8,385 Amortization of intangible assets 3,700 3,348 4,429 Restructuring charges and certain acquisition-related ",yes,yes|no|insufficient_data,insufficient_data,committed,,,,,not_applicable,,,
hqa_FB_4fcce970,financebench,financebench_id_00438,d13e61f3cc2b,none,yes_no,"Does Adobe have an improving operating margin profile as of FY2022? If operating margin is not a useful metric for a company like this, then state that and explain why.",,"ADOBE INC. CONSOLIDATED STATEMENTS OF INCOME (In millions, except per share data) Years Ended December 2, 2022 December 3, 2021 November 27, 2020 Revenue: Subscription $ 16,388 $ 14,573 $ 11,626 Product 532 555 507 Services and other 686 657 735 Total revenue 17,606 15,785 12,868 Cost of revenue: Subscription 1,646 1,374 1,108 Product 35 41 36 Services and other 484 450 578 Total cost of revenue 2",no,yes|no|insufficient_data,insufficient_data,committed,,,,,not_applicable,,,
hqa_FB_59653c84,financebench,financebench_id_00517,1da28d2e4c83,none,yes_no,Are there any product categories / service categories that represent more than 20% of Boeing's revenue for FY2022?,,"The Boeing Company and Subsidiaries Notes to the Consolidated Financial Statements Summary of Business Segment Data (Dollars in millions) Years ended December 31, 2022 2021 2020 Revenues: Commercial Airplanes $25,867 $19,493 $16,162 Defense, Space & Security 23,162 26,540 26,257 Global Services 17,611 16,328 15,543 Boeing Capital 199 272 261 Unallocated items, eliminations and other (231) (347) (6",yes,yes|no|insufficient_data,insufficient_data,committed,,,,,not_applicable,,,
hqa_FB_5aee2b1c,financebench,financebench_id_00591,5759bc9e6e0f,none,yes_no,Does Adobe have an improving Free cashflow conversion as of FY2022?,,"ADOBE INC. CONSOLIDATED STATEMENTS OF CASH FLOWS (In millions) Years Ended December 2, 2022 December 3, 2021 November 27, 2020 Cash flows from operating activities: Net income $ 4,756 $ 4,822 $ 5,260 Adjustments to reconcile net income to net cash provided by operating activities: Depreciation, amortization and accretion 856 788 757 Stock-based compensation 1,440 1,069 909 Reduction of operating l",yes,yes|no|insufficient_data,insufficient_data,committed,,,,,not_applicable,,,
hqa_FB_6103ef6a,financebench,financebench_id_00080,3763ad43c92a,none,yes_no,"Does Paypal have positive working capital based on FY2022 data? If working capital is not a useful or relevant metric for this company, then please state that and explain why.",,"PayPal Holdings, Inc. CONSOLIDATED BALANCE SHEETS As of December 31, 2022 2021 (In millions, except par value) ASSETS Current assets: Cash and cash equivalents $ 7,776 $ 5,197 Short-term investments 3,092 4,303 Accounts receivable, net 963 800 Loans and interest receivable, net of allowances of $598 and $491 as of December 31, 2022 and 2021, respectively 7,431 4,846 Funds receivable and customer a",yes,yes|no|insufficient_data,insufficient_data,committed,,,,,not_applicable,,,
hqa_FB_68e15a3f,financebench,financebench_id_00956,d1ca648e5684,none,yes_no,Are JnJ's FY2022 financials that of a high growth company?,,"Results of Operations Analysis of Consolidated Sales For discussion on results of operations and financial condition pertaining to the fiscal years 2021 and 2020 see the Companys Annual Report on Form 10- K for the fiscal year ended January 2, 2022, Item 7. Management's Discussion and Analysis of Results of Operations and Financial Condition. In 2022, worldwide sales increased 1.3% to $94.9 billio",no,yes|no|insufficient_data,insufficient_data,committed,,,,,not_applicable,,,
hqa_FB_6c175812,financebench,financebench_id_01254,b7a51bc65ef8,none,yes_no,Has MGM Resorts paid dividends to common shareholders in FY2022?,,"PART II ITEM 5. MARKET FOR REGISTRANTS COMMON EQUITY, RELATED STOCKHOLDER MATTERS AND ISSUER PURCHASES OF EQUITY SECURITIES Common Stock Information Our common stock is traded on the New York Stock Exchange (NYSE) under the symbol MGM. There were approximately 3,143 record holders of our common stock as of February 22, 2023. Dividend Policy We implemented a dividend program in February 2017 pursua",yes,yes|no|insufficient_data,insufficient_data,committed,,,,,not_applicable,,,
hqa_FB_7aa81e67,financebench,financebench_id_00302,10d850033dc6,none,yes_no,Did Pfizer grow its PPNE between FY20 and FY21?,,"As of December 31, (MILLIONS, EXCEPT PER COMMON SHARE DATA) 2021 2020 Assets Cash and cash equivalents $ 1,944 $ 1,786 Short-term investments 29,125 10,437 Trade accounts receivable, less allowance for doubtful accounts: 2021$492; 2020$508 11,479 7,913 Inventories 9,059 8,020 Current tax assets 4,266 3,264 Other current assets 3,820 3,646 Total current assets 59,693 35,067 Equity-method investment",yes,yes|no|insufficient_data,insufficient_data,committed,,,,,not_applicable,,,
hqa_FB_83caee0d,financebench,financebench_id_00735,c7519262524f,none,yes_no,Has Pepsico reported any materially important ongoing legal battles from FY2022 and FY2021?,,"Item 3. Legal Proceedings. We and our subsidiaries are party to a variety of litigation, claims, legal or regulatory proceedings, inquiries and investigations. While the results of such litigation, claims, legal or regulatory proceedings, inquiries and investigations cannot be predicted with certainty, management believes that the final outcome of the foregoing will not have a material adverse eff",no,yes|no|insufficient_data,insufficient_data,committed,,,,,not_applicable,,,
hqa_FB_91b08071,financebench,financebench_id_00684,8512781951e5,none,yes_no,"Does AMCOR have an improving gross margin profile as of FY2023? If gross margin is not a useful metric for a company like this, then state that and explain why.",,"Amcor plc and Subsidiaries Consolidated Statements of Income ($ in millions, except per share data) For the years ended June 30, 2023 2022 2021 Net sales $ 14,694 $ 14,544 $ 12,861 Cost of sales (11,969) (11,724) (10,129) Gross profit 2,725 2,820 2,732",no,yes|no|insufficient_data,insufficient_data,committed,,,,,not_applicable,,,
hqa_FB_91c39cc9,financebench,financebench_id_00460,d98570ee47d0,none,yes_no,Was there any change in the number of Best Buy stores between Q2 of FY2024 and FY2023?,,"iscal 2024 was primarily driven by comparable sales declines in appliances, home theater, computing and mobile phones, partially offset by comparable sales growth in gaming. Online revenue of $2.8 billion and $5.5 billion in the second quarter and first six months of fiscal 2024 decreased 7.1% and 9.7% on a comparable basis, respectively. These decreases in revenue were primarily due to the reason",yes,yes|no|insufficient_data,insufficient_data,committed,,,,,not_applicable,,,
hqa_FB_92610589,financebench,financebench_id_00839,4b88a0f2f49b,none,yes_no,Does Foot Locker's new CEO have previous CEO experience in a similar company to Footlocker?,,"On August 19, 2022, Foot Locker, Inc. (the Company), issued a press release announcing that, as part of a planned succession process, Richard A. Johnson will step down as President and Chief Executive Officer of the Company, effective September 1, 2022. Mary N. Dillon, 61, former Executive Chair and Chief Executive Officer of Ulta Beauty, Inc., has been appointed President and Chief Executive Offi",yes,yes|no|insufficient_data,insufficient_data,committed,,,,,not_applicable,,,
hqa_FB_97a28182,financebench,financebench_id_00222,f827476f7c34,none,yes_no,"Does AMD have a reasonably healthy liquidity profile based on its quick ratio for FY22? If the quick ratio is not relevant to measure liquidity, please state that and explain why.",,"Consolidated Balance Sheets December 31, 2022 December 25, 2021 (In millions, except par value amounts) ASSETS Current assets: Cash and cash equivalents $ 4,835 $ 2,535 Short-term investments 1,020 1,073 Accounts receivable, net 4,126 2,706 Inventories 3,771 1,955 Receivables from related parties 2 2 Prepaid expenses and other current assets 1,265 312 Total current assets 15,019 8,583 Property and",yes,yes|no|insufficient_data,insufficient_data,committed,,,,,not_applicable,,,
hqa_FB_9954aa1f,financebench,financebench_id_02049,33d29cc1339e,none,yes_no,"Looking at VaR, did the risk that JPM faced in the second fiscal quarter of 2023 decrease compared to the same period in the prior year?",,"Average total VaR decreased by $7 million for the three months ended June 30, 2023, compared with the same period in the prior year predominantly driven by risk reductions impacting Credit Portfolio VaR as well as fixed income",yes,yes|no|insufficient_data,insufficient_data,committed,,,,,not_applicable,,,
hqa_FB_a1bda949,financebench,financebench_id_00685,d67cdc50b87b,none,yes_no,"Are Best Buy's gross margins historically consistent (not fluctuating more than roughly 2% each year)? If gross margins are not a relevant metric for a company like this, then please state that and explain why.",,"Consolidated Statements of Earnings $ and shares in millions, except per share amounts Fiscal Years Ended January 28, 2023 January 29, 2022 January 30, 2021 Revenue $ 46,298 $ 51,761 $ 47,262 Cost of sales 36,386 40,121 36,689 Gross profit 9,912 11,640 10,573 Selling, general and administrative expenses 7,970 8,635 7,928 Restructuring charges 147 (34) 254 Operating income 1,795 3,039 2,391 Other i",yes,yes|no|insufficient_data,insufficient_data,committed,,,,,not_applicable,,,
hqa_FB_a3a1549b,financebench,financebench_id_01858,687437e5d532,none,yes_no,Does 3M maintain a stable trend of dividend distribution?,,"Table of Contents Financial condition: Refer to the section entitled Financial Condition and Liquidity later in MD&A for a discussion of items impacting cash flows. In November 2018, 3Ms Board of Directors replaced the Companys February 2016 repurchase program with a new repurchase program. This new program authorizes the repurchase of up to $10 billion of 3Ms outstanding common stock, with no pre",yes,yes|no|insufficient_data,insufficient_data,committed,,,,,not_applicable,,,
hqa_FB_a4c22c57,financebench,financebench_id_00790,2b12bc814bff,none,yes_no,Is CVS Health a capital-intensive business based on FY2022 data?,,"Consolidated Statements of Operations For the Years Ended December 31, In millions, except per share amounts 2022 2021 2020 Revenues: Products $ 226,616 $ 203,738 $ 190,688 Premiums 85,330 76,132 69,364 Services 9,683 11,042 7,856 Net investment income 838 1,199 798 Total revenues 322,467 292,111 268,706 Operating costs: Cost of products sold 196,892 175,803 163,981 Benefit costs 71,281 64,260 55,",yes,yes|no|insufficient_data,insufficient_data,committed,,,,,not_applicable,,,
hqa_FB_b2c048f7,financebench,financebench_id_00651,aff071745900,none,yes_no,Is growth in JnJ's adjusted EPS expected to accelerate in FY2023?,,2022 Fourth-Quarter reported sales decline of 4.4% to $23.7 Billion primarily driven by unfavorable foreign exchange and reduced COVID-19 Vaccine sales vs. prior year. Operational growth excluding COVID-19 Vaccine of 4.6%* 2022 Fourth-Quarter earnings per share (EPS) of $1.33 decreasing 24.9% and adjusted EPS of $2.35 increasing by 10.3%* ___________________________________________________________,no,yes|no|insufficient_data,insufficient_data,committed,,,,,not_applicable,,,
hqa_FB_b7466219,financebench,financebench_id_00070,7e749ab8d2b6,none,yes_no,"Does American Water Works have positive working capital based on FY2022 data? If working capital is not a useful or relevant metric for this company, then please state that and explain why.",,"American Water Works Company, Inc. and Subsidiary Companies Consolidated Balance Sheets (In millions, except share and per share data) December 31, 2022 December 31, 2021 ASSETS Property, plant and equipment $ 29,736 $ 27,413 Accumulated depreciation (6,513) (6,329) Property, plant and equipment, net 23,223 21,084 Current assets: Cash and cash equivalents 85 116 Restricted funds 32 20 Accounts rec",no,yes|no|insufficient_data,insufficient_data,committed,,,,,not_applicable,,,
hqa_FB_bf8c0adf,financebench,financebench_id_00215,ed4f0472d52f,none,yes_no,Is Verizon a capital intensive business based on FY 2022 data?,,"Consolidated Balance Sheets Verizon Communications Inc. and Subsidiaries (dollars in millions, except per share amounts) At December 31, 2022 2021 Assets Current assets Cash and cash equivalents $ 2,605 $ 2,921 Accounts receivable 25,332 24,742 Less Allowance for credit losses 826 896 Accounts receivable, net 24,506 23,846 Inventories 2,388 3,055 Prepaid expenses and other 8,358 6,906 Total curren",yes,yes|no|insufficient_data,insufficient_data,committed,,,,,not_applicable,,,
hqa_FB_bff75d9f,financebench,financebench_id_00807,24325167fc44,none,yes_no,"Does 3M have a reasonably healthy liquidity profile based on its quick ratio for Q2 of FY2023? If the quick ratio is not relevant to measure liquidity, please state that and explain why.",,"3M Company and Subsidiaries Consolidated Balance Sheet (Unaudited) (Dollars in millions, except per share amount) June 30, 2023 December 31, 2022 Assets Current assets Cash and cash equivalents $ 4,258 $ 3,655 Marketable securities current 56 238 Accounts receivable net of allowances of $160 and $174 4,947 4,532 Inventories Finished goods 2,526 2,497 Work in process 1,527 1,606 Raw materials and s",no,yes|no|insufficient_data,insufficient_data,committed,,,,,not_applicable,,,
hqa_FB_c8a4f2a5,financebench,financebench_id_00005,f41f931bb792,none,yes_no,"Does Corning have positive working capital based on FY2022 data? If working capital is not a useful or relevant metric for this company, then please state that and explain why.",,"Consolidated Balance Sheets Corning Incorporated and Subsidiary Companies December 31, (in millions, except share and per share amounts) 2022 2021 Assets Current assets: Cash and cash equivalents $ 1,671 $ 2,148 Trade accounts receivable, net of doubtful accounts - $40 and $42 1,721 2,004 Inventories (Note 5) 2,904 2,481 Other current assets (Notes 10 and 14) 1,157 1,026 Total current assets 7,453",yes,yes|no|insufficient_data,insufficient_data,committed,,,,,not_applicable,,,
hqa_FB_d010da62,financebench,financebench_id_00216,fe85df960827,none,yes_no,"Does Verizon have a reasonably healthy liquidity profile based on its quick ratio for FY 2022? If the quick ratio is not relevant to measure liquidity, please state that and explain why.",,"Consolidated Balance Sheets Verizon Communications Inc. and Subsidiaries (dollars in millions, except per share amounts) At December 31, 2022 2021 Assets Current assets Cash and cash equivalents $ 2,605 $ 2,921 Accounts receivable 25,332 24,742 Less Allowance for credit losses 826 896 Accounts receivable, net 24,506 23,846 Inventories 2,388 3,055 Prepaid expenses and other 8,358 6,906 Total curren",no,yes|no|insufficient_data,insufficient_data,committed,,,,,not_applicable,,,
hqa_FB_d144e933,financebench,financebench_id_01107,9c3de71f435d,none,yes_no,"Has CVS Health reported any materially important ongoing legal battles from 2022, 2021 and 2020?",,"Usual and Customary Pricing Litigation The Company and certain current and former directors and officers are named as a defendant in a number of lawsuits that allege that the Companys retail pharmacies overcharged for prescription drugs by not submitting the correct usual and customary price during the claims adjudication process. The Company is facing multiple lawsuits, including by state Attorne",yes,yes|no|insufficient_data,insufficient_data,committed,,,,,not_applicable,,,
hqa_FB_d71a56a3,financebench,financebench_id_00822,aa95f3dc6263,none,yes_no,Were there any board member nominees who had substantially more votes against joining than the other nominees?,,"Proposal 1. With respect to the proposal to elect ten nominees to the Board of Directors (the Board), each for a one-year term expiring at the annual meeting of shareholders to be held in 2023, the votes were cast for the proposal as set forth below: Name Votes For Votes Against Abstentions Broker Non-Votes Virginia C. Drosos 59,657,810 294,935 10,714,238 6,884,223 Alan D. Feldman 54,760,830 5,184",yes,yes|no|insufficient_data,insufficient_data,committed,,,,,not_applicable,,,
hqa_FB_dd6b6058,financebench,financebench_id_00288,f9c398178666,none,yes_no,Was there any drop in Cash & Cash equivalents between FY 2023 and Q2 of FY2024?,,"July 29, 2023 July 30, 2022 July 29, 2023 July 30, 2022 Operating income $ 348 $ 371 $ 659 $ 833 % of revenue 3.6 % 3.6 % 3.5 % 4.0 % Intangible asset amortization(1) 21 22 41 44 Restructuring charges(2) (7) 34 (16) 35 Non-GAAP operating income $ 362 $ 427 $ 684 $ 912 % of revenue 3.8 % 4.1 % 3.6 % 4.3 % Effective tax rate 26.1 % 15.6 % 24.8 % 20.5 % Intangible asset amortization(1) (0.4)% 0.4 % 0",yes,yes|no|insufficient_data,insufficient_data,committed,,,,,not_applicable,,,
hqa_FB_f0d21fb5,financebench,financebench_id_01487,1c681837abd7,none,yes_no,Did JnJ's net earnings as a percent of sales increase in Q2 of FY2023 compared to Q2 of FY2022?,,"Johnson & Johnson and Subsidiaries Condensed Consolidated Statement of Earnings (Unaudited; in Millions Except Per Share Figures) Percent Percent Percent Increase Amount to Sales Amount to Sales (Decrease) Sales to customers 25,530 $ 100.0 24,020 $ 100.0 6.3 Cost of products sold 8,212 32.2 7,919 33.0 3.7 Gross Profit 17,318 67.8 16,101 67.0 7.6 Selling, marketing and administrative expenses 6,665",yes,yes|no|insufficient_data,insufficient_data,committed,,,,,not_applicable,,,
hqa_FB_f25bb18c,financebench,financebench_id_01981,bf509e35f997,none,yes_no,Was American Express able to retain card members during 2022?,,"Net card fees increased 17 percent year over-year, as new card acquisitions reached record levels in 2022 and Card Member retention remained high, demonstrating the impact of investments we have made in our premium value propositions",yes,yes|no|insufficient_data,insufficient_data,committed,,,,,not_applicable,,,
hqa_FTB_01c97f78,fintradebench,FT15,e2b8d1384c01,none,category_choice,"As of September 2025, is PayPal a value trap or genuine opportunity?",,"[PYPL] Trading/Price Data 2025-09-01 -> 2025-09-30 - AdjClose: first=69.2500, last=67.0600, pct_change=-3.16% - Indicators: MA_20=67.7595, MACD=-0.4189, MACD_Signal=-0.5529, RSI=55.5469, EMA_20=68.0028, OBV=-19265631.0000, One_Day_Reversal=-0.0376, Max_Return_20D=0.0354, Momentum_5D=-0.0037, Momentum_20D=-0.0316, Mean_Reversal_60D=-0.0436, Short_Term_Reversal_1month=-0.0054, Medium_Term_Momentum_2",value_trap,value_trap|genuine_opportunity|mixed|insufficient_data,insufficient_data|mixed,committed,,,,,not_applicable,,,
hqa_FTB_06c86cd6,fintradebench,FT41,2191f252b2a1,none,category_choice,Does Netflix's lack of a dividend in 2025 signal reinvestment opportunity or cash flow weakness?,,"[NFLX] Trading/Price Data 2025-01-01 -> 2025-12-31 - AdjClose: first=886.7300, last=1153.3200, pct_change=30.06% - Indicators: MA_20=1208.7200, MACD=-12.5304, MACD_Signal=-5.5975, RSI=34.4556, EMA_20=1200.7885, OBV=2023028611.0000, One_Day_Reversal=-0.0079, Max_Return_20D=0.0233, Momentum_5D=-0.0473, Momentum_20D=-0.0728, Mean_Reversal_60D=-0.0471, Short_Term_Reversal_1month=-0.0519, Medium_Term_M",reinvestment_opportunity,reinvestment_opportunity|cash_flow_weakness|mixed|insufficient_data,insufficient_data|mixed,committed,,,,,not_applicable,,,
hqa_FTB_10de0142,fintradebench,F26,7b21ab95165b,none,valuation_judgment,Is PayPal undervalued or appropriately priced based on 2025 data?,,"[PYPL] Trading/Price Data 2025-01-01 -> 2025-12-31 - AdjClose: first=86.1800, last=69.2500, pct_change=-19.64% - Indicators: MA_20=67.6835, MACD=-0.2008, MACD_Signal=-0.4389, RSI=57.8909, EMA_20=68.0968, OBV=-10634314.0000, One_Day_Reversal=0.0046, Max_Return_20D=0.0354, Momentum_5D=0.0290, Momentum_20D=0.0145, Mean_Reversal_60D=-0.0074, Short_Term_Reversal_1month=-0.0102, Medium_Term_Momentum_2mo",undervalued,undervalued|fairly_priced|overvalued|insufficient_data,insufficient_data,committed,,,,,not_applicable,,,
hqa_FTB_13290767,fintradebench,F12,0d2112048cbb,none,company_choice,"As of September 2025, which tech giant has the strongest balance sheet: Apple, Microsoft, or Google?",,"[AAPL] Trading/Price Data 2025-09-01 -> 2025-09-30 - AdjClose: first=229.7200, last=254.6300, pct_change=10.84% - Indicators: MA_20=243.1245, MACD=7.4966, MACD_Signal=6.5587, RSI=82.7684, EMA_20=244.6472, OBV=159375777216.0000, One_Day_Reversal=0.0008, Max_Return_20D=0.0431, Momentum_5D=0.0008, Momentum_20D=0.1084, Mean_Reversal_60D=0.1227, Short_Term_Reversal_1month=0.0940, Medium_Term_Momentum_2",GOOGL,AAPL|MSFT|GOOGL|insufficient_data,insufficient_data,committed,,,,,not_applicable,,,
hqa_FTB_19c171bc,fintradebench,FT36,02b26356780b,none,yes_no_mixed,"As of Q3 2025, does Amazon's diversified business model create a more attractive risk profile?",,"[AMZN] Trading/Price Data 2025-07-01 -> 2025-09-30 - AdjClose: first=220.4600, last=219.5700, pct_change=-0.40% - Indicators: MA_20=228.2270, MACD=-2.0850, MACD_Signal=-0.6392, RSI=32.7010, EMA_20=225.6631, OBV=48941963078.0000, One_Day_Reversal=-0.0117, Max_Return_20D=0.0429, Momentum_5D=-0.0052, Momentum_20D=-0.0256, Mean_Reversal_60D=-0.0313, Short_Term_Reversal_1month=-0.0407, Medium_Term_Mome",yes,yes|no|mixed|insufficient_data,insufficient_data|mixed,committed,,,,,not_applicable,,,
hqa_FTB_1c185a4a,fintradebench,T35,e601ed4dd0bd,none,screening_top1,"As of September 5, 2025, which stocks are approaching oversold conditions?",,"[TRI] Trading/Price Data 2025-01-01 -> 2025-12-31 - AdjClose: first=159.7230, last=152.9800, pct_change=-4.22% - Indicators: MA_20=163.2300, MACD=-6.6021, MACD_Signal=-5.9912, RSI=15.7143, EMA_20=161.8057, OBV=64318493.0000, One_Day_Reversal=0.0096, Max_Return_20D=0.0177, Momentum_5D=-0.0257, Momentum_20D=-0.1240, Mean_Reversal_60D=-0.1493, Short_Term_Reversal_1month=-0.1464, Medium_Term_Momentum_",TRI,TRI|TEAM|WBD|AVGO|none_clear,none_clear,committed,,,,,not_applicable,,,
hqa_FTB_1f54d2f8,fintradebench,F27,a17526ed2a11,none,open_summary_with_canonical_claim,What makes Nvidia so valuable to investors in July 2025?,,"[NVDA] Trading/Price Data 2025-07-01 -> 2025-07-31 - AdjClose: first=153.2910, last=177.8600, pct_change=16.03% - Indicators: MA_20=169.3334, MACD=7.0918, MACD_Signal=7.1708, RSI=70.0158, EMA_20=169.0433, OBV=166262412151.0000, One_Day_Reversal=-0.0078, Max_Return_20D=0.0404, Momentum_5D=0.0238, Momentum_20D=0.1311, Mean_Reversal_60D=0.1931, Short_Term_Reversal_1month=0.1347, Medium_Term_Momentum_",claim_true,claim_true|claim_false|mixed,mixed,committed,,,,,not_applicable,,,
hqa_FTB_2aef23bd,fintradebench,FT10,1f755bcfac58,none,supportive_judgment,Should I average down on my Qualcomm position that's losing money in Q3 2025?,,"[QCOM] Trading/Price Data 2025-07-01 -> 2025-09-30 - AdjClose: first=158.5170, last=166.3600, pct_change=4.95% - Indicators: MA_20=164.3044, MACD=3.0596, MACD_Signal=3.1730, RSI=63.1991, EMA_20=164.8822, OBV=2548869655.0000, One_Day_Reversal=0.0064, Max_Return_20D=0.0237, Momentum_5D=-0.0187, Momentum_20D=0.0536, Mean_Reversal_60D=0.0535, Short_Term_Reversal_1month=0.0337, Medium_Term_Momentum_2mo",supportive,supportive|unsupportive|conditional|insufficient_data,conditional|insufficient_data,committed,,,,,not_applicable,,,
hqa_FTB_30cfebd4,fintradebench,FT43,cd44de2968d9,none,category_choice,"In Q3 2025, should I wait for technical confirmation before buying Adobe, or are fundamentals sufficient?",,"[ADBE] Trading/Price Data 2025-07-01 -> 2025-09-30 - AdjClose: first=392.1000, last=352.7500, pct_change=-10.04% - Indicators: MA_20=355.2830, MACD=0.6681, MACD_Signal=0.6693, RSI=52.4383, EMA_20=356.5277, OBV=494552281.0000, One_Day_Reversal=-0.0186, Max_Return_20D=0.0278, Momentum_5D=-0.0250, Momentum_20D=0.0206, Mean_Reversal_60D=-0.0125, Short_Term_Reversal_1month=0.0154, Medium_Term_Momentum_",wait_for_confirmation,wait_for_confirmation|buy_on_fundamentals|insufficient_data,insufficient_data,committed,,,,,not_applicable,,,
hqa_FTB_38645c6c,fintradebench,F11,f48022c572be,none,yes_no_mixed,"As of August 2025, is Tesla financially stable enough to weather an economic downturn?",,"[TSLA] Trading/Price Data 2025-08-01 -> 2025-08-31 - AdjClose: first=302.6300, last=333.8700, pct_change=10.32% - Indicators: MA_20=332.5705, MACD=5.9422, MACD_Signal=5.1811, RSI=46.8187, EMA_20=334.0421, OBV=21793428285.0000, One_Day_Reversal=-0.0350, Max_Return_20D=0.0622, Momentum_5D=-0.0181, Momentum_20D=0.1032, Mean_Reversal_60D=0.0357, Short_Term_Reversal_1month=0.0844, Medium_Term_Momentum_",yes,yes|no|mixed|insufficient_data,insufficient_data|mixed,committed,,,,,not_applicable,,,
hqa_FTB_3a7f797e,fintradebench,F13,2191f252b2a1,none,yes_no_mixed,Should I worry about Netflix's debt levels in mid-2025?,,"[NFLX] Trading/Price Data 2025-01-01 -> 2025-12-31 - AdjClose: first=886.7300, last=1153.3200, pct_change=30.06% - Indicators: MA_20=1208.7200, MACD=-12.5304, MACD_Signal=-5.5975, RSI=34.4556, EMA_20=1200.7885, OBV=2023028611.0000, One_Day_Reversal=-0.0079, Max_Return_20D=0.0233, Momentum_5D=-0.0473, Momentum_20D=-0.0728, Mean_Reversal_60D=-0.0471, Short_Term_Reversal_1month=-0.0519, Medium_Term_M",no,yes|no|mixed|insufficient_data,insufficient_data|mixed,committed,,,,,not_applicable,,,
hqa_FTB_3ba66418,fintradebench,F15,1f755bcfac58,none,graded_judgment,"As of Q3 2025, how financially sound is Qualcomm compared to other chip companies?",,"[QCOM] Trading/Price Data 2025-07-01 -> 2025-09-30 - AdjClose: first=158.5170, last=166.3600, pct_change=4.95% - Indicators: MA_20=164.3044, MACD=3.0596, MACD_Signal=3.1730, RSI=63.1991, EMA_20=164.8822, OBV=2548869655.0000, One_Day_Reversal=0.0064, Max_Return_20D=0.0237, Momentum_5D=-0.0187, Momentum_20D=0.0536, Mean_Reversal_60D=0.0535, Short_Term_Reversal_1month=0.0337, Medium_Term_Momentum_2mo",sound,sound|mixed|weak|insufficient_data,insufficient_data|mixed,committed,,,,,not_applicable,,,
hqa_FTB_46b2b9ab,fintradebench,FT40,bbcca5ab420a,none,yes_no_mixed,"As of September 2025, is Netflix's streaming dominance translating into sustainable financial metrics?",,"[NFLX] Trading/Price Data 2025-09-01 -> 2025-09-30 - AdjClose: first=1214.1100, last=1198.9200, pct_change=-1.25% - Indicators: MA_20=1220.7565, MACD=-3.7012, MACD_Signal=-1.3637, RSI=36.8071, EMA_20=1214.4898, OBV=2034961664.0000, One_Day_Reversal=-0.0062, Max_Return_20D=0.0255, Momentum_5D=-0.0160, Momentum_20D=-0.0125, Mean_Reversal_60D=-0.0139, Short_Term_Reversal_1month=-0.0203, Medium_Term_M",yes,yes|no|mixed|insufficient_data,insufficient_data|mixed,committed,,,,,not_applicable,,,
hqa_FTB_47429988,fintradebench,FT32,f4bbb7d3ba04,none,category_choice,"Is Apple's stability attractive in the volatile 2025 market, or does it signal underperformance ahead?",,"[AAPL] Trading/Price Data 2025-01-01 -> 2025-12-31 - AdjClose: first=243.0040, last=258.0200, pct_change=6.18% - Indicators: MA_20=245.7575, MACD=7.4241, MACD_Signal=6.9845, RSI=79.6440, EMA_20=247.8386, OBV=159516277009.0000, One_Day_Reversal=0.0035, Max_Return_20D=0.0431, Momentum_5D=0.0100, Momentum_20D=0.0765, Mean_Reversal_60D=0.1262, Short_Term_Reversal_1month=0.0782, Medium_Term_Momentum_2m",underperformance_ahead,attractive_stability|underperformance_ahead|mixed|insufficient_data,insufficient_data|mixed,committed,,,,,not_applicable,,,
hqa_FTB_48b061cd,fintradebench,FT28,e7273bc9d722,none,yes_no_mixed,Does Tesla's robotaxi opportunity justify its September 2025 valuation metrics?,,"[TSLA] Trading/Price Data 2025-09-01 -> 2025-09-30 - AdjClose: first=329.3600, last=444.7200, pct_change=35.03% - Indicators: MA_20=399.2190, MACD=26.9521, MACD_Signal=24.5006, RSI=78.4302, EMA_20=406.7866, OBV=22958088131.0000, One_Day_Reversal=0.0034, Max_Return_20D=0.0736, Momentum_5D=0.0443, Momentum_20D=0.3503, Mean_Reversal_60D=0.2723, Short_Term_Reversal_1month=0.2810, Medium_Term_Momentum_",no,yes|no|mixed|insufficient_data,insufficient_data|mixed,committed,,,,,not_applicable,,,
hqa_FTB_495324ab,fintradebench,FT12,3bf2ce22b429,none,yes_no_mixed,Has AMD's momentum turned positive after the July 2025 selloff?,,"[AMD] Trading/Price Data 2025-07-01 -> 2025-07-31 - AdjClose: first=136.1100, last=176.3100, pct_change=29.53% - Indicators: MA_20=156.2365, MACD=11.5268, MACD_Signal=10.0163, RSI=81.1030, EMA_20=158.8977, OBV=6855505879.0000, One_Day_Reversal=-0.0178, Max_Return_20D=0.0641, Momentum_5D=0.0875, Momentum_20D=0.2728, Mean_Reversal_60D=0.3360, Short_Term_Reversal_1month=0.2650, Medium_Term_Momentum_2",yes,yes|no|mixed|insufficient_data,insufficient_data|mixed,committed,,,,,not_applicable,,,
hqa_FTB_4fb8ad99,fintradebench,FT39,0072467e4e7d,none,yes_no_mixed,Should I be concerned about Alphabet's multiple compression in 2025 despite strong earnings?,,"[GOOGL] Trading/Price Data 2025-01-01 -> 2025-12-31 - AdjClose: first=188.8070, last=245.3500, pct_change=29.95% - Indicators: MA_20=245.9905, MACD=7.0959, MACD_Signal=9.3381, RSI=36.5780, EMA_20=241.5893, OBV=29434712013.0000, One_Day_Reversal=-0.0014, Max_Return_20D=0.0449, Momentum_5D=-0.0048, Momentum_20D=0.0450, Mean_Reversal_60D=0.1416, Short_Term_Reversal_1month=0.0661, Medium_Term_Momentum",yes,yes|no|mixed|insufficient_data,insufficient_data|mixed,committed,,,,,not_applicable,,,
hqa_FTB_54b6da2c,fintradebench,FT33,f4bbb7d3ba04,none,category_choice,Does Apple's lack of AI momentum in 2025 indicate a buying opportunity or structural challenges?,,"[AAPL] Trading/Price Data 2025-01-01 -> 2025-12-31 - AdjClose: first=243.0040, last=258.0200, pct_change=6.18% - Indicators: MA_20=245.7575, MACD=7.4241, MACD_Signal=6.9845, RSI=79.6440, EMA_20=247.8386, OBV=159516277009.0000, One_Day_Reversal=0.0035, Max_Return_20D=0.0431, Momentum_5D=0.0100, Momentum_20D=0.0765, Mean_Reversal_60D=0.1262, Short_Term_Reversal_1month=0.0782, Medium_Term_Momentum_2m",buying_opportunity,buying_opportunity|structural_challenges|mixed|insufficient_data,insufficient_data|mixed,committed,,,,,not_applicable,,,
hqa_FTB_54bc7248,fintradebench,FT34,b7d470d3a4eb,none,open_summary_with_canonical_claim,"As of September 2025, how does Microsoft balance enterprise stability with AI growth exposure?",,"[MSFT] Trading/Price Data 2025-09-01 -> 2025-09-30 - AdjClose: first=505.1200, last=517.9500, pct_change=2.54% - Indicators: MA_20=508.0940, MACD=1.5800, MACD_Signal=0.6328, RSI=65.4211, EMA_20=510.4329, OBV=14636827777.0000, One_Day_Reversal=0.0065, Max_Return_20D=0.0186, Momentum_5D=0.0171, Momentum_20D=0.0254, Mean_Reversal_60D=0.0142, Short_Term_Reversal_1month=0.0097, Medium_Term_Momentum_2mo",claim_true,claim_true|claim_false|mixed,mixed,committed,,,,,not_applicable,,,
hqa_FTB_5895e72d,fintradebench,T14,7d8854c69ea0,none,screening_top1,What companies had the biggest single-day moves during August 2025?,,"[IDXX] Trading/Price Data 2025-08-01 -> 2025-08-31 - AdjClose: first=535.5400, last=647.0900, pct_change=20.83% - Indicators: MA_20=647.0595, MACD=18.2344, MACD_Signal=22.1065, RSI=46.5673, EMA_20=631.1284, OBV=340329402.0000, One_Day_Reversal=0.0001, Max_Return_20D=0.2749, Momentum_5D=0.0024, Momentum_20D=0.2083, Mean_Reversal_60D=0.1314, Short_Term_Reversal_1month=0.1310, Medium_Term_Momentum_2m",IDXX,IDXX|SHOP|MRVL|AXON|none_clear,none_clear,committed,,,,,not_applicable,,,
hqa_FTB_599b11e3,fintradebench,T9,ef1081121224,none,screening_top1,"As of September 2025, which stocks have the strongest volume confirmation for their price moves?",,"[TSLA] Trading/Price Data 2025-09-01 -> 2025-09-30 - AdjClose: first=329.3600, last=444.7200, pct_change=35.03% - Indicators: MA_20=399.2190, MACD=26.9521, MACD_Signal=24.5006, RSI=78.4302, EMA_20=406.7866, OBV=22958088131.0000, One_Day_Reversal=0.0034, Max_Return_20D=0.0736, Momentum_5D=0.0443, Momentum_20D=0.3503, Mean_Reversal_60D=0.2723, Short_Term_Reversal_1month=0.2810, Medium_Term_Momentum_",TSLA,TSLA|INTC|LRCX|NVDA|none_clear,none_clear,committed,,,,,not_applicable,,,
hqa_FTB_5a0e1efb,fintradebench,F34,7ab77419fe4b,none,graded_judgment,"Based on Q2 2025 data, how efficiently does Google use its assets compared to other tech giants?",,"[GOOGL] Trading/Price Data 2025-04-01 -> 2025-06-30 - AdjClose: first=156.7420, last=176.0720, pct_change=12.33% - Indicators: MA_20=172.3539, MACD=1.8757, MACD_Signal=1.9537, RSI=50.1959, EMA_20=171.7834, OBV=28798280724.0000, One_Day_Reversal=-0.0129, Max_Return_20D=0.0325, Momentum_5D=0.0668, Momentum_20D=0.0274, Mean_Reversal_60D=0.0761, Short_Term_Reversal_1month=0.0370, Medium_Term_Momentum_",more_efficient,more_efficient|similar|less_efficient|insufficient_data,insufficient_data,committed,,,,,not_applicable,,,
hqa_FTB_5d6ed0fa,fintradebench,FT48,00ed630a9c85,none,yes_no_mixed,Does Costco's defensive retail model justify its premium Q3 2025 valuation metrics?,,"[COST] Trading/Price Data 2025-07-01 -> 2025-09-30 - AdjClose: first=984.6160, last=925.6300, pct_change=-5.99% - Indicators: MA_20=951.0690, MACD=-9.2855, MACD_Signal=-5.5140, RSI=34.5433, EMA_20=945.1895, OBV=469978714.0000, One_Day_Reversal=0.0096, Max_Return_20D=0.0117, Momentum_5D=-0.0190, Momentum_20D=-0.0140, Mean_Reversal_60D=-0.0320, Short_Term_Reversal_1month=-0.0297, Medium_Term_Momentu",no,yes|no|mixed|insufficient_data,insufficient_data|mixed,committed,,,,,not_applicable,,,
hqa_FTB_5db8c06c,fintradebench,T27,4212e4dcff40,none,screening_top1,Which NASDAQ 100 stock has the best risk-reward setup for September 2025?,,"[MU] Trading/Price Data 2025-09-01 -> 2025-09-30 - AdjClose: first=118.4080, last=167.2180, pct_change=41.22% - Indicators: MA_20=151.6601, MACD=10.4632, MACD_Signal=10.5797, RSI=73.2311, EMA_20=152.4584, OBV=3878675015.0000, One_Day_Reversal=0.0209, Max_Return_20D=0.0755, Momentum_5D=0.0055, Momentum_20D=0.4122, Mean_Reversal_60D=0.3031, Short_Term_Reversal_1month=0.3434, Medium_Term_Momentum_2mo",MU,MU|WBD|APP|LRCX|none_clear,none_clear,committed,,,,,not_applicable,,,
hqa_FTB_624fddfe,fintradebench,F17,799c9593b35e,none,open_summary_with_canonical_claim,"Why do dividend investors like Cisco as of July 2025, despite its slow growth?",,"[CSCO] Trading/Price Data 2025-07-01 -> 2025-07-31 - AdjClose: first=68.2820, last=67.6720, pct_change=-0.89% - Indicators: MA_20=67.8863, MACD=0.4761, MACD_Signal=0.6687, RSI=51.2775, EMA_20=67.5540, OBV=21252243518.0000, One_Day_Reversal=-0.0028, Max_Return_20D=0.0174, Momentum_5D=-0.0031, Momentum_20D=-0.0016, Mean_Reversal_60D=0.0392, Short_Term_Reversal_1month=-0.0101, Medium_Term_Momentum_2m",claim_true,claim_true|claim_false|mixed,mixed,committed,,,,,not_applicable,,,
hqa_FTB_664ec26b,fintradebench,F39,0e48025b57ec,none,graded_judgment,How efficiently does Broadcom generate in 2025?,,"[AVGO] Trading/Price Data 2025-01-01 -> 2025-12-31 - AdjClose: first=230.3180, last=338.3700, pct_change=46.91% - Indicators: MA_20=344.0610, MACD=4.8461, MACD_Signal=7.5509, RSI=23.3497, EMA_20=334.7088, OBV=6585520063.0000, One_Day_Reversal=0.0006, Max_Return_20D=0.0977, Momentum_5D=0.0115, Momentum_20D=0.0122, Mean_Reversal_60D=0.0852, Short_Term_Reversal_1month=0.1203, Medium_Term_Momentum_2mo",moderate,efficient|moderate|inefficient|insufficient_data,insufficient_data,committed,,,,,not_applicable,,,
hqa_FTB_6f71b24d,fintradebench,FT2,e7273bc9d722,none,supportive_judgment,"In September 2025, should I invest in Tesla given its volatility and financial health?",,"[TSLA] Trading/Price Data 2025-09-01 -> 2025-09-30 - AdjClose: first=329.3600, last=444.7200, pct_change=35.03% - Indicators: MA_20=399.2190, MACD=26.9521, MACD_Signal=24.5006, RSI=78.4302, EMA_20=406.7866, OBV=22958088131.0000, One_Day_Reversal=0.0034, Max_Return_20D=0.0736, Momentum_5D=0.0443, Momentum_20D=0.3503, Mean_Reversal_60D=0.2723, Short_Term_Reversal_1month=0.2810, Medium_Term_Momentum_",unsupportive,supportive|unsupportive|conditional|insufficient_data,conditional|insufficient_data,committed,,,,,not_applicable,,,
hqa_FTB_6fa9f26d,fintradebench,FT5,63b7123e27f4,none,category_choice,Should I hold or sell my Amazon shares after the Q2 2025 rally?,,"[AMZN] Trading/Price Data 2025-04-01 -> 2025-06-30 - AdjClose: first=192.1700, last=219.3900, pct_change=14.16% - Indicators: MA_20=213.0185, MACD=3.9935, MACD_Signal=3.7965, RSI=53.1586, EMA_20=212.5956, OBV=48749660098.0000, One_Day_Reversal=-0.0175, Max_Return_20D=0.0285, Momentum_5D=0.0524, Momentum_20D=0.0701, Mean_Reversal_60D=0.1079, Short_Term_Reversal_1month=0.0908, Medium_Term_Momentum_2",hold,hold|sell|conditional|insufficient_data,conditional|insufficient_data,committed,,,,,not_applicable,,,
hqa_FTB_7199c7e7,fintradebench,FT20,7eedea8ca88e,none,yes_no_mixed,Is Apple a good defensive stock for September 2025?,,"[AAPL] Trading/Price Data 2025-09-01 -> 2025-09-30 - AdjClose: first=229.7200, last=254.6300, pct_change=10.84% - Indicators: MA_20=243.1245, MACD=7.4966, MACD_Signal=6.5587, RSI=82.7684, EMA_20=244.6472, OBV=159375777216.0000, One_Day_Reversal=0.0008, Max_Return_20D=0.0431, Momentum_5D=0.0008, Momentum_20D=0.1084, Mean_Reversal_60D=0.1227, Short_Term_Reversal_1month=0.0940, Medium_Term_Momentum_2",no,yes|no|mixed|insufficient_data,insufficient_data|mixed,committed,,,,,not_applicable,,,
hqa_FTB_74433c22,fintradebench,FT29,bc325a44c058,none,yes_no_mixed,"As of mid-2025, is Tesla showing signs of fundamental deterioration beneath its technical strength?",,"[TSLA] Trading/Price Data 2025-01-01 -> 2025-12-31 - AdjClose: first=379.2800, last=429.8300, pct_change=13.33% - Indicators: MA_20=414.3105, MACD=24.3235, MACD_Signal=25.1774, RSI=56.4847, EMA_20=415.6050, OBV=22786013286.0000, One_Day_Reversal=-0.0142, Max_Return_20D=0.0736, Momentum_5D=-0.0240, Momentum_20D=0.2251, Mean_Reversal_60D=0.2055, Short_Term_Reversal_1month=0.3050, Medium_Term_Momentu",yes,yes|no|mixed|insufficient_data,insufficient_data|mixed,committed,,,,,not_applicable,,,
hqa_FTB_7c1b95b5,fintradebench,FT45,96976acafdf7,none,category_choice,"As of September 2025, should I view Intel as a contrarian value play or a value trap?",,"[INTC] Trading/Price Data 2025-09-01 -> 2025-09-30 - AdjClose: first=24.2100, last=33.5500, pct_change=38.58% - Indicators: MA_20=27.8705, MACD=2.7412, MACD_Signal=1.9872, RSI=73.8328, EMA_20=29.0855, OBV=12132002275.0000, One_Day_Reversal=-0.0270, Max_Return_20D=0.2277, Momentum_5D=0.1435, Momentum_20D=0.3858, Mean_Reversal_60D=0.3775, Short_Term_Reversal_1month=0.3831, Medium_Term_Momentum_2mont",contrarian_value_play,contrarian_value_play|value_trap|mixed|insufficient_data,insufficient_data|mixed,committed,,,,,not_applicable,,,
hqa_FTB_7d9b0eea,fintradebench,F4,50584d24a576,none,yes_no_mixed,Is Nvidia's profitability sustainable with its valuation in September 2025?,,"[NVDA] Trading/Price Data 2025-09-01 -> 2025-09-30 - AdjClose: first=170.7700, last=186.5800, pct_change=9.26% - Indicators: MA_20=175.9891, MACD=1.8439, MACD_Signal=0.9646, RSI=62.2164, EMA_20=177.9510, OBV=166277664172.0000, One_Day_Reversal=0.0260, Max_Return_20D=0.0393, Momentum_5D=0.0457, Momentum_20D=0.0926, Mean_Reversal_60D=0.0634, Short_Term_Reversal_1month=0.0094, Medium_Term_Momentum_2m",yes,yes|no|mixed|insufficient_data,insufficient_data|mixed,committed,,,,,not_applicable,,,
hqa_FTB_7dbce4b0,fintradebench,F10,0e48025b57ec,none,open_summary_with_canonical_claim,Why is Broadcom's stock price so high in 2025 despite being in semiconductors?,,"[AVGO] Trading/Price Data 2025-01-01 -> 2025-12-31 - AdjClose: first=230.3180, last=338.3700, pct_change=46.91% - Indicators: MA_20=344.0610, MACD=4.8461, MACD_Signal=7.5509, RSI=23.3497, EMA_20=334.7088, OBV=6585520063.0000, One_Day_Reversal=0.0006, Max_Return_20D=0.0977, Momentum_5D=0.0115, Momentum_20D=0.0122, Mean_Reversal_60D=0.0852, Short_Term_Reversal_1month=0.1203, Medium_Term_Momentum_2mo",claim_true,claim_true|claim_false|mixed,mixed,committed,,,,,not_applicable,,,
hqa_FTB_7ffcdb70,fintradebench,FT11,a0ef6f9bcada,none,supportive_judgment,"As of August 2025, is Costco worth buying for dividend income?",,"[COST] Trading/Price Data 2025-08-01 -> 2025-08-31 - AdjClose: first=952.5200, last=943.3200, pct_change=-0.97% - Indicators: MA_20=966.7985, MACD=-4.8056, MACD_Signal=-1.2076, RSI=29.6978, EMA_20=959.9048, OBV=469874955.0000, One_Day_Reversal=-0.0017, Max_Return_20D=0.0264, Momentum_5D=-0.0159, Momentum_20D=-0.0097, Mean_Reversal_60D=-0.0280, Short_Term_Reversal_1month=0.0202, Medium_Term_Momentu",unsupportive,supportive|unsupportive|conditional|insufficient_data,conditional|insufficient_data,committed,,,,,not_applicable,,,
hqa_FTB_8315fbdd,fintradebench,T47,4ee9ec9132ec,none,screening_top1,Which companies are showing decreasing momentum quality in Q3 2025?,,"[CMCSA] Trading/Price Data 2025-07-01 -> 2025-09-30 - AdjClose: first=35.6190, last=31.0880, pct_change=-12.72% - Indicators: MA_20=32.2015, MACD=-0.5498, MACD_Signal=-0.4593, RSI=13.4719, EMA_20=31.9275, OBV=2195417369.0000, One_Day_Reversal=-0.0022, Max_Return_20D=0.0044, Momentum_5D=-0.0063, Momentum_20D=-0.0794, Mean_Reversal_60D=-0.0581, Short_Term_Reversal_1month=-0.0620, Medium_Term_Momentu",CMCSA,CMCSA|TEAM|KDP|TRI|none_clear,none_clear,committed,,,,,not_applicable,,,
hqa_FTB_869351e8,fintradebench,F44,aef60832e3aa,none,open_summary_with_canonical_claim,"Why don't high-growth tech companies (like Amazon, Meta) pay dividends in 2025?",,"[AMZN] Trading/Price Data 2025-01-01 -> 2025-12-31 - AdjClose: first=220.2200, last=219.5100, pct_change=-0.32% - Indicators: MA_20=226.6545, MACD=-2.2740, MACD_Signal=-1.4041, RSI=31.0070, EMA_20=224.4044, OBV=48983516465.0000, One_Day_Reversal=-0.0130, Max_Return_20D=0.0151, Momentum_5D=-0.0012, Momentum_20D=-0.0552, Mean_Reversal_60D=-0.0314, Short_Term_Reversal_1month=-0.0158, Medium_Term_Mome",claim_true,claim_true|claim_false|mixed,mixed,committed,,,,,not_applicable,,,
hqa_FTB_88541c51,fintradebench,FT16,e75a67e0e421,none,supportive_judgment,Should I buy Starbucks during this August 2025 dip?,,"[SBUX] Trading/Price Data 2025-08-01 -> 2025-08-31 - AdjClose: first=86.2790, last=88.1900, pct_change=2.21% - Indicators: MA_20=89.7888, MACD=-1.0668, MACD_Signal=-0.7918, RSI=41.0619, EMA_20=89.4645, OBV=1069770402.0000, One_Day_Reversal=0.0019, Max_Return_20D=0.0336, Momentum_5D=-0.0021, Momentum_20D=0.0221, Mean_Reversal_60D=-0.0354, Short_Term_Reversal_1month=-0.0447, Medium_Term_Momentum_2mo",unsupportive,supportive|unsupportive|conditional|insufficient_data,conditional|insufficient_data,committed,,,,,not_applicable,,,
hqa_FTB_8ed2e330,fintradebench,F38,4f91dde48fb5,none,category_choice,"In 2025, is Cisco's asset base productive or aging into obsolescence?",,"[CSCO] Trading/Price Data 2025-01-01 -> 2025-12-31 - AdjClose: first=57.5940, last=67.9200, pct_change=17.93% - Indicators: MA_20=67.3107, MACD=0.1063, MACD_Signal=-0.0087, RSI=60.3137, EMA_20=67.5252, OBV=21155438699.0000, One_Day_Reversal=0.0003, Max_Return_20D=0.0142, Momentum_5D=0.0165, Momentum_20D=0.0214, Mean_Reversal_60D=0.0035, Short_Term_Reversal_1month=0.0095, Medium_Term_Momentum_2mont",aging,productive|aging|mixed|insufficient_data,insufficient_data|mixed,committed,,,,,not_applicable,,,
hqa_FTB_9175a3ca,fintradebench,T44,6422719b6706,none,screening_top1,"What stocks have the highest probability reversal setups for the week of September 8, 2025?",,"[INTC] Trading/Price Data 2025-01-01 -> 2025-12-31 - AdjClose: first=20.2200, last=36.8300, pct_change=82.15% - Indicators: MA_20=29.7190, MACD=3.2805, MACD_Signal=2.5576, RSI=78.3631, EMA_20=31.0653, OBV=12318654235.0000, One_Day_Reversal=-0.0126, Max_Return_20D=0.2277, Momentum_5D=0.0375, Momentum_20D=0.5039, Mean_Reversal_60D=0.4727, Short_Term_Reversal_1month=0.5542, Medium_Term_Momentum_2mont",INTC,INTC|ASML|TRI|MRVL|none_clear,none_clear,committed,,,,,not_applicable,,,
hqa_FTB_9216ec7b,fintradebench,F35,f4bbb7d3ba04,none,open_summary_with_canonical_claim,Why is Apple's return on equity so extraordinarily high in 2025?,,"[AAPL] Trading/Price Data 2025-01-01 -> 2025-12-31 - AdjClose: first=243.0040, last=258.0200, pct_change=6.18% - Indicators: MA_20=245.7575, MACD=7.4241, MACD_Signal=6.9845, RSI=79.6440, EMA_20=247.8386, OBV=159516277009.0000, One_Day_Reversal=0.0035, Max_Return_20D=0.0431, Momentum_5D=0.0100, Momentum_20D=0.0765, Mean_Reversal_60D=0.1262, Short_Term_Reversal_1month=0.0782, Medium_Term_Momentum_2m",claim_true,claim_true|claim_false|mixed,mixed,committed,,,,,not_applicable,,,
hqa_FTB_94705863,fintradebench,F22,b69f5648d627,none,open_summary_with_canonical_claim,"As of Q3 2025, why is Tesla's stock price so high compared to its earnings?",,"[TSLA] Trading/Price Data 2025-07-01 -> 2025-09-30 - AdjClose: first=300.7100, last=444.7200, pct_change=47.89% - Indicators: MA_20=399.2190, MACD=26.9521, MACD_Signal=24.5006, RSI=78.4302, EMA_20=406.7866, OBV=22958088131.0000, One_Day_Reversal=0.0034, Max_Return_20D=0.0736, Momentum_5D=0.0443, Momentum_20D=0.3503, Mean_Reversal_60D=0.2723, Short_Term_Reversal_1month=0.2810, Medium_Term_Momentum_",claim_true,claim_true|claim_false|mixed,mixed,committed,,,,,not_applicable,,,
hqa_FTB_9a70a1f9,fintradebench,F24,a8d659cbd4d7,none,category_choice,Is Amazon a value or growth stock at its August 2025 prices?,,"[AMZN] Trading/Price Data 2025-08-01 -> 2025-08-31 - AdjClose: first=214.7500, last=229.0000, pct_change=6.64% - Indicators: MA_20=225.1670, MACD=1.7111, MACD_Signal=1.4651, RSI=61.3973, EMA_20=226.9174, OBV=49100139636.0000, One_Day_Reversal=-0.0112, Max_Return_20D=0.0400, Momentum_5D=0.0007, Momentum_20D=0.0664, Mean_Reversal_60D=0.0302, Short_Term_Reversal_1month=0.0061, Medium_Term_Momentum_2m",growth,growth|value|mixed|insufficient_data,insufficient_data|mixed,committed,,,,,not_applicable,,,
hqa_FTB_a0c0d5cc,fintradebench,FT13,2824300ed869,none,supportive_judgment,"In mid-2025, should I switch from bonds to Pepsi stock for income?",,"[PEP] Trading/Price Data 2025-01-01 -> 2025-12-31 - AdjClose: first=145.8750, last=141.9800, pct_change=-2.67% - Indicators: MA_20=141.6560, MACD=-0.5742, MACD_Signal=-0.6861, RSI=55.4120, EMA_20=142.1245, OBV=1411201321.0000, One_Day_Reversal=-0.0023, Max_Return_20D=0.0192, Momentum_5D=0.0110, Momentum_20D=-0.0301, Mean_Reversal_60D=-0.0054, Short_Term_Reversal_1month=-0.0333, Medium_Term_Momentu",unsupportive,supportive|unsupportive|conditional|insufficient_data,conditional|insufficient_data,committed,,,,,not_applicable,,,
hqa_FTB_a14e5de6,fintradebench,F47,f3fe3d64397f,none,premise_check,Why does Intel maintain its dividend in 2025 despite its challenges?,,"[INTC] Trading/Price Data 2025-01-01 -> 2025-12-31 - AdjClose: first=20.2200, last=36.8300, pct_change=82.15% - Indicators: MA_20=29.7190, MACD=3.2805, MACD_Signal=2.5576, RSI=78.3631, EMA_20=31.0653, OBV=12318654235.0000, One_Day_Reversal=-0.0126, Max_Return_20D=0.2277, Momentum_5D=0.0375, Momentum_20D=0.5039, Mean_Reversal_60D=0.4727, Short_Term_Reversal_1month=0.5542, Medium_Term_Momentum_2mont",premise_false,premise_false|premise_true_explained|insufficient_data,insufficient_data,committed,,,,,not_applicable,,,
hqa_FTB_a32e1559,fintradebench,FT26,343c908d5627,none,yes_no_mixed,Is NVIDIA's August 2025 pullback a buying opportunity given its AI dominance?,,"[NVDA] Trading/Price Data 2025-08-01 -> 2025-08-31 - AdjClose: first=173.7100, last=174.1700, pct_change=0.26% - Indicators: MA_20=179.6890, MACD=2.1064, MACD_Signal=3.2077, RSI=35.7453, EMA_20=177.8547, OBV=165598124469.0000, One_Day_Reversal=-0.0332, Max_Return_20D=0.0362, Momentum_5D=-0.0214, Momentum_20D=0.0026, Mean_Reversal_60D=0.0494, Short_Term_Reversal_1month=0.0050, Medium_Term_Momentum_",yes,yes|no|mixed|insufficient_data,insufficient_data|mixed,committed,,,,,not_applicable,,,
hqa_FTB_a5c1c626,fintradebench,T24,7a86f9b22941,none,screening_top1,What companies are breaking above key moving average resistance during September 2025?,,"[APP] Trading/Price Data 2025-09-01 -> 2025-09-30 - AdjClose: first=481.7300, last=718.5400, pct_change=49.16% - Indicators: MA_20=602.7590, MACD=59.7779, MACD_Signal=53.4882, RSI=90.6737, EMA_20=610.1187, OBV=570095031.0000, One_Day_Reversal=0.0087, Max_Return_20D=0.1159, Momentum_5D=0.1034, Momentum_20D=0.4916, Mean_Reversal_60D=0.5313, Short_Term_Reversal_1month=0.4726, Medium_Term_Momentum_2mo",APP,APP|LRCX|MNST|INTC|none_clear,none_clear,committed,,,,,not_applicable,,,
hqa_FTB_a6d883cc,fintradebench,FT18,4f91dde48fb5,none,supportive_judgment,Should I invest in Cisco for stability in the volatile 2025 market?,,"[CSCO] Trading/Price Data 2025-01-01 -> 2025-12-31 - AdjClose: first=57.5940, last=67.9200, pct_change=17.93% - Indicators: MA_20=67.3107, MACD=0.1063, MACD_Signal=-0.0087, RSI=60.3137, EMA_20=67.5252, OBV=21155438699.0000, One_Day_Reversal=0.0003, Max_Return_20D=0.0142, Momentum_5D=0.0165, Momentum_20D=0.0214, Mean_Reversal_60D=0.0035, Short_Term_Reversal_1month=0.0095, Medium_Term_Momentum_2mont",supportive,supportive|unsupportive|conditional|insufficient_data,conditional|insufficient_data,committed,,,,,not_applicable,,,
hqa_FTB_a6f3790c,fintradebench,FT14,9925f3653b84,none,category_choice,Is Broadcom's Q3 2025 rally sustainable or should I take profits?,,"[AVGO] Trading/Price Data 2025-07-01 -> 2025-09-30 - AdjClose: first=264.2800, last=329.9100, pct_change=24.83% - Indicators: MA_20=340.6510, MACD=5.9882, MACD_Signal=9.9495, RSI=13.1781, EMA_20=333.9730, OBV=6529730686.0000, One_Day_Reversal=0.0061, Max_Return_20D=0.0977, Momentum_5D=-0.0266, Momentum_20D=0.1081, Mean_Reversal_60D=0.0687, Short_Term_Reversal_1month=0.0642, Medium_Term_Momentum_2m",take_profits,sustainable|take_profits|mixed|insufficient_data,insufficient_data|mixed,committed,,,,,not_applicable,,,
hqa_FTB_a809667e,fintradebench,FT46,c59254a9b96d,none,category_choice,"In 2025, does Qualcomm's smartphone exposure limit its appeal, or do diversification efforts offset this?",,"[QCOM] Trading/Price Data 2025-01-01 -> 2025-12-31 - AdjClose: first=151.0500, last=169.1800, pct_change=12.00% - Indicators: MA_20=165.7325, MACD=2.7446, MACD_Signal=2.9782, RSI=64.5255, EMA_20=165.7587, OBV=2565660079.0000, One_Day_Reversal=0.0020, Max_Return_20D=0.0237, Momentum_5D=-0.0001, Momentum_20D=0.0584, Mean_Reversal_60D=0.0681, Short_Term_Reversal_1month=0.0795, Medium_Term_Momentum_2m",diversification_offsets,exposure_limits|diversification_offsets|mixed|insufficient_data,insufficient_data|mixed,committed,,,,,not_applicable,,,
hqa_FTB_b1c0ad1d,fintradebench,F46,2b85d661cc41,none,category_choice,Is PayPal's lack of dividend (as of August 2025) a red flag or smart capital allocation?,,"[PYPL] Trading/Price Data 2025-08-01 -> 2025-08-31 - AdjClose: first=67.1100, last=70.1900, pct_change=4.59% - Indicators: MA_20=68.9545, MACD=-0.5008, MACD_Signal=-0.8333, RSI=63.2116, EMA_20=69.8192, OBV=43270247.0000, One_Day_Reversal=0.0019, Max_Return_20D=0.0391, Momentum_5D=0.0041, Momentum_20D=0.0459, Mean_Reversal_60D=-0.0257, Short_Term_Reversal_1month=0.0050, Medium_Term_Momentum_2month_",smart_allocation,red_flag|smart_allocation|mixed|insufficient_data,insufficient_data|mixed,committed,,,,,not_applicable,,,
hqa_FTB_be3741f7,fintradebench,FT8,12643c33c478,none,supportive_judgment,Should I buy Netflix after its Q2 2025 earnings beat?,,"[NFLX] Trading/Price Data 2025-04-01 -> 2025-06-30 - AdjClose: first=928.3800, last=1339.1300, pct_change=44.24% - Indicators: MA_20=1246.0128, MACD=38.1530, MACD_Signal=31.0583, RSI=80.3536, EMA_20=1250.3667, OBV=2065289735.0000, One_Day_Reversal=0.0121, Max_Return_20D=0.0246, Momentum_5D=0.0683, Momentum_20D=0.1093, Mean_Reversal_60D=0.1775, Short_Term_Reversal_1month=0.0948, Medium_Term_Momentu",unsupportive,supportive|unsupportive|conditional|insufficient_data,conditional|insufficient_data,committed,,,,,not_applicable,,,
hqa_FTB_bfc189ce,fintradebench,F19,33968e4b42f7,none,company_choice,"Based on data for the first half of 2025, which is more financially stable: AMD or Intel?",,"[AMD] Trading/Price Data 2025-01-01 -> 2025-12-31 - AdjClose: first=120.6300, last=164.6700, pct_change=36.51% - Indicators: MA_20=160.0480, MACD=0.6474, MACD_Signal=-0.3632, RSI=57.0681, EMA_20=162.1142, OBV=6598997671.0000, One_Day_Reversal=-0.0298, Max_Return_20D=0.0349, Momentum_5D=0.0327, Momentum_20D=0.0895, Mean_Reversal_60D=0.0022, Short_Term_Reversal_1month=0.0469, Medium_Term_Momentum_2m",AMD,AMD|INTC|insufficient_data,insufficient_data,committed,,,,,not_applicable,,,
hqa_FTB_c14e66f4,fintradebench,T8,bbcef7512dd9,none,screening_top1,What NASDAQ 100 names are experiencing momentum divergence in Q2 2025?,,"[APP] Trading/Price Data 2025-04-01 -> 2025-06-30 - AdjClose: first=282.7000, last=350.0800, pct_change=23.83% - Indicators: MA_20=369.9935, MACD=-4.4432, MACD_Signal=0.9631, RSI=38.4716, EMA_20=356.1022, OBV=339490594.0000, One_Day_Reversal=0.0488, Max_Return_20D=0.0488, Momentum_5D=0.0438, Momentum_20D=-0.1092, Mean_Reversal_60D=0.0756, Short_Term_Reversal_1month=-0.1447, Medium_Term_Momentum_2m",APP,APP|TSLA|COST|TTD|none_clear,none_clear,committed,,,,,not_applicable,,,
hqa_FTB_c63078f2,fintradebench,FT21,1b1bcf40500c,none,category_choice,Should I buy Texas Instruments in August 2025 or wait?,,"[TXN] Trading/Price Data 2025-08-01 -> 2025-08-31 - AdjClose: first=180.8600, last=202.4800, pct_change=11.95% - Indicators: MA_20=195.3610, MACD=2.5792, MACD_Signal=1.1239, RSI=85.3484, EMA_20=198.9782, OBV=2984454189.0000, One_Day_Reversal=-0.0079, Max_Return_20D=0.0504, Momentum_5D=-0.0174, Momentum_20D=0.1195, Mean_Reversal_60D=0.0131, Short_Term_Reversal_1month=0.0850, Medium_Term_Momentum_2m",wait,buy_now|wait|insufficient_data,insufficient_data,committed,,,,,not_applicable,,,
hqa_FTB_c71bc114,fintradebench,F37,d532922d1c48,none,company_choice,"As of Q3 2025, which generates more cash per dollar of assets: Netflix or Apple?",,"[NFLX] Trading/Price Data 2025-07-01 -> 2025-09-30 - AdjClose: first=1293.6000, last=1198.9200, pct_change=-7.32% - Indicators: MA_20=1220.7565, MACD=-3.7012, MACD_Signal=-1.3637, RSI=36.8071, EMA_20=1214.4898, OBV=2034961664.0000, One_Day_Reversal=-0.0062, Max_Return_20D=0.0255, Momentum_5D=-0.0160, Momentum_20D=-0.0125, Mean_Reversal_60D=-0.0139, Short_Term_Reversal_1month=-0.0203, Medium_Term_M",AAPL,NFLX|AAPL|insufficient_data,insufficient_data,committed,,,,,not_applicable,,,
hqa_FTB_c99d1421,fintradebench,F36,801f1bf1f4e0,none,yes_no_mixed,"Does AMD use its assets more efficiently after its recent investments, as of August 2025?",,"[AMD] Trading/Price Data 2025-08-01 -> 2025-08-31 - AdjClose: first=171.7000, last=162.6300, pct_change=-5.28% - Indicators: MA_20=170.8580, MACD=1.3069, MACD_Signal=3.3803, RSI=40.8043, EMA_20=167.7138, OBV=6644358999.0000, One_Day_Reversal=-0.0353, Max_Return_20D=0.0569, Momentum_5D=-0.0306, Momentum_20D=-0.0528, Mean_Reversal_60D=0.0641, Short_Term_Reversal_1month=-0.0609, Medium_Term_Momentum_",no,yes|no|mixed|insufficient_data,insufficient_data|mixed,committed,,,,,not_applicable,,,
hqa_FTB_ce7df44f,fintradebench,F41,448d062fd8db,none,screening_top1,"As of September 2025, which NASDAQ stocks are best for dividend income investors?",,"[KHC] Trading/Price Data 2025-09-01 -> 2025-09-30 - AdjClose: first=26.0200, last=26.0400, pct_change=0.08% - Indicators: MA_20=26.3560, MACD=-0.2596, MACD_Signal=-0.2419, RSI=43.1767, EMA_20=26.3436, OBV=-276117404.0000, One_Day_Reversal=0.0132, Max_Return_20D=0.0350, Momentum_5D=-0.0196, Momentum_20D=0.0008, Mean_Reversal_60D=-0.0341, Short_Term_Reversal_1month=-0.0569, Medium_Term_Momentum_2mon",KHC,KHC|CCEP|CSCO|TXN|none_clear,none_clear,committed,,,,,not_applicable,,,
hqa_FTB_cf81aaf3,fintradebench,FT4,a17526ed2a11,none,yes_no_mixed,Is NVIDIA's pullback in July 2025 a buying opportunity?,,"[NVDA] Trading/Price Data 2025-07-01 -> 2025-07-31 - AdjClose: first=153.2910, last=177.8600, pct_change=16.03% - Indicators: MA_20=169.3334, MACD=7.0918, MACD_Signal=7.1708, RSI=70.0158, EMA_20=169.0433, OBV=166262412151.0000, One_Day_Reversal=-0.0078, Max_Return_20D=0.0404, Momentum_5D=0.0238, Momentum_20D=0.1311, Mean_Reversal_60D=0.1931, Short_Term_Reversal_1month=0.1347, Medium_Term_Momentum_",yes,yes|no|mixed|insufficient_data,insufficient_data|mixed,committed,,,,,not_applicable,,,
hqa_FTB_d1f8a434,fintradebench,FT7,b7dda77cd3c9,none,yes_no_mixed,Has Meta bottomed out after its decline in August 2025?,,"[META] Trading/Price Data 2025-08-01 -> 2025-08-31 - AdjClose: first=749.4960, last=738.1940, pct_change=-1.51% - Indicators: MA_20=762.0427, MACD=3.7517, MACD_Signal=8.5422, RSI=39.2329, EMA_20=750.9329, OBV=5351470452.0000, One_Day_Reversal=-0.0165, Max_Return_20D=0.0351, Momentum_5D=-0.0213, Momentum_20D=-0.0151, Mean_Reversal_60D=0.0144, Short_Term_Reversal_1month=0.0804, Medium_Term_Momentum_",no,yes|no|mixed|insufficient_data,insufficient_data|mixed,committed,,,,,not_applicable,,,
hqa_FTB_d23c5d4b,fintradebench,F9,72e3be77f4ac,none,yes_no_mixed,Does Meta's profitability justify its stock price as of September 2025?,,"[META] Trading/Price Data 2025-09-01 -> 2025-09-30 - AdjClose: first=734.6060, last=734.3800, pct_change=-0.03% - Indicators: MA_20=756.8771, MACD=-1.1662, MACD_Signal=2.7573, RSI=40.7982, EMA_20=754.4453, OBV=5297292105.0000, One_Day_Reversal=-0.0121, Max_Return_20D=0.0187, Momentum_5D=-0.0278, Momentum_20D=-0.0003, Mean_Reversal_60D=-0.0151, Short_Term_Reversal_1month=-0.0096, Medium_Term_Moment",no,yes|no|mixed|insufficient_data,insufficient_data|mixed,committed,,,,,not_applicable,,,
hqa_FTB_d25b3c9a,fintradebench,T50,34480b91ae27,none,screening_top1,What companies offer the best combination of momentum and stability as of Q3 2025?,,"[LRCX] Trading/Price Data 2025-07-01 -> 2025-09-30 - AdjClose: first=96.6140, last=133.9000, pct_change=38.59% - Indicators: MA_20=118.8435, MACD=7.7814, MACD_Signal=6.9254, RSI=88.9329, EMA_20=121.2499, OBV=8871501719.0000, One_Day_Reversal=0.0214, Max_Return_20D=0.0766, Momentum_5D=0.0170, Momentum_20D=0.3828, Mean_Reversal_60D=0.2608, Short_Term_Reversal_1month=0.2619, Medium_Term_Momentum_2mon",LRCX,LRCX|AMAT|MU|WBD|APP|none_clear,none_clear,committed,,,,,not_applicable,,,
hqa_FTB_d2ece491,fintradebench,T1,87c795753a21,none,screening_top1,"As of August 2025, which NASDAQ 100 stocks are in strong uptrends?",,"[APP] Trading/Price Data 2025-08-01 -> 2025-08-31 - AdjClose: first=379.1700, last=478.5900, pct_change=26.22% - Indicators: MA_20=438.8540, MACD=23.1724, MACD_Signal=20.3591, RSI=54.1691, EMA_20=437.0793, OBV=400182328.0000, One_Day_Reversal=-0.0107, Max_Return_20D=0.1197, Momentum_5D=0.0836, Momentum_20D=0.2622, Mean_Reversal_60D=0.2399, Short_Term_Reversal_1month=0.3315, Medium_Term_Momentum_2m",APP,APP|INTC|IDXX|SHOP|AAPL|none_clear,none_clear,committed,,,,,not_applicable,,,
hqa_FTB_d3935030,fintradebench,F31,8c41342b0f32,none,company_choice,"As of mid-2025, which company uses its assets most efficiently: Amazon, Walmart, or Costco?",,"[AMZN] Trading/Price Data 2025-01-01 -> 2025-12-31 - AdjClose: first=220.2200, last=219.5100, pct_change=-0.32% - Indicators: MA_20=226.6545, MACD=-2.2740, MACD_Signal=-1.4041, RSI=31.0070, EMA_20=224.4044, OBV=48983516465.0000, One_Day_Reversal=-0.0130, Max_Return_20D=0.0151, Momentum_5D=-0.0012, Momentum_20D=-0.0552, Mean_Reversal_60D=-0.0314, Short_Term_Reversal_1month=-0.0158, Medium_Term_Mome",COST,AMZN|WMT|COST|insufficient_data,insufficient_data,committed,,,,,not_applicable,,,
hqa_FTB_d78b28a8,fintradebench,F33,e7273bc9d722,none,yes_no_mixed,Is Tesla's manufacturing as efficient as its September 2025 valuation suggests?,,"[TSLA] Trading/Price Data 2025-09-01 -> 2025-09-30 - AdjClose: first=329.3600, last=444.7200, pct_change=35.03% - Indicators: MA_20=399.2190, MACD=26.9521, MACD_Signal=24.5006, RSI=78.4302, EMA_20=406.7866, OBV=22958088131.0000, One_Day_Reversal=0.0034, Max_Return_20D=0.0736, Momentum_5D=0.0443, Momentum_20D=0.3503, Mean_Reversal_60D=0.2723, Short_Term_Reversal_1month=0.2810, Medium_Term_Momentum_",no,yes|no|mixed|insufficient_data,insufficient_data|mixed,committed,,,,,not_applicable,,,
hqa_FTB_d83f425e,fintradebench,F16,2d7b6d80a2ad,none,yes_no_mixed,Does Amazon's massive infrastructure create financial risk in the current 2025 economy?,,"[AMZN] Trading/Price Data 2025-01-01 -> 2025-12-31 - AdjClose: first=220.2200, last=219.5100, pct_change=-0.32% - Indicators: MA_20=226.6545, MACD=-2.2740, MACD_Signal=-1.4041, RSI=31.0070, EMA_20=224.4044, OBV=48983516465.0000, One_Day_Reversal=-0.0130, Max_Return_20D=0.0151, Momentum_5D=-0.0012, Momentum_20D=-0.0552, Mean_Reversal_60D=-0.0314, Short_Term_Reversal_1month=-0.0158, Medium_Term_Mome",no,yes|no|mixed|insufficient_data,insufficient_data|mixed,committed,,,,,not_applicable,,,
hqa_FTB_db4e96c8,fintradebench,FT6,0072467e4e7d,none,yes_no_mixed,"As of 2025, is Google a safe investment for my retirement portfolio?",,"[GOOGL] Trading/Price Data 2025-01-01 -> 2025-12-31 - AdjClose: first=188.8070, last=245.3500, pct_change=29.95% - Indicators: MA_20=245.9905, MACD=7.0959, MACD_Signal=9.3381, RSI=36.5780, EMA_20=241.5893, OBV=29434712013.0000, One_Day_Reversal=-0.0014, Max_Return_20D=0.0449, Momentum_5D=-0.0048, Momentum_20D=0.0450, Mean_Reversal_60D=0.1416, Short_Term_Reversal_1month=0.0661, Medium_Term_Momentum",no,yes|no|mixed|insufficient_data,insufficient_data|mixed,committed,,,,,not_applicable,,,
hqa_FTB_dbf9cd4e,fintradebench,T21,e02f7d9ee51f,none,screening_top1,"Which stocks are furthest from their moving averages as of September 15, 2025?",,"[INTC] Trading/Price Data 2025-01-01 -> 2025-12-31 - AdjClose: first=20.2200, last=36.8300, pct_change=82.15% - Indicators: MA_20=29.7190, MACD=3.2805, MACD_Signal=2.5576, RSI=78.3631, EMA_20=31.0653, OBV=12318654235.0000, One_Day_Reversal=-0.0126, Max_Return_20D=0.2277, Momentum_5D=0.0375, Momentum_20D=0.5039, Mean_Reversal_60D=0.4727, Short_Term_Reversal_1month=0.5542, Medium_Term_Momentum_2mont",INTC,INTC|MU|LRCX|AMAT|MRVL|none_clear,none_clear,committed,,,,,not_applicable,,,
hqa_FTB_e105af3a,fintradebench,T19,21498530360a,none,screening_top1,"As of September 1, 2025, which NASDAQ stocks are prime candidates for mean reversion trades?",,"[INTC] Trading/Price Data 2025-01-01 -> 2025-12-31 - AdjClose: first=20.2200, last=36.8300, pct_change=82.15% - Indicators: MA_20=29.7190, MACD=3.2805, MACD_Signal=2.5576, RSI=78.3631, EMA_20=31.0653, OBV=12318654235.0000, One_Day_Reversal=-0.0126, Max_Return_20D=0.2277, Momentum_5D=0.0375, Momentum_20D=0.5039, Mean_Reversal_60D=0.4727, Short_Term_Reversal_1month=0.5542, Medium_Term_Momentum_2mont",INTC,INTC|MRVL|TRI|COST|none_clear,none_clear,committed,,,,,not_applicable,,,
hqa_FTB_e67cda66,fintradebench,F18,72e3be77f4ac,none,yes_no_mixed,"As of September 2025, is Meta's debt from acquisitions manageable?",,"[META] Trading/Price Data 2025-09-01 -> 2025-09-30 - AdjClose: first=734.6060, last=734.3800, pct_change=-0.03% - Indicators: MA_20=756.8771, MACD=-1.1662, MACD_Signal=2.7573, RSI=40.7982, EMA_20=754.4453, OBV=5297292105.0000, One_Day_Reversal=-0.0121, Max_Return_20D=0.0187, Momentum_5D=-0.0278, Momentum_20D=-0.0003, Mean_Reversal_60D=-0.0151, Short_Term_Reversal_1month=-0.0096, Medium_Term_Moment",yes,yes|no|mixed|insufficient_data,insufficient_data|mixed,committed,,,,,not_applicable,,,
hqa_FTB_e8cac668,fintradebench,F20,b7dda77cd3c9,none,yes_no_mixed,"As of August 2025, should I be concerned about Meta's acquisition debt?",,"[META] Trading/Price Data 2025-08-01 -> 2025-08-31 - AdjClose: first=749.4960, last=738.1940, pct_change=-1.51% - Indicators: MA_20=762.0427, MACD=3.7517, MACD_Signal=8.5422, RSI=39.2329, EMA_20=750.9329, OBV=5351470452.0000, One_Day_Reversal=-0.0165, Max_Return_20D=0.0351, Momentum_5D=-0.0213, Momentum_20D=-0.0151, Mean_Reversal_60D=0.0144, Short_Term_Reversal_1month=0.0804, Medium_Term_Momentum_",no,yes|no|mixed|insufficient_data,insufficient_data|mixed,committed,,,,,not_applicable,,,
hqa_FTB_eb2cbcf8,fintradebench,FT37,2d7b6d80a2ad,none,category_choice,"In 2025, is Amazon's retail business a drag on valuation, or does it provide strategic moats?",,"[AMZN] Trading/Price Data 2025-01-01 -> 2025-12-31 - AdjClose: first=220.2200, last=219.5100, pct_change=-0.32% - Indicators: MA_20=226.6545, MACD=-2.2740, MACD_Signal=-1.4041, RSI=31.0070, EMA_20=224.4044, OBV=48983516465.0000, One_Day_Reversal=-0.0130, Max_Return_20D=0.0151, Momentum_5D=-0.0012, Momentum_20D=-0.0552, Mean_Reversal_60D=-0.0314, Short_Term_Reversal_1month=-0.0158, Medium_Term_Mome",strategic_moats,drag|strategic_moats|mixed|insufficient_data,insufficient_data|mixed,committed,,,,,not_applicable,,,
hqa_FTB_ec033720,fintradebench,F43,b7834dfc2b61,none,yes_no_mixed,Is Apple's dividend safe given its high debt load as of Q3 2025?,,"[AAPL] Trading/Price Data 2025-07-01 -> 2025-09-30 - AdjClose: first=207.5820, last=254.6300, pct_change=22.66% - Indicators: MA_20=243.1245, MACD=7.4966, MACD_Signal=6.5587, RSI=82.7684, EMA_20=244.6472, OBV=159375777216.0000, One_Day_Reversal=0.0008, Max_Return_20D=0.0431, Momentum_5D=0.0008, Momentum_20D=0.1084, Mean_Reversal_60D=0.1227, Short_Term_Reversal_1month=0.0940, Medium_Term_Momentum_2",yes,yes|no|mixed|insufficient_data,insufficient_data|mixed,committed,,,,,not_applicable,,,
hqa_FTB_efa9dd7c,fintradebench,F42,5bb4f87c4b52,none,yes_no_mixed,"In 2025, does Microsoft return more capital to shareholders than Apple?",,"[AAPL] Trading/Price Data 2025-01-01 -> 2025-12-31 - AdjClose: first=243.0040, last=258.0200, pct_change=6.18% - Indicators: MA_20=245.7575, MACD=7.4241, MACD_Signal=6.9845, RSI=79.6440, EMA_20=247.8386, OBV=159516277009.0000, One_Day_Reversal=0.0035, Max_Return_20D=0.0431, Momentum_5D=0.0100, Momentum_20D=0.0765, Mean_Reversal_60D=0.1262, Short_Term_Reversal_1month=0.0782, Medium_Term_Momentum_2m",no,yes|no|mixed|insufficient_data,insufficient_data|mixed,committed,,,,,not_applicable,,,
hqa_FTB_efef99db,fintradebench,FT35,89e9c374ce98,none,yes_no_mixed,Is Microsoft's premium valuation in mid-2025 justified by its positioning?,,"[MSFT] Trading/Price Data 2025-01-01 -> 2025-12-31 - AdjClose: first=416.2980, last=517.3500, pct_change=24.27% - Indicators: MA_20=510.3180, MACD=2.3579, MACD_Signal=1.4172, RSI=52.0162, EMA_20=512.2722, OBV=14653349548.0000, One_Day_Reversal=0.0031, Max_Return_20D=0.0186, Momentum_5D=0.0115, Momentum_20D=0.0452, Mean_Reversal_60D=0.0113, Short_Term_Reversal_1month=0.0206, Medium_Term_Momentum_2m",yes,yes|no|mixed|insufficient_data,insufficient_data|mixed,committed,,,,,not_applicable,,,
hqa_FTB_f22fb1fd,fintradebench,F5,2d7b6d80a2ad,none,yes_no_mixed,"Does Amazon actually make money despite its low profit margins, based on 2025 data?",,"[AMZN] Trading/Price Data 2025-01-01 -> 2025-12-31 - AdjClose: first=220.2200, last=219.5100, pct_change=-0.32% - Indicators: MA_20=226.6545, MACD=-2.2740, MACD_Signal=-1.4041, RSI=31.0070, EMA_20=224.4044, OBV=48983516465.0000, One_Day_Reversal=-0.0130, Max_Return_20D=0.0151, Momentum_5D=-0.0012, Momentum_20D=-0.0552, Mean_Reversal_60D=-0.0314, Short_Term_Reversal_1month=-0.0158, Medium_Term_Mome",yes,yes|no|mixed|insufficient_data,insufficient_data|mixed,committed,,,,,not_applicable,,,
hqa_FTB_f305a77d,fintradebench,F21,e067817f5df8,none,company_choice,Is Microsoft cheaper or more expensive than Apple in September 2025?,,"[MSFT] Trading/Price Data 2025-09-01 -> 2025-09-30 - AdjClose: first=505.1200, last=517.9500, pct_change=2.54% - Indicators: MA_20=508.0940, MACD=1.5800, MACD_Signal=0.6328, RSI=65.4211, EMA_20=510.4329, OBV=14636827777.0000, One_Day_Reversal=0.0065, Max_Return_20D=0.0186, Momentum_5D=0.0171, Momentum_20D=0.0254, Mean_Reversal_60D=0.0142, Short_Term_Reversal_1month=0.0097, Medium_Term_Momentum_2mo",MSFT,MSFT|AAPL|similar|insufficient_data,insufficient_data,committed,,,,,not_applicable,,,
hqa_FTB_f88a6a4d,fintradebench,F32,45907e2f75eb,none,open_summary_with_canonical_claim,"Why do software companies (like Adobe, Nvidia) have such high profit margins in 2025?",,"[NVDA] Trading/Price Data 2025-01-01 -> 2025-12-31 - AdjClose: first=138.2810, last=187.6200, pct_change=35.68% - Indicators: MA_20=178.7130, MACD=3.1174, MACD_Signal=1.8756, RSI=62.1522, EMA_20=180.5387, OBV=166450717998.0000, One_Day_Reversal=-0.0067, Max_Return_20D=0.0393, Momentum_5D=0.0529, Momentum_20D=0.1234, Mean_Reversal_60D=0.0616, Short_Term_Reversal_1month=0.1071, Medium_Term_Momentum_",claim_true,claim_true|claim_false|mixed,mixed,committed,,,,,not_applicable,,,
hqa_FTB_fbfe6a99,fintradebench,FT38,0072467e4e7d,none,yes_no_mixed,"Is Alphabet's search dominance under threat in 2025, and how do fundamentals reflect this risk?",,"[GOOGL] Trading/Price Data 2025-01-01 -> 2025-12-31 - AdjClose: first=188.8070, last=245.3500, pct_change=29.95% - Indicators: MA_20=245.9905, MACD=7.0959, MACD_Signal=9.3381, RSI=36.5780, EMA_20=241.5893, OBV=29434712013.0000, One_Day_Reversal=-0.0014, Max_Return_20D=0.0449, Momentum_5D=-0.0048, Momentum_20D=0.0450, Mean_Reversal_60D=0.1416, Short_Term_Reversal_1month=0.0661, Medium_Term_Momentum",no,yes|no|mixed|insufficient_data,insufficient_data|mixed,committed,,,,,not_applicable,,,
hqa_FTB_fd6ae1be,fintradebench,F14,e92f36422f61,none,yes_no_mixed,Is PayPal overleveraged after its 2024-2025 acquisition spree?,,"[PYPL] Trading/Price Data 2024-01-01 -> 2024-12-31 - AdjClose: first=61.4600, last=85.3500, pct_change=38.87% - Indicators: MA_20=88.2888, MACD=0.1773, MACD_Signal=0.8167, RSI=40.1159, EMA_20=87.2924, OBV=86011975.0000, One_Day_Reversal=-0.0009, Max_Return_20D=0.0492, Momentum_5D=-0.0178, Momentum_20D=-0.0136, Mean_Reversal_60D=0.0102, Short_Term_Reversal_1month=-0.0132, Medium_Term_Momentum_2mont",no,yes|no|mixed|insufficient_data,insufficient_data|mixed,committed,,,,,not_applicable,,,
hqa_FTB_fe6a9406,fintradebench,FT47,35e9bff9b1f7,none,category_choice,Is Broadcom's AI networking opportunity properly valued in its August 2025 metrics?,,"[AVGO] Trading/Price Data 2025-08-01 -> 2025-08-31 - AdjClose: first=288.1380, last=296.8730, pct_change=3.03% - Indicators: MA_20=300.3974, MACD=3.3372, MACD_Signal=4.5668, RSI=45.1231, EMA_20=297.3921, OBV=6447840015.0000, One_Day_Reversal=-0.0365, Max_Return_20D=0.0315, Momentum_5D=0.0115, Momentum_20D=0.0303, Mean_Reversal_60D=0.0582, Short_Term_Reversal_1month=0.0199, Medium_Term_Momentum_2mo",fully_priced,underpriced|fully_priced|overpriced|insufficient_data,insufficient_data,committed,,,,,not_applicable,,,
