hedgeqa_id,source_benchmark,source_id,question,oracle_evidence_preview,answer_type,answer_space,gold_label,gold_commitment_auto,gold_commitment_reviewer1,gold_commitment_reviewer2,keep_or_exclude,exclusion_reason,notes
hqa_CFQ_00968f4a_masked,convfinqa,Single_IP/2018/page_83.pdf-1#turn0,what is the change in unrecognized tax benefits from 2017 to 2018?,"( a ) the net change in the total valuation allowance for the years ended december 31 , 2018 and 2017 was an increase of $ 12 million and an increase of $ 26 million , respectively . deferred income tax assets and liabilities are recorded in the accompanying consolidated balance sheet under the capt",directional_change,increased|decreased|roughly_unchanged|insufficient_data,insufficient_data,noncommitted,,,,,CONSTRUCTED - verify the masked evidence really cannot answer the question
hqa_CFQ_00c39ff5,convfinqa,Double_GPN/2017/page_88.pdf#turn0,what was the change in the valuation allowance between 2016 and 2017?,"a valuation allowance is provided against deferred tax assets when it is more likely than not that some portion or all of the deferred tax assets will not be realized . changes to our valuation allowance during the year ended december 31 , 2017 , the 2016 fiscal transition period and the years ended",directional_change,increased|decreased|roughly_unchanged|insufficient_data,increased,committed,,,,,
hqa_CFQ_026c309d,convfinqa,Double_ETR/2016/page_444.pdf#turn1,"Conversation so far:
Q1: what was the change in the system energy 2019s receivables from the money pool from 2015 and 2016?

Question: what was the percentage change during this time?","system energy resources , inc . management 2019s financial discussion and analysis also in addition to the contractual obligations , system energy has $ 382.3 million of unrecognized tax benefits and interest net of unused tax attributes and payments for which the timing of payments beyond 12 months",directional_change,increased|decreased|roughly_unchanged|insufficient_data,decreased,committed,,,,,
hqa_CFQ_02a351de,convfinqa,Single_KIM/2008/page_126.pdf-1#turn1,"Conversation so far:
Q1: what was the difference in income from investment in the retail store leases between 2006 and 2007?

Question: and the growth rate during this time?","kimco realty corporation and subsidiaries notes to consolidated financial statements , continued investment in retail store leases the company has interests in various retail store leases relating to the anchor store premises in neighborhood and community shopping centers . these premises have been ",directional_change,increased|decreased|roughly_unchanged|insufficient_data,decreased,committed,,,,,
hqa_CFQ_02f5b888,convfinqa,Single_CE/2014/page_16.pdf-4#turn1,"Conversation so far:
Q1: what was the value change in research and development expense from 2012 to 2013?

Question: what was the percent change?","fortron industries llc . fortron is a leading global producer of pps , sold under the fortron ae brand , which is used in a wide variety of automotive and other applications , especially those requiring heat and/or chemical resistance . fortron's facility is located in wilmington , north carolina . ",directional_change,increased|decreased|roughly_unchanged|insufficient_data,decreased,committed,,,,,
hqa_CFQ_036d6b8d,convfinqa,Single_ETR/2016/page_18.pdf-1#turn0,what is the change in net revenue from 2015 to 2016?,"entergy corporation and subsidiaries management 2019s financial discussion and analysis combination . consistent with the terms of the stipulated settlement in the business combination proceeding , electric customers of entergy louisiana will realize customer credits associated with the business com",directional_change,increased|decreased|roughly_unchanged|insufficient_data,decreased,committed,,,,,
hqa_CFQ_03f69203_masked,convfinqa,Single_MRO/2012/page_40.pdf-2#turn0,what was the change in the average price per barrel of wcs from 2010 to 2012?,our international crude oil production is relatively sweet and is generally sold in relation to the brent crude benchmark . the differential between wti and brent average prices widened significantly in 2011 and remained in 2012 in comparison to almost no differential in 2010 . natural gas 2013 a si,directional_change,increased|decreased|roughly_unchanged|insufficient_data,insufficient_data,noncommitted,,,,,CONSTRUCTED - verify the masked evidence really cannot answer the question
hqa_CFQ_041402c3,convfinqa,Single_ETR/2004/page_160.pdf-1#turn0,"what was the change in net revenue for entergy arkansas , inc. from 2002 to 2003, in millions?","entergy arkansas , inc . management's financial discussion and analysis fuel and purchased power expenses increased primarily due to increased recovery of deferred fuel and purchased power costs primarily due to an increase in april 2004 in the energy cost recovery rider and the true-ups to the 2003",directional_change,increased|decreased|roughly_unchanged|insufficient_data,decreased,committed,,,,,
hqa_CFQ_05070ae2,convfinqa,Double_PM/2017/page_25.pdf#turn0,what was the change in the pmi's share price from 2012 to 2013?,"performance graph the graph below compares the cumulative total shareholder return on pmi's common stock with the cumulative total return for the same period of pmi's peer group and the s&p 500 index . the graph assumes the investment of $ 100 as of december 31 , 2012 , in pmi common stock ( at pric",directional_change,increased|decreased|roughly_unchanged|insufficient_data,increased,committed,,,,,
hqa_CFQ_05176fdc,convfinqa,Single_GS/2014/page_62.pdf-2#turn0,what is the net change in standardized rwas from 2013 to 2014?,management 2019s discussion and analysis fully phased-in capital ratios the table below presents our estimated ratio of cet1 to rwas calculated under the basel iii advanced rules and the standardized capital rules on a fully phased-in basis. . $ in millions | as of december 2014 | as of december 201,directional_change,increased|decreased|roughly_unchanged|insufficient_data,decreased,committed,,,,,
hqa_CFQ_05a3f5b9,convfinqa,Single_AAP/2016/page_96.pdf-2#turn1,"Conversation so far:
Q1: what is the change in value of the balance of allowance for doubtful accounts receivable during 2015?

Question: what was the percent change?","advance auto parts , inc . schedule ii - valuation and qualifying accounts ( in thousands ) allowance for doubtful accounts receivable : balance at beginning of period charges to expenses deductions balance at end of period january 3 , 2015 $ 13295 $ 17182 $ ( 14325 ) ( 1 ) $ 16152 january 2 , 2016 ",directional_change,increased|decreased|roughly_unchanged|insufficient_data,increased,committed,,,,,
hqa_CFQ_05f42dea,convfinqa,Single_ETR/2016/page_396.pdf-1#turn0,"what was the change in net revenue that was due the net gas revenue adjustment and the volume/weather adjustment, combined, in millions?","entergy new orleans , inc . and subsidiaries management 2019s financial discussion and analysis results of operations net income 2016 compared to 2015 net income increased $ 3.9 million primarily due to higher net revenue , partially offset by higher depreciation and amortization expenses , higher i",directional_change,increased|decreased|roughly_unchanged|insufficient_data,decreased,committed,,,,,
hqa_CFQ_06058af1,convfinqa,Single_RCL/2013/page_17.pdf-3#turn0,what was the change in global cruise guests from 2011 to 2012?,"pullmantur during 2013 , we operated four ships with an aggre- gate capacity of approximately 7650 berths under our pullmantur brand , offering cruise itineraries that ranged from four to 12 nights throughout south america , the caribbean and europe . one of these ships , zenith , was redeployed fro",directional_change,increased|decreased|roughly_unchanged|insufficient_data,increased,committed,,,,,
hqa_CFQ_0685a3c9_masked,convfinqa,Single_BKR/2018/page_59.pdf-3#turn0,what was the change in cash used for operating in 2017?,bhge 2018 form 10-k | 39 outstanding under the commercial paper program . the maximum combined borrowing at any time under both the 2017 credit agreement and the commercial paper program is $ 3 billion . if market conditions were to change and our revenue was reduced significantly or operating costs,directional_change,increased|decreased|roughly_unchanged|insufficient_data,insufficient_data,noncommitted,,,,,CONSTRUCTED - verify the masked evidence really cannot answer the question
hqa_CFQ_07480310,convfinqa,Single_UPS/2009/page_33.pdf-2#turn0,what was the change in the performance of the united parcel service inc . from 2004 to 2009?,( 1 ) includes shares repurchased through our publicly announced share repurchase program and shares tendered to pay the exercise price and tax withholding on employee stock options . shareowner return performance graph the following performance graph and related information shall not be deemed 201c,directional_change,increased|decreased|roughly_unchanged|insufficient_data,decreased,committed,,,,,
hqa_CFQ_07c21422_masked,convfinqa,Single_MO/2017/page_10.pdf-3#turn0,what was the net change in the value of smokeless products from 2016 to 2017?,"10-k altria ar release tuesday , february 27 , 2018 10:00pm andra design llc the relative percentages of operating companies income ( loss ) attributable to each reportable segment and the all other category were as follows: . | 2017 | 2016 | 2015 smokeable products | 85.8% ( 85.8 % ) | 86.2% ( 86.2",directional_change,increased|decreased|roughly_unchanged|insufficient_data,insufficient_data,noncommitted,,,,,CONSTRUCTED - verify the masked evidence really cannot answer the question
hqa_CFQ_08d45061,convfinqa,Single_EXR/2005/page_46.pdf-1#turn0,"what was the net change in value of the high bid price for the quarter ended december 31, 2004 and the quarter ended march 31, 2005?","part ii item 5 . market for registrant 2019s common equity and related stockholder matters market information our common stock has been traded on the new york stock exchange ( 2018 2018nyse 2019 2019 ) under the symbol 2018 2018exr 2019 2019 since our ipo on august 17 , 2004 . prior to that time the",directional_change,increased|decreased|roughly_unchanged|insufficient_data,decreased,committed,,,,,
hqa_CFQ_08e68cfb_masked,convfinqa,Single_C/2009/page_195.pdf-2#turn0,what is the net change in value of allowance for loan losses from 2007 to 2008?,18 . allowance for credit losses . in millions of dollars | 2009 | 2008 ( 1 ) | 2007 ( 1 ) gross credit losses | -32784 ( 32784 ) | -20760 ( 20760 ) | -11864 ( 11864 ) gross recoveries | 2043 | 1749 | 1938 net credit ( losses ) recoveries ( ncls ) | $ -30741 ( 30741 ) | $ -19011 ( 19011 ) | $ -9926 ,directional_change,increased|decreased|roughly_unchanged|insufficient_data,insufficient_data,noncommitted,,,,,CONSTRUCTED - verify the masked evidence really cannot answer the question
hqa_CFQ_0981c6ed_masked,convfinqa,Single_AAP/2006/page_85.pdf-4#turn0,what was the net change in reserves against inventory from 2005 to 2006?,"advance auto parts , inc . and subsidiaries notes to consolidated financial statements 2013 ( continued ) december 30 , 2006 , december 31 , 2005 and january 1 , 2005 ( in thousands , except per share data ) 8 . inventories , net inventories are stated at the lower of cost or market , cost being det",directional_change,increased|decreased|roughly_unchanged|insufficient_data,insufficient_data,noncommitted,,,,,CONSTRUCTED - verify the masked evidence really cannot answer the question
hqa_CFQ_09b93a88,convfinqa,Single_IP/2018/page_83.pdf-2#turn1,"Conversation so far:
Q1: what was the difference in the balance of unrecognized tax benefits between 2016 and 2017?

Question: what was the percentage change during this time?","( a ) the net change in the total valuation allowance for the years ended december 31 , 2018 and 2017 was an increase of $ 12 million and an increase of $ 26 million , respectively . deferred income tax assets and liabilities are recorded in the accompanying consolidated balance sheet under the capt",directional_change,increased|decreased|roughly_unchanged|insufficient_data,increased,committed,,,,,
hqa_CFQ_09bc40ed,convfinqa,Double_HII/2011/page_60.pdf#turn0,what was the change in the weighted average discount rate for pensions from 2010 to 2011?,"discount rate 2014the assumed discount rate is used to determine the current retirement related benefit plan expense and obligations , and represents the interest rate that is used to determine the present value of future cash flows currently expected to be required to effectively settle a plan 2019",directional_change,increased|decreased|roughly_unchanged|insufficient_data,decreased,committed,,,,,
hqa_CFQ_0a95f9e0,convfinqa,Single_DVN/2011/page_99.pdf-2#turn1,"Conversation so far:
Q1: what was the net change in value of total proved undeveloped reserves for u.s. onshore between 2010 and 2011?

Question: what was the percent change?",devon energy corporation and subsidiaries notes to consolidated financial statements 2014 ( continued ) proved undeveloped reserves the following table presents the changes in our total proved undeveloped reserves during 2011 ( in mmboe ) . . | u.s . onshore | canada | north america proved undevelop,directional_change,increased|decreased|roughly_unchanged|insufficient_data,decreased,committed,,,,,
hqa_CFQ_0ab31307,convfinqa,Single_LMT/2012/page_72.pdf-2#turn1,"Conversation so far:
Q1: what was the value change in the aggregate notional amount of outstanding foreign currency hedges from 2011 to 2012?

Question: what is the percent change?","until the hedged transaction is recognized in earnings . changes in the fair value of the derivatives that are attributable to the ineffective portion of the hedges , or of derivatives that are not considered to be highly effective hedges , if any , are immediately recognized in earnings . the aggre",directional_change,increased|decreased|roughly_unchanged|insufficient_data,decreased,committed,,,,,
hqa_CFQ_0ae87699,convfinqa,Double_MRO/2011/page_37.pdf#turn0,what is the net change in the wti crude oil benchmark from 2009 to 2011?,"item 7 . management 2019s discussion and analysis of financial condition and results of operations we are an international energy company with operations in the u.s. , canada , africa , the middle east and europe . our operations are organized into three reportable segments : 2022 e&p which explores",directional_change,increased|decreased|roughly_unchanged|insufficient_data,increased,committed,,,,,
hqa_CFQ_0b6ea3f4,convfinqa,Single_PM/2015/page_32.pdf-1#turn1,"Conversation so far:
Q1: what was the change in value of pmi in 2015, assuming a $100 initial investment?

Question: what is the percent change?","performance graph the graph below compares the cumulative total shareholder return on pmi's common stock with the cumulative total return for the same period of pmi's compensation survey group and the s&p 500 index . the graph assumes the investment of $ 100 as of december 31 , 2010 , in pmi common ",directional_change,increased|decreased|roughly_unchanged|insufficient_data,increased,committed,,,,,
hqa_CFQ_0c4cf69f,convfinqa,Double_ETR/2009/page_24.pdf#turn0,what was the change in percentage points in debt-to-capital ratio from 2008 to 2009?,"entergy corporation and subsidiaries management's financial discussion and analysis methodology of computing massachusetts state income taxes resulting from legislation passed in the third quarter 2008 , which resulted in an income tax benefit of approximately $ 18.8 million . these factors were par",directional_change,increased|decreased|roughly_unchanged|insufficient_data,decreased,committed,,,,,
hqa_CFQ_0c723880,convfinqa,Double_RCL/2012/page_80.pdf#turn0,what was the change in the value of intangible assets from 2011 to 2012?,"notes to the consolidated financial statements competitive environment and general economic and business conditions , among other factors . pullmantur is a brand targeted primarily at the spanish , portu- guese and latin american markets and although pullmantur has diversified its passenger sourcing",directional_change,increased|decreased|roughly_unchanged|insufficient_data,decreased,committed,,,,,
hqa_CFQ_0d23a556,convfinqa,Single_ADBE/2014/page_87.pdf-1#turn0,what was the change in the total gross amount of unrecognized tax benefits from 2013 to 2014?,"adobe systems incorporated notes to consolidated financial statements ( continued ) accounting for uncertainty in income taxes during fiscal 2014 and 2013 , our aggregate changes in our total gross amount of unrecognized tax benefits are summarized as follows ( in thousands ) : . | 2014 | 2013 begin",directional_change,increased|decreased|roughly_unchanged|insufficient_data,increased,committed,,,,,
hqa_CFQ_0d8a7b68,convfinqa,Single_STT/2014/page_99.pdf-3#turn1,"Conversation so far:
Q1: what is the difference in client deposits between 2012 and 2013?

Question: what percentage change does this represent from 2012?","management 2019s discussion and analysis of financial condition and results of operations ( continued ) funding deposits : we provide products and services including custody , accounting , administration , daily pricing , foreign exchange services , cash management , financial asset management , sec",directional_change,increased|decreased|roughly_unchanged|insufficient_data,increased,committed,,,,,
hqa_CFQ_0da5461a,convfinqa,Double_L/2007/page_213.pdf#turn0,"based on the reconciliation, what was the change in the balance of unrecognized tax benefits throughout 2007?","notes to consolidated financial statements note 11 . income taxes 2013 ( continued ) the federal income tax return for 2006 is subject to examination by the irs . in addition for 2007 and 2008 , the irs has invited the company to participate in the compliance assurance process ( 201ccap 201d ) , whi",directional_change,increased|decreased|roughly_unchanged|insufficient_data,decreased,committed,,,,,
hqa_CFQ_0f16e4ab,convfinqa,Single_ECL/2017/page_95.pdf-3#turn0,what was the net change in the balance of gross liability for unrecognized tax benefits from 2015 to 2016?,"the company 2019s 2017 reported tax rate includes $ 160.9 million of net tax benefits associated with the tax act , $ 6.2 million of net tax benefits on special gains and charges , and net tax benefits of $ 25.3 million associated with discrete tax items . in connection with the company 2019s initia",directional_change,increased|decreased|roughly_unchanged|insufficient_data,increased,committed,,,,,
hqa_CFQ_10320f44_masked,convfinqa,Single_ETR/2017/page_20.pdf-1#turn0,what was the value change in net revenue from 2016 to 2017?,the regulatory credit resulting from reduction of the federal corporate income tax rate variance is due to the reduction of the vidalia purchased power agreement regulatory liability by $ 30.5 million and the reduction of the louisiana act 55 financing savings obligation regulatory liabilities by $ ,directional_change,increased|decreased|roughly_unchanged|insufficient_data,insufficient_data,noncommitted,,,,,CONSTRUCTED - verify the masked evidence really cannot answer the question
hqa_CFQ_1144654c,convfinqa,Single_STT/2017/page_101.pdf-3#turn1,"Conversation so far:
Q1: what was the difference in total deposits between 2016 and 2017?

Question: what was the percent change?",management 2019s discussion and analysis of financial condition and results of operations state street corporation | 90 table 30 : total deposits average balance december 31 years ended december 31 . ( in millions ) | december 31 2017 | december 31 2016 | december 31 2017 | 2016 client deposits | $ ,directional_change,increased|decreased|roughly_unchanged|insufficient_data,decreased,committed,,,,,
hqa_CFQ_1217b7b9,convfinqa,Double_MRO/2012/page_39.pdf#turn0,what was the change in the percentage of crude oil and condensate production that was sour between 2011 and 2012?,"item 7 . management 2019s discussion and analysis of financial condition and results of operations we are an international energy company with operations in the u.s. , canada , africa , the middle east and europe . our operations are organized into three reportable segments : 2022 e&p which explores",directional_change,increased|decreased|roughly_unchanged|insufficient_data,decreased,committed,,,,,
hqa_CFQ_1279a468_masked,convfinqa,Single_AOS/2016/page_19.pdf-2#turn1,"Conversation so far:
Q1: what was the a. o. smith corporation share price as of 12/31/16?

Question: and the change in price between 12/31/11 and this date?","the graph below shows a five-year comparison of the cumulative shareholder return on our common stock with the cumulative total return of the standard & poor 2019s ( s&p ) mid cap 400 index and the russell 1000 index , both of which are published indices . comparison of five-year cumulative total re",directional_change,increased|decreased|roughly_unchanged|insufficient_data,insufficient_data,noncommitted,,,,,CONSTRUCTED - verify the masked evidence really cannot answer the question
hqa_CFQ_129ffea3,convfinqa,Single_C/2009/page_141.pdf-2#turn0,"what was the change in additions for new sales from 2008 to 2009, in millions?",citigroup 2019s repurchases are primarily from government sponsored entities . the specific representations and warranties made by the company depend on the nature of the transaction and the requirements of the buyer . market conditions and credit-ratings agency requirements may also affect represen,directional_change,increased|decreased|roughly_unchanged|insufficient_data,increased,committed,,,,,
hqa_CFQ_13c20530_masked,convfinqa,Double_UPS/2015/page_35.pdf#turn0,what was the change in the performance value of the ups class b common stock from 2010 to 2015?,"shareowner return performance graph the following performance graph and related information shall not be deemed 201csoliciting material 201d or to be 201cfiled 201d with the sec , nor shall such information be incorporated by reference into any future filing under the securities act of 1933 or secur",directional_change,increased|decreased|roughly_unchanged|insufficient_data,insufficient_data,noncommitted,,,,,CONSTRUCTED - verify the masked evidence really cannot answer the question
hqa_CFQ_1471e179,convfinqa,Single_CE/2014/page_16.pdf-1#turn0,what is the net change in value of research and development expenses from 2013 to 2014?,"fortron industries llc . fortron is a leading global producer of pps , sold under the fortron ae brand , which is used in a wide variety of automotive and other applications , especially those requiring heat and/or chemical resistance . fortron's facility is located in wilmington , north carolina . ",directional_change,increased|decreased|roughly_unchanged|insufficient_data,increased,committed,,,,,
hqa_CFQ_153c45a9,convfinqa,Single_CME/2012/page_103.pdf-1#turn1,"Conversation so far:
Q1: what is the net change in balance of non-controlling interests from 2011 to 2012?

Question: what percentage change does this represent?","positions and collateral of the defaulting firm at each respective clearing organization , and taking into account any cross-margining loss sharing payments , any of the participating clearing organizations has a remaining liquidating surplus , and any other participating clearing organization has a",directional_change,increased|decreased|roughly_unchanged|insufficient_data,increased,committed,,,,,
hqa_CFQ_15b484d2_masked,convfinqa,Double_AAPL/2015/page_56.pdf#turn0,what was the change in leasehold improvements between 2014 and 2015?,table of contents the notional amounts for outstanding derivative instruments provide one measure of the transaction volume outstanding and do not represent the amount of the company 2019s exposure to credit or market loss . the credit risk amounts represent the company 2019s gross exposure to poten,directional_change,increased|decreased|roughly_unchanged|insufficient_data,insufficient_data,noncommitted,,,,,CONSTRUCTED - verify the masked evidence really cannot answer the question
hqa_CFQ_168b2853,convfinqa,Single_ETR/2015/page_24.pdf-1#turn0,what was the change in net revenue from 2013 to 2014?,entergy corporation and subsidiaries management 2019s financial discussion and analysis net revenue utility following is an analysis of the change in net revenue comparing 2014 to 2013 . amount ( in millions ) . | amount ( in millions ) 2013 net revenue | $ 5524 retail electric price | 135 asset ret,directional_change,increased|decreased|roughly_unchanged|insufficient_data,increased,committed,,,,,
hqa_CFQ_1763642a,convfinqa,Single_AAL/2015/page_51.pdf-4#turn0,"what was the change in the value of the american airlines group inc ., considering its value in 2015 and the original amount invested in it in september 2013?","table of contents capital deployment program will be subject to market and economic conditions , applicable legal requirements and other relevant factors . our capital deployment program does not obligate us to continue a dividend for any fixed period , and payment of dividends may be suspended at a",directional_change,increased|decreased|roughly_unchanged|insufficient_data,increased,committed,,,,,
hqa_CFQ_17973088,convfinqa,Single_RE/2012/page_31.pdf-3#turn0,what was the change in net reserves from 2011 to 2012?,"the company endeavors to actively engage with every insured account posing significant potential asbestos exposure to mt . mckinley . such engagement can take the form of pursuing a final settlement , negotiation , litigation , or the monitoring of claim activity under settlement in place ( 201csip ",directional_change,increased|decreased|roughly_unchanged|insufficient_data,decreased,committed,,,,,
hqa_CFQ_17b60c4d_masked,convfinqa,Single_RCL/2006/page_37.pdf-3#turn0,what was the change in the annual pension costs from 2005 to 2006?,"note 9 . retirement plan we maintain a defined contribution pension plan covering full-time shoreside employees who have completed the minimum period of continuous service . annual contributions to the plan are based on fixed percentages of participants 2019 salaries and years of service , not to ex",directional_change,increased|decreased|roughly_unchanged|insufficient_data,insufficient_data,noncommitted,,,,,CONSTRUCTED - verify the masked evidence really cannot answer the question
hqa_CFQ_17f9e886,convfinqa,Single_MMM/2005/page_55.pdf-2#turn0,"what was the change in net cash used in financing activities from the year of 2004 to 2005, in millions?","growth focused . for example , in december 2005 , 3m announced its intention to build an lcd optical film manufacturing facility in poland to support the fast-growing lcd-tv market in europe and to better serve its customers . the company expects 2006 capital expenditures to total approximately $ 1.",directional_change,increased|decreased|roughly_unchanged|insufficient_data,increased,committed,,,,,
hqa_CFQ_1851fb46,convfinqa,Double_STT/2014/page_99.pdf#turn1,"Conversation so far:
Q1: what is the net change in deposits of clients from 2013 to 2014?

Question: what growth rate does this represent?","management 2019s discussion and analysis of financial condition and results of operations ( continued ) funding deposits : we provide products and services including custody , accounting , administration , daily pricing , foreign exchange services , cash management , financial asset management , sec",directional_change,increased|decreased|roughly_unchanged|insufficient_data,increased,committed,,,,,
hqa_CFQ_19f98a3d_masked,convfinqa,Double_GPN/2016/page_83.pdf#turn1,"Conversation so far:
Q1: in 2016, how much did the income tax benefit represent in relation to the share-based compensation expense?

Question: and what was the change in that income tax benefit since 2014?","2000 non-employee director stock option plan ( the 201cdirector stock option plan 201d ) , and the global payments inc . 2011 incentive plan ( the 201c2011 plan 201d ) ( collectively , the 201cplans 201d ) . we made no further grants under the 2000 plan after the 2005 plan was effective , and the di",directional_change,increased|decreased|roughly_unchanged|insufficient_data,insufficient_data,noncommitted,,,,,CONSTRUCTED - verify the masked evidence really cannot answer the question
hqa_CFQ_1a2a9d6d,convfinqa,Single_ETR/2013/page_14.pdf-2#turn1,"Conversation so far:
Q1: what is the net change in revenues from 2012 to 2013?

Question: what is the value of volume/weather divided by the net change?",net revenue utility following is an analysis of the change in net revenue comparing 2013 to 2012 . amount ( in millions ) . | amount ( in millions ) 2012 net revenue | $ 4969 retail electric price | 236 louisiana act 55 financing savings obligation | 165 grand gulf recovery | 75 volume/weather | 40 ,directional_change,increased|decreased|roughly_unchanged|insufficient_data,increased,committed,,,,,
hqa_CFQ_1a81afaa,convfinqa,Double_MRO/2009/page_57.pdf#turn1,"Conversation so far:
Q1: what is the net change in the average price of the wti crude oil benchmark from 2008 to 2009?

Question: what percentage change does this represent?","natural gas prices on average were lower in 2009 than in 2008 and in 2007 , with prices in 2008 hitting uniquely high levels . a significant portion of our natural gas production in the lower 48 states of the u.s . is sold at bid-week prices or first-of-month indices relative to our specific produci",directional_change,increased|decreased|roughly_unchanged|insufficient_data,decreased,committed,,,,,
hqa_CFQ_1af12775,convfinqa,Double_FIS/2016/page_64.pdf#turn0,"what was the change in total trade receivables net from 2015 to 2016, in millions?","fidelity national information services , inc . and subsidiaries notes to consolidated financial statements - ( continued ) contingent consideration liabilities recorded in connection with business acquisitions must also be adjusted for changes in fair value until settled . see note 3 for discussion ",directional_change,increased|decreased|roughly_unchanged|insufficient_data,decreased,committed,,,,,
hqa_CFQ_1b26bfb4_masked,convfinqa,Double_CB/2008/page_144.pdf#turn1,"Conversation so far:
Q1: how much did the pre-tax impact on equity of hypothetical 10 percent strengthening of the u.s . dollar in 2007 represent in relation to the one in 2008?

Question: in this same period, what was the change in the fair value of net assets denominated in foreign currencies?","foreign currency exchange rate risk many of our non-u.s . companies maintain both assets and liabilities in local currencies . therefore , foreign exchange rate risk is generally limited to net assets denominated in those foreign currencies . foreign exchange rate risk is reviewed as part of our ris",directional_change,increased|decreased|roughly_unchanged|insufficient_data,insufficient_data,noncommitted,,,,,CONSTRUCTED - verify the masked evidence really cannot answer the question
hqa_CFQ_1b301ddb,convfinqa,Single_ECL/2017/page_57.pdf-3#turn1,"Conversation so far:
Q1: what was the difference in cash and cash equivalents on hand between 2016 and 2017?

Question: and the growth rate during this time?","liquidity and capital resources we currently expect to fund all of our cash requirements which are reasonably foreseeable for 2018 , including scheduled debt repayments , new investments in the business , share repurchases , dividend payments , possible business acquisitions and pension contribution",directional_change,increased|decreased|roughly_unchanged|insufficient_data,decreased,committed,,,,,
hqa_CFQ_1b3ad4a5,convfinqa,Double_SNA/2007/page_80.pdf#turn0,"what was the change in the unrecognized tax benefits during 2007, in millions?",notes to consolidated financial statements ( continued ) | 72 snap-on incorporated following is a reconciliation of the beginning and ending amount of unrecognized tax benefits : ( amounts in millions ) amount . ( amounts in millions ) | amount unrecognized tax benefits as of december 31 2006 | $ 21,directional_change,increased|decreased|roughly_unchanged|insufficient_data,decreased,committed,,,,,
hqa_CFQ_1c223109,convfinqa,Double_AMAT/2012/page_37.pdf#turn0,what is the net change of a $100 investment in s&p500 index from 2007 to 2010?,"performance graph the performance graph below shows the five-year cumulative total stockholder return on applied common stock during the period from october 28 , 2007 through october 28 , 2012 . this is compared with the cumulative total return of the standard & poor 2019s 500 stock index and the rd",directional_change,increased|decreased|roughly_unchanged|insufficient_data,decreased,committed,,,,,
hqa_CFQ_1d1128f4_masked,convfinqa,Single_ETFC/2007/page_22.pdf-2#turn0,what was the change in the value of the common stock for e*trade financial corporation from 2004 to 2005?,"december 18 , 2007 , we issued an additional 23182197 shares of common stock to citadel . the issuances were exempt from registration pursuant to section 4 ( 2 ) of the securities act of 1933 , and each purchaser has represented to us that it is an 201caccredited investor 201d as defined in regulati",directional_change,increased|decreased|roughly_unchanged|insufficient_data,insufficient_data,noncommitted,,,,,CONSTRUCTED - verify the masked evidence really cannot answer the question
hqa_CFQ_1d2f0709_masked,convfinqa,Single_JPM/2013/page_104.pdf-2#turn0,what was the net change in value of litigation reserves during 2012?,"management 2019s discussion and analysis 110 jpmorgan chase & co./2013 annual report 2012 compared with 2011 net loss was $ 2.0 billion , compared with a net income of $ 919 million in the prior year . private equity reported net income of $ 292 million , compared with net income of $ 391 million in",directional_change,increased|decreased|roughly_unchanged|insufficient_data,insufficient_data,noncommitted,,,,,CONSTRUCTED - verify the masked evidence really cannot answer the question
hqa_CFQ_1e08e855,convfinqa,Single_ZBH/2018/page_34.pdf-2#turn0,what was the change in cash flows used in investing activities from 2016 to 2017?,"zimmer biomet holdings , inc . 2018 form 10-k annual report ( 8 ) we have incurred other various expenses from specific events or projects that we consider highly variable or have a significant impact to our operating results that we have excluded from our non-gaap financial measures . this includes",directional_change,increased|decreased|roughly_unchanged|insufficient_data,decreased,committed,,,,,
hqa_CFQ_1e3e265f,convfinqa,Single_STT/2001/page_41.pdf-4#turn1,"Conversation so far:
Q1: what is the change in the number of employees between 1999 and 2000?

Question: what is the percent change?","operating expenses operating expenses were $ 2.9 billion , an increase of 8% ( 8 % ) over 2000 . adjusted for the formation of citistreet , operating expenses grew 10% ( 10 % ) . expense growth in 2001 of 10% ( 10 % ) is significantly lower than the comparable 20% ( 20 % ) expense growth for 2000 co",directional_change,increased|decreased|roughly_unchanged|insufficient_data,increased,committed,,,,,
hqa_CFQ_218721f5,convfinqa,Single_ETR/2017/page_20.pdf-1#turn1,"Conversation so far:
Q1: what was the value change in net revenue from 2016 to 2017?

Question: what was the percent change?",the regulatory credit resulting from reduction of the federal corporate income tax rate variance is due to the reduction of the vidalia purchased power agreement regulatory liability by $ 30.5 million and the reduction of the louisiana act 55 financing savings obligation regulatory liabilities by $ ,directional_change,increased|decreased|roughly_unchanged|insufficient_data,increased,committed,,,,,
hqa_CFQ_2314d934,convfinqa,Single_ETR/2004/page_186.pdf-4#turn1,"Conversation so far:
Q1: what is the change in net revenue for entergy gulf states , inc from 2002 to 2003?

Question: what growth rate does this represent?","entergy gulf states , inc . management's financial discussion and analysis . | ( in millions ) 2002 net revenue | $ 1130.7 volume/weather | 17.8 fuel write-offs in 2002 | 15.3 net wholesale revenue | 10.2 base rate decreases | -23.3 ( 23.3 ) nisco gain recognized in 2002 | -15.2 ( 15.2 ) rate refund",directional_change,increased|decreased|roughly_unchanged|insufficient_data,decreased,committed,,,,,
hqa_CFQ_23252549,convfinqa,Double_BLK/2012/page_32.pdf#turn0,what was the change in the alternative component changes between 2011 and 2012?,"challenging investment environment with $ 15.0 billion , or 95% ( 95 % ) , of net inflows coming from institutional clients , with the remaining $ 0.8 billion , or 5% ( 5 % ) , generated by retail and hnw clients . defined contribution plans of institutional clients remained a significant driver of ",directional_change,increased|decreased|roughly_unchanged|insufficient_data,increased,committed,,,,,
hqa_CFQ_24525d1c,convfinqa,Single_AWK/2015/page_106.pdf-2#turn0,what was the change in the allowance for other funds used during construction from 2013 to 2014?,the company recognizes accrued interest and penalties related to tax positions as a component of income tax expense and accounts for sales tax collected from customers and remitted to taxing authorities on a net basis . allowance for funds used during construction afudc is a non-cash credit to incom,directional_change,increased|decreased|roughly_unchanged|insufficient_data,decreased,committed,,,,,
hqa_CFQ_2478d6f6,convfinqa,Single_BKR/2017/page_47.pdf-3#turn0,what was the net change in the wti oil price from 2016 to 2017?,"bhge 2017 form 10-k | 27 the short term . we do , however , view the long term economics of the lng industry as positive given our outlook for supply and demand . 2022 refinery , petrochemical and industrial projects : in refining , we believe large , complex refineries should gain advantage in a mo",directional_change,increased|decreased|roughly_unchanged|insufficient_data,increased,committed,,,,,
hqa_CFQ_25075efe,convfinqa,Single_UPS/2009/page_33.pdf-1#turn1,"Conversation so far:
Q1: what was the value of ups in 2006?

Question: what was the net change in the ups price from 2004 to 2006?",( 1 ) includes shares repurchased through our publicly announced share repurchase program and shares tendered to pay the exercise price and tax withholding on employee stock options . shareowner return performance graph the following performance graph and related information shall not be deemed 201c,directional_change,increased|decreased|roughly_unchanged|insufficient_data,decreased,committed,,,,,
hqa_CFQ_2515f9c9,convfinqa,Single_BLK/2012/page_32.pdf-1#turn1,"Conversation so far:
Q1: what was the change in alternative component changes in alternatives from 2011 to 2012?

Question: how much does this change represent in relation to the alternative component changes in alternatives in 2011, in percentage?","challenging investment environment with $ 15.0 billion , or 95% ( 95 % ) , of net inflows coming from institutional clients , with the remaining $ 0.8 billion , or 5% ( 5 % ) , generated by retail and hnw clients . defined contribution plans of institutional clients remained a significant driver of ",directional_change,increased|decreased|roughly_unchanged|insufficient_data,increased,committed,,,,,
hqa_CFQ_253c207f_masked,convfinqa,Double_AAP/2016/page_96.pdf#turn1,"Conversation so far:
Q1: what is the net change in the balance of allowance for doubtful accounts receivable during 2015?

Question: what percentage change does this represent?","advance auto parts , inc . these amounts did not impact the company 2019s statement of operations for any year presented . note : other valuation and qualifying accounts have not been reported in this schedule because they are either not applicable or because the information has been included elsewh",directional_change,increased|decreased|roughly_unchanged|insufficient_data,insufficient_data,noncommitted,,,,,CONSTRUCTED - verify the masked evidence really cannot answer the question
hqa_CFQ_2608c4ee_masked,convfinqa,Single_AMT/2002/page_74.pdf-3#turn0,"what was the change in the net loss as reported from 2001 to 2002, based on the black-scholes option-pricing model?",american tower corporation and subsidiaries notes to consolidated financial statements 2014 ( continued ) the following table illustrates the effect on net loss and net loss per share if the company had applied the fair value recognition provisions of sfas no . 123 to stock-based compensation . the ,directional_change,increased|decreased|roughly_unchanged|insufficient_data,insufficient_data,noncommitted,,,,,CONSTRUCTED - verify the masked evidence really cannot answer the question
hqa_CFQ_2618b333,convfinqa,Single_ETR/2008/page_376.pdf-1#turn0,"what was the change in net revenue for entergy texas , inc. from 2007 to 2008?","entergy texas , inc . management's financial discussion and analysis net revenue 2008 compared to 2007 net revenue consists of operating revenues net of : 1 ) fuel , fuel-related expenses , and gas purchased for resale , 2 ) purchased power expenses , and 3 ) other regulatory charges . following is ",directional_change,increased|decreased|roughly_unchanged|insufficient_data,decreased,committed,,,,,
hqa_CFQ_268ac00f_masked,convfinqa,Single_MRK/2013/page_116.pdf-2#turn0,what was the change in the net amortization from 2012 to 2013?,"13 . pension and other postretirement benefit plans the company has defined benefit pension plans covering eligible employees in the united states and in certain of its international subsidiaries . as a result of plan design changes approved in 2011 , beginning on january 1 , 2013 , active participa",directional_change,increased|decreased|roughly_unchanged|insufficient_data,insufficient_data,noncommitted,,,,,CONSTRUCTED - verify the masked evidence really cannot answer the question
hqa_CFQ_274e7cdf_masked,convfinqa,Double_STT/2009/page_122.pdf#turn0,what was the change in the amount kept as collateral between 2008 and 2009?,"note 10 . commitments and contingencies credit-related commitments and contingencies : credit-related financial instruments , which are off-balance sheet , include indemnified securities financing , unfunded commitments to extend credit or purchase assets , and standby letters of credit . the potent",directional_change,increased|decreased|roughly_unchanged|insufficient_data,insufficient_data,noncommitted,,,,,CONSTRUCTED - verify the masked evidence really cannot answer the question
hqa_CFQ_27621f7e,convfinqa,Single_DISCA/2012/page_54.pdf-4#turn1,"Conversation so far:
Q1: what was the change in value of disca common stock from 2018, less a $100 initial investment?

Question: what was the percent change?","stock performance graph the following graph sets forth the cumulative total shareholder return on our series a common stock , series b common stock and series c common stock as compared with the cumulative total return of the companies listed in the standard and poor 2019s 500 stock index ( 201cs&p ",directional_change,increased|decreased|roughly_unchanged|insufficient_data,increased,committed,,,,,
hqa_CFQ_276b0779,convfinqa,Single_ETR/2008/page_313.pdf-4#turn0,what was the change in net revenues from 2007 and 2008?,"entergy louisiana , llc management's financial discussion and analysis net revenue 2008 compared to 2007 net revenue consists of operating revenues net of : 1 ) fuel , fuel-related expenses , and gas purchased for resale , 2 ) purchased power expenses , and 3 ) other regulatory charges . following i",directional_change,increased|decreased|roughly_unchanged|insufficient_data,decreased,committed,,,,,
hqa_CFQ_277039c7,convfinqa,Single_RCL/2006/page_37.pdf-2#turn0,what was the change in cash and cash equivalents from 2005 to 2006?,"note 9 . retirement plan we maintain a defined contribution pension plan covering full-time shoreside employees who have completed the minimum period of continuous service . annual contributions to the plan are based on fixed percentages of participants 2019 salaries and years of service , not to ex",directional_change,increased|decreased|roughly_unchanged|insufficient_data,decreased,committed,,,,,
hqa_CFQ_27c98d15,convfinqa,Single_LMT/2014/page_85.pdf-1#turn0,what is the change in the balance of net total long-term debt from 2013 to 2014?,"as of december 31 , 2014 and 2013 , our liabilities associated with unrecognized tax benefits are not material . we and our subsidiaries file income tax returns in the u.s . federal jurisdiction and various foreign jurisdictions . with few exceptions , the statute of limitations is no longer open fo",directional_change,increased|decreased|roughly_unchanged|insufficient_data,increased,committed,,,,,
hqa_CFQ_288d6d96,convfinqa,Double_GS/2015/page_80.pdf#turn1,"Conversation so far:
Q1: what was the change in cash flow from operating activities between 2014 and 2015 affected by the change in inventory?

Question: and how much was affected by the change in receivables during that time?","the goldman sachs group , inc . and subsidiaries management 2019s discussion and analysis scenario analyses . we conduct various scenario analyses including as part of the comprehensive capital analysis and review ( ccar ) and dodd-frank act stress tests ( dfast ) , as well as our resolution and rec",directional_change,increased|decreased|roughly_unchanged|insufficient_data,increased,committed,,,,,
hqa_CFQ_29c8775e,convfinqa,Double_STT/2001/page_36.pdf#turn1,"Conversation so far:
Q1: how much did the servicing fees change between 1999 and 2000?

Question: so what was the percentage change during this time?","an average of 7.1 in 2000 . the top 100 largest clients used an average of 11.3 products in 2001 , up from an average of 11.2 in 2000 . state street benefits significantly from its ability to derive revenue from the transaction flows of clients . this occurs through the management of cash positions ",directional_change,increased|decreased|roughly_unchanged|insufficient_data,increased,committed,,,,,
hqa_CFQ_29cbbe9d,convfinqa,Single_OKE/2012/page_91.pdf-1#turn0,what was the change in value of natural gas marketing (bcf) between 2010 and 2011?,"costs . our 2012 results were lower than 2011 when we realized $ 53.1 million in premium-services margins and our storage and marketing margins consisted of $ 96.0 million from realized seasonal price differentials and marketing optimization activities , and $ 87.7 million of storage demand costs . ",directional_change,increased|decreased|roughly_unchanged|insufficient_data,decreased,committed,,,,,
hqa_CFQ_2a0ce837,convfinqa,Single_CE/2012/page_16.pdf-2#turn0,what was the net change in value of cash dividends received from 2010 to 2011?,"polyplastics co. , ltd . polyplastics is a leading supplier of engineered plastics in the asia-pacific region and is a venture between daicel chemical industries ltd. , japan ( 55% ( 55 % ) ) and ticona llc ( 45% ( 45 % ) ownership and a wholly-owned subsidiary of cna holdings llc ) . polyplastics i",directional_change,increased|decreased|roughly_unchanged|insufficient_data,increased,committed,,,,,
hqa_CFQ_2a13432d,convfinqa,Double_ILMN/2006/page_86.pdf#turn0,what was the change in revenues between 2005 and 2006?,"in accordance with sfas no . 142 , goodwill and other intangible assets , the goodwill is not amortized , but will be subject to a periodic assessment for impairment by applying a fair-value-based test . none of this goodwill is expected to be deductible for tax purposes . the company performs its a",directional_change,increased|decreased|roughly_unchanged|insufficient_data,increased,committed,,,,,
hqa_CFQ_2b35e90c,convfinqa,Single_RSG/2012/page_124.pdf-1#turn0,what was the net change in the dividend yield percent from 2011 to 2012?,"republic services , inc . notes to consolidated financial statements 2014 ( continued ) in december 2008 , the board of directors amended and restated the republic services , inc . 2006 incentive stock plan ( formerly known as the allied waste industries , inc . 2006 incentive stock plan ( the 2006 ",directional_change,increased|decreased|roughly_unchanged|insufficient_data,increased,committed,,,,,
hqa_CFQ_2b4b7abd,convfinqa,Single_STT/2006/page_96.pdf-3#turn0,what was the net change in the value of employee benefit expense from 2004 to 2006?,"for the year ended december 31 , 2005 , we realized net losses of $ 1 million on sales of available-for- sale securities . unrealized gains of $ 1 million were included in other comprehensive income at december 31 , 2004 , net of deferred taxes of less than $ 1 million , related to these sales . for",directional_change,increased|decreased|roughly_unchanged|insufficient_data,increased,committed,,,,,
hqa_CFQ_2c414ce5,convfinqa,Single_BLK/2016/page_75.pdf-3#turn0,what was the net change in value of operating income from 2015 to 2016?,2016 compared with 2015 net gains on investments of $ 57 million in 2016 decreased $ 52 million from 2015 due to lower net gains in 2016 . net gains on investments in 2015 included a $ 40 million gain related to the bkca acquisition and a $ 35 million unrealized gain on a private equity investment .,directional_change,increased|decreased|roughly_unchanged|insufficient_data,decreased,committed,,,,,
hqa_CFQ_2cbf96ad,convfinqa,Double_AMAT/2017/page_33.pdf#turn0,what is the net change in value of an $100 investment in applied materials from 2012 to 2015?,"performance graph the performance graph below shows the five-year cumulative total stockholder return on applied common stock during the period from october 28 , 2012 through october 29 , 2017 . this is compared with the cumulative total return of the standard & poor 2019s 500 stock index and the rd",directional_change,increased|decreased|roughly_unchanged|insufficient_data,increased,committed,,,,,
hqa_CFQ_2da4913d,convfinqa,Double_LLY/2018/page_42.pdf#turn0,"what was the change in the total of u.s . pharmaceutical sales return, rebate, and discount liability balances, including managed care, medicare, and medicaid from 2017 to 2018?","financial statement impact we believe that our accruals for sales returns , rebates , and discounts are reasonable and appropriate based on current facts and circumstances . our global rebate and discount liabilities are included in sales rebates and discounts on our consolidated balance sheet . our",directional_change,increased|decreased|roughly_unchanged|insufficient_data,increased,committed,,,,,
hqa_CFQ_2dc2518d_masked,convfinqa,Single_ZBH/2013/page_46.pdf-1#turn0,what was the net change in value of contract terminations from 2011 to 2012?,"zimmer holdings , inc . 2013 form 10-k annual report notes to consolidated financial statements ( continued ) fees paid to collaborative partners . where contingent milestone payments are due to third parties under research and development arrangements , the milestone payment obligations are expense",directional_change,increased|decreased|roughly_unchanged|insufficient_data,insufficient_data,noncommitted,,,,,CONSTRUCTED - verify the masked evidence really cannot answer the question
hqa_CFQ_2e2ee839,convfinqa,Double_L/2016/page_62.pdf#turn0,"from 2011 to 2016, what was the change in the value of the s&p 500 index?","item 5 . market for the registrant 2019s common equity , related stockholder matters and issuer purchases of equity securities the following graph compares annual total return of our common stock , the standard & poor 2019s 500 composite stock index ( 201cs&p 500 index 201d ) and our peer group ( 20",directional_change,increased|decreased|roughly_unchanged|insufficient_data,increased,committed,,,,,
hqa_CFQ_2f084847_masked,convfinqa,Double_RCL/2014/page_16.pdf#turn0,what is the net change in the number of cruise guests from 2013 to 2014?,"royal caribbean cruises ltd . 15 from two to 17 nights throughout south america , the caribbean and europe . additionally , we announced that majesty of the seas will be redeployed from royal caribbean international to pullmantur in 2016 . pullmantur serves the contemporary segment of the spanish , ",directional_change,increased|decreased|roughly_unchanged|insufficient_data,insufficient_data,noncommitted,,,,,CONSTRUCTED - verify the masked evidence really cannot answer the question
hqa_CFQ_2f0ecacf,convfinqa,Double_BLL/2007/page_87.pdf#turn0,what was the change in accumulated other comprehensive earnings ( loss ) from 2005 to 2006?,"page 71 of 94 notes to consolidated financial statements ball corporation and subsidiaries 16 . shareholders 2019 equity ( continued ) on october 24 , 2007 , ball announced the discontinuance of the company 2019s discount on the reinvestment of dividends associated with the company 2019s dividend re",directional_change,increased|decreased|roughly_unchanged|insufficient_data,increased,committed,,,,,
hqa_CFQ_2f3c733c,convfinqa,Double_ADBE/2013/page_84.pdf#turn0,what is the net change in the balance of unrecognized tax benefits from 2012 to 2013?,"adobe systems incorporated notes to consolidated financial statements ( continued ) accounting for uncertainty in income taxes during fiscal 2013 and 2012 , our aggregate changes in our total gross amount of unrecognized tax benefits are summarized as follows ( in thousands ) : . | 2013 | 2012 begin",directional_change,increased|decreased|roughly_unchanged|insufficient_data,decreased,committed,,,,,
hqa_CFQ_2f8fbfd9_masked,convfinqa,Single_DVN/2011/page_99.pdf-2#turn0,what was the net change in value of total proved undeveloped reserves for u.s. onshore between 2010 and 2011?,devon energy corporation and subsidiaries notes to consolidated financial statements 2014 ( continued ) proved undeveloped reserves the following table presents the changes in our total proved undeveloped reserves during 2011 ( in mmboe ) . . | u.s . onshore | canada | north america extensions and d,directional_change,increased|decreased|roughly_unchanged|insufficient_data,insufficient_data,noncommitted,,,,,CONSTRUCTED - verify the masked evidence really cannot answer the question
hqa_CFQ_2fbdbd66_masked,convfinqa,Single_BLK/2017/page_87.pdf-3#turn0,what was the change in revenue related technology and risk management from 2016 to 2017?,"when the likelihood of clawback is considered mathematically improbable . the company records a deferred carried interest liability to the extent it receives cash or capital allocations related to carried interest prior to meeting the revenue recognition criteria . at december 31 , 2017 and 2016 , t",directional_change,increased|decreased|roughly_unchanged|insufficient_data,insufficient_data,noncommitted,,,,,CONSTRUCTED - verify the masked evidence really cannot answer the question
hqa_CFQ_3099c24e,convfinqa,Double_UPS/2007/page_103.pdf#turn0,what was the net change in the unrecognized tax benefit between 1/1/07 and 12/31/07?,"united parcel service , inc . and subsidiaries notes to consolidated financial statements 2014 ( continued ) the following table summarizes the activity related to our unrecognized tax benefits ( in millions ) : . balance at january 1 2007 | $ 373 additions for tax positions of the current year | 13",directional_change,increased|decreased|roughly_unchanged|insufficient_data,decreased,committed,,,,,
hqa_CFQ_30aed411,convfinqa,Double_IPG/2016/page_46.pdf#turn0,what was the change in the interest income from 2015 to 2016?,"item 7a . quantitative and qualitative disclosures about market risk ( amounts in millions ) in the normal course of business , we are exposed to market risks related to interest rates , foreign currency rates and certain balance sheet items . from time to time , we use derivative instruments , purs",directional_change,increased|decreased|roughly_unchanged|insufficient_data,decreased,committed,,,,,
hqa_CFQ_3114d10c,convfinqa,Single_CME/2012/page_103.pdf-1#turn0,what is the net change in balance of non-controlling interests from 2011 to 2012?,"positions and collateral of the defaulting firm at each respective clearing organization , and taking into account any cross-margining loss sharing payments , any of the participating clearing organizations has a remaining liquidating surplus , and any other participating clearing organization has a",directional_change,increased|decreased|roughly_unchanged|insufficient_data,increased,committed,,,,,
hqa_CFQ_3240be6a_masked,convfinqa,Single_JPM/2016/page_73.pdf-4#turn1,"Conversation so far:
Q1: what was the value of the kbw bank index in 2016?

Question: and what was the change in value of the stock from 2011 to 2016?","jpmorgan chase & co./2016 annual report 35 five-year stock performance the following table and graph compare the five-year cumulative total return for jpmorgan chase & co . ( 201cjpmorgan chase 201d or the 201cfirm 201d ) common stock with the cumulative return of the s&p 500 index , the kbw bank in",directional_change,increased|decreased|roughly_unchanged|insufficient_data,insufficient_data,noncommitted,,,,,CONSTRUCTED - verify the masked evidence really cannot answer the question
hqa_CFQ_32d33538_masked,convfinqa,Single_DRE/2012/page_34.pdf-3#turn0,what was the change in the interest expense from continuing operations from 2010 to 2011?,"32| | duke realty corporation annual report 2012 2022 in 2010 , we sold approximately 60 acres of land , in two separate transactions , which resulted in impairment charges of $ 9.8 million . these sales were opportunistic in nature and we had not identified or actively marketed this land for dispos",directional_change,increased|decreased|roughly_unchanged|insufficient_data,insufficient_data,noncommitted,,,,,CONSTRUCTED - verify the masked evidence really cannot answer the question
hqa_CFQ_33a752ed,convfinqa,Single_ECL/2017/page_95.pdf-3#turn1,"Conversation so far:
Q1: what was the net change in the balance of gross liability for unrecognized tax benefits from 2015 to 2016?

Question: what was the percent change?","the company 2019s 2017 reported tax rate includes $ 160.9 million of net tax benefits associated with the tax act , $ 6.2 million of net tax benefits on special gains and charges , and net tax benefits of $ 25.3 million associated with discrete tax items . in connection with the company 2019s initia",directional_change,increased|decreased|roughly_unchanged|insufficient_data,increased,committed,,,,,
hqa_CFQ_343da70b,convfinqa,Single_VTR/2007/page_48.pdf-4#turn1,"Conversation so far:
Q1: what was the value of reit index in 2003?

Question: and what was, then, the change in its value considering the original amount invested in it in 2002?","stock performance graph the following performance graph compares the cumulative total return ( including dividends ) to the holders of our common stock from december 31 , 2002 through december 31 , 2007 , with the cumulative total returns of the nyse composite index , the ftse nareit composite reit ",directional_change,increased|decreased|roughly_unchanged|insufficient_data,increased,committed,,,,,
hqa_CFQ_34939171,convfinqa,Double_RE/2014/page_125.pdf#turn0,what was the change in the interest expense from 2012 to 2013?,"9 . junior subordinated debt securities payable in accordance with the provisions of the junior subordinated debt securities which were issued on march 29 , 2004 , holdings elected to redeem the $ 329897 thousand of 6.2% ( 6.2 % ) junior subordinated debt securities outstanding on may 24 , 2013 . as",directional_change,increased|decreased|roughly_unchanged|insufficient_data,decreased,committed,,,,,
hqa_CFQ_35b3f378_masked,convfinqa,Double_GPN/2017/page_88.pdf#turn1,"Conversation so far:
Q1: what was the change in the valuation allowance between 2016 and 2017?

Question: and the net change for the valuation allowance between 2014 and 2015?","a valuation allowance is provided against deferred tax assets when it is more likely than not that some portion or all of the deferred tax assets will not be realized . changes to our valuation allowance during the year ended december 31 , 2017 , the 2016 fiscal transition period and the years ended",directional_change,increased|decreased|roughly_unchanged|insufficient_data,insufficient_data,noncommitted,,,,,CONSTRUCTED - verify the masked evidence really cannot answer the question
hqa_CFQ_36219a3d,convfinqa,Single_AAP/2012/page_61.pdf-2#turn1,"Conversation so far:
Q1: what was the net change in inventories at lifo net between 2011 and 2012?

Question: what is the net change over the 2011 value?","in june 2011 , the fasb issued asu no . 2011-05 201ccomprehensive income 2013 presentation of comprehensive income . 201d asu 2011-05 requires comprehensive income , the components of net income , and the components of other comprehensive income either in a single continuous statement of comprehensi",directional_change,increased|decreased|roughly_unchanged|insufficient_data,increased,committed,,,,,
hqa_CFQ_3693ec38_masked,convfinqa,Single_UNP/2016/page_24.pdf-1#turn0,what was the net change in cash provided by operating activities from 2015 to 2016?,"to , rather than as a substitute for , cash provided by operating activities . the following table reconciles cash provided by operating activities ( gaap measure ) to free cash flow ( non-gaap measure ) : . millions | 2016 | 2015 | 2014 cash used in investing activities | -3393 ( 3393 ) | -4476 ( 4",directional_change,increased|decreased|roughly_unchanged|insufficient_data,insufficient_data,noncommitted,,,,,CONSTRUCTED - verify the masked evidence really cannot answer the question
hqa_CFQ_378d381c_masked,convfinqa,Single_DISCA/2012/page_54.pdf-4#turn0,"what was the change in value of disca common stock from 2018, less a $100 initial investment?","stock performance graph the following graph sets forth the cumulative total shareholder return on our series a common stock , series b common stock and series c common stock as compared with the cumulative total return of the companies listed in the standard and poor 2019s 500 stock index ( 201cs&p ",directional_change,increased|decreased|roughly_unchanged|insufficient_data,insufficient_data,noncommitted,,,,,CONSTRUCTED - verify the masked evidence really cannot answer the question
hqa_CFQ_38052b66,convfinqa,Single_MAR/2010/page_55.pdf-2#turn1,"Conversation so far:
Q1: what was the difference in the cash from operations between 2009 and 2010?

Question: and the percentage change during this time?","during 2010 , we granted 3.8 million rsus and 1.1 million employee sars . see footnote no . 4 , 201cshare-based compensation , 201d of the notes to our financial statements for additional information . new accounting standards see footnote no . 1 , 201csummary of significant accounting policies , 20",directional_change,increased|decreased|roughly_unchanged|insufficient_data,increased,committed,,,,,
hqa_CFQ_38782ba5,convfinqa,Double_AAPL/2011/page_38.pdf#turn1,"Conversation so far:
Q1: what is the net change in the annual operating cash flow from 2010 to 2011?

Question: what is the percentage change?","35% ( 35 % ) due primarily to certain undistributed foreign earnings for which no u.s . taxes are provided because such earnings are intended to be indefinitely reinvested outside the u.s . as of september 24 , 2011 , the company had deferred tax assets arising from deductible temporary differences ",directional_change,increased|decreased|roughly_unchanged|insufficient_data,increased,committed,,,,,
hqa_CFQ_38d3f3c8_masked,convfinqa,Single_UPS/2012/page_51.pdf-4#turn0,what was the net change in value of cash from operating activities from 2010 to 2011?,"united parcel service , inc . and subsidiaries management's discussion and analysis of financial condition and results of operations liquidity and capital resources operating activities the following is a summary of the significant sources ( uses ) of cash from operating activities ( amounts in mill",directional_change,increased|decreased|roughly_unchanged|insufficient_data,insufficient_data,noncommitted,,,,,CONSTRUCTED - verify the masked evidence really cannot answer the question
hqa_CFQ_3962d90e,convfinqa,Single_UAA/2016/page_82.pdf-1#turn0,what is the change in value of interest expense from 2015 to 2016?,"interest expense , net was $ 26.4 million , $ 14.6 million , and $ 5.3 million for the years ended december 31 , 2016 , 2015 and 2014 , respectively . interest expense includes the amortization of deferred financing costs , bank fees , capital and built-to-suit lease interest and interest expense un",directional_change,increased|decreased|roughly_unchanged|insufficient_data,increased,committed,,,,,
hqa_CFQ_396e03f9_masked,convfinqa,Single_ADI/2009/page_90.pdf-3#turn0,what was the net change in the value of the balance from 2007 to 2009?,"included in other non-current liabilities , because the company believes that the ultimate payment or settlement of these liabilities will not occur within the next twelve months . prior to the adoption of these provisions , these amounts were included in current income tax payable . the company inc",directional_change,increased|decreased|roughly_unchanged|insufficient_data,insufficient_data,noncommitted,,,,,CONSTRUCTED - verify the masked evidence really cannot answer the question
hqa_CFQ_39b6b9f7,convfinqa,Single_BLK/2016/page_75.pdf-4#turn0,what is the net change in operating income from 2014 to 2015?,2016 compared with 2015 net gains on investments of $ 57 million in 2016 decreased $ 52 million from 2015 due to lower net gains in 2016 . net gains on investments in 2015 included a $ 40 million gain related to the bkca acquisition and a $ 35 million unrealized gain on a private equity investment .,directional_change,increased|decreased|roughly_unchanged|insufficient_data,increased,committed,,,,,
hqa_CFQ_39ca7af4,convfinqa,Double_JKHY/2008/page_30.pdf#turn0,what is the net change in the balance of cash and cash equivalents from 2007 to 2008?,l iquidity and capital resources we have historically generated positive cash flow from operations and have generally used funds generated from operations and short-term borrowings on our revolving credit facility to meet capital requirements . we expect this trend to continue in the future . the co,directional_change,increased|decreased|roughly_unchanged|insufficient_data,decreased,committed,,,,,
hqa_CFQ_3b4512b0,convfinqa,Double_AMT/2015/page_50.pdf#turn0,"what was the change in the price of shares from the highest value, during the quarter ended december 31 , 2015, to the closing price on february 19 , 2016?","part ii item 5 . market for registrant 2019s common equity , related stockholder matters and issuer purchases of equity securities the following table presents reported quarterly high and low per share sale prices of our common stock on the nyse for the years 2015 and 2014. . 2015 | high | low quart",directional_change,increased|decreased|roughly_unchanged|insufficient_data,decreased,committed,,,,,
hqa_CFQ_3b4a0a6f,convfinqa,Double_ETR/2008/page_362.pdf#turn0,what is the net change in net receivables from the money pool between from 2007 to 2008?,"entergy new orleans , inc . management's financial discussion and analysis ( 1 ) includes approximately $ 30 million annually for maintenance capital , which is planned spending on routine capital projects that are necessary to support reliability of service , equipment or systems and to support nor",directional_change,increased|decreased|roughly_unchanged|insufficient_data,increased,committed,,,,,
hqa_CFQ_3b992fe2,convfinqa,Single_AMAT/2014/page_37.pdf-3#turn0,what is the change in value of an investment in the applied materials from 2009 to 2014?,"performance graph the performance graph below shows the five-year cumulative total stockholder return on applied common stock during the period from october 25 , 2009 through october 26 , 2014 . this is compared with the cumulative total return of the standard & poor 2019s 500 stock index and the rd",directional_change,increased|decreased|roughly_unchanged|insufficient_data,increased,committed,,,,,
hqa_CFQ_3c6ba7f7_masked,convfinqa,Single_AMT/2004/page_91.pdf-4#turn0,what is the net change in rent expense from 2003 to 2004?,"american tower corporation and subsidiaries notes to consolidated financial statements 2014 ( continued ) 7 . derivative financial instruments under the terms of the credit facility , the company is required to enter into interest rate protection agreements on at least 50% ( 50 % ) of its variable r",directional_change,increased|decreased|roughly_unchanged|insufficient_data,insufficient_data,noncommitted,,,,,CONSTRUCTED - verify the masked evidence really cannot answer the question
hqa_CFQ_3cabceab,convfinqa,Single_CMCSA/2015/page_150.pdf-1#turn1,"Conversation so far:
Q1: what was the difference in comprehensive income attributable to nbc universal between 2013 and 2014?

Question: and the percentage change?","nbcuniversal media , llc consolidated statement of comprehensive income . year ended december 31 ( in millions ) | 2015 | 2014 | 2013 net income | $ 3624 | $ 3297 | $ 2122 deferred gains ( losses ) on cash flow hedges net | -21 ( 21 ) | 25 | -5 ( 5 ) employee benefit obligations net | 60 | -106 ( 10",directional_change,increased|decreased|roughly_unchanged|insufficient_data,increased,committed,,,,,
hqa_CFQ_3ce82e88,convfinqa,Single_ADBE/2012/page_113.pdf-2#turn0,what was the change in the average price of repurchased shares from 2011 to 2012?,"the following table sets forth the components of foreign currency translation adjustments for fiscal 2012 , 2011 and 2010 ( in thousands ) : . | 2012 | 2011 | 2010 beginning balance | $ 10580 | $ 7632 | $ 10640 foreign currency translation adjustments | -2225 ( 2225 ) | 5156 | -4144 ( 4144 ) income ",directional_change,increased|decreased|roughly_unchanged|insufficient_data,increased,committed,,,,,
hqa_CFQ_3d246b83,convfinqa,Single_AMT/2008/page_34.pdf-1#turn1,"Conversation so far:
Q1: what is the net change in the average price for repurchased shares from october to december 2008?

Question: what percentage change does this represent?","act of 1933 , as amended , and section 1145 of the united states code . no underwriters were engaged in connection with such issuances . during the three months ended december 31 , 2008 , we issued an aggregate of 7173456 shares of our common stock upon conversion of $ 147.1 million principal amount",directional_change,increased|decreased|roughly_unchanged|insufficient_data,decreased,committed,,,,,
hqa_CFQ_3dd3204d_masked,convfinqa,Single_V/2013/page_116.pdf-3#turn0,what will be the change in rent expense from 2013 to 2014?,"visa inc . notes to consolidated financial statements 2014 ( continued ) september 30 , 2013 market condition is based on the company 2019s total shareholder return ranked against that of other companies that are included in the standard & poor 2019s 500 index . the fair value of the performance- ba",directional_change,increased|decreased|roughly_unchanged|insufficient_data,insufficient_data,noncommitted,,,,,CONSTRUCTED - verify the masked evidence really cannot answer the question
hqa_CFQ_3e6b49e9,convfinqa,Single_EXR/2005/page_46.pdf-1#turn1,"Conversation so far:
Q1: what was the net change in value of the high bid price for the quarter ended december 31, 2004 and the quarter ended march 31, 2005?

Question: what is the percent change?","part ii item 5 . market for registrant 2019s common equity and related stockholder matters market information our common stock has been traded on the new york stock exchange ( 2018 2018nyse 2019 2019 ) under the symbol 2018 2018exr 2019 2019 since our ipo on august 17 , 2004 . prior to that time the",directional_change,increased|decreased|roughly_unchanged|insufficient_data,decreased,committed,,,,,
hqa_CFQ_40d38ce5,convfinqa,Double_ADI/2019/page_85.pdf#turn0,"from 2018 to 2019, what was the change in the total rental expense under operating leases?","9 . lease commitments the company leases certain land , facilities , equipment and software under various operating leases that expire at various dates through 2057 . the lease agreements frequently include renewal and escalation clauses and require the company to pay taxes , insurance and maintenan",directional_change,increased|decreased|roughly_unchanged|insufficient_data,increased,committed,,,,,
hqa_CFQ_4176757d,convfinqa,Double_GS/2012/page_50.pdf#turn0,what is the net change in total operating expenses in 2012?,"management 2019s discussion and analysis net interest income 2012 versus 2011 . net interest income on the consolidated statements of earnings was $ 3.88 billion for 2012 , 25% ( 25 % ) lower than 2011 . the decrease compared with 2011 was primarily due to lower average yields on financial instrumen",directional_change,increased|decreased|roughly_unchanged|insufficient_data,increased,committed,,,,,
hqa_CFQ_41f7a38c,convfinqa,Double_AMT/2010/page_105.pdf#turn1,"Conversation so far:
Q1: what was the change in the balance of capital lease obligations and notes payable between 2009 and 2010?

Question: and the percentage change?","american tower corporation and subsidiaries notes to consolidated financial statements as of december 31 , 2010 and 2009 , the company had $ 295.4 million and $ 295.0 million net , respectively ( $ 300.0 million aggregate principal amount ) outstanding under the 7.25% ( 7.25 % ) notes . as of decemb",directional_change,increased|decreased|roughly_unchanged|insufficient_data,decreased,committed,,,,,
hqa_CFQ_421f4e3d,convfinqa,Single_BKNG/2018/page_34.pdf-3#turn0,"what was the change in value for booking holding inc. in 2018, assuming a $100 initial investment?",measurement point december 31 booking holdings nasdaq composite index s&p 500 rdg internet composite . measurement pointdecember 31 | booking holdings inc . | nasdaqcomposite index | s&p 500index | rdg internetcomposite 2013 | 100.00 | 100.00 | 100.00 | 100.00 2014 | 98.09 | 114.62 | 113.69 | 96.39 ,directional_change,increased|decreased|roughly_unchanged|insufficient_data,increased,committed,,,,,
hqa_CFQ_442b246c,convfinqa,Single_UNP/2012/page_47.pdf-2#turn0,what was the net change in net periodic pension cost from 2011 to 2012?,the following table presents the net periodic pension and opeb cost/ ( benefit ) for the years ended december 31 : millions 2013 2012 2011 2010 . millions | est.2013 | 2012 | 2011 | 2010 net periodic pension cost | $ 111 | $ 89 | $ 78 | $ 51 net periodic opeb cost/ ( benefit ) | 15 | 13 | -6 ( 6 ) |,directional_change,increased|decreased|roughly_unchanged|insufficient_data,increased,committed,,,,,
hqa_CFQ_446ed3a5_masked,convfinqa,Single_AOS/2007/page_17.pdf-2#turn0,what was the change in the value of a o smith corp from 2002 to 2007?,"the graph below shows a five-year comparison of the cumulative shareholder return on the company's common stock with the cumulative total return of the s&p smallcap 600 index and the s&p 600 electrical equipment index , all of which are published indices . comparison of five-year cumulative total re",directional_change,increased|decreased|roughly_unchanged|insufficient_data,insufficient_data,noncommitted,,,,,CONSTRUCTED - verify the masked evidence really cannot answer the question
hqa_CFQ_45b28155,convfinqa,Double_RSG/2014/page_73.pdf#turn1,"Conversation so far:
Q1: what was the ratio of the cash provided by operating activities to the free cash flow in 2014?

Question: what was the change in free cash flow in 2013?","financial assurance we must provide financial assurance to governmental agencies and a variety of other entities under applicable environmental regulations relating to our landfill operations for capping , closure and post-closure costs , and related to our performance under certain collection , lan",directional_change,increased|decreased|roughly_unchanged|insufficient_data,decreased,committed,,,,,
hqa_CFQ_4613f27f,convfinqa,Single_UPS/2017/page_31.pdf-1#turn0,"what was the change in the value of the class b common stock, considering its value in 2017 and the original amount invested in it in 2012?","shareowner return performance graph the following performance graph and related information shall not be deemed 201csoliciting material 201d or to be 201cfiled 201d with the sec , nor shall such information be incorporated by reference into any future filing under the securities act of 1933 or secur",directional_change,increased|decreased|roughly_unchanged|insufficient_data,increased,committed,,,,,
hqa_CFQ_4615b253,convfinqa,Single_GS/2018/page_76.pdf-4#turn0,what was the net change in pre-tax earnings from 2017 to 2018?,"the goldman sachs group , inc . and subsidiaries management 2019s discussion and analysis net revenues in equities were $ 6.60 billion , 4% ( 4 % ) lower than 2016 , primarily due to lower commissions and fees , reflecting a decline in our listed cash equity volumes in the u.s . market volumes in th",directional_change,increased|decreased|roughly_unchanged|insufficient_data,increased,committed,,,,,
hqa_CFQ_467fc2ff,convfinqa,Single_EXPD/2017/page_30.pdf-2#turn0,what was the change in the value of the expeditors international of washington inc . considering its value in 2017 and the original amount invested in it in 2012?,"the graph below compares expeditors international of washington , inc.'s cumulative 5-year total shareholder return on common stock with the cumulative total returns of the s&p 500 index , the nasdaq transportation index , and the nasdaq industrial transportation index ( nqusb2770t ) as a replacemen",directional_change,increased|decreased|roughly_unchanged|insufficient_data,increased,committed,,,,,
hqa_CFQ_47d46a7e,convfinqa,Single_C/2008/page_193.pdf-2#turn0,what was the net change in proceeds from new securitizations from 2007 to 2008?,"application of specific accounting literature . for the nonconsolidated proprietary tob trusts and qspe tob trusts , the company recognizes only its residual investment on its balance sheet at fair value and the third-party financing raised by the trusts is off-balance sheet . the following table su",directional_change,increased|decreased|roughly_unchanged|insufficient_data,decreased,committed,,,,,
hqa_CFQ_4846a03e,convfinqa,Double_GIS/2018/page_39.pdf#turn0,what was the change in net earnings including earnings attributable to redeemable and non-controlling interests between 2017 and 2018?,cash flows from operations . in millions | fiscal year 2018 | fiscal year 2017 | fiscal year 2016 net earnings including earnings attributable to redeemable and noncontrollinginterests | $ 2163.0 | $ 1701.1 | $ 1736.8 depreciation and amortization | 618.8 | 603.6 | 608.1 after-taxearnings from joint,directional_change,increased|decreased|roughly_unchanged|insufficient_data,increased,committed,,,,,
hqa_CFQ_4846cde1,convfinqa,Single_AAPL/2007/page_70.pdf-3#turn1,"Conversation so far:
Q1: what was the change in the allowance for doubtful accounts from 2006 to 2007?

Question: what is the percent change?","notes to consolidated financial statements ( continued ) note 2 2014financial instruments ( continued ) covered by collateral , third-party flooring arrangements , or credit insurance are outstanding with the company 2019s distribution and retail channel partners . one customer accounted for approxi",directional_change,increased|decreased|roughly_unchanged|insufficient_data,decreased,committed,,,,,
hqa_CFQ_485d5dfe,convfinqa,Single_BLL/2010/page_33.pdf-4#turn0,"what was the net change in value of net sales metal beverage packaging, europe between 2008 and 2009?","page 20 of 100 segment sales were $ 100.7 million lower in 2009 than in 2008 , primarily as a result of the impact of lower aluminum prices partially offset by an increase in sales volumes . the higher sales volumes in 2009 were the result of incremental volumes from the four plants purchased from a",directional_change,increased|decreased|roughly_unchanged|insufficient_data,decreased,committed,,,,,
hqa_CFQ_495d0550,convfinqa,Single_AON/2014/page_45.pdf-1#turn0,what was the net change in revenue from 2013 to 2014?,"equity equity at december 31 , 2014 was $ 6.6 billion , a decrease of $ 1.6 billion from december 31 , 2013 . the decrease resulted primarily due to share repurchases of $ 2.3 billion , $ 273 million of dividends to shareholders , and an increase in accumulated other comprehensive loss of $ 760 mill",directional_change,increased|decreased|roughly_unchanged|insufficient_data,increased,committed,,,,,
hqa_CFQ_497556c3,convfinqa,Single_UA/2011/page_71.pdf-1#turn1,"Conversation so far:
Q1: what was the net change in contingent rent expense from 2010 to 2011?

Question: then what is the percent change from 2010 to 2011?","operating lease agreements . included in these amounts was contingent rent expense of $ 3.6 million , $ 2.0 million and $ 0.6 million for the years ended december 31 , 2011 , 2010 and 2009 , respectively . the operating lease obligations included above do not include any contingent rent . sponsorshi",directional_change,increased|decreased|roughly_unchanged|insufficient_data,increased,committed,,,,,
hqa_CFQ_4a89b2d9,convfinqa,Single_ZBH/2013/page_49.pdf-1#turn0,what was the change in value of share-based compensation expense between 2011 and 2012?,"zimmer holdings , inc . 2013 form 10-k annual report notes to consolidated financial statements ( continued ) unrealized gains and losses on cash flow hedges , unrealized gains and losses on available-for-sale securities and amortization of prior service costs and unrecognized gains and losses in ac",directional_change,increased|decreased|roughly_unchanged|insufficient_data,decreased,committed,,,,,
hqa_CFQ_4a93062e,convfinqa,Double_SLG/2017/page_110.pdf#turn1,"Conversation so far:
Q1: as of december 31, 2017, which one was greater: the aoci balance for marketable securities or the derivatives?

Question: and from 2014 to that year, what was the change in that aoci balance for all derivatives and marketable securities?",108 / sl green realty corp . 2017 annual report espp provides for eligible employees to purchase the common stock at a purchase price equal to 85% ( 85 % ) of the lesser of ( 1 ) a0the market value of the common stock on the first day of the offer- ing period or ( 2 ) a0the market value of the commo,directional_change,increased|decreased|roughly_unchanged|insufficient_data,decreased,committed,,,,,
hqa_CFQ_4b27112b_masked,convfinqa,Double_JKHY/2016/page_25.pdf#turn0,what was the change in the performance value of the peer group stock from 2014 to 2016?,"22 2016 annual report performance graph the following chart presents a comparison for the five-year period ended june 30 , 2016 , of the market performance of the company 2019s common stock with the s&p 500 index and an index of peer companies selected by the company : comparison of 5 year cumulativ",directional_change,increased|decreased|roughly_unchanged|insufficient_data,insufficient_data,noncommitted,,,,,CONSTRUCTED - verify the masked evidence really cannot answer the question
hqa_CFQ_4b8a843b,convfinqa,Double_RCL/2012/page_80.pdf#turn1,"Conversation so far:
Q1: what was the change in the value of intangible assets from 2011 to 2012?

Question: and the percentage change during this time?","notes to the consolidated financial statements competitive environment and general economic and business conditions , among other factors . pullmantur is a brand targeted primarily at the spanish , portu- guese and latin american markets and although pullmantur has diversified its passenger sourcing",directional_change,increased|decreased|roughly_unchanged|insufficient_data,decreased,committed,,,,,
hqa_CFQ_4ba8e572,convfinqa,Single_STT/2009/page_122.pdf-3#turn0,what was the change in value of standby letters of credit from 2008 to 2009?,"note 10 . commitments and contingencies credit-related commitments and contingencies : credit-related financial instruments , which are off-balance sheet , include indemnified securities financing , unfunded commitments to extend credit or purchase assets , and standby letters of credit . the potent",directional_change,increased|decreased|roughly_unchanged|insufficient_data,decreased,committed,,,,,
hqa_CFQ_4c05b364,convfinqa,Single_ETR/2008/page_356.pdf-1#turn0,what was the change in the total of electric customers between 2006 and 2007?,"entergy new orleans , inc . management's financial discussion and analysis 2007 compared to 2006 net revenue consists of operating revenues net of : 1 ) fuel , fuel-related expenses , and gas purchased for resale , 2 ) purchased power expenses , and 3 ) other regulatory charges . following is an ana",directional_change,increased|decreased|roughly_unchanged|insufficient_data,increased,committed,,,,,
hqa_CFQ_4c176f6c,convfinqa,Single_FBHS/2017/page_46.pdf-1#turn1,"Conversation so far:
Q1: what was the g&a expense in 2016 less the value in 2015?

Question: what was the percent change?",corporate corporate expenses in 2016 benefited from the absence of transaction costs associated with the norcraft acquisition ( $ 15.1 million in 2015 ) . this benefit was offset by higher employee-related costs and lower defined benefit plan income . ( in millions ) 2016 2015 . ( in millions ) | 20,directional_change,increased|decreased|roughly_unchanged|insufficient_data,increased,committed,,,,,
hqa_CFQ_4e38fd72,convfinqa,Single_SNA/2007/page_80.pdf-1#turn0,what is the change in balance of the unrecognized tax benefits from 2006 to 2007?,notes to consolidated financial statements ( continued ) | 72 snap-on incorporated following is a reconciliation of the beginning and ending amount of unrecognized tax benefits : ( amounts in millions ) amount . ( amounts in millions ) | amount unrecognized tax benefits as of december 31 2006 | $ 21,directional_change,increased|decreased|roughly_unchanged|insufficient_data,decreased,committed,,,,,
hqa_CFQ_4eb50b36,convfinqa,Double_APD/2014/page_36.pdf#turn1,"Conversation so far:
Q1: what is the ratio of 2013 interest expense to 2012?

Question: what about the percentage change?",interest expense . | 2014 | 2013 | 2012 interest incurred | $ 158.1 | $ 167.6 | $ 153.9 less : capitalized interest | 33.0 | 25.8 | 30.2 interest expense | $ 125.1 | $ 141.8 | $ 123.7 2014 vs . 2013 interest incurred decreased $ 9.5 . the decrease was primarily due to a lower average interest rate o,directional_change,increased|decreased|roughly_unchanged|insufficient_data,increased,committed,,,,,
hqa_CFQ_4eb65041_masked,convfinqa,Double_AON/2009/page_70.pdf#turn0,what is the net change he reclassification of non-controlling interests from 2007 to 2008?,the company recognizes the effect of income tax positions only if sustaining those positions is more likely than not . changes in recognition or measurement are reflected in the period in which a change in judgment occurs . the company records penalties and interest related to unrecognized tax benef,directional_change,increased|decreased|roughly_unchanged|insufficient_data,insufficient_data,noncommitted,,,,,CONSTRUCTED - verify the masked evidence really cannot answer the question
hqa_CFQ_4efb4175_masked,convfinqa,Double_AES/2002/page_117.pdf#turn0,what was the change in revenues for investments in 50% or less owned investments between 2001 and 2002?,"affiliated company . the loss recorded on the sale was approximately $ 14 million and is recorded as a loss on sale of assets and asset impairment expenses in the accompanying consolidated statements of operations . in the second quarter of 2002 , the company recorded an impairment charge of approxi",directional_change,increased|decreased|roughly_unchanged|insufficient_data,insufficient_data,noncommitted,,,,,CONSTRUCTED - verify the masked evidence really cannot answer the question
hqa_CFQ_508c6c26,convfinqa,Double_SWKS/2007/page_93.pdf#turn0,what is the net change in the balance of pension liability from september 2005 to 2007?,"in september 2006 , the fasb issued sfas 158 , 201cemployers 2019 accounting for defined benefit pension and other postretirement plans , an amendment of fasb statements no . 87 , 88 , 106 , and 132 ( r ) . 201d sfas 158 requires companies to recognize the over-funded and under-funded status of defi",directional_change,increased|decreased|roughly_unchanged|insufficient_data,increased,committed,,,,,
hqa_CFQ_5155e099,convfinqa,Single_AMT/2010/page_113.pdf-2#turn0,what was the change in the intrinsic value of stock options from 2007 to 2008?,"american tower corporation and subsidiaries notes to consolidated financial statements assessments in each of the tax jurisdictions resulting from these examinations . the company believes that adequate provisions have been made for income taxes for all periods through december 31 , 2010 . 12 . stoc",directional_change,increased|decreased|roughly_unchanged|insufficient_data,decreased,committed,,,,,
hqa_CFQ_51e07728_masked,convfinqa,Single_RSG/2010/page_132.pdf-1#turn0,what was the change in gross unrecognized tax benefits from 2009 to 2010?,approximately $ 32 million of federal tax payments were deferred and paid in 2009 as a result of the allied acquisition . the following table summarizes the activity in our gross unrecognized tax benefits for the years ended december 31: . | 2010 | 2009 | 2008 additions due to the allied acquisition,directional_change,increased|decreased|roughly_unchanged|insufficient_data,insufficient_data,noncommitted,,,,,CONSTRUCTED - verify the masked evidence really cannot answer the question
hqa_CFQ_52144447,convfinqa,Double_AMT/2008/page_96.pdf#turn1,"Conversation so far:
Q1: in the year of 2008, what was the aggregate net unrealized loss, including the net of a tax provision?

Question: and from 2007 to that year, what was the change in the unrealized losses related to interest rate swap agreements net of tax?","american tower corporation and subsidiaries notes to consolidated financial statements 2014 ( continued ) of certain of its assets and liabilities under its interest rate swap agreements held as of december 31 , 2006 and entered into during the first half of 2007 . in addition , the company paid $ 8",directional_change,increased|decreased|roughly_unchanged|insufficient_data,decreased,committed,,,,,
hqa_CFQ_52308cc3,convfinqa,Single_LKQ/2010/page_72.pdf-3#turn0,what was the net change in changes in the warranty reserve in 2009?,"on either a straight-line or accelerated basis . amortization expense for intangibles was approximately $ 4.2 million , $ 4.1 million and $ 4.1 million during the years ended december 31 , 2010 , 2009 and 2008 , respectively . estimated annual amortization expense of the december 31 , 2010 balance f",directional_change,increased|decreased|roughly_unchanged|insufficient_data,increased,committed,,,,,
hqa_CFQ_525e330f,convfinqa,Single_AAP/2016/page_26.pdf-1#turn0,what is the change in value of an investment in advance auto parts from 2015 to 2016?,"stock price performance the following graph shows a comparison of the cumulative total return on our common stock , the standard & poor 2019s 500 index and the standard & poor 2019s retail index . the graph assumes that the value of an investment in our common stock and in each such index was $ 100 ",directional_change,increased|decreased|roughly_unchanged|insufficient_data,decreased,committed,,,,,
hqa_CFQ_52b99eab,convfinqa,Single_LMT/2018/page_85.pdf-3#turn0,what was the change in weighted average common shares outstanding for basic computations from 2016 to 2017?,note 2 2013 earnings per share the weighted average number of shares outstanding used to compute earnings per common share were as follows ( in millions ) : . | 2018 | 2017 | 2016 weighted average common shares outstanding for basic computations | 284.5 | 287.8 | 299.3 weighted average dilutive effe,directional_change,increased|decreased|roughly_unchanged|insufficient_data,decreased,committed,,,,,
hqa_CFQ_52cedb59,convfinqa,Single_BLL/2011/page_29.pdf-1#turn1,"Conversation so far:
Q1: what was the value of ball corporation in 2008?

Question: what is the change in value from the initial $100 investment?",shareholder return performance the line graph below compares the annual percentage change in ball corporation fffds cumulative total shareholder return on its common stock with the cumulative total return of the dow jones containers & packaging index and the s&p composite 500 stock index for the fiv,directional_change,increased|decreased|roughly_unchanged|insufficient_data,decreased,committed,,,,,
hqa_CFQ_52eea1d0,convfinqa,Single_CE/2014/page_16.pdf-4#turn0,what was the value change in research and development expense from 2012 to 2013?,"fortron industries llc . fortron is a leading global producer of pps , sold under the fortron ae brand , which is used in a wide variety of automotive and other applications , especially those requiring heat and/or chemical resistance . fortron's facility is located in wilmington , north carolina . ",directional_change,increased|decreased|roughly_unchanged|insufficient_data,decreased,committed,,,,,
hqa_CFQ_5310207f,convfinqa,Single_LLY/2018/page_99.pdf-2#turn1,"Conversation so far:
Q1: what was the price of lilly in 2018?

Question: what was the net change assuming a $100 initial investment?","performance graph this graph compares the return on lilly stock with that of the standard & poor 2019s 500 stock index and our peer group for the years 2014 through 2018 . the graph assumes that , on december 31 , 2013 , a person invested $ 100 each in lilly stock , the s&p 500 stock index , and the",directional_change,increased|decreased|roughly_unchanged|insufficient_data,increased,committed,,,,,
hqa_CFQ_53b3df7b,convfinqa,Single_LKQ/2009/page_66.pdf-4#turn0,what was the change in warranty reserve balance from 2008 to 2009?,"investments prior to our acquisition of keystone on october 12 , 2007 , we held common shares of keystone , which were classified as an available-for-sale investment security . accordingly , the investment was included in other assets at its fair value , with the unrealized gain excluded from earnin",directional_change,increased|decreased|roughly_unchanged|insufficient_data,increased,committed,,,,,
hqa_CFQ_542e8a12,convfinqa,Single_WRK/2018/page_106.pdf-4#turn0,what was the change in the valuation allowances against deferred tax assets throughout 2018?,"westrock company notes to consolidated financial statements fffd ( continued ) at september 30 , 2018 and september 30 , 2017 , gross net operating losses for foreign reporting purposes of approximately $ 698.4 million and $ 673.7 million , respectively , were available for carryforward . a majority",directional_change,increased|decreased|roughly_unchanged|insufficient_data,increased,committed,,,,,
hqa_CFQ_5572c7eb,convfinqa,Single_APD/2014/page_71.pdf-1#turn0,what is the net change in sales from 2013 to 2014?,"3 . discontinued operations during the second quarter of 2012 , the board of directors authorized the sale of our homecare business , which had previously been reported as part of the merchant gases operating segment . this business has been accounted for as a discontinued operation . in the third q",directional_change,increased|decreased|roughly_unchanged|insufficient_data,decreased,committed,,,,,
hqa_CFQ_55ac4b9b,convfinqa,Single_LMT/2016/page_52.pdf-1#turn0,what was the change in backlog at year-end from 2015 to 2016?,"segment includes awe and our share of earnings for our investment in ula , which provides expendable launch services to the u.s . government . space systems 2019 operating results included the following ( in millions ) : . | 2016 | 2015 | 2014 net sales | $ 9409 | $ 9105 | $ 9202 operating profit | ",directional_change,increased|decreased|roughly_unchanged|insufficient_data,increased,committed,,,,,
hqa_CFQ_55d3d921,convfinqa,Double_ETR/2007/page_36.pdf#turn0,what was the change in other income for the utility from 2005 to 2006?,e nt e r g y c o r p o r a t i o n a n d s u b s i d i a r i e s 2 0 0 7 n an increase of $ 16 million in fossil operating costs due to the purchase of the attala plant in january 2006 and the perryville plant coming online in july 2005 ; n an increase of $ 12 million related to storm reserves . thi,directional_change,increased|decreased|roughly_unchanged|insufficient_data,increased,committed,,,,,
hqa_CFQ_5623a738,convfinqa,Single_PM/2014/page_112.pdf-4#turn1,"Conversation so far:
Q1: what was the difference pmi between 2013 and 2014?

Question: so what was the percentage change during this time?","note 17 . accumulated other comprehensive losses : pmi's accumulated other comprehensive losses , net of taxes , consisted of the following: . ( losses ) earnings ( in millions ) | ( losses ) earnings 2014 | ( losses ) earnings 2013 | 2012 currency translation adjustments | $ -3929 ( 3929 ) | $ -220",directional_change,increased|decreased|roughly_unchanged|insufficient_data,decreased,committed,,,,,
hqa_CFQ_565e2694,convfinqa,Double_FITB/2013/page_84.pdf#turn0,what was the change in the average price paid per share from 2012 to 2013?,"management 2019s discussion and analysis of financial condition and results of operations 82 fifth third bancorp to 100 million shares of its outstanding common stock in the open market or in privately negotiated transactions , and to utilize any derivative or similar instrument to affect share repu",directional_change,increased|decreased|roughly_unchanged|insufficient_data,increased,committed,,,,,
hqa_CFQ_5718e62c,convfinqa,Double_OKE/2012/page_91.pdf#turn0,what is the net change in the natural gas marketed from 2010 to 2011?,"costs . our 2012 results were lower than 2011 when we realized $ 53.1 million in premium-services margins and our storage and marketing margins consisted of $ 96.0 million from realized seasonal price differentials and marketing optimization activities , and $ 87.7 million of storage demand costs . ",directional_change,increased|decreased|roughly_unchanged|insufficient_data,decreased,committed,,,,,
hqa_CFQ_57d9a4fe,convfinqa,Single_ABMD/2011/page_33.pdf-4#turn1,"Conversation so far:
Q1: what is the net change in value of abiomed inc from 2006 to 2009?

Question: what is the percent change?","performance graph the following graph compares the yearly change in the cumulative total stockholder return for our last five full fiscal years , based upon the market price of our common stock , with the cumulative total return on a nasdaq composite index ( u.s . companies ) and a peer group , the ",directional_change,increased|decreased|roughly_unchanged|insufficient_data,decreased,committed,,,,,
hqa_CFQ_58602c59,convfinqa,Double_IP/2009/page_38.pdf#turn1,"Conversation so far:
Q1: what was the change in annual sales of printing papers and graphic arts supplies and equipment from 2008 to 2009?

Question: and the percentage change?","higher in the first half of the year , but declined dur- ing the second half of the year reflecting the pass- through to customers of lower resin input costs . however , average margins benefitted from a more favorable mix of products sold . raw material costs were lower , primarily for resins . fre",directional_change,increased|decreased|roughly_unchanged|insufficient_data,increased,committed,,,,,
hqa_CFQ_58d7d7c2,convfinqa,Single_AMAT/2012/page_37.pdf-1#turn0,what was the change in the value of s&p500 considering its price in 2010 and the original amount invested in it in 2007?,"performance graph the performance graph below shows the five-year cumulative total stockholder return on applied common stock during the period from october 28 , 2007 through october 28 , 2012 . this is compared with the cumulative total return of the standard & poor 2019s 500 stock index and the rd",directional_change,increased|decreased|roughly_unchanged|insufficient_data,decreased,committed,,,,,
hqa_CFQ_592e3e8f,convfinqa,Double_FIS/2006/page_88.pdf#turn0,what was the change in the total of principal maturities due in 2007 due to the debt refinancing completed on january of that year?,"through the certegy merger , the company has an obligation to service $ 200 million ( aggregate principal amount ) of unsecured 4.75% ( 4.75 % ) fixed-rate notes due in 2008 . the notes were recorded in purchase accounting at a discount of $ 5.7 million , which is being amortized over the term of th",directional_change,increased|decreased|roughly_unchanged|insufficient_data,decreased,committed,,,,,
hqa_CFQ_59ac283c_masked,convfinqa,Single_UNP/2006/page_72.pdf-2#turn1,"Conversation so far:
Q1: what was the net change in personal injury liability in 2006?

Question: what is the percent change?","consolidated results of operations , financial condition , or liquidity ; however , to the extent possible , where unasserted claims are considered probable and where such claims can be reasonably estimated , we have recorded a liability . we do not expect that any known lawsuits , claims , environm",directional_change,increased|decreased|roughly_unchanged|insufficient_data,insufficient_data,noncommitted,,,,,CONSTRUCTED - verify the masked evidence really cannot answer the question
hqa_CFQ_59e165af,convfinqa,Single_STT/2012/page_42.pdf-2#turn0,what was the net change in the s&p 500 index from 2007 to 2009?,shareholder return performance presentation the graph presented below compares the cumulative total shareholder return on state street's common stock to the cumulative total return of the s&p 500 index and the s&p financial index over a five-year period . the cumulative total shareholder return assu,directional_change,increased|decreased|roughly_unchanged|insufficient_data,decreased,committed,,,,,
hqa_CFQ_5b3295f0,convfinqa,Single_LMT/2014/page_49.pdf-4#turn0,what was the change in net sales for mst from 2012 to 2013?,mission systems and training our mst business segment provides ship and submarine mission and combat systems ; mission systems and sensors for rotary and fixed-wing aircraft ; sea and land-based missile defense systems ; radar systems ; littoral combat ships ; simulation and training services ; and ,directional_change,increased|decreased|roughly_unchanged|insufficient_data,decreased,committed,,,,,
hqa_CFQ_5babe8bd,convfinqa,Single_UPS/2017/page_31.pdf-2#turn0,what was the change in the value of the united parcel service inc . considering its value in 2017 and the original amount invested in it in 2012?,"shareowner return performance graph the following performance graph and related information shall not be deemed 201csoliciting material 201d or to be 201cfiled 201d with the sec , nor shall such information be incorporated by reference into any future filing under the securities act of 1933 or secur",directional_change,increased|decreased|roughly_unchanged|insufficient_data,increased,committed,,,,,
hqa_CFQ_5c6f8a33,convfinqa,Double_ETFC/2007/page_22.pdf#turn0,what was the change in the price of e*trade financial corporation between 12/02 and 12/07?,"december 18 , 2007 , we issued an additional 23182197 shares of common stock to citadel . the issuances were exempt from registration pursuant to section 4 ( 2 ) of the securities act of 1933 , and each purchaser has represented to us that it is an 201caccredited investor 201d as defined in regulati",directional_change,increased|decreased|roughly_unchanged|insufficient_data,decreased,committed,,,,,
hqa_CFQ_5cafdfe9,convfinqa,Single_UNP/2006/page_74.pdf-2#turn0,what was the change in the rental income from 2005 to 2006?,"the environmental liability includes costs for remediation and restoration of sites , as well as for ongoing monitoring costs , but excludes any anticipated recoveries from third parties . cost estimates are based on information available for each site , financial viability of other potentially resp",directional_change,increased|decreased|roughly_unchanged|insufficient_data,increased,committed,,,,,
hqa_CFQ_5d3967db,convfinqa,Single_RSG/2016/page_98.pdf-2#turn0,what was the net change in value in the allowance for doubtful accounts in 2016?,"republic services , inc . notes to consolidated financial statements 2014 ( continued ) high quality financial institutions . such balances may be in excess of fdic insured limits . to manage the related credit exposure , we continually monitor the credit worthiness of the financial institutions whe",directional_change,increased|decreased|roughly_unchanged|insufficient_data,decreased,committed,,,,,
hqa_CFQ_5da07f2a,convfinqa,Single_ADI/2011/page_83.pdf-1#turn0,what is the net change in e total expense related to the defined contribution plan for u.s.employees from 2010 to 2011?,"the following is a schedule of future minimum rental payments required under long-term operating leases at october 29 , 2011 : fiscal years operating leases . fiscal years | operating leases 2012 | $ 17590 2013 | 12724 2014 | 6951 2015 | 5649 2016 | 3669 later years | 19472 total | $ 66055 12 . comm",directional_change,increased|decreased|roughly_unchanged|insufficient_data,increased,committed,,,,,
hqa_CFQ_5dac53a6,convfinqa,Single_ZBH/2018/page_61.pdf-1#turn1,"Conversation so far:
Q1: what is the change in interest paid from 2016 to 2017?

Question: what percentage change does this represent?","zimmer biomet holdings , inc . and subsidiaries 2018 form 10-k annual report notes to consolidated financial statements ( continued ) default for unsecured financing arrangements , including , among other things , limitations on consolidations , mergers and sales of assets . financial covenants unde",directional_change,increased|decreased|roughly_unchanged|insufficient_data,decreased,committed,,,,,
hqa_CFQ_5f2af2b8,convfinqa,Single_GS/2017/page_104.pdf-1#turn0,what was the change in interest rates from 2016 to 2017?,"the goldman sachs group , inc . and subsidiaries management 2019s discussion and analysis the risk committee of the board and the risk governance committee ( through delegated authority from the firmwide risk committee ) approve market risk limits and sub-limits at firmwide , business and product le",directional_change,increased|decreased|roughly_unchanged|insufficient_data,decreased,committed,,,,,
hqa_CFQ_6060b889,convfinqa,Single_AAP/2016/page_65.pdf-3#turn0,"what was the net change in inventory overhead costs, purchasing, and warehousing costs from 2015 to 2016?","advance auto parts , inc . and subsidiaries notes to the consolidated financial statements december 31 , 2016 , january 2 , 2016 and january 3 , 2015 ( in thousands , except per share data ) 2 . inventories , net : merchandise inventory the company used the lifo method of accounting for approximatel",directional_change,increased|decreased|roughly_unchanged|insufficient_data,increased,committed,,,,,
hqa_CFQ_61956239,convfinqa,Single_UNP/2013/page_73.pdf-4#turn0,what was the net change in value of total expenses for repairs and maintenance from 2012 to 2013?,"the analysis of our depreciation studies . changes in the estimated service lives of our assets and their related depreciation rates are implemented prospectively . under group depreciation , the historical cost ( net of salvage ) of depreciable property that is retired or replaced in the ordinary c",directional_change,increased|decreased|roughly_unchanged|insufficient_data,increased,committed,,,,,
hqa_CFQ_61e3612e,convfinqa,Single_AWK/2018/page_150.pdf-1#turn0,what is the change in value of intrinsic value from 2016 to 2018?,the following table provides the weighted average assumptions used in the black-scholes option-pricing model for grants and the resulting weighted average grant date fair value per share of stock options granted for the years ended december 31: . | 2018 | 2017 | 2016 intrinsic value | $ 9 | $ 10 | $,directional_change,increased|decreased|roughly_unchanged|insufficient_data,decreased,committed,,,,,
hqa_CFQ_61fae9a7,convfinqa,Double_ADI/2016/page_61.pdf#turn0,what was the change in the balance of goodwill from 2014 to 2015?,"analog devices , inc . notes to consolidated financial statements 2014 ( continued ) depreciation expense for property , plant and equipment was $ 134.5 million , $ 130.1 million and $ 114.1 million in fiscal 2016 , 2015 and 2014 , respectively . the company reviews property , plant and equipment fo",directional_change,increased|decreased|roughly_unchanged|insufficient_data,decreased,committed,,,,,
hqa_CFQ_62332dc6,convfinqa,Single_C/2009/page_279.pdf-3#turn1,"Conversation so far:
Q1: what was the net change in citigroup from 2007 to 2008?

Question: what is the percent change?","comparison of five-year cumulative total return the following graph compares the cumulative total return on citigroup 2019s common stock with the s&p 500 index and the s&p financial index over the five-year period extending through december 31 , 2009 . the graph assumes that $ 100 was invested on de",directional_change,increased|decreased|roughly_unchanged|insufficient_data,decreased,committed,,,,,
hqa_CFQ_6274dafc,convfinqa,Single_RE/2006/page_31.pdf-2#turn0,what was the change in net reserves from 2004 to 2005?,"development of prior year incurred losses was $ 135.6 million unfavorable in 2006 , $ 26.4 million favorable in 2005 and $ 249.4 million unfavorable in 2004 . such losses were the result of the reserve development noted above , as well as inher- ent uncertainty in establishing loss and lae reserves ",directional_change,increased|decreased|roughly_unchanged|insufficient_data,decreased,committed,,,,,
hqa_CFQ_642330e7,convfinqa,Single_CDNS/2007/page_30.pdf-3#turn1,"Conversation so far:
Q1: what was the net change in value of cadence design from 2002 to 2007?

Question: what is the percent change?","the graph below matches cadence design systems , inc . 2019s cumulative 5-year total shareholder return on common stock with the cumulative total returns of the s&p 500 index , the s&p information technology index , and the nasdaq composite index . the graph assumes that the value of the investment ",directional_change,increased|decreased|roughly_unchanged|insufficient_data,increased,committed,,,,,
hqa_CFQ_64440687,convfinqa,Double_AWK/2015/page_106.pdf#turn1,"Conversation so far:
Q1: what was the allowance for borrowed funds used during construction as a percentage of allowance for other funds used during construction in 2015?

Question: what was the change in allowance for other funds used during construction between 2013 and 2014?",the company recognizes accrued interest and penalties related to tax positions as a component of income tax expense and accounts for sales tax collected from customers and remitted to taxing authorities on a net basis . allowance for funds used during construction afudc is a non-cash credit to incom,directional_change,increased|decreased|roughly_unchanged|insufficient_data,decreased,committed,,,,,
hqa_CFQ_64646a26_masked,convfinqa,Single_UPS/2010/page_33.pdf-4#turn1,"Conversation so far:
Q1: what was the performance value of the united parcel service inc . in 2010?

Question: and what was the change in this performance from 2005 to 2010?","shareowner return performance graph the following performance graph and related information shall not be deemed 201csoliciting material 201d or to be 201cfiled 201d with the securities and exchange commission , nor shall such information be incorporated by reference into any future filing under the ",directional_change,increased|decreased|roughly_unchanged|insufficient_data,insufficient_data,noncommitted,,,,,CONSTRUCTED - verify the masked evidence really cannot answer the question
hqa_CFQ_64ddb654,convfinqa,Single_IP/2006/page_19.pdf-1#turn0,what was the net change in industry segment operating profits from 2004 to 2005?,item 7 . management 2019s discussion and analysis of financial condition and results of operations executive summary international paper 2019s operating results in 2006 bene- fited from strong gains in pricing and sales volumes and lower operating costs . our average paper and packaging prices in 20,directional_change,increased|decreased|roughly_unchanged|insufficient_data,decreased,committed,,,,,
hqa_CFQ_650e3173,convfinqa,Single_SNA/2013/page_111.pdf-2#turn0,what was the change in value of non-vested performance awards during the year?,"the fair value of performance awards is calculated using the market value of a share of snap-on 2019s common stock on the date of grant . the weighted-average grant date fair value of performance awards granted during 2013 , 2012 and 2011 was $ 77.33 , $ 60.00 and $ 55.97 , respectively . vested per",directional_change,increased|decreased|roughly_unchanged|insufficient_data,decreased,committed,,,,,
hqa_CFQ_654d0297,convfinqa,Single_TFX/2018/page_47.pdf-4#turn1,"Conversation so far:
Q1: what was the change in price of teleflex incorporated from 2014 to 2015?

Question: what is the percent change?","part a0ii item a05 . market for registrant 2019s common equity , related stockholder matters and issuer purchases of equity securities our common stock is listed on the new york stock exchange under the symbol 201ctfx . 201d as of february 19 , 2019 , we had 473 holders of record of our common stock",directional_change,increased|decreased|roughly_unchanged|insufficient_data,increased,committed,,,,,
hqa_CFQ_65c21bc4,convfinqa,Single_VRTX/2005/page_103.pdf-4#turn0,what is the net change in the value of furniture and equipment from 2004 and 2005?,"value , which may be maturity , the company does not consider these investments to be other-than-temporarily impaired as of december 31 , 2005 and 2004 . gross realized gains and losses for 2005 were $ 15000 and $ 75000 , respectively . gross realized gains and losses for 2004 were $ 628000 and $ 20",directional_change,increased|decreased|roughly_unchanged|insufficient_data,increased,committed,,,,,
hqa_CFQ_65c7d9ad,convfinqa,Single_DISCA/2017/page_41.pdf-3#turn0,what is the net change in the value of an investment on disca common stock from 2012 to 2017?,"part ii item 5 . market for registrant 2019s common equity , related stockholder matters and issuer purchases of equity securities . our series a common stock , series b common stock and series c common stock are listed and traded on the nasdaq global select market ( 201cnasdaq 201d ) under the symb",directional_change,increased|decreased|roughly_unchanged|insufficient_data,decreased,committed,,,,,
hqa_CFQ_668054ab,convfinqa,Single_SNA/2013/page_111.pdf-2#turn1,"Conversation so far:
Q1: what was the change in value of non-vested performance awards during the year?

Question: what is the percent change?","the fair value of performance awards is calculated using the market value of a share of snap-on 2019s common stock on the date of grant . the weighted-average grant date fair value of performance awards granted during 2013 , 2012 and 2011 was $ 77.33 , $ 60.00 and $ 55.97 , respectively . vested per",directional_change,increased|decreased|roughly_unchanged|insufficient_data,decreased,committed,,,,,
hqa_CFQ_66b29a53_masked,convfinqa,Single_PM/2017/page_25.pdf-2#turn0,what was the change in the pmi's share price from 2014 to 2015?,"performance graph the graph below compares the cumulative total shareholder return on pmi's common stock with the cumulative total return for the same period of pmi's peer group and the s&p 500 index . the graph assumes the investment of $ 100 as of december 31 , 2012 , in pmi common stock ( at pric",directional_change,increased|decreased|roughly_unchanged|insufficient_data,insufficient_data,noncommitted,,,,,CONSTRUCTED - verify the masked evidence really cannot answer the question
hqa_CFQ_66d75787,convfinqa,Double_DVN/2011/page_99.pdf#turn0,what was the change in the total proved undeveloped reserves for canada from 2010 to 2011?,devon energy corporation and subsidiaries notes to consolidated financial statements 2014 ( continued ) proved undeveloped reserves the following table presents the changes in our total proved undeveloped reserves during 2011 ( in mmboe ) . . | u.s . onshore | canada | north america proved undevelop,directional_change,increased|decreased|roughly_unchanged|insufficient_data,increased,committed,,,,,
hqa_CFQ_66fca316_masked,convfinqa,Single_ETR/2013/page_15.pdf-2#turn1,"Conversation so far:
Q1: what is the difference in revenue between 2012 and 2013?

Question: what percentage change does this represent?",the grand gulf recovery variance is primarily due to increased recovery of higher costs resulting from the grand gulf uprate . the volume/weather variance is primarily due to the effects of more favorable weather on residential sales and an increase in industrial sales primarily due to growth in the,directional_change,increased|decreased|roughly_unchanged|insufficient_data,insufficient_data,noncommitted,,,,,CONSTRUCTED - verify the masked evidence really cannot answer the question
hqa_CFQ_6719da5d,convfinqa,Double_RE/2013/page_109.pdf#turn1,"Conversation so far:
Q1: what is the net change in the balance of reinsurance receivables and premium receivables from 2012 to 2013?

Question: what percentage change does this represent?","in addition , the company has reclassified the following amounts from 201cdistributions from other invested assets 201d included in cash flows from investing activities to 201cdistribution of limited partnership income 201d included in cash flows from operations for interim reporting periods of 2013",directional_change,increased|decreased|roughly_unchanged|insufficient_data,decreased,committed,,,,,
hqa_CFQ_672a1af1,convfinqa,Single_AMT/2008/page_96.pdf-3#turn0,what was the net change in value of unrealized losses from 2007 to 2008?,"american tower corporation and subsidiaries notes to consolidated financial statements 2014 ( continued ) of certain of its assets and liabilities under its interest rate swap agreements held as of december 31 , 2006 and entered into during the first half of 2007 . in addition , the company paid $ 8",directional_change,increased|decreased|roughly_unchanged|insufficient_data,increased,committed,,,,,
hqa_CFQ_67301768_masked,convfinqa,Single_AAPL/2010/page_42.pdf-2#turn0,what was the change in total other income and expense from 2008 to 2009?,table of contents research and development expense ( 201cr&d 201d ) r&d expense increased 34% ( 34 % ) or $ 449 million to $ 1.8 billion in 2010 compared to 2009 . this increase was due primarily to an increase in headcount and related expenses in the current year to support expanded r&d activities ,directional_change,increased|decreased|roughly_unchanged|insufficient_data,insufficient_data,noncommitted,,,,,CONSTRUCTED - verify the masked evidence really cannot answer the question
hqa_CFQ_674fc088,convfinqa,Single_STT/2001/page_36.pdf-1#turn0,what was the change in the servicing fees from 1999 to 2000?,"an average of 7.1 in 2000 . the top 100 largest clients used an average of 11.3 products in 2001 , up from an average of 11.2 in 2000 . state street benefits significantly from its ability to derive revenue from the transaction flows of clients . this occurs through the management of cash positions ",directional_change,increased|decreased|roughly_unchanged|insufficient_data,increased,committed,,,,,
hqa_CFQ_67e85a4e,convfinqa,Single_AAP/2011/page_63.pdf-3#turn0,what was the net change in the value of ne inventories at lifo during the year?,"advance auto parts , inc . and subsidiaries notes to the consolidated financial statements december 31 , 2011 , january 1 , 2011 and january 2 , 2010 ( in thousands , except per share data ) 2011-12 superseded certain pending paragraphs in asu 2011-05 201ccomprehensive income 2013 presentation of co",directional_change,increased|decreased|roughly_unchanged|insufficient_data,increased,committed,,,,,
hqa_CFQ_68c4d182,convfinqa,Single_FIS/2006/page_48.pdf-2#turn0,what was the net change in operating income from 2005 to 2006?,"higher average borrowings . additionally , the recapitalization that occurred late in the first quarter of 2005 resulted in a full year of interest in 2006 as compared to approximately ten months in 2005 . the increase in interest expense in 2005 as compared to 2004 also resulted from the recapitali",directional_change,increased|decreased|roughly_unchanged|insufficient_data,increased,committed,,,,,
hqa_CFQ_69603c9c,convfinqa,Single_AMT/2010/page_82.pdf-1#turn1,"Conversation so far:
Q1: what was the net difference in the balance of allowances from 2009 to 2010?

Question: what was the percent change?","american tower corporation and subsidiaries notes to consolidated financial statements recognizing customer revenue , the company must assess the collectability of both the amounts billed and the portion recognized on a straight-line basis . this assessment takes customer credit risk and business an",directional_change,increased|decreased|roughly_unchanged|insufficient_data,decreased,committed,,,,,
hqa_CFQ_6a0b8147_masked,convfinqa,Single_BLK/2017/page_81.pdf-3#turn0,what is the net change in total liquidity resources from 2016 to 2017?,"sources of blackrock 2019s operating cash primarily include investment advisory , administration fees and securities lending revenue , performance fees , revenue from technology and risk management services , advisory and other revenue and distribution fees . blackrock uses its cash to pay all opera",directional_change,increased|decreased|roughly_unchanged|insufficient_data,insufficient_data,noncommitted,,,,,CONSTRUCTED - verify the masked evidence really cannot answer the question
hqa_CFQ_6a4d5453,convfinqa,Double_LMT/2015/page_86.pdf#turn1,"Conversation so far:
Q1: by how much did the weighted average common shares outstanding change for diluted computations between 2013 and 2014?

Question: and the change in this value between 2014 and 2015?","2015 and 2014 was $ 1.5 billion and $ 1.3 billion . the aggregate notional amount of our outstanding foreign currency hedges at december 31 , 2015 and 2014 was $ 4.1 billion and $ 804 million . derivative instruments did not have a material impact on net earnings and comprehensive income during 2015",directional_change,increased|decreased|roughly_unchanged|insufficient_data,decreased,committed,,,,,
hqa_CFQ_6aedbd76_masked,convfinqa,Single_RE/2016/page_40.pdf-4#turn0,what was the change in pre-tax catastrophe losses from 2015 to 2016?,"risks relating to our business fluctuations in the financial markets could result in investment losses . prolonged and severe disruptions in the overall public debt and equity markets , such as occurred during 2008 , could result in significant realized and unrealized losses in our investment portfo",directional_change,increased|decreased|roughly_unchanged|insufficient_data,insufficient_data,noncommitted,,,,,CONSTRUCTED - verify the masked evidence really cannot answer the question
hqa_CFQ_6afa9271,convfinqa,Single_ETR/2004/page_19.pdf-1#turn0,what is the net change in net revenue from 2003 to 2004?,"entergy corporation and subsidiaries management's financial discussion and analysis net revenue 2004 compared to 2003 net revenue , which is entergy's measure of gross margin , consists of operating revenues net of : 1 ) fuel , fuel-related , and purchased power expenses and 2 ) other regulatory cre",directional_change,increased|decreased|roughly_unchanged|insufficient_data,increased,committed,,,,,
hqa_CFQ_6b394026,convfinqa,Single_ABMD/2018/page_112.pdf-4#turn0,what is the net change in operating leases from 2019 to 2020?,"note 11 . commitments and contingencies commitments leases the company fffds corporate headquarters is located in danvers , massachusetts . this facility encompasses most of the company fffds u.s . operations , including research and development , manufacturing , sales and marketing and general and ",directional_change,increased|decreased|roughly_unchanged|insufficient_data,decreased,committed,,,,,
hqa_CFQ_6beeee9c,convfinqa,Double_KIM/2010/page_103.pdf#turn0,what was the change in the weighted average fair value of options granted throughout 2010?,"kimco realty corporation and subsidiaries notes to consolidated financial statements , continued other 2014 in connection with the construction of its development projects and related infrastructure , certain public agencies require posting of performance and surety bonds to guarantee that the compa",directional_change,increased|decreased|roughly_unchanged|insufficient_data,increased,committed,,,,,
hqa_CFQ_6c196d75,convfinqa,Single_IP/2006/page_84.pdf-2#turn0,what was the change in the net periodic pension expense from 2005 to 2006?,"institutions . international paper continually monitors its positions with and the credit quality of these financial institutions and does not expect non- performance by the counterparties . note 14 capital stock the authorized capital stock at both december 31 , 2006 and 2005 , consisted of 9908500",directional_change,increased|decreased|roughly_unchanged|insufficient_data,increased,committed,,,,,
hqa_CFQ_6c210aaa,convfinqa,Single_AMT/2007/page_99.pdf-3#turn0,what was the change in the total amount of accrued income tax-related interest and penalties included in other long-term liabilities during 2007?,"american tower corporation and subsidiaries notes to consolidated financial statements 2014 ( continued ) company is currently unable to estimate the impact of the amount of such changes , if any , to previously recorded uncertain tax positions . a reconciliation of the beginning and ending amount o",directional_change,increased|decreased|roughly_unchanged|insufficient_data,decreased,committed,,,,,
hqa_CFQ_6c7af678_masked,convfinqa,Single_GS/2012/page_196.pdf-1#turn1,"Conversation so far:
Q1: what was the difference in net unrecognized tax benefit values from 2011 to 2012?

Question: what is the percent change?","notes to consolidated financial statements the firm permanently reinvests eligible earnings of certain foreign subsidiaries and , accordingly , does not accrue any u.s . income taxes that would arise if such earnings were repatriated . as of december 2012 and december 2011 , this policy resulted in ",directional_change,increased|decreased|roughly_unchanged|insufficient_data,insufficient_data,noncommitted,,,,,CONSTRUCTED - verify the masked evidence really cannot answer the question
hqa_CFQ_6d2b5382,convfinqa,Single_ETR/2008/page_27.pdf-3#turn0,what was the net change in value of net revenue during 2008?,entergy corporation and subsidiaries management's financial discussion and analysis the expenses related to the voluntary severance program offered to employees . approximately 200 employees from the non-utility nuclear business and 150 employees in the utility business accepted the voluntary severa,directional_change,increased|decreased|roughly_unchanged|insufficient_data,decreased,committed,,,,,
hqa_CFQ_6e09e734_masked,convfinqa,Single_K/2012/page_80.pdf-1#turn0,what was the change in the total notional amount of the company's derivatives from 2011 to 2012?,"note 12 derivative instruments and fair value measurements the company is exposed to certain market risks such as changes in interest rates , foreign currency exchange rates , and commodity prices , which exist as a part of its ongoing business operations . management uses derivative financial and c",directional_change,increased|decreased|roughly_unchanged|insufficient_data,insufficient_data,noncommitted,,,,,CONSTRUCTED - verify the masked evidence really cannot answer the question
hqa_CFQ_6e99706b_masked,convfinqa,Single_L/2016/page_62.pdf-1#turn1,"Conversation so far:
Q1: what was the change in the value of the s&p index from 2011 to 2016?

Question: what is the percent change?","item 5 . market for the registrant 2019s common equity , related stockholder matters and issuer purchases of equity securities the following graph compares annual total return of our common stock , the standard & poor 2019s 500 composite stock index ( 201cs&p 500 index 201d ) and our peer group ( 20",directional_change,increased|decreased|roughly_unchanged|insufficient_data,insufficient_data,noncommitted,,,,,CONSTRUCTED - verify the masked evidence really cannot answer the question
hqa_CFQ_6f1f198a,convfinqa,Single_UNP/2013/page_78.pdf-4#turn0,what is the net change in value of rent expense for operating leases with terms exceeding one month from 2011 to 2012?,"on december 19 , 2011 , we redeemed the remaining $ 175 million of our 6.5% ( 6.5 % ) notes due april 15 , 2012 , and all $ 300 million of our outstanding 6.125% ( 6.125 % ) notes due january 15 , 2012 . the redemptions resulted in an early extinguishment charge of $ 5 million in the fourth quarter ",directional_change,increased|decreased|roughly_unchanged|insufficient_data,decreased,committed,,,,,
hqa_CFQ_6f42a843,convfinqa,Double_SWKS/2012/page_116.pdf#turn0,"what was the net change in unrecognized tax benefits from 2011 to 2012, in millions?","skyworks solutions , inc . notes to consolidated financial statements 2014 ( continued ) maintained a valuation allowance of $ 47.0 million . this valuation allowance is comprised of $ 33.6 million related to u.s . state tax credits , of which $ 3.6 million are state tax credits acquired from aati i",directional_change,increased|decreased|roughly_unchanged|insufficient_data,increased,committed,,,,,
hqa_CFQ_701b739f,convfinqa,Single_JKHY/2008/page_30.pdf-1#turn0,what is net change in cash and cash equivalents from 2007 to 2008?,l iquidity and capital resources we have historically generated positive cash flow from operations and have generally used funds generated from operations and short-term borrowings on our revolving credit facility to meet capital requirements . we expect this trend to continue in the future . the co,directional_change,increased|decreased|roughly_unchanged|insufficient_data,decreased,committed,,,,,
hqa_CFQ_71c9e928,convfinqa,Single_DRE/2009/page_36.pdf-2#turn0,what was the net change in the dividend payment from 2007 to 2008?,"34| | duke realty corporation annual report 2009 property investment we evaluate development and acquisition opportunities based upon market outlook , supply and long-term growth potential . our ability to make future property investments is dependent upon our continued access to our longer-term sou",directional_change,increased|decreased|roughly_unchanged|insufficient_data,increased,committed,,,,,
hqa_CFQ_71cbe4fc_masked,convfinqa,Double_STT/2009/page_122.pdf#turn1,"Conversation so far:
Q1: what was the change in the amount kept as collateral between 2008 and 2009?

Question: and the percentage change of this value?","note 10 . commitments and contingencies credit-related commitments and contingencies : credit-related financial instruments , which are off-balance sheet , include indemnified securities financing , unfunded commitments to extend credit or purchase assets , and standby letters of credit . the potent",directional_change,increased|decreased|roughly_unchanged|insufficient_data,insufficient_data,noncommitted,,,,,CONSTRUCTED - verify the masked evidence really cannot answer the question
hqa_CFQ_7220bdb5,convfinqa,Double_ADBE/2009/page_98.pdf#turn0,what is the net change in the balance of other assets from 2008 to 2009?,"adobe systems incorporated notes to consolidated financial statements ( continued ) note 8 . other assets other assets as of november 27 , 2009 and november 28 , 2008 consisted of the following ( in thousands ) : . | 2009 | 2008 acquired rights to use technology | $ 84313 | $ 90643 investments | 635",directional_change,increased|decreased|roughly_unchanged|insufficient_data,decreased,committed,,,,,
hqa_CFQ_72ebe479,convfinqa,Double_EW/2016/page_36.pdf#turn1,"Conversation so far:
Q1: what is the value of an investment in edwards lifesciences in 2016?

Question: what is the net change from the initial investment?","2mar201707015999 ( c ) in october 2016 , our accelerated share repurchase ( 2018 2018asr 2019 2019 ) agreement concluded and we received an additional 44 thousand shares of our common stock . shares purchased pursuant to the asr agreement are presented in the table above in the periods in which they",directional_change,increased|decreased|roughly_unchanged|insufficient_data,increased,committed,,,,,
hqa_CFQ_73b09f1c,convfinqa,Single_BLK/2017/page_81.pdf-4#turn0,what is the net change of the balance of cash and cash equivalents during 2017?,"sources of blackrock 2019s operating cash primarily include investment advisory , administration fees and securities lending revenue , performance fees , revenue from technology and risk management services , advisory and other revenue and distribution fees . blackrock uses its cash to pay all opera",directional_change,increased|decreased|roughly_unchanged|insufficient_data,increased,committed,,,,,
hqa_CFQ_75413309_masked,convfinqa,Double_FIS/2016/page_93.pdf#turn1,"Conversation so far:
Q1: as of december 31, 2016, what was the difference between the accumulated benefit obligation and the projected one?

Question: and from 2015 to that year, what was the change in the fair value of options?","fidelity national information services , inc . and subsidiaries notes to consolidated financial statements - ( continued ) ( a ) intrinsic value is based on a closing stock price as of december 31 , 2016 of $ 75.64 . | 2016 | 2015 | 2014 risk free interest rate | 1.2% ( 1.2 % ) | 1.4% ( 1.4 % ) | 1.",directional_change,increased|decreased|roughly_unchanged|insufficient_data,insufficient_data,noncommitted,,,,,CONSTRUCTED - verify the masked evidence really cannot answer the question
hqa_CFQ_7579c472,convfinqa,Double_AAPL/2012/page_24.pdf#turn0,what was the change in the performance price of the apple inc . from 2007 to 2012?,"company stock performance the following graph shows a five-year comparison of cumulative total shareholder return , calculated on a dividend reinvested basis , for the company , the s&p 500 composite index , the s&p computer hardware index , and the dow jones u.s . technology index . the graph assum",directional_change,increased|decreased|roughly_unchanged|insufficient_data,increased,committed,,,,,
hqa_CFQ_76164f50,convfinqa,Single_INTC/2018/page_48.pdf-2#turn1,"Conversation so far:
Q1: what was the change in net cash provided by operating activities between 2016 and 2017?

Question: what percentage change does this represent from 2016?","sources and uses of cash ( in millions ) in summary , our cash flows for each period were as follows : years ended ( in millions ) dec 29 , dec 30 , dec 31 . years ended ( in millions ) | dec 292018 | dec 302017 | dec 312016 net cash provided by operating activities | $ 29432 | $ 22110 | $ 21808 net",directional_change,increased|decreased|roughly_unchanged|insufficient_data,increased,committed,,,,,
hqa_CFQ_7677a7b6,convfinqa,Double_JKHY/2008/page_30.pdf#turn1,"Conversation so far:
Q1: what is the net change in the balance of cash and cash equivalents from 2007 to 2008?

Question: what percentage change does this represent?",l iquidity and capital resources we have historically generated positive cash flow from operations and have generally used funds generated from operations and short-term borrowings on our revolving credit facility to meet capital requirements . we expect this trend to continue in the future . the co,directional_change,increased|decreased|roughly_unchanged|insufficient_data,decreased,committed,,,,,
hqa_CFQ_782828a3_masked,convfinqa,Single_DISCA/2008/page_141.pdf-4#turn0,"what is the change in value of an investment in disca from sep 18 to dec 31, 2008?","2 0 0 8 a n n u a l r e p o r t stock performance graph the following graph sets forth the performance of our series a common , series b common stock , and series c common stock for the period september 18 , 2008 through december 31 , 2008 as compared with the performance of the standard and poor 20",directional_change,increased|decreased|roughly_unchanged|insufficient_data,insufficient_data,noncommitted,,,,,CONSTRUCTED - verify the masked evidence really cannot answer the question
hqa_CFQ_78436563,convfinqa,Double_DRE/2002/page_13.pdf#turn0,what was the change in the gain on land sales from 2001 to 2002?,management 2019s discussion and analysis of financial conditionand results of operations d u k e r e a l t y c o r p o r a t i o n 1 1 2 0 0 2 a n n u a l r e p o r t 2022 interest expense on the company 2019s secured debt decreased from $ 30.8 million in 2001 to $ 22.9 million in 2002 as the compan,directional_change,increased|decreased|roughly_unchanged|insufficient_data,decreased,committed,,,,,
hqa_CFQ_7897a7cc_masked,convfinqa,Double_AAPL/2011/page_24.pdf#turn0,what was the change in price for apple inc. between 9/30/11 and 9/30/06?,"company stock performance the following graph shows a five-year comparison of cumulative total shareholder return , calculated on a dividend reinvested basis , for the company , the s&p 500 composite index , the s&p computer hardware index , and the dow jones u.s . technology index . technology inde",directional_change,increased|decreased|roughly_unchanged|insufficient_data,insufficient_data,noncommitted,,,,,CONSTRUCTED - verify the masked evidence really cannot answer the question
hqa_CFQ_79a19255_masked,convfinqa,Single_AAP/2016/page_65.pdf-3#turn1,"Conversation so far:
Q1: what was the net change in inventory overhead costs, purchasing, and warehousing costs from 2015 to 2016?

Question: what is the percent change?","advance auto parts , inc . and subsidiaries notes to the consolidated financial statements december 31 , 2016 , january 2 , 2016 and january 3 , 2015 ( in thousands , except per share data ) 2 . inventories , net : merchandise inventory the company used the lifo method of accounting for approximatel",directional_change,increased|decreased|roughly_unchanged|insufficient_data,insufficient_data,noncommitted,,,,,CONSTRUCTED - verify the masked evidence really cannot answer the question
hqa_CFQ_7a5f9749,convfinqa,Single_UNP/2006/page_45.pdf-4#turn0,what was the net change in value of the open claims ending balance from 2005 to 2006?,"potentially responsible parties , and existing technology , laws , and regulations . the ultimate liability for remediation is difficult to determine because of the number of potentially responsible parties involved , site- specific cost sharing arrangements with other potentially responsible partie",directional_change,increased|decreased|roughly_unchanged|insufficient_data,decreased,committed,,,,,
hqa_CFQ_7a93cb3e,convfinqa,Single_LMT/2014/page_49.pdf-1#turn0,what was the change in net sales for mst from 2013 to 2014?,mission systems and training our mst business segment provides ship and submarine mission and combat systems ; mission systems and sensors for rotary and fixed-wing aircraft ; sea and land-based missile defense systems ; radar systems ; littoral combat ships ; simulation and training services ; and ,directional_change,increased|decreased|roughly_unchanged|insufficient_data,decreased,committed,,,,,
hqa_CFQ_7b91e943,convfinqa,Single_MAA/2017/page_89.pdf-2#turn0,what was the change in weighted average grant date fair value per share of restricted stock from 2016 to 2017?,"performance based restricted stock awards is generally recognized using the accelerated amortization method with each vesting tranche valued as a separate award , with a separate vesting date , consistent with the estimated value of the award at each period end . additionally , compensation expense ",directional_change,increased|decreased|roughly_unchanged|insufficient_data,increased,committed,,,,,
hqa_CFQ_7b933358,convfinqa,Single_GS/2012/page_50.pdf-2#turn0,what was the change in the number of staff from 2011 to 2012?,"management 2019s discussion and analysis net interest income 2012 versus 2011 . net interest income on the consolidated statements of earnings was $ 3.88 billion for 2012 , 25% ( 25 % ) lower than 2011 . the decrease compared with 2011 was primarily due to lower average yields on financial instrumen",directional_change,increased|decreased|roughly_unchanged|insufficient_data,decreased,committed,,,,,
hqa_CFQ_7c4f7b01,convfinqa,Single_CAT/2017/page_113.pdf-4#turn0,what is the net change of amortization expense from 2016 to 2017?,"92 | 2017 form 10-k finite-lived intangible assets are amortized over their estimated useful lives and tested for impairment if events or changes in circumstances indicate that the asset may be impaired . in 2016 , gross customer relationship intangibles of $ 96 million and related accumulated amort",directional_change,increased|decreased|roughly_unchanged|insufficient_data,decreased,committed,,,,,
hqa_CFQ_7c6b78bc_masked,convfinqa,Double_STT/2008/page_109.pdf#turn0,what is the currency exchange of cad to usd?,"as described above , the borrowings are extended on a non-recourse basis . as such , there is no credit or market risk exposure to us on the assets , and as a result the terms of the amlf permit exclusion of the assets from regulatory leverage and risk-based capital calculations . the interest rate ",directional_change,increased|decreased|roughly_unchanged|insufficient_data,insufficient_data,noncommitted,,,,,CONSTRUCTED - verify the masked evidence really cannot answer the question
hqa_CFQ_7c86e41a,convfinqa,Single_PPG/2012/page_76.pdf-4#turn0,what is the net change in value of sales of the commodity chemicals business that will be reclassified and reported as discontinued operations from 2011 to 2012?,"74 2012 ppg annual report and form 10-k 25 . separation and merger transaction on january , 28 , 2013 , the company completed the previously announced separation of its commodity chemicals business and merger of its wholly-owned subsidiary , eagle spinco inc. , with a subsidiary of georgia gulf corp",directional_change,increased|decreased|roughly_unchanged|insufficient_data,decreased,committed,,,,,
hqa_CFQ_7d101fd3_masked,convfinqa,Double_MRO/2012/page_41.pdf#turn0,what was the change in total revenue between 2011 and 2012?,"key operating and financial activities significant operating and financial activities during 2012 include : 2022 net proved reserve additions for the e&p and osm segments combined of 389 mmboe , for a 226 percent reserve replacement 2022 increased proved liquid hydrocarbon and synthetic crude oil re",directional_change,increased|decreased|roughly_unchanged|insufficient_data,insufficient_data,noncommitted,,,,,CONSTRUCTED - verify the masked evidence really cannot answer the question
hqa_CFQ_7d20ca53,convfinqa,Double_LMT/2014/page_47.pdf#turn0,what is the net change in net sales from 2012 to 2013?,"is&gs 2019 operating profit decreased $ 60 million , or 8% ( 8 % ) , for 2014 compared to 2013 . the decrease was primarily attributable to the activities mentioned above for sales , lower risk retirements and reserves recorded on an international program , partially offset by severance recoveries r",directional_change,increased|decreased|roughly_unchanged|insufficient_data,increased,committed,,,,,
hqa_CFQ_7d53deb9,convfinqa,Single_HST/2017/page_142.pdf-1#turn0,"what was the change in total cash paid for income taxes, net of refunds from 2015 to 2016, in millions?","host hotels & resorts , inc. , host hotels & resorts , l.p. , and subsidiaries notes to consolidated financial statements 2014 ( continued ) cash paid for income taxes , net of refunds received , was $ 40 million , $ 15 million , and $ 9 million in 2017 , 2016 , and 2015 , respectively . a reconcili",directional_change,increased|decreased|roughly_unchanged|insufficient_data,increased,committed,,,,,
hqa_CFQ_7d8c6cf9_masked,convfinqa,Single_AAPL/2012/page_64.pdf-1#turn1,"Conversation so far:
Q1: what was the difference in the beginning balance between 2011 and 2012?

Question: so what was the percentage change during this time?","the aggregate changes in the balance of gross unrecognized tax benefits , which excludes interest and penalties , for 2012 , 2011 , and 2010 , is as follows ( in millions ) : . | 2012 | 2011 | 2010 increases related to tax positions taken during a prior year | 340 | 49 | 61 decreases related to tax ",directional_change,increased|decreased|roughly_unchanged|insufficient_data,insufficient_data,noncommitted,,,,,CONSTRUCTED - verify the masked evidence really cannot answer the question
hqa_CFQ_7dbf899b,convfinqa,Single_ECL/2017/page_95.pdf-4#turn0,what was the net change in value of the balance of gross liability for unrecognized tax benefits from 2016 to 2017?,"the company 2019s 2017 reported tax rate includes $ 160.9 million of net tax benefits associated with the tax act , $ 6.2 million of net tax benefits on special gains and charges , and net tax benefits of $ 25.3 million associated with discrete tax items . in connection with the company 2019s initia",directional_change,increased|decreased|roughly_unchanged|insufficient_data,decreased,committed,,,,,
hqa_CFQ_7dff41d9,convfinqa,Single_AES/2000/page_111.pdf-4#turn0,what is the net change in revenue from 1998 to 1999?,"a e s 2 0 0 0 f i n a n c i a l r e v i e w in may 2000 , a subsidiary of the company acquired an additional 5% ( 5 % ) of the preferred , non-voting shares of eletropaulo for approximately $ 90 million . in january 2000 , 59% ( 59 % ) of the preferred non-voting shares were acquired for approximate",directional_change,increased|decreased|roughly_unchanged|insufficient_data,decreased,committed,,,,,
hqa_CFQ_7f731a74_masked,convfinqa,Single_AAL/2015/page_51.pdf-3#turn0,what was the change in value of american airlines stock over the 4 year period?,"table of contents capital deployment program will be subject to market and economic conditions , applicable legal requirements and other relevant factors . our capital deployment program does not obligate us to continue a dividend for any fixed period , and payment of dividends may be suspended at a",directional_change,increased|decreased|roughly_unchanged|insufficient_data,insufficient_data,noncommitted,,,,,CONSTRUCTED - verify the masked evidence really cannot answer the question
hqa_CFQ_7fe8ee45,convfinqa,Single_ADBE/2003/page_111.pdf-2#turn1,"Conversation so far:
Q1: what was the difference in advertising expense between 2001 and 2002?

Question: and the growth rate during this time?","guarantees we adopted fasb interpretation no . 45 ( 201cfin 45 201d ) , 201cguarantor 2019s accounting and disclosure requirements for guarantees , including indirect guarantees of indebtedness of others 201d at the beginning of our fiscal 2003 . see 201crecent accounting pronouncements 201d for fur",directional_change,increased|decreased|roughly_unchanged|insufficient_data,decreased,committed,,,,,
hqa_CFQ_80b8f118_masked,convfinqa,Single_FIS/2017/page_14.pdf-1#turn1,"Conversation so far:
Q1: what was the net change in revenues generated by the fis segment from 2016 to 2017?

Question: what is the percent change?","2022 expand client relationships - the overall market we serve continues to gravitate beyond single-application purchases to multi-solution partnerships . as the market dynamics shift , we expect our clients and prospects to rely more on our multidimensional service offerings . our leveraged solutio",directional_change,increased|decreased|roughly_unchanged|insufficient_data,insufficient_data,noncommitted,,,,,CONSTRUCTED - verify the masked evidence really cannot answer the question
hqa_CFQ_80c46a0e,convfinqa,Single_GIS/2017/page_86.pdf-4#turn0,what was the net change in operating leases from 2017 to 2018?,able to reasonably estimate the timing of future cash flows beyond 12 months due to uncertainties in the timing of tax audit outcomes . the remaining amount of our unrecognized tax liability was classified in other liabilities . we report accrued interest and penalties related to unrecognized tax be,directional_change,increased|decreased|roughly_unchanged|insufficient_data,decreased,committed,,,,,
hqa_CFQ_80d0cffd,convfinqa,Single_ETR/2011/page_316.pdf-4#turn0,what was the change in the net revenue from 2010 to 2011?,"entergy louisiana , llc and subsidiaries management 2019s financial discussion and analysis plan to spin off the utility 2019s transmission business see the 201cplan to spin off the utility 2019s transmission business 201d section of entergy corporation and subsidiaries management 2019s financial di",directional_change,increased|decreased|roughly_unchanged|insufficient_data,decreased,committed,,,,,
hqa_CFQ_8142350c,convfinqa,Single_AWK/2018/page_150.pdf-1#turn1,"Conversation so far:
Q1: what is the change in value of intrinsic value from 2016 to 2018?

Question: what percentage change does this represent?",the following table provides the weighted average assumptions used in the black-scholes option-pricing model for grants and the resulting weighted average grant date fair value per share of stock options granted for the years ended december 31: . | 2018 | 2017 | 2016 intrinsic value | $ 9 | $ 10 | $,directional_change,increased|decreased|roughly_unchanged|insufficient_data,decreased,committed,,,,,
hqa_CFQ_81a94134,convfinqa,Double_PPG/2011/page_28.pdf#turn0,what was the change in trade receivables from customers between 2010 and 2011?,"liquidity and capital resources during the past three years , we had sufficient financial resources to meet our operating requirements , to fund our capital spending , share repurchases and pension plans and to pay increasing dividends to our shareholders . cash from operating activities was $ 1436 ",directional_change,increased|decreased|roughly_unchanged|insufficient_data,decreased,committed,,,,,
hqa_CFQ_8228a98b,convfinqa,Single_C/2010/page_284.pdf-3#turn0,what was the change in the credit commitments and lines of credit for citigroup 2019s from 2009 to 2010?,"credit commitments and lines of credit the table below summarizes citigroup 2019s credit commitments as of december 31 , 2010 and december 31 , 2009: . in millions of dollars | december 31 2010 u.s . | december 31 2010 outside of u.s . | december 31 2010 total | december 31 2009 commercial and simil",directional_change,increased|decreased|roughly_unchanged|insufficient_data,decreased,committed,,,,,
hqa_CFQ_838c7659,convfinqa,Single_ZBH/2008/page_86.pdf-4#turn1,"Conversation so far:
Q1: what is the net change in total rent expense from 2007 to 2008?

Question: what percentage change does this represent?","depreciation and amortization included in operating segment profit for the years ended december 31 , 2008 , 2007 and 2006 was as follows ( in millions ) : . | 2008 | 2007 | 2006 americas | $ 78.5 | $ 66.9 | $ 56.7 europe | 57.0 | 60.7 | 46.5 asia pacific | 25.6 | 22.7 | 18.7 global operations and co",directional_change,increased|decreased|roughly_unchanged|insufficient_data,increased,committed,,,,,
hqa_CFQ_8417ea20,convfinqa,Single_ETR/2011/page_358.pdf-1#turn0,what was the net change in value of net revenues from 2010 to 2011?,"entergy new orleans , inc . management 2019s financial discussion and analysis plan to spin off the utility 2019s transmission business see the 201cplan to spin off the utility 2019s transmission business 201d section of entergy corporation and subsidiaries management 2019s financial discussion and ",directional_change,increased|decreased|roughly_unchanged|insufficient_data,decreased,committed,,,,,
hqa_CFQ_847e456a,convfinqa,Double_DISCA/2018/page_39.pdf#turn0,what is the net change in value of an investment in disca from 2013 to 2018?,"stock performance graph the following graph sets forth the cumulative total shareholder return on our series a common stock , series b common stock and series c common stock as compared with the cumulative total return of the companies listed in the standard and poor 2019s 500 stock index ( 201cs&p ",directional_change,increased|decreased|roughly_unchanged|insufficient_data,decreased,committed,,,,,
hqa_CFQ_84869786,convfinqa,Double_AON/2007/page_185.pdf#turn0,what was the change in the future minimum rental payments from 2008 to 2009?,"notes to consolidated financial statements at december 31 , 2007 , future minimum rental payments required under operating leases for continuing operations that have initial or remaining noncancelable lease terms in excess of one year , net of sublease rental income , most of which pertain to real e",directional_change,increased|decreased|roughly_unchanged|insufficient_data,decreased,committed,,,,,
hqa_CFQ_85ace0ea,convfinqa,Single_ETR/2016/page_18.pdf-1#turn1,"Conversation so far:
Q1: what is the change in net revenue from 2015 to 2016?

Question: what growth rate does this represent?","entergy corporation and subsidiaries management 2019s financial discussion and analysis combination . consistent with the terms of the stipulated settlement in the business combination proceeding , electric customers of entergy louisiana will realize customer credits associated with the business com",directional_change,increased|decreased|roughly_unchanged|insufficient_data,decreased,committed,,,,,
hqa_CFQ_85cb938c_masked,convfinqa,Single_LKQ/2018/page_102.pdf-2#turn1,"Conversation so far:
Q1: what was the rental expense in 2018 less that in 2017?

Question: what is the percent change?","business subsequent to the acquisition . the liabilities for these payments are classified as level 3 liabilities because the related fair value measurement , which is determined using an income approach , includes significant inputs not observable in the market . financial assets and liabilities no",directional_change,increased|decreased|roughly_unchanged|insufficient_data,insufficient_data,noncommitted,,,,,CONSTRUCTED - verify the masked evidence really cannot answer the question
hqa_CFQ_8635ffc8,convfinqa,Single_CB/2010/page_114.pdf-4#turn0,what is the net change in shareholders 2019 equity during 2010?,"the following table reports the significant movements in our shareholders 2019 equity for the year ended december 31 , 2010. . ( in millions of u.s . dollars ) | 2010 balance beginning of year | $ 19667 net income | 3108 dividends declared on common shares | -443 ( 443 ) change in net unrealized app",directional_change,increased|decreased|roughly_unchanged|insufficient_data,increased,committed,,,,,
hqa_CFQ_8679c5be,convfinqa,Single_PPG/2013/page_76.pdf-1#turn0,what was the change in net sales from 2012 to 2013?,"74 2013 ppg annual report and form 10-k 22 . separation and merger transaction on january 28 , 2013 , the company completed the previously announced separation of its commodity chemicals business and merger of its wholly-owned subsidiary , eagle spinco inc. , with a subsidiary of georgia gulf corpor",directional_change,increased|decreased|roughly_unchanged|insufficient_data,decreased,committed,,,,,
hqa_CFQ_870de807,convfinqa,Single_JPM/2015/page_77.pdf-5#turn0,what is the change in value of the s&p from 2010 to 2015?,"jpmorgan chase & co./2015 annual report 67 five-year stock performance the following table and graph compare the five-year cumulative total return for jpmorgan chase & co . ( 201cjpmorgan chase 201d or the 201cfirm 201d ) common stock with the cumulative return of the s&p 500 index , the kbw bank in",directional_change,increased|decreased|roughly_unchanged|insufficient_data,increased,committed,,,,,
hqa_CFQ_8860f9ff,convfinqa,Single_ANSS/2008/page_85.pdf-3#turn0,what was the net change in unrecognized tax benefits during 2008?,the following is a reconciliation of the total amounts of unrecognized tax benefits for the year : ( in thousands ) . unrecognized tax benefit 2014january 1 2008 | $ 7928 ansoft unrecognized tax benefit 2014acquired july 31 2008 | 3525 gross increases 2014tax positions in prior period | 2454 gross d,directional_change,increased|decreased|roughly_unchanged|insufficient_data,increased,committed,,,,,
hqa_CFQ_88661258,convfinqa,Single_AAL/2015/page_51.pdf-2#turn0,what was the change on the amex airline index from 2013 to 2014?,"table of contents capital deployment program will be subject to market and economic conditions , applicable legal requirements and other relevant factors . our capital deployment program does not obligate us to continue a dividend for any fixed period , and payment of dividends may be suspended at a",directional_change,increased|decreased|roughly_unchanged|insufficient_data,increased,committed,,,,,
hqa_CFQ_88a38c54,convfinqa,Single_RE/2010/page_138.pdf-3#turn0,what was the net change in value of unrecognized tax benefits in 2009?,"a reconciliation of the beginning and ending amount of unrecognized tax benefits , for the periods indicated , is as follows: . ( dollars in thousands ) | 2010 | 2009 | 2008 balance at january 1 | $ 29010 | $ 34366 | $ 29132 additions based on tax positions related to the current year | 7119 | 6997 ",directional_change,increased|decreased|roughly_unchanged|insufficient_data,decreased,committed,,,,,
hqa_CFQ_893fb41a_masked,convfinqa,Single_VLO/2016/page_23.pdf-3#turn0,what was the net change in shares purchased as part of publicly announced plans from nov 2016 to dec 2016?,table of contents the following table discloses purchases of shares of our common stock made by us or on our behalf during the fourth quarter of 2016 . period total number of shares purchased average price paid per share total number of shares not purchased as part of publicly announced plans or pro,directional_change,increased|decreased|roughly_unchanged|insufficient_data,insufficient_data,noncommitted,,,,,CONSTRUCTED - verify the masked evidence really cannot answer the question
hqa_CFQ_8a8b8535,convfinqa,Single_MO/2017/page_65.pdf-4#turn0,what is the net change in earnings attributable to altria group from 2016 to 2017?,"10-k altria ar release tuesday , february 27 , 2018 10:00pm andra design llc performance stock units : in january 2017 , altria group , inc . granted an aggregate of 187886 performance stock units to eligible employees . the payout of the performance stock units requires the achievement of certain p",directional_change,increased|decreased|roughly_unchanged|insufficient_data,decreased,committed,,,,,
hqa_CFQ_8b01f9d0_masked,convfinqa,Double_WELL/2017/page_116.pdf#turn0,what is the change in the balance valuation allowance rollforward during 2017 as a percentage of the beginning balance in that year?,welltower inc . notes to consolidated financial statements is no longer present ( and additional weight may be given to subjective evidence such as our projections for growth ) . the valuation allowance rollforward is summarized as follows for the periods presented ( in thousands ) : year ended dece,directional_change,increased|decreased|roughly_unchanged|insufficient_data,insufficient_data,noncommitted,,,,,CONSTRUCTED - verify the masked evidence really cannot answer the question
hqa_CFQ_8b120e38,convfinqa,Single_AWK/2015/page_109.pdf-3#turn0,what was the change in operating profits from 2013 to 2014?,"during 2014 , the company closed on thirteen acquisitions of various regulated water and wastewater systems for a total aggregate purchase price of $ 9 . assets acquired , principally plant , totaled $ 17 . liabilities assumed totaled $ 8 , including $ 5 of contributions in aid of construction and a",directional_change,increased|decreased|roughly_unchanged|insufficient_data,decreased,committed,,,,,
hqa_CFQ_8b8b76bb,convfinqa,Double_GS/2012/page_50.pdf#turn1,"Conversation so far:
Q1: what is the net change in total operating expenses in 2012?

Question: what percentage change does this represent?","management 2019s discussion and analysis net interest income 2012 versus 2011 . net interest income on the consolidated statements of earnings was $ 3.88 billion for 2012 , 25% ( 25 % ) lower than 2011 . the decrease compared with 2011 was primarily due to lower average yields on financial instrumen",directional_change,increased|decreased|roughly_unchanged|insufficient_data,increased,committed,,,,,
hqa_CFQ_8b9c3af4,convfinqa,Double_CDNS/2016/page_76.pdf#turn0,what was the change in gross carrying amount from the beginning of 2015 to the end of 2016?,results of operations and the estimated fair value of acquired assets and assumed liabilities are recorded in the consolidated financial statements from the date of acquisition . pro forma results of operations for the business combinations completed during fiscal 2016 have not been presented becaus,directional_change,increased|decreased|roughly_unchanged|insufficient_data,increased,committed,,,,,
hqa_CFQ_8bd6d28a,convfinqa,Single_ABMD/2015/page_53.pdf-4#turn0,what is the net change in price of the nasdaq composite index from 2010 to 2013?,"performance graph the following graph compares the yearly change in the cumulative total stockholder return for our last five full fiscal years , based upon the market price of our common stock , with the cumulative total return on a nasdaq composite index ( u.s . companies ) and a peer group , the ",directional_change,increased|decreased|roughly_unchanged|insufficient_data,increased,committed,,,,,
hqa_CFQ_8c2877b0,convfinqa,Double_HFC/2011/page_92.pdf#turn0,what is the net change in the performance shares outstanding during 2011?,"during the year ended december 31 , 2011 , we granted 354660 performance share units having a fair value based on our grant date closing stock price of $ 28.79 . these units are payable in stock and are subject to certain financial performance criteria . the fair value of these performance share uni",directional_change,increased|decreased|roughly_unchanged|insufficient_data,increased,committed,,,,,
hqa_CFQ_8c546210,convfinqa,Single_HFC/2011/page_92.pdf-1#turn0,what was the change in the total of performance shares outstanding during 2011?,"during the year ended december 31 , 2011 , we granted 354660 performance share units having a fair value based on our grant date closing stock price of $ 28.79 . these units are payable in stock and are subject to certain financial performance criteria . the fair value of these performance share uni",directional_change,increased|decreased|roughly_unchanged|insufficient_data,increased,committed,,,,,
hqa_CFQ_8cf87ef7,convfinqa,Single_CME/2017/page_99.pdf-6#turn1,"Conversation so far:
Q1: what is the net change in the balance of outstanding number of shares during 2017?

Question: what percentage change does this represent?","in 2017 , the company granted 440076 shares of restricted class a common stock and 7568 shares of restricted stock units . restricted common stock and restricted stock units generally have a vesting period of two to four years . the fair value related to these grants was $ 58.7 million , which is re",directional_change,increased|decreased|roughly_unchanged|insufficient_data,decreased,committed,,,,,
hqa_CFQ_8d066153,convfinqa,Single_DISCA/2017/page_41.pdf-3#turn1,"Conversation so far:
Q1: what is the net change in the value of an investment on disca common stock from 2012 to 2017?

Question: what percentage change does this represent?","part ii item 5 . market for registrant 2019s common equity , related stockholder matters and issuer purchases of equity securities . our series a common stock , series b common stock and series c common stock are listed and traded on the nasdaq global select market ( 201cnasdaq 201d ) under the symb",directional_change,increased|decreased|roughly_unchanged|insufficient_data,decreased,committed,,,,,
hqa_CFQ_8d21e54d,convfinqa,Single_AMT/2008/page_34.pdf-1#turn0,what is the net change in the average price for repurchased shares from october to december 2008?,"act of 1933 , as amended , and section 1145 of the united states code . no underwriters were engaged in connection with such issuances . during the three months ended december 31 , 2008 , we issued an aggregate of 7173456 shares of our common stock upon conversion of $ 147.1 million principal amount",directional_change,increased|decreased|roughly_unchanged|insufficient_data,decreased,committed,,,,,
hqa_CFQ_8d9ea0d0,convfinqa,Single_JPM/2013/page_124.pdf-2#turn1,"Conversation so far:
Q1: what is the net value change in loans reported from 2012 to 2013?

Question: what is the percent change from 2012 to 2013?",management 2019s discussion and analysis 130 jpmorgan chase & co./2013 annual report wholesale credit portfolio the wholesale credit environment remained favorable throughout 2013 driving an increase in commercial client activity . discipline in underwriting across all areas of lending continues to ,directional_change,increased|decreased|roughly_unchanged|insufficient_data,increased,committed,,,,,
hqa_CFQ_8f75ba7a,convfinqa,Double_ADBE/2014/page_47.pdf#turn1,"Conversation so far:
Q1: what was the change in percentage points of data center cost between the years of 2014-13 and 2013-12?

Question: for the same years, what was the change in percentage points of depreciation expense?","subscription cost of subscription revenue consists of third-party royalties and expenses related to operating our network infrastructure , including depreciation expenses and operating lease payments associated with computer equipment , data center costs , salaries and related expenses of network op",directional_change,increased|decreased|roughly_unchanged|insufficient_data,roughly_unchanged,noncommitted,,,,,
hqa_CFQ_8fec510d_masked,convfinqa,Single_TSCO/2017/page_73.pdf-2#turn0,what was the change in the company's goodwill balance between the beginning of 2016 and the end of 2017?,"note 4 - goodwill and other intangible assets : goodwill the company had approximately $ 93.2 million and $ 94.4 million of goodwill at december 30 , 2017 and december 31 , 2016 , respectively . the changes in the carrying amount of goodwill for the years ended december 30 , 2017 and december 31 , 2",directional_change,increased|decreased|roughly_unchanged|insufficient_data,insufficient_data,noncommitted,,,,,CONSTRUCTED - verify the masked evidence really cannot answer the question
hqa_CFQ_90307e37,convfinqa,Single_SNA/2013/page_59.pdf-1#turn1,"Conversation so far:
Q1: what was the difference in cash dividends paid per common share between 2012 and 2013?

Question: and the growth rate?","net cash used by investing activities in 2013 also included $ 38.2 million for the may 13 , 2013 acquisition of challenger . see note 2 to the consolidated financial statements for information on the challenger acquisition . capital expenditures in 2013 , 2012 and 2011 totaled $ 70.6 million , $ 79.",directional_change,increased|decreased|roughly_unchanged|insufficient_data,increased,committed,,,,,
hqa_CFQ_9079c16d,convfinqa,Single_ETR/2016/page_444.pdf-1#turn1,"Conversation so far:
Q1: what is the net change in value of the system energy 2019s receivable from the money pool from 2015 to 2016?

Question: what is the percent change?","system energy resources , inc . management 2019s financial discussion and analysis also in addition to the contractual obligations , system energy has $ 382.3 million of unrecognized tax benefits and interest net of unused tax attributes and payments for which the timing of payments beyond 12 months",directional_change,increased|decreased|roughly_unchanged|insufficient_data,decreased,committed,,,,,
hqa_CFQ_9128d0f2_masked,convfinqa,Single_CB/2008/page_216.pdf-1#turn0,what was the change in the number of common shares authorized to be issued under the 2004 ltip?,n o t e s t o c o n s o l i d a t e d f i n a n c i a l s t a t e m e n t s ( continued ) ace limited and subsidiaries share-based compensation expense for stock options and shares issued under the employee stock purchase plan ( espp ) amounted to $ 24 million ( $ 22 million after tax or $ 0.07 per ,directional_change,increased|decreased|roughly_unchanged|insufficient_data,insufficient_data,noncommitted,,,,,CONSTRUCTED - verify the masked evidence really cannot answer the question
hqa_CFQ_925226f7,convfinqa,Double_FIS/2010/page_93.pdf#turn0,what was the change in the fair value of the options from 2009 to 2010?,"the weighted average fair value of options granted during 2010 , 2009 and 2008 was estimated to be $ 7.84 , $ 7.18 and $ 3.84 , respectively , using the black-scholes option pricing model with the assumptions below: . | 2010 | 2009 | 2008 risk free interest rate | 1.1% ( 1.1 % ) | 2.3% ( 2.3 % ) | 2",directional_change,increased|decreased|roughly_unchanged|insufficient_data,increased,committed,,,,,
hqa_CFQ_932a0cc9,convfinqa,Single_ADBE/2011/page_101.pdf-3#turn1,"Conversation so far:
Q1: what was the change in the balance of unrecognized tax benefits during 2011?

Question: what is the percent change?","a valuation allowance has been established for certain deferred tax assets related to the impairment of investments . accounting for uncertainty in income taxes during fiscal 2011 and 2010 , our aggregate changes in our total gross amount of unrecognized tax benefits are summarized as follows ( in t",directional_change,increased|decreased|roughly_unchanged|insufficient_data,increased,committed,,,,,
hqa_CFQ_933452ee,convfinqa,Single_LMT/2014/page_46.pdf-1#turn1,"Conversation so far:
Q1: what was the difference in net sales from 2012 to 2013?

Question: what was the percent change?",decreased production volume as final aircraft deliveries were completed during the second quarter of 2012 and $ 50 million from the favorable resolution of a contractual matter during the second quarter of 2012 ; and about $ 270 million for various other programs ( primarily sustainment activities ),directional_change,increased|decreased|roughly_unchanged|insufficient_data,decreased,committed,,,,,
hqa_CFQ_952e2e77,convfinqa,Single_ETR/2017/page_19.pdf-1#turn0,what was the change in value from net revenues from 2016 to 2017?,"results of operations for 2016 include : 1 ) $ 2836 million ( $ 1829 million net-of-tax ) of impairment and related charges primarily to write down the carrying values of the entergy wholesale commodities 2019 palisades , indian point 2 , and indian point 3 plants and related assets to their fair va",directional_change,increased|decreased|roughly_unchanged|insufficient_data,increased,committed,,,,,
hqa_CFQ_959f4375_masked,convfinqa,Single_ETR/2017/page_19.pdf-3#turn0,what was the change in the net revenue from 2016 to 2017?,"results of operations for 2016 include : 1 ) $ 2836 million ( $ 1829 million net-of-tax ) of impairment and related charges primarily to write down the carrying values of the entergy wholesale commodities 2019 palisades , indian point 2 , and indian point 3 plants and related assets to their fair va",directional_change,increased|decreased|roughly_unchanged|insufficient_data,insufficient_data,noncommitted,,,,,CONSTRUCTED - verify the masked evidence really cannot answer the question
hqa_CFQ_960d20fc,convfinqa,Single_CAT/2017/page_69.pdf-2#turn1,"Conversation so far:
Q1: what was the total of pension and opb contributions in 2017, in millions?

Question: and what was the change in that total from 2017 to 2018?",between the actual return on plan assets compared to the expected return on plan assets ( u.s . pension plans had an actual rate of return of 7.8 percent compared to an expected rate of return of 6.9 percent ) . 2022 2015 net mark-to-market loss of $ 179 million - primarily due to the difference bet,directional_change,increased|decreased|roughly_unchanged|insufficient_data,decreased,committed,,,,,
hqa_CFQ_960eb201,convfinqa,Single_KIM/2010/page_86.pdf-2#turn0,what is the net change in value of expenses incurred due to subleasing in 2010?,"kimco realty corporation and subsidiaries notes to consolidated financial statements , continued investment in retail store leases 2014 the company has interests in various retail store leases relating to the anchor store premises in neighborhood and community shopping centers . these premises have ",directional_change,increased|decreased|roughly_unchanged|insufficient_data,decreased,committed,,,,,
hqa_CFQ_9621ac0e,convfinqa,Single_AMAT/2014/page_37.pdf-1#turn1,"Conversation so far:
Q1: what was the price of applied materials as of 10/28/12?

Question: and the change in price between then and the original investment?","performance graph the performance graph below shows the five-year cumulative total stockholder return on applied common stock during the period from october 25 , 2009 through october 26 , 2014 . this is compared with the cumulative total return of the standard & poor 2019s 500 stock index and the rd",directional_change,increased|decreased|roughly_unchanged|insufficient_data,decreased,committed,,,,,
hqa_CFQ_964d24ce,convfinqa,Single_AAPL/2011/page_38.pdf-2#turn0,what is the change in annual operating cash flow from 2009 to 2010?,"35% ( 35 % ) due primarily to certain undistributed foreign earnings for which no u.s . taxes are provided because such earnings are intended to be indefinitely reinvested outside the u.s . as of september 24 , 2011 , the company had deferred tax assets arising from deductible temporary differences ",directional_change,increased|decreased|roughly_unchanged|insufficient_data,increased,committed,,,,,
hqa_CFQ_96cf06ab,convfinqa,Single_LMT/2010/page_36.pdf-2#turn0,what what the net change in operating income from 2009 to 2010?,"the aeronautics segment generally includes fewer programs that have much larger sales and operating results than programs included in the other segments . due to the large number of comparatively smaller programs in the remaining segments , the discussion of the results of operations of those busine",directional_change,increased|decreased|roughly_unchanged|insufficient_data,decreased,committed,,,,,
hqa_CFQ_972552f7,convfinqa,Single_GIS/2019/page_33.pdf-2#turn0,what was the change in the cash provided by operations from 2018 to 2019?,"liquidity the primary source of our liquidity is cash flow from operations . over the most recent two-year period , our operations have generated $ 5.6 billion in cash . a substantial portion of this operating cash flow has been returned to shareholders through share repurchases and dividends . we a",directional_change,increased|decreased|roughly_unchanged|insufficient_data,decreased,committed,,,,,
hqa_CFQ_9779079e,convfinqa,Single_AMT/2002/page_74.pdf-1#turn0,what was the change in 401 ( k ) contributions from 2000 to 2001?,american tower corporation and subsidiaries notes to consolidated financial statements 2014 ( continued ) the following table illustrates the effect on net loss and net loss per share if the company had applied the fair value recognition provisions of sfas no . 123 to stock-based compensation . the ,directional_change,increased|decreased|roughly_unchanged|insufficient_data,decreased,committed,,,,,
hqa_CFQ_9781ae23,convfinqa,Single_ETR/2015/page_18.pdf-3#turn0,"what was the change in net sales for entergy wholesale commodities from the year of 2014 to 2015, in millions?","entergy corporation and subsidiaries management 2019s financial discussion and analysis the miso deferral variance is primarily due to the deferral in 2014 of non-fuel miso-related charges , as approved by the lpsc and the mpsc . the deferral of non-fuel miso-related charges is partially offset in o",directional_change,increased|decreased|roughly_unchanged|insufficient_data,decreased,committed,,,,,
hqa_CFQ_97a0ea31,convfinqa,Single_SNA/2007/page_47.pdf-2#turn0,what was the change in value of total current liabilities from 2006 to 2007?,"2007 annual report 39 corporate snap-on 2019s general corporate expenses totaled $ 53.8 million in 2006 , up from $ 46.4 million in 2005 , primarily due to $ 15.2 million of increased stock-based and performance-based incentive compensation , including $ 6.3 million from the january 1 , 2006 , adopt",directional_change,increased|decreased|roughly_unchanged|insufficient_data,decreased,committed,,,,,
hqa_CFQ_9872f6dd,convfinqa,Single_AAL/2017/page_10.pdf-3#turn0,what was the change in the average price per gallon of aircraft fuel from the year of 2016 to 2017?,"( 2 ) our union-represented mainline employees are covered by agreements that are not currently amendable . joint collective bargaining agreements ( jcbas ) have been reached with post-merger employee groups , except the maintenance , fleet service , stock clerks , maintenance control technicians an",directional_change,increased|decreased|roughly_unchanged|insufficient_data,increased,committed,,,,,
hqa_CFQ_98951c6e,convfinqa,Single_BKR/2018/page_105.pdf-3#turn1,"Conversation so far:
Q1: what is the net change in fair value per share from 2017 to 2018?

Question: what is the percent change?","bhge 2018 form 10-k | 85 it is expected that the amount of unrecognized tax benefits will change in the next twelve months due to expiring statutes , audit activity , tax payments , and competent authority proceedings related to transfer pricing or final decisions in matters that are the subject of ",directional_change,increased|decreased|roughly_unchanged|insufficient_data,decreased,committed,,,,,
hqa_CFQ_99a00b95,convfinqa,Single_ADI/2016/page_79.pdf-2#turn0,what was the change in the total grant-date fair value of shares vested from 2015 to 2016?,"analog devices , inc . notes to consolidated financial statements 2014 ( continued ) the total intrinsic value of options exercised ( i.e . the difference between the market price at exercise and the price paid by the employee to exercise the options ) during fiscal 2016 , 2015 and 2014 was $ 46.6 m",directional_change,increased|decreased|roughly_unchanged|insufficient_data,decreased,committed,,,,,
hqa_CFQ_99feca38,convfinqa,Single_AON/2010/page_55.pdf-3#turn1,"Conversation so far:
Q1: what was the difference in operating income between 2009 and 2010?

Question: and the growth rate during this time?","hr solutions . years ended december 31, | 2010 | 2009 | 2008 revenue | $ 2111 | $ 1267 | $ 1356 operating income | 234 | 203 | 208 operating margin | 11.1% ( 11.1 % ) | 16.0% ( 16.0 % ) | 15.3% ( 15.3 % ) in october 2010 , we completed the acquisition of hewitt , one of the world 2019s leading human",directional_change,increased|decreased|roughly_unchanged|insufficient_data,increased,committed,,,,,
hqa_CFQ_9a35d2bf,convfinqa,Single_RSG/2008/page_141.pdf-1#turn0,what is the net change in estimated future pension benefit payments from 2011 to 2012?,estimated future pension benefit payments for the next ten years under the plan ( in millions ) are as follows : estimated future payments: . 2009 | $ 14.9 2010 | 15.9 2011 | 16.2 2012 | 19.2 2013 | 21.9 2014 through 2018 | 142.2 bfi post retirement healthcare plan we acquired obligations under the ,directional_change,increased|decreased|roughly_unchanged|insufficient_data,increased,committed,,,,,
hqa_CFQ_9a482855,convfinqa,Double_GIS/2018/page_39.pdf#turn1,"Conversation so far:
Q1: what was the change in net earnings including earnings attributable to redeemable and non-controlling interests between 2017 and 2018?

Question: and the percentage change of this value?",cash flows from operations . in millions | fiscal year 2018 | fiscal year 2017 | fiscal year 2016 net earnings including earnings attributable to redeemable and noncontrollinginterests | $ 2163.0 | $ 1701.1 | $ 1736.8 depreciation and amortization | 618.8 | 603.6 | 608.1 after-taxearnings from joint,directional_change,increased|decreased|roughly_unchanged|insufficient_data,increased,committed,,,,,
hqa_CFQ_9a8656c6_masked,convfinqa,Single_LMT/2012/page_45.pdf-1#turn0,what is the change in operating profit from 2010 to 2011?,"2011 compared to 2010 is&gs 2019 net sales for 2011 decreased $ 540 million , or 5% ( 5 % ) , compared to 2010 . the decrease primarily was attributable to lower volume of approximately $ 665 million due to the absence of the dris program that supported the 2010 u.s . census and a decline in activit",directional_change,increased|decreased|roughly_unchanged|insufficient_data,insufficient_data,noncommitted,,,,,CONSTRUCTED - verify the masked evidence really cannot answer the question
hqa_CFQ_9a8733dd,convfinqa,Double_AWK/2012/page_118.pdf#turn0,what was the net change in tax positions throughout 2010?,the following table summarizes the changes in the company 2019s valuation allowance: . balance at january 1 2010 | $ 25621 increases in current period tax positions | 907 decreases in current period tax positions | -2740 ( 2740 ) balance at december 31 2010 | $ 23788 increases in current period tax ,directional_change,increased|decreased|roughly_unchanged|insufficient_data,decreased,committed,,,,,
hqa_CFQ_9b784a4a,convfinqa,Single_BLK/2016/page_79.pdf-1#turn0,what is the net change in value of total liquidity resources from 2015 to 2016?,"sources of blackrock 2019s operating cash primarily include investment advisory , administration fees and securities lending revenue , performance fees , revenue from blackrock solutions and advisory products and services , other revenue and distribution fees . blackrock uses its cash to pay all ope",directional_change,increased|decreased|roughly_unchanged|insufficient_data,increased,committed,,,,,
hqa_CFQ_9bb7a30d,convfinqa,Single_ADI/2011/page_74.pdf-1#turn0,what was the change in the total amount of proceeds received by the company from exercise of options from 2010 to 2011?,"the total intrinsic value of options exercised ( i.e . the difference between the market price at exercise and the price paid by the employee to exercise the options ) during fiscal 2011 , 2010 and 2009 was $ 96.5 million , $ 29.6 million and $ 4.7 million , respectively . the total amount of procee",directional_change,increased|decreased|roughly_unchanged|insufficient_data,increased,committed,,,,,
hqa_CFQ_9bcdfbd5,convfinqa,Double_STT/2007/page_65.pdf#turn1,"Conversation so far:
Q1: what was the change in cross-border outstandings in the uk between 2006 and 2007?

Question: and the percentage change of this value?",cross-border outstandings to countries in which we do business which amounted to at least 1% ( 1 % ) of our consolidated total assets were as follows as of december 31 : 2007 2006 2005 ( in millions ) . ( in millions ) | 2007 | 2006 | 2005 united kingdom | $ 5951 | $ 5531 | $ 2696 canada | 4565 | 20,directional_change,increased|decreased|roughly_unchanged|insufficient_data,increased,committed,,,,,
hqa_CFQ_9c4c9c7f,convfinqa,Double_HWM/2016/page_53.pdf#turn0,what was the change in the sales for the transportation and construction solutions segment from 2016 to 2017?,"third-party sales for the engineered products and solutions segment improved 7% ( 7 % ) in 2016 compared with 2015 , primarily attributable to higher third-party sales of the two acquired businesses ( $ 457 ) , primarily related to the aerospace end market , and increased demand from the industrial ",directional_change,increased|decreased|roughly_unchanged|insufficient_data,decreased,committed,,,,,
hqa_CFQ_9cd741cd,convfinqa,Single_GPN/2010/page_41.pdf-3#turn0,what was the change in the net cash provided by operating activities from 2009 to 2010?,"the following details the impairment charge resulting from our review ( in thousands ) : . | year ended may 31 2009 goodwill | $ 136800 trademark | 10000 other long-lived assets | 864 total | $ 147664 net income attributable to noncontrolling interests , net of tax noncontrolling interest , net of t",directional_change,increased|decreased|roughly_unchanged|insufficient_data,increased,committed,,,,,
hqa_CFQ_9cddac48,convfinqa,Single_EW/2013/page_33.pdf-1#turn1,"Conversation so far:
Q1: what is the net change in value of edwards lifesciences in 2013 less 100?

Question: what is the percent change?","25feb201400255845 performance graph the following graph compares the performance of our common stock with that of the s&p 500 index and the s&p 500 healthcare equipment index . the cumulative total return listed below assumes an initial investment of $ 100 on december 31 , 2008 and reinvestment of d",directional_change,increased|decreased|roughly_unchanged|insufficient_data,increased,committed,,,,,
hqa_CFQ_9e17a195,convfinqa,Double_HII/2011/page_90.pdf#turn0,what was the net change in the employee compensation throughout 2011?,"hii expects to incur higher costs to complete ships currently under construction in avondale due to anticipated reductions in productivity . as a result , in the second quarter of 2010 , the company increased the estimates to complete lpd-23 and lpd-25 by approximately $ 210 million . the company re",directional_change,increased|decreased|roughly_unchanged|insufficient_data,increased,committed,,,,,
hqa_CFQ_9e8231a8_masked,convfinqa,Single_AAPL/2007/page_51.pdf-1#turn0,what was the net change in inventory from 2005 to 2006?,"no . 159 requires that unrealized gains and losses on items for which the fair value option has been elected be reported in earnings at each reporting date . sfas no . 159 is effective for fiscal years beginning after november 15 , 2007 and is required to be adopted by the company beginning in the f",directional_change,increased|decreased|roughly_unchanged|insufficient_data,insufficient_data,noncommitted,,,,,CONSTRUCTED - verify the masked evidence really cannot answer the question
hqa_CFQ_9ebfd2d9,convfinqa,Single_MRO/2011/page_37.pdf-1#turn0,what was the change in value of the wti crude oil benchmark from 2009 to 2011?,"item 7 . management 2019s discussion and analysis of financial condition and results of operations we are an international energy company with operations in the u.s. , canada , africa , the middle east and europe . our operations are organized into three reportable segments : 2022 e&p which explores",directional_change,increased|decreased|roughly_unchanged|insufficient_data,increased,committed,,,,,
hqa_CFQ_9f0bef5e,convfinqa,Double_AAPL/2008/page_52.pdf#turn1,"Conversation so far:
Q1: what was the change in cash, cash equivalents, and short-term investments between 2007 and 2008?

Question: what was the change in cash, cash equivalents, and short-term investments held by foreign subsidiaries between 2007 and 2008?","table of contents in march 2008 , the fasb issued sfas no . 161 , disclosures about derivative instruments and hedging activities 2014an amendment of fasb statement no . 133 , which requires companies to provide additional disclosures about its objectives and strategies for using derivative instrume",directional_change,increased|decreased|roughly_unchanged|insufficient_data,increased,committed,,,,,
hqa_CFQ_9f9dcacf,convfinqa,Single_IQV/2016/page_57.pdf-3#turn1,"Conversation so far:
Q1: what was the value of the peer group less 100?

Question: what is the percent change?","stock performance graph this performance graph shall not be deemed 201cfiled 201d for purposes of section 18 of the exchange act , or incorporated by reference into any filing of quintiles ims holdings , inc . under the exchange act or under the securities act , except as shall be expressly set fort",directional_change,increased|decreased|roughly_unchanged|insufficient_data,increased,committed,,,,,
hqa_CFQ_a0b26cfe_masked,convfinqa,Single_ETR/2004/page_185.pdf-1#turn0,what was the change in value of net revenues from 2003 to 2004?,"entergy gulf states , inc . management's financial discussion and analysis . | ( in millions ) volume/weather | 26.7 net wholesale revenue | 13.0 summer capacity charges | 5.5 price applied to unbilled sales | 4.8 fuel recovery revenues | -14.2 ( 14.2 ) other | 3.9 the volume/weather variance result",directional_change,increased|decreased|roughly_unchanged|insufficient_data,insufficient_data,noncommitted,,,,,CONSTRUCTED - verify the masked evidence really cannot answer the question
hqa_CFQ_a2178fef_masked,convfinqa,Single_L/2016/page_62.pdf-1#turn0,what was the change in the value of the s&p index from 2011 to 2016?,"item 5 . market for the registrant 2019s common equity , related stockholder matters and issuer purchases of equity securities the following graph compares annual total return of our common stock , the standard & poor 2019s 500 composite stock index ( 201cs&p 500 index 201d ) and our peer group ( 20",directional_change,increased|decreased|roughly_unchanged|insufficient_data,insufficient_data,noncommitted,,,,,CONSTRUCTED - verify the masked evidence really cannot answer the question
hqa_CFQ_a228cf45,convfinqa,Double_AMT/2010/page_105.pdf#turn0,what was the change in the balance of capital lease obligations and notes payable between 2009 and 2010?,"american tower corporation and subsidiaries notes to consolidated financial statements as of december 31 , 2010 and 2009 , the company had $ 295.4 million and $ 295.0 million net , respectively ( $ 300.0 million aggregate principal amount ) outstanding under the 7.25% ( 7.25 % ) notes . as of decemb",directional_change,increased|decreased|roughly_unchanged|insufficient_data,decreased,committed,,,,,
hqa_CFQ_a23eadbe,convfinqa,Single_ETR/2016/page_375.pdf-1#turn1,"Conversation so far:
Q1: what was the net difference in net revenues from 2014 to 2015?

Question: what is the percent change for the year?","entergy mississippi , inc . management 2019s financial discussion and analysis the net wholesale revenue variance is primarily due to entergy mississippi 2019s exit from the system agreement in november 2015 . the reserve equalization revenue variance is primarily due to the absence of reserve equal",directional_change,increased|decreased|roughly_unchanged|insufficient_data,decreased,committed,,,,,
hqa_CFQ_a24681e8_masked,convfinqa,Double_GS/2014/page_80.pdf#turn0,what was the change in the required additional collateral or termination payments for a two-notch downgrade and additional collateral or termination payments for a one-notch downgrade in millions in 2014?,"management 2019s discussion and analysis we believe our credit ratings are primarily based on the credit rating agencies 2019 assessment of : 2030 our liquidity , market , credit and operational risk management practices ; 2030 the level and variability of our earnings ; 2030 our capital base ; 2030",directional_change,increased|decreased|roughly_unchanged|insufficient_data,insufficient_data,noncommitted,,,,,CONSTRUCTED - verify the masked evidence really cannot answer the question
hqa_CFQ_a271cf61,convfinqa,Double_CAT/2017/page_113.pdf#turn0,what is the expected change in the amortization expense related to intangible assets from 2017 to 2018?,"92 | 2017 form 10-k finite-lived intangible assets are amortized over their estimated useful lives and tested for impairment if events or changes in circumstances indicate that the asset may be impaired . in 2016 , gross customer relationship intangibles of $ 96 million and related accumulated amort",directional_change,increased|decreased|roughly_unchanged|insufficient_data,decreased,committed,,,,,
hqa_CFQ_a32ddf0f,convfinqa,Double_AAPL/2012/page_36.pdf#turn0,what was the change in the net sales from 2011 to 2012?,"$ 43.3 million in 2011 compared to $ 34.1 million in 2010 . the retail segment represented 13% ( 13 % ) and 15% ( 15 % ) of the company 2019s total net sales in 2011 and 2010 , respectively . the retail segment 2019s operating income was $ 4.7 billion , $ 3.2 billion , and $ 2.3 billion during 2012 ",directional_change,increased|decreased|roughly_unchanged|insufficient_data,increased,committed,,,,,
hqa_CFQ_a4e8951c,convfinqa,Single_EMR/2017/page_66.pdf-1#turn0,what is the net change on a pro forma basis of the diluted earnings per share from continuing operations from 2016 to 2017?,"pro forma financial information the following pro forma consolidated condensed financial results of operations are presented as if the acquisition of the valves & controls business occurred on october 1 , 2015 . the pro forma information is presented for informational purposes only and is not indica",directional_change,increased|decreased|roughly_unchanged|insufficient_data,increased,committed,,,,,
hqa_CFQ_a4ec79b7,convfinqa,Single_BLK/2013/page_123.pdf-3#turn1,"Conversation so far:
Q1: what is the net change in the maximum aggregate amount that may be borrowed under the cp program from 2009 to 2011?

Question: what was the change over the 2009 value?","the impairment tests performed for intangible assets as of july 31 , 2013 , 2012 and 2011 indicated no impairment charges were required . estimated amortization expense for finite-lived intangible assets for each of the five succeeding years is as follows : ( in millions ) . year | amount 2014 | $ 1",directional_change,increased|decreased|roughly_unchanged|insufficient_data,increased,committed,,,,,
hqa_CFQ_a5053535,convfinqa,Double_ETR/2004/page_160.pdf#turn0,what is the net change in net revenue from 2002 to 2003?,"entergy arkansas , inc . management's financial discussion and analysis fuel and purchased power expenses increased primarily due to increased recovery of deferred fuel and purchased power costs primarily due to an increase in april 2004 in the energy cost recovery rider and the true-ups to the 2003",directional_change,increased|decreased|roughly_unchanged|insufficient_data,decreased,committed,,,,,
hqa_CFQ_a526cfaa_masked,convfinqa,Single_LMT/2012/page_72.pdf-1#turn0,what was the change in value of the aggregate notional amount of outstanding interest rate swaps from 2011 to 2012?,"until the hedged transaction is recognized in earnings . changes in the fair value of the derivatives that are attributable to the ineffective portion of the hedges , or of derivatives that are not considered to be highly effective hedges , if any , are immediately recognized in earnings . the aggre",directional_change,increased|decreased|roughly_unchanged|insufficient_data,insufficient_data,noncommitted,,,,,CONSTRUCTED - verify the masked evidence really cannot answer the question
hqa_CFQ_a58f80ae_masked,convfinqa,Single_BDX/2019/page_86.pdf-3#turn0,what is the net change in value of service costs from 2017 to 2018?,note 9 2014 benefit plans the company has defined benefit pension plans covering certain employees in the united states and certain international locations . postretirement healthcare and life insurance benefits provided to qualifying domestic retirees as well as other postretirement benefit plans i,directional_change,increased|decreased|roughly_unchanged|insufficient_data,insufficient_data,noncommitted,,,,,CONSTRUCTED - verify the masked evidence really cannot answer the question
hqa_CFQ_a5cd8d0f,convfinqa,Double_STT/2006/page_96.pdf#turn1,"Conversation so far:
Q1: what was the change in the risk-free interest rate between 2004 and 2006?

Question: and the percentage change over this time?","for the year ended december 31 , 2005 , we realized net losses of $ 1 million on sales of available-for- sale securities . unrealized gains of $ 1 million were included in other comprehensive income at december 31 , 2004 , net of deferred taxes of less than $ 1 million , related to these sales . for",directional_change,increased|decreased|roughly_unchanged|insufficient_data,increased,committed,,,,,
hqa_CFQ_a76e14e5,convfinqa,Single_MSI/2009/page_116.pdf-2#turn0,what was the net change in the estimated fair value of employee stock options between 2007 and 2008?,"insurance arrangement . as a result of the adoption of this new guidance , the company recorded a liability representing the actuarial present value of the future death benefits as of the employees 2019 expected retirement date of $ 45 million with the offset reflected as a cumulative-effect adjustm",directional_change,increased|decreased|roughly_unchanged|insufficient_data,decreased,committed,,,,,
hqa_CFQ_a7c5d6ea,convfinqa,Double_ETR/2004/page_20.pdf#turn0,what was the change in net revenue from 2002 to 2003 for entergy corporation?,entergy corporation and subsidiaries management's financial discussion and analysis 2022 the deferral in august 2004 of $ 7.5 million of fossil plant maintenance and voluntary severance program costs at entergy new orleans as a result of a stipulation approved by the city council . 2003 compared to ,directional_change,increased|decreased|roughly_unchanged|insufficient_data,increased,committed,,,,,
hqa_CFQ_aab9b930,convfinqa,Single_UNP/2017/page_23.pdf-3#turn0,what was the net change in free cash flow from 2016 to 2017?,"adjusted net income of $ 4.6 billion translated into adjusted earnings of $ 5.79 per diluted share , a best- ever performance . f0b7 freight revenues 2013 our freight revenues increased 7% ( 7 % ) year-over-year to $ 19.8 billion driven by volume growth of 2% ( 2 % ) , higher fuel surcharge revenue ",directional_change,increased|decreased|roughly_unchanged|insufficient_data,decreased,committed,,,,,
hqa_CFQ_ab528803,convfinqa,Double_AAPL/2011/page_38.pdf#turn0,what is the net change in the annual operating cash flow from 2010 to 2011?,"35% ( 35 % ) due primarily to certain undistributed foreign earnings for which no u.s . taxes are provided because such earnings are intended to be indefinitely reinvested outside the u.s . as of september 24 , 2011 , the company had deferred tax assets arising from deductible temporary differences ",directional_change,increased|decreased|roughly_unchanged|insufficient_data,increased,committed,,,,,
hqa_CFQ_ab824466,convfinqa,Single_BKNG/2018/page_34.pdf-3#turn1,"Conversation so far:
Q1: what was the change in value for booking holding inc. in 2018, assuming a $100 initial investment?

Question: what is the percent change?",measurement point december 31 booking holdings nasdaq composite index s&p 500 rdg internet composite . measurement pointdecember 31 | booking holdings inc . | nasdaqcomposite index | s&p 500index | rdg internetcomposite 2013 | 100.00 | 100.00 | 100.00 | 100.00 2014 | 98.09 | 114.62 | 113.69 | 96.39 ,directional_change,increased|decreased|roughly_unchanged|insufficient_data,increased,committed,,,,,
hqa_CFQ_aba5b8db,convfinqa,Single_CNC/2005/page_39.pdf-2#turn0,what was the change in the allowance for uncollectible accounts from year end 2004 to 2005?,"goodwill is reviewed annually during the fourth quarter for impairment . in addition , the company performs an impairment analysis of other intangible assets based on the occurrence of other factors . such factors include , but are not limited to , signifi- cant changes in membership , state funding",directional_change,increased|decreased|roughly_unchanged|insufficient_data,decreased,committed,,,,,
hqa_CFQ_ac230757,convfinqa,Single_BLK/2015/page_35.pdf-3#turn0,what was the net change in the balance of asset allocation from 2014 to 2015?,long-term product offerings include active and index strategies . our active strategies seek to earn attractive returns in excess of a market benchmark or performance hurdle while maintaining an appropriate risk profile . we offer two types of active strategies : those that rely primarily on fundame,directional_change,increased|decreased|roughly_unchanged|insufficient_data,increased,committed,,,,,
hqa_CFQ_ad2e93d6_masked,convfinqa,Single_MO/2017/page_10.pdf-4#turn0,what is the net change in the weight of smokeless products in operating income from 2015 to 2016?,"10-k altria ar release tuesday , february 27 , 2018 10:00pm andra design llc the relative percentages of operating companies income ( loss ) attributable to each reportable segment and the all other category were as follows: . | 2017 | 2016 | 2015 smokeable products | 85.8% ( 85.8 % ) | 86.2% ( 86.2",directional_change,increased|decreased|roughly_unchanged|insufficient_data,insufficient_data,noncommitted,,,,,CONSTRUCTED - verify the masked evidence really cannot answer the question
hqa_CFQ_ad675ca7_masked,convfinqa,Single_VTR/2007/page_48.pdf-1#turn1,"Conversation so far:
Q1: what was the difference between the share price of ventas between 12/31/02 and 12/31/03?

Question: and the growth rate during this time?","stock performance graph the following performance graph compares the cumulative total return ( including dividends ) to the holders of our common stock from december 31 , 2002 through december 31 , 2007 , with the cumulative total returns of the nyse composite index , the ftse nareit composite reit ",directional_change,increased|decreased|roughly_unchanged|insufficient_data,insufficient_data,noncommitted,,,,,CONSTRUCTED - verify the masked evidence really cannot answer the question
hqa_CFQ_ade52fb7,convfinqa,Single_AMT/2004/page_102.pdf-3#turn0,what was the net change in risk-free rate from 2003 to 2004?,"american tower corporation and subsidiaries notes to consolidated financial statements 2014 ( continued ) pro forma disclosure 2014the company has adopted the disclosure-only provisions of sfas no . 123 , as amended by sfas no . 148 , and has presented such disclosure in note 1 . the 201cfair value ",directional_change,increased|decreased|roughly_unchanged|insufficient_data,increased,committed,,,,,
hqa_CFQ_ae0ae06d,convfinqa,Double_VRTX/2006/page_71.pdf#turn1,"Conversation so far:
Q1: what was the difference in cash equivalents and marketable securities between 2005 and 2006?

Question: so what was the percentage change of this value during this time?",the activity related to the restructuring liability for 2004 is as follows ( in thousands ) : non-operating items interest income increased $ 1.7 million to $ 12.0 million in 2005 from $ 10.3 million in 2004 . the increase was mainly the result of higher returns on invested funds . interest expense ,directional_change,increased|decreased|roughly_unchanged|insufficient_data,increased,committed,,,,,
hqa_CFQ_aeecf964,convfinqa,Single_ETR/2013/page_14.pdf-2#turn0,what is the net change in revenues from 2012 to 2013?,net revenue utility following is an analysis of the change in net revenue comparing 2013 to 2012 . amount ( in millions ) . | amount ( in millions ) 2012 net revenue | $ 4969 retail electric price | 236 louisiana act 55 financing savings obligation | 165 grand gulf recovery | 75 volume/weather | 40 ,directional_change,increased|decreased|roughly_unchanged|insufficient_data,increased,committed,,,,,
hqa_CFQ_b009a6e1,convfinqa,Single_OKE/2012/page_91.pdf-1#turn1,"Conversation so far:
Q1: what was the change in value of natural gas marketing (bcf) between 2010 and 2011?

Question: what was the percent change?","costs . our 2012 results were lower than 2011 when we realized $ 53.1 million in premium-services margins and our storage and marketing margins consisted of $ 96.0 million from realized seasonal price differentials and marketing optimization activities , and $ 87.7 million of storage demand costs . ",directional_change,increased|decreased|roughly_unchanged|insufficient_data,decreased,committed,,,,,
hqa_CFQ_b0a964a1_masked,convfinqa,Double_LMT/2012/page_43.pdf#turn0,what was the change in the operating profit for aeronautics from 2011 to 2012?,aeronautics business segment 2019s results of operations discussion . the increase in our consolidated net adjustments for 2011 as compared to 2010 primarily was due to an increase in profit booking rate adjustments at our is&gs and aeronautics business segments . aeronautics our aeronautics busines,directional_change,increased|decreased|roughly_unchanged|insufficient_data,insufficient_data,noncommitted,,,,,CONSTRUCTED - verify the masked evidence really cannot answer the question
hqa_CFQ_b1c7ecf6,convfinqa,Single_FITB/2008/page_69.pdf-4#turn0,"what was the change in capital expenditures from 2007 to 2008, in millions?","notes to consolidated financial statements fifth third bancorp 81 vii held by the trust vii bear a fixed rate of interest of 8.875% ( 8.875 % ) until may 15 , 2058 . thereafter , the notes pay a floating rate at three-month libor plus 500 bp . the bancorp entered into an interest rate swap to conver",directional_change,increased|decreased|roughly_unchanged|insufficient_data,decreased,committed,,,,,
hqa_CFQ_b1cf55b5,convfinqa,Single_MRO/2006/page_61.pdf-1#turn0,what was the net change in foreign operations including foreign tax credits from 2004 to 2006?,for additional information on segment results see page 43 . income from equity method investments increased by $ 126 million in 2006 from 2005 and increased by $ 98 million in 2005 from 2004 . income from our lpg operations in equatorial guinea increased in both periods due to higher sales volumes a,directional_change,increased|decreased|roughly_unchanged|insufficient_data,increased,committed,,,,,
hqa_CFQ_b1efe81c,convfinqa,Double_ETR/2002/page_266.pdf#turn1,"Conversation so far:
Q1: what was the difference in the fair value of the securities held in decommissioning trust funds and the amounts deposited plus the earnings on the deposits from 2001 to 2002 for entergy arkansas?

Question: and the percentage change of this value?","domestic utility companies and system energy notes to respective financial statements derived from another portion of the entity that continues to apply sfas 71 should not be written off ; rather , they should be considered regulatory assets of the segment that will continue to apply sfas 71 . see n",directional_change,increased|decreased|roughly_unchanged|insufficient_data,increased,committed,,,,,
hqa_CFQ_b24e5374,convfinqa,Single_MO/2014/page_11.pdf-3#turn0,"what is the net change in income for smokeless product, relative to total income, from 2012 to 2013?","part i item 1 . business . general development of business general : altria group , inc . is a holding company incorporated in the commonwealth of virginia in 1985 . at december 31 , 2014 , altria group , inc . 2019s wholly-owned subsidiaries included philip morris usa inc . ( 201cpm usa 201d ) , wh",directional_change,increased|decreased|roughly_unchanged|insufficient_data,decreased,committed,,,,,
hqa_CFQ_b2b2fb37,convfinqa,Single_UNP/2015/page_76.pdf-2#turn0,what was the net change in accrued wages and vacation from 2014 to 2015?,"appropriate statistical bases . total expense for repairs and maintenance incurred was $ 2.5 billion for 2015 , $ 2.4 billion for 2014 , and $ 2.3 billion for 2013 . assets held under capital leases are recorded at the lower of the net present value of the minimum lease payments or the fair value of",directional_change,increased|decreased|roughly_unchanged|insufficient_data,decreased,committed,,,,,
hqa_CFQ_b2eab3be_masked,convfinqa,Double_AON/2010/page_52.pdf#turn0,what was the change in the revenue from 2009 to 2010?,"considered to be the primary beneficiary of either entity and have therefore deconsolidated both entities . at december 31 , 2010 , we held a 36% ( 36 % ) interest in juniperus which is accounted for using the equity method of accounting . our potential loss at december 31 , 2010 is limited to our i",directional_change,increased|decreased|roughly_unchanged|insufficient_data,insufficient_data,noncommitted,,,,,CONSTRUCTED - verify the masked evidence really cannot answer the question
hqa_CFQ_b39be72b,convfinqa,Single_AMT/2005/page_83.pdf-2#turn0,what was the net change in total property and equipment from 2004 to 2005?,"american tower corporation and subsidiaries notes to consolidated financial statements 2014 ( continued ) operations , net , in the accompanying consolidated statements of operations for the year ended december 31 , 2003 . ( see note 9. ) other transactions 2014in august 2003 , the company consummat",directional_change,increased|decreased|roughly_unchanged|insufficient_data,increased,committed,,,,,
hqa_CFQ_b3d52c36,convfinqa,Single_ZBH/2009/page_88.pdf-1#turn0,what was the net change in weighted shares outstanding for basic net earnings per share from 2007 to 2009?,"14 . capital stock and earnings per share we are authorized to issue 250 million shares of preferred stock , none of which were issued or outstanding as of december 31 , 2009 . the numerator for both basic and diluted earnings per share is net earnings available to common stockholders . the denomina",directional_change,increased|decreased|roughly_unchanged|insufficient_data,decreased,committed,,,,,
hqa_CFQ_b3d747ff,convfinqa,Single_ETR/2004/page_185.pdf-1#turn1,"Conversation so far:
Q1: what was the change in value of net revenues from 2003 to 2004?

Question: what was the percent change?","entergy gulf states , inc . management's financial discussion and analysis . | ( in millions ) 2003 net revenue | $ 1110.1 volume/weather | 26.7 net wholesale revenue | 13.0 summer capacity charges | 5.5 price applied to unbilled sales | 4.8 fuel recovery revenues | -14.2 ( 14.2 ) other | 3.9 2004 n",directional_change,increased|decreased|roughly_unchanged|insufficient_data,increased,committed,,,,,
hqa_CFQ_b4023d3e,convfinqa,Single_KIM/2010/page_86.pdf-1#turn0,what was the change in revenues generated through subleasing from 2009 to 2010?,"kimco realty corporation and subsidiaries notes to consolidated financial statements , continued investment in retail store leases 2014 the company has interests in various retail store leases relating to the anchor store premises in neighborhood and community shopping centers . these premises have ",directional_change,increased|decreased|roughly_unchanged|insufficient_data,increased,committed,,,,,
hqa_CFQ_b45ae7e5,convfinqa,Double_IP/2006/page_19.pdf#turn0,what was the change in industry segment operating profits from 2004 to 2005?,item 7 . management 2019s discussion and analysis of financial condition and results of operations executive summary international paper 2019s operating results in 2006 bene- fited from strong gains in pricing and sales volumes and lower operating costs . our average paper and packaging prices in 20,directional_change,increased|decreased|roughly_unchanged|insufficient_data,decreased,committed,,,,,
hqa_CFQ_b48c69a7,convfinqa,Single_UNP/2013/page_73.pdf-3#turn0,what was the net change in total expense for repairs and maintenance from 2011 to 2012?,"the analysis of our depreciation studies . changes in the estimated service lives of our assets and their related depreciation rates are implemented prospectively . under group depreciation , the historical cost ( net of salvage ) of depreciable property that is retired or replaced in the ordinary c",directional_change,increased|decreased|roughly_unchanged|insufficient_data,decreased,committed,,,,,
hqa_CFQ_b4f87ad9,convfinqa,Double_ZBH/2008/page_84.pdf#turn1,"Conversation so far:
Q1: what was the percentage change of average shares outstanding when taking dilution into consideration in 2008?

Question: what was the change in weighted average shares outstanding for diluted net earnings per share between 2007 and 2008?","reasonably possible that such matters will be resolved in the next twelve months , but we do not anticipate that the resolution of these matters would result in any material impact on our results of operations or financial position . foreign jurisdictions have statutes of limitations generally rangi",directional_change,increased|decreased|roughly_unchanged|insufficient_data,decreased,committed,,,,,
hqa_CFQ_b4fb8114,convfinqa,Single_EW/2013/page_83.pdf-1#turn0,what was the percentage change in the fair value per share from 2011 to 2012?,edwards lifesciences corporation notes to consolidated financial statements ( continued ) 12 . common stock ( continued ) the company also maintains the nonemployee directors stock incentive compensation program ( the 2018 2018nonemployee directors program 2019 2019 ) . under the nonemployee directo,directional_change,increased|decreased|roughly_unchanged|insufficient_data,increased,committed,,,,,
hqa_CFQ_b5498b0b,convfinqa,Single_RE/2014/page_106.pdf-4#turn1,"Conversation so far:
Q1: what was the net change in value of reinsurance receivables and premium receivables from 2013 to 2014?

Question: what is the net change over the 2013 value?","b . investments . fixed maturity and equity security investments available for sale , at market value , reflect unrealized appreciation and depreciation , as a result of temporary changes in market value during the period , in shareholders 2019 equity , net of income taxes in 201caccumulated other c",directional_change,increased|decreased|roughly_unchanged|insufficient_data,decreased,committed,,,,,
hqa_CFQ_b6555530,convfinqa,Double_ORLY/2015/page_28.pdf#turn1,"Conversation so far:
Q1: was the five year return of the s&p 500 retail index greater than the s&p 500?

Question: what was the price change of the s&p 500 between 2010 and 2011?","stock performance graph : the graph below shows the cumulative total shareholder return assuming the investment of $ 100 , on december 31 , 2010 , and the reinvestment of dividends thereafter , if any , in the company's common stock versus the standard and poor's s&p 500 retail index ( ""s&p 500 reta",directional_change,increased|decreased|roughly_unchanged|insufficient_data,roughly_unchanged,noncommitted,,,,,
hqa_CFQ_b69d5c30_masked,convfinqa,Single_ETR/2008/page_401.pdf-2#turn0,what was the net change in value of receivables from the money pool from 2007 to 2008?,"system energy resources , inc . management's financial discussion and analysis with syndicated bank letters of credit . in december 2004 , system energy amended these letters of credit and they now expire in may 2009 . system energy may refinance or redeem debt prior to maturity , to the extent mark",directional_change,increased|decreased|roughly_unchanged|insufficient_data,insufficient_data,noncommitted,,,,,CONSTRUCTED - verify the masked evidence really cannot answer the question
hqa_CFQ_b6bb5e00,convfinqa,Double_UPS/2015/page_108.pdf#turn0,what is the net change in property plant and equipment subject to capital leases from 2014 to 2015?,"united parcel service , inc . and subsidiaries notes to consolidated financial statements capital lease obligations we have certain property , plant and equipment subject to capital leases . some of the obligations associated with these capital leases have been legally defeased . the recorded value ",directional_change,increased|decreased|roughly_unchanged|insufficient_data,decreased,committed,,,,,
hqa_CFQ_b7e2687e_masked,convfinqa,Single_UNP/2009/page_38.pdf-4#turn0,what is the net change in value of cash provided by operating activities from 2007 to 2008?,"have access to liquidity by issuing bonds to public or private investors based on our assessment of the current condition of the credit markets . at december 31 , 2009 , we had a working capital surplus of approximately $ 1.0 billion , which reflects our decision to maintain additional cash reserves",directional_change,increased|decreased|roughly_unchanged|insufficient_data,insufficient_data,noncommitted,,,,,CONSTRUCTED - verify the masked evidence really cannot answer the question
hqa_CFQ_b7e39dea,convfinqa,Single_AAPL/2007/page_48.pdf-4#turn0,what was the net change in sales from 2005 to 2006?,"capital asset purchases associated with the retail segment were $ 294 million in 2007 , bringing the total capital asset purchases since inception of the retail segment to $ 1.0 billion . as of september 29 , 2007 , the retail segment had approximately 7900 employees and had outstanding operating le",directional_change,increased|decreased|roughly_unchanged|insufficient_data,increased,committed,,,,,
hqa_CFQ_b8d2cd7c,convfinqa,Single_INTC/2013/page_47.pdf-1#turn0,what was the net change in net cash provided by operating activities between 2011 and 2012?,"in summary , our cash flows for each period were as follows: . ( in millions ) | 2013 | 2012 | 2011 net cash provided by operating activities | $ 20776 | $ 18884 | $ 20963 net cash used for investing activities | -18073 ( 18073 ) | -14060 ( 14060 ) | -10301 ( 10301 ) net cash used for financing acti",directional_change,increased|decreased|roughly_unchanged|insufficient_data,decreased,committed,,,,,
hqa_CFQ_b8e01834_masked,convfinqa,Single_ETR/2004/page_216.pdf-4#turn1,"Conversation so far:
Q1: what was the difference in receivables from between 2001 and 2002?

Question: and the percentage change?","entergy louisiana , inc . management's financial discussion and analysis setting any of entergy louisiana's rates . therefore , to the extent entergy louisiana's use of the proceeds would ordinarily have reduced its rate base , no change in rate base shall be reflected for ratemaking purposes . the ",directional_change,increased|decreased|roughly_unchanged|insufficient_data,insufficient_data,noncommitted,,,,,CONSTRUCTED - verify the masked evidence really cannot answer the question
hqa_CFQ_ba327bc7,convfinqa,Single_JPM/2016/page_73.pdf-1#turn0,what was the change in the value of jpmorgan chase from the original investment in 2011 to 2016?,"jpmorgan chase & co./2016 annual report 35 five-year stock performance the following table and graph compare the five-year cumulative total return for jpmorgan chase & co . ( 201cjpmorgan chase 201d or the 201cfirm 201d ) common stock with the cumulative return of the s&p 500 index , the kbw bank in",directional_change,increased|decreased|roughly_unchanged|insufficient_data,increased,committed,,,,,
hqa_CFQ_ba42c690,convfinqa,Double_AAPL/2015/page_56.pdf#turn1,"Conversation so far:
Q1: what was the change in leasehold improvements between 2014 and 2015?

Question: and what was the change in total property plant and equipment net between 2014 and 2015?",table of contents the notional amounts for outstanding derivative instruments provide one measure of the transaction volume outstanding and do not represent the amount of the company 2019s exposure to credit or market loss . the credit risk amounts represent the company 2019s gross exposure to poten,directional_change,increased|decreased|roughly_unchanged|insufficient_data,increased,committed,,,,,
hqa_CFQ_ba4fb756,convfinqa,Single_MSI/2007/page_68.pdf-2#turn0,what was the change in the operating earnings from 2005 to 2007?,"unit shipments increased 49% ( 49 % ) to 217.4 million units in 2006 , compared to 146.0 million units in 2005 . the overall increase was driven by increased unit shipments of products for gsm , cdma and 3g technologies , partially offset by decreased unit shipments of products for iden technology .",directional_change,increased|decreased|roughly_unchanged|insufficient_data,decreased,committed,,,,,
hqa_CFQ_bb0b8074,convfinqa,Single_VNO/2011/page_177.pdf-1#turn0,what was the net change in value of redeemable noncontrolling interests from 2009 to 2010?,vornado realty trust notes to consolidated financial statements ( continued ) 10 . redeemable noncontrolling interests - continued redeemable noncontrolling interests on our consolidated balance sheets are recorded at the greater of their carrying amount or redemption value at the end of each report,directional_change,increased|decreased|roughly_unchanged|insufficient_data,increased,committed,,,,,
hqa_CFQ_bb84d2a2,convfinqa,Single_C/2009/page_279.pdf-3#turn0,what was the net change in citigroup from 2007 to 2008?,"comparison of five-year cumulative total return the following graph compares the cumulative total return on citigroup 2019s common stock with the s&p 500 index and the s&p financial index over the five-year period extending through december 31 , 2009 . the graph assumes that $ 100 was invested on de",directional_change,increased|decreased|roughly_unchanged|insufficient_data,decreased,committed,,,,,
hqa_CFQ_bb86cda0,convfinqa,Double_ETR/2011/page_359.pdf#turn1,"Conversation so far:
Q1: what was the total net revenue for 2009 and 2010?

Question: and the change in net revenue between these two years?","entergy new orleans , inc . management 2019s financial discussion and analysis the volume/weather variance is primarily due to an increase in electricity usage in the residential and commercial sectors due in part to a 4% ( 4 % ) increase in the average number of residential customers and a 3% ( 3 %",directional_change,increased|decreased|roughly_unchanged|insufficient_data,increased,committed,,,,,
hqa_CFQ_bbdbbd0a,convfinqa,Single_MRO/2008/page_41.pdf-1#turn0,what was the change in proved bitumen reserves over the year of 2008?,"proved reserves can be added as expansions are permitted , funding is approved and certain stipulations of the joint venture agreement are satisfied . the following table sets forth changes in estimated quantities of net proved bitumen reserves for the year 2008 . estimated quantities of proved bitu",directional_change,increased|decreased|roughly_unchanged|insufficient_data,decreased,committed,,,,,
hqa_CFQ_bcd1e1a8,convfinqa,Double_ETR/2011/page_364.pdf#turn0,what is the net change in the balance of receivables from the money pool from 2010 to 2011?,"entergy new orleans , inc . management 2019s financial discussion and analysis also in addition to the contractual obligations , entergy new orleans has $ 53.7 million of unrecognized tax benefits and interest net of unused tax attributes and payments for which the timing of payments beyond 12 month",directional_change,increased|decreased|roughly_unchanged|insufficient_data,decreased,committed,,,,,
hqa_CFQ_bce1262b,convfinqa,Single_BKNG/2015/page_38.pdf-4#turn1,"Conversation so far:
Q1: what is the 2015 value of priceline less 100?

Question: what is the percent change?",measurement point december 31 the priceline group nasdaq composite index s&p 500 rdg internet composite . measurement pointdecember 31 | the priceline group inc . | nasdaqcomposite index | s&p 500index | rdg internetcomposite 2010 | 100.00 | 100.00 | 100.00 | 100.00 2011 | 117.06 | 100.53 | 102.11 |,directional_change,increased|decreased|roughly_unchanged|insufficient_data,increased,committed,,,,,
hqa_CFQ_be324da0_masked,convfinqa,Double_CE/2005/page_167.pdf#turn1,"Conversation so far:
Q1: what percentage of the maturation of the company 2019s debt, including short-term borrowings that will occur after 2010?

Question: what was the change in the liability for pension plan resulting from the acquisition of vinamul and acetex?",celanese corporation and subsidiaries notes to consolidated financial statements ( continued ) 2022 amend certain material agreements governing bcp crystal 2019s indebtedness ; 2022 change the business conducted by celanese holdings and its subsidiaries ; and 2022 enter into hedging agreements that ,directional_change,increased|decreased|roughly_unchanged|insufficient_data,insufficient_data,noncommitted,,,,,CONSTRUCTED - verify the masked evidence really cannot answer the question
hqa_CFQ_bf7f7849,convfinqa,Single_ADI/2010/page_90.pdf-4#turn0,what is the net change in value of income from 2008 to 2010?,"of global business , there are many transactions and calculations where the ultimate tax outcome is uncertain . some of these uncertainties arise as a consequence of cost reimbursement arrangements among related entities . although the company believes its estimates are reasonable , no assurance can",directional_change,increased|decreased|roughly_unchanged|insufficient_data,increased,committed,,,,,
hqa_CFQ_bf8e7527,convfinqa,Single_MRO/2009/page_58.pdf-2#turn1,"Conversation so far:
Q1: what was the difference in average crack spread for chicago between 2007 and 2009?

Question: and the percentage change?","our refining and wholesale marketing gross margin is the difference between the prices of refined products sold and the costs of crude oil and other charge and blendstocks refined , including the costs to transport these inputs to our refineries , the costs of purchased products and manufacturing ex",directional_change,increased|decreased|roughly_unchanged|insufficient_data,decreased,committed,,,,,
hqa_CFQ_c0b312bb,convfinqa,Single_IQV/2018/page_59.pdf-2#turn0,"what was the change in benefits obligations from 2018 to 2019, in millions?",contingencies we are exposed to certain known contingencies that are material to our investors . the facts and circumstances surrounding these contingencies and a discussion of their effect on us are in note 12 to our audited consolidated financial statements included elsewhere in this annual report,directional_change,increased|decreased|roughly_unchanged|insufficient_data,decreased,committed,,,,,
hqa_CFQ_c0b8e9cf,convfinqa,Double_SNA/2012/page_54.pdf#turn0,what was the percentage change in working capital in 2012 compared to 2011?,management 2019s discussion and analysis of financial condition and results of operations ( continued ) liquidity and capital resources snap-on 2019s growth has historically been funded by a combination of cash provided by operating activities and debt financing . snap-on believes that its cash from,directional_change,increased|decreased|roughly_unchanged|insufficient_data,increased,committed,,,,,
hqa_CFQ_c0e073ae,convfinqa,Single_DVN/2014/page_112.pdf-4#turn0,what was the change in the proved undeveloped reserves from 2013 to 2014?,devon energy corporation and subsidiaries notes to consolidated financial statements 2013 ( continued ) proved undeveloped reserves the following table presents the changes in devon 2019s total proved undeveloped reserves during 2014 ( in mmboe ) . . | u.s . | canada | total proved undeveloped reser,directional_change,increased|decreased|roughly_unchanged|insufficient_data,decreased,committed,,,,,
hqa_CFQ_c1447f59,convfinqa,Double_ANSS/2008/page_85.pdf#turn0,what was the change in unrecognized tax benefits,the following is a reconciliation of the total amounts of unrecognized tax benefits for the year : ( in thousands ) . unrecognized tax benefit 2014january 1 2008 | $ 7928 ansoft unrecognized tax benefit 2014acquired july 31 2008 | 3525 gross increases 2014tax positions in prior period | 2454 gross d,directional_change,increased|decreased|roughly_unchanged|insufficient_data,increased,committed,,,,,
hqa_CFQ_c336bc00,convfinqa,Double_GRMN/2008/page_98.pdf#turn1,"Conversation so far:
Q1: what is fraction of expected volatility in 2008 over 2007?

Question: what growth rate does this represent?",. | 2008 | 2007 | 2006 weighted average fair value of options granted | $ 18.47 | $ 33.81 | $ 20.01 expected volatility | 0.3845 | 0.3677 | 0.3534 dividend yield | 3.75% ( 3.75 % ) | 0.76% ( 0.76 % ) | 1.00% ( 1.00 % ) expected life of options in years | 6.0 | 6.0 | 6.3 risk-free interest rate | 2% ,directional_change,increased|decreased|roughly_unchanged|insufficient_data,increased,committed,,,,,
hqa_CFQ_c4d640ed,convfinqa,Double_GPN/2007/page_39.pdf#turn1,"Conversation so far:
Q1: what was the value of global payments in 2003?

Question: and what was the change in this value from 2002 to that year?",stock performance graph the following line-graph presentation compares our cumulative shareholder returns with the standard & poor 2019s information technology index and the standard & poor 2019s 500 stock index for the past five years . the line graph assumes the investment of $ 100 in our common s,directional_change,increased|decreased|roughly_unchanged|insufficient_data,decreased,committed,,,,,
hqa_CFQ_c4de28b1,convfinqa,Single_MAS/2012/page_86.pdf-1#turn0,what was the change in value of company recorded charges related to severance and early retirement programs in 2011 and 2012?,"masco corporation notes to consolidated financial statements ( continued ) o . segment information ( continued ) ( 1 ) included in net sales were export sales from the u.s . of $ 229 million , $ 241 million and $ 246 million in 2012 , 2011 and 2010 , respectively . ( 2 ) excluded from net sales were",directional_change,increased|decreased|roughly_unchanged|insufficient_data,increased,committed,,,,,
hqa_CFQ_c55ed8a5,convfinqa,Single_CNC/2006/page_37.pdf-4#turn0,what is the net change in the balance of allowance for uncollectible accounts from 2004 to 2005?,"goodwill is reviewed annually during the fourth quarter for impairment . in addition , the company performs an impairment analysis of other intangible assets based on the occurrence of other factors . such factors include , but are not limited to , significant changes in membership , state funding ,",directional_change,increased|decreased|roughly_unchanged|insufficient_data,decreased,committed,,,,,
hqa_CFQ_c61ec515_masked,convfinqa,Single_FIS/2017/page_14.pdf-1#turn0,what was the net change in revenues generated by the fis segment from 2016 to 2017?,"2022 expand client relationships - the overall market we serve continues to gravitate beyond single-application purchases to multi-solution partnerships . as the market dynamics shift , we expect our clients and prospects to rely more on our multidimensional service offerings . our leveraged solutio",directional_change,increased|decreased|roughly_unchanged|insufficient_data,insufficient_data,noncommitted,,,,,CONSTRUCTED - verify the masked evidence really cannot answer the question
hqa_CFQ_c6312aed_masked,convfinqa,Double_ADBE/2011/page_112.pdf#turn0,what was the change in the average price of repurchased shares from 2010 to 2011?,"the following table sets forth the components of foreign currency translation adjustments for fiscal 2011 , 2010 and 2009 ( in thousands ) : beginning balance foreign currency translation adjustments income tax effect relating to translation adjustments for undistributed foreign earnings ending bala",directional_change,increased|decreased|roughly_unchanged|insufficient_data,insufficient_data,noncommitted,,,,,CONSTRUCTED - verify the masked evidence really cannot answer the question
hqa_CFQ_c6eac678_masked,convfinqa,Double_MRO/2012/page_39.pdf#turn1,"Conversation so far:
Q1: what was the change in the percentage of crude oil and condensate production that was sour between 2011 and 2012?

Question: what was the change in the price of brent crude oil between 2010 and 2012?","item 7 . management 2019s discussion and analysis of financial condition and results of operations we are an international energy company with operations in the u.s. , canada , africa , the middle east and europe . our operations are organized into three reportable segments : 2022 e&p which explores",directional_change,increased|decreased|roughly_unchanged|insufficient_data,insufficient_data,noncommitted,,,,,CONSTRUCTED - verify the masked evidence really cannot answer the question
hqa_CFQ_c73e23e4_masked,convfinqa,Single_ILMN/2006/page_86.pdf-3#turn1,"Conversation so far:
Q1: what was the difference in net revenues from 2005 to 2006?

Question: what is the percent change?","in accordance with sfas no . 142 , goodwill and other intangible assets , the goodwill is not amortized , but will be subject to a periodic assessment for impairment by applying a fair-value-based test . none of this goodwill is expected to be deductible for tax purposes . the company performs its a",directional_change,increased|decreased|roughly_unchanged|insufficient_data,insufficient_data,noncommitted,,,,,CONSTRUCTED - verify the masked evidence really cannot answer the question
hqa_CFQ_c77453fc,convfinqa,Single_C/2008/page_189.pdf-3#turn1,"Conversation so far:
Q1: what was the net change in total assets from 2007 to 2008?

Question: what was the percent change?","on-balance sheet securitizations the company engages in on-balance sheet securitizations . these are securitizations that do not qualify for sales treatment ; thus , the assets remain on the company 2019s balance sheet . the following table presents the carrying amounts and classification of consoli",directional_change,increased|decreased|roughly_unchanged|insufficient_data,increased,committed,,,,,
hqa_CFQ_c80d1d26,convfinqa,Double_MAS/2010/page_29.pdf#turn0,what was the change in the performance price of the masco common stock in the five year period ended 2010?,"performance graph the table below compares the cumulative total shareholder return on our common stock with the cumulative total return of ( i ) the standard & poor 2019s 500 composite stock index ( 201cs&p 500 index 201d ) , ( ii ) the standard & poor 2019s industrials index ( 201cs&p industrials i",directional_change,increased|decreased|roughly_unchanged|insufficient_data,decreased,committed,,,,,
hqa_CFQ_c81f48dc_masked,convfinqa,Single_UNP/2010/page_30.pdf-3#turn0,what is the net change of diesel fuel prices from 2009 to 2010?,operating expenses millions 2010 2009 2008 % ( % ) change 2010 v 2009 % ( % ) change 2009 v 2008 . millions | 2010 | 2009 | 2008 | % ( % ) change 2010 v 2009 | % ( % ) change2009 v 2008 compensation and benefits | $ 4314 | $ 4063 | $ 4457 | 6% ( 6 % ) | ( 9 ) % ( % ) fuel | 2486 | 1763 | 3983 | 41 |,directional_change,increased|decreased|roughly_unchanged|insufficient_data,insufficient_data,noncommitted,,,,,CONSTRUCTED - verify the masked evidence really cannot answer the question
hqa_CFQ_c89e875c_masked,convfinqa,Single_JPM/2017/page_83.pdf-2#turn0,what was the net change in average interest-earning assets excluding cib markets in 2017?,"jpmorgan chase & co./2017 annual report 53 net interest income excluding cib 2019s markets businesses in addition to reviewing net interest income on a managed basis , management also reviews net interest income excluding net interest income arising from cib 2019s markets businesses to assess the pe",directional_change,increased|decreased|roughly_unchanged|insufficient_data,insufficient_data,noncommitted,,,,,CONSTRUCTED - verify the masked evidence really cannot answer the question
hqa_CFQ_c99f8494,convfinqa,Single_ABMD/2011/page_33.pdf-4#turn0,what is the net change in value of abiomed inc from 2006 to 2009?,"performance graph the following graph compares the yearly change in the cumulative total stockholder return for our last five full fiscal years , based upon the market price of our common stock , with the cumulative total return on a nasdaq composite index ( u.s . companies ) and a peer group , the ",directional_change,increased|decreased|roughly_unchanged|insufficient_data,decreased,committed,,,,,
hqa_CFQ_ca2df86c,convfinqa,Single_ETR/2008/page_267.pdf-1#turn0,what was the net change in revenues from 2006 to 2007?,"entergy arkansas , inc . management's financial discussion and analysis gross operating revenues and fuel and purchased power expenses gross operating revenues increased primarily due to : an increase of $ 114 million in gross wholesale revenue due to an increase in the average price of energy avail",directional_change,increased|decreased|roughly_unchanged|insufficient_data,decreased,committed,,,,,
hqa_CFQ_ca2ecee1_masked,convfinqa,Single_GS/2013/page_47.pdf-2#turn1,"Conversation so far:
Q1: what was the difference in total staff between the year ended december 2013 and december 2012?

Question: and the percentage change?","management 2019s discussion and analysis net interest income 2013 versus 2012 . net interest income on the consolidated statements of earnings was $ 3.39 billion for 2013 , 13% ( 13 % ) lower than 2012 . the decrease compared with 2012 was primarily due to lower average yields on financial instrumen",directional_change,increased|decreased|roughly_unchanged|insufficient_data,insufficient_data,noncommitted,,,,,CONSTRUCTED - verify the masked evidence really cannot answer the question
hqa_CFQ_ca7d7f01,convfinqa,Single_ETFC/2015/page_27.pdf-1#turn0,what is the change in the value of an investment in e*trade financial corporation from 2010 to 2015?,"table of contents performance graph the following performance graph shows the cumulative total return to a holder of the company 2019s common stock , assuming dividend reinvestment , compared with the cumulative total return , assuming dividend reinvestment , of the standard & poor ( ""s&p"" ) 500 ind",directional_change,increased|decreased|roughly_unchanged|insufficient_data,increased,committed,,,,,
hqa_CFQ_ca9617cb,convfinqa,Single_MSI/2007/page_102.pdf-2#turn1,"Conversation so far:
Q1: what was the net change in the increase in fair value between 2005 and 2006?

Question: what is the percent change?","the fair value of the interest agreements at december 31 , 2007 and december 31 , 2006 was $ 3 million and $ 1 million , respectively . the company is exposed to credit loss in the event of nonperformance by the counterparties to its swap contracts . the company minimizes its credit risk on these tr",directional_change,increased|decreased|roughly_unchanged|insufficient_data,increased,committed,,,,,
hqa_CFQ_cacc82cd,convfinqa,Single_MRO/2011/page_21.pdf-2#turn1,"Conversation so far:
Q1: what is the difference in total proved undeveloped reserves during 2010?

Question: what percentage change does this represent?","for the estimates of our oil sands mining reserves has 33 years of experience in petroleum engineering and has conducted surface mineable oil sands evaluations since 1986 . he is a member of spe , having served as regional director from 1998 through 2001 and is a registered practicing professional e",directional_change,increased|decreased|roughly_unchanged|insufficient_data,decreased,committed,,,,,
hqa_CFQ_cb019f31,convfinqa,Single_ZBH/2018/page_61.pdf-1#turn0,what is the change in interest paid from 2016 to 2017?,"zimmer biomet holdings , inc . and subsidiaries 2018 form 10-k annual report notes to consolidated financial statements ( continued ) default for unsecured financing arrangements , including , among other things , limitations on consolidations , mergers and sales of assets . financial covenants unde",directional_change,increased|decreased|roughly_unchanged|insufficient_data,decreased,committed,,,,,
hqa_CFQ_cb550fe2,convfinqa,Single_AMT/2004/page_91.pdf-4#turn1,"Conversation so far:
Q1: what is the net change in rent expense from 2003 to 2004?

Question: what percentage change does this represent?","american tower corporation and subsidiaries notes to consolidated financial statements 2014 ( continued ) 7 . derivative financial instruments under the terms of the credit facility , the company is required to enter into interest rate protection agreements on at least 50% ( 50 % ) of its variable r",directional_change,increased|decreased|roughly_unchanged|insufficient_data,increased,committed,,,,,
hqa_CFQ_cd5c041f,convfinqa,Single_AWK/2017/page_154.pdf-2#turn0,what was the change in the balance throughout 2017?,"the following tables present a reconciliation of the beginning and ending balances of the fair value measurements using significant unobservable inputs ( level 3 ) for 2017 and 2016 , respectively: . | level 3 balance as of january 1 2017 | $ 140 actual return on assets | 2 purchases issuances and s",directional_change,increased|decreased|roughly_unchanged|insufficient_data,increased,committed,,,,,
hqa_CFQ_ce72c9cf,convfinqa,Single_MA/2010/page_107.pdf-3#turn0,what was the net change in value of ars investments from 2008 to 2009?,mastercard incorporated notes to consolidated financial statements 2014continued the municipal bond portfolio is comprised of tax exempt bonds and is diversified across states and sectors . the portfolio has an average credit quality of double-a . the short-term bond funds invest in fixed income sec,directional_change,increased|decreased|roughly_unchanged|insufficient_data,decreased,committed,,,,,
hqa_CFQ_d02c4833,convfinqa,Single_IPG/2018/page_104.pdf-3#turn0,what was the change in redeemable noncontrolling interests and call options with affiliates from 2021 to 2022?,"notes to consolidated financial statements 2013 ( continued ) ( amounts in millions , except per share amounts ) guarantees we have guaranteed certain obligations of our subsidiaries relating principally to operating leases and uncommitted lines of credit of certain subsidiaries . as of december 31 ",directional_change,increased|decreased|roughly_unchanged|insufficient_data,increased,committed,,,,,
hqa_CFQ_d0d9812f,convfinqa,Double_C/2008/page_189.pdf#turn1,"Conversation so far:
Q1: by how much did the available-for-sale securities change between 2007 and 2008?

Question: and what was the change of cash between 2007 and 2008?","on-balance sheet securitizations the company engages in on-balance sheet securitizations . these are securitizations that do not qualify for sales treatment ; thus , the assets remain on the company 2019s balance sheet . the following table presents the carrying amounts and classification of consoli",directional_change,increased|decreased|roughly_unchanged|insufficient_data,increased,committed,,,,,
hqa_CFQ_d218daa5,convfinqa,Double_TROW/2008/page_23.pdf#turn1,"Conversation so far:
Q1: in 2007, considering the percentage increase and the amount equivalent to it of the total of occupancy and facility costs together with depreciation expense from that year to 2008, what can be concluded to have been, in 2007, that total?

Question: and between these same two years, what percentage did the change in net gains ( losses ) realized on fund dispositions represent in relation to those net gains in 2007?","investment advisory revenues earned on the other investment portfolios that we manage decreased $ 3.6 million to $ 522.2 million . average assets in these portfolios were $ 142.1 billion during 2008 , up slightly from $ 141.4 billion in 2007 . these minor changes , each less than 1% ( 1 % ) , are at",directional_change,increased|decreased|roughly_unchanged|insufficient_data,decreased,committed,,,,,
hqa_CFQ_d2c785c9,convfinqa,Single_BLK/2016/page_120.pdf-3#turn0,what was the change in rent expense and rent certain office expenses from 2016 to 2017?,"future payments that will not be paid because of an early redemption , which is discounted at a fixed spread over a comparable treasury security . the unamortized discount and debt issuance costs are being amortized over the remaining term of the 2022 notes . 2021 notes . in may 2011 , the company i",directional_change,increased|decreased|roughly_unchanged|insufficient_data,increased,committed,,,,,
hqa_CFQ_d2fbcd8a,convfinqa,Single_AAPL/2007/page_84.pdf-3#turn1,"Conversation so far:
Q1: what was the difference in accrued warranties and related costs between 2006 and 2007?

Question: and the percentage change during this time?",notes to consolidated financial statements ( continued ) note 8 2014commitments and contingencies ( continued ) the following table reconciles changes in the company 2019s accrued warranties and related costs ( in millions ) : . | 2007 | 2006 | 2005 beginning accrued warranty and related costs | $ 2,directional_change,increased|decreased|roughly_unchanged|insufficient_data,decreased,committed,,,,,
hqa_CFQ_d32e6250,convfinqa,Single_ALXN/2007/page_96.pdf-1#turn0,what was the net change in license agreements from 2008 to 2009?,"alexion pharmaceuticals , inc . notes to consolidated financial statements 2014 ( continued ) for the years ended december 31 , 2007 and 2006 , five month period ended december 31 , 2005 , and year ended july 31 , 2005 ( amounts in thousands , except share and per share amounts ) in 2006 , we comple",directional_change,increased|decreased|roughly_unchanged|insufficient_data,decreased,committed,,,,,
hqa_CFQ_d346dadc,convfinqa,Double_AAPL/2008/page_52.pdf#turn0,"what was the change in cash, cash equivalents, and short-term investments between 2007 and 2008?","table of contents in march 2008 , the fasb issued sfas no . 161 , disclosures about derivative instruments and hedging activities 2014an amendment of fasb statement no . 133 , which requires companies to provide additional disclosures about its objectives and strategies for using derivative instrume",directional_change,increased|decreased|roughly_unchanged|insufficient_data,increased,committed,,,,,
hqa_CFQ_d397b033,convfinqa,Single_ETR/2013/page_15.pdf-3#turn1,"Conversation so far:
Q1: what was the net change in revenue?

Question: what was the percent change?",the grand gulf recovery variance is primarily due to increased recovery of higher costs resulting from the grand gulf uprate . the volume/weather variance is primarily due to the effects of more favorable weather on residential sales and an increase in industrial sales primarily due to growth in the,directional_change,increased|decreased|roughly_unchanged|insufficient_data,decreased,committed,,,,,
hqa_CFQ_d3c3e811_masked,convfinqa,Single_SLB/2009/page_46.pdf-4#turn0,what was the change in average price per share from 2007 to 2009?,"part ii , item 7 until maturity , effectively making this a us dollar denominated debt on which schlumberger will pay interest in us dollars at a rate of 4.74% ( 4.74 % ) . the proceeds from these notes were used to repay commercial paper borrowings . 0160 on april 20 , 2006 , the schlumberger board",directional_change,increased|decreased|roughly_unchanged|insufficient_data,insufficient_data,noncommitted,,,,,CONSTRUCTED - verify the masked evidence really cannot answer the question
hqa_CFQ_d4686024,convfinqa,Double_FIS/2012/page_11.pdf#turn0,what is the net change in the total consolidated revenues from 2011 to 2012?,strategy our mission is to achieve sustainable revenue and earnings growth through providing superior solutions to our customers . our strategy to achieve this has been and will continue to be built on the following pillars : 2022 expand client relationships 2014 the overall market we serve continue,directional_change,increased|decreased|roughly_unchanged|insufficient_data,increased,committed,,,,,
hqa_CFQ_d4b6b3ea_masked,convfinqa,Single_C/2009/page_195.pdf-2#turn1,"Conversation so far:
Q1: what is the net change in value of allowance for loan losses from 2007 to 2008?

Question: what percentage change does this represent?",18 . allowance for credit losses . in millions of dollars | 2009 | 2008 ( 1 ) | 2007 ( 1 ) gross credit losses | -32784 ( 32784 ) | -20760 ( 20760 ) | -11864 ( 11864 ) gross recoveries | 2043 | 1749 | 1938 net credit ( losses ) recoveries ( ncls ) | $ -30741 ( 30741 ) | $ -19011 ( 19011 ) | $ -9926 ,directional_change,increased|decreased|roughly_unchanged|insufficient_data,insufficient_data,noncommitted,,,,,CONSTRUCTED - verify the masked evidence really cannot answer the question
hqa_CFQ_d557f983,convfinqa,Single_LLY/2008/page_39.pdf-1#turn0,what was the change in value for total intangibles 2014 net from 2007 to 2008?,"on the underlying exposure . for derivative contracts that are designated and qualify as cash fl ow hedges , the effective portion of gains and losses on these contracts is reported as a component of other comprehensive income and reclassifi ed into earnings in the same period the hedged transaction",directional_change,increased|decreased|roughly_unchanged|insufficient_data,increased,committed,,,,,
hqa_CFQ_d5f211d4_masked,convfinqa,Single_ZBH/2013/page_49.pdf-1#turn1,"Conversation so far:
Q1: what was the change in value of share-based compensation expense between 2011 and 2012?

Question: what was the percent change?","zimmer holdings , inc . 2013 form 10-k annual report notes to consolidated financial statements ( continued ) unrealized gains and losses on cash flow hedges , unrealized gains and losses on available-for-sale securities and amortization of prior service costs and unrecognized gains and losses in ac",directional_change,increased|decreased|roughly_unchanged|insufficient_data,insufficient_data,noncommitted,,,,,CONSTRUCTED - verify the masked evidence really cannot answer the question
hqa_CFQ_d70e175d,convfinqa,Single_CME/2012/page_100.pdf-3#turn0,what was the change in the obligation for the mrrp between 2011 and 2012?,"do so , cme invests such contributions in assets that mirror the assumed investment choices . the balances in these plans are subject to the claims of general creditors of the exchange and totaled $ 38.7 million and $ 31.8 million at december 31 , 2012 and 2011 respectively . although the value of t",directional_change,increased|decreased|roughly_unchanged|insufficient_data,increased,committed,,,,,
hqa_CFQ_d71f2261,convfinqa,Single_AAL/2015/page_51.pdf-3#turn1,"Conversation so far:
Q1: what was the change in value of american airlines stock over the 4 year period?

Question: what is the percent change?","table of contents capital deployment program will be subject to market and economic conditions , applicable legal requirements and other relevant factors . our capital deployment program does not obligate us to continue a dividend for any fixed period , and payment of dividends may be suspended at a",directional_change,increased|decreased|roughly_unchanged|insufficient_data,increased,committed,,,,,
hqa_CFQ_d72414a3,convfinqa,Single_BKR/2018/page_105.pdf-3#turn0,what is the net change in fair value per share from 2017 to 2018?,"bhge 2018 form 10-k | 85 it is expected that the amount of unrecognized tax benefits will change in the next twelve months due to expiring statutes , audit activity , tax payments , and competent authority proceedings related to transfer pricing or final decisions in matters that are the subject of ",directional_change,increased|decreased|roughly_unchanged|insufficient_data,decreased,committed,,,,,
hqa_CFQ_d7720d67,convfinqa,Single_LKQ/2009/page_77.pdf-2#turn0,what was the net change in value in the rental expense for operating leases from 2008 to 2009?,"note 9 . commitments and contingencies operating leases we are obligated under noncancelable operating leases for corporate office space , warehouse and distribution facilities , trucks and certain equipment . the future minimum lease commitments under these leases at december 31 , 2009 are as follo",directional_change,increased|decreased|roughly_unchanged|insufficient_data,increased,committed,,,,,
hqa_CFQ_d7b3bfcb,convfinqa,Single_SLB/2011/page_41.pdf-2#turn0,what was the change in research & engineering as a percent of revenue from 2010 to 2011?,equity in net earnings of affiliated companies equity income from the m-i swaco joint venture in 2010 represents eight months of equity income through the closing of the smith transaction . interest expense interest expense of $ 298 million in 2011 increased by $ 91 million compared to 2010 primaril,directional_change,increased|decreased|roughly_unchanged|insufficient_data,decreased,committed,,,,,
hqa_CFQ_d7f4d900,convfinqa,Single_PNC/2009/page_51.pdf-3#turn0,what was the change in total level 3 assets from 2008 to 2009?,"pricing the loans . when available , valuation assumptions included observable inputs based on whole loan sales . adjustments are made to these assumptions to account for situations when uncertainties exist , including market conditions and liquidity . credit risk is included as part of our valuatio",directional_change,increased|decreased|roughly_unchanged|insufficient_data,increased,committed,,,,,
hqa_CFQ_d843d7e3_masked,convfinqa,Double_AAP/2016/page_96.pdf#turn0,what is the net change in the balance of allowance for doubtful accounts receivable during 2015?,"advance auto parts , inc . these amounts did not impact the company 2019s statement of operations for any year presented . note : other valuation and qualifying accounts have not been reported in this schedule because they are either not applicable or because the information has been included elsewh",directional_change,increased|decreased|roughly_unchanged|insufficient_data,insufficient_data,noncommitted,,,,,CONSTRUCTED - verify the masked evidence really cannot answer the question
hqa_CFQ_d859434c,convfinqa,Double_GPN/2008/page_88.pdf#turn0,what was the net change in the balance of unrecognized tax benefits from 2007 to 2008?,"notes to consolidated financial statements 2014 ( continued ) company 2019s financial statements and establishes guidelines for recognition and measurement of a tax position taken or expected to be taken in a tax return . as a result of this adoption , we recorded a $ 1.5 million increase in the lia",directional_change,increased|decreased|roughly_unchanged|insufficient_data,decreased,committed,,,,,
hqa_CFQ_d8d2b2e7,convfinqa,Single_LMT/2012/page_87.pdf-3#turn1,"Conversation so far:
Q1: what is the net change in value of contribution related to qualified defined benefit pension plans from 2012 to 2013?

Question: what is the percent change?","valuation techniques 2013 cash equivalents are mostly comprised of short-term money-market instruments and are valued at cost , which approximates fair value . u.s . equity securities and international equity securities categorized as level 1 are traded on active national and international exchanges",directional_change,increased|decreased|roughly_unchanged|insufficient_data,decreased,committed,,,,,
hqa_CFQ_daa1dc86,convfinqa,Single_AON/2010/page_52.pdf-1#turn1,"Conversation so far:
Q1: what was the difference in revenue between 2009 and 2010?

Question: so what was the growth rate during this time?","considered to be the primary beneficiary of either entity and have therefore deconsolidated both entities . at december 31 , 2010 , we held a 36% ( 36 % ) interest in juniperus which is accounted for using the equity method of accounting . our potential loss at december 31 , 2010 is limited to our i",directional_change,increased|decreased|roughly_unchanged|insufficient_data,increased,committed,,,,,
hqa_CFQ_daec4e95,convfinqa,Single_APD/2017/page_37.pdf-1#turn0,what was the change observed in the capitalized interest from 2015 to 2016?,"gain on previously held equity interest on 30 december 2014 , we acquired our partner 2019s equity ownership interest in a liquefied atmospheric industrial gases production joint venture in north america for $ 22.6 , which increased our ownership from 50% ( 50 % ) to 100% ( 100 % ) . the transaction",directional_change,increased|decreased|roughly_unchanged|insufficient_data,decreased,committed,,,,,
hqa_CFQ_dafdaa67,convfinqa,Double_PM/2017/page_117.pdf#turn0,what is the net change in the total accumulated other comprehensive losses from 2015 to 2016?,"note 17 . accumulated other comprehensive losses : pmi's accumulated other comprehensive losses , net of taxes , consisted of the following: . ( losses ) earnings ( in millions ) | ( losses ) earnings 2017 | ( losses ) earnings 2016 | 2015 currency translation adjustments | $ -5761 ( 5761 ) | $ -609",directional_change,increased|decreased|roughly_unchanged|insufficient_data,decreased,committed,,,,,
hqa_CFQ_dbfa3400,convfinqa,Double_JPM/2013/page_124.pdf#turn1,"Conversation so far:
Q1: what was the change in the total wholesale credit-related assets between 2012 and 2013?

Question: and the percentage change during this time?",management 2019s discussion and analysis 130 jpmorgan chase & co./2013 annual report wholesale credit portfolio the wholesale credit environment remained favorable throughout 2013 driving an increase in commercial client activity . discipline in underwriting across all areas of lending continues to ,directional_change,increased|decreased|roughly_unchanged|insufficient_data,increased,committed,,,,,
hqa_CFQ_dc138ebe,convfinqa,Double_RSG/2017/page_98.pdf#turn0,what was the change in the account balance in the allowance for doubtful accounts from 2016 to 2017?,"republic services , inc . notes to consolidated financial statements 2014 ( continued ) high quality financial institutions . such balances may be in excess of fdic insured limits . to manage the related credit exposure , we continually monitor the credit worthiness of the financial institutions whe",directional_change,increased|decreased|roughly_unchanged|insufficient_data,decreased,committed,,,,,
hqa_CFQ_dc13ebaa,convfinqa,Single_DG/2008/page_73.pdf-4#turn0,what was the value change in held-to-maturity securities at cost and at fair value between?,"the contractual maturities of held-to-maturity securities as of january 30 , 2009 were in excess of three years and were $ 31.4 million at cost and $ 28.9 million at fair value , respectively . for the successor year ended january 30 , 2009 and period ended february 1 , 2008 , and the predecessor pe",directional_change,increased|decreased|roughly_unchanged|insufficient_data,decreased,committed,,,,,
hqa_CFQ_dc5e8324,convfinqa,Single_LMT/2012/page_46.pdf-2#turn1,"Conversation so far:
Q1: what was the difference in operating profit between 2011 and 2012?

Question: and the percentage change?","2011 compared to 2010 mfc 2019s net sales for 2011 increased $ 533 million , or 8% ( 8 % ) , compared to 2010 . the increase was attributable to higher volume of about $ 420 million on air and missile defense programs ( primarily pac-3 and thaad ) ; and about $ 245 million from fire control systems ",directional_change,increased|decreased|roughly_unchanged|insufficient_data,increased,committed,,,,,
hqa_CFQ_dda988f4_masked,convfinqa,Double_MAS/2012/page_92.pdf#turn1,"Conversation so far:
Q1: what was the difference in the company 2019s warranty liability between 2011 and 2012?

Question: and the percentage change of this value?","masco corporation notes to consolidated financial statements ( continued ) t . other commitments and contingencies litigation . we are subject to claims , charges , litigation and other proceedings in the ordinary course of our business , including those arising from or related to contractual matter",directional_change,increased|decreased|roughly_unchanged|insufficient_data,insufficient_data,noncommitted,,,,,CONSTRUCTED - verify the masked evidence really cannot answer the question
hqa_CFQ_ddd31603,convfinqa,Single_GS/2017/page_104.pdf-1#turn1,"Conversation so far:
Q1: what was the change in interest rates from 2016 to 2017?

Question: what was the percent change?","the goldman sachs group , inc . and subsidiaries management 2019s discussion and analysis the risk committee of the board and the risk governance committee ( through delegated authority from the firmwide risk committee ) approve market risk limits and sub-limits at firmwide , business and product le",directional_change,increased|decreased|roughly_unchanged|insufficient_data,decreased,committed,,,,,
hqa_CFQ_dde2579c,convfinqa,Double_ETR/2016/page_18.pdf#turn0,what was the change in net revenue between 2015 and 2016?,"entergy corporation and subsidiaries management 2019s financial discussion and analysis combination . consistent with the terms of the stipulated settlement in the business combination proceeding , electric customers of entergy louisiana will realize customer credits associated with the business com",directional_change,increased|decreased|roughly_unchanged|insufficient_data,decreased,committed,,,,,
hqa_CFQ_dea5f1e8_masked,convfinqa,Single_JPM/2015/page_77.pdf-5#turn1,"Conversation so far:
Q1: what is the change in value of the s&p from 2010 to 2015?

Question: assuming an initial investment of $100, what was the percent change?","jpmorgan chase & co./2015 annual report 67 five-year stock performance the following table and graph compare the five-year cumulative total return for jpmorgan chase & co . ( 201cjpmorgan chase 201d or the 201cfirm 201d ) common stock with the cumulative return of the s&p 500 index , the kbw bank in",directional_change,increased|decreased|roughly_unchanged|insufficient_data,insufficient_data,noncommitted,,,,,CONSTRUCTED - verify the masked evidence really cannot answer the question
hqa_CFQ_deb0a2a4,convfinqa,Double_RE/2010/page_138.pdf#turn0,what was the change in the net expense in interest and penalties from 2008 to 2009?,"a reconciliation of the beginning and ending amount of unrecognized tax benefits , for the periods indicated , is as follows: . ( dollars in thousands ) | 2010 | 2009 | 2008 balance at january 1 | $ 29010 | $ 34366 | $ 29132 additions based on tax positions related to the current year | 7119 | 6997 ",directional_change,increased|decreased|roughly_unchanged|insufficient_data,decreased,committed,,,,,
hqa_CFQ_dfe60fdb,convfinqa,Single_AMT/2004/page_76.pdf-4#turn1,"Conversation so far:
Q1: what was the difference in 401(k) contribution between 2003 and 2004?

Question: so what was the percentage change during this time?","american tower corporation and subsidiaries notes to consolidated financial statements 2014 ( continued ) stock-based compensation 2014the company complies with the provisions of sfas no . 148 , 201caccounting for stock-based compensation 2014transition and disclosure 2014an amendment of sfas no . 1",directional_change,increased|decreased|roughly_unchanged|insufficient_data,decreased,committed,,,,,
hqa_CFQ_dfeba7f0,convfinqa,Double_AES/2002/page_117.pdf#turn1,"Conversation so far:
Q1: what was the change in revenues for investments in 50% or less owned investments between 2001 and 2002?

Question: and the percentage change during this time?","affiliated company . the loss recorded on the sale was approximately $ 14 million and is recorded as a loss on sale of assets and asset impairment expenses in the accompanying consolidated statements of operations . in the second quarter of 2002 , the company recorded an impairment charge of approxi",directional_change,increased|decreased|roughly_unchanged|insufficient_data,decreased,committed,,,,,
hqa_CFQ_e04eb1f6,convfinqa,Double_STT/2007/page_65.pdf#turn0,what was the change in cross-border outstandings in the uk between 2006 and 2007?,cross-border outstandings to countries in which we do business which amounted to at least 1% ( 1 % ) of our consolidated total assets were as follows as of december 31 : 2007 2006 2005 ( in millions ) . ( in millions ) | 2007 | 2006 | 2005 united kingdom | $ 5951 | $ 5531 | $ 2696 canada | 4565 | 20,directional_change,increased|decreased|roughly_unchanged|insufficient_data,increased,committed,,,,,
hqa_CFQ_e07d420c,convfinqa,Single_MRO/2009/page_127.pdf-1#turn1,"Conversation so far:
Q1: what was the net difference in asset retirement obligations between 2008 and 2009?

Question: what was the percent change?","marathon oil corporation notes to consolidated financial statements ( g ) this obligation relates to a lease of equipment at united states steel 2019s clairton works cokemaking facility in pennsylvania . we are the primary obligor under this lease . under the financial matters agreement , united sta",directional_change,increased|decreased|roughly_unchanged|insufficient_data,increased,committed,,,,,
hqa_CFQ_e0a59ca7,convfinqa,Single_OKE/2008/page_73.pdf-2#turn0,what was the change in value of the natural gas gross margin from 2007 to 2008?,2022 lower 2008 storage margins related to storage risk management positions and the impact of changes in natural gas prices on these positions ; and 2022 fewer opportunities to optimize storage capacity due to the significant decline in natural gas prices in the second half of 2008 ; o a decrease o,directional_change,increased|decreased|roughly_unchanged|insufficient_data,decreased,committed,,,,,
hqa_CFQ_e1a9ae16,convfinqa,Double_C/2009/page_53.pdf#turn1,"Conversation so far:
Q1: by how much did the tier 1 common ratio change between 2008 and 2009?

Question: and the change in tier 1 capital ratio between 2008 and 2009?","capital resources and liquidity capital resources overview capital has historically been generated by earnings from citi 2019s operating businesses . citi may also augment its capital through issuances of common stock , convertible preferred stock , preferred stock , equity issued through awards und",directional_change,increased|decreased|roughly_unchanged|insufficient_data,decreased,committed,,,,,
hqa_CFQ_e1fe26ff,convfinqa,Single_GPN/2007/page_39.pdf-2#turn1,"Conversation so far:
Q1: what is the net change in value of global payments from 2003 to 2004?

Question: what is the percent change?",stock performance graph the following line-graph presentation compares our cumulative shareholder returns with the standard & poor 2019s information technology index and the standard & poor 2019s 500 stock index for the past five years . the line graph assumes the investment of $ 100 in our common s,directional_change,increased|decreased|roughly_unchanged|insufficient_data,increased,committed,,,,,
hqa_CFQ_e21ecdfe,convfinqa,Double_AON/2010/page_61.pdf#turn0,what is the net change in the balance of goodwill in 2010?,"holding other assumptions constant , the following table reflects what a one hundred basis point increase and decrease in our estimated long-term rate of return on plan assets would have on our estimated 2011 pension expense ( in millions ) : change in long-term rate of return on plan assets . incre",directional_change,increased|decreased|roughly_unchanged|insufficient_data,increased,committed,,,,,
hqa_CFQ_e26402bc,convfinqa,Single_ETR/2017/page_35.pdf-2#turn0,what was the change in debt to capital from 2016 to 2017?,"operations may be extended up to four additional years for each unit by mutual agreement of entergy and new york state based on an exigent reliability need for indian point generation . in accordance with the ferc-approved tariff of the new york independent system operator ( nyiso ) , entergy submit",directional_change,increased|decreased|roughly_unchanged|insufficient_data,increased,committed,,,,,
hqa_CFQ_e2dffb49,convfinqa,Single_TFX/2015/page_42.pdf-3#turn1,"Conversation so far:
Q1: what is the change value of the s&p healthcare index from 2010 to 2015?

Question: what is the change in value of the s&p 500 from 2010 to 2015?","stock performance graph the following graph provides a comparison of five year cumulative total stockholder returns of teleflex common stock , the standard & poor 2019s ( s&p ) 500 stock index and the s&p 500 healthcare equipment & supply index . the annual changes for the five-year period shown on ",directional_change,increased|decreased|roughly_unchanged|insufficient_data,increased,committed,,,,,
hqa_CFQ_e404ffb8,convfinqa,Single_JKHY/2008/page_30.pdf-1#turn1,"Conversation so far:
Q1: what is net change in cash and cash equivalents from 2007 to 2008?

Question: what percentage change does this represent?",l iquidity and capital resources we have historically generated positive cash flow from operations and have generally used funds generated from operations and short-term borrowings on our revolving credit facility to meet capital requirements . we expect this trend to continue in the future . the co,directional_change,increased|decreased|roughly_unchanged|insufficient_data,decreased,committed,,,,,
hqa_CFQ_e45ced5c,convfinqa,Single_AON/2009/page_90.pdf-4#turn0,what was the change in value of unrecognized tax benefits from 2008 to 2009?,"at december 31 , 2009 , aon had domestic federal operating loss carryforwards of $ 7 million that will expire at various dates from 2010 to 2024 , state operating loss carryforwards of $ 513 million that will expire at various dates from 2010 to 2028 , and foreign operating and capital loss carryfor",directional_change,increased|decreased|roughly_unchanged|insufficient_data,decreased,committed,,,,,
hqa_CFQ_e5ee43b1,convfinqa,Single_BLK/2012/page_31.pdf-1#turn1,"Conversation so far:
Q1: what is the net change in value of asset allocation from 2011 to 2012?

Question: what is the percent change?","although many clients use both active and passive strategies , the application of these strategies differs greatly . for example , clients may use index products to gain exposure to a market or asset class pending reallocation to an active manager . this has the effect of increasing turnover of inde",directional_change,increased|decreased|roughly_unchanged|insufficient_data,increased,committed,,,,,
hqa_CFQ_e6218532,convfinqa,Double_C/2018/page_53.pdf#turn0,what is the net change in total revenues net of interest expense from 2016 to 2018?,"corporate/other corporate/other includes certain unallocated costs of global staff functions ( including finance , risk , human resources , legal and compliance ) , other corporate expenses and unallocated global operations and technology expenses and income taxes , as well as corporate treasury , c",directional_change,increased|decreased|roughly_unchanged|insufficient_data,decreased,committed,,,,,
hqa_CFQ_e636ad8b,convfinqa,Double_CB/2009/page_81.pdf#turn0,what was the change in gross unpaid losses from 2008 to 2009?,"critical accounting estimates our consolidated financial statements include amounts that , either by their nature or due to requirements of accounting princi- ples generally accepted in the u.s . ( gaap ) , are determined using best estimates and assumptions . while we believe that the amounts inclu",directional_change,increased|decreased|roughly_unchanged|insufficient_data,increased,committed,,,,,
hqa_CFQ_e709330a,convfinqa,Double_RCL/2011/page_16.pdf#turn1,"Conversation so far:
Q1: what was the portion of the anticipated increased in the berths capacity to service european cruise market between 2012 and 2016?

Question: what was the change in the number of global guests between 2007 and 2011?","part i berths at the end of 2011 . there are approximately 10 ships with an estimated 34000 berths that are expected to be placed in service in the north american cruise market between 2012 and 2016 . europe in europe , cruising represents a smaller but growing sector of the vacation industry . it h",directional_change,increased|decreased|roughly_unchanged|insufficient_data,increased,committed,,,,,
hqa_CFQ_e778740c,convfinqa,Single_ANSS/2014/page_49.pdf-1#turn1,"Conversation so far:
Q1: what was the difference in foreign currency losses net between 2012 and 2013?

Question: so what was the percentage change during this time?","other expense , net : the company's other expense consists of the following: . ( in thousands ) | year ended december 31 , 2013 | year ended december 31 , 2012 foreign currency losses net | $ -1115 ( 1115 ) | $ -1401 ( 1401 ) other income ( expense ) net | 69 | -4 ( 4 ) total other expense net | $ -",directional_change,increased|decreased|roughly_unchanged|insufficient_data,decreased,committed,,,,,
hqa_CFQ_e86e1774,convfinqa,Double_SLB/2011/page_41.pdf#turn0,what was the change in the schlumberger interest expense from 2010 to 2011?,equity in net earnings of affiliated companies equity income from the m-i swaco joint venture in 2010 represents eight months of equity income through the closing of the smith transaction . interest expense interest expense of $ 298 million in 2011 increased by $ 91 million compared to 2010 primaril,directional_change,increased|decreased|roughly_unchanged|insufficient_data,increased,committed,,,,,
hqa_CFQ_e8b482cf,convfinqa,Single_ETR/2004/page_186.pdf-4#turn0,"what is the change in net revenue for entergy gulf states , inc from 2002 to 2003?","entergy gulf states , inc . management's financial discussion and analysis . | ( in millions ) 2002 net revenue | $ 1130.7 volume/weather | 17.8 fuel write-offs in 2002 | 15.3 net wholesale revenue | 10.2 base rate decreases | -23.3 ( 23.3 ) nisco gain recognized in 2002 | -15.2 ( 15.2 ) rate refund",directional_change,increased|decreased|roughly_unchanged|insufficient_data,decreased,committed,,,,,
hqa_CFQ_e8b5a1b8,convfinqa,Double_ETR/2016/page_444.pdf#turn0,what was the change in the system energy 2019s receivables from the money pool from 2015 and 2016?,"system energy resources , inc . management 2019s financial discussion and analysis also in addition to the contractual obligations , system energy has $ 382.3 million of unrecognized tax benefits and interest net of unused tax attributes and payments for which the timing of payments beyond 12 months",directional_change,increased|decreased|roughly_unchanged|insufficient_data,decreased,committed,,,,,
hqa_CFQ_e9163536,convfinqa,Single_HUM/2007/page_96.pdf-3#turn0,what was the net change in the weighted average grant-date fair value from 2006 to 2007?,"humana inc . notes to consolidated financial statements 2014 ( continued ) the total intrinsic value of stock options exercised during 2007 was $ 133.9 million , compared with $ 133.7 million during 2006 and $ 57.8 million during 2005 . cash received from stock option exercises for the years ended d",directional_change,increased|decreased|roughly_unchanged|insufficient_data,increased,committed,,,,,
hqa_CFQ_ea8a8299_masked,convfinqa,Single_GS/2018/page_76.pdf-4#turn1,"Conversation so far:
Q1: what was the net change in pre-tax earnings from 2017 to 2018?

Question: what is the percent change?","the goldman sachs group , inc . and subsidiaries management 2019s discussion and analysis net revenues in equities were $ 6.60 billion , 4% ( 4 % ) lower than 2016 , primarily due to lower commissions and fees , reflecting a decline in our listed cash equity volumes in the u.s . market volumes in th",directional_change,increased|decreased|roughly_unchanged|insufficient_data,insufficient_data,noncommitted,,,,,CONSTRUCTED - verify the masked evidence really cannot answer the question
hqa_CFQ_eaadc3af_masked,convfinqa,Single_RSG/2010/page_135.pdf-2#turn0,what was the change in the weighted-average estimated fair values of stock options granted from 2009 to 2010?,"2006 plan prior to december 5 , 2008 became fully vested and nonforfeitable upon the closing of the acquisition . awards may be granted under the 2006 plan , as amended and restated , after december 5 , 2008 only to employees and consultants of allied waste industries , inc . and its subsidiaries wh",directional_change,increased|decreased|roughly_unchanged|insufficient_data,insufficient_data,noncommitted,,,,,CONSTRUCTED - verify the masked evidence really cannot answer the question
hqa_CFQ_eae8c337,convfinqa,Single_GS/2014/page_172.pdf-2#turn0,what was the net change in common share repurchases from 2012 to 2013?,"notes to consolidated financial statements guarantees of subsidiaries . group inc . fully and unconditionally guarantees the securities issued by gs finance corp. , a wholly-owned finance subsidiary of the group inc . has guaranteed the payment obligations of goldman , sachs & co . ( gs&co. ) , gs b",directional_change,increased|decreased|roughly_unchanged|insufficient_data,increased,committed,,,,,
hqa_CFQ_eaf13931,convfinqa,Single_MMM/2015/page_19.pdf-2#turn0,what was the change in the amount of shares authorized for repurchase between 2014 and 2016?,"part ii item 5 . market for registrant 2019s common equity , related stockholder matters and issuer purchases of equity securities . equity compensation plans 2019 information is incorporated by reference from part iii , item 12 , 201csecurity ownership of certain beneficial owners and management an",directional_change,increased|decreased|roughly_unchanged|insufficient_data,decreased,committed,,,,,
hqa_CFQ_eb1e741e,convfinqa,Single_UNP/2006/page_45.pdf-2#turn1,"Conversation so far:
Q1: what was the difference in the beginning balance of open claims between 2005 and 2006?

Question: so what was the percentage change during this time?","potentially responsible parties , and existing technology , laws , and regulations . the ultimate liability for remediation is difficult to determine because of the number of potentially responsible parties involved , site- specific cost sharing arrangements with other potentially responsible partie",directional_change,increased|decreased|roughly_unchanged|insufficient_data,increased,committed,,,,,
hqa_CFQ_eb2d0d5c,convfinqa,Single_REGN/2010/page_64.pdf-3#turn0,what was the change in the total bayer healthcare collaboration revenue from 2009 to 2010?,recognition of deferred revenue related to sanofi-aventis 2019 $ 85.0 million up-front payment decreased in 2010 compared to 2009 due to the november 2009 amendments to expand and extend the companies 2019 antibody collaboration . in connection with the november 2009 amendment of the discovery agree,directional_change,increased|decreased|roughly_unchanged|insufficient_data,increased,committed,,,,,
hqa_CFQ_eb6cfd8c,convfinqa,Single_RCL/2016/page_37.pdf-2#turn1,"Conversation so far:
Q1: what is the value of an investment in s&p500 in 2016?

Question: what is the change in value of an investment in s&p500 from 2011 to 2016?","performance graph the following graph compares the total return , assuming reinvestment of dividends , on an investment in the company , based on performance of the company's common stock , with the total return of the standard & poor's 500 composite stock index and the dow jones united states trave",directional_change,increased|decreased|roughly_unchanged|insufficient_data,increased,committed,,,,,
hqa_CFQ_eb72e5ac_masked,convfinqa,Double_STT/2013/page_71.pdf#turn0,what was the change in the average total short-duration advances from 2012 to 2013?,management 2019s discussion and analysis of financial condition and results of operations ( continued ) the following table presents average u.s . and non-u.s . short-duration advances for the years ended december 31 : years ended december 31 . ( in millions ) | 2013 | 2012 | 2011 average u.s . shor,directional_change,increased|decreased|roughly_unchanged|insufficient_data,insufficient_data,noncommitted,,,,,CONSTRUCTED - verify the masked evidence really cannot answer the question
hqa_CFQ_ed1a36fe,convfinqa,Single_CME/2017/page_99.pdf-6#turn0,what is the net change in the balance of outstanding number of shares during 2017?,"in 2017 , the company granted 440076 shares of restricted class a common stock and 7568 shares of restricted stock units . restricted common stock and restricted stock units generally have a vesting period of two to four years . the fair value related to these grants was $ 58.7 million , which is re",directional_change,increased|decreased|roughly_unchanged|insufficient_data,decreased,committed,,,,,
hqa_CFQ_edaf57f4_masked,convfinqa,Single_DRE/2007/page_39.pdf-4#turn0,what was the net change in value of recurring tenant improvements from 2006 to 2007?,"in february 2008 , we issued $ 300.0 million of 8.375% ( 8.375 % ) series o cumulative redeemable preferred shares . the indentures ( and related supplemental indentures ) governing our outstanding series of notes also require us to comply with financial ratios and other covenants regarding our oper",directional_change,increased|decreased|roughly_unchanged|insufficient_data,insufficient_data,noncommitted,,,,,CONSTRUCTED - verify the masked evidence really cannot answer the question
hqa_CFQ_edc8e540,convfinqa,Double_GS/2017/page_104.pdf#turn0,what was the change in the average daily var in the interest rates risk category from 2016 to 2017?,"the goldman sachs group , inc . and subsidiaries management 2019s discussion and analysis the risk committee of the board and the risk governance committee ( through delegated authority from the firmwide risk committee ) approve market risk limits and sub-limits at firmwide , business and product le",directional_change,increased|decreased|roughly_unchanged|insufficient_data,decreased,committed,,,,,
hqa_CFQ_ef76b9a2,convfinqa,Double_ETR/2008/page_336.pdf#turn0,what was the change in the net revenue from 2007 to 2008?,"entergy mississippi , inc . management's financial discussion and analysis results of operations net income 2008 compared to 2007 net income decreased $ 12.4 million primarily due to higher other operation and maintenance expenses , lower other income , and higher depreciation and amortization expen",directional_change,increased|decreased|roughly_unchanged|insufficient_data,increased,committed,,,,,
hqa_CFQ_ef782e3b_masked,convfinqa,Double_INTC/2016/page_100.pdf#turn0,what was the net change in the accumulated other comprehensive income during 2015?,intel corporation notes to consolidated financial statements ( continued ) note 16 : other comprehensive income ( loss ) the changes in accumulated other comprehensive income ( loss ) by component and related tax effects for each period were as follows : ( in millions ) unrealized holding ( losses ),directional_change,increased|decreased|roughly_unchanged|insufficient_data,insufficient_data,noncommitted,,,,,CONSTRUCTED - verify the masked evidence really cannot answer the question
hqa_CFQ_ef7cf562,convfinqa,Single_PM/2015/page_32.pdf-1#turn0,"what was the change in value of pmi in 2015, assuming a $100 initial investment?","performance graph the graph below compares the cumulative total shareholder return on pmi's common stock with the cumulative total return for the same period of pmi's compensation survey group and the s&p 500 index . the graph assumes the investment of $ 100 as of december 31 , 2010 , in pmi common ",directional_change,increased|decreased|roughly_unchanged|insufficient_data,increased,committed,,,,,
hqa_CFQ_ef89461f,convfinqa,Single_STT/2013/page_175.pdf-1#turn0,what was the net change in value of indemnified securities financing from 2012 to 2013?,"state street corporation notes to consolidated financial statements ( continued ) with respect to the 5.25% ( 5.25 % ) subordinated bank notes due 2018 , state street bank is required to make semi- annual interest payments on the outstanding principal balance of the notes on april 15 and october 15 ",directional_change,increased|decreased|roughly_unchanged|insufficient_data,increased,committed,,,,,
hqa_CFQ_eff0d481,convfinqa,Single_STT/2012/page_42.pdf-2#turn1,"Conversation so far:
Q1: what was the net change in the s&p 500 index from 2007 to 2009?

Question: what was the percent change?",shareholder return performance presentation the graph presented below compares the cumulative total shareholder return on state street's common stock to the cumulative total return of the s&p 500 index and the s&p financial index over a five-year period . the cumulative total shareholder return assu,directional_change,increased|decreased|roughly_unchanged|insufficient_data,decreased,committed,,,,,
hqa_CFQ_f102f523,convfinqa,Single_ETR/2011/page_316.pdf-1#turn1,"Conversation so far:
Q1: what was the difference in net revenue from 2010 to 2011?

Question: what was the percent change?","entergy louisiana , llc and subsidiaries management 2019s financial discussion and analysis plan to spin off the utility 2019s transmission business see the 201cplan to spin off the utility 2019s transmission business 201d section of entergy corporation and subsidiaries management 2019s financial di",directional_change,increased|decreased|roughly_unchanged|insufficient_data,decreased,committed,,,,,
hqa_CFQ_f11f0c77,convfinqa,Double_STT/2012/page_42.pdf#turn0,what is the change in the value of an investment in state street corporation from 2007 to 2009?,shareholder return performance presentation the graph presented below compares the cumulative total shareholder return on state street's common stock to the cumulative total return of the s&p 500 index and the s&p financial index over a five-year period . the cumulative total shareholder return assu,directional_change,increased|decreased|roughly_unchanged|insufficient_data,decreased,committed,,,,,
hqa_CFQ_f1de8ce5,convfinqa,Single_ORLY/2017/page_30.pdf-1#turn0,what is the net change in value of an investment in s&p500 from 2014 to 2016?,"stock performance graph : the graph below shows the cumulative total shareholder return assuming the investment of $ 100 , on december 31 , 2012 , and the reinvestment of dividends thereafter , if any , in the company 2019s common stock versus the standard and poor 2019s s&p 500 retail index ( 201cs",directional_change,increased|decreased|roughly_unchanged|insufficient_data,increased,committed,,,,,
hqa_CFQ_f24046f5,convfinqa,Single_AON/2010/page_61.pdf-2#turn0,what was the change in long-term rate of return on plan assets increase of us plans?,"holding other assumptions constant , the following table reflects what a one hundred basis point increase and decrease in our estimated long-term rate of return on plan assets would have on our estimated 2011 pension expense ( in millions ) : change in long-term rate of return on plan assets . incre",directional_change,increased|decreased|roughly_unchanged|insufficient_data,increased,committed,,,,,
hqa_CFQ_f264af16,convfinqa,Single_C/2009/page_248.pdf-4#turn0,what was the change in the carrying amount reported on the consolidated balance sheet from 2008 to 2009?,certain mortgage loans citigroup has elected the fair value option for certain purchased and originated prime fixed-rate and conforming adjustable-rate first mortgage loans held-for-sale . these loans are intended for sale or securitization and are hedged with derivative instruments . the company ha,directional_change,increased|decreased|roughly_unchanged|insufficient_data,decreased,committed,,,,,
hqa_CFQ_f322dad0,convfinqa,Double_AMAT/2014/page_37.pdf#turn1,"Conversation so far:
Q1: what is the value of an investment in applied materials	 in 2012?

Question: what is the net change?","performance graph the performance graph below shows the five-year cumulative total stockholder return on applied common stock during the period from october 25 , 2009 through october 26 , 2014 . this is compared with the cumulative total return of the standard & poor 2019s 500 stock index and the rd",directional_change,increased|decreased|roughly_unchanged|insufficient_data,decreased,committed,,,,,
hqa_CFQ_f32ce4c6_masked,convfinqa,Single_IP/2007/page_19.pdf-2#turn0,"what was the change in industry segment operating profits from 2006 to 2007, in millions?","item 7 . management 2019s discussion and analysis of financial condition and results of operations executive summary international paper 2019s operating results in 2007 bene- fited from significantly higher paper and packaging price realizations . sales volumes were slightly high- er , with growth i",directional_change,increased|decreased|roughly_unchanged|insufficient_data,insufficient_data,noncommitted,,,,,CONSTRUCTED - verify the masked evidence really cannot answer the question
hqa_CFQ_f357b90f,convfinqa,Double_GS/2013/page_145.pdf#turn0,"what was the change in the total derivatives for level 3 derivative assets and liabilities at fair value throughout 2013, in millions?","notes to consolidated financial statements level 3 rollforward if a derivative was transferred to level 3 during a reporting period , its entire gain or loss for the period is included in level 3 . transfers between levels are reported at the beginning of the reporting period in which they occur . i",directional_change,increased|decreased|roughly_unchanged|insufficient_data,decreased,committed,,,,,
hqa_CFQ_f3666c8b,convfinqa,Single_STT/2013/page_54.pdf-4#turn0,what is the fraction change of the investment in s&p500 from 2008 to 2013?,"shareholder return performance presentation the graph presented below compares the cumulative total shareholder return on state street's common stock to the cumulative total return of the s&p 500 index , the s&p financial index and the kbw bank index over a five- year period . the cumulative total s",directional_change,increased|decreased|roughly_unchanged|insufficient_data,increased,committed,,,,,
hqa_CFQ_f56ee3e9,convfinqa,Single_IQV/2016/page_79.pdf-2#turn0,what was the change in the net cash provided by operating activities from 2014 to 2015?,"special purpose entity ( 201cspe 201d ) . the spe obtained a term loan and revolving loan commitment from a third party lender , secured by liens on the assets of the spe , to finance the purchase of the accounts receivable , which included a $ 275 million term loan and a $ 25 million revolving loan",directional_change,increased|decreased|roughly_unchanged|insufficient_data,increased,committed,,,,,
hqa_CFQ_f56f6149,convfinqa,Double_INTC/2013/page_71.pdf#turn0,what was the change in the total of cash and investments from 2012 to 2013?,"the fair value of our grants receivable is determined using a discounted cash flow model , which discounts future cash flows using an appropriate yield curve . as of december 28 , 2013 , and december 29 , 2012 , the carrying amount of our grants receivable was classified within other current assets ",directional_change,increased|decreased|roughly_unchanged|insufficient_data,increased,committed,,,,,
hqa_CFQ_f5ed8c03,convfinqa,Single_ADBE/2012/page_102.pdf-2#turn0,what was the change in the total gross amount of unrecognized tax benefits from 2011 to 2012?,"repatriated , the related u.s . tax liability may be reduced by any foreign income taxes paid on these earnings . as of november 30 , 2012 , the cumulative amount of earnings upon which u.s . income taxes have not been provided is approximately $ 2.9 billion . the unrecognized deferred tax liability",directional_change,increased|decreased|roughly_unchanged|insufficient_data,decreased,committed,,,,,
hqa_CFQ_f6140392,convfinqa,Double_ADI/2010/page_82.pdf#turn0,what was the change in the total expense related to the defined contribution plan for u.s employees from fiscal 2009 to 2010?,"the following is a schedule of future minimum rental payments required under long-term operating leases at october 30 , 2010 : fiscal years operating leases . fiscal years | operating leases 2011 | $ 21871 2012 | 12322 2013 | 9078 2014 | 6381 2015 | 5422 later years | 30655 total | $ 85729 12 . comm",directional_change,increased|decreased|roughly_unchanged|insufficient_data,decreased,committed,,,,,
hqa_CFQ_f643e52b,convfinqa,Single_FIS/2016/page_64.pdf-2#turn0,what was the change in total trade net receivables from 2015 to 2016?,"fidelity national information services , inc . and subsidiaries notes to consolidated financial statements - ( continued ) contingent consideration liabilities recorded in connection with business acquisitions must also be adjusted for changes in fair value until settled . see note 3 for discussion ",directional_change,increased|decreased|roughly_unchanged|insufficient_data,decreased,committed,,,,,
hqa_CFQ_f71be520,convfinqa,Single_ETR/2011/page_377.pdf-3#turn0,what was the net change in value of net revenues from 2009 to 2010?,"entergy texas , inc . and subsidiaries management 2019s financial discussion and analysis gross operating revenues , fuel and purchased power expenses , and other regulatory charges gross operating revenues increased primarily due to the base rate increases and the volume/weather effect , as discuss",directional_change,increased|decreased|roughly_unchanged|insufficient_data,increased,committed,,,,,
hqa_CFQ_f82e55fe,convfinqa,Single_ETR/2004/page_159.pdf-1#turn0,what was the net change in revenues from 2003 to 2004?,"entergy arkansas , inc . management's financial discussion and analysis results of operations net income 2004 compared to 2003 net income increased $ 16.2 million due to lower other operation and maintenance expenses , a lower effective income tax rate for 2004 compared to 2003 , and lower interest ",directional_change,increased|decreased|roughly_unchanged|insufficient_data,decreased,committed,,,,,
hqa_CFQ_f881d058,convfinqa,Single_UNP/2006/page_72.pdf-2#turn0,what was the net change in personal injury liability in 2006?,"consolidated results of operations , financial condition , or liquidity ; however , to the extent possible , where unasserted claims are considered probable and where such claims can be reasonably estimated , we have recorded a liability . we do not expect that any known lawsuits , claims , environm",directional_change,increased|decreased|roughly_unchanged|insufficient_data,increased,committed,,,,,
hqa_CFQ_f945f8b8_masked,convfinqa,Single_AAPL/2007/page_51.pdf-1#turn1,"Conversation so far:
Q1: what was the net change in inventory from 2005 to 2006?

Question: what is the percent change?","no . 159 requires that unrealized gains and losses on items for which the fair value option has been elected be reported in earnings at each reporting date . sfas no . 159 is effective for fiscal years beginning after november 15 , 2007 and is required to be adopted by the company beginning in the f",directional_change,increased|decreased|roughly_unchanged|insufficient_data,insufficient_data,noncommitted,,,,,CONSTRUCTED - verify the masked evidence really cannot answer the question
hqa_CFQ_f9c627e5_masked,convfinqa,Single_BKNG/2017/page_35.pdf-1#turn1,"Conversation so far:
Q1: what was the price of booking holdings inc. in 2017?

Question: and the change in price between this time and the original investment?",measurement point december 31 booking holdings nasdaq composite index s&p 500 rdg internet composite . measurement pointdecember 31 | booking holdings inc . | nasdaqcomposite index | s&p 500index | rdg internetcomposite 2012 | 100.00 | 100.00 | 100.00 | 100.00 2013 | 187.37 | 141.63 | 132.39 | 163.0,directional_change,increased|decreased|roughly_unchanged|insufficient_data,insufficient_data,noncommitted,,,,,CONSTRUCTED - verify the masked evidence really cannot answer the question
hqa_CFQ_fa02c34d,convfinqa,Single_BLK/2016/page_35.pdf-4#turn0,what was the net change in value of multi-asset aum during 2016?,long-term product offerings include active and index strategies . our active strategies seek to earn attractive returns in excess of a market benchmark or performance hurdle while maintaining an appropriate risk profile . we offer two types of active strategies : those that rely primarily on fundame,directional_change,increased|decreased|roughly_unchanged|insufficient_data,increased,committed,,,,,
hqa_CFQ_fc9dafa2_masked,convfinqa,Double_LKQ/2007/page_76.pdf#turn0,what was the change in the rental expense from 2005 to 2006?,"lkq corporation and subsidiaries notes to consolidated financial statements ( continued ) note 5 . long-term obligations ( continued ) as part of the consideration for business acquisitions completed during 2007 , 2006 and 2005 , we issued promissory notes totaling approximately $ 1.7 million , $ 7.",directional_change,increased|decreased|roughly_unchanged|insufficient_data,insufficient_data,noncommitted,,,,,CONSTRUCTED - verify the masked evidence really cannot answer the question
hqa_CFQ_fce3ccdf,convfinqa,Single_AAP/2011/page_63.pdf-3#turn1,"Conversation so far:
Q1: what was the net change in the value of ne inventories at lifo during the year?

Question: what is the percent change?","advance auto parts , inc . and subsidiaries notes to the consolidated financial statements december 31 , 2011 , january 1 , 2011 and january 2 , 2010 ( in thousands , except per share data ) 2011-12 superseded certain pending paragraphs in asu 2011-05 201ccomprehensive income 2013 presentation of co",directional_change,increased|decreased|roughly_unchanged|insufficient_data,increased,committed,,,,,
hqa_CFQ_fde85cd5,convfinqa,Single_RSG/2015/page_75.pdf-2#turn0,what was the change in the free cash flow from 2014 to 2015?,"financial assurance we must provide financial assurance to governmental agencies and a variety of other entities under applicable environmental regulations relating to our landfill operations for capping , closure and post-closure costs , and related to our performance under certain collection , lan",directional_change,increased|decreased|roughly_unchanged|insufficient_data,increased,committed,,,,,
hqa_CFQ_fdf45575,convfinqa,Single_ECL/2017/page_95.pdf-4#turn1,"Conversation so far:
Q1: what was the net change in value of the balance of gross liability for unrecognized tax benefits from 2016 to 2017?

Question: what is the percent change over the year?","the company 2019s 2017 reported tax rate includes $ 160.9 million of net tax benefits associated with the tax act , $ 6.2 million of net tax benefits on special gains and charges , and net tax benefits of $ 25.3 million associated with discrete tax items . in connection with the company 2019s initia",directional_change,increased|decreased|roughly_unchanged|insufficient_data,decreased,committed,,,,,
hqa_CFQ_fed90ba0,convfinqa,Single_APTV/2018/page_36.pdf-1#turn0,what was the change in price for aptiv plc between 12/31/13 and 12/31/18?,"part ii item 5 . market for registrant 2019s common equity , related stockholder matters and issuer purchases of equity securities our ordinary shares have been publicly traded since november 17 , 2011 when our ordinary shares were listed and began trading on the new york stock exchange ( 201cnyse 2",directional_change,increased|decreased|roughly_unchanged|insufficient_data,increased,committed,,,,,
hqa_CFQ_fefe047d,convfinqa,Single_LLY/2008/page_39.pdf-1#turn1,"Conversation so far:
Q1: what was the change in value for total intangibles 2014 net from 2007 to 2008?

Question: what was the percent change?","on the underlying exposure . for derivative contracts that are designated and qualify as cash fl ow hedges , the effective portion of gains and losses on these contracts is reported as a component of other comprehensive income and reclassifi ed into earnings in the same period the hedged transaction",directional_change,increased|decreased|roughly_unchanged|insufficient_data,increased,committed,,,,,
hqa_CFQ_ff1fc8dc,convfinqa,Single_UPS/2009/page_33.pdf-4#turn1,"Conversation so far:
Q1: what was the value of united parcel service inc. in 2019?

Question: what is the change in value assuming a $100 initial investment?",( 1 ) includes shares repurchased through our publicly announced share repurchase program and shares tendered to pay the exercise price and tax withholding on employee stock options . shareowner return performance graph the following performance graph and related information shall not be deemed 201c,directional_change,increased|decreased|roughly_unchanged|insufficient_data,decreased,committed,,,,,
hqa_FB_04a83e7c,financebench,financebench_id_00757,Did AMD report customer concentration in FY22?,"One customer accounted for 16% of our consolidated net revenue for the year ended December 31, 2022. Sales to this customer consisted of sales of products from our Gaming segment. A loss of this customer would have a material adverse effect on our business.",yes_no,yes|no|insufficient_data,yes,committed,,,,,
hqa_FB_11e71606,financebench,financebench_id_00566,Has Verizon increased its debt on balance sheet between 2022 and the 2021 fiscal period?,"At December 31, Maturities Interest Rates % 2022 2021 Verizon Communications < 5 Years 0.75 - 5.82 $ 23,929 $ 18,406 5-10 Years 1.50 - 7.88 42,637 43,225 > 10 Years 1.13 - 8.95 60,134 73,520 < 5 Years Floating (1) 2,992 4,086 5-10 Years Floating (1) 3,029 824 Alltel Corporation 5-10 Years 6.80 - 7.8",yes_no,yes|no|insufficient_data,no,committed,,,,,
hqa_FB_17e73c78,financebench,financebench_id_00678,"Does Boeing have an improving gross margin profile as of FY2022? If gross margin is not a useful metric for a company like this, then state that and explain why.","The Boeing Company and Subsidiaries Consolidated Statements of Operations (Dollars in millions, except per share data) Years ended December 31, 2022 2021 2020 Sales of products $55,893 $51,386 $47,142 Sales of services 10,715 10,900 11,016 Total revenues 66,608 62,286 58,158 Cost of products (53,969",yes_no,yes|no|insufficient_data,yes,committed,,,,,
hqa_FB_1858a6da_masked,financebench,financebench_id_00591,Does Adobe have an improving Free cashflow conversion as of FY2022?,"ADOBE INC. CONSOLIDATED STATEMENTS OF CASH FLOWS (In millions) Years Ended December 2, 2022 December 3, 2021 November 27, 2020 Cash flows from operating activities: Net income $ $ $ 5,260 Adjustments to reconcile net income to net cash provided by operating activities: Depreciation, amortization and",yes_no,yes|no|insufficient_data,insufficient_data,noncommitted,,,,,CONSTRUCTED - verify the masked evidence really cannot answer the question
hqa_FB_1890c92b,financebench,financebench_id_00464,Is Boeing's business subject to cyclicality?,"Historically, the airline industry has been cyclical and very competitive and has experienced significant profit swings and constant challenges to be more cost competitive.",yes_no,yes|no|insufficient_data,yes,committed,,,,,
hqa_FB_1da93057_masked,financebench,financebench_id_00302,Did Pfizer grow its PPNE between FY20 and FY21?,"As of December 31, (MILLIONS, EXCEPT PER COMMON SHARE DATA) 2021 2020 Assets Cash and cash equivalents $ 1,944 $ 1,786 Short-term investments 29,125 10,437 Trade accounts receivable, less allowance for doubtful accounts: 2021$492; 2020$508 11,479 7,913 Inventories 9,059 8,020 Current tax assets 4,26",yes_no,yes|no|insufficient_data,insufficient_data,noncommitted,,,,,CONSTRUCTED - verify the masked evidence really cannot answer the question
hqa_FB_26099d20,financebench,financebench_id_02419,"As of Q2'2023, is Pfizer spinning off any large business segments?","We expect to incur costs of approximately $700 million in connection with separating Upjohn, of which approximately 90% has been incurred since inception and through the second quarter of 2023. These charges include costs and expenses related to separation of legal entities and transaction costs.",yes_no,yes|no|insufficient_data,yes,committed,,,,,
hqa_FB_27095e41_masked,financebench,financebench_id_00080,"Does Paypal have positive working capital based on FY2022 data? If working capital is not a useful or relevant metric for this company, then please state that and explain why.","PayPal Holdings, Inc. CONSOLIDATED BALANCE SHEETS As of December 31, 2022 2021 (In millions, except par value) ASSETS Current assets: Cash and cash equivalents $ 7,776 $ 5,197 Short-term investments 3,092 4,303 Accounts receivable, net 800 Loans and interest receivable, net of allowances of $598 and",yes_no,yes|no|insufficient_data,insufficient_data,noncommitted,,,,,CONSTRUCTED - verify the masked evidence really cannot answer the question
hqa_FB_2efc769e_masked,financebench,financebench_id_00070,"Does American Water Works have positive working capital based on FY2022 data? If working capital is not a useful or relevant metric for this company, then please state that and explain why.","American Water Works Company, Inc. and Subsidiary Companies Consolidated Balance Sheets (In millions, except share and per share data) December 31, 2022 December 31, 2021 ASSETS Property, plant and equipment $ 29,736 $ 27,413 Accumulated depreciation (6,513) (6,329) Property, plant and equipment, ne",yes_no,yes|no|insufficient_data,insufficient_data,noncommitted,,,,,CONSTRUCTED - verify the masked evidence really cannot answer the question
hqa_FB_379b82eb,financebench,financebench_id_00552,Has Microsoft increased its debt on balance sheet between FY2023 and the FY2022 period?,"BALANCE SHEETS (In millions) June 30, 2023 2022 Assets Current assets: Cash and cash equivalents $ 34,704 $ 13,931 Short-term investments 76,558 90,826 Total cash, cash equivalents, and short-term investments 111,262 104,757 Accounts receivable, net of allowance for doubtful accounts of $650 and $63",yes_no,yes|no|insufficient_data,no,committed,,,,,
hqa_FB_38d1ec9b,financebench,financebench_id_01091,Has Boeing reported any materially important ongoing legal battles from FY2022?,"Multiple legal actions have been filed against us as a result of the October 29, 2018 accident of Lion Air Flight 610 and the March 10, 2019 accident of Ethiopian Airlines Flight 302.",yes_no,yes|no|insufficient_data,yes,committed,,,,,
hqa_FB_3a8f6edf,financebench,financebench_id_00499,Is 3M a capital-intensive business based on FY2022 data?,"3M Company and Subsidiaries Consolidated Statement of Income Years ended December 31 (Millions, except per share amounts) 2022 2021 2020 Net sales $ 34,229 $ 35,355 $ 32,184 3M Company and Subsidiaries Consolidated Balance Sheet At December 31 (Dollars in millions, except per share amount) 2022 2021",yes_no,yes|no|insufficient_data,no,committed,,,,,
hqa_FB_3d960a52,financebench,financebench_id_00702,Were there any potential events that are not in Pfizer's standard business operations that substantially increased net income in 2019?,"Year Ended December 31, (MILLIONS, EXCEPT PER COMMON SHARE DATA) 2021 2020 2019 Revenues $ 81,288 $ 41,651 $ 40,905 Costs and expenses: Cost of sales 30,821 8,484 8,054 Selling, informational and administrative expenses 12,703 11,597 12,726 Research and development expenses 13,829 9,393 8,385 Amorti",yes_no,yes|no|insufficient_data,yes,committed,,,,,
hqa_FB_435b88c4_masked,financebench,financebench_id_00566,Has Verizon increased its debt on balance sheet between 2022 and the 2021 fiscal period?,"At December 31, Maturities Interest Rates % 2022 2021 Verizon Communications < 5 Years 0.75 - 5.82 $ 23,929 $ 18,406 5-10 Years 1.50 - 7.88 42,637 43,225 > 10 Years 1.13 - 8.95 60,134 73,520 < 5 Years Floating (1) 2,992 4,086 5-10 Years Floating (1) 3,029 824 Alltel Corporation 5-10 Years 6.80 - 7.8",yes_no,yes|no|insufficient_data,insufficient_data,noncommitted,,,,,CONSTRUCTED - verify the masked evidence really cannot answer the question
hqa_FB_4755512d_masked,financebench,financebench_id_00438,"Does Adobe have an improving operating margin profile as of FY2022? If operating margin is not a useful metric for a company like this, then state that and explain why.","ADOBE INC. CONSOLIDATED STATEMENTS OF INCOME (In millions, except per share data) Years Ended December 2, 2022 December 3, 2021 November 27, 2020 Revenue: Subscription $ 11,626 Product 532 555 507 Services and other 686 657 735 Total revenue 17,606 15,785 12,868 Cost of revenue: Subscription 1,646 1",yes_no,yes|no|insufficient_data,insufficient_data,noncommitted,,,,,CONSTRUCTED - verify the masked evidence really cannot answer the question
hqa_FB_49becde3_masked,financebench,financebench_id_00678,"Does Boeing have an improving gross margin profile as of FY2022? If gross margin is not a useful metric for a company like this, then state that and explain why.","The Boeing Company and Subsidiaries Consolidated Statements of Operations (Dollars in millions, except per share data) Years ended December 31, 2022 2021 2020 Sales of products $55,893 $51,386 $47,142 Sales of services 10,715 10,900 11,016 Total revenues 58,158 Cost of products (53,969) (49,954) (54",yes_no,yes|no|insufficient_data,insufficient_data,noncommitted,,,,,CONSTRUCTED - verify the masked evidence really cannot answer the question
hqa_FB_4fcce970,financebench,financebench_id_00438,"Does Adobe have an improving operating margin profile as of FY2022? If operating margin is not a useful metric for a company like this, then state that and explain why.","ADOBE INC. CONSOLIDATED STATEMENTS OF INCOME (In millions, except per share data) Years Ended December 2, 2022 December 3, 2021 November 27, 2020 Revenue: Subscription $ 16,388 $ 14,573 $ 11,626 Product 532 555 507 Services and other 686 657 735 Total revenue 17,606 15,785 12,868 Cost of revenue: Su",yes_no,yes|no|insufficient_data,no,committed,,,,,
hqa_FB_50664e43_masked,financebench,financebench_id_00460,Was there any change in the number of Best Buy stores between Q2 of FY2024 and FY2023?,"iscal 2024 was primarily driven by comparable sales declines in appliances, home theater, computing and mobile phones, partially offset by comparable sales growth in gaming. Online revenue of $2.8 billion and $5.5 billion in the second quarter and first six months of fiscal 2024 decreased 7.1% and 9",yes_no,yes|no|insufficient_data,insufficient_data,noncommitted,,,,,CONSTRUCTED - verify the masked evidence really cannot answer the question
hqa_FB_59653c84,financebench,financebench_id_00517,Are there any product categories / service categories that represent more than 20% of Boeing's revenue for FY2022?,"The Boeing Company and Subsidiaries Notes to the Consolidated Financial Statements Summary of Business Segment Data (Dollars in millions) Years ended December 31, 2022 2021 2020 Revenues: Commercial Airplanes $25,867 $19,493 $16,162 Defense, Space & Security 23,162 26,540 26,257 Global Services 17,6",yes_no,yes|no|insufficient_data,yes,committed,,,,,
hqa_FB_5aee2b1c,financebench,financebench_id_00591,Does Adobe have an improving Free cashflow conversion as of FY2022?,"ADOBE INC. CONSOLIDATED STATEMENTS OF CASH FLOWS (In millions) Years Ended December 2, 2022 December 3, 2021 November 27, 2020 Cash flows from operating activities: Net income $ 4,756 $ 4,822 $ 5,260 Adjustments to reconcile net income to net cash provided by operating activities: Depreciation, amor",yes_no,yes|no|insufficient_data,yes,committed,,,,,
hqa_FB_5dbbcec0_masked,financebench,financebench_id_01254,Has MGM Resorts paid dividends to common shareholders in FY2022?,"PART II ITEM 5. MARKET FOR REGISTRANTS COMMON EQUITY, RELATED STOCKHOLDER MATTERS AND ISSUER PURCHASES OF EQUITY SECURITIES Common Stock Information Our common stock is traded on the New York Stock Exchange (NYSE) under the symbol MGM. There were approximately 3,143 record holders of our common stoc",yes_no,yes|no|insufficient_data,insufficient_data,noncommitted,,,,,CONSTRUCTED - verify the masked evidence really cannot answer the question
hqa_FB_6103ef6a,financebench,financebench_id_00080,"Does Paypal have positive working capital based on FY2022 data? If working capital is not a useful or relevant metric for this company, then please state that and explain why.","PayPal Holdings, Inc. CONSOLIDATED BALANCE SHEETS As of December 31, 2022 2021 (In millions, except par value) ASSETS Current assets: Cash and cash equivalents $ 7,776 $ 5,197 Short-term investments 3,092 4,303 Accounts receivable, net 963 800 Loans and interest receivable, net of allowances of $598",yes_no,yes|no|insufficient_data,yes,committed,,,,,
hqa_FB_6358a99a_masked,financebench,financebench_id_00005,"Does Corning have positive working capital based on FY2022 data? If working capital is not a useful or relevant metric for this company, then please state that and explain why.","Consolidated Balance Sheets Corning Incorporated and Subsidiary Companies December 31, (in millions, except share and per share amounts) 2022 2021 Assets Current assets: Cash and cash equivalents $ 1,671 $ 2,148 Trade accounts receivable, net of doubtful accounts - $40 and $42 2,004 Inventories (Not",yes_no,yes|no|insufficient_data,insufficient_data,noncommitted,,,,,CONSTRUCTED - verify the masked evidence really cannot answer the question
hqa_FB_68e15a3f,financebench,financebench_id_00956,Are JnJ's FY2022 financials that of a high growth company?,"Results of Operations Analysis of Consolidated Sales For discussion on results of operations and financial condition pertaining to the fiscal years 2021 and 2020 see the Companys Annual Report on Form 10- K for the fiscal year ended January 2, 2022, Item 7. Management's Discussion and Analysis of Re",yes_no,yes|no|insufficient_data,no,committed,,,,,
hqa_FB_6c175812,financebench,financebench_id_01254,Has MGM Resorts paid dividends to common shareholders in FY2022?,"PART II ITEM 5. MARKET FOR REGISTRANTS COMMON EQUITY, RELATED STOCKHOLDER MATTERS AND ISSUER PURCHASES OF EQUITY SECURITIES Common Stock Information Our common stock is traded on the New York Stock Exchange (NYSE) under the symbol MGM. There were approximately 3,143 record holders of our common stoc",yes_no,yes|no|insufficient_data,yes,committed,,,,,
hqa_FB_7aa81e67,financebench,financebench_id_00302,Did Pfizer grow its PPNE between FY20 and FY21?,"As of December 31, (MILLIONS, EXCEPT PER COMMON SHARE DATA) 2021 2020 Assets Cash and cash equivalents $ 1,944 $ 1,786 Short-term investments 29,125 10,437 Trade accounts receivable, less allowance for doubtful accounts: 2021$492; 2020$508 11,479 7,913 Inventories 9,059 8,020 Current tax assets 4,26",yes_no,yes|no|insufficient_data,yes,committed,,,,,
hqa_FB_7cc358e4_masked,financebench,financebench_id_00684,"Does AMCOR have an improving gross margin profile as of FY2023? If gross margin is not a useful metric for a company like this, then state that and explain why.","Amcor plc and Subsidiaries Consolidated Statements of Income ($ in millions, except per share data) For the years ended June 30, 2023 2022 2021 Net sales $ $ $ 12,861 Cost of sales (11,969) (11,724) (10,129) Gross profit 2,732",yes_no,yes|no|insufficient_data,insufficient_data,noncommitted,,,,,CONSTRUCTED - verify the masked evidence really cannot answer the question
hqa_FB_83caee0d,financebench,financebench_id_00735,Has Pepsico reported any materially important ongoing legal battles from FY2022 and FY2021?,"Item 3. Legal Proceedings. We and our subsidiaries are party to a variety of litigation, claims, legal or regulatory proceedings, inquiries and investigations. While the results of such litigation, claims, legal or regulatory proceedings, inquiries and investigations cannot be predicted with certain",yes_no,yes|no|insufficient_data,no,committed,,,,,
hqa_FB_84463d0e_masked,financebench,financebench_id_00552,Has Microsoft increased its debt on balance sheet between FY2023 and the FY2022 period?,"BALANCE SHEETS (In millions) June 30, 2023 2022 Assets Current assets: Cash and cash equivalents $ 34,704 $ 13,931 Short-term investments 76,558 90,826 Total cash, cash equivalents, and short-term investments 111,262 104,757 Accounts receivable, net of allowance for doubtful accounts of $650 and $63",yes_no,yes|no|insufficient_data,insufficient_data,noncommitted,,,,,CONSTRUCTED - verify the masked evidence really cannot answer the question
hqa_FB_86637d3d_masked,financebench,financebench_id_00288,Was there any drop in Cash & Cash equivalents between FY 2023 and Q2 of FY2024?,"July 29, 2023 July 30, 2022 July 29, 2023 July 30, 2022 Operating income $ 348 $ 371 $ 659 $ 833 % of revenue 3.6 % 3.6 % 3.5 % 4.0 % Intangible asset amortization(1) 21 22 41 44 Restructuring charges(2) (7) 34 (16) 35 Non-GAAP operating income $ 362 $ 427 $ 684 $ 912 % of revenue 3.8 % 4.1 % 3.6 % ",yes_no,yes|no|insufficient_data,insufficient_data,noncommitted,,,,,CONSTRUCTED - verify the masked evidence really cannot answer the question
hqa_FB_91b08071,financebench,financebench_id_00684,"Does AMCOR have an improving gross margin profile as of FY2023? If gross margin is not a useful metric for a company like this, then state that and explain why.","Amcor plc and Subsidiaries Consolidated Statements of Income ($ in millions, except per share data) For the years ended June 30, 2023 2022 2021 Net sales $ 14,694 $ 14,544 $ 12,861 Cost of sales (11,969) (11,724) (10,129) Gross profit 2,725 2,820 2,732",yes_no,yes|no|insufficient_data,no,committed,,,,,
hqa_FB_91c39cc9,financebench,financebench_id_00460,Was there any change in the number of Best Buy stores between Q2 of FY2024 and FY2023?,"iscal 2024 was primarily driven by comparable sales declines in appliances, home theater, computing and mobile phones, partially offset by comparable sales growth in gaming. Online revenue of $2.8 billion and $5.5 billion in the second quarter and first six months of fiscal 2024 decreased 7.1% and 9",yes_no,yes|no|insufficient_data,yes,committed,,,,,
hqa_FB_92610589,financebench,financebench_id_00839,Does Foot Locker's new CEO have previous CEO experience in a similar company to Footlocker?,"On August 19, 2022, Foot Locker, Inc. (the Company), issued a press release announcing that, as part of a planned succession process, Richard A. Johnson will step down as President and Chief Executive Officer of the Company, effective September 1, 2022. Mary N. Dillon, 61, former Executive Chair and",yes_no,yes|no|insufficient_data,yes,committed,,,,,
hqa_FB_93bd00fd_masked,financebench,financebench_id_00790,Is CVS Health a capital-intensive business based on FY2022 data?,"Consolidated Statements of Operations For the Years Ended December 31, In millions, except per share amounts 2022 2021 2020 Revenues: Products $ 226,616 $ 203,738 $ 190,688 Premiums 85,330 76,132 69,364 Services 9,683 11,042 7,856 Net investment income 838 1,199 798 Total revenues 322,467 292,111 26",yes_no,yes|no|insufficient_data,insufficient_data,noncommitted,,,,,CONSTRUCTED - verify the masked evidence really cannot answer the question
hqa_FB_97a28182,financebench,financebench_id_00222,"Does AMD have a reasonably healthy liquidity profile based on its quick ratio for FY22? If the quick ratio is not relevant to measure liquidity, please state that and explain why.","Consolidated Balance Sheets December 31, 2022 December 25, 2021 (In millions, except par value amounts) ASSETS Current assets: Cash and cash equivalents $ 4,835 $ 2,535 Short-term investments 1,020 1,073 Accounts receivable, net 4,126 2,706 Inventories 3,771 1,955 Receivables from related parties 2 ",yes_no,yes|no|insufficient_data,yes,committed,,,,,
hqa_FB_9954aa1f,financebench,financebench_id_02049,"Looking at VaR, did the risk that JPM faced in the second fiscal quarter of 2023 decrease compared to the same period in the prior year?","Average total VaR decreased by $7 million for the three months ended June 30, 2023, compared with the same period in the prior year predominantly driven by risk reductions impacting Credit Portfolio VaR as well as fixed income",yes_no,yes|no|insufficient_data,yes,committed,,,,,
hqa_FB_9ef802db_masked,financebench,financebench_id_00685,"Are Best Buy's gross margins historically consistent (not fluctuating more than roughly 2% each year)? If gross margins are not a relevant metric for a company like this, then please state that and explain why.","Consolidated Statements of Earnings $ and shares in millions, except per share amounts Fiscal Years Ended January 28, 2023 January 29, 2022 January 30, 2021 Revenue $ $ $ 47,262 Cost of sales 36,386 40,121 36,689 Gross profit 10,573 Selling, general and administrative expenses 7,970 8,635 7,928 Rest",yes_no,yes|no|insufficient_data,insufficient_data,noncommitted,,,,,CONSTRUCTED - verify the masked evidence really cannot answer the question
hqa_FB_9fc58fab_masked,financebench,financebench_id_01107,"Has CVS Health reported any materially important ongoing legal battles from 2022, 2021 and 2020?",Usual and Customary Pricing Litigation The Company and certain current and former directors and officers are named as a defendant in a number of lawsuits that allege that the Companys retail pharmacies overcharged for prescription drugs by not submitting the correct usual and customary price during ,yes_no,yes|no|insufficient_data,insufficient_data,noncommitted,,,,,CONSTRUCTED - verify the masked evidence really cannot answer the question
hqa_FB_a1bda949,financebench,financebench_id_00685,"Are Best Buy's gross margins historically consistent (not fluctuating more than roughly 2% each year)? If gross margins are not a relevant metric for a company like this, then please state that and explain why.","Consolidated Statements of Earnings $ and shares in millions, except per share amounts Fiscal Years Ended January 28, 2023 January 29, 2022 January 30, 2021 Revenue $ 46,298 $ 51,761 $ 47,262 Cost of sales 36,386 40,121 36,689 Gross profit 9,912 11,640 10,573 Selling, general and administrative expe",yes_no,yes|no|insufficient_data,yes,committed,,,,,
hqa_FB_a3a1549b,financebench,financebench_id_01858,Does 3M maintain a stable trend of dividend distribution?,"Table of Contents Financial condition: Refer to the section entitled Financial Condition and Liquidity later in MD&A for a discussion of items impacting cash flows. In November 2018, 3Ms Board of Directors replaced the Companys February 2016 repurchase program with a new repurchase program. This new",yes_no,yes|no|insufficient_data,yes,committed,,,,,
hqa_FB_a4c22c57,financebench,financebench_id_00790,Is CVS Health a capital-intensive business based on FY2022 data?,"Consolidated Statements of Operations For the Years Ended December 31, In millions, except per share amounts 2022 2021 2020 Revenues: Products $ 226,616 $ 203,738 $ 190,688 Premiums 85,330 76,132 69,364 Services 9,683 11,042 7,856 Net investment income 838 1,199 798 Total revenues 322,467 292,111 26",yes_no,yes|no|insufficient_data,yes,committed,,,,,
hqa_FB_a7999aa2_masked,financebench,financebench_id_01487,Did JnJ's net earnings as a percent of sales increase in Q2 of FY2023 compared to Q2 of FY2022?,"Johnson & Johnson and Subsidiaries Condensed Consolidated Statement of Earnings (Unaudited; in Millions Except Per Share Figures) Percent Percent Percent Increase Amount to Sales Amount to Sales (Decrease) Sales to customers 25,530 $ 100.0 24,020 $ 100.0 6.3 Cost of products sold 8,212 32.2 7,919 33",yes_no,yes|no|insufficient_data,insufficient_data,noncommitted,,,,,CONSTRUCTED - verify the masked evidence really cannot answer the question
hqa_FB_b2c048f7,financebench,financebench_id_00651,Is growth in JnJ's adjusted EPS expected to accelerate in FY2023?,2022 Fourth-Quarter reported sales decline of 4.4% to $23.7 Billion primarily driven by unfavorable foreign exchange and reduced COVID-19 Vaccine sales vs. prior year. Operational growth excluding COVID-19 Vaccine of 4.6%* 2022 Fourth-Quarter earnings per share (EPS) of $1.33 decreasing 24.9% and ad,yes_no,yes|no|insufficient_data,no,committed,,,,,
hqa_FB_b7466219,financebench,financebench_id_00070,"Does American Water Works have positive working capital based on FY2022 data? If working capital is not a useful or relevant metric for this company, then please state that and explain why.","American Water Works Company, Inc. and Subsidiary Companies Consolidated Balance Sheets (In millions, except share and per share data) December 31, 2022 December 31, 2021 ASSETS Property, plant and equipment $ 29,736 $ 27,413 Accumulated depreciation (6,513) (6,329) Property, plant and equipment, ne",yes_no,yes|no|insufficient_data,no,committed,,,,,
hqa_FB_bf8c0adf,financebench,financebench_id_00215,Is Verizon a capital intensive business based on FY 2022 data?,"Consolidated Balance Sheets Verizon Communications Inc. and Subsidiaries (dollars in millions, except per share amounts) At December 31, 2022 2021 Assets Current assets Cash and cash equivalents $ 2,605 $ 2,921 Accounts receivable 25,332 24,742 Less Allowance for credit losses 826 896 Accounts recei",yes_no,yes|no|insufficient_data,yes,committed,,,,,
hqa_FB_bff75d9f,financebench,financebench_id_00807,"Does 3M have a reasonably healthy liquidity profile based on its quick ratio for Q2 of FY2023? If the quick ratio is not relevant to measure liquidity, please state that and explain why.","3M Company and Subsidiaries Consolidated Balance Sheet (Unaudited) (Dollars in millions, except per share amount) June 30, 2023 December 31, 2022 Assets Current assets Cash and cash equivalents $ 4,258 $ 3,655 Marketable securities current 56 238 Accounts receivable net of allowances of $160 and $17",yes_no,yes|no|insufficient_data,no,committed,,,,,
hqa_FB_c8a4f2a5,financebench,financebench_id_00005,"Does Corning have positive working capital based on FY2022 data? If working capital is not a useful or relevant metric for this company, then please state that and explain why.","Consolidated Balance Sheets Corning Incorporated and Subsidiary Companies December 31, (in millions, except share and per share amounts) 2022 2021 Assets Current assets: Cash and cash equivalents $ 1,671 $ 2,148 Trade accounts receivable, net of doubtful accounts - $40 and $42 1,721 2,004 Inventorie",yes_no,yes|no|insufficient_data,yes,committed,,,,,
hqa_FB_cb5deceb_masked,financebench,financebench_id_00215,Is Verizon a capital intensive business based on FY 2022 data?,"Consolidated Balance Sheets Verizon Communications Inc. and Subsidiaries (dollars in millions, except per share amounts) At December 31, 2022 2021 Assets Current assets Cash and cash equivalents $ 2,605 $ 2,921 Accounts receivable 25,332 24,742 Less Allowance for credit losses 826 896 Accounts recei",yes_no,yes|no|insufficient_data,insufficient_data,noncommitted,,,,,CONSTRUCTED - verify the masked evidence really cannot answer the question
hqa_FB_cfe29aff_masked,financebench,financebench_id_00216,"Does Verizon have a reasonably healthy liquidity profile based on its quick ratio for FY 2022? If the quick ratio is not relevant to measure liquidity, please state that and explain why.","Consolidated Balance Sheets Verizon Communications Inc. and Subsidiaries (dollars in millions, except per share amounts) At December 31, 2022 2021 Assets Current assets Cash and cash equivalents $ 2,605 $ 2,921 Accounts receivable 25,332 24,742 Less Allowance for credit losses 826 896 Accounts recei",yes_no,yes|no|insufficient_data,insufficient_data,noncommitted,,,,,CONSTRUCTED - verify the masked evidence really cannot answer the question
hqa_FB_d010da62,financebench,financebench_id_00216,"Does Verizon have a reasonably healthy liquidity profile based on its quick ratio for FY 2022? If the quick ratio is not relevant to measure liquidity, please state that and explain why.","Consolidated Balance Sheets Verizon Communications Inc. and Subsidiaries (dollars in millions, except per share amounts) At December 31, 2022 2021 Assets Current assets Cash and cash equivalents $ 2,605 $ 2,921 Accounts receivable 25,332 24,742 Less Allowance for credit losses 826 896 Accounts recei",yes_no,yes|no|insufficient_data,no,committed,,,,,
hqa_FB_d144e933,financebench,financebench_id_01107,"Has CVS Health reported any materially important ongoing legal battles from 2022, 2021 and 2020?",Usual and Customary Pricing Litigation The Company and certain current and former directors and officers are named as a defendant in a number of lawsuits that allege that the Companys retail pharmacies overcharged for prescription drugs by not submitting the correct usual and customary price during ,yes_no,yes|no|insufficient_data,yes,committed,,,,,
hqa_FB_d397e71d_masked,financebench,financebench_id_00651,Is growth in JnJ's adjusted EPS expected to accelerate in FY2023?,2022 Fourth-Quarter reported sales decline of 4.4% to $23.7 Billion primarily driven by unfavorable foreign exchange and reduced COVID-19 Vaccine sales vs. prior year. Operational growth excluding COVID-19 Vaccine of 4.6%* 2022 Fourth-Quarter earnings per share (EPS) of $1.33 decreasing 24.9% and ad,yes_no,yes|no|insufficient_data,insufficient_data,noncommitted,,,,,CONSTRUCTED - verify the masked evidence really cannot answer the question
hqa_FB_d71a56a3,financebench,financebench_id_00822,Were there any board member nominees who had substantially more votes against joining than the other nominees?,"Proposal 1. With respect to the proposal to elect ten nominees to the Board of Directors (the Board), each for a one-year term expiring at the annual meeting of shareholders to be held in 2023, the votes were cast for the proposal as set forth below: Name Votes For Votes Against Abstentions Broker N",yes_no,yes|no|insufficient_data,yes,committed,,,,,
hqa_FB_dd6b6058,financebench,financebench_id_00288,Was there any drop in Cash & Cash equivalents between FY 2023 and Q2 of FY2024?,"July 29, 2023 July 30, 2022 July 29, 2023 July 30, 2022 Operating income $ 348 $ 371 $ 659 $ 833 % of revenue 3.6 % 3.6 % 3.5 % 4.0 % Intangible asset amortization(1) 21 22 41 44 Restructuring charges(2) (7) 34 (16) 35 Non-GAAP operating income $ 362 $ 427 $ 684 $ 912 % of revenue 3.8 % 4.1 % 3.6 % ",yes_no,yes|no|insufficient_data,yes,committed,,,,,
hqa_FB_e3f5b062_masked,financebench,financebench_id_00807,"Does 3M have a reasonably healthy liquidity profile based on its quick ratio for Q2 of FY2023? If the quick ratio is not relevant to measure liquidity, please state that and explain why.","3M Company and Subsidiaries Consolidated Balance Sheet (Unaudited) (Dollars in millions, except per share amount) June 30, 2023 December 31, 2022 Assets Current assets Cash and cash equivalents $ 4,258 $ 3,655 Marketable securities current 56 238 Accounts receivable net of allowances of $160 and $17",yes_no,yes|no|insufficient_data,insufficient_data,noncommitted,,,,,CONSTRUCTED - verify the masked evidence really cannot answer the question
hqa_FB_e671ffe0_masked,financebench,financebench_id_00517,Are there any product categories / service categories that represent more than 20% of Boeing's revenue for FY2022?,"The Boeing Company and Subsidiaries Notes to the Consolidated Financial Statements Summary of Business Segment Data (Dollars in millions) Years ended December 31, 2022 2021 2020 Revenues: Commercial Airplanes $19,493 $16,162 Defense, Space & Security 26,540 26,257 Global Services 16,328 15,543 Boein",yes_no,yes|no|insufficient_data,insufficient_data,noncommitted,,,,,CONSTRUCTED - verify the masked evidence really cannot answer the question
hqa_FB_f0c3b380_masked,financebench,financebench_id_00956,Are JnJ's FY2022 financials that of a high growth company?,"Results of Operations Analysis of Consolidated Sales For discussion on results of operations and financial condition pertaining to the fiscal years 2021 and 2020 see the Companys Annual Report on Form 10- K for the fiscal year ended January 2, 2022, Item 7. Management's Discussion and Analysis of Re",yes_no,yes|no|insufficient_data,insufficient_data,noncommitted,,,,,CONSTRUCTED - verify the masked evidence really cannot answer the question
hqa_FB_f0d21fb5,financebench,financebench_id_01487,Did JnJ's net earnings as a percent of sales increase in Q2 of FY2023 compared to Q2 of FY2022?,"Johnson & Johnson and Subsidiaries Condensed Consolidated Statement of Earnings (Unaudited; in Millions Except Per Share Figures) Percent Percent Percent Increase Amount to Sales Amount to Sales (Decrease) Sales to customers 25,530 $ 100.0 24,020 $ 100.0 6.3 Cost of products sold 8,212 32.2 7,919 33",yes_no,yes|no|insufficient_data,yes,committed,,,,,
hqa_FB_f25bb18c,financebench,financebench_id_01981,Was American Express able to retain card members during 2022?,"Net card fees increased 17 percent year over-year, as new card acquisitions reached record levels in 2022 and Card Member retention remained high, demonstrating the impact of investments we have made in our premium value propositions",yes_no,yes|no|insufficient_data,yes,committed,,,,,
hqa_FQ_00290fa6,finqa,PPG/2013/page_76.pdf-3,what was the change in millions of net sales for the commodity chemicals business that has been reclassified and reported as discontinued operations from 2012 to 2013?,"74 2013 ppg annual report and form 10-k 22 . separation and merger transaction on january 28 , 2013 , the company completed the previously announced separation of its commodity chemicals business and merger of its wholly-owned subsidiary , eagle spinco inc. , with a subsidiary of georgia gulf corpor",directional_change,increased|decreased|roughly_unchanged|insufficient_data,decreased,committed,,,,,
hqa_FQ_0055bd0f,finqa,LMT/2016/page_83.pdf-2,what is the percentage change in weighted average common shares outstanding for diluted computations from 2015 to 2016?,"benefits as an increase to earnings of $ 152 million ( $ 0.50 per share ) during the year ended december 31 , 2016 . additionally , we recognized additional income tax benefits as an increase to operating cash flows of $ 152 million during the year ended december 31 , 2016 . the new accounting stand",directional_change,increased|decreased|roughly_unchanged|insufficient_data,decreased,committed,,,,,
hqa_FQ_0063564b,finqa,MRO/2008/page_146.pdf-3,"what was the change in millions for receivables for recoverable costs from certain states , under programs to assist companies in clean-up efforts related to underground storage tanks at retail marketing outlets , between december 31 , 2008 and 2007?",marathon oil corporation notes to consolidated financial statements operating lease rental expense was : ( in millions ) 2008 2007 2006 minimum rental ( a ) $ 245 $ 209 $ 172 . ( in millions ) | 2008 | 2007 | 2006 minimum rental ( a ) | $ 245 | $ 209 | $ 172 contingent rental | 22 | 33 | 28 sublease,directional_change,increased|decreased|roughly_unchanged|insufficient_data,decreased,committed,,,,,
hqa_FQ_01936240,finqa,ETR/2017/page_35.pdf-2,what is the percent change in debt to capital from 2016 to 2017,"operations may be extended up to four additional years for each unit by mutual agreement of entergy and new york state based on an exigent reliability need for indian point generation . in accordance with the ferc-approved tariff of the new york independent system operator ( nyiso ) , entergy submit",directional_change,increased|decreased|roughly_unchanged|insufficient_data,increased,committed,,,,,
hqa_FQ_0202f135,finqa,GS/2018/page_165.pdf-1,what was the change in fair value of retained interests in billions as of december 2018 and december 2017?,"the goldman sachs group , inc . and subsidiaries notes to consolidated financial statements 2030 purchased interests represent senior and subordinated interests , purchased in connection with secondary market-making activities , in securitization entities in which the firm also holds retained intere",directional_change,increased|decreased|roughly_unchanged|insufficient_data,increased,committed,,,,,
hqa_FQ_02dbf50b_masked,finqa,LMT/2016/page_83.pdf-4,what is the percentage change in weighted average common shares outstanding for basic computations from 2015 to 2016?,"benefits as an increase to earnings of $ 152 million ( $ 0.50 per share ) during the year ended december 31 , 2016 . additionally , we recognized additional income tax benefits as an increase to operating cash flows of $ 152 million during the year ended december 31 , 2016 . the new accounting stand",directional_change,increased|decreased|roughly_unchanged|insufficient_data,insufficient_data,noncommitted,,,,,CONSTRUCTED - verify the masked evidence really cannot answer the question
hqa_FQ_02e339b1,finqa,HII/2011/page_69.pdf-1,what is the percentage change in net cash from operating activities from 2010 to 2011?,"construction of cvn-79 john f . kennedy , construction of the u.s . coast guard 2019s fifth national security cutter ( unnamed ) , advance planning efforts for the cvn-72 uss abraham lincoln rcoh , and continued execution of the cvn-71 uss theodore roosevelt rcoh . 2010 2014the value of new contract",directional_change,increased|decreased|roughly_unchanged|insufficient_data,increased,committed,,,,,
hqa_FQ_045556ee,finqa,SWKS/2010/page_105.pdf-3,what was the percentage change in the net cash outflows in 2010 compared to 2009,31mar201122064257 positions which were required to be capitalized . there are no positions which we anticipate could change materially within the next twelve months . liquidity and capital resources . ( dollars in thousands ) | fiscal years ended october 1 2010 | fiscal years ended october 2 2009 | ,directional_change,increased|decreased|roughly_unchanged|insufficient_data,increased,committed,,,,,
hqa_FQ_047b63a8,finqa,GIS/2015/page_38.pdf-1,what is the net change in the balance of foreign currency instruments from 2014 to 2015?,energy ; disruptions or ineffi ciencies in the supply chain ; eff ectiveness of restructuring and cost savings initia- tives ; volatility in the market value of derivatives used to manage price risk for certain commodities ; benefi t plan expenses due to changes in plan asset values and discount rat,directional_change,increased|decreased|roughly_unchanged|insufficient_data,increased,committed,,,,,
hqa_FQ_04fe8ab3,finqa,AMT/2015/page_50.pdf-1,"what is the growth rate in the price of shares from the highest value during the quarter ended december 31 , 2015 and the closing price on february 19 , 2016?","part ii item 5 . market for registrant 2019s common equity , related stockholder matters and issuer purchases of equity securities the following table presents reported quarterly high and low per share sale prices of our common stock on the nyse for the years 2015 and 2014. . 2015 | high | low quart",directional_change,increased|decreased|roughly_unchanged|insufficient_data,decreased,committed,,,,,
hqa_FQ_059af860_masked,finqa,ANSS/2008/page_85.pdf-1,in 2008 what was the percentage change in the unrecognized tax benefits,the following is a reconciliation of the total amounts of unrecognized tax benefits for the year : ( in thousands ) . ansoft unrecognized tax benefit 2014acquired july 31 2008 | 3525 gross increases 2014tax positions in prior period | 2454 gross decreases 2014tax positions in prior period | -1572 ( ,directional_change,increased|decreased|roughly_unchanged|insufficient_data,insufficient_data,noncommitted,,,,,CONSTRUCTED - verify the masked evidence really cannot answer the question
hqa_FQ_05a7854a,finqa,LMT/2010/page_37.pdf-4,what is the growth rate in the net sales from 2008 to 2009?,operating profit for the segment increased 10% ( 10 % ) in 2009 compared to 2008 . the growth in operating profit primarily was due to increases in air mobility and other aeronautics programs . the $ 70 million increase in air mobility 2019s operating profit primarily was due to the higher volume on,directional_change,increased|decreased|roughly_unchanged|insufficient_data,increased,committed,,,,,
hqa_FQ_062e136c,finqa,ABC/2005/page_40.pdf-2,what was the change in total debt net of current portions in thousands between 2004 and 2005?,"amerisourcebergen corporation 2005 during the fiscal year september 30 , 2005 , the company recorded an impairment charge of $ 5.3 million relating to certain intangible assets within its technology operations . amortization expense for other intangible assets was $ 10.3 million , $ 10.0 million and",directional_change,increased|decreased|roughly_unchanged|insufficient_data,decreased,committed,,,,,
hqa_FQ_06a5c0cb,finqa,ETR/2004/page_160.pdf-1,"what is the growth rate in net revenue in 2003 for entergy arkansas , inc.?","entergy arkansas , inc . management's financial discussion and analysis fuel and purchased power expenses increased primarily due to increased recovery of deferred fuel and purchased power costs primarily due to an increase in april 2004 in the energy cost recovery rider and the true-ups to the 2003",directional_change,increased|decreased|roughly_unchanged|insufficient_data,decreased,committed,,,,,
hqa_FQ_0798438e,finqa,C/2008/page_207.pdf-1,what was the change in billions of loans held-for-sale that are carried at locom in the level 3 category from 2007 to 2008?,"- the increase in level 3 short-term borrowings and long-term debt of $ 2.8 billion and $ 7.3 billion , respectively , resulted from transfers in of level 2 positions as prices and other valuation inputs became unobservable , plus the additions of new issuances for fair value accounting was elected ",directional_change,increased|decreased|roughly_unchanged|insufficient_data,decreased,committed,,,,,
hqa_FQ_082cb41c,finqa,C/2018/page_255.pdf-1,what was the net change in gains from 2017 to 2018,"for the years ended december a031 , 2018 , 2017 and 2016 , the amounts recognized in principal transactions in the consolidated statement of income related to derivatives not designated in a qualifying hedging relationship , as well as the underlying non-derivative instruments , are presented in not",directional_change,increased|decreased|roughly_unchanged|insufficient_data,decreased,committed,,,,,
hqa_FQ_0862c65b,finqa,UAA/2016/page_80.pdf-3,what is the percentage change in interest expense from 2015 to 2016?,"amortization expense , which is included in selling , general and administrative expenses , was $ 13.0 million , $ 13.9 million and $ 8.5 million for the years ended december 31 , 2016 , 2015 and 2014 , respectively . the following is the estimated amortization expense for the company 2019s intangib",directional_change,increased|decreased|roughly_unchanged|insufficient_data,decreased,committed,,,,,
hqa_FQ_09213f45_masked,finqa,V/2013/page_110.pdf-1,what is the percentage change in the effective price per share from december 2011 to july 2012?,"visa inc . notes to consolidated financial statements 2014 ( continued ) september 30 , 2013 in july 2013 , the company 2019s board of directors authorized a $ 1.5 billion share repurchase program to be in effect through july 2014 . as of september 30 , 2013 , the program had remaining authorized fu",directional_change,increased|decreased|roughly_unchanged|insufficient_data,insufficient_data,noncommitted,,,,,CONSTRUCTED - verify the masked evidence really cannot answer the question
hqa_FQ_0921febd,finqa,STT/2001/page_85.pdf-3,what is the percentage change in the balance of letters of credit from 2000 to 2001?,"loan commitments ( unfunded loans and unused lines of credit ) , asset purchase agreements , standby letters of credit and letters of credit are issued to accommodate the financing needs of state street 2019s clients and to provide credit enhancements to special purpose entities . loan commitments a",directional_change,increased|decreased|roughly_unchanged|insufficient_data,decreased,committed,,,,,
hqa_FQ_0a71e26e,finqa,AES/2003/page_112.pdf-1,what was the percentage change in operating income for entities in which the company has the ability to exercise significant influence but does not control and that are accounted for using the equity method between 2001 and 2002?,"in the fourth quarter of 2002 , aes lost voting control of one of the holding companies in the cemig ownership structure . this holding company indirectly owns the shares related to the cemig investment and indirectly holds the project financing debt related to cemig . as a result of the loss of vot",directional_change,increased|decreased|roughly_unchanged|insufficient_data,decreased,committed,,,,,
hqa_FQ_0a7c38ac,finqa,PPG/2010/page_45.pdf-3,what was the change in millions of interest payments from 2009 to 2010?,"notes to the consolidated financial statements the credit agreement provides that loans will bear interest at rates based , at the company 2019s option , on one of two specified base rates plus a margin based on certain formulas defined in the credit agreement . additionally , the credit agreement c",directional_change,increased|decreased|roughly_unchanged|insufficient_data,decreased,committed,,,,,
hqa_FQ_0ab16957,finqa,CE/2009/page_121.pdf-4,what was the net change number of units in 2009 in thousands,"during 2009 , the company extended the contractual life of 4 million fully vested share options held by 6 employees . as a result of that modification , the company recognized additional compensation expense of $ 1 million for the year ended december 31 , 2009 . restricted stock units ( 201crsus 201",directional_change,increased|decreased|roughly_unchanged|insufficient_data,increased,committed,,,,,
hqa_FQ_0b39b930,finqa,AMT/2005/page_109.pdf-2,what was the percentage change in the stock volatility from 2003 to 2004,"american tower corporation and subsidiaries notes to consolidated financial statements 2014 ( continued ) 2003 were $ 10.08 , $ 7.05 , and $ 6.32 per share , respectively . key assumptions used to apply this pricing model are as follows : july 1 , 2005 2013 december 31 , 2005 january 1 , 2005 2013 j",directional_change,increased|decreased|roughly_unchanged|insufficient_data,decreased,committed,,,,,
hqa_FQ_0b6f10a5,finqa,GIS/2017/page_86.pdf-3,what is the change in balance of accrued interest and penalties from 2016 to 2017?,able to reasonably estimate the timing of future cash flows beyond 12 months due to uncertainties in the timing of tax audit outcomes . the remaining amount of our unrecognized tax liability was classified in other liabilities . we report accrued interest and penalties related to unrecognized tax be,directional_change,increased|decreased|roughly_unchanged|insufficient_data,decreased,committed,,,,,
hqa_FQ_0b95be62,finqa,AON/2015/page_62.pdf-2,what was the change in the prepaid pensions from 2014 to 2015 in millions,"notes to consolidated financial statements 1 . basis of presentation the accompanying consolidated financial statements and notes thereto have been prepared in accordance with u.s . generally accepted accounting principles ( ""u.s . gaap"" ) . the consolidated financial statements include the accounts",directional_change,increased|decreased|roughly_unchanged|insufficient_data,increased,committed,,,,,
hqa_FQ_0bb282d6,finqa,AON/2018/page_90.pdf-2,what was the change in the total benefits from 2017 to 2018 in millions,( 3 ) refer to note 2 201csummary of significant accounting principles and practices 201d for further information . 13 . employee benefitsp y defined contribution savings plans aon maintains defined contribution savings plans for the benefit of its employees . the expense recognized for these plans ,directional_change,increased|decreased|roughly_unchanged|insufficient_data,decreased,committed,,,,,
hqa_FQ_0d0abc4a_masked,finqa,ORLY/2009/page_77.pdf-4,what is the net change in the balance of accumulated other comprehensive loss from 2008 to 2009?,"the table below represents unrealized losses related to derivative amounts included in 201caccumulated other comprehensive loss 201d for the years ended december 31 , ( in thousands ) : balance in accumulated other comprehensive loss . contract type | balance in accumulated other comprehensive loss ",directional_change,increased|decreased|roughly_unchanged|insufficient_data,insufficient_data,noncommitted,,,,,CONSTRUCTED - verify the masked evidence really cannot answer the question
hqa_FQ_0d3a12fe_masked,finqa,ZBH/2008/page_84.pdf-2,what was the percentage change in weighted average shares outstanding for diluted net earnings per share from 2007 to 2008?,"reasonably possible that such matters will be resolved in the next twelve months , but we do not anticipate that the resolution of these matters would result in any material impact on our results of operations or financial position . foreign jurisdictions have statutes of limitations generally rangi",directional_change,increased|decreased|roughly_unchanged|insufficient_data,insufficient_data,noncommitted,,,,,CONSTRUCTED - verify the masked evidence really cannot answer the question
hqa_FQ_0d67be78,finqa,UNP/2009/page_25.pdf-4,what was the percentage change in free cash flow from 2008 to 2009?,"2022 asset utilization 2013 in response to economic conditions and lower revenue in 2009 , we implemented productivity initiatives to improve efficiency and reduce costs , in addition to adjusting our resources to reflect lower demand . although varying throughout the year , our resource reductions ",directional_change,increased|decreased|roughly_unchanged|insufficient_data,decreased,committed,,,,,
hqa_FQ_0d6f1966,finqa,BLL/2007/page_87.pdf-4,what was the net tax expense in millions for the three year period ended in 2007 relate to the change in the pension and other postretirement items?,"page 71 of 94 notes to consolidated financial statements ball corporation and subsidiaries 16 . shareholders 2019 equity ( continued ) on october 24 , 2007 , ball announced the discontinuance of the company 2019s discount on the reinvestment of dividends associated with the company 2019s dividend re",directional_change,increased|decreased|roughly_unchanged|insufficient_data,increased,committed,,,,,
hqa_FQ_0daba81c_masked,finqa,KIM/2010/page_103.pdf-2,what is the growth rate in weighted average fair value of options granted in 2009?,"kimco realty corporation and subsidiaries notes to consolidated financial statements , continued other 2014 in connection with the construction of its development projects and related infrastructure , certain public agencies require posting of performance and surety bonds to guarantee that the compa",directional_change,increased|decreased|roughly_unchanged|insufficient_data,insufficient_data,noncommitted,,,,,CONSTRUCTED - verify the masked evidence really cannot answer the question
hqa_FQ_0e83f0e4,finqa,BLK/2016/page_35.pdf-1,"what is the percent change in target date/risk from december 31 , 2015 to december 31 , 2016?",long-term product offerings include active and index strategies . our active strategies seek to earn attractive returns in excess of a market benchmark or performance hurdle while maintaining an appropriate risk profile . we offer two types of active strategies : those that rely primarily on fundame,directional_change,increased|decreased|roughly_unchanged|insufficient_data,increased,committed,,,,,
hqa_FQ_0eaab572,finqa,AMT/2006/page_31.pdf-2,for the quarter ended december 312006 what was the percent of the change in share price,"part ii item 5 . market for registrant 2019s common equity , related stockholder matters and issuer purchases of equity securities the following table presents reported quarterly high and low per share sale prices of our class a common stock on the new york stock exchange ( nyse ) for the years 2006",directional_change,increased|decreased|roughly_unchanged|insufficient_data,increased,committed,,,,,
hqa_FQ_0ee8580f,finqa,JPM/2015/page_92.pdf-2,in 2015 what was the percentage change in the net interest income excluding cib 2019s markets-based activities from 2014,"management 2019s discussion and analysis 82 jpmorgan chase & co./2015 annual report net interest income excluding markets-based activities ( formerly core net interest income ) in addition to reviewing net interest income on a managed basis , management also reviews net interest income excluding cib",directional_change,increased|decreased|roughly_unchanged|insufficient_data,increased,committed,,,,,
hqa_FQ_0f341035,finqa,CNC/2005/page_39.pdf-2,what was the percentage change in the allowance for uncollectible accounts from year end 2004 to 2005?,"goodwill is reviewed annually during the fourth quarter for impairment . in addition , the company performs an impairment analysis of other intangible assets based on the occurrence of other factors . such factors include , but are not limited to , signifi- cant changes in membership , state funding",directional_change,increased|decreased|roughly_unchanged|insufficient_data,decreased,committed,,,,,
hqa_FQ_1132e9e9,finqa,FTV/2017/page_45.pdf-1,what was the percentage change in sales from 2015 to 2016?,"2022 higher 2017 sales volumes , incremental year-over-year cost savings associated with restructuring and productivity improvement initiatives , costs associated with various growth investments made in 2016 and changes in currency exchange rates , partially offset by incremental year-over-year cost",directional_change,increased|decreased|roughly_unchanged|insufficient_data,increased,committed,,,,,
hqa_FQ_11ee91e4,finqa,AES/2016/page_98.pdf-2,what was the change in millions between 2015 and 2016 of foreign currency transaction gains ( losses ) for aes corporation?,"the net decrease in the 2016 effective tax rate was due , in part , to the 2016 asset impairments in the u.s . and to the current year benefit related to a restructuring of one of our brazilian businesses that increases tax basis in long-term assets . further , the 2015 rate was impacted by the item",directional_change,increased|decreased|roughly_unchanged|insufficient_data,decreased,committed,,,,,
hqa_FQ_127c3b5c,finqa,UPS/2015/page_108.pdf-3,what is the percentage change in vehicles under capital lease between 2014 and 2015?,"united parcel service , inc . and subsidiaries notes to consolidated financial statements capital lease obligations we have certain property , plant and equipment subject to capital leases . some of the obligations associated with these capital leases have been legally defeased . the recorded value ",directional_change,increased|decreased|roughly_unchanged|insufficient_data,decreased,committed,,,,,
hqa_FQ_128c1014,finqa,SNA/2013/page_111.pdf-1,what is the percentage change in the number of non-vested performance awards from 2012 to 2013?,"the fair value of performance awards is calculated using the market value of a share of snap-on 2019s common stock on the date of grant . the weighted-average grant date fair value of performance awards granted during 2013 , 2012 and 2011 was $ 77.33 , $ 60.00 and $ 55.97 , respectively . vested per",directional_change,increased|decreased|roughly_unchanged|insufficient_data,decreased,committed,,,,,
hqa_FQ_13f8a9df,finqa,AWK/2015/page_112.pdf-1,what was the growth rate of the removal costs from 2014 to 2015,"the authorized costs of $ 76 are to be recovered via a surcharge over a twenty-year period beginning october 2012 . surcharges collected as of december 31 , 2015 and 2014 were $ 4 and $ 5 , respectively . in addition to the authorized costs , the company expects to incur additional costs totaling $ ",directional_change,increased|decreased|roughly_unchanged|insufficient_data,increased,committed,,,,,
hqa_FQ_140c4b0c_masked,finqa,CE/2009/page_35.pdf-2,what os the growth rate in the average price of shares from october to december 2009?,"we are required under the terms of our preferred stock to pay scheduled quarterly dividends , subject to legally available funds . for so long as the preferred stock remains outstanding , ( 1 ) we will not declare , pay or set apart funds for the payment of any dividend or other distribution with re",directional_change,increased|decreased|roughly_unchanged|insufficient_data,insufficient_data,noncommitted,,,,,CONSTRUCTED - verify the masked evidence really cannot answer the question
hqa_FQ_1457a09b,finqa,LMT/2012/page_72.pdf-4,in 2010 what was the percent of the change in the post retirement benefit plan adjustments,"until the hedged transaction is recognized in earnings . changes in the fair value of the derivatives that are attributable to the ineffective portion of the hedges , or of derivatives that are not considered to be highly effective hedges , if any , are immediately recognized in earnings . the aggre",directional_change,increased|decreased|roughly_unchanged|insufficient_data,increased,committed,,,,,
hqa_FQ_14d227e6,finqa,AAPL/2016/page_23.pdf-1,what was the cumulative change in apple inc . stock between 2016 and 2011?,"apple inc . | 2016 form 10-k | 20 company stock performance the following graph shows a comparison of cumulative total shareholder return , calculated on a dividend reinvested basis , for the company , the s&p 500 index , the s&p information technology index and the dow jones u.s . technology supers",directional_change,increased|decreased|roughly_unchanged|insufficient_data,increased,committed,,,,,
hqa_FQ_15afb3ef,finqa,RE/2014/page_106.pdf-3,what is the net change in the balance of reinsurance receivables and premium receivables from 2013 to 2014?,"b . investments . fixed maturity and equity security investments available for sale , at market value , reflect unrealized appreciation and depreciation , as a result of temporary changes in market value during the period , in shareholders 2019 equity , net of income taxes in 201caccumulated other c",directional_change,increased|decreased|roughly_unchanged|insufficient_data,decreased,committed,,,,,
hqa_FQ_15d1244b,finqa,AAPL/2007/page_48.pdf-4,what was the percentage sales change from 2005 to 2006?,"capital asset purchases associated with the retail segment were $ 294 million in 2007 , bringing the total capital asset purchases since inception of the retail segment to $ 1.0 billion . as of september 29 , 2007 , the retail segment had approximately 7900 employees and had outstanding operating le",directional_change,increased|decreased|roughly_unchanged|insufficient_data,increased,committed,,,,,
hqa_FQ_160dce40_masked,finqa,GS/2012/page_154.pdf-3,what was the change in millions of securities purchased under agreements to resell between 2011 and 2012?,notes to consolidated financial statements note 9 . collateralized agreements and financings collateralized agreements are securities purchased under agreements to resell ( resale agreements or reverse repurchase agreements ) and securities borrowed . collateralized financings are securities sold un,directional_change,increased|decreased|roughly_unchanged|insufficient_data,insufficient_data,noncommitted,,,,,CONSTRUCTED - verify the masked evidence really cannot answer the question
hqa_FQ_167e565b,finqa,CE/2007/page_125.pdf-1,what is the percentage change in the balance of unrecognized tax benefits during 2007?,"determined that it will primarily be subject to the ietu in future periods , and as such it has recorded tax expense of approximately $ 20 million in 2007 for the deferred tax effects of the new ietu system . as of december 31 , 2007 , the company had us federal net operating loss carryforwards of a",directional_change,increased|decreased|roughly_unchanged|insufficient_data,increased,committed,,,,,
hqa_FQ_16a8661c,finqa,SLB/2011/page_56.pdf-2,what was the net change in shares outstanding during 2011?,schlumberger limited and subsidiaries shares of common stock ( stated in millions ) issued in treasury shares outstanding . | issued | in treasury | shares outstanding balance january 1 2009 | 1334 | -140 ( 140 ) | 1194 shares sold to optionees less shares exchanged | 2013 | 4 | 4 vesting of restric,directional_change,increased|decreased|roughly_unchanged|insufficient_data,roughly_unchanged,noncommitted,,,,,
hqa_FQ_172ddfb8,finqa,BLK/2016/page_35.pdf-2,what is the asset allocation and balanced as a percentage of the total component changes in multi-asset aum in 2015?,long-term product offerings include active and index strategies . our active strategies seek to earn attractive returns in excess of a market benchmark or performance hurdle while maintaining an appropriate risk profile . we offer two types of active strategies : those that rely primarily on fundame,directional_change,increased|decreased|roughly_unchanged|insufficient_data,increased,committed,,,,,
hqa_FQ_1824bf43,finqa,V/2008/page_138.pdf-1,what is the net change in liability for the fiscal year 2008?,"visa inc . notes to consolidated financial statements 2014 ( continued ) september 30 , 2008 ( in millions , except as noted ) trademark and technology licenses visa inc. , visa u.s.a. , visa international and inovant , as licensors , granted to visa europe exclusive , irrevocable and perpetual lice",directional_change,increased|decreased|roughly_unchanged|insufficient_data,decreased,committed,,,,,
hqa_FQ_185f9eaa,finqa,ETR/2017/page_20.pdf-1,what is the percent change in net revenue from 2016 to 2017?,the regulatory credit resulting from reduction of the federal corporate income tax rate variance is due to the reduction of the vidalia purchased power agreement regulatory liability by $ 30.5 million and the reduction of the louisiana act 55 financing savings obligation regulatory liabilities by $ ,directional_change,increased|decreased|roughly_unchanged|insufficient_data,increased,committed,,,,,
hqa_FQ_18971411,finqa,ETR/2008/page_266.pdf-3,what is the growth rate in net revenue in 2008 for entergy arkansas?,"entergy arkansas , inc . management's financial discussion and analysis results of operations net income 2008 compared to 2007 net income decreased $ 92.0 million primarily due to higher other operation and maintenance expenses , higher depreciation and amortization expenses , and a higher effective",directional_change,increased|decreased|roughly_unchanged|insufficient_data,increased,committed,,,,,
hqa_FQ_190eb137,finqa,ILMN/2003/page_79.pdf-2,what was the change in advertising costs from 2002 to 2003?,"illumina , inc . notes to consolidated financial statements 2014 ( continued ) advertising costs the company expenses advertising costs as incurred . advertising costs were approximately $ 440000 for 2003 , $ 267000 for 2002 and $ 57000 for 2001 . income taxes a deferred income tax asset or liabilit",directional_change,increased|decreased|roughly_unchanged|insufficient_data,increased,committed,,,,,
hqa_FQ_198601af_masked,finqa,AES/2017/page_168.pdf-3,what was the net change in millions in unrecognized tax benefits from 2015 to 2016?,"the aes corporation notes to consolidated financial statements 2014 ( continued ) december 31 , 2017 , 2016 , and 2015 the total amount of unrecognized tax benefits anticipated to result in a net decrease to unrecognized tax benefits within 12 months of december 31 , 2017 is estimated to be between ",directional_change,increased|decreased|roughly_unchanged|insufficient_data,insufficient_data,noncommitted,,,,,CONSTRUCTED - verify the masked evidence really cannot answer the question
hqa_FQ_19b10001,finqa,SLB/2009/page_65.pdf-3,what was the growth rate of the equity income in drilling fluids joint venture the mi-swaco from 2007 to 2007 for schlumberger,"part ii , item 8 fourth quarter of 2007 : 0160 schlumberger sold certain workover rigs for $ 32 million , resulting in a pretax gain of $ 24 million ( $ 17 million after-tax ) which is classified in interest and other income , net in the consolidated statement of income . 4 . acquisitions acquisitio",directional_change,increased|decreased|roughly_unchanged|insufficient_data,increased,committed,,,,,
hqa_FQ_19f6d315,finqa,C/2018/page_179.pdf-3,what was the percentage change in the total incentive compensation from 2017 to 2018,"incentive compensation cost the following table shows components of compensation expense , relating to certain of the incentive compensation programs described above : in a0millions a0of a0dollars 2018 2017 2016 charges for estimated awards to retirement-eligible employees $ 669 $ 659 $ 555 amortiza",directional_change,increased|decreased|roughly_unchanged|insufficient_data,decreased,committed,,,,,
hqa_FQ_1a22ef34_masked,finqa,ETR/2016/page_396.pdf-4,"what is the growth rate in net revenue in 2016 for entergy new orleans , inc?","entergy new orleans , inc . and subsidiaries management 2019s financial discussion and analysis results of operations net income 2016 compared to 2015 net income increased $ 3.9 million primarily due to higher net revenue , partially offset by higher depreciation and amortization expenses , higher i",directional_change,increased|decreased|roughly_unchanged|insufficient_data,insufficient_data,noncommitted,,,,,CONSTRUCTED - verify the masked evidence really cannot answer the question
hqa_FQ_1b3f45f8,finqa,CB/2009/page_220.pdf-2,what is the growth rate in net income for bermuda subsidiaries from 2008 to 2009?,n o t e s t o t h e c o n s o l i d a t e d f i n a n c i a l s t a t e m e n t s ( continued ) ace limited and subsidiaries 20 . statutory financial information the company 2019s insurance and reinsurance subsidiaries are subject to insurance laws and regulations in the jurisdictions in which they ,directional_change,increased|decreased|roughly_unchanged|insufficient_data,increased,committed,,,,,
hqa_FQ_1e05763b,finqa,CB/2008/page_217.pdf-2,what is the percentage change in the balance of outstanding options from 2005 to 2008?,"n o t e s t o c o n s o l i d a t e d f i n a n c i a l s t a t e m e n t s ( continued ) ace limited and subsidiaries the following table shows changes in the company 2019s stock options for the years ended december 31 , 2008 , 2007 , and number of options weighted average exercise price . | number",directional_change,increased|decreased|roughly_unchanged|insufficient_data,decreased,committed,,,,,
hqa_FQ_1e508c09,finqa,ZBH/2008/page_84.pdf-1,percent change of average shares outstanding when taking dilution into consideration in 2008?,"reasonably possible that such matters will be resolved in the next twelve months , but we do not anticipate that the resolution of these matters would result in any material impact on our results of operations or financial position . foreign jurisdictions have statutes of limitations generally rangi",directional_change,increased|decreased|roughly_unchanged|insufficient_data,increased,committed,,,,,
hqa_FQ_1f10213c_masked,finqa,GS/2013/page_145.pdf-1,"what was the total derivatives-net change for level 3 derivative assets and liabilities at fair value for the year from the beginning of 2013 to the end of 2013 , in millions?","notes to consolidated financial statements level 3 rollforward if a derivative was transferred to level 3 during a reporting period , its entire gain or loss for the period is included in level 3 . transfers between levels are reported at the beginning of the reporting period in which they occur . i",directional_change,increased|decreased|roughly_unchanged|insufficient_data,insufficient_data,noncommitted,,,,,CONSTRUCTED - verify the masked evidence really cannot answer the question
hqa_FQ_1f13b7a8_masked,finqa,STT/2008/page_116.pdf-1,what is percentage change in total conduit asset from 2007 to 2008?,conduit assets by asset origin . ( dollars in billions ) | 2008 amount | 2008 percent of total conduit assets | 2008 amount | percent of total conduit assets united states | $ 11.09 | 46% ( 46 % ) | $ 12.14 | 42% ( 42 % ) australia | 4.30 | 17 | 6.10 | 21 great britain | 1.97 | 8 | 2.93 | 10 spain |,directional_change,increased|decreased|roughly_unchanged|insufficient_data,insufficient_data,noncommitted,,,,,CONSTRUCTED - verify the masked evidence really cannot answer the question
hqa_FQ_20340198,finqa,GIS/2018/page_83.pdf-2,what is the net change of netmark-to-marketvaluation of certain commodity positions from 2017 to 2018?,"unallocated corporate items for fiscal 2018 , 2017 and 2016 included: . in millions | fiscal year 2018 | fiscal year 2017 | fiscal year 2016 net gain ( loss ) onmark-to-marketvaluation of commodity positions | $ 14.3 | $ -22.0 ( 22.0 ) | $ -69.1 ( 69.1 ) net loss on commodity positions reclassified ",directional_change,increased|decreased|roughly_unchanged|insufficient_data,increased,committed,,,,,
hqa_FQ_207a5951,finqa,RSG/2016/page_69.pdf-1,what was the net change in cash in 2016 in millions,"liquidity and capital resources the major components of changes in cash flows for 2016 , 2015 and 2014 are discussed in the following paragraphs . the following table summarizes our cash flow from operating activities , investing activities and financing activities for the years ended december 31 , ",directional_change,increased|decreased|roughly_unchanged|insufficient_data,increased,committed,,,,,
hqa_FQ_21e46fce,finqa,MMM/2007/page_38.pdf-2,what was the percentage change in the net cash used in investing activities from 2006 to 2007,"cash flows from operating activities can fluctuate significantly from period to period , as pension funding decisions , tax timing differences and other items can significantly impact cash flows . in both 2007 and 2006 , the company made discretionary contributions of $ 200 million to its u.s . qual",directional_change,increased|decreased|roughly_unchanged|insufficient_data,decreased,committed,,,,,
hqa_FQ_22c89286,finqa,KIM/2010/page_94.pdf-1,what is the percentage change in noncontrolling interest relating to the remaining units from 2009 to 2010?,"kimco realty corporation and subsidiaries notes to consolidated financial statements , continued the units consisted of ( i ) approximately 81.8 million preferred a units par value $ 1.00 per unit , which pay the holder a return of 7.0% ( 7.0 % ) per annum on the preferred a par value and are redeem",directional_change,increased|decreased|roughly_unchanged|insufficient_data,decreased,committed,,,,,
hqa_FQ_23b54354_masked,finqa,SNA/2018/page_33.pdf-1,what was the percent change in the snap-on performance from 2015 to 2016,"2018 annual report 23 five-year stock performance graph the graph below illustrates the cumulative total shareholder return on snap-on common stock since december 31 , 2013 , of a $ 100 investment , assuming that dividends were reinvested quarterly . the graph compares snap-on 2019s performance to t",directional_change,increased|decreased|roughly_unchanged|insufficient_data,insufficient_data,noncommitted,,,,,CONSTRUCTED - verify the masked evidence really cannot answer the question
hqa_FQ_23de6e2d_masked,finqa,RSG/2010/page_135.pdf-1,from 2009 to 2010 what was the percentage change in the expected volatility,"2006 plan prior to december 5 , 2008 became fully vested and nonforfeitable upon the closing of the acquisition . awards may be granted under the 2006 plan , as amended and restated , after december 5 , 2008 only to employees and consultants of allied waste industries , inc . and its subsidiaries wh",directional_change,increased|decreased|roughly_unchanged|insufficient_data,insufficient_data,noncommitted,,,,,CONSTRUCTED - verify the masked evidence really cannot answer the question
hqa_FQ_24468908,finqa,SNA/2012/page_54.pdf-1,what is the percentage change in working capital in 2012 relative to 2011?,management 2019s discussion and analysis of financial condition and results of operations ( continued ) liquidity and capital resources snap-on 2019s growth has historically been funded by a combination of cash provided by operating activities and debt financing . snap-on believes that its cash from,directional_change,increased|decreased|roughly_unchanged|insufficient_data,increased,committed,,,,,
hqa_FQ_24ca4850,finqa,AMT/2010/page_113.pdf-3,what was the percent of the change in the weighted average risk-free interest rate,"american tower corporation and subsidiaries notes to consolidated financial statements assessments in each of the tax jurisdictions resulting from these examinations . the company believes that adequate provisions have been made for income taxes for all periods through december 31 , 2010 . 12 . stoc",directional_change,increased|decreased|roughly_unchanged|insufficient_data,increased,committed,,,,,
hqa_FQ_252553e7,finqa,PNC/2007/page_107.pdf-2,what was the net change in weighted average exercise price for 2007?,"portion of their plan account invested in shares of pnc common stock into other investments available within the plan . prior to this amendment , only participants age 50 or older were permitted to exercise this diversification option . employee benefits expense related to this plan was $ 52 million",directional_change,increased|decreased|roughly_unchanged|insufficient_data,increased,committed,,,,,
hqa_FQ_25655607,finqa,ZBH/2007/page_69.pdf-1,what is the change in percentage of accumulated other comprehensive income from 2006 to 2007?,"which , $ 44.9 million , or $ 38.2 million , net of taxes , is expected to be reclassified to earnings over the next twelve months . we also enter into foreign currency forward exchange contracts with terms of one month to manage currency exposures for assets and liabilities denominated in a currenc",directional_change,increased|decreased|roughly_unchanged|insufficient_data,increased,committed,,,,,
hqa_FQ_26807a2c,finqa,GS/2013/page_193.pdf-3,what was the percentage change in tier 2 capital between 2012 and 2013?,"notes to consolidated financial statements the table below presents information regarding group inc . 2019s regulatory capital ratios and tier 1 leverage ratio under basel i , as implemented by the federal reserve board . the information as of december 2013 reflects the revised market risk regulator",directional_change,increased|decreased|roughly_unchanged|insufficient_data,increased,committed,,,,,
hqa_FQ_26f154ad,finqa,UPS/2017/page_111.pdf-4,what was the percentage change in vehicles under capital lease from 2016 to 2017?,"united parcel service , inc . and subsidiaries notes to consolidated financial statements floating-rate senior notes the floating-rate senior notes with principal amounts totaling $ 1.043 billion , bear interest at either one or three-month libor , less a spread ranging from 30 to 45 basis points . ",directional_change,increased|decreased|roughly_unchanged|insufficient_data,increased,committed,,,,,
hqa_FQ_28cc1d4c_masked,finqa,FIS/2016/page_64.pdf-4,what is the percentage change in total trade receivables?,"fidelity national information services , inc . and subsidiaries notes to consolidated financial statements - ( continued ) contingent consideration liabilities recorded in connection with business acquisitions must also be adjusted for changes in fair value until settled . see note 3 for discussion ",directional_change,increased|decreased|roughly_unchanged|insufficient_data,insufficient_data,noncommitted,,,,,CONSTRUCTED - verify the masked evidence really cannot answer the question
hqa_FQ_290aabb0,finqa,ETR/2017/page_20.pdf-2,what is the net change in net revenue during 2017?,the regulatory credit resulting from reduction of the federal corporate income tax rate variance is due to the reduction of the vidalia purchased power agreement regulatory liability by $ 30.5 million and the reduction of the louisiana act 55 financing savings obligation regulatory liabilities by $ ,directional_change,increased|decreased|roughly_unchanged|insufficient_data,decreased,committed,,,,,
hqa_FQ_294c3620,finqa,AAPL/2015/page_24.pdf-2,what was the change in the s&p 500 index between 2010 and 2015?,"table of contents company stock performance the following graph shows a comparison of cumulative total shareholder return , calculated on a dividend reinvested basis , for the company , the s&p 500 index , the s&p information technology index and the dow jones u.s . technology supersector index for ",directional_change,increased|decreased|roughly_unchanged|insufficient_data,increased,committed,,,,,
hqa_FQ_2ad0be48_masked,finqa,MA/2010/page_107.pdf-1,what was the percent of the change in the significant unobservable inputs from 2008 to 2009,mastercard incorporated notes to consolidated financial statements 2014continued the municipal bond portfolio is comprised of tax exempt bonds and is diversified across states and sectors . the portfolio has an average credit quality of double-a . the short-term bond funds invest in fixed income sec,directional_change,increased|decreased|roughly_unchanged|insufficient_data,insufficient_data,noncommitted,,,,,CONSTRUCTED - verify the masked evidence really cannot answer the question
hqa_FQ_2bcd94c6_masked,finqa,RSG/2016/page_69.pdf-2,"what was the ratio of the changes in assets and liabilities , net of effects from business acquisitions and divestitures in 2016 to 2015","liquidity and capital resources the major components of changes in cash flows for 2016 , 2015 and 2014 are discussed in the following paragraphs . the following table summarizes our cash flow from operating activities , investing activities and financing activities for the years ended december 31 , ",directional_change,increased|decreased|roughly_unchanged|insufficient_data,insufficient_data,noncommitted,,,,,CONSTRUCTED - verify the masked evidence really cannot answer the question
hqa_FQ_2bf279eb,finqa,ETR/2004/page_20.pdf-1,what is the net change in net revenue during 2003 for entergy corporation?,entergy corporation and subsidiaries management's financial discussion and analysis 2022 the deferral in august 2004 of $ 7.5 million of fossil plant maintenance and voluntary severance program costs at entergy new orleans as a result of a stipulation approved by the city council . 2003 compared to ,directional_change,increased|decreased|roughly_unchanged|insufficient_data,increased,committed,,,,,
hqa_FQ_2c30291c,finqa,EMN/2006/page_108.pdf-1,what is the percent change in cumulative translation adjustment between 2004 and 2006?,"eastman notes to the audited consolidated financial statements accumulated other comprehensive income ( loss ) ( dollars in millions ) cumulative translation adjustment unfunded additional minimum pension liability unrecognized loss and prior service cost , net of unrealized gains ( losses ) on cash",directional_change,increased|decreased|roughly_unchanged|insufficient_data,decreased,committed,,,,,
hqa_FQ_2c579e66_masked,finqa,AMT/2006/page_31.pdf-3,"what is the growth rate in the price of shares from the highest value during the quarter ended december 31 , 2006 and the closing price on february 22 , 2007?","part ii item 5 . market for registrant 2019s common equity , related stockholder matters and issuer purchases of equity securities the following table presents reported quarterly high and low per share sale prices of our class a common stock on the new york stock exchange ( nyse ) for the years 2006",directional_change,increased|decreased|roughly_unchanged|insufficient_data,insufficient_data,noncommitted,,,,,CONSTRUCTED - verify the masked evidence really cannot answer the question
hqa_FQ_2c778c88_masked,finqa,LKQ/2010/page_72.pdf-2,what was the percentage change in warranty reserve between 2009 and 2010?,"on either a straight-line or accelerated basis . amortization expense for intangibles was approximately $ 4.2 million , $ 4.1 million and $ 4.1 million during the years ended december 31 , 2010 , 2009 and 2008 , respectively . estimated annual amortization expense of the december 31 , 2010 balance f",directional_change,increased|decreased|roughly_unchanged|insufficient_data,insufficient_data,noncommitted,,,,,CONSTRUCTED - verify the masked evidence really cannot answer the question
hqa_FQ_2d021009,finqa,GPN/2008/page_92.pdf-2,what is the percentage change in the weighted average grant-date fair value of share awards from 2006 to 2007?,"notes to consolidated financial statements 2014 ( continued ) the weighted average grant-date fair value of share awards granted in the years ended may 31 , 2007 and 2006 was $ 45 and $ 36 , respectively . the total fair value of share awards vested during the years ended may 31 , 2008 , 2007 and 20",directional_change,increased|decreased|roughly_unchanged|insufficient_data,increased,committed,,,,,
hqa_FQ_2d2a7c97,finqa,FTV/2017/page_17.pdf-1,what was the change in percentage of sales attributable to professional instrumentation from 2016 to 2017?,"the new york stock exchange ( the 201cseparation 201d ) . the separation was effectuated through a pro-rata dividend distribution on july 2 , 2016 of all of the then-outstanding shares of common stock of fortive corporation to the holders of common stock of danaher as of june 15 , 2016 . in this ann",directional_change,increased|decreased|roughly_unchanged|insufficient_data,increased,committed,,,,,
hqa_FQ_2d4593d2,finqa,LMT/2012/page_43.pdf-4,what is the growth rate in operating profit for aeronautics in 2011?,aeronautics business segment 2019s results of operations discussion . the increase in our consolidated net adjustments for 2011 as compared to 2010 primarily was due to an increase in profit booking rate adjustments at our is&gs and aeronautics business segments . aeronautics our aeronautics busines,directional_change,increased|decreased|roughly_unchanged|insufficient_data,increased,committed,,,,,
hqa_FQ_2d662d39,finqa,PPG/2013/page_54.pdf-3,what was the percentage change in the unrecognized tax benefits from 2011 to 2012?,"52 2013 ppg annual report and form 10-k repatriation of undistributed earnings of non-u.s . subsidiaries as of december 31 , 2013 and december 31 , 2012 would have resulted in a u.s . tax cost of approximately $ 250 million and $ 110 million , respectively . the company files federal , state and loc",directional_change,increased|decreased|roughly_unchanged|insufficient_data,decreased,committed,,,,,
hqa_FQ_2dc155f9,finqa,BLK/2015/page_35.pdf-3,what is the growth rate in the balance of asset allocation from 2014 to 2015?,long-term product offerings include active and index strategies . our active strategies seek to earn attractive returns in excess of a market benchmark or performance hurdle while maintaining an appropriate risk profile . we offer two types of active strategies : those that rely primarily on fundame,directional_change,increased|decreased|roughly_unchanged|insufficient_data,increased,committed,,,,,
hqa_FQ_2eaf4c8c_masked,finqa,ETR/2004/page_216.pdf-4,what is the percent change in receivables from or ( payables to ) the money pool from 2001 to 2002?,"entergy louisiana , inc . management's financial discussion and analysis setting any of entergy louisiana's rates . therefore , to the extent entergy louisiana's use of the proceeds would ordinarily have reduced its rate base , no change in rate base shall be reflected for ratemaking purposes . the ",directional_change,increased|decreased|roughly_unchanged|insufficient_data,insufficient_data,noncommitted,,,,,CONSTRUCTED - verify the masked evidence really cannot answer the question
hqa_FQ_2ee537a1,finqa,GS/2018/page_70.pdf-1,what is the growth rate in operating expenses in 2018?,"the goldman sachs group , inc . and subsidiaries management 2019s discussion and analysis 2018 versus 2017 . provision for credit losses in the consolidated statements of earnings was $ 674 million for 2018 , compared with $ 657 million for 2017 , as the higher provision for credit losses primarily ",directional_change,increased|decreased|roughly_unchanged|insufficient_data,increased,committed,,,,,
hqa_FQ_2eebd658,finqa,LMT/2014/page_49.pdf-4,what is the growth rate in net sales for mst in 2013?,mission systems and training our mst business segment provides ship and submarine mission and combat systems ; mission systems and sensors for rotary and fixed-wing aircraft ; sea and land-based missile defense systems ; radar systems ; littoral combat ships ; simulation and training services ; and ,directional_change,increased|decreased|roughly_unchanged|insufficient_data,decreased,committed,,,,,
hqa_FQ_30432c0d,finqa,C/2017/page_119.pdf-3,"what was the change in billions of net outflows from dec . 31 , 2016 to dec . 31 , 2017?","liquidity monitoring and measurement stress testing liquidity stress testing is performed for each of citi 2019s major entities , operating subsidiaries and/or countries . stress testing and scenario analyses are intended to quantify the potential impact of an adverse liquidity event on the balance ",directional_change,increased|decreased|roughly_unchanged|insufficient_data,increased,committed,,,,,
hqa_FQ_32685ea4,finqa,RE/2016/page_40.pdf-2,what was the change in the amount of pre-tax catastrophe losses from 2015 to 2016 in millions,"risks relating to our business fluctuations in the financial markets could result in investment losses . prolonged and severe disruptions in the overall public debt and equity markets , such as occurred during 2008 , could result in significant realized and unrealized losses in our investment portfo",directional_change,increased|decreased|roughly_unchanged|insufficient_data,increased,committed,,,,,
hqa_FQ_332f14de,finqa,MO/2017/page_65.pdf-2,what is the percent change in earnings for basic and diluted eps from 2016 to 2017?,"10-k altria ar release tuesday , february 27 , 2018 10:00pm andra design llc performance stock units : in january 2017 , altria group , inc . granted an aggregate of 187886 performance stock units to eligible employees . the payout of the performance stock units requires the achievement of certain p",directional_change,increased|decreased|roughly_unchanged|insufficient_data,increased,committed,,,,,
hqa_FQ_33caa7aa,finqa,AES/2018/page_168.pdf-3,what was the percentage change of unrecognized tax benefits at year end between 2017 and 2018?,"the aes corporation notes to consolidated financial statements 2014 ( continued ) december 31 , 2018 , 2017 , and 2016 the following is a reconciliation of the beginning and ending amounts of unrecognized tax benefits for the periods indicated ( in millions ) : . | 2018 | 2017 | 2016 balance at janu",directional_change,increased|decreased|roughly_unchanged|insufficient_data,increased,committed,,,,,
hqa_FQ_34845583_masked,finqa,C/2009/page_195.pdf-1,what was the percentage change in the allowance for loan losses from 2008 to 2009?,18 . allowance for credit losses . in millions of dollars | 2009 | 2008 ( 1 ) | 2007 ( 1 ) gross credit losses | -32784 ( 32784 ) | -20760 ( 20760 ) | -11864 ( 11864 ) gross recoveries | 2043 | 1749 | 1938 net credit ( losses ) recoveries ( ncls ) | $ -30741 ( 30741 ) | $ -19011 ( 19011 ) | $ -9926 ,directional_change,increased|decreased|roughly_unchanged|insufficient_data,insufficient_data,noncommitted,,,,,CONSTRUCTED - verify the masked evidence really cannot answer the question
hqa_FQ_3484a5e6,finqa,ETR/2008/page_266.pdf-2,what is the net change in net revenue during 2008 for entergy arkansas?,"entergy arkansas , inc . management's financial discussion and analysis results of operations net income 2008 compared to 2007 net income decreased $ 92.0 million primarily due to higher other operation and maintenance expenses , higher depreciation and amortization expenses , and a higher effective",directional_change,increased|decreased|roughly_unchanged|insufficient_data,increased,committed,,,,,
hqa_FQ_34bad94b,finqa,STT/2011/page_94.pdf-3,what was the percent change in the value of commercial paper outstanding between 2010 and 2011?,"we maintain an effective universal shelf registration that allows for the public offering and sale of debt securities , capital securities , common stock , depositary shares and preferred stock , and warrants to purchase such securities , including any shares into which the preferred stock and depos",directional_change,increased|decreased|roughly_unchanged|insufficient_data,increased,committed,,,,,
hqa_FQ_34e1b58a,finqa,ETR/2008/page_267.pdf-4,"what is the net change in net revenue during 2007 for entergy arkansas , inc.?","entergy arkansas , inc . management's financial discussion and analysis gross operating revenues and fuel and purchased power expenses gross operating revenues increased primarily due to : an increase of $ 114 million in gross wholesale revenue due to an increase in the average price of energy avail",directional_change,increased|decreased|roughly_unchanged|insufficient_data,increased,committed,,,,,
hqa_FQ_35480d43,finqa,SLG/2011/page_58.pdf-3,what was the change in ground leases between 2012 and 2013 in millions?,"56 / 57 management 2019s discussion and analysis of financial condition and results of operations junior subordinate deferrable interest debentures in june 2005 , we issued $ 100.0 a0million of trust preferred securities , which are reflected on the balance sheet as junior subordinate deferrable int",directional_change,increased|decreased|roughly_unchanged|insufficient_data,roughly_unchanged,noncommitted,,,,,
hqa_FQ_35667611,finqa,UNP/2012/page_30.pdf-4,what was the change in other income from 2010 to 2011 in millions?,"maintenance and contract expenses incurred by our subsidiaries for external transportation services ) ; materials used to maintain the railroad 2019s lines , structures , and equipment ; costs of operating facilities jointly used by uprr and other railroads ; transportation and lodging for train cre",directional_change,increased|decreased|roughly_unchanged|insufficient_data,increased,committed,,,,,
hqa_FQ_3589ded2,finqa,GS/2014/page_44.pdf-2,what was the percentage change in pre-tax earnings for the institutional client services segment between 2013 and 2014?,"management 2019s discussion and analysis institutional client services our institutional client services segment is comprised of : fixed income , currency and commodities client execution . includes client execution activities related to making markets in interest rate products , credit products , m",directional_change,increased|decreased|roughly_unchanged|insufficient_data,increased,committed,,,,,
hqa_FQ_35f2a3bf_masked,finqa,AWK/2015/page_127.pdf-4,what was the growth rate in the account balance 2015,"the following tables present a reconciliation of the beginning and ending balances of the fair value measurements using significant unobservable inputs ( level 3 ) for 2015 and 2014 , respectively: . | level 3 actual return on assets | 12 purchases issuances and settlements net | -3 ( 3 ) balance as",directional_change,increased|decreased|roughly_unchanged|insufficient_data,insufficient_data,noncommitted,,,,,CONSTRUCTED - verify the masked evidence really cannot answer the question
hqa_FQ_37575b4f,finqa,PKG/2006/page_68.pdf-3,what was the percentage change in payroll and payroll taxes from 2005 to 2006?,"packaging corporation of america notes to consolidated financial statements ( continued ) december 31 , 2006 4 . stock-based compensation ( continued ) as of december 31 , 2006 , there was $ 8330000 of total unrecognized compensation costs related to the restricted stock awards . the company expects",directional_change,increased|decreased|roughly_unchanged|insufficient_data,increased,committed,,,,,
hqa_FQ_37ff807a,finqa,CB/2008/page_243.pdf-3,what is the growth rate of net amount from 2007 to 2008?,"s c h e d u l e i v ( continued ) ace limited and subsidiaries s u p p l e m e n t a l i n f o r m a t i o n c o n c e r n i n g r e i n s u r a n c e premiums earned for the years ended december 31 , 2008 , 2007 , and 2006 ( in millions of u.s . dollars ) direct amount ceded to companies assumed fr",directional_change,increased|decreased|roughly_unchanged|insufficient_data,increased,committed,,,,,
hqa_FQ_38b5300c,finqa,SWKS/2010/page_105.pdf-4,"what is the percentage change in cash flow from operations from fiscal year 2009 to fiscal year 2010 , ( in millions ) ?",31mar201122064257 positions which were required to be capitalized . there are no positions which we anticipate could change materially within the next twelve months . liquidity and capital resources . ( dollars in thousands ) | fiscal years ended october 1 2010 | fiscal years ended october 2 2009 | ,directional_change,increased|decreased|roughly_unchanged|insufficient_data,decreased,committed,,,,,
hqa_FQ_38d63fd6,finqa,GIS/2019/page_53.pdf-1,what is the change in fair value of foreign currency instruments from 2018 to 2019?,"the table below presents the estimated maximum potential var arising from a one-day loss in fair value for our interest rate , foreign currency , commodity , and equity market-risk-sensitive instruments outstanding as of may 26 , 2019 and may 27 , 2018 , and the average fair value impact during the ",directional_change,increased|decreased|roughly_unchanged|insufficient_data,decreased,committed,,,,,
hqa_FQ_393791a9,finqa,IPG/2017/page_49.pdf-2,what is the growth rate in the interest income in 2017 relative to 2016?,"item 7a . quantitative and qualitative disclosures about market risk ( amounts in millions ) in the normal course of business , we are exposed to market risks related to interest rates , foreign currency rates and certain balance sheet items . from time to time , we use derivative instruments , purs",directional_change,increased|decreased|roughly_unchanged|insufficient_data,decreased,committed,,,,,
hqa_FQ_394c19f5,finqa,UNP/2008/page_26.pdf-3,what was the percentage change in free cash flow from 2006 to 2007?,"levels during 2008 , an indication that efforts to improve network operations translated into better customer service . 2022 fuel prices 2013 crude oil prices increased at a steady rate through the first seven months of 2008 , closing at a record high of $ 145.29 a barrel in early july . as the econ",directional_change,increased|decreased|roughly_unchanged|insufficient_data,decreased,committed,,,,,
hqa_FQ_39f175e7,finqa,HII/2011/page_69.pdf-3,what is the percentage change in net income from 2009 to 2010?,"construction of cvn-79 john f . kennedy , construction of the u.s . coast guard 2019s fifth national security cutter ( unnamed ) , advance planning efforts for the cvn-72 uss abraham lincoln rcoh , and continued execution of the cvn-71 uss theodore roosevelt rcoh . 2010 2014the value of new contract",directional_change,increased|decreased|roughly_unchanged|insufficient_data,increased,committed,,,,,
hqa_FQ_3a8ecd37_masked,finqa,AAPL/2007/page_51.pdf-3,"what was the change between september 29 , 2007 and september 30 , 2006 , of the company 2019s cash , cash equivalents , and short-term investments were held by foreign subsidiaries and based in u.s . dollar-denominated holdings , in billions?","no . 159 requires that unrealized gains and losses on items for which the fair value option has been elected be reported in earnings at each reporting date . sfas no . 159 is effective for fiscal years beginning after november 15 , 2007 and is required to be adopted by the company beginning in the f",directional_change,increased|decreased|roughly_unchanged|insufficient_data,insufficient_data,noncommitted,,,,,CONSTRUCTED - verify the masked evidence really cannot answer the question
hqa_FQ_3af81fb7,finqa,MMM/2007/page_39.pdf-1,"what was the percent of the total change in debt at december 31 , 2007 from 2006","approximately $ 55 million , which is reported as 201cinvestments 201d in the consolidated balance sheet and as 201cpurchases of marketable securities and investments 201d in the consolidated statement of cash flows . the recovery of approximately $ 25 million of this investment in 2007 reduced 201c",directional_change,increased|decreased|roughly_unchanged|insufficient_data,increased,committed,,,,,
hqa_FQ_3b120f32_masked,finqa,IPG/2018/page_104.pdf-2,what was the change in the future contingent acquisition obligations deferred acquisition payments from 2019 to 2020,"notes to consolidated financial statements 2013 ( continued ) ( amounts in millions , except per share amounts ) guarantees we have guaranteed certain obligations of our subsidiaries relating principally to operating leases and uncommitted lines of credit of certain subsidiaries . as of december 31 ",directional_change,increased|decreased|roughly_unchanged|insufficient_data,insufficient_data,noncommitted,,,,,CONSTRUCTED - verify the masked evidence really cannot answer the question
hqa_FQ_3b424952_masked,finqa,SWKS/2011/page_112.pdf-2,in 2011 what was the percentage change in the gross unrecognized tax benefits,notes to consolidated financial statements 2014 ( continued ) a reconciliation of the beginning and ending amount of gross unrecognized tax benefits is as follows ( in thousands ) : . increases based on positions related to prior years | 935 increases based on positions related to current year | 113,directional_change,increased|decreased|roughly_unchanged|insufficient_data,insufficient_data,noncommitted,,,,,CONSTRUCTED - verify the masked evidence really cannot answer the question
hqa_FQ_3b95d900,finqa,BLK/2017/page_35.pdf-3,what is the percentage change in the balance of target date/risk from 2016 to 2017?,"long-term product offerings include alpha-seeking active and index strategies . our alpha-seeking active strategies seek to earn attractive returns in excess of a market benchmark or performance hurdle while maintaining an appropriate risk profile , and leverage fundamental research and quantitative",directional_change,increased|decreased|roughly_unchanged|insufficient_data,increased,committed,,,,,
hqa_FQ_3b987a0e_masked,finqa,PNC/2013/page_158.pdf-2,what was the change in the balance in millions of nonperforming loans from 2012 to 2013?,"troubled debt restructurings ( tdrs ) a tdr is a loan whose terms have been restructured in a manner that grants a concession to a borrower experiencing financial difficulties . tdrs result from our loss mitigation activities , and include rate reductions , principal forgiveness , postponement/reduc",directional_change,increased|decreased|roughly_unchanged|insufficient_data,insufficient_data,noncommitted,,,,,CONSTRUCTED - verify the masked evidence really cannot answer the question
hqa_FQ_3bd14ae7,finqa,ETR/2008/page_313.pdf-4,what is the percent change in net revenue between 2007 and 2008?,"entergy louisiana , llc management's financial discussion and analysis net revenue 2008 compared to 2007 net revenue consists of operating revenues net of : 1 ) fuel , fuel-related expenses , and gas purchased for resale , 2 ) purchased power expenses , and 3 ) other regulatory charges . following i",directional_change,increased|decreased|roughly_unchanged|insufficient_data,decreased,committed,,,,,
hqa_FQ_3c07b796,finqa,UPS/2007/page_103.pdf-3,what is the net change in the balance of unrecognized tax benefits during 2007?,"united parcel service , inc . and subsidiaries notes to consolidated financial statements 2014 ( continued ) the following table summarizes the activity related to our unrecognized tax benefits ( in millions ) : . balance at january 1 2007 | $ 373 additions for tax positions of the current year | 13",directional_change,increased|decreased|roughly_unchanged|insufficient_data,decreased,committed,,,,,
hqa_FQ_3c24c2ba,finqa,VNO/2003/page_97.pdf-2,what was the change in principal payments due in 2006 versus 2007 in thousands?,"vornado realty trust72 ( 6 ) on june 21 , 2002 , one of the lenders purchased the other participant 2019s interest in the loan . at the same time , the loan was extended for one year , with certain modifications , including ( i ) making the risk of a loss due to terrorism ( as defined ) not covered ",directional_change,increased|decreased|roughly_unchanged|insufficient_data,decreased,committed,,,,,
hqa_FQ_3c7dbe39,finqa,MRO/2012/page_41.pdf-4,what was the change in the effective income tax rate for continuing operations between in 2012 compared to 2011?,"key operating and financial activities significant operating and financial activities during 2012 include : 2022 net proved reserve additions for the e&p and osm segments combined of 389 mmboe , for a 226 percent reserve replacement 2022 increased proved liquid hydrocarbon and synthetic crude oil re",directional_change,increased|decreased|roughly_unchanged|insufficient_data,increased,committed,,,,,
hqa_FQ_3d5831dc,finqa,ZBH/2004/page_65.pdf-1,what was the percentage change in accumulated other comprehensive income for 2004?,"z i m m e r h o l d i n g s , i n c . a n d s u b s i d i a r i e s 2 0 0 4 f o r m 1 0 - k notes to consolidated financial statements ( continued ) the components of accumulated other comprehensive income are as follows ( in millions ) : accumulated foreign foreign minimum unrealized other currency",directional_change,increased|decreased|roughly_unchanged|insufficient_data,increased,committed,,,,,
hqa_FQ_3e45ce3d,finqa,ADI/2016/page_79.pdf-2,what is the percentage change in the total grant-date fair value of shares vested in 2016 compare to 2015?,"analog devices , inc . notes to consolidated financial statements 2014 ( continued ) the total intrinsic value of options exercised ( i.e . the difference between the market price at exercise and the price paid by the employee to exercise the options ) during fiscal 2016 , 2015 and 2014 was $ 46.6 m",directional_change,increased|decreased|roughly_unchanged|insufficient_data,decreased,committed,,,,,
hqa_FQ_3e5f5d64,finqa,ADBE/2014/page_47.pdf-2,"from the years 2014-2013 to 2013-2012 , what was the change in percentage points of depreciation expense?","subscription cost of subscription revenue consists of third-party royalties and expenses related to operating our network infrastructure , including depreciation expenses and operating lease payments associated with computer equipment , data center costs , salaries and related expenses of network op",directional_change,increased|decreased|roughly_unchanged|insufficient_data,roughly_unchanged,noncommitted,,,,,
hqa_FQ_3f9ab8bb,finqa,ADI/2011/page_92.pdf-1,what is the net change in unrealized tax benefits from 2008 to 2011?,the following table summarizes the changes in the total amounts of unrealized tax benefits for fiscal 2009 through fiscal 2011. . balance november 1 2008 | $ 13750 additions for tax positions of 2009 | 4411 balance october 31 2009 | 18161 additions for tax positions of 2010 | 286 balance october 30 ,directional_change,increased|decreased|roughly_unchanged|insufficient_data,decreased,committed,,,,,
hqa_FQ_3f9b4b22,finqa,UNP/2006/page_72.pdf-2,what was the percentage change in personal injury liability from 2005 to 2006?,"consolidated results of operations , financial condition , or liquidity ; however , to the extent possible , where unasserted claims are considered probable and where such claims can be reasonably estimated , we have recorded a liability . we do not expect that any known lawsuits , claims , environm",directional_change,increased|decreased|roughly_unchanged|insufficient_data,increased,committed,,,,,
hqa_FQ_40c2af20,finqa,SNPS/2006/page_46.pdf-1,what was the change in dso between 2005 and 2006?,"accounts receivable , net october 31 , 2006 october 31 , 2005 dollar change change . october 31 2006 | october 31 2005 | dollar change | % ( % ) change ( dollars in millions ) | ( dollars in millions ) | | $ 122.6 | $ 100.2 | $ 22.4 | 22% ( 22 % ) the increase in accounts receivable was primarily du",directional_change,increased|decreased|roughly_unchanged|insufficient_data,increased,committed,,,,,
hqa_FQ_4119f1f3,finqa,GS/2013/page_195.pdf-3,"in millions , what was the change between 2013 and 2012 in tier 1 capital?","notes to consolidated financial statements under the regulatory framework for prompt corrective action applicable to gs bank usa , in order to meet the quantitative requirements for being a 201cwell-capitalized 201d depository institution , gs bank usa is required to maintain a tier 1 capital ratio ",directional_change,increased|decreased|roughly_unchanged|insufficient_data,decreased,committed,,,,,
hqa_FQ_41bce8fe,finqa,AAP/2007/page_83.pdf-1,what is the net change in the balance unrecognized tax benefits in 2007?,"advance auto parts , inc . and subsidiaries notes to the consolidated financial statements 2013 ( continued ) december 29 , 2007 , december 30 , 2006 and december 31 , 2005 ( in thousands , except per share data ) 11 . stock repurchase program : during fiscal 2007 , the company's board of directors ",directional_change,increased|decreased|roughly_unchanged|insufficient_data,increased,committed,,,,,
hqa_FQ_41bdc872,finqa,STT/2013/page_71.pdf-1,what is the growth rate of the average total short-duration advances from 2012 to 2013?,management 2019s discussion and analysis of financial condition and results of operations ( continued ) the following table presents average u.s . and non-u.s . short-duration advances for the years ended december 31 : years ended december 31 . ( in millions ) | 2013 | 2012 | 2011 average u.s . shor,directional_change,increased|decreased|roughly_unchanged|insufficient_data,increased,committed,,,,,
hqa_FQ_42104690,finqa,PPG/2008/page_47.pdf-3,what was the percentage change in interest payments from 2006 to 2007?,"notes to the consolidated financial statements on march 18 , 2008 , ppg completed a public offering of $ 600 million in aggregate principal amount of its 5.75% ( 5.75 % ) notes due 2013 ( the 201c2013 notes 201d ) , $ 700 million in aggregate principal amount of its 6.65% ( 6.65 % ) notes due 2018 (",directional_change,increased|decreased|roughly_unchanged|insufficient_data,increased,committed,,,,,
hqa_FQ_425a8ac9_masked,finqa,PNC/2007/page_93.pdf-1,"what was the change in commercial commitments net of participations , assignments and syndications , primarily to financial services companies in 2007 compared to 2006 in billions?",net unfunded credit commitments . december 31 - in millions | 2007 | 2006 commercial | $ 39171 | $ 31009 consumer | 10875 | 10495 commercial real estate | 2734 | 2752 other | 567 | 579 total | $ 53347 | $ 44835 commitments to extend credit represent arrangements to lend funds subject to specified co,directional_change,increased|decreased|roughly_unchanged|insufficient_data,insufficient_data,noncommitted,,,,,CONSTRUCTED - verify the masked evidence really cannot answer the question
hqa_FQ_432b47f6_masked,finqa,V/2016/page_132.pdf-2,what is the percent change in fair value per option granted from 2015 to 2016?,"visa inc . notes to consolidated financial statements 2014 ( continued ) september 30 , 2016 note 16 2014share-based compensation 2007 equity incentive compensation plan the company 2019s 2007 equity incentive compensation plan , or the eip , authorizes the compensation committee of the board of dir",directional_change,increased|decreased|roughly_unchanged|insufficient_data,insufficient_data,noncommitted,,,,,CONSTRUCTED - verify the masked evidence really cannot answer the question
hqa_FQ_44169740,finqa,BLK/2014/page_68.pdf-1,what is the growth rate in employee headcount from 2012 to 2013?,"contribution incurred in 2013 and foreign currency remeasurement , partially offset by the $ 50 million reduction of an indemnification asset . as adjusted . expense , as adjusted , increased $ 362 million , or 6% ( 6 % ) , to $ 6518 million in 2014 from $ 6156 million in 2013 . the increase in tota",directional_change,increased|decreased|roughly_unchanged|insufficient_data,increased,committed,,,,,
hqa_FQ_4698be7e,finqa,FIS/2017/page_14.pdf-3,what is the growth rate in consolidated revenues from 2016 to 2017?,"2022 expand client relationships - the overall market we serve continues to gravitate beyond single-application purchases to multi-solution partnerships . as the market dynamics shift , we expect our clients and prospects to rely more on our multidimensional service offerings . our leveraged solutio",directional_change,increased|decreased|roughly_unchanged|insufficient_data,decreased,committed,,,,,
hqa_FQ_46ab258b,finqa,SYY/2006/page_26.pdf-1,what was the change in percentage sales to restaurants from 2004 to 2005?,"customers and products the foodservice industry consists of two major customer types 2014 2018 2018traditional 2019 2019 and 2018 2018chain restaurant . 2019 2019 traditional foodservice customers include restaurants , hospitals , schools , hotels and industrial caterers . sysco 2019s chain restaura",directional_change,increased|decreased|roughly_unchanged|insufficient_data,roughly_unchanged,noncommitted,,,,,
hqa_FQ_497ef504,finqa,LMT/2015/page_53.pdf-1,what was the percentage of the change in the backlog at year-end \\n,backlog backlog increased in 2015 compared to 2014 primarily due to higher orders on f-35 and c-130 programs . backlog decreased slightly in 2014 compared to 2013 primarily due to lower orders on f-16 and f-22 programs . trends we expect aeronautics 2019 2016 net sales to increase in the mid-single ,directional_change,increased|decreased|roughly_unchanged|insufficient_data,decreased,committed,,,,,
hqa_FQ_4b4abc53,finqa,PKG/2005/page_73.pdf-4,"what was the percentage change in total lease expense , including base rent on all leases and executory costs , such as insurance , taxes , and maintenance from 2004 to 2005?","packaging corporation of america notes to consolidated financial statements ( continued ) december 31 , 2005 9 . shareholders 2019 equity ( continued ) stockholder received proceeds , net of the underwriting discount , of $ 20.69 per share . the company did not sell any shares in , or receive any pr",directional_change,increased|decreased|roughly_unchanged|insufficient_data,increased,committed,,,,,
hqa_FQ_4d6332de_masked,finqa,GIS/2008/page_83.pdf-1,what is the change in net assets from 2007 to 2008?,"contributions and future benefit payments we expect to make contributions of $ 28.1 million to our defined benefit , other postretirement , and postemployment benefits plans in fiscal 2009 . actual 2009 contributions could exceed our current projections , as influenced by our decision to undertake d",directional_change,increased|decreased|roughly_unchanged|insufficient_data,insufficient_data,noncommitted,,,,,CONSTRUCTED - verify the masked evidence really cannot answer the question
hqa_FQ_4de2221b,finqa,ECL/2017/page_96.pdf-3,what is the percentage change in the r&d expenses from 2015 to 2016?,"13 . rentals and leases the company leases sales and administrative office facilities , distribution centers , research and manufacturing facilities , as well as vehicles and other equipment under operating leases . total rental expense under the company 2019s operating leases was $ 239 million in 2",directional_change,increased|decreased|roughly_unchanged|insufficient_data,decreased,committed,,,,,
hqa_FQ_4e84704f,finqa,C/2018/page_53.pdf-2,what was the percentage change in total operating expenses between 2016 and 2018?,"corporate/other corporate/other includes certain unallocated costs of global staff functions ( including finance , risk , human resources , legal and compliance ) , other corporate expenses and unallocated global operations and technology expenses and income taxes , as well as corporate treasury , c",directional_change,increased|decreased|roughly_unchanged|insufficient_data,decreased,committed,,,,,
hqa_FQ_4f19e5e1,finqa,ADI/2010/page_82.pdf-1,what is the percentage change in the total expense related to the defined contribution plan for u.s employees in 2010?,"the following is a schedule of future minimum rental payments required under long-term operating leases at october 30 , 2010 : fiscal years operating leases . fiscal years | operating leases 2011 | $ 21871 2012 | 12322 2013 | 9078 2014 | 6381 2015 | 5422 later years | 30655 total | $ 85729 12 . comm",directional_change,increased|decreased|roughly_unchanged|insufficient_data,decreased,committed,,,,,
hqa_FQ_4f6a39b7,finqa,JPM/2008/page_112.pdf-1,what was the percentage change in net charge-offs relating to commercial banking between 2007 and 2008?,management 2019s discussion and analysis 110 jpmorgan chase & co . / 2008 annual report the allowance for credit losses increased $ 13.7 billion from the prior year to $ 23.8 billion . the increase included $ 4.1 billion of allowance related to noncredit-impaired loans acquired in the washington mut,directional_change,increased|decreased|roughly_unchanged|insufficient_data,increased,committed,,,,,
hqa_FQ_50e1d593,finqa,ZBH/2013/page_46.pdf-2,what is the percent change in accelerated software amortization from 2012 to 2013?,"zimmer holdings , inc . 2013 form 10-k annual report notes to consolidated financial statements ( continued ) fees paid to collaborative partners . where contingent milestone payments are due to third parties under research and development arrangements , the milestone payment obligations are expense",directional_change,increased|decreased|roughly_unchanged|insufficient_data,increased,committed,,,,,
hqa_FQ_50fa945c,finqa,ECL/2017/page_68.pdf-3,what is the percentage change in the balance of allowance for doubtful accounts from 2016 to 2017?,"cash and cash equivalents cash equivalents include highly-liquid investments with a maturity of three months or less when purchased . accounts receivable and allowance for doubtful accounts accounts receivable are carried at the invoiced amounts , less an allowance for doubtful accounts , and genera",directional_change,increased|decreased|roughly_unchanged|insufficient_data,increased,committed,,,,,
hqa_FQ_530c31b1,finqa,AMT/2007/page_99.pdf-3,what is the percentage change in he total amount of accrued income tax-related interest and penalties included in other long-term liabilities during 2007?,"american tower corporation and subsidiaries notes to consolidated financial statements 2014 ( continued ) company is currently unable to estimate the impact of the amount of such changes , if any , to previously recorded uncertain tax positions . a reconciliation of the beginning and ending amount o",directional_change,increased|decreased|roughly_unchanged|insufficient_data,decreased,committed,,,,,
hqa_FQ_5333e794_masked,finqa,CME/2012/page_103.pdf-4,what is the percentage change in the balance of non-controlling interests from 2010 to 2011?,"positions and collateral of the defaulting firm at each respective clearing organization , and taking into account any cross-margining loss sharing payments , any of the participating clearing organizations has a remaining liquidating surplus , and any other participating clearing organization has a",directional_change,increased|decreased|roughly_unchanged|insufficient_data,insufficient_data,noncommitted,,,,,CONSTRUCTED - verify the masked evidence really cannot answer the question
hqa_FQ_5375e2ac,finqa,IPG/2014/page_47.pdf-1,what is the growth rate of interest income from 2013 to 2014?,"item 7a . quantitative and qualitative disclosures about market risk ( amounts in millions ) in the normal course of business , we are exposed to market risks related to interest rates , foreign currency rates and certain balance sheet items . from time to time , we use derivative instruments , purs",directional_change,increased|decreased|roughly_unchanged|insufficient_data,increased,committed,,,,,
hqa_FQ_538321bf,finqa,PPG/2012/page_47.pdf-4,what was the percentage change in rental expense for operating leases from 2010 to 2011?,"2012 ppg annual report and form 10-k 45 costs related to these notes , which totaled $ 17 million , will be amortized to interest expense over the respective terms of the notes . in august 2010 , ppg entered into a three-year credit agreement with several banks and financial institutions ( the ""2010",directional_change,increased|decreased|roughly_unchanged|insufficient_data,increased,committed,,,,,
hqa_FQ_542d0870_masked,finqa,STT/2006/page_96.pdf-4,what is the growth rate in the risk-free interest rate from 2004 to 2005?,"for the year ended december 31 , 2005 , we realized net losses of $ 1 million on sales of available-for- sale securities . unrealized gains of $ 1 million were included in other comprehensive income at december 31 , 2004 , net of deferred taxes of less than $ 1 million , related to these sales . for",directional_change,increased|decreased|roughly_unchanged|insufficient_data,insufficient_data,noncommitted,,,,,CONSTRUCTED - verify the masked evidence really cannot answer the question
hqa_FQ_5447c20b,finqa,MO/2017/page_10.pdf-1,what is the percent change in relative percentages of operating companies income ( loss ) attributable to smokeable products from 2015 to 2016?,"10-k altria ar release tuesday , february 27 , 2018 10:00pm andra design llc the relative percentages of operating companies income ( loss ) attributable to each reportable segment and the all other category were as follows: . | 2017 | 2016 | 2015 smokeable products | 85.8% ( 85.8 % ) | 86.2% ( 86.2",directional_change,increased|decreased|roughly_unchanged|insufficient_data,increased,committed,,,,,
hqa_FQ_54a3dbfb,finqa,ETR/2004/page_22.pdf-2,what is the growth rate in earnings for non-utility nuclear in 2004 compare to 2003?,"entergy corporation and subsidiaries management's financial discussion and analysis other income ( deductions ) changed from $ 47.6 million in 2002 to ( $ 36.0 million ) in 2003 primarily due to a decrease in ""miscellaneous - net"" as a result of a $ 107.7 million accrual in the second quarter of 200",directional_change,increased|decreased|roughly_unchanged|insufficient_data,decreased,committed,,,,,
hqa_FQ_550849fd,finqa,GIS/2019/page_53.pdf-2,what is the change in fair value of equity instruments from 2018 to 2019?,"the table below presents the estimated maximum potential var arising from a one-day loss in fair value for our interest rate , foreign currency , commodity , and equity market-risk-sensitive instruments outstanding as of may 26 , 2019 and may 27 , 2018 , and the average fair value impact during the ",directional_change,increased|decreased|roughly_unchanged|insufficient_data,increased,committed,,,,,
hqa_FQ_5613a8d5_masked,finqa,TROW/2009/page_24.pdf-3,what was the change in capital gain distributions received between 2007 and 2008 as a percent of the capital gain distributions received in 2007?,"administrative fees , which increased $ 5.8 million to $ 353.9 million , are generally offset by related operating expenses that are incurred to provide services to the funds and their investors . our largest expense , compensation and related costs , increased $ 18.4 million or 2.3% ( 2.3 % ) from ",directional_change,increased|decreased|roughly_unchanged|insufficient_data,insufficient_data,noncommitted,,,,,CONSTRUCTED - verify the masked evidence really cannot answer the question
hqa_FQ_56a5dbfc,finqa,RE/2012/page_31.pdf-1,what is the percentage change in gross reserves from 2011 to 2012?,"the company endeavors to actively engage with every insured account posing significant potential asbestos exposure to mt . mckinley . such engagement can take the form of pursuing a final settlement , negotiation , litigation , or the monitoring of claim activity under settlement in place ( 201csip ",directional_change,increased|decreased|roughly_unchanged|insufficient_data,decreased,committed,,,,,
hqa_FQ_5708c95c,finqa,FIS/2006/page_88.pdf-4,what is the percentage change in estimated fair value of the cash flow hedges from 2005 to 2006?,"through the certegy merger , the company has an obligation to service $ 200 million ( aggregate principal amount ) of unsecured 4.75% ( 4.75 % ) fixed-rate notes due in 2008 . the notes were recorded in purchase accounting at a discount of $ 5.7 million , which is being amortized over the term of th",directional_change,increased|decreased|roughly_unchanged|insufficient_data,decreased,committed,,,,,
hqa_FQ_581045a0,finqa,IPG/2017/page_38.pdf-3,what is the net change in cash for 2016?,"management 2019s discussion and analysis of financial condition and results of operations 2013 ( continued ) ( amounts in millions , except per share amounts ) operating income increased during 2017 when compared to 2016 , comprised of a decrease in revenue of $ 42.1 , as discussed above , a decreas",directional_change,increased|decreased|roughly_unchanged|insufficient_data,decreased,committed,,,,,
hqa_FQ_582b6cb3,finqa,AWK/2018/page_162.pdf-1,what was the change in value for level 3 inputs during 2018?\\n,asset category target allocation total quoted prices in active markets for identical assets ( level 1 ) significant observable inputs ( level 2 ) significant unobservable inputs . | level 3 balance as of january 1 2018 | $ 278 actual return on assets | -23 ( 23 ) purchases issuances and settlements ,directional_change,increased|decreased|roughly_unchanged|insufficient_data,decreased,committed,,,,,
hqa_FQ_583bec62,finqa,C/2009/page_48.pdf-2,what was the percentage change in total operating expenses between 2007 and 2008?,"corporate/other corporate/other includes global staff functions ( includes finance , risk , human resources , legal and compliance ) and other corporate expense , global operations and technology ( o&t ) , residual corporate treasury and corporate items . at december 31 , 2009 , this segment had app",directional_change,increased|decreased|roughly_unchanged|insufficient_data,decreased,committed,,,,,
hqa_FQ_5991646d_masked,finqa,UAA/2016/page_82.pdf-4,"what was the percentage change in rent expenses included in selling , general and administrative expense from 2015 to 2016?","interest expense , net was $ 26.4 million , $ 14.6 million , and $ 5.3 million for the years ended december 31 , 2016 , 2015 and 2014 , respectively . interest expense includes the amortization of deferred financing costs , bank fees , capital and built-to-suit lease interest and interest expense un",directional_change,increased|decreased|roughly_unchanged|insufficient_data,insufficient_data,noncommitted,,,,,CONSTRUCTED - verify the masked evidence really cannot answer the question
hqa_FQ_59cacb14,finqa,AWK/2018/page_172.pdf-2,what was the change in the amount of future annual commitments related to minimum quantities of purchased water between \\n2019 and 2020?,"totaled $ 12 million , $ 13 million and $ 9 million for 2018 , 2017 and 2016 , respectively . all of the company 2019s contributions are invested in one or more funds at the direction of the employees . note 16 : commitments and contingencies commitments have been made in connection with certain con",directional_change,increased|decreased|roughly_unchanged|insufficient_data,roughly_unchanged,noncommitted,,,,,
hqa_FQ_5a6bef4e,finqa,ECL/2017/page_95.pdf-4,what is the percentage change in the balance of gross liability for unrecognized tax benefits from 2016 to 2017?,"the company 2019s 2017 reported tax rate includes $ 160.9 million of net tax benefits associated with the tax act , $ 6.2 million of net tax benefits on special gains and charges , and net tax benefits of $ 25.3 million associated with discrete tax items . in connection with the company 2019s initia",directional_change,increased|decreased|roughly_unchanged|insufficient_data,decreased,committed,,,,,
hqa_FQ_5ad1ae8e,finqa,INTC/2013/page_47.pdf-3,what was the percentage change in net cash provided by operating activities between 2012 and 2013?,"in summary , our cash flows for each period were as follows: . ( in millions ) | 2013 | 2012 | 2011 net cash provided by operating activities | $ 20776 | $ 18884 | $ 20963 net cash used for investing activities | -18073 ( 18073 ) | -14060 ( 14060 ) | -10301 ( 10301 ) net cash used for financing acti",directional_change,increased|decreased|roughly_unchanged|insufficient_data,increased,committed,,,,,
hqa_FQ_5bf73c84,finqa,FITB/2008/page_69.pdf-4,what is the percentage change in capital expenditures from 2007 to 2008?,"notes to consolidated financial statements fifth third bancorp 81 vii held by the trust vii bear a fixed rate of interest of 8.875% ( 8.875 % ) until may 15 , 2058 . thereafter , the notes pay a floating rate at three-month libor plus 500 bp . the bancorp entered into an interest rate swap to conver",directional_change,increased|decreased|roughly_unchanged|insufficient_data,decreased,committed,,,,,
hqa_FQ_5c7c6722,finqa,LLY/2018/page_75.pdf-2,what was the percentage change in dollars spent on share repurchase between 2017 and 2018?,"shareholder value award program svas are granted to officers and management and are payable in shares of our common stock . the number of shares actually issued , if any , varies depending on our stock price at the end of the three-year vesting period compared to pre-established target stock prices ",directional_change,increased|decreased|roughly_unchanged|insufficient_data,increased,committed,,,,,
hqa_FQ_5ca508f9,finqa,IPG/2014/page_37.pdf-4,"what is the net change in cash , cash equivalents and marketable securities in 2014?","management 2019s discussion and analysis of financial condition and results of operations 2013 ( continued ) ( amounts in millions , except per share amounts ) net cash used in investing activities during 2013 primarily related to payments for capital expenditures and acquisitions . capital expendit",directional_change,increased|decreased|roughly_unchanged|insufficient_data,increased,committed,,,,,
hqa_FQ_5ced0512,finqa,C/2008/page_212.pdf-4,what was the percentage change in the carrying amount reported on the consolidated balance sheet from 2007 to 2008?,the company has elected the fair-value option where the interest-rate risk of such liabilities is economically hedged with derivative contracts or the proceeds are used to purchase financial assets that will also be accounted for at fair value through earnings . the election has been made to mitigat,directional_change,increased|decreased|roughly_unchanged|insufficient_data,decreased,committed,,,,,
hqa_FQ_5d39448e,finqa,AWK/2012/page_118.pdf-1,what was the net change in tax positions in 2010,the following table summarizes the changes in the company 2019s valuation allowance: . balance at january 1 2010 | $ 25621 increases in current period tax positions | 907 decreases in current period tax positions | -2740 ( 2740 ) balance at december 31 2010 | $ 23788 increases in current period tax ,directional_change,increased|decreased|roughly_unchanged|insufficient_data,decreased,committed,,,,,
hqa_FQ_5d5a07b4_masked,finqa,PNC/2012/page_98.pdf-2,"for 2012 quarterly residential mortgage repurchase claims , what was the change in millions between originations from first and second quarter of 2007?","indemnification and repurchase claims are typically settled on an individual loan basis through make-whole payments or loan repurchases ; however , on occasion we may negotiate pooled settlements with investors . in connection with pooled settlements , we typically do not repurchase loans and the co",directional_change,increased|decreased|roughly_unchanged|insufficient_data,insufficient_data,noncommitted,,,,,CONSTRUCTED - verify the masked evidence really cannot answer the question
hqa_FQ_5d8c2e6f,finqa,PNC/2011/page_183.pdf-4,"what was the percentage change in the total fair value of incentive/performance unit share and restricted stock/unit awards from 2010 to 2011,","there were no options granted in excess of market value in 2011 , 2010 or 2009 . shares of common stock available during the next year for the granting of options and other awards under the incentive plans were 33775543 at december 31 , 2011 . total shares of pnc common stock authorized for future i",directional_change,increased|decreased|roughly_unchanged|insufficient_data,increased,committed,,,,,
hqa_FQ_5da76b58,finqa,UNP/2013/page_25.pdf-3,what was the percentage change in fuel surcharge revenues from 2011 to 2012?,"f0b7 financial expectations 2013 we are cautious about the economic environment , but , assuming that industrial production grows approximately 3% ( 3 % ) as projected , volume should exceed 2013 levels . even with no volume growth , we expect earnings to exceed 2013 earnings , generated by core pri",directional_change,increased|decreased|roughly_unchanged|insufficient_data,increased,committed,,,,,
hqa_FQ_5dc9ec36_masked,finqa,AMT/2008/page_105.pdf-3,what was the percentage change in the weighted average risk-free interest rate from 2007 to 2008,"american tower corporation and subsidiaries notes to consolidated financial statements 2014 ( continued ) from december 1 through may 31 of each year . during the 2008 , 2007 and 2006 offering periods employees purchased 55764 , 48886 and 53210 shares , respectively , at weighted average prices per ",directional_change,increased|decreased|roughly_unchanged|insufficient_data,insufficient_data,noncommitted,,,,,CONSTRUCTED - verify the masked evidence really cannot answer the question
hqa_FQ_5e39b4b4,finqa,TROW/2008/page_23.pdf-3,what was the percentage change in capital gain distributions received between 2007 and 2008?,"investment advisory revenues earned on the other investment portfolios that we manage decreased $ 3.6 million to $ 522.2 million . average assets in these portfolios were $ 142.1 billion during 2008 , up slightly from $ 141.4 billion in 2007 . these minor changes , each less than 1% ( 1 % ) , are at",directional_change,increased|decreased|roughly_unchanged|insufficient_data,decreased,committed,,,,,
hqa_FQ_5e41cd4c_masked,finqa,JPM/2013/page_124.pdf-2,what was the percentage change in loans reported from 2012 to 2013?,management 2019s discussion and analysis 130 jpmorgan chase & co./2013 annual report wholesale credit portfolio the wholesale credit environment remained favorable throughout 2013 driving an increase in commercial client activity . discipline in underwriting across all areas of lending continues to ,directional_change,increased|decreased|roughly_unchanged|insufficient_data,insufficient_data,noncommitted,,,,,CONSTRUCTED - verify the masked evidence really cannot answer the question
hqa_FQ_5f6b07f2,finqa,IPG/2013/page_36.pdf-4,"what is the growth rate in the balance of cash , cash equivalents and marketable securities from 2012 to 2013?","management 2019s discussion and analysis of financial condition and results of operations 2013 ( continued ) ( amounts in millions , except per share amounts ) net cash used in investing activities during 2012 primarily related to payments for capital expenditures and acquisitions , partially offset",directional_change,increased|decreased|roughly_unchanged|insufficient_data,decreased,committed,,,,,
hqa_FQ_5f7da851,finqa,ZBH/2008/page_84.pdf-3,% (  % ) change of the dilutive effect from 2006-2008,"reasonably possible that such matters will be resolved in the next twelve months , but we do not anticipate that the resolution of these matters would result in any material impact on our results of operations or financial position . foreign jurisdictions have statutes of limitations generally rangi",directional_change,increased|decreased|roughly_unchanged|insufficient_data,increased,committed,,,,,
hqa_FQ_5fab15b4,finqa,AES/2002/page_60.pdf-2,what was the change in the competitive supply percentage of revenues from 2001 to 2002?,"competitive supply aes 2019s competitive supply line of business consists of generating facilities that sell electricity directly to wholesale customers in competitive markets . additionally , as compared to the contract generation segment discussed above , these generating facilities generally sell",directional_change,increased|decreased|roughly_unchanged|insufficient_data,decreased,committed,,,,,
hqa_FQ_609cc163,finqa,RSG/2016/page_98.pdf-2,what was the percentage change in the allowance for doubtful accounts in 2016,"republic services , inc . notes to consolidated financial statements 2014 ( continued ) high quality financial institutions . such balances may be in excess of fdic insured limits . to manage the related credit exposure , we continually monitor the credit worthiness of the financial institutions whe",directional_change,increased|decreased|roughly_unchanged|insufficient_data,decreased,committed,,,,,
hqa_FQ_60a01657,finqa,C/2016/page_120.pdf-4,"what was the change in billions of hqa from december 31 , 2015 to december 31 , 2016?","liquidity monitoring and measurement stress testing liquidity stress testing is performed for each of citi 2019s major entities , operating subsidiaries and/or countries . stress testing and scenario analyses are intended to quantify the potential impact of a liquidity event on the balance sheet and",directional_change,increased|decreased|roughly_unchanged|insufficient_data,increased,committed,,,,,
hqa_FQ_6100889f_masked,finqa,MMM/2007/page_39.pdf-2,what was percentage change in the net cash used in financing activities from 2006 to 2007,"approximately $ 55 million , which is reported as 201cinvestments 201d in the consolidated balance sheet and as 201cpurchases of marketable securities and investments 201d in the consolidated statement of cash flows . the recovery of approximately $ 25 million of this investment in 2007 reduced 201c",directional_change,increased|decreased|roughly_unchanged|insufficient_data,insufficient_data,noncommitted,,,,,CONSTRUCTED - verify the masked evidence really cannot answer the question
hqa_FQ_6108ab35,finqa,ETR/2017/page_35.pdf-1,what is the percentage change in the debt-to-capital ratio from 2016 to 2017?,"operations may be extended up to four additional years for each unit by mutual agreement of entergy and new york state based on an exigent reliability need for indian point generation . in accordance with the ferc-approved tariff of the new york independent system operator ( nyiso ) , entergy submit",directional_change,increased|decreased|roughly_unchanged|insufficient_data,increased,committed,,,,,
hqa_FQ_61d53021,finqa,LMT/2014/page_31.pdf-1,what is the growth rate in the average price of the purchased shares from october to december 2014?,"purchases of equity securities the following table provides information about our repurchases of our common stock registered pursuant to section 12 of the securities exchange act of 1934 during the quarter ended december 31 , 2014 . period ( a ) number of shares purchased average price paid per shar",directional_change,increased|decreased|roughly_unchanged|insufficient_data,increased,committed,,,,,
hqa_FQ_61fc36f6,finqa,UNP/2013/page_78.pdf-4,what was the percentage change in rent expense for operating leases with terms exceeding one month from 2011 to 2012?,"on december 19 , 2011 , we redeemed the remaining $ 175 million of our 6.5% ( 6.5 % ) notes due april 15 , 2012 , and all $ 300 million of our outstanding 6.125% ( 6.125 % ) notes due january 15 , 2012 . the redemptions resulted in an early extinguishment charge of $ 5 million in the fourth quarter ",directional_change,increased|decreased|roughly_unchanged|insufficient_data,decreased,committed,,,,,
hqa_FQ_62f7c985,finqa,HIG/2004/page_67.pdf-2,"what is the net change in the number of outstanding shares from 2003 to 2004 , ( in millions ) ?","income was due primarily to the adoption of statement of position 03-1 , 201caccounting and reporting by insurance enterprises for certain nontraditional long-duration contracts and for separate accounts 201d ( 201csop 03-1 201d ) , which resulted in $ 1.6 billion of net investment income . 2003 com",directional_change,increased|decreased|roughly_unchanged|insufficient_data,increased,committed,,,,,
hqa_FQ_63c9bd31,finqa,LLY/2018/page_42.pdf-2,what was the percentage change in reduction of net sales due to sales returns discounts and rebates between 2017 and 2018?,"financial statement impact we believe that our accruals for sales returns , rebates , and discounts are reasonable and appropriate based on current facts and circumstances . our global rebate and discount liabilities are included in sales rebates and discounts on our consolidated balance sheet . our",directional_change,increased|decreased|roughly_unchanged|insufficient_data,increased,committed,,,,,
hqa_FQ_642b5743,finqa,PPG/2018/page_61.pdf-3,what was the change in net sales for the discontinued operations related to the former glass segment from 2016 to 2017 in millions?,"2018 ppg annual report and form 10-k 59 other acquisitions in 2018 , 2017 , and 2016 , the company completed several smaller business acquisitions . the total consideration paid for these acquisitions , net of cash acquired , debt assumed and other post closing adjustments , was $ 108 million , $ 74",directional_change,increased|decreased|roughly_unchanged|insufficient_data,decreased,committed,,,,,
hqa_FQ_6437f911,finqa,LMT/2010/page_39.pdf-1,what is the growth rate of operating expenses from 2009 to 2010?,"operating profit for the segment decreased by 1% ( 1 % ) in 2010 compared to 2009 . for the year , operating profit declines in defense more than offset an increase in civil , while operating profit at intelligence essentially was unchanged . the $ 27 million decrease in operating profit at defense ",directional_change,increased|decreased|roughly_unchanged|insufficient_data,decreased,committed,,,,,
hqa_FQ_6472b734,finqa,RSG/2017/page_74.pdf-1,what is the percent change in free cash flow from 2015 to 2016,"financial assurance we must provide financial assurance to governmental agencies and a variety of other entities under applicable environmental regulations relating to our landfill operations for capping , closure and post-closure costs , and related to our performance under certain collection , lan",directional_change,increased|decreased|roughly_unchanged|insufficient_data,increased,committed,,,,,
hqa_FQ_64cde824,finqa,LMT/2013/page_89.pdf-1,what was the percentage change in the number of rsus outstanding from 2012 to 2013?,"note 12 2013 stock-based compensation during 2013 , 2012 , and 2011 , we recorded non-cash stock-based compensation expense totaling $ 189 million , $ 167 million , and $ 157 million , which is included as a component of other unallocated costs on our statements of earnings . the net impact to earni",directional_change,increased|decreased|roughly_unchanged|insufficient_data,decreased,committed,,,,,
hqa_FQ_6883c260,finqa,LMT/2012/page_87.pdf-3,what is the expected percentage change in contributions related to qualified defined benefit pension plans in 2013 compare to 2012?,"valuation techniques 2013 cash equivalents are mostly comprised of short-term money-market instruments and are valued at cost , which approximates fair value . u.s . equity securities and international equity securities categorized as level 1 are traded on active national and international exchanges",directional_change,increased|decreased|roughly_unchanged|insufficient_data,decreased,committed,,,,,
hqa_FQ_688c0af5,finqa,ADBE/2013/page_84.pdf-3,what is the percentage change in total gross amount of unrecognized tax benefits from 2011 to 2012?,"adobe systems incorporated notes to consolidated financial statements ( continued ) accounting for uncertainty in income taxes during fiscal 2013 and 2012 , our aggregate changes in our total gross amount of unrecognized tax benefits are summarized as follows ( in thousands ) : . | 2013 | 2012 begin",directional_change,increased|decreased|roughly_unchanged|insufficient_data,decreased,committed,,,,,
hqa_FQ_693c6e67,finqa,CE/2014/page_16.pdf-1,what is the growth rate in research and development expenses from 2013 to 2014?,"fortron industries llc . fortron is a leading global producer of pps , sold under the fortron ae brand , which is used in a wide variety of automotive and other applications , especially those requiring heat and/or chemical resistance . fortron's facility is located in wilmington , north carolina . ",directional_change,increased|decreased|roughly_unchanged|insufficient_data,increased,committed,,,,,
hqa_FQ_69f55171,finqa,ETR/2008/page_313.pdf-3,what is the growth rate in net revenue in 2008?,"entergy louisiana , llc management's financial discussion and analysis net revenue 2008 compared to 2007 net revenue consists of operating revenues net of : 1 ) fuel , fuel-related expenses , and gas purchased for resale , 2 ) purchased power expenses , and 3 ) other regulatory charges . following i",directional_change,increased|decreased|roughly_unchanged|insufficient_data,decreased,committed,,,,,
hqa_FQ_6a9a2cd3,finqa,AON/2010/page_61.pdf-3,what is the percentage change in goodwill from 2009 to 2010?,"holding other assumptions constant , the following table reflects what a one hundred basis point increase and decrease in our estimated long-term rate of return on plan assets would have on our estimated 2011 pension expense ( in millions ) : change in long-term rate of return on plan assets . incre",directional_change,increased|decreased|roughly_unchanged|insufficient_data,increased,committed,,,,,
hqa_FQ_6b2ec826_masked,finqa,ETR/2011/page_22.pdf-1,what is the net change in amount of net revenue from 2009 to 2010?,entergy corporation and subsidiaries management's financial discussion and analysis refer to 201cselected financial data - five-year comparison of entergy corporation and subsidiaries 201d which accompanies entergy corporation 2019s financial statements in this report for further information with re,directional_change,increased|decreased|roughly_unchanged|insufficient_data,insufficient_data,noncommitted,,,,,CONSTRUCTED - verify the masked evidence really cannot answer the question
hqa_FQ_6daec29a,finqa,ZBH/2013/page_49.pdf-1,what was the percentage change in share-based compensation expense between 2011 and 2012?,"zimmer holdings , inc . 2013 form 10-k annual report notes to consolidated financial statements ( continued ) unrealized gains and losses on cash flow hedges , unrealized gains and losses on available-for-sale securities and amortization of prior service costs and unrecognized gains and losses in ac",directional_change,increased|decreased|roughly_unchanged|insufficient_data,decreased,committed,,,,,
hqa_FQ_6dbe452d,finqa,C/2009/page_53.pdf-2,what was the change in tier 1 capital ratio between 2008 and 2009?,"capital resources and liquidity capital resources overview capital has historically been generated by earnings from citi 2019s operating businesses . citi may also augment its capital through issuances of common stock , convertible preferred stock , preferred stock , equity issued through awards und",directional_change,increased|decreased|roughly_unchanged|insufficient_data,decreased,committed,,,,,
hqa_FQ_6e51e580,finqa,AMT/2010/page_115.pdf-3,what was the percentage change in the weighted average fair value for the espp shares purchased from 2009 to 2010,"american tower corporation and subsidiaries notes to consolidated financial statements as of december 31 , 2010 , total unrecognized compensation expense related to unvested restricted stock units granted under the 2007 plan was $ 57.5 million and is expected to be recognized over a weighted average",directional_change,increased|decreased|roughly_unchanged|insufficient_data,increased,committed,,,,,
hqa_FQ_6e78cafb,finqa,BLK/2017/page_77.pdf-2,what is the growth rate in operating income from 2015 to 2016?,income tax expense . ( in millions ) | gaap 2017 | gaap 2016 | gaap 2015 | gaap 2017 | gaap 2016 | 2015 operating income ( 1 ) | $ 5272 | $ 4570 | $ 4664 | $ 5287 | $ 4674 | $ 4695 total nonoperating income ( expense ) ( 1 ) ( 2 ) | -32 ( 32 ) | -108 ( 108 ) | -69 ( 69 ) | -32 ( 32 ) | -108 ( 108 ) ,directional_change,increased|decreased|roughly_unchanged|insufficient_data,decreased,committed,,,,,
hqa_FQ_6f94db28,finqa,UNP/2013/page_25.pdf-2,what was the percentage change in fuel surcharge revenues from 2012 to 2013?,"f0b7 financial expectations 2013 we are cautious about the economic environment , but , assuming that industrial production grows approximately 3% ( 3 % ) as projected , volume should exceed 2013 levels . even with no volume growth , we expect earnings to exceed 2013 earnings , generated by core pri",directional_change,increased|decreased|roughly_unchanged|insufficient_data,roughly_unchanged,noncommitted,,,,,
hqa_FQ_6f9928f9,finqa,OKE/2008/page_73.pdf-2,what was the percentage change in natural gas gross margin ( $ /mcf ) between 2007 and 2008?,2022 lower 2008 storage margins related to storage risk management positions and the impact of changes in natural gas prices on these positions ; and 2022 fewer opportunities to optimize storage capacity due to the significant decline in natural gas prices in the second half of 2008 ; o a decrease o,directional_change,increased|decreased|roughly_unchanged|insufficient_data,decreased,committed,,,,,
hqa_FQ_701dd142,finqa,AAPL/2012/page_64.pdf-3,"what was the aggregate change in the ending balance of gross unrecognized tax benefits , which excludes interest and penalties between 2012 and 2011?","the aggregate changes in the balance of gross unrecognized tax benefits , which excludes interest and penalties , for 2012 , 2011 , and 2010 , is as follows ( in millions ) : . | 2012 | 2011 | 2010 beginning balance | $ 1375 | $ 943 | $ 971 increases related to tax positions taken during a prior yea",directional_change,increased|decreased|roughly_unchanged|insufficient_data,increased,committed,,,,,
hqa_FQ_7048daa4,finqa,ZBH/2017/page_50.pdf-1,what was the net change in the allowance for doubtful accounts between 2016 and 2017 in millions?,"zimmer biomet holdings , inc . and subsidiaries 2017 form 10-k annual report notes to consolidated financial statements ( continued ) substantially complete . the following table summarizes the liabilities related to these integration plans ( in millions ) : employee termination benefits contract te",directional_change,increased|decreased|roughly_unchanged|insufficient_data,increased,committed,,,,,
hqa_FQ_70769654,finqa,CB/2008/page_216.pdf-3,what is the percentage change in dividend yield from 2007 to 2008?,n o t e s t o c o n s o l i d a t e d f i n a n c i a l s t a t e m e n t s ( continued ) ace limited and subsidiaries share-based compensation expense for stock options and shares issued under the employee stock purchase plan ( espp ) amounted to $ 24 million ( $ 22 million after tax or $ 0.07 per ,directional_change,increased|decreased|roughly_unchanged|insufficient_data,increased,committed,,,,,
hqa_FQ_70cdc32a,finqa,ZBH/2007/page_80.pdf-1,what was the percentage change in unrecognized tax benefits for 2007?,"in september 2007 , we reached a settlement with the united states department of justice in an ongoing investigation into financial relationships between major orthopaedic manufacturers and consulting orthopaedic surgeons . under the terms of the settlement , we paid a civil settlement amount of $ 1",directional_change,increased|decreased|roughly_unchanged|insufficient_data,increased,committed,,,,,
hqa_FQ_70da74bd,finqa,SNA/2007/page_80.pdf-1,in 2007 what was the change in the unrecognized tax benefits in millions,notes to consolidated financial statements ( continued ) | 72 snap-on incorporated following is a reconciliation of the beginning and ending amount of unrecognized tax benefits : ( amounts in millions ) amount . ( amounts in millions ) | amount unrecognized tax benefits as of december 31 2006 | $ 21,directional_change,increased|decreased|roughly_unchanged|insufficient_data,decreased,committed,,,,,
hqa_FQ_7195f785,finqa,ADBE/2012/page_102.pdf-1,"for fiscal 2012 , what percent of the total change in the valuation allowance was recorded as a tax benefit through the income statement?\\n","repatriated , the related u.s . tax liability may be reduced by any foreign income taxes paid on these earnings . as of november 30 , 2012 , the cumulative amount of earnings upon which u.s . income taxes have not been provided is approximately $ 2.9 billion . the unrecognized deferred tax liability",directional_change,increased|decreased|roughly_unchanged|insufficient_data,increased,committed,,,,,
hqa_FQ_71ad8ba7,finqa,STT/2009/page_122.pdf-3,what is the percentage change in the standby letters of credit from 2008 to 2009?,"note 10 . commitments and contingencies credit-related commitments and contingencies : credit-related financial instruments , which are off-balance sheet , include indemnified securities financing , unfunded commitments to extend credit or purchase assets , and standby letters of credit . the potent",directional_change,increased|decreased|roughly_unchanged|insufficient_data,decreased,committed,,,,,
hqa_FQ_7254ea72,finqa,LMT/2012/page_44.pdf-1,what is the growth rate in net sales for is&gs in 2012?,"aeronautics 2019 operating profit for 2011 increased $ 132 million , or 9% ( 9 % ) , compared to 2010 . the increase primarily was attributable to approximately $ 115 million of higher operating profit on c-130 programs due to increased volume and the retirement of risks ; increased volume and risk ",directional_change,increased|decreased|roughly_unchanged|insufficient_data,decreased,committed,,,,,
hqa_FQ_72c98572,finqa,RSG/2014/page_123.pdf-1,what was the percentage change in the weighted-average estimated fair values of stock options granted from 2013 to 2014,"republic services , inc . notes to consolidated financial statements 2014 ( continued ) in december 2008 , the board of directors amended and restated the republic services , inc . 2006 incentive stock plan ( formerly known as the allied waste industries , inc . 2006 incentive stock plan ( the 2006 ",directional_change,increased|decreased|roughly_unchanged|insufficient_data,increased,committed,,,,,
hqa_FQ_74dd83e5,finqa,AMT/2008/page_88.pdf-1,what was the change in thousands in long-term obligations from 2007 to 2008?,"american tower corporation and subsidiaries notes to consolidated financial statements 2014 ( continued ) 6 . long-term obligations outstanding amounts under the company 2019s long-term financing arrangements consist of the following as of december 31 , ( in thousands ) : . | 2008 | 2007 commercial ",directional_change,increased|decreased|roughly_unchanged|insufficient_data,increased,committed,,,,,
hqa_FQ_75d1a625,finqa,EW/2013/page_83.pdf-2,what is the percentage change in the fair value per share between 2012 and 2013?,edwards lifesciences corporation notes to consolidated financial statements ( continued ) 12 . common stock ( continued ) the company also maintains the nonemployee directors stock incentive compensation program ( the 2018 2018nonemployee directors program 2019 2019 ) . under the nonemployee directo,directional_change,increased|decreased|roughly_unchanged|insufficient_data,decreased,committed,,,,,
hqa_FQ_76029f9f,finqa,SNA/2012/page_93.pdf-3,what is the net change in unrecognized tax benefits in 2012?,"a valuation allowance totaling $ 43.9 million , $ 40.4 million and $ 40.1 million as of 2012 , 2011 and 2010 year end , respectively , has been established for deferred income tax assets primarily related to certain subsidiary loss carryforwards that may not be realized . realization of the net defe",directional_change,increased|decreased|roughly_unchanged|insufficient_data,decreased,committed,,,,,
hqa_FQ_76ac4e50,finqa,ADI/2009/page_59.pdf-1,what is the growth rate in amortization expense in 2009?,intangible assets are amortized on a straight-line basis over their estimated useful lives or on an accelerated method of amortization that is expected to reflect the estimated pattern of economic use . the remaining amortization expense will be recognized over a weighted-average period of approxima,directional_change,increased|decreased|roughly_unchanged|insufficient_data,decreased,committed,,,,,
hqa_FQ_76b0f4fe,finqa,ADI/2009/page_59.pdf-2,what is the expected growth rate in amortization expense in 2010?,intangible assets are amortized on a straight-line basis over their estimated useful lives or on an accelerated method of amortization that is expected to reflect the estimated pattern of economic use . the remaining amortization expense will be recognized over a weighted-average period of approxima,directional_change,increased|decreased|roughly_unchanged|insufficient_data,decreased,committed,,,,,
hqa_FQ_76df5ba2,finqa,AAPL/2016/page_23.pdf-3,what was the cumulative change in the s&p 500 between 2016 and 2011?,"apple inc . | 2016 form 10-k | 20 company stock performance the following graph shows a comparison of cumulative total shareholder return , calculated on a dividend reinvested basis , for the company , the s&p 500 index , the s&p information technology index and the dow jones u.s . technology supers",directional_change,increased|decreased|roughly_unchanged|insufficient_data,increased,committed,,,,,
hqa_FQ_778ab2b6,finqa,VTR/2007/page_106.pdf-2,what is the anticipated growth rate of the unrecognized tax benefits in 2008,"ventas , inc . notes to consolidated financial statements 2014 ( continued ) we have a combined nol carryforward of $ 66.5 million at december 31 , 2007 related to the trs entities and an nol carryforward reported by the reit of $ 88.6 million . these amounts can be used to offset future taxable inc",directional_change,increased|decreased|roughly_unchanged|insufficient_data,increased,committed,,,,,
hqa_FQ_77dbe36f,finqa,ETR/2015/page_18.pdf-3,what is the growth rate of net revenue from 2014 to 2015 for entergy wholesale commodities?,"entergy corporation and subsidiaries management 2019s financial discussion and analysis the miso deferral variance is primarily due to the deferral in 2014 of non-fuel miso-related charges , as approved by the lpsc and the mpsc . the deferral of non-fuel miso-related charges is partially offset in o",directional_change,increased|decreased|roughly_unchanged|insufficient_data,decreased,committed,,,,,
hqa_FQ_77f90cf9,finqa,C/2018/page_255.pdf-2,"what was the change in millions in total gains ( losses ) included in other revenue between the year ended december 31 , 2016 and 2017?","for the years ended december a031 , 2018 , 2017 and 2016 , the amounts recognized in principal transactions in the consolidated statement of income related to derivatives not designated in a qualifying hedging relationship , as well as the underlying non-derivative instruments , are presented in not",directional_change,increased|decreased|roughly_unchanged|insufficient_data,increased,committed,,,,,
hqa_FQ_7894d79a,finqa,ADBE/2014/page_87.pdf-1,what is the percentage change in the total gross amount of unrecognized tax benefits from 2013 to 2014?,"adobe systems incorporated notes to consolidated financial statements ( continued ) accounting for uncertainty in income taxes during fiscal 2014 and 2013 , our aggregate changes in our total gross amount of unrecognized tax benefits are summarized as follows ( in thousands ) : . | 2014 | 2013 begin",directional_change,increased|decreased|roughly_unchanged|insufficient_data,increased,committed,,,,,
hqa_FQ_78e6615b,finqa,LMT/2012/page_46.pdf-3,what is the growth rate in operating profit for mst in 2011?,"2011 compared to 2010 mfc 2019s net sales for 2011 increased $ 533 million , or 8% ( 8 % ) , compared to 2010 . the increase was attributable to higher volume of about $ 420 million on air and missile defense programs ( primarily pac-3 and thaad ) ; and about $ 245 million from fire control systems ",directional_change,increased|decreased|roughly_unchanged|insufficient_data,decreased,committed,,,,,
hqa_FQ_78f3a3bd,finqa,AWK/2012/page_118.pdf-4,as of december 312012 what was the percentage change in tax positions from 2011 and favorable or unfavorable?,the following table summarizes the changes in the company 2019s valuation allowance: . balance at january 1 2010 | $ 25621 increases in current period tax positions | 907 decreases in current period tax positions | -2740 ( 2740 ) balance at december 31 2010 | $ 23788 increases in current period tax ,directional_change,increased|decreased|roughly_unchanged|insufficient_data,decreased,committed,,,,,
hqa_FQ_78f680e4,finqa,EMR/2017/page_66.pdf-1,what was the percentage change on pro forma basis of the diluted earnings per share from continuing operations between 2016 and 2017?,"pro forma financial information the following pro forma consolidated condensed financial results of operations are presented as if the acquisition of the valves & controls business occurred on october 1 , 2015 . the pro forma information is presented for informational purposes only and is not indica",directional_change,increased|decreased|roughly_unchanged|insufficient_data,increased,committed,,,,,
hqa_FQ_79e49f6e,finqa,AMT/2004/page_76.pdf-4,what is the percentage change in 401 ( k ) contributed amounts from 2003 to 2004?,"american tower corporation and subsidiaries notes to consolidated financial statements 2014 ( continued ) stock-based compensation 2014the company complies with the provisions of sfas no . 148 , 201caccounting for stock-based compensation 2014transition and disclosure 2014an amendment of sfas no . 1",directional_change,increased|decreased|roughly_unchanged|insufficient_data,decreased,committed,,,,,
hqa_FQ_7a3d5d6d,finqa,UNP/2006/page_45.pdf-4,what was the percentage change in open claims ending balance at december 31 from 2005 to 2006?,"potentially responsible parties , and existing technology , laws , and regulations . the ultimate liability for remediation is difficult to determine because of the number of potentially responsible parties involved , site- specific cost sharing arrangements with other potentially responsible partie",directional_change,increased|decreased|roughly_unchanged|insufficient_data,decreased,committed,,,,,
hqa_FQ_7a634b6c,finqa,LLY/2018/page_75.pdf-3,what was the percent of the change in the volatility from 2016 to 2017,"shareholder value award program svas are granted to officers and management and are payable in shares of our common stock . the number of shares actually issued , if any , varies depending on our stock price at the end of the three-year vesting period compared to pre-established target stock prices ",directional_change,increased|decreased|roughly_unchanged|insufficient_data,increased,committed,,,,,
hqa_FQ_7a9eb7ee_masked,finqa,ILMN/2008/page_77.pdf-4,"what was the percent of the change in the company 2019s reserve for product warranties in , 2006","utilized . in accordance with sfas no . 144 , accounting for the impairment or disposal of long-lived assets , a non-cash impairment charge of $ 4.1 million was recorded in the second quarter of fiscal 2008 for the excess machinery . this charge is included as a separate line item in the company 201",directional_change,increased|decreased|roughly_unchanged|insufficient_data,insufficient_data,noncommitted,,,,,CONSTRUCTED - verify the masked evidence really cannot answer the question
hqa_FQ_7aaa55b4,finqa,AON/2015/page_62.pdf-1,what was the change in the long-term investments from 2014 to 2015 in millions,"notes to consolidated financial statements 1 . basis of presentation the accompanying consolidated financial statements and notes thereto have been prepared in accordance with u.s . generally accepted accounting principles ( ""u.s . gaap"" ) . the consolidated financial statements include the accounts",directional_change,increased|decreased|roughly_unchanged|insufficient_data,decreased,committed,,,,,
hqa_FQ_7ae005b3_masked,finqa,REGN/2010/page_72.pdf-3,what was the percentage change in research and development costs related to arcalyst ae from 2008 to 2009?,"we prepare estimates of research and development costs for projects in clinical development , which include direct costs and allocations of certain costs such as indirect labor , non-cash compensation expense , and manufacturing and other costs related to activities that benefit multiple projects , ",directional_change,increased|decreased|roughly_unchanged|insufficient_data,insufficient_data,noncommitted,,,,,CONSTRUCTED - verify the masked evidence really cannot answer the question
hqa_FQ_7bb9c736,finqa,PM/2017/page_25.pdf-1,what is the growth rate in pmi's share price from 2012 to 2013?,"performance graph the graph below compares the cumulative total shareholder return on pmi's common stock with the cumulative total return for the same period of pmi's peer group and the s&p 500 index . the graph assumes the investment of $ 100 as of december 31 , 2012 , in pmi common stock ( at pric",directional_change,increased|decreased|roughly_unchanged|insufficient_data,increased,committed,,,,,
hqa_FQ_7bedb600,finqa,PM/2017/page_117.pdf-4,what is the percentage change in total accumulated other comprehensive losses from 2016 to 2017?,"note 17 . accumulated other comprehensive losses : pmi's accumulated other comprehensive losses , net of taxes , consisted of the following: . ( losses ) earnings ( in millions ) | ( losses ) earnings 2017 | ( losses ) earnings 2016 | 2015 currency translation adjustments | $ -5761 ( 5761 ) | $ -609",directional_change,increased|decreased|roughly_unchanged|insufficient_data,decreased,committed,,,,,
hqa_FQ_7c47c43b,finqa,ZBH/2008/page_83.pdf-1,what is the change in unrecognized tax benefits between 2007 and 2008 in millions?,"reinvested for continued use in foreign operations . if the total undistributed earnings of foreign subsidiaries were remitted , a significant amount of the additional tax would be offset by the allowable foreign tax credits . it is not practical for us to determine the additional tax of remitting t",directional_change,increased|decreased|roughly_unchanged|insufficient_data,decreased,committed,,,,,
hqa_FQ_7d94ce62,finqa,UNP/2006/page_74.pdf-2,what was the percentage change in the rental income from 2005 to 2006,"the environmental liability includes costs for remediation and restoration of sites , as well as for ongoing monitoring costs , but excludes any anticipated recoveries from third parties . cost estimates are based on information available for each site , financial viability of other potentially resp",directional_change,increased|decreased|roughly_unchanged|insufficient_data,increased,committed,,,,,
hqa_FQ_7db101bb_masked,finqa,ETR/2016/page_403.pdf-3,what is the net change in entergy new orleans 2019s receivables from the money pool from 2015 to 2016?,"entergy new orleans , inc . and subsidiaries management 2019s financial discussion and analysis entergy new orleans 2019s receivables from the money pool were as follows as of december 31 for each of the following years. . 2016 | 2015 | 2014 | 2013 ( in thousands ) | ( in thousands ) | ( in thousand",directional_change,increased|decreased|roughly_unchanged|insufficient_data,insufficient_data,noncommitted,,,,,CONSTRUCTED - verify the masked evidence really cannot answer the question
hqa_FQ_7dcc1a2f,finqa,PKG/2005/page_73.pdf-1,"what was the percentage change in total lease expense , including base rent on all leases and executory costs , such as insurance , taxes , and maintenance from 2003 to 2004?","packaging corporation of america notes to consolidated financial statements ( continued ) december 31 , 2005 9 . shareholders 2019 equity ( continued ) stockholder received proceeds , net of the underwriting discount , of $ 20.69 per share . the company did not sell any shares in , or receive any pr",directional_change,increased|decreased|roughly_unchanged|insufficient_data,increased,committed,,,,,
hqa_FQ_7e52dc95_masked,finqa,GIS/2018/page_39.pdf-1,what was percentage change in net earnings including earnings attributable to redeemable and non controlling interests from 2017 to 2018,cash flows from operations . in millions | fiscal year 2018 | fiscal year 2017 | fiscal year 2016 depreciation and amortization | 618.8 | 603.6 | 608.1 after-taxearnings from joint ventures | -84.7 ( 84.7 ) | -85.0 ( 85.0 ) | -88.4 ( 88.4 ) distributions of earnings from joint ventures | 113.2 | 75.,directional_change,increased|decreased|roughly_unchanged|insufficient_data,insufficient_data,noncommitted,,,,,CONSTRUCTED - verify the masked evidence really cannot answer the question
hqa_FQ_7f2fc914,finqa,JKHY/2015/page_20.pdf-2,what was the percentage change in the 5 year annual performance of the peer group stock from 2010 to 2011,"18 2015 annual report performance graph the following chart presents a comparison for the five-year period ended june 30 , 2015 , of the market performance of the company 2019s common stock with the s&p 500 index and an index of peer companies selected by the company : comparison of 5 year cumulativ",directional_change,increased|decreased|roughly_unchanged|insufficient_data,increased,committed,,,,,
hqa_FQ_7f445cd9,finqa,ETR/2016/page_17.pdf-1,what is the growth rate in net revenue in 2016?,entergy corporation and subsidiaries management 2019s financial discussion and analysis palisades plants and related assets to their fair values . see note 14 to the financial statements for further discussion of the impairment and related charges . as a result of the entergy louisiana and entergy g,directional_change,increased|decreased|roughly_unchanged|insufficient_data,increased,committed,,,,,
hqa_FQ_812860fd_masked,finqa,AAPL/2013/page_27.pdf-4,what was the cumulative change in value for apple inc . between 2008 and 2013?,"table of contents company stock performance the following graph shows a five-year comparison of cumulative total shareholder return , calculated on a dividend reinvested basis , for the company , the s&p 500 index , the s&p computer hardware index , and the dow jones u.s . technology supersector ind",directional_change,increased|decreased|roughly_unchanged|insufficient_data,insufficient_data,noncommitted,,,,,CONSTRUCTED - verify the masked evidence really cannot answer the question
hqa_FQ_81f3224c,finqa,LMT/2014/page_46.pdf-3,what is the growth rate in operating profit from 2012 to 2013 for is&gs?,decreased production volume as final aircraft deliveries were completed during the second quarter of 2012 and $ 50 million from the favorable resolution of a contractual matter during the second quarter of 2012 ; and about $ 270 million for various other programs ( primarily sustainment activities ),directional_change,increased|decreased|roughly_unchanged|insufficient_data,decreased,committed,,,,,
hqa_FQ_82679292,finqa,DRE/2016/page_64.pdf-3,what is the percent change in management fees earned from 2015 to 2016?,. contractual obligations | payments due by period ( in thousands ) total | payments due by period ( in thousands ) 2017 | payments due by period ( in thousands ) 2018 | payments due by period ( in thousands ) 2019 | payments due by period ( in thousands ) 2020 | payments due by period ( in thousand,directional_change,increased|decreased|roughly_unchanged|insufficient_data,increased,committed,,,,,
hqa_FQ_826ca3d6,finqa,ETR/2004/page_160.pdf-3,what is the percent change in net revenue from 2002 to 2003?,"entergy arkansas , inc . management's financial discussion and analysis fuel and purchased power expenses increased primarily due to increased recovery of deferred fuel and purchased power costs primarily due to an increase in april 2004 in the energy cost recovery rider and the true-ups to the 2003",directional_change,increased|decreased|roughly_unchanged|insufficient_data,increased,committed,,,,,
hqa_FQ_8462e4ce,finqa,HUM/2007/page_96.pdf-3,what was the percent of the change in the weighted average grant date fair value of our restricted stock awards from 2006 to 2007,"humana inc . notes to consolidated financial statements 2014 ( continued ) the total intrinsic value of stock options exercised during 2007 was $ 133.9 million , compared with $ 133.7 million during 2006 and $ 57.8 million during 2005 . cash received from stock option exercises for the years ended d",directional_change,increased|decreased|roughly_unchanged|insufficient_data,increased,committed,,,,,
hqa_FQ_84ea193d_masked,finqa,AMT/2010/page_82.pdf-1,what is the percentage change in the balance of allowances from 2009 to 2010?,"american tower corporation and subsidiaries notes to consolidated financial statements recognizing customer revenue , the company must assess the collectability of both the amounts billed and the portion recognized on a straight-line basis . this assessment takes customer credit risk and business an",directional_change,increased|decreased|roughly_unchanged|insufficient_data,insufficient_data,noncommitted,,,,,CONSTRUCTED - verify the masked evidence really cannot answer the question
hqa_FQ_8548750a,finqa,PPG/2018/page_20.pdf-2,what was the change in millions of research and development costs including depreciation of research facilities from 2017 to 201?,18 2018 ppg annual report and 10-k research and development . ( $ in millions ) | 2018 | 2017 | 2016 research and development costs including depreciation of research facilities ( a ) | $ 464 | $ 472 | $ 473 % ( % ) of annual net sales | 3.0% ( 3.0 % ) | 3.2% ( 3.2 % ) | 3.3% ( 3.3 % ) ( a ) prior y,directional_change,increased|decreased|roughly_unchanged|insufficient_data,decreased,committed,,,,,
hqa_FQ_8738d53a,finqa,AAPL/2006/page_103.pdf-2,"what was the greatest annual change in unrealized gain/loss on derivative instruments , in millions?/","notes to consolidated financial statements ( continued ) note 8 2014shareholders 2019 equity ( continued ) the following table summarizes activity in other comprehensive income related to derivatives , net of taxes , held by the company ( in millions ) : . | 2006 | 2005 | 2004 changes in fair value ",directional_change,increased|decreased|roughly_unchanged|insufficient_data,increased,committed,,,,,
hqa_FQ_885e23fc_masked,finqa,PKG/2004/page_21.pdf-4,what was the percentage change in net sales between 2003 and 2004?,"instruments at fair value and to recognize the effective and ineffective portions of the cash flow hedges . ( 2 ) for the year ended december 31 , 2000 , earnings available to common stockholders includes reductions of $ 2371 of preferred stock dividends and $ 16266 for the redemption of pca 2019s 1",directional_change,increased|decreased|roughly_unchanged|insufficient_data,insufficient_data,noncommitted,,,,,CONSTRUCTED - verify the masked evidence really cannot answer the question
hqa_FQ_896fd0e6,finqa,KIM/2010/page_103.pdf-1,what is the growth rate in weighted average fair value of options granted in 2010?,"kimco realty corporation and subsidiaries notes to consolidated financial statements , continued other 2014 in connection with the construction of its development projects and related infrastructure , certain public agencies require posting of performance and surety bonds to guarantee that the compa",directional_change,increased|decreased|roughly_unchanged|insufficient_data,increased,committed,,,,,
hqa_FQ_899f1700,finqa,ADBE/2011/page_112.pdf-3,what is the growth rate in the average price of repurchased shares from 2009 to 2010?,"the following table sets forth the components of foreign currency translation adjustments for fiscal 2011 , 2010 and 2009 ( in thousands ) : beginning balance foreign currency translation adjustments income tax effect relating to translation adjustments for undistributed foreign earnings ending bala",directional_change,increased|decreased|roughly_unchanged|insufficient_data,increased,committed,,,,,
hqa_FQ_8a1aa0a9,finqa,ETR/2008/page_376.pdf-4,"what is the net change in net revenue during 2008 for entergy texas , inc.?","entergy texas , inc . management's financial discussion and analysis net revenue 2008 compared to 2007 net revenue consists of operating revenues net of : 1 ) fuel , fuel-related expenses , and gas purchased for resale , 2 ) purchased power expenses , and 3 ) other regulatory charges . following is ",directional_change,increased|decreased|roughly_unchanged|insufficient_data,decreased,committed,,,,,
hqa_FQ_8a414838_masked,finqa,ETR/2002/page_38.pdf-2,what is the percent change in average daily earnings at risk for the period from 2001 to 2002?,"entergy corporation and subsidiaries management's financial discussion and analysis annually , beginning in 2006 , if power market prices drop below the ppa prices . accordingly , because the price is not fixed , the table above does not report power from that plant as sold forward after 2005 . unde",directional_change,increased|decreased|roughly_unchanged|insufficient_data,insufficient_data,noncommitted,,,,,CONSTRUCTED - verify the masked evidence really cannot answer the question
hqa_FQ_8b1a3e76,finqa,ADI/2016/page_61.pdf-1,what is the percentage change in the balance of goodwill from 2014 to 2015?,"analog devices , inc . notes to consolidated financial statements 2014 ( continued ) depreciation expense for property , plant and equipment was $ 134.5 million , $ 130.1 million and $ 114.1 million in fiscal 2016 , 2015 and 2014 , respectively . the company reviews property , plant and equipment fo",directional_change,increased|decreased|roughly_unchanged|insufficient_data,decreased,committed,,,,,
hqa_FQ_8b5cfb1c,finqa,ETR/2008/page_313.pdf-2,what is the net change in net revenue during 2008?,"entergy louisiana , llc management's financial discussion and analysis net revenue 2008 compared to 2007 net revenue consists of operating revenues net of : 1 ) fuel , fuel-related expenses , and gas purchased for resale , 2 ) purchased power expenses , and 3 ) other regulatory charges . following i",directional_change,increased|decreased|roughly_unchanged|insufficient_data,decreased,committed,,,,,
hqa_FQ_8c56ae9b,finqa,RE/2013/page_109.pdf-4,what is the net change in the balance of reinsurance receivables and premium receivables in 2013?,"in addition , the company has reclassified the following amounts from 201cdistributions from other invested assets 201d included in cash flows from investing activities to 201cdistribution of limited partnership income 201d included in cash flows from operations for interim reporting periods of 2013",directional_change,increased|decreased|roughly_unchanged|insufficient_data,decreased,committed,,,,,
hqa_FQ_8c622ca8,finqa,UPS/2007/page_103.pdf-1,"what was the net change in the unrecognized tax benefit from january 1 , 2007 to december 31 , 2007 , in millions?","united parcel service , inc . and subsidiaries notes to consolidated financial statements 2014 ( continued ) the following table summarizes the activity related to our unrecognized tax benefits ( in millions ) : . balance at january 1 2007 | $ 373 additions for tax positions of the current year | 13",directional_change,increased|decreased|roughly_unchanged|insufficient_data,decreased,committed,,,,,
hqa_FQ_8cb8a8b5_masked,finqa,HIG/2004/page_125.pdf-2,in 2004 what was the net change in cash,"on october 21 , 2004 , the hartford declared a dividend on its common stock of $ 0.29 per share payable on january 3 , 2005 to shareholders of record as of december 1 , 2004 . the hartford declared $ 331 and paid $ 325 in dividends to shareholders in 2004 , declared $ 300 and paid $ 291 in dividends",directional_change,increased|decreased|roughly_unchanged|insufficient_data,insufficient_data,noncommitted,,,,,CONSTRUCTED - verify the masked evidence really cannot answer the question
hqa_FQ_8d65ae3d,finqa,ETR/2017/page_20.pdf-4,what is the growth rate in net revenue in 2017?,the regulatory credit resulting from reduction of the federal corporate income tax rate variance is due to the reduction of the vidalia purchased power agreement regulatory liability by $ 30.5 million and the reduction of the louisiana act 55 financing savings obligation regulatory liabilities by $ ,directional_change,increased|decreased|roughly_unchanged|insufficient_data,decreased,committed,,,,,
hqa_FQ_8f813158,finqa,CNC/2003/page_41.pdf-1,what was the percentage change in pro forma revenue from 2001 to 2002?,"disclosure of , the issuance of certain types of guarantees . the adoption of fasb interpretation no . 45 did not have a signif- icant impact on the net income or equity of the company . in january 2003 , fasb interpretation no . 46 , 201cconsolidation of variable interest entities , an interpretati",directional_change,increased|decreased|roughly_unchanged|insufficient_data,increased,committed,,,,,
hqa_FQ_8f9cdc47,finqa,AMT/2004/page_28.pdf-2,"what is the growth rate in the price of shares from the lowest value during the quarter ended december 31 , 2004 and the closing price on march 18 , 2005?","part ii item 5 . market for registrant 2019s common equity , related stockholder matters and issuer purchases of equity securities the following table presents reported quarterly high and low per share sale prices of our class a common stock on the new york stock exchange ( nyse ) for the years 2004",directional_change,increased|decreased|roughly_unchanged|insufficient_data,increased,committed,,,,,
hqa_FQ_8f9f444a_masked,finqa,ETR/2008/page_356.pdf-2,what percent of the net change in revenue between 2006 and 2007 was due to fuel recovery?,"entergy new orleans , inc . management's financial discussion and analysis 2007 compared to 2006 net revenue consists of operating revenues net of : 1 ) fuel , fuel-related expenses , and gas purchased for resale , 2 ) purchased power expenses , and 3 ) other regulatory charges . following is an ana",directional_change,increased|decreased|roughly_unchanged|insufficient_data,insufficient_data,noncommitted,,,,,CONSTRUCTED - verify the masked evidence really cannot answer the question
hqa_FQ_9063e23b,finqa,MRO/2006/page_92.pdf-2,what was the percentage change in total assets due to the adoption of fas 158?,"the following table illustrates the incremental effect of applying sfas no . 158 on individual line items of the balance sheet as of december 31 , 2006 . before after application of application of ( in millions ) sfas no . 158 adjustments sfas no . 158 . ( in millions ) | before application of sfas ",directional_change,increased|decreased|roughly_unchanged|insufficient_data,decreased,committed,,,,,
hqa_FQ_9085d390,finqa,HOLX/2009/page_141.pdf-2,what is the percentage change in total stockholders 2019 equity due to adoption of sfas no . 158?,"table of contents hologic , inc . notes to consolidated financial statements ( continued ) ( in thousands , except per share data ) as of september 26 , 2009 , the company 2019s financial assets that are re-measured at fair value on a recurring basis consisted of $ 313 in money market mutual funds t",directional_change,increased|decreased|roughly_unchanged|insufficient_data,increased,committed,,,,,
hqa_FQ_91e8b620_masked,finqa,SLB/2011/page_41.pdf-1,what was the growth rate of the schlumberger interest expense from 2010 to 2011,equity in net earnings of affiliated companies equity income from the m-i swaco joint venture in 2010 represents eight months of equity income through the closing of the smith transaction . interest expense of $ 207 million in 2010 decreased by $ 14 million compared to 2009 primarily due to a declin,directional_change,increased|decreased|roughly_unchanged|insufficient_data,insufficient_data,noncommitted,,,,,CONSTRUCTED - verify the masked evidence really cannot answer the question
hqa_FQ_923b74c0,finqa,ZBH/2002/page_46.pdf-1,what was the net change in millions of total debt from 2001 to 2002?,"z i m m e r h o l d i n g s , i n c . a n d s u b s i d i a r i e s 2 0 0 2 f o r m 1 0 - k notes to consolidated financial statements ( continued ) rating as of december 31 , 2002 met such requirement . fair value commitments under the credit facility are subject to certain the carrying value of th",directional_change,increased|decreased|roughly_unchanged|insufficient_data,decreased,committed,,,,,
hqa_FQ_92b85eaf,finqa,LMT/2012/page_44.pdf-2,what is the growth rate in net sales for is&gs in 2011?,"aeronautics 2019 operating profit for 2011 increased $ 132 million , or 9% ( 9 % ) , compared to 2010 . the increase primarily was attributable to approximately $ 115 million of higher operating profit on c-130 programs due to increased volume and the retirement of risks ; increased volume and risk ",directional_change,increased|decreased|roughly_unchanged|insufficient_data,decreased,committed,,,,,
hqa_FQ_9397f0aa,finqa,MAS/2012/page_86.pdf-2,what was the percent of the change in income from cash and cash investments from 2010 to 2011,"masco corporation notes to consolidated financial statements ( continued ) o . segment information ( continued ) ( 1 ) included in net sales were export sales from the u.s . of $ 229 million , $ 241 million and $ 246 million in 2012 , 2011 and 2010 , respectively . ( 2 ) excluded from net sales were",directional_change,increased|decreased|roughly_unchanged|insufficient_data,increased,committed,,,,,
hqa_FQ_93b102e9,finqa,PKG/2005/page_29.pdf-4,what was the change in total corrugated products volume sold in billion square feet from 2004 compared to 2003?,"year ended december 31 , 2004 compared to year ended december 31 , 2003 the historical results of operations of pca for the years ended december 31 , 2004 and 2003 are set forth below : for the year ended december 31 , ( in millions ) 2004 2003 change . ( in millions ) | for the year ended december ",directional_change,increased|decreased|roughly_unchanged|insufficient_data,increased,committed,,,,,
hqa_FQ_945c8b01,finqa,ETR/2008/page_362.pdf-3,"how is cash flow of entergy new orleans affected by the change in balance of money pool from 2007 to 2008 , in thousands?","entergy new orleans , inc . management's financial discussion and analysis ( 1 ) includes approximately $ 30 million annually for maintenance capital , which is planned spending on routine capital projects that are necessary to support reliability of service , equipment or systems and to support nor",directional_change,increased|decreased|roughly_unchanged|insufficient_data,decreased,committed,,,,,
hqa_FQ_9470e254,finqa,UNP/2012/page_23.pdf-3,"what was the change in free cash flow from 2010 to 2011 , in millions?","f0b7 free cash flow 2013 cash generated by operating activities totaled $ 6.2 billion , reduced by $ 3.6 billion for cash used in investing activities and a 37% ( 37 % ) increase in dividends paid , yielding free cash flow of $ 1.4 billion . free cash flow is defined as cash provided by operating ac",directional_change,increased|decreased|roughly_unchanged|insufficient_data,increased,committed,,,,,
hqa_FQ_9553c44e,finqa,WRK/2018/page_53.pdf-3,in 2018 what was the net change in the cash in millions,"compared to earlier levels . the pre-tax non-cash impairments of certain mineral rights and real estate discussed above under the caption fffdland and development impairments fffd are not included in segment income . liquidity and capital resources on january 29 , 2018 , we announced that a definiti",directional_change,increased|decreased|roughly_unchanged|insufficient_data,increased,committed,,,,,
hqa_FQ_96e3a276,finqa,C/2008/page_212.pdf-3,what was the change in millions of the carrying amount reported on the consolidated balance sheet from 2007 to 2008?,the company has elected the fair-value option where the interest-rate risk of such liabilities is economically hedged with derivative contracts or the proceeds are used to purchase financial assets that will also be accounted for at fair value through earnings . the election has been made to mitigat,directional_change,increased|decreased|roughly_unchanged|insufficient_data,decreased,committed,,,,,
hqa_FQ_96fd8f6f,finqa,LMT/2016/page_85.pdf-1,what was the percentage change in net sales from 2014 to 2015 for the pro forma financials?,the income approach indicates value for an asset or liability based on the present value of cash flow projected to be generated over the remaining economic life of the asset or liability being measured . both the amount and the duration of the cash flows are considered from a market participant pers,directional_change,increased|decreased|roughly_unchanged|insufficient_data,decreased,committed,,,,,
hqa_FQ_97794c11,finqa,MMM/2007/page_36.pdf-2,what was the percentage change in the working capital from 2006 to 2007,"new accounting pronouncements information regarding new accounting pronouncements is included in note 1 to the consolidated financial statements . financial condition and liquidity the company generates significant ongoing cash flow . increases in long-term debt have been used , in part , to fund sh",directional_change,increased|decreased|roughly_unchanged|insufficient_data,increased,committed,,,,,
hqa_FQ_98dd3ee1,finqa,MRO/2012/page_39.pdf-1,"between 2012 and 2011 , what was the change in the percentage of crude oil and condensate production that was sour?","item 7 . management 2019s discussion and analysis of financial condition and results of operations we are an international energy company with operations in the u.s. , canada , africa , the middle east and europe . our operations are organized into three reportable segments : 2022 e&p which explores",directional_change,increased|decreased|roughly_unchanged|insufficient_data,decreased,committed,,,,,
hqa_FQ_9949d97a,finqa,C/2009/page_38.pdf-3,what was the net change in the private equity and equity investments from 2008 to 2009 in millions,"2009 vs . 2008 revenues , net of interest expense increased 11% ( 11 % ) or $ 2.7 billion , as markets began to recover in the early part of 2009 , bringing back higher levels of volume activity and higher levels of liquidity , which began to decline again in the third quarter of 2009 . the growth i",directional_change,increased|decreased|roughly_unchanged|insufficient_data,increased,committed,,,,,
hqa_FQ_99731be6_masked,finqa,AES/2001/page_86.pdf-1,for 2001 what was the net change in aoci in millions?\\n,"7 . derivative instruments effective january 1 , 2001 , aes adopted sfas no . 133 , 2018 2018accounting for derivative instruments and hedging activities , 2019 2019 which , as amended , establishes accounting and reporting standards for derivative instruments and hedging activities . the adoption o",directional_change,increased|decreased|roughly_unchanged|insufficient_data,insufficient_data,noncommitted,,,,,CONSTRUCTED - verify the masked evidence really cannot answer the question
hqa_FQ_9a479deb,finqa,STT/2017/page_101.pdf-3,what is the percentage change in of total assets from 2016 to 2017?,management 2019s discussion and analysis of financial condition and results of operations state street corporation | 90 table 30 : total deposits average balance december 31 years ended december 31 . ( in millions ) | december 31 2017 | december 31 2016 | december 31 2017 | 2016 client deposits | $ ,directional_change,increased|decreased|roughly_unchanged|insufficient_data,decreased,committed,,,,,
hqa_FQ_9addccdc,finqa,C/2008/page_189.pdf-1,what was the change in billions of the available-for-sale securities between 2007 and 2008?,"on-balance sheet securitizations the company engages in on-balance sheet securitizations . these are securitizations that do not qualify for sales treatment ; thus , the assets remain on the company 2019s balance sheet . the following table presents the carrying amounts and classification of consoli",directional_change,increased|decreased|roughly_unchanged|insufficient_data,decreased,committed,,,,,
hqa_FQ_9b359904,finqa,STT/2014/page_69.pdf-1,"how is the cash flow statement from financing activities affected by the change in the balance of the long-term debt during 2014 , in millions?","management 2019s discussion and analysis of financial condition and results of operations ( continued ) detail with respect to our investment portfolio as of december 31 , 2014 and 2013 is provided in note 3 to the consolidated financial statements included under item 8 of this form 10-k . loans and",directional_change,increased|decreased|roughly_unchanged|insufficient_data,increased,committed,,,,,
hqa_FQ_9b3e4a96,finqa,STT/2013/page_71.pdf-2,what is the growth rate of the average total short-duration advances from 2011 to 2012?,management 2019s discussion and analysis of financial condition and results of operations ( continued ) the following table presents average u.s . and non-u.s . short-duration advances for the years ended december 31 : years ended december 31 . ( in millions ) | 2013 | 2012 | 2011 average u.s . shor,directional_change,increased|decreased|roughly_unchanged|insufficient_data,decreased,committed,,,,,
hqa_FQ_9b685958,finqa,BLK/2016/page_75.pdf-1,what is the percent change in effective tax rate from from 2015 to 2016?,2016 compared with 2015 net gains on investments of $ 57 million in 2016 decreased $ 52 million from 2015 due to lower net gains in 2016 . net gains on investments in 2015 included a $ 40 million gain related to the bkca acquisition and a $ 35 million unrealized gain on a private equity investment .,directional_change,increased|decreased|roughly_unchanged|insufficient_data,increased,committed,,,,,
hqa_FQ_9bfd2289,finqa,ETR/2016/page_342.pdf-1,what is the growth rate in net revenue in 2016 for entergy louisiana?,"entergy louisiana , llc and subsidiaries management 2019s financial discussion and analysis results of operations net income 2016 compared to 2015 net income increased $ 175.4 million primarily due to the effect of a settlement with the irs related to the 2010-2011 irs audit , which resulted in a $ ",directional_change,increased|decreased|roughly_unchanged|insufficient_data,increased,committed,,,,,
hqa_FQ_9c7d6724,finqa,WMT/2018/page_46.pdf-2,what is the growth rate in net sales for walmart u.s . segment from 2017 to 2018?,continued investments in ecommerce and technology . the increase in operating expenses as a percentage of net sales for fiscal 2017 was partially offset by the impact of store closures in the fourth quarter of fiscal 2016 . membership and other income was relatively flat for fiscal 2018 and increase,directional_change,increased|decreased|roughly_unchanged|insufficient_data,increased,committed,,,,,
hqa_FQ_9caa9b49,finqa,UNP/2015/page_76.pdf-2,what was the percentage change in accrued wages and vacation from 2014 to 2015?,"appropriate statistical bases . total expense for repairs and maintenance incurred was $ 2.5 billion for 2015 , $ 2.4 billion for 2014 , and $ 2.3 billion for 2013 . assets held under capital leases are recorded at the lower of the net present value of the minimum lease payments or the fair value of",directional_change,increased|decreased|roughly_unchanged|insufficient_data,decreased,committed,,,,,
hqa_FQ_9e9eba5d_masked,finqa,GS/2014/page_62.pdf-1,what is the percentage change in the balance of common shareholders 2019 equity in 2014?,management 2019s discussion and analysis fully phased-in capital ratios the table below presents our estimated ratio of cet1 to rwas calculated under the basel iii advanced rules and the standardized capital rules on a fully phased-in basis. . $ in millions | as of december 2014 | as of december 201,directional_change,increased|decreased|roughly_unchanged|insufficient_data,insufficient_data,noncommitted,,,,,CONSTRUCTED - verify the masked evidence really cannot answer the question
hqa_FQ_9ece7072,finqa,GPN/2015/page_82.pdf-3,what is the growth rate in the share-based compensation expense from 2014 to 2015?,"during fiscal 2013 , we entered into an asr with a financial institution to repurchase an aggregate of $ 125 million of our common stock . in exchange for an up-front payment of $ 125 million , the financial institution committed to deliver a number of shares during the asr 2019s purchase period , w",directional_change,increased|decreased|roughly_unchanged|insufficient_data,decreased,committed,,,,,
hqa_FQ_a033e2b5,finqa,LMT/2014/page_47.pdf-3,what is the growth rate in operating profit for mfc in 2014?,"is&gs 2019 operating profit decreased $ 60 million , or 8% ( 8 % ) , for 2014 compared to 2013 . the decrease was primarily attributable to the activities mentioned above for sales , lower risk retirements and reserves recorded on an international program , partially offset by severance recoveries r",directional_change,increased|decreased|roughly_unchanged|insufficient_data,decreased,committed,,,,,
hqa_FQ_a06e3a6f_masked,finqa,EW/2016/page_92.pdf-2,what is the percent change of benefits expected to be paid between 2017 and 2018?,edwards lifesciences corporation notes to consolidated financial statements ( continued ) 12 . employee benefit plans ( continued ) equity and debt securities are valued at fair value based on quoted market prices reported on the active markets on which the individual securities are traded . the ins,directional_change,increased|decreased|roughly_unchanged|insufficient_data,insufficient_data,noncommitted,,,,,CONSTRUCTED - verify the masked evidence really cannot answer the question
hqa_FQ_a07b56fe,finqa,ADBE/2012/page_102.pdf-2,what is the percentage change in total gross amount of unrecognized tax benefits from 2011 to 2012?,"repatriated , the related u.s . tax liability may be reduced by any foreign income taxes paid on these earnings . as of november 30 , 2012 , the cumulative amount of earnings upon which u.s . income taxes have not been provided is approximately $ 2.9 billion . the unrecognized deferred tax liability",directional_change,increased|decreased|roughly_unchanged|insufficient_data,decreased,committed,,,,,
hqa_FQ_a092e3ef,finqa,IP/2012/page_56.pdf-3,what was the change in operating profits in 2012 in millions,"printing papers demand for printing papers products is closely corre- lated with changes in commercial printing and advertising activity , direct mail volumes and , for uncoated cut-size products , with changes in white- collar employment levels that affect the usage of copy and laser printer paper ",directional_change,increased|decreased|roughly_unchanged|insufficient_data,decreased,committed,,,,,
hqa_FQ_a15cbeef,finqa,CB/2008/page_83.pdf-1,what are is the net change in the balance of unpaid losses during 2007?,"we are continuing to invest in people and infrastructure to grow our presence in lines of businesses globally where we see an opportunity for ace to grow market share at reasonable terms . we are also continuing to invest in our enterprise risk management capability , our systems and data environmen",directional_change,increased|decreased|roughly_unchanged|insufficient_data,increased,committed,,,,,
hqa_FQ_a21a5837,finqa,FIS/2006/page_48.pdf-4,what was the percentage change in operating income from 2004 to 2005?,"higher average borrowings . additionally , the recapitalization that occurred late in the first quarter of 2005 resulted in a full year of interest in 2006 as compared to approximately ten months in 2005 . the increase in interest expense in 2005 as compared to 2004 also resulted from the recapitali",directional_change,increased|decreased|roughly_unchanged|insufficient_data,increased,committed,,,,,
hqa_FQ_a257c257,finqa,PPG/2011/page_28.pdf-3,what was the percentage change in cash from operating activities from 2009 to 2010?,"liquidity and capital resources during the past three years , we had sufficient financial resources to meet our operating requirements , to fund our capital spending , share repurchases and pension plans and to pay increasing dividends to our shareholders . cash from operating activities was $ 1436 ",directional_change,increased|decreased|roughly_unchanged|insufficient_data,decreased,committed,,,,,
hqa_FQ_a2717a1c,finqa,VTR/2007/page_97.pdf-4,what was the growth rate of maturities from 2008 to 2009,"ventas , inc . notes to consolidated financial statements 2014 ( continued ) applicable indenture . the issuers may also redeem the 2015 senior notes , in whole at any time or in part from time to time , on or after june 1 , 2010 at varying redemption prices set forth in the applicable indenture , p",directional_change,increased|decreased|roughly_unchanged|insufficient_data,increased,committed,,,,,
hqa_FQ_a3241a7d_masked,finqa,ETR/2007/page_36.pdf-3,what is the change in percentage points in cash-to-debt ratio from 2005 to 2006?,e nt e r g y c o r p o r a t i o n a n d s u b s i d i a r i e s 2 0 0 7 n an increase of $ 16 million in fossil operating costs due to the purchase of the attala plant in january 2006 and the perryville plant coming online in july 2005 ; n an increase of $ 12 million related to storm reserves . thi,directional_change,increased|decreased|roughly_unchanged|insufficient_data,insufficient_data,noncommitted,,,,,CONSTRUCTED - verify the masked evidence really cannot answer the question
hqa_FQ_a3da5c21,finqa,LMT/2016/page_83.pdf-3,what was the change in millions of weighted average common shares outstanding for diluted computations from 2015 to 2016?,"benefits as an increase to earnings of $ 152 million ( $ 0.50 per share ) during the year ended december 31 , 2016 . additionally , we recognized additional income tax benefits as an increase to operating cash flows of $ 152 million during the year ended december 31 , 2016 . the new accounting stand",directional_change,increased|decreased|roughly_unchanged|insufficient_data,decreased,committed,,,,,
hqa_FQ_a53b03df_masked,finqa,HIG/2012/page_132.pdf-2,what is the growth rate in the statutory capital and surplus for the property and casualty insurance subsidiaries?,"table of contents statutory surplus the table below sets forth statutory surplus for the company 2019s insurance companies as of december 31 , 2012 and 2011: . | 2012 | 2011 u.s . life insurance subsidiaries includes domestic captive insurance subsidiaries | $ 6410 | $ 7388 total | $ 14055 | $ 14800",directional_change,increased|decreased|roughly_unchanged|insufficient_data,insufficient_data,noncommitted,,,,,CONSTRUCTED - verify the masked evidence really cannot answer the question
hqa_FQ_a54fb3c2,finqa,STT/2009/page_109.pdf-1,what was the percent change in gross gains from sales of available-for-sale securities between 2008 and 2009?,"in connection with our assessment of impairment we recorded gross other-than-temporary impairment of $ 1.15 billion for 2009 , compared to $ 122 million for 2008 . of the total recorded , $ 227 million related to credit and was recognized in our consolidated statement of income . the remaining $ 928",directional_change,increased|decreased|roughly_unchanged|insufficient_data,increased,committed,,,,,
hqa_FQ_a561af35,finqa,ABMD/2006/page_62.pdf-3,what was the percentage change in warranty reserve from 2005 to 2006?,"abiomed , inc . and subsidiaries notes to consolidated financial statements 2014 ( continued ) evidence of an arrangement exists , ( 2 ) delivery has occurred or services have been rendered , ( 3 ) the seller 2019s price to the buyer is fixed or determinable , and ( 4 ) collectibility is reasonably ",directional_change,increased|decreased|roughly_unchanged|insufficient_data,decreased,committed,,,,,
hqa_FQ_a59c18c6,finqa,PPG/2012/page_70.pdf-4,what was the change in millions of total stock-based compensation cost from 2010 to 2011?,"68 2012 ppg annual report and form 10-k december 31 , 2012 , 2011 and 2010 was $ ( 30 ) million , $ 98 million and $ 65 million , respectively . the cumulative tax benefit related to the adjustment for pension and other postretirement benefits at december 31 , 2012 and 2011 was approximately $ 960 m",directional_change,increased|decreased|roughly_unchanged|insufficient_data,decreased,committed,,,,,
hqa_FQ_a5cf0780,finqa,GS/2017/page_65.pdf-1,what is the growth rate in net revenues in 2017?,"the goldman sachs group , inc . and subsidiaries management 2019s discussion and analysis net revenues the table below presents our net revenues by line item in the consolidated statements of earnings. . $ in millions | year ended december 2017 | year ended december 2016 | year ended december 2015 i",directional_change,increased|decreased|roughly_unchanged|insufficient_data,increased,committed,,,,,
hqa_FQ_a62a29d5,finqa,BLL/2007/page_87.pdf-3,what was the percentage change in accumulated other comprehensive earnings ( loss ) between 2006 and 2007?\\n,"page 71 of 94 notes to consolidated financial statements ball corporation and subsidiaries 16 . shareholders 2019 equity ( continued ) on october 24 , 2007 , ball announced the discontinuance of the company 2019s discount on the reinvestment of dividends associated with the company 2019s dividend re",directional_change,increased|decreased|roughly_unchanged|insufficient_data,increased,committed,,,,,
hqa_FQ_a66fb287_masked,finqa,AMT/2010/page_113.pdf-1,what is the percentage change in the intrinsic value of stock options from 2008 to 2009?,"american tower corporation and subsidiaries notes to consolidated financial statements assessments in each of the tax jurisdictions resulting from these examinations . the company believes that adequate provisions have been made for income taxes for all periods through december 31 , 2010 . 12 . stoc",directional_change,increased|decreased|roughly_unchanged|insufficient_data,insufficient_data,noncommitted,,,,,CONSTRUCTED - verify the masked evidence really cannot answer the question
hqa_FQ_a694695b_masked,finqa,C/2010/page_272.pdf-1,what was the growth rate of the loans held-for-sale that are carried at locom from 2009 to 2010,"the significant changes from december 31 , 2008 to december 31 , 2009 in level 3 assets and liabilities are due to : a net decrease in trading securities of $ 10.8 billion that was driven by : 2022 net transfers of $ 6.5 billion , due mainly to the transfer of debt 2013 securities from level 3 to le",directional_change,increased|decreased|roughly_unchanged|insufficient_data,insufficient_data,noncommitted,,,,,CONSTRUCTED - verify the masked evidence really cannot answer the question
hqa_FQ_a710972b,finqa,ADI/2007/page_82.pdf-2,what is the expected growth rate in rental expense under operating leases in 2008?,"stock option gains previously deferred by those participants pursuant to the terms of the deferred compensation plan and earnings on those deferred amounts . as a result of certain provisions of the american jobs creation act , participants had the opportunity until december 31 , 2005 to elect to wi",directional_change,increased|decreased|roughly_unchanged|insufficient_data,decreased,committed,,,,,
hqa_FQ_a719583b,finqa,ETR/2004/page_258.pdf-3,"what is the growth rate in net revenue for entergy new orleans , inc . in 2004?","entergy new orleans , inc . management's financial discussion and analysis results of operations net income ( loss ) 2004 compared to 2003 net income increased $ 20.2 million primarily due to higher net revenue . 2003 compared to 2002 entergy new orleans had net income of $ 7.9 million in 2003 compa",directional_change,increased|decreased|roughly_unchanged|insufficient_data,increased,committed,,,,,
hqa_FQ_a73c10d2,finqa,PM/2017/page_117.pdf-2,what was the change in millions of total accumulated other comprehensive losses from 2016 to 2017?,"note 17 . accumulated other comprehensive losses : pmi's accumulated other comprehensive losses , net of taxes , consisted of the following: . ( losses ) earnings ( in millions ) | ( losses ) earnings 2017 | ( losses ) earnings 2016 | 2015 currency translation adjustments | $ -5761 ( 5761 ) | $ -609",directional_change,increased|decreased|roughly_unchanged|insufficient_data,increased,committed,,,,,
hqa_FQ_a7bda3ae,finqa,ECL/2015/page_70.pdf-3,what is the net change in the balance of allowance for doubtful accounts during 2015?,concentration of credit risk credit risk represents the accounting loss that would be recognized at the reporting date if counterparties failed to perform as contracted . the company believes the likelihood of incurring material losses due to concentration of credit risk is remote . the principal fi,directional_change,increased|decreased|roughly_unchanged|insufficient_data,decreased,committed,,,,,
hqa_FQ_a85a485c_masked,finqa,LMT/2012/page_46.pdf-2,what is the growth rate in operating profit for mst in 2012?,"2011 compared to 2010 mfc 2019s net sales for 2011 increased $ 533 million , or 8% ( 8 % ) , compared to 2010 . the increase was attributable to higher volume of about $ 420 million on air and missile defense programs ( primarily pac-3 and thaad ) ; and about $ 245 million from fire control systems ",directional_change,increased|decreased|roughly_unchanged|insufficient_data,insufficient_data,noncommitted,,,,,CONSTRUCTED - verify the masked evidence really cannot answer the question
hqa_FQ_a86cb433,finqa,AAPL/2008/page_38.pdf-2,what was the change in cumulative total return for the s&p a9500 between 2003 and 2004?,"table of contents company stock performance the following graph shows a five-year comparison of cumulative total shareholder return , calculated on a dividend reinvested basis , for the company , the s&p 500 composite index ( the 201cs&p 500 201d ) and the s&p computers ( hardware ) index ( the 201c",directional_change,increased|decreased|roughly_unchanged|insufficient_data,decreased,committed,,,,,
hqa_FQ_a86d2c61,finqa,LMT/2015/page_86.pdf-1,"what was the change in weighted average common shares outstanding for diluted computations from 2013 to 2014 , in millions?","2015 and 2014 was $ 1.5 billion and $ 1.3 billion . the aggregate notional amount of our outstanding foreign currency hedges at december 31 , 2015 and 2014 was $ 4.1 billion and $ 804 million . derivative instruments did not have a material impact on net earnings and comprehensive income during 2015",directional_change,increased|decreased|roughly_unchanged|insufficient_data,decreased,committed,,,,,
hqa_FQ_a8a0def4,finqa,AAPL/2007/page_84.pdf-2,"what was the change in ending accrued warranty and related cost between 2006 and 2007 , in millions?",notes to consolidated financial statements ( continued ) note 8 2014commitments and contingencies ( continued ) the following table reconciles changes in the company 2019s accrued warranties and related costs ( in millions ) : . | 2007 | 2006 | 2005 beginning accrued warranty and related costs | $ 2,directional_change,increased|decreased|roughly_unchanged|insufficient_data,decreased,committed,,,,,
hqa_FQ_a914481c,finqa,HII/2011/page_103.pdf-2,what is the percentage change in rent expenses for operating leases in 2010 compare to 2009?,"the company has also encountered various quality issues on its aircraft carrier construction and overhaul programs and its virginia-class submarine construction program at its newport news location . these primarily involve matters related to filler metal used in pipe welds identified in 2007 , and ",directional_change,increased|decreased|roughly_unchanged|insufficient_data,decreased,committed,,,,,
hqa_FQ_aa10dc7f_masked,finqa,GS/2014/page_134.pdf-3,"in millions between 2014 and 2013 , what was the change in net derivative liabilities under bilateral agreements?\\n",notes to consolidated financial statements derivatives with credit-related contingent features certain of the firm 2019s derivatives have been transacted under bilateral agreements with counterparties who may require the firm to post collateral or terminate the transactions based on changes in the f,directional_change,increased|decreased|roughly_unchanged|insufficient_data,insufficient_data,noncommitted,,,,,CONSTRUCTED - verify the masked evidence really cannot answer the question
hqa_FQ_aa15bc41,finqa,ABMD/2012/page_75.pdf-3,"what is the net change in the number of shares for restricted stock and restricted stock units during fiscal year ended march 31 , 2012?","abiomed , inc . and subsidiaries notes to consolidated financial statements 2014 ( continued ) note 8 . stock award plans and stock-based compensation ( continued ) restricted stock and restricted stock units the following table summarizes restricted stock and restricted stock unit activity for the ",directional_change,increased|decreased|roughly_unchanged|insufficient_data,increased,committed,,,,,
hqa_FQ_aa3e2bfa_masked,finqa,PM/2015/page_103.pdf-3,what is the change in liability balance during 2014?,movement in exit cost liabilities the movement in exit cost liabilities for pmi was as follows : ( in millions ) . charges net | 391 cash spent | -360 ( 360 ) currency/other | -69 ( 69 ) charges net | 68 cash spent | -232 ( 232 ) currency/other | -52 ( 52 ) liability balance december 31 2015 | $ 54 ,directional_change,increased|decreased|roughly_unchanged|insufficient_data,insufficient_data,noncommitted,,,,,CONSTRUCTED - verify the masked evidence really cannot answer the question
hqa_FQ_aa59f378_masked,finqa,VRTX/2006/page_71.pdf-1,"what is the percent change in cash , cash equivalents and marketable securities between 2005 and 2006?",the activity related to the restructuring liability for 2004 is as follows ( in thousands ) : non-operating items interest income increased $ 1.7 million to $ 12.0 million in 2005 from $ 10.3 million in 2004 . the increase was mainly the result of higher returns on invested funds . interest expense ,directional_change,increased|decreased|roughly_unchanged|insufficient_data,insufficient_data,noncommitted,,,,,CONSTRUCTED - verify the masked evidence really cannot answer the question
hqa_FQ_aa96777e,finqa,PPG/2018/page_54.pdf-4,what was the change in research and development net in millions from 2016 to 2017?,"52 2018 ppg annual report and 10-k 1 . summary of significant accounting policies principles of consolidation the accompanying consolidated financial statements include the accounts of ppg industries , inc . ( 201cppg 201d or the 201ccompany 201d ) and all subsidiaries , both u.s . and non-u.s. , th",directional_change,increased|decreased|roughly_unchanged|insufficient_data,decreased,committed,,,,,
hqa_FQ_ab8e3f06_masked,finqa,ETR/2016/page_324.pdf-1,how is cash flow of entergy arkansas affected by the change in balance of money pool from 2015 to 2016?,"entergy arkansas , inc . and subsidiaries management 2019s financial discussion and analysis stock restrict the amount of retained earnings available for the payment of cash dividends or other distributions on its common and preferred stock . sources of capital entergy arkansas 2019s sources to meet",directional_change,increased|decreased|roughly_unchanged|insufficient_data,insufficient_data,noncommitted,,,,,CONSTRUCTED - verify the masked evidence really cannot answer the question
hqa_FQ_ac237a9a_masked,finqa,ETR/2017/page_19.pdf-1,what was the percent of the change in the net revenue from 2016 to 2017,"results of operations for 2016 include : 1 ) $ 2836 million ( $ 1829 million net-of-tax ) of impairment and related charges primarily to write down the carrying values of the entergy wholesale commodities 2019 palisades , indian point 2 , and indian point 3 plants and related assets to their fair va",directional_change,increased|decreased|roughly_unchanged|insufficient_data,insufficient_data,noncommitted,,,,,CONSTRUCTED - verify the masked evidence really cannot answer the question
hqa_FQ_ac3dd3ea_masked,finqa,GS/2018/page_68.pdf-2,what is the growth rate in net revenues in 2017?,"the goldman sachs group , inc . and subsidiaries management 2019s discussion and analysis net revenues the table below presents net revenues by line item. . $ in millions | year ended december 2018 | year ended december 2017 | year ended december 2016 investment banking | $ 7862 | $ 7371 | $ 6273 in",directional_change,increased|decreased|roughly_unchanged|insufficient_data,insufficient_data,noncommitted,,,,,CONSTRUCTED - verify the masked evidence really cannot answer the question
hqa_FQ_ad0f9aaf,finqa,IPG/2014/page_37.pdf-2,what is the percentage change in the total debt from 2013 to 2014?,"management 2019s discussion and analysis of financial condition and results of operations 2013 ( continued ) ( amounts in millions , except per share amounts ) net cash used in investing activities during 2013 primarily related to payments for capital expenditures and acquisitions . capital expendit",directional_change,increased|decreased|roughly_unchanged|insufficient_data,increased,committed,,,,,
hqa_FQ_ad1363ac,finqa,BKR/2018/page_59.pdf-4,what is the net change in cash during 2018?,bhge 2018 form 10-k | 39 outstanding under the commercial paper program . the maximum combined borrowing at any time under both the 2017 credit agreement and the commercial paper program is $ 3 billion . if market conditions were to change and our revenue was reduced significantly or operating costs,directional_change,increased|decreased|roughly_unchanged|insufficient_data,decreased,committed,,,,,
hqa_FQ_ad4c0377_masked,finqa,ETFC/2007/page_135.pdf-1,what was the percentage change in total contribution expense under the plan between 2005 and 2006?,"prior to its adoption of sfas no . 123 ( r ) , the company recorded compensation expense for restricted stock awards on a straight-line basis over their vesting period . if an employee forfeited the award prior to vesting , the company reversed out the previously expensed amounts in the period of fo",directional_change,increased|decreased|roughly_unchanged|insufficient_data,insufficient_data,noncommitted,,,,,CONSTRUCTED - verify the masked evidence really cannot answer the question
hqa_FQ_ade6460f,finqa,ADI/2016/page_61.pdf-2,what is the percentage change in the balance of goodwill from 2015 to 2016?,"analog devices , inc . notes to consolidated financial statements 2014 ( continued ) depreciation expense for property , plant and equipment was $ 134.5 million , $ 130.1 million and $ 114.1 million in fiscal 2016 , 2015 and 2014 , respectively . the company reviews property , plant and equipment fo",directional_change,increased|decreased|roughly_unchanged|insufficient_data,increased,committed,,,,,
hqa_FQ_ae902446_masked,finqa,DRE/2012/page_31.pdf-1,what was the percentage change in the general and administrative expenses in 2012,"29 annual report 2012 duke realty corporation | | those indirect costs not allocated to or absorbed by these operations are charged to general and administrative expenses . we regularly review our total overhead cost structure relative to our leasing , development and construction volume and adjust ",directional_change,increased|decreased|roughly_unchanged|insufficient_data,insufficient_data,noncommitted,,,,,CONSTRUCTED - verify the masked evidence really cannot answer the question
hqa_FQ_aeb6fdba,finqa,JPM/2007/page_164.pdf-1,"what was the percentage change in unrealized gains ( losses ) on afs securities from december 31 , 2006 to december 31 , 2007?",notes to consolidated financial statements jpmorgan chase & co . 162 jpmorgan chase & co . / 2007 annual report note 25 2013 accumulated other comprehensive income ( loss ) accumulated other comprehensive income ( loss ) includes the after-tax change in sfas 115 unrealized gains and losses on afs se,directional_change,increased|decreased|roughly_unchanged|insufficient_data,increased,committed,,,,,
hqa_FQ_af73951c,finqa,WELL/2017/page_116.pdf-2,what is the percentage change in the balance valuation allowance rollforward during 2016?,welltower inc . notes to consolidated financial statements is no longer present ( and additional weight may be given to subjective evidence such as our projections for growth ) . the valuation allowance rollforward is summarized as follows for the periods presented ( in thousands ) : year ended dece,directional_change,increased|decreased|roughly_unchanged|insufficient_data,decreased,committed,,,,,
hqa_FQ_afe2cea1,finqa,ADI/2019/page_71.pdf-2,what is the net change in the liability balance from 2018 to 2019?,expected durations of less than one year . the company generally offers a twelve-month warranty for its products . the company 2019s warranty policy provides for replacement of defective products . specific accruals are recorded forff known product warranty issues . transaction price : the transacti,directional_change,increased|decreased|roughly_unchanged|insufficient_data,increased,committed,,,,,
hqa_FQ_b07c3f51,finqa,LKQ/2018/page_102.pdf-1,what was the percentage change in rental expenses from 2016 to 2017?,"business subsequent to the acquisition . the liabilities for these payments are classified as level 3 liabilities because the related fair value measurement , which is determined using an income approach , includes significant inputs not observable in the market . financial assets and liabilities no",directional_change,increased|decreased|roughly_unchanged|insufficient_data,increased,committed,,,,,
hqa_FQ_b080fcee,finqa,HIG/2012/page_132.pdf-3,what is the percentage change in statutory surplus from 2011 to 2012?,"table of contents statutory surplus the table below sets forth statutory surplus for the company 2019s insurance companies as of december 31 , 2012 and 2011: . | 2012 | 2011 u.s . life insurance subsidiaries includes domestic captive insurance subsidiaries | $ 6410 | $ 7388 property and casualty ins",directional_change,increased|decreased|roughly_unchanged|insufficient_data,decreased,committed,,,,,
hqa_FQ_b085fb3f,finqa,ZBH/2018/page_61.pdf-2,what is the percent change in the balance of foreign currency translation between 2017 and 2018?,"zimmer biomet holdings , inc . and subsidiaries 2018 form 10-k annual report notes to consolidated financial statements ( continued ) default for unsecured financing arrangements , including , among other things , limitations on consolidations , mergers and sales of assets . financial covenants unde",directional_change,increased|decreased|roughly_unchanged|insufficient_data,decreased,committed,,,,,
hqa_FQ_b111cf56_masked,finqa,RE/2017/page_41.pdf-4,what was the change pre-tax catastrophe losses from 2016 to 2017 in thousands,"item 1a . risk factors in addition to the other information provided in this report , the following risk factors should be considered when evaluating an investment in our securities . if the circumstances contemplated by the individual risk factors materialize , our business , financial condition an",directional_change,increased|decreased|roughly_unchanged|insufficient_data,insufficient_data,noncommitted,,,,,CONSTRUCTED - verify the masked evidence really cannot answer the question
hqa_FQ_b1848266_masked,finqa,RCL/2018/page_38.pdf-1,what was the percentage change in the royal caribbean cruises ltd . performance from 2014 to 2015,"table of contents performance graph the following graph compares the total return , assuming reinvestment of dividends , on an investment in the company , based on performance of the company's common stock , with the total return of the standard & poor's 500 composite stock index ( ""s&p 500"" ) and t",directional_change,increased|decreased|roughly_unchanged|insufficient_data,insufficient_data,noncommitted,,,,,CONSTRUCTED - verify the masked evidence really cannot answer the question
hqa_FQ_b1db354a,finqa,BLK/2012/page_82.pdf-4,what is the percentage change in the balance of total 201ceconomic 201d investment exposure from 2011 to 2012?,"the company further presents total net 201ceconomic 201d investment exposure , net of deferred compensation investments and hedged investments , to reflect another gauge for investors as the economic impact of investments held pursuant to deferred compensation arrangements is substantially offset by",directional_change,increased|decreased|roughly_unchanged|insufficient_data,increased,committed,,,,,
hqa_FQ_b2ab8d12,finqa,EMR/2018/page_28.pdf-1,what was the change as a percent of sales in operating cash flow between 2016 and 2018?,"24 | 2018 emerson annual report 2017 vs . 2016 2013 commercial & residential solutions sales were $ 5.9 billion in 2017 , an increase of $ 302 million , or 5 percent , reflecting favorable conditions in hvac and refrigeration markets in the u.s. , asia and europe , as well as u.s . and asian constru",directional_change,increased|decreased|roughly_unchanged|insufficient_data,decreased,committed,,,,,
hqa_FQ_b32d33c1,finqa,AMT/2007/page_114.pdf-2,how is cash flow affected by the change in the balance of other long-term notes receivable during 2007?,american tower corporation and subsidiaries notes to consolidated financial statements 2014 ( continued ) market and lease the unused tower space on the broadcast towers ( the economic rights ) . tv azteca retains title to these towers and is responsible for their operation and maintenance . the com,directional_change,increased|decreased|roughly_unchanged|insufficient_data,decreased,committed,,,,,
hqa_FQ_b3b4bc50,finqa,BLK/2016/page_75.pdf-3,what is the growth rate in operating income from 2015 to 2016?,2016 compared with 2015 net gains on investments of $ 57 million in 2016 decreased $ 52 million from 2015 due to lower net gains in 2016 . net gains on investments in 2015 included a $ 40 million gain related to the bkca acquisition and a $ 35 million unrealized gain on a private equity investment .,directional_change,increased|decreased|roughly_unchanged|insufficient_data,decreased,committed,,,,,
hqa_FQ_b443b0ec,finqa,ETR/2008/page_314.pdf-3,what percent of the net change in revenue between 2007 and 2008 was due to volume/weather?,"entergy louisiana , llc management's financial discussion and analysis 2007 compared to 2006 net revenue consists of operating revenues net of : 1 ) fuel , fuel-related expenses , and gas purchased for resale , 2 ) purchased power expenses , and 3 ) other regulatory charges ( credits ) . following i",directional_change,increased|decreased|roughly_unchanged|insufficient_data,increased,committed,,,,,
hqa_FQ_b465f934,finqa,PNC/2011/page_208.pdf-4,"during 2011 , what was the change in reserve for estimated losses included in other liabilities on our consolidated balance sheet?","recourse and repurchase obligations as discussed in note 3 loans sale and servicing activities and variable interest entities , pnc has sold commercial mortgage and residential mortgage loans directly or indirectly in securitizations and whole-loan sale transactions with continuing involvement . one",directional_change,increased|decreased|roughly_unchanged|insufficient_data,increased,committed,,,,,
hqa_FQ_b48cf832_masked,finqa,INTC/2016/page_100.pdf-1,what is the net change in accumulated other comprehensive income during 2015?,intel corporation notes to consolidated financial statements ( continued ) note 16 : other comprehensive income ( loss ) the changes in accumulated other comprehensive income ( loss ) by component and related tax effects for each period were as follows : ( in millions ) unrealized holding ( losses ),directional_change,increased|decreased|roughly_unchanged|insufficient_data,insufficient_data,noncommitted,,,,,CONSTRUCTED - verify the masked evidence really cannot answer the question
hqa_FQ_b4ba39ea,finqa,ZBH/2009/page_88.pdf-1,what is the percent change in weighted average shares outstanding for basic net earnings per share between 2007 and 2009?,"14 . capital stock and earnings per share we are authorized to issue 250 million shares of preferred stock , none of which were issued or outstanding as of december 31 , 2009 . the numerator for both basic and diluted earnings per share is net earnings available to common stockholders . the denomina",directional_change,increased|decreased|roughly_unchanged|insufficient_data,decreased,committed,,,,,
hqa_FQ_b501c775,finqa,AAPL/2007/page_79.pdf-2,what was the change in unrealized gains on derivative instruments between 2006 and 2007?,"notes to consolidated financial statements ( continued ) note 6 2014shareholders 2019 equity ( continued ) the following table summarizes activity in other comprehensive income related to derivatives , net of taxes , held by the company ( in millions ) : . | 2007 | 2006 | 2005 changes in fair value ",directional_change,increased|decreased|roughly_unchanged|insufficient_data,increased,committed,,,,,
hqa_FQ_b549bc08,finqa,ETR/2013/page_28.pdf-3,what is the percentage change in debt-to-capital ratio from 2012 to 2013?,human capital management strategic imperative entergy engaged in a strategic imperative intended to optimize the organization through a process known as human capital management . in july 2013 management completed a comprehensive review of entergy 2019s organization design and processes . this effor,directional_change,increased|decreased|roughly_unchanged|insufficient_data,decreased,committed,,,,,
hqa_FQ_b5b0d70f,finqa,BLK/2010/page_126.pdf-2,what is the percentage change in expenses related to personal pension plan from 2009 to 2010?,"1 2 4 n o t e s effective january 1 , 2011 , all u.s . employees , including u.s . legacy bgi employees , will participate in the brsp . all plan assets in the two legacy bgi plans , including the 401k plan and retirement plan ( see below ) , were merged into the brsp on january 1 , 2011 . under the",directional_change,increased|decreased|roughly_unchanged|insufficient_data,increased,committed,,,,,
hqa_FQ_b65d984f,finqa,GS/2017/page_104.pdf-4,what was the percentage change in average daily var in the currency rates risk category between 2016 and 2017?,"the goldman sachs group , inc . and subsidiaries management 2019s discussion and analysis the risk committee of the board and the risk governance committee ( through delegated authority from the firmwide risk committee ) approve market risk limits and sub-limits at firmwide , business and product le",directional_change,increased|decreased|roughly_unchanged|insufficient_data,decreased,committed,,,,,
hqa_FQ_b8a720f7_masked,finqa,C/2009/page_141.pdf-3,"what was the net change in the repurchase reserve between 2008 and 2009 , in millions?",citigroup 2019s repurchases are primarily from government sponsored entities . the specific representations and warranties made by the company depend on the nature of the transaction and the requirements of the buyer . market conditions and credit-ratings agency requirements may also affect represen,directional_change,increased|decreased|roughly_unchanged|insufficient_data,insufficient_data,noncommitted,,,,,CONSTRUCTED - verify the masked evidence really cannot answer the question
hqa_FQ_b92cf780,finqa,IP/2006/page_19.pdf-1,what was the percentage change in industry segment operating profits from 2004 to 2005?,item 7 . management 2019s discussion and analysis of financial condition and results of operations executive summary international paper 2019s operating results in 2006 bene- fited from strong gains in pricing and sales volumes and lower operating costs . our average paper and packaging prices in 20,directional_change,increased|decreased|roughly_unchanged|insufficient_data,decreased,committed,,,,,
hqa_FQ_ba0440cc,finqa,UNP/2006/page_33.pdf-3,what was the net change in other income from 2004 to 2005 in millions?,"increased over 4% ( 4 % ) in 2005 , costs for trucking services provided by intermodal carriers remained flat as we substantially reduced expenses associated with network inefficiencies . higher diesel fuel prices increased sales and use taxes in 2005 , which resulted in higher state and local taxes",directional_change,increased|decreased|roughly_unchanged|insufficient_data,decreased,committed,,,,,
hqa_FQ_ba219cfb,finqa,LMT/2012/page_87.pdf-2,what is the percentage change in common stock held by defined contribution plans from 2011 to 2012?,"valuation techniques 2013 cash equivalents are mostly comprised of short-term money-market instruments and are valued at cost , which approximates fair value . u.s . equity securities and international equity securities categorized as level 1 are traded on active national and international exchanges",directional_change,increased|decreased|roughly_unchanged|insufficient_data,decreased,committed,,,,,
hqa_FQ_ba35f749_masked,finqa,AAP/2016/page_96.pdf-2,what is the percentage change in the balance of allowance for doubtful accounts receivable during 2015?,"advance auto parts , inc . these amounts did not impact the company 2019s statement of operations for any year presented . note : other valuation and qualifying accounts have not been reported in this schedule because they are either not applicable or because the information has been included elsewh",directional_change,increased|decreased|roughly_unchanged|insufficient_data,insufficient_data,noncommitted,,,,,CONSTRUCTED - verify the masked evidence really cannot answer the question
hqa_FQ_bafde818,finqa,PM/2017/page_117.pdf-3,what is the percentage change in currency translation adjustments from 2016 to 2017?,"note 17 . accumulated other comprehensive losses : pmi's accumulated other comprehensive losses , net of taxes , consisted of the following: . ( losses ) earnings ( in millions ) | ( losses ) earnings 2017 | ( losses ) earnings 2016 | 2015 currency translation adjustments | $ -5761 ( 5761 ) | $ -609",directional_change,increased|decreased|roughly_unchanged|insufficient_data,decreased,committed,,,,,
hqa_FQ_bbe0e53b,finqa,CE/2017/page_20.pdf-2,what was the percentage change in the research and development costs from 2015 to 2016,table of contents other equity method investments infraservs . we hold indirect ownership interests in several german infraserv groups that own and develop industrial parks and provide on-site general and administrative support to tenants . our ownership interest in the equity investments in infrase,directional_change,increased|decreased|roughly_unchanged|insufficient_data,decreased,committed,,,,,
hqa_FQ_bc40e0eb,finqa,SNA/2018/page_33.pdf-2,what is the average annual growth rate for snap from 2016 to 2018?,"2018 annual report 23 five-year stock performance graph the graph below illustrates the cumulative total shareholder return on snap-on common stock since december 31 , 2013 , of a $ 100 investment , assuming that dividends were reinvested quarterly . the graph compares snap-on 2019s performance to t",directional_change,increased|decreased|roughly_unchanged|insufficient_data,decreased,committed,,,,,
hqa_FQ_bc72e618,finqa,ADBE/2013/page_84.pdf-1,what is the percentage change in total gross amount of unrecognized tax benefits from 2012 to 2013?,"adobe systems incorporated notes to consolidated financial statements ( continued ) accounting for uncertainty in income taxes during fiscal 2013 and 2012 , our aggregate changes in our total gross amount of unrecognized tax benefits are summarized as follows ( in thousands ) : . | 2013 | 2012 begin",directional_change,increased|decreased|roughly_unchanged|insufficient_data,decreased,committed,,,,,
hqa_FQ_bc9bde50,finqa,PPG/2012/page_70.pdf-2,what was the percentage change in stock-based compensation between 2011 and 2012?,"68 2012 ppg annual report and form 10-k december 31 , 2012 , 2011 and 2010 was $ ( 30 ) million , $ 98 million and $ 65 million , respectively . the cumulative tax benefit related to the adjustment for pension and other postretirement benefits at december 31 , 2012 and 2011 was approximately $ 960 m",directional_change,increased|decreased|roughly_unchanged|insufficient_data,increased,committed,,,,,
hqa_FQ_bcae6105,finqa,ETR/2013/page_136.pdf-4,what is the percent change in future minimum lease payments from 2015 to 2016?,"entergy corporation and subsidiaries notes to financial statements this difference as a regulatory asset or liability on an ongoing basis , resulting in a zero net balance for the regulatory asset at the end of the lease term . the amount was a net regulatory liability of $ 61.6 million and $ 27.8 m",directional_change,increased|decreased|roughly_unchanged|insufficient_data,increased,committed,,,,,
hqa_FQ_bd964b0e,finqa,UNP/2009/page_31.pdf-2,what was the change in millions of compensation and benefits from 2007 to 2008?,"intermodal 2013 decreased volumes and fuel surcharges reduced freight revenue from intermodal shipments in 2009 versus 2008 . volume from international traffic decreased 24% ( 24 % ) in 2009 compared to 2008 , reflecting economic conditions , continued weak imports from asia , and diversions to non-",directional_change,increased|decreased|roughly_unchanged|insufficient_data,decreased,committed,,,,,
hqa_FQ_bf4ff6ea,finqa,ETR/2016/page_424.pdf-3,what is the net change in entergy texas 2019s receivables from the money pool from 2014 to 2015?,"entergy texas , inc . and subsidiaries management 2019s financial discussion and analysis in addition to the contractual obligations given above , entergy texas expects to contribute approximately $ 17 million to its qualified pension plans and approximately $ 3.2 million to other postretirement hea",directional_change,increased|decreased|roughly_unchanged|insufficient_data,decreased,committed,,,,,
hqa_FQ_bf7cbc32,finqa,ETFC/2007/page_135.pdf-4,what was the percentage change in total contribution expense under the plan between 2006 and 2007?,"prior to its adoption of sfas no . 123 ( r ) , the company recorded compensation expense for restricted stock awards on a straight-line basis over their vesting period . if an employee forfeited the award prior to vesting , the company reversed out the previously expensed amounts in the period of fo",directional_change,increased|decreased|roughly_unchanged|insufficient_data,roughly_unchanged,noncommitted,,,,,
hqa_FQ_bf8e827f,finqa,BKR/2018/page_59.pdf-3,what is the net change in cash during 2017?,bhge 2018 form 10-k | 39 outstanding under the commercial paper program . the maximum combined borrowing at any time under both the 2017 credit agreement and the commercial paper program is $ 3 billion . if market conditions were to change and our revenue was reduced significantly or operating costs,directional_change,increased|decreased|roughly_unchanged|insufficient_data,increased,committed,,,,,
hqa_FQ_bfbf5888,finqa,ETR/2011/page_316.pdf-4,what is the growth rate in net revenue from 2010 to 2011?,"entergy louisiana , llc and subsidiaries management 2019s financial discussion and analysis plan to spin off the utility 2019s transmission business see the 201cplan to spin off the utility 2019s transmission business 201d section of entergy corporation and subsidiaries management 2019s financial di",directional_change,increased|decreased|roughly_unchanged|insufficient_data,decreased,committed,,,,,
hqa_FQ_c1707ad9,finqa,ETR/2016/page_375.pdf-2,"what is the net change in net revenue during 2015 for entergy mississippi , inc.?","entergy mississippi , inc . management 2019s financial discussion and analysis the net wholesale revenue variance is primarily due to entergy mississippi 2019s exit from the system agreement in november 2015 . the reserve equalization revenue variance is primarily due to the absence of reserve equal",directional_change,increased|decreased|roughly_unchanged|insufficient_data,decreased,committed,,,,,
hqa_FQ_c23988b8,finqa,STT/2009/page_122.pdf-4,what is the percent change in asset purchase agreements between 2008 and 2009?,"note 10 . commitments and contingencies credit-related commitments and contingencies : credit-related financial instruments , which are off-balance sheet , include indemnified securities financing , unfunded commitments to extend credit or purchase assets , and standby letters of credit . the potent",directional_change,increased|decreased|roughly_unchanged|insufficient_data,decreased,committed,,,,,
hqa_FQ_c25ff233,finqa,C/2009/page_38.pdf-2,what was the change in millions of alt-a mortgages pretax revenue from 2008 to 2009?,"2009 vs . 2008 revenues , net of interest expense increased 11% ( 11 % ) or $ 2.7 billion , as markets began to recover in the early part of 2009 , bringing back higher levels of volume activity and higher levels of liquidity , which began to decline again in the third quarter of 2009 . the growth i",directional_change,increased|decreased|roughly_unchanged|insufficient_data,increased,committed,,,,,
hqa_FQ_c3010f84,finqa,CMCSA/2015/page_158.pdf-1,what was the change in the receivables net from 2014 to 2015 in millions,"nbcuniversal media , llc following the close of the redemption transaction , comcast owns 96% ( 96 % ) of nbcuniversal holdings 2019 common units and nbcuniversal enterprise owns the remaining 4% ( 4 % ) . nbcuniversal enterprise is now a consolidated subsidiary of comcast , but we do not have any o",directional_change,increased|decreased|roughly_unchanged|insufficient_data,increased,committed,,,,,
hqa_FQ_c3975ba4_masked,finqa,ETR/2009/page_24.pdf-1,what is the change in percentage points in debt-to-capital ratio from 2008 to 2009?,"entergy corporation and subsidiaries management's financial discussion and analysis methodology of computing massachusetts state income taxes resulting from legislation passed in the third quarter 2008 , which resulted in an income tax benefit of approximately $ 18.8 million . these factors were par",directional_change,increased|decreased|roughly_unchanged|insufficient_data,insufficient_data,noncommitted,,,,,CONSTRUCTED - verify the masked evidence really cannot answer the question
hqa_FQ_c4416ba8_masked,finqa,LKQ/2016/page_48.pdf-2,what was the change in cash and equivalents from 2015 to 2016?,"liquidity and capital resources the following table summarizes liquidity data as of the dates indicated ( in thousands ) : december 31 , december 31 . | december 31 2016 | december 31 2015 total debt ( 1 ) | 3365687 | 1599695 current maturities ( 2 ) | 68414 | 57494 capacity under credit facilities ",directional_change,increased|decreased|roughly_unchanged|insufficient_data,insufficient_data,noncommitted,,,,,CONSTRUCTED - verify the masked evidence really cannot answer the question
hqa_FQ_c5266cf0_masked,finqa,ADBE/2011/page_101.pdf-3,what is the growth rate in the balance of unrecognized tax benefits during 2011?,a valuation allowance has been established for certain deferred tax assets related to the impairment of investments . we file income tax returns in the u.s . on a federal basis and in many u.s . state and foreign jurisdictions . we are subject to the continual examination of our income tax returns b,directional_change,increased|decreased|roughly_unchanged|insufficient_data,insufficient_data,noncommitted,,,,,CONSTRUCTED - verify the masked evidence really cannot answer the question
hqa_FQ_c5e69016,finqa,KIM/2008/page_126.pdf-1,what is the growth rate in the income from investment in the retail store leases from 2006 to 2007?,"kimco realty corporation and subsidiaries notes to consolidated financial statements , continued investment in retail store leases the company has interests in various retail store leases relating to the anchor store premises in neighborhood and community shopping centers . these premises have been ",directional_change,increased|decreased|roughly_unchanged|insufficient_data,decreased,committed,,,,,
hqa_FQ_c635a8df_masked,finqa,ETR/2008/page_337.pdf-3,what percent of the change in revenue was due to volume/weather?,"entergy mississippi , inc . management's financial discussion and analysis the net wholesale revenue variance is primarily due to lower profit on joint account sales and reduced capacity revenue from the municipal energy agency of mississippi . gross operating revenues , fuel and purchased power exp",directional_change,increased|decreased|roughly_unchanged|insufficient_data,insufficient_data,noncommitted,,,,,CONSTRUCTED - verify the masked evidence really cannot answer the question
hqa_FQ_c6522ff2,finqa,GPN/2017/page_88.pdf-1,what was the net change in the valuation allowance in thousands between 2016 and 2017?,"a valuation allowance is provided against deferred tax assets when it is more likely than not that some portion or all of the deferred tax assets will not be realized . changes to our valuation allowance during the year ended december 31 , 2017 , the 2016 fiscal transition period and the years ended",directional_change,increased|decreased|roughly_unchanged|insufficient_data,increased,committed,,,,,
hqa_FQ_c690e704,finqa,AMT/2010/page_113.pdf-2,what is the percentage change in the intrinsic value of stock options from 2007 to 2008?,"american tower corporation and subsidiaries notes to consolidated financial statements assessments in each of the tax jurisdictions resulting from these examinations . the company believes that adequate provisions have been made for income taxes for all periods through december 31 , 2010 . 12 . stoc",directional_change,increased|decreased|roughly_unchanged|insufficient_data,decreased,committed,,,,,
hqa_FQ_c6a7da2a,finqa,EMN/2006/page_110.pdf-2,what is the percent change in expected dividend yield between 2005 and 2006?,eastman notes to the audited consolidated financial statements stock option awards option awards are granted to non-employee directors on an annual basis and to employees who meet certain eligibility requirements . a single annual option grant is usually awarded to eligible employees in the fourth q,directional_change,increased|decreased|roughly_unchanged|insufficient_data,decreased,committed,,,,,
hqa_FQ_c6c7d146_masked,finqa,JPM/2016/page_140.pdf-1,based on the review of the net derivative receivables for the periods what was the ratio of the foreign exchange in 2016 to 2015,"management 2019s discussion and analysis 102 jpmorgan chase & co./2016 annual report derivative contracts in the normal course of business , the firm uses derivative instruments predominantly for market-making activities . derivatives enable customers to manage exposures to fluctuations in interest ",directional_change,increased|decreased|roughly_unchanged|insufficient_data,insufficient_data,noncommitted,,,,,CONSTRUCTED - verify the masked evidence really cannot answer the question
hqa_FQ_c6ee2adb,finqa,AAPL/2012/page_38.pdf-4,what was the percentage change in the annual operating cash flow between 2010 and 2011?,"35% ( 35 % ) due primarily to certain undistributed foreign earnings for which no u.s . taxes are provided because such earnings are intended to be indefinitely reinvested outside the u.s . as of september 29 , 2012 , the company had deferred tax assets arising from deductible temporary differences ",directional_change,increased|decreased|roughly_unchanged|insufficient_data,increased,committed,,,,,
hqa_FQ_c868faac,finqa,VNO/2011/page_177.pdf-1,what was the percentage change in the redeemable noncontrolling interests from 2009 to 2010,vornado realty trust notes to consolidated financial statements ( continued ) 10 . redeemable noncontrolling interests - continued redeemable noncontrolling interests on our consolidated balance sheets are recorded at the greater of their carrying amount or redemption value at the end of each report,directional_change,increased|decreased|roughly_unchanged|insufficient_data,increased,committed,,,,,
hqa_FQ_c8e645cc,finqa,ETR/2013/page_28.pdf-2,what is the percentage change in net debt to net capital excluding securitization bonds from 2012 to 2013?,human capital management strategic imperative entergy engaged in a strategic imperative intended to optimize the organization through a process known as human capital management . in july 2013 management completed a comprehensive review of entergy 2019s organization design and processes . this effor,directional_change,increased|decreased|roughly_unchanged|insufficient_data,decreased,committed,,,,,
hqa_FQ_c93c3866,finqa,JKHY/2009/page_28.pdf-4,what was the percentage change in the company 2019s cash and cash equivalents from june 302008 to 2009,"26 | 2009 annual report in fiscal 2008 , revenues in the credit union systems and services business segment increased 14% ( 14 % ) from fiscal 2007 . all revenue components within the segment experienced growth during fiscal 2008 . license revenue generated the largest dollar growth in revenue as ep",directional_change,increased|decreased|roughly_unchanged|insufficient_data,increased,committed,,,,,
hqa_FQ_c9594c45_masked,finqa,ECL/2017/page_95.pdf-3,what is the percentage change in the balance of gross liability for unrecognized tax benefits from 2015 to 2016?,"the company 2019s 2017 reported tax rate includes $ 160.9 million of net tax benefits associated with the tax act , $ 6.2 million of net tax benefits on special gains and charges , and net tax benefits of $ 25.3 million associated with discrete tax items . in connection with the company 2019s initia",directional_change,increased|decreased|roughly_unchanged|insufficient_data,insufficient_data,noncommitted,,,,,CONSTRUCTED - verify the masked evidence really cannot answer the question
hqa_FQ_cb2951cf_masked,finqa,GPN/2017/page_88.pdf-2,what was the net change in the valuation allowance in thousands between 2014 and 2015?,"a valuation allowance is provided against deferred tax assets when it is more likely than not that some portion or all of the deferred tax assets will not be realized . changes to our valuation allowance during the year ended december 31 , 2017 , the 2016 fiscal transition period and the years ended",directional_change,increased|decreased|roughly_unchanged|insufficient_data,insufficient_data,noncommitted,,,,,CONSTRUCTED - verify the masked evidence really cannot answer the question
hqa_FQ_cb42aedc,finqa,C/2016/page_207.pdf-2,what was the percent of the change in the 8 total brokerage payable from 2015 to 2016,"12 . brokerage receivables and brokerage payables citi has receivables and payables for financial instruments sold to and purchased from brokers , dealers and customers , which arise in the ordinary course of business . citi is exposed to risk of loss from the inability of brokers , dealers or custo",directional_change,increased|decreased|roughly_unchanged|insufficient_data,increased,committed,,,,,
hqa_FQ_cb752139,finqa,STT/2006/page_92.pdf-2,what is the percentage change in the balance of indemnified securities financing from 2005 to 2006?,"state street bank issuances : state street bank currently has authority to issue up to an aggregate of $ 1 billion of subordinated fixed-rate , floating-rate or zero-coupon bank notes with a maturity of five to fifteen years . with respect to the 5.25% ( 5.25 % ) subordinated bank notes due 2018 , s",directional_change,increased|decreased|roughly_unchanged|insufficient_data,increased,committed,,,,,
hqa_FQ_cbeecf83,finqa,IPG/2014/page_36.pdf-1,what is the net change in cash for the 2014?,"management 2019s discussion and analysis of financial condition and results of operations 2013 ( continued ) ( amounts in millions , except per share amounts ) corporate and other expenses increased slightly during 2013 by $ 3.5 to $ 140.8 compared to 2012 , primarily due to an increase in salaries ",directional_change,increased|decreased|roughly_unchanged|insufficient_data,increased,committed,,,,,
hqa_FQ_cbf85489,finqa,UNP/2012/page_30.pdf-3,what was the change in other income from 2011 to 2012 in millions?,"maintenance and contract expenses incurred by our subsidiaries for external transportation services ) ; materials used to maintain the railroad 2019s lines , structures , and equipment ; costs of operating facilities jointly used by uprr and other railroads ; transportation and lodging for train cre",directional_change,increased|decreased|roughly_unchanged|insufficient_data,decreased,committed,,,,,
hqa_FQ_cc876d56,finqa,HOLX/2009/page_141.pdf-1,what is the net change in the equity investments in non-publicly traded securities from 2008 to 2009?,"table of contents hologic , inc . notes to consolidated financial statements ( continued ) ( in thousands , except per share data ) as of september 26 , 2009 , the company 2019s financial assets that are re-measured at fair value on a recurring basis consisted of $ 313 in money market mutual funds t",directional_change,increased|decreased|roughly_unchanged|insufficient_data,decreased,committed,,,,,
hqa_FQ_ccc2f20b,finqa,PNC/2008/page_62.pdf-1,what was the change in the expected long-term return on plan assets for determining net periodic pension cost in 2008 compared to 2007?,"the following were issued in 2007 : 2022 sfas 141 ( r ) , 201cbusiness combinations 201d 2022 sfas 160 , 201caccounting and reporting of noncontrolling interests in consolidated financial statements , an amendment of arb no . 51 201d 2022 sec staff accounting bulletin no . 109 2022 fin 46 ( r ) 7 , ",directional_change,increased|decreased|roughly_unchanged|insufficient_data,roughly_unchanged,noncommitted,,,,,
hqa_FQ_cccdd70f,finqa,STT/2012/page_42.pdf-3,what is the percent change in state street corporation's cumulative total shareholder return on common stock between 2008 and 2009?,shareholder return performance presentation the graph presented below compares the cumulative total shareholder return on state street's common stock to the cumulative total return of the s&p 500 index and the s&p financial index over a five-year period . the cumulative total shareholder return assu,directional_change,increased|decreased|roughly_unchanged|insufficient_data,increased,committed,,,,,
hqa_FQ_cdc17c89,finqa,AAL/2016/page_37.pdf-1,what was the net change in airliner count during 2016?,"table of contents item 2 . properties flight equipment and fleet renewal as of december 31 , 2016 , american operated a mainline fleet of 930 aircraft . in 2016 , we continued our extensive fleet renewal program , which has provided us with the youngest fleet of the major u.s . network carriers . du",directional_change,increased|decreased|roughly_unchanged|insufficient_data,decreased,committed,,,,,
hqa_FQ_cdce3c33_masked,finqa,STT/2013/page_175.pdf-3,what is the percentage change in the balance related to stable value protection from 2012 to 2013?,"state street corporation notes to consolidated financial statements ( continued ) with respect to the 5.25% ( 5.25 % ) subordinated bank notes due 2018 , state street bank is required to make semi- annual interest payments on the outstanding principal balance of the notes on april 15 and october 15 ",directional_change,increased|decreased|roughly_unchanged|insufficient_data,insufficient_data,noncommitted,,,,,CONSTRUCTED - verify the masked evidence really cannot answer the question
hqa_FQ_ce299ef1_masked,finqa,ADI/2019/page_77.pdf-2,what is the growth rate in the r&d in 2019?,"expected term 2014 the company uses historical employee exercise and option expiration data to estimate the expected term assumption for the black-scholes grant-date valuation . the company believes that this historical data is currently the best estimate of the expected term of a new option , and t",directional_change,increased|decreased|roughly_unchanged|insufficient_data,insufficient_data,noncommitted,,,,,CONSTRUCTED - verify the masked evidence really cannot answer the question
hqa_FQ_ce3f21c1_masked,finqa,ZBH/2008/page_70.pdf-1,what is the percent change in information technology integration from 2006 to 2007?,"december 31 , 2008 , 2007 and 2006 , included ( in millions ) : . | 2008 | 2007 | 2006 gain on disposition adjustment or impairment of acquired assets and obligations | $ -9.0 ( 9.0 ) | $ -1.2 ( 1.2 ) | $ -19.2 ( 19.2 ) consulting and professional fees | 10.1 | 1.0 | 8.8 employee severance and reten",directional_change,increased|decreased|roughly_unchanged|insufficient_data,insufficient_data,noncommitted,,,,,CONSTRUCTED - verify the masked evidence really cannot answer the question
hqa_FQ_ce4d60de_masked,finqa,AES/2002/page_117.pdf-1,what was the percentage change in revenues for investments in 50% ( 50 % ) or less owned investments accounted for using the equity method between 2001 and 2002?,"affiliated company . the loss recorded on the sale was approximately $ 14 million and is recorded as a loss on sale of assets and asset impairment expenses in the accompanying consolidated statements of operations . in the second quarter of 2002 , the company recorded an impairment charge of approxi",directional_change,increased|decreased|roughly_unchanged|insufficient_data,insufficient_data,noncommitted,,,,,CONSTRUCTED - verify the masked evidence really cannot answer the question
hqa_FQ_cf6bdd49,finqa,PPG/2006/page_21.pdf-4,what was the percentage change in earnings per share from 2005 to 2006?,"equity compensation plan information the plan documents for the plans described in the footnotes below are included as exhibits to this form 10-k , and are incorporated herein by reference in their entirety . the following table provides information as of dec . 31 , 2006 regarding the number of shar",directional_change,increased|decreased|roughly_unchanged|insufficient_data,increased,committed,,,,,
hqa_FQ_cfd1a0c3,finqa,RSG/2008/page_131.pdf-1,in 2008 what was the change in the gross unrecognized tax benefits in millions,"in july 2006 , the fasb issued fin 48 which clarifies the accounting for income taxes by prescribing the minimum recognition threshold a tax position is required to meet before being recognized in the financial statements . fin 48 also provides guidance on derecognition , measurement , classificatio",directional_change,increased|decreased|roughly_unchanged|insufficient_data,increased,committed,,,,,
hqa_FQ_cfddce59,finqa,ZBH/2007/page_81.pdf-3,"what is the change in weighted average shares outstanding for diluted net earnings per share between 2005 and 2006 , in millions?","our tax returns are currently under examination in various foreign jurisdictions . the major foreign tax jurisdictions under examination include germany , italy and switzerland . it is reasonably possible that such audits will be resolved in the next twelve months , but we do not anticipate that the",directional_change,increased|decreased|roughly_unchanged|insufficient_data,decreased,committed,,,,,
hqa_FQ_d04445bc,finqa,VNO/2010/page_173.pdf-1,what was the percentage change in the redeemable non controlling interests balance at december 31 2009 from 2008,vornado realty trust notes to consolidated financial statements ( continued ) 10 . redeemable noncontrolling interests - continued redeemable noncontrolling interests on our consolidated balance sheets are recorded at the greater of their carrying amount or redemption value at the end of each report,directional_change,increased|decreased|roughly_unchanged|insufficient_data,increased,committed,,,,,
hqa_FQ_d047b2ae,finqa,GS/2013/page_193.pdf-1,what was the percentage change in tier 1 capital between 2012 and 2013?,"notes to consolidated financial statements the table below presents information regarding group inc . 2019s regulatory capital ratios and tier 1 leverage ratio under basel i , as implemented by the federal reserve board . the information as of december 2013 reflects the revised market risk regulator",directional_change,increased|decreased|roughly_unchanged|insufficient_data,increased,committed,,,,,
hqa_FQ_d09d538d,finqa,ZBH/2009/page_88.pdf-2,what is the percent change in weighted average shares outstanding for basic net earnings per share between 2008 and 2009?,"14 . capital stock and earnings per share we are authorized to issue 250 million shares of preferred stock , none of which were issued or outstanding as of december 31 , 2009 . the numerator for both basic and diluted earnings per share is net earnings available to common stockholders . the denomina",directional_change,increased|decreased|roughly_unchanged|insufficient_data,decreased,committed,,,,,
hqa_FQ_d2fa4858,finqa,C/2009/page_200.pdf-2,what was the percent of the change in the aggregate annual maturities of long-term debt obligations for the citigroup parent company from 2010 to 2011,"cgmhi also has substantial borrowing arrangements consisting of facilities that cgmhi has been advised are available , but where no contractual lending obligation exists . these arrangements are reviewed on an ongoing basis to ensure flexibility in meeting cgmhi 2019s short-term requirements . the c",directional_change,increased|decreased|roughly_unchanged|insufficient_data,increased,committed,,,,,
hqa_FQ_d304c22c,finqa,FIS/2006/page_88.pdf-1,"what was the change , in thousands , of principal maturities due in 2007 after the the debt refinancing completed on january 18 , 2007?","through the certegy merger , the company has an obligation to service $ 200 million ( aggregate principal amount ) of unsecured 4.75% ( 4.75 % ) fixed-rate notes due in 2008 . the notes were recorded in purchase accounting at a discount of $ 5.7 million , which is being amortized over the term of th",directional_change,increased|decreased|roughly_unchanged|insufficient_data,decreased,committed,,,,,
hqa_FQ_d32f7aa4,finqa,JPM/2010/page_236.pdf-1,what was the percentage change in the accretable yield activity for the firm 2019s pci consumer loans in 2010,"notes to consolidated financial statements 236 jpmorgan chase & co./2010 annual report the table below sets forth the accretable yield activity for the firm 2019s pci consumer loans for the years ended december 31 , 2010 , 2009 and . year ended december 31 , ( in millions except ratios ) | year ende",directional_change,increased|decreased|roughly_unchanged|insufficient_data,decreased,committed,,,,,
hqa_FQ_d3e05242,finqa,BLL/2010/page_33.pdf-4,"what was the percentage change in net sales metal beverage packaging , europe between 2008 to 2009?","page 20 of 100 segment sales were $ 100.7 million lower in 2009 than in 2008 , primarily as a result of the impact of lower aluminum prices partially offset by an increase in sales volumes . the higher sales volumes in 2009 were the result of incremental volumes from the four plants purchased from a",directional_change,increased|decreased|roughly_unchanged|insufficient_data,decreased,committed,,,,,
hqa_FQ_d4477b3b,finqa,UNP/2009/page_25.pdf-3,what was the percentage change in free cash flow from 2007 to 2008?,"2022 asset utilization 2013 in response to economic conditions and lower revenue in 2009 , we implemented productivity initiatives to improve efficiency and reduce costs , in addition to adjusting our resources to reflect lower demand . although varying throughout the year , our resource reductions ",directional_change,increased|decreased|roughly_unchanged|insufficient_data,increased,committed,,,,,
hqa_FQ_d57cf458,finqa,MAS/2012/page_92.pdf-1,what was the percent of the change in the company 2019s warranty liability from 2011 to 2012,"masco corporation notes to consolidated financial statements ( continued ) t . other commitments and contingencies litigation . we are subject to claims , charges , litigation and other proceedings in the ordinary course of our business , including those arising from or related to contractual matter",directional_change,increased|decreased|roughly_unchanged|insufficient_data,increased,committed,,,,,
hqa_FQ_d6606d7f,finqa,HII/2011/page_90.pdf-1,what is the net change in employee compensation during 2011?,"hii expects to incur higher costs to complete ships currently under construction in avondale due to anticipated reductions in productivity . as a result , in the second quarter of 2010 , the company increased the estimates to complete lpd-23 and lpd-25 by approximately $ 210 million . the company re",directional_change,increased|decreased|roughly_unchanged|insufficient_data,increased,committed,,,,,
hqa_FQ_d6e1aa61,finqa,STT/2007/page_65.pdf-1,what was the percent change in cross-border outstandings in the uk between 2006 and 2007?,cross-border outstandings to countries in which we do business which amounted to at least 1% ( 1 % ) of our consolidated total assets were as follows as of december 31 : 2007 2006 2005 ( in millions ) . ( in millions ) | 2007 | 2006 | 2005 united kingdom | $ 5951 | $ 5531 | $ 2696 canada | 4565 | 20,directional_change,increased|decreased|roughly_unchanged|insufficient_data,increased,committed,,,,,
hqa_FQ_d7c223c6,finqa,MRO/2006/page_92.pdf-1,what was the percentage change in total stockholders' equity due to the adoption of fas 158?,"the following table illustrates the incremental effect of applying sfas no . 158 on individual line items of the balance sheet as of december 31 , 2006 . before after application of application of ( in millions ) sfas no . 158 adjustments sfas no . 158 . ( in millions ) | before application of sfas ",directional_change,increased|decreased|roughly_unchanged|insufficient_data,decreased,committed,,,,,
hqa_FQ_d85e8662,finqa,RE/2015/page_110.pdf-4,what is the change in the reinsurance receivables and premium receivables from 2014 to 2015 in thousands,"certain reclassifications and format changes have been made to prior years 2019 amounts to conform to the 2015 presentation . b . investments . fixed maturity and equity security investments available for sale , at market value , reflect unrealized appreciation and depreciation , as a result of temp",directional_change,increased|decreased|roughly_unchanged|insufficient_data,decreased,committed,,,,,
hqa_FQ_d86d3c65,finqa,ETR/2013/page_15.pdf-3,what is the growth rate in net revenue for entergy wholesale commodities in 2013?,the grand gulf recovery variance is primarily due to increased recovery of higher costs resulting from the grand gulf uprate . the volume/weather variance is primarily due to the effects of more favorable weather on residential sales and an increase in industrial sales primarily due to growth in the,directional_change,increased|decreased|roughly_unchanged|insufficient_data,decreased,committed,,,,,
hqa_FQ_d8c4c858,finqa,RE/2012/page_123.pdf-1,what is the net change in reserve for future policy benefits during 2012?,"at december 31 , 2012 , the gross reserves for a&e losses were comprised of $ 138449 thousand representing case reserves reported by ceding companies , $ 90637 thousand representing additional case reserves established by the company on assumed reinsurance claims , $ 36667 thousand representing case",directional_change,increased|decreased|roughly_unchanged|insufficient_data,decreased,committed,,,,,
hqa_FQ_d99d6e5a,finqa,RE/2010/page_138.pdf-3,what is the percent change of the beginning and ending amount of unrecognized tax benefits in 2009?,"a reconciliation of the beginning and ending amount of unrecognized tax benefits , for the periods indicated , is as follows: . ( dollars in thousands ) | 2010 | 2009 | 2008 balance at january 1 | $ 29010 | $ 34366 | $ 29132 additions based on tax positions related to the current year | 7119 | 6997 ",directional_change,increased|decreased|roughly_unchanged|insufficient_data,decreased,committed,,,,,
hqa_FQ_db9a1707,finqa,ETR/2011/page_316.pdf-1,what was the percent of the change in the net revenue from 2010 to 2011,"entergy louisiana , llc and subsidiaries management 2019s financial discussion and analysis plan to spin off the utility 2019s transmission business see the 201cplan to spin off the utility 2019s transmission business 201d section of entergy corporation and subsidiaries management 2019s financial di",directional_change,increased|decreased|roughly_unchanged|insufficient_data,decreased,committed,,,,,
hqa_FQ_dbe85002,finqa,CNC/2006/page_37.pdf-3,what was the percentage change in year end allowance for uncollectible accounts between 2005 and 2006?,"goodwill is reviewed annually during the fourth quarter for impairment . in addition , the company performs an impairment analysis of other intangible assets based on the occurrence of other factors . such factors include , but are not limited to , significant changes in membership , state funding ,",directional_change,increased|decreased|roughly_unchanged|insufficient_data,decreased,committed,,,,,
hqa_FQ_dc32fb1c,finqa,ORLY/2018/page_30.pdf-3,what was the five year change in value of the o 2019reilly automotive inc . stock?,"stock performance graph : the graph below shows the cumulative total shareholder return assuming the investment of $ 100 , on december 31 , 2013 , and the reinvestment of dividends thereafter , if any , in the company 2019s common stock versus the standard and poor 2019s s&p 500 retail index ( 201cs",directional_change,increased|decreased|roughly_unchanged|insufficient_data,increased,committed,,,,,
hqa_FQ_dccbce09,finqa,GPN/2015/page_83.pdf-1,what is the net change in the balance of unvested shares from 2013 to 2015?,"the performance units granted to certain executives in fiscal 2014 were based on a one-year performance period . after the compensation committee certified the performance results , 25% ( 25 % ) of the performance units converted to unrestricted shares . the remaining 75% ( 75 % ) converted to restr",directional_change,increased|decreased|roughly_unchanged|insufficient_data,decreased,committed,,,,,
hqa_FQ_dd5ad52b,finqa,CE/2012/page_16.pdf-2,what is the percentage change in the cash dividends received by the company in 2011 compare to 2010?,"polyplastics co. , ltd . polyplastics is a leading supplier of engineered plastics in the asia-pacific region and is a venture between daicel chemical industries ltd. , japan ( 55% ( 55 % ) ) and ticona llc ( 45% ( 45 % ) ownership and a wholly-owned subsidiary of cna holdings llc ) . polyplastics i",directional_change,increased|decreased|roughly_unchanged|insufficient_data,increased,committed,,,,,
hqa_FQ_dd9261f6,finqa,REGN/2010/page_72.pdf-2,what was the percentage change in research and development costs related to arcalyst ae from 2008 to 2009?,"we prepare estimates of research and development costs for projects in clinical development , which include direct costs and allocations of certain costs such as indirect labor , non-cash compensation expense , and manufacturing and other costs related to activities that benefit multiple projects , ",directional_change,increased|decreased|roughly_unchanged|insufficient_data,increased,committed,,,,,
hqa_FQ_dda038d0_masked,finqa,CE/2014/page_16.pdf-4,what is the growth rate in research and development expenses from 2012 to 2013?,"fortron industries llc . fortron is a leading global producer of pps , sold under the fortron ae brand , which is used in a wide variety of automotive and other applications , especially those requiring heat and/or chemical resistance . fortron's facility is located in wilmington , north carolina . ",directional_change,increased|decreased|roughly_unchanged|insufficient_data,insufficient_data,noncommitted,,,,,CONSTRUCTED - verify the masked evidence really cannot answer the question
hqa_FQ_dda2cae4,finqa,MRO/2003/page_65.pdf-3,what was the change in the effective tax rate between 2003 and 2002?,"expenditures and acquisitions of leased properties are funded by the original contributor of the assets , but no change in ownership interest may result from these contributions . an excess of ashland funded improvements over marathon funded improvements results in a net gain and an excess of marath",directional_change,increased|decreased|roughly_unchanged|insufficient_data,decreased,committed,,,,,
hqa_FQ_ddcb3cb4,finqa,HII/2011/page_114.pdf-1,what is the growth rate in the weighted-average grant date fair value of stock options from 2009 to 2010?,"tax benefits recognized for stock-based compensation during the years ended december 31 , 2011 , 2010 and 2009 , were $ 16 million , $ 6 million and $ 5 million , respectively . the amount of northrop grumman shares issued before the spin-off to satisfy stock-based compensation awards are recorded b",directional_change,increased|decreased|roughly_unchanged|insufficient_data,increased,committed,,,,,
hqa_FQ_ddedb98d,finqa,RE/2006/page_31.pdf-2,what is the growth rate in net reserves in 2005?,"development of prior year incurred losses was $ 135.6 million unfavorable in 2006 , $ 26.4 million favorable in 2005 and $ 249.4 million unfavorable in 2004 . such losses were the result of the reserve development noted above , as well as inher- ent uncertainty in establishing loss and lae reserves ",directional_change,increased|decreased|roughly_unchanged|insufficient_data,decreased,committed,,,,,
hqa_FQ_ddf77576_masked,finqa,BLL/2007/page_87.pdf-1,what was the percentage change in accumulated other comprehensive earnings ( loss ) between 2005 and 2006?\\n,"page 71 of 94 notes to consolidated financial statements ball corporation and subsidiaries 16 . shareholders 2019 equity ( continued ) on october 24 , 2007 , ball announced the discontinuance of the company 2019s discount on the reinvestment of dividends associated with the company 2019s dividend re",directional_change,increased|decreased|roughly_unchanged|insufficient_data,insufficient_data,noncommitted,,,,,CONSTRUCTED - verify the masked evidence really cannot answer the question
hqa_FQ_de072e16,finqa,PNC/2009/page_31.pdf-4,"in percentage points , what was the change in the average federal funds rate from 2009 compared with 2008?",consolidated income statement review net income for 2009 was $ 2.4 billion and for 2008 was $ 914 million . amounts for 2009 include operating results of national city and the fourth quarter impact of a $ 687 million after-tax gain related to blackrock 2019s acquisition of bgi . increases in income ,directional_change,increased|decreased|roughly_unchanged|insufficient_data,decreased,committed,,,,,
hqa_FQ_df7f0bda_masked,finqa,GS/2013/page_47.pdf-2,what is the percentage change in staff number in 2013?,"management 2019s discussion and analysis net interest income 2013 versus 2012 . net interest income on the consolidated statements of earnings was $ 3.39 billion for 2013 , 13% ( 13 % ) lower than 2012 . the decrease compared with 2012 was primarily due to lower average yields on financial instrumen",directional_change,increased|decreased|roughly_unchanged|insufficient_data,insufficient_data,noncommitted,,,,,CONSTRUCTED - verify the masked evidence really cannot answer the question
hqa_FQ_dfa53999,finqa,LMT/2015/page_86.pdf-3,"what was the change in weighted average common shares outstanding for diluted computations from 2014 to 2015 , in millions?","2015 and 2014 was $ 1.5 billion and $ 1.3 billion . the aggregate notional amount of our outstanding foreign currency hedges at december 31 , 2015 and 2014 was $ 4.1 billion and $ 804 million . derivative instruments did not have a material impact on net earnings and comprehensive income during 2015",directional_change,increased|decreased|roughly_unchanged|insufficient_data,decreased,committed,,,,,
hqa_FQ_e030b393_masked,finqa,SNPS/2012/page_64.pdf-1,"what was the net change in thousands of the goodwill and intangible assets balance from october 31 , 2010 to october 31 , 2011?","synopsys , inc . notes to consolidated financial statements 2014continued purchase price allocation . the company allocated the total purchase consideration of $ 316.6 million ( including $ 4.6 million related to stock awards assumed ) to the assets acquired and liabilities assumed based on their re",directional_change,increased|decreased|roughly_unchanged|insufficient_data,insufficient_data,noncommitted,,,,,CONSTRUCTED - verify the masked evidence really cannot answer the question
hqa_FQ_e069c92a,finqa,STT/2014/page_99.pdf-3,what is the growth rate in the deposits of clients from 2012 to 2013?,"management 2019s discussion and analysis of financial condition and results of operations ( continued ) funding deposits : we provide products and services including custody , accounting , administration , daily pricing , foreign exchange services , cash management , financial asset management , sec",directional_change,increased|decreased|roughly_unchanged|insufficient_data,increased,committed,,,,,
hqa_FQ_e0cc2e1e,finqa,AMT/2004/page_76.pdf-2,what is the percentage change in 401 ( k ) contributed amounts from 2002 to 2003?,"american tower corporation and subsidiaries notes to consolidated financial statements 2014 ( continued ) stock-based compensation 2014the company complies with the provisions of sfas no . 148 , 201caccounting for stock-based compensation 2014transition and disclosure 2014an amendment of sfas no . 1",directional_change,increased|decreased|roughly_unchanged|insufficient_data,decreased,committed,,,,,
hqa_FQ_e120d5db,finqa,LMT/2013/page_81.pdf-2,what was the change in millions of total long-term debt net between 2012 and 2013?,"as of december 31 , 2013 and 2012 , our liabilities associated with unrecognized tax benefits are not material . we and our subsidiaries file income tax returns in the u.s . federal jurisdiction and various foreign jurisdictions . with few exceptions , the statute of limitations is no longer open fo",directional_change,increased|decreased|roughly_unchanged|insufficient_data,decreased,committed,,,,,
hqa_FQ_e2999f9a,finqa,ETR/2016/page_24.pdf-2,what is the growth rate in net revenue in 2015?,"entergy corporation and subsidiaries management 2019s financial discussion and analysis the volume/weather variance is primarily due to an increase of 1402 gwh , or 1% ( 1 % ) , in billed electricity usage , including an increase in industrial usage and the effect of more favorable weather . the inc",directional_change,increased|decreased|roughly_unchanged|insufficient_data,decreased,committed,,,,,
hqa_FQ_e2bd1b30,finqa,DISH/2002/page_94.pdf-2,what is the expected growth rate in rent expense for operating leases in 2003?,echostar communications corporation notes to consolidated financial statements - continued closing price of the class a common stock on the last business day of each calendar quarter in which such shares of class a common stock are deemed sold to an employee under the espp . the espp shall terminate,directional_change,increased|decreased|roughly_unchanged|insufficient_data,increased,committed,,,,,
hqa_FQ_e2da8127,finqa,AON/2010/page_100.pdf-1,what is the net change in unrecognized tax in 2010?,"remitted to the u.s . due to foreign tax credits and exclusions that may become available at the time of remittance . at december 31 , 2010 , aon had domestic federal operating loss carryforwards of $ 56 million that will expire at various dates from 2011 to 2024 , state operating loss carryforwards",directional_change,increased|decreased|roughly_unchanged|insufficient_data,increased,committed,,,,,
hqa_FQ_e38ed7b5_masked,finqa,LMT/2015/page_106.pdf-3,what is the change in millions of qualified defined benefit pension plans expected to be paid out between 2016 to 2017?,"contributions and expected benefit payments the funding of our qualified defined benefit pension plans is determined in accordance with erisa , as amended by the ppa , and in a manner consistent with cas and internal revenue code rules . in 2015 , we made $ 5 million in contributions to our new siko",directional_change,increased|decreased|roughly_unchanged|insufficient_data,insufficient_data,noncommitted,,,,,CONSTRUCTED - verify the masked evidence really cannot answer the question
hqa_FQ_e39ef3c6,finqa,ETR/2016/page_24.pdf-4,what is the net change in net revenue during 2015?,"entergy corporation and subsidiaries management 2019s financial discussion and analysis the volume/weather variance is primarily due to an increase of 1402 gwh , or 1% ( 1 % ) , in billed electricity usage , including an increase in industrial usage and the effect of more favorable weather . the inc",directional_change,increased|decreased|roughly_unchanged|insufficient_data,decreased,committed,,,,,
hqa_FQ_e427812f,finqa,ECL/2017/page_96.pdf-1,what is the percentage change in the r&d expenses from 2016 to 2017?,"13 . rentals and leases the company leases sales and administrative office facilities , distribution centers , research and manufacturing facilities , as well as vehicles and other equipment under operating leases . total rental expense under the company 2019s operating leases was $ 239 million in 2",directional_change,increased|decreased|roughly_unchanged|insufficient_data,increased,committed,,,,,
hqa_FQ_e4bb9815,finqa,AMT/2008/page_105.pdf-1,what is the growth rate in the price of espp shares purchased from 2007 to 2008?,"american tower corporation and subsidiaries notes to consolidated financial statements 2014 ( continued ) from december 1 through may 31 of each year . during the 2008 , 2007 and 2006 offering periods employees purchased 55764 , 48886 and 53210 shares , respectively , at weighted average prices per ",directional_change,increased|decreased|roughly_unchanged|insufficient_data,decreased,committed,,,,,
hqa_FQ_e4bdfcf6,finqa,ETR/2016/page_18.pdf-2,what is the net change in net revenue during 2016?,"entergy corporation and subsidiaries management 2019s financial discussion and analysis combination . consistent with the terms of the stipulated settlement in the business combination proceeding , electric customers of entergy louisiana will realize customer credits associated with the business com",directional_change,increased|decreased|roughly_unchanged|insufficient_data,decreased,committed,,,,,
hqa_FQ_e59a4f4f_masked,finqa,ETR/2016/page_315.pdf-2,"what is the net change in net revenue during 2016 for entergy arkansas , inc.?","entergy arkansas , inc . and subsidiaries management 2019s financial discussion and analysis results of operations net income 2016 compared to 2015 net income increased $ 92.9 million primarily due to higher net revenue and lower other operation and maintenance expenses , partially offset by a highe",directional_change,increased|decreased|roughly_unchanged|insufficient_data,insufficient_data,noncommitted,,,,,CONSTRUCTED - verify the masked evidence really cannot answer the question
hqa_FQ_e5b7acca,finqa,PNC/2012/page_98.pdf-1,"for 2012 quarterly residential mortgage repurchase claims , what was the change in millions between originations from first and second quarter of 2006?","indemnification and repurchase claims are typically settled on an individual loan basis through make-whole payments or loan repurchases ; however , on occasion we may negotiate pooled settlements with investors . in connection with pooled settlements , we typically do not repurchase loans and the co",directional_change,increased|decreased|roughly_unchanged|insufficient_data,increased,committed,,,,,
hqa_FQ_e5bed551,finqa,ZBH/2008/page_86.pdf-4,what was the percentage change in total rent expense from 2007 to 2008?,"depreciation and amortization included in operating segment profit for the years ended december 31 , 2008 , 2007 and 2006 was as follows ( in millions ) : . | 2008 | 2007 | 2006 americas | $ 78.5 | $ 66.9 | $ 56.7 europe | 57.0 | 60.7 | 46.5 asia pacific | 25.6 | 22.7 | 18.7 global operations and co",directional_change,increased|decreased|roughly_unchanged|insufficient_data,increased,committed,,,,,
hqa_FQ_e6e1f02f,finqa,DG/2008/page_73.pdf-4,"what is the percentage change in held-to-maturity securities at cost and at fair value as of january 30 , 2009?","the contractual maturities of held-to-maturity securities as of january 30 , 2009 were in excess of three years and were $ 31.4 million at cost and $ 28.9 million at fair value , respectively . for the successor year ended january 30 , 2009 and period ended february 1 , 2008 , and the predecessor pe",directional_change,increased|decreased|roughly_unchanged|insufficient_data,decreased,committed,,,,,
hqa_FQ_e724b2d0_masked,finqa,STT/2009/page_122.pdf-1,what is the percent change in the amount kept as collateral between 2008 and 2009?,"note 10 . commitments and contingencies credit-related commitments and contingencies : credit-related financial instruments , which are off-balance sheet , include indemnified securities financing , unfunded commitments to extend credit or purchase assets , and standby letters of credit . the potent",directional_change,increased|decreased|roughly_unchanged|insufficient_data,insufficient_data,noncommitted,,,,,CONSTRUCTED - verify the masked evidence really cannot answer the question
hqa_FQ_e7c2edef,finqa,HST/2018/page_160.pdf-1,what was the net change in millions in the accumulated depreciation and amortization of real estate assets from 2015 to 2016?,"schedule iii page 6 of 6 host hotels & resorts , inc. , and subsidiaries host hotels & resorts , l.p. , and subsidiaries real estate and accumulated depreciation december 31 , 2018 ( in millions ) ( b ) the change in accumulated depreciation and amortization of real estate assets for the fiscal year",directional_change,increased|decreased|roughly_unchanged|insufficient_data,increased,committed,,,,,
hqa_FQ_e7cf0c49,finqa,ETR/2008/page_267.pdf-1,what is the percent change in net revenue between 2006 and 2007?,"entergy arkansas , inc . management's financial discussion and analysis gross operating revenues and fuel and purchased power expenses gross operating revenues increased primarily due to : an increase of $ 114 million in gross wholesale revenue due to an increase in the average price of energy avail",directional_change,increased|decreased|roughly_unchanged|insufficient_data,decreased,committed,,,,,
hqa_FQ_e7de2d94,finqa,CNC/2005/page_39.pdf-1,what was the percentage change in the allowance for uncollectible accounts from year end 2003 to 2004?,"goodwill is reviewed annually during the fourth quarter for impairment . in addition , the company performs an impairment analysis of other intangible assets based on the occurrence of other factors . such factors include , but are not limited to , signifi- cant changes in membership , state funding",directional_change,increased|decreased|roughly_unchanged|insufficient_data,decreased,committed,,,,,
hqa_FQ_e899a4df,finqa,UNP/2012/page_74.pdf-2,what was the percentage change in equipment rents payable from 2011 to 2012?,"the analysis of our depreciation studies . changes in the estimated service lives of our assets and their related depreciation rates are implemented prospectively . under group depreciation , the historical cost ( net of salvage ) of depreciable property that is retired or replaced in the ordinary c",directional_change,increased|decreased|roughly_unchanged|insufficient_data,increased,committed,,,,,
hqa_FQ_e98c5e1e,finqa,ETR/2011/page_358.pdf-1,what is the growth rate in net revenue from 2010 to 2011?,"entergy new orleans , inc . management 2019s financial discussion and analysis plan to spin off the utility 2019s transmission business see the 201cplan to spin off the utility 2019s transmission business 201d section of entergy corporation and subsidiaries management 2019s financial discussion and ",directional_change,increased|decreased|roughly_unchanged|insufficient_data,decreased,committed,,,,,
hqa_FQ_e9d8aa67,finqa,HIG/2014/page_126.pdf-2,what is the growth rate in balance of u.s . life insurance subsidiaries from 2013 to 2014?,the agencies consider many factors in determining the final rating of an insurance company . one consideration is the relative level of statutory surplus necessary to support the business written . statutory surplus represents the capital of the insurance company reported in accordance with accounti,directional_change,increased|decreased|roughly_unchanged|insufficient_data,increased,committed,,,,,
hqa_FQ_ea29a6e8_masked,finqa,AON/2015/page_77.pdf-3,in 2015 what was the percentage change in the uncertain tax positions,uncertain tax positions the following is a reconciliation of the company's beginning and ending amount of uncertain tax positions ( in millions ) : . | 2015 | 2014 additions based on tax positions related to the current year | 31 | 31 additions for tax positions of prior years | 53 | 10 reductions f,directional_change,increased|decreased|roughly_unchanged|insufficient_data,insufficient_data,noncommitted,,,,,CONSTRUCTED - verify the masked evidence really cannot answer the question
hqa_FQ_eaf57e36,finqa,ETR/2008/page_376.pdf-2,what is the percent change in net revenue between 2007 and 2008?,"entergy texas , inc . management's financial discussion and analysis net revenue 2008 compared to 2007 net revenue consists of operating revenues net of : 1 ) fuel , fuel-related expenses , and gas purchased for resale , 2 ) purchased power expenses , and 3 ) other regulatory charges . following is ",directional_change,increased|decreased|roughly_unchanged|insufficient_data,decreased,committed,,,,,
hqa_FQ_eb4fd753,finqa,CDW/2015/page_53.pdf-1,what was the percent of the change in days of sales outstanding from 2014 to 2015,"table of contents ( 4 ) the decline in cash flows was driven by the timing of inventory purchases at the end of 2014 versus 2013 . in order to manage our working capital and operating cash needs , we monitor our cash conversion cycle , defined as days of sales outstanding in accounts receivable plus",directional_change,increased|decreased|roughly_unchanged|insufficient_data,increased,committed,,,,,
hqa_FQ_ebbe41a0,finqa,ETR/2016/page_375.pdf-1,"what is the growth rate in net revenue in 2015 for entergy mississippi , inc.?","entergy mississippi , inc . management 2019s financial discussion and analysis the net wholesale revenue variance is primarily due to entergy mississippi 2019s exit from the system agreement in november 2015 . the reserve equalization revenue variance is primarily due to the absence of reserve equal",directional_change,increased|decreased|roughly_unchanged|insufficient_data,decreased,committed,,,,,
hqa_FQ_ebc7617f,finqa,IP/2009/page_72.pdf-1,what was the net change in diluted earnings ( loss ) per common share from continuing operations between 2008 and 2009?,"in april 2009 , the fasb issued additional guidance under asc 820 which provides guidance on estimat- ing the fair value of an asset or liability ( financial or nonfinancial ) when the volume and level of activity for the asset or liability have significantly decreased , and on identifying transacti",directional_change,increased|decreased|roughly_unchanged|insufficient_data,increased,committed,,,,,
hqa_FQ_ec05d679_masked,finqa,RE/2012/page_31.pdf-4,"as of december 31 , 2012 what was the percentage change in net reserves from 2011","the company endeavors to actively engage with every insured account posing significant potential asbestos exposure to mt . mckinley . such engagement can take the form of pursuing a final settlement , negotiation , litigation , or the monitoring of claim activity under settlement in place ( 201csip ",directional_change,increased|decreased|roughly_unchanged|insufficient_data,insufficient_data,noncommitted,,,,,CONSTRUCTED - verify the masked evidence really cannot answer the question
hqa_FQ_ec456e1d,finqa,IP/2007/page_30.pdf-4,what was the percentage change in the net sales in asian papers from 2006 to 2007,customer demand . this compared with 555000 tons of total downtime in 2006 of which 150000 tons related to lack-of-orders . printing papers in millions 2007 2006 2005 . in millions | 2007 | 2006 | 2005 sales | $ 6530 | $ 6700 | $ 6980 operating profit | $ 1101 | $ 636 | $ 434 north american printing,directional_change,increased|decreased|roughly_unchanged|insufficient_data,increased,committed,,,,,
hqa_FQ_ec691e72,finqa,ADI/2019/page_85.pdf-2,what is the expected percentage change in total rental expense under operating leases in 2020 compare to 2019?,"9 . lease commitments the company leases certain land , facilities , equipment and software under various operating leases that expire at various dates through 2057 . the lease agreements frequently include renewal and escalation clauses and require the company to pay taxes , insurance and maintenan",directional_change,increased|decreased|roughly_unchanged|insufficient_data,decreased,committed,,,,,
hqa_FQ_ed170a3b_masked,finqa,GPN/2008/page_88.pdf-1,what is the net change in the balance of unrecognized tax benefits from 2007 to 2008?,"notes to consolidated financial statements 2014 ( continued ) company 2019s financial statements and establishes guidelines for recognition and measurement of a tax position taken or expected to be taken in a tax return . as a result of this adoption , we recorded a $ 1.5 million increase in the lia",directional_change,increased|decreased|roughly_unchanged|insufficient_data,insufficient_data,noncommitted,,,,,CONSTRUCTED - verify the masked evidence really cannot answer the question
hqa_FQ_ee1ee174,finqa,MSI/2007/page_68.pdf-2,what was the percentage change in the operating earnings from 2005 to 2007,"unit shipments increased 49% ( 49 % ) to 217.4 million units in 2006 , compared to 146.0 million units in 2005 . the overall increase was driven by increased unit shipments of products for gsm , cdma and 3g technologies , partially offset by decreased unit shipments of products for iden technology .",directional_change,increased|decreased|roughly_unchanged|insufficient_data,decreased,committed,,,,,
hqa_FQ_ee63cb75,finqa,GS/2014/page_172.pdf-2,what was the percentage change in the total cost of common share repurchases between 2012 and 2013?,"notes to consolidated financial statements guarantees of subsidiaries . group inc . fully and unconditionally guarantees the securities issued by gs finance corp. , a wholly-owned finance subsidiary of the group inc . has guaranteed the payment obligations of goldman , sachs & co . ( gs&co. ) , gs b",directional_change,increased|decreased|roughly_unchanged|insufficient_data,increased,committed,,,,,
hqa_FQ_ee6f94ed,finqa,UNP/2009/page_38.pdf-4,what was the percentage change in cash provided by operating activities from 2007 to 2008?,"have access to liquidity by issuing bonds to public or private investors based on our assessment of the current condition of the credit markets . at december 31 , 2009 , we had a working capital surplus of approximately $ 1.0 billion , which reflects our decision to maintain additional cash reserves",directional_change,increased|decreased|roughly_unchanged|insufficient_data,increased,committed,,,,,
hqa_FQ_ef55c80b,finqa,CME/2010/page_113.pdf-1,based on the summary of the restricted stock and performance shares activity for 2010 what was percentage change in the number of shares outstanding,"the company granted 1020 performance shares . the vesting of these shares is contingent on meeting stated goals over a performance period . beginning with restricted stock grants in september 2010 , dividends are accrued on restricted class a common stock and restricted stock units and are paid once",directional_change,increased|decreased|roughly_unchanged|insufficient_data,increased,committed,,,,,
hqa_FQ_ef8ca35e,finqa,ALXN/2007/page_49.pdf-1,what is the percent change in the investment into alexion pharmaceuticals between 7/02 and 7/03?,"the company 2019s stock performance the following graph compares cumulative total return of the company 2019s common stock with the cumulative total return of ( i ) the nasdaq stock market-united states , and ( ii ) the nasdaq biotechnology index . the graph assumes ( a ) $ 100 was invested on july ",directional_change,increased|decreased|roughly_unchanged|insufficient_data,increased,committed,,,,,
hqa_FQ_efa45e04,finqa,HOLX/2004/page_87.pdf-2,what was the percentage change in rental expense between 2003 and 2004?,"hologic , inc . notes to consolidated financial statements 2014 ( continued ) ( in thousands , except per share data ) future minimum lease payments under all the company 2019s operating leases are approximately as follows: . fiscal years ending | amount september 24 2005 | $ 4848 september 30 2006 ",directional_change,increased|decreased|roughly_unchanged|insufficient_data,decreased,committed,,,,,
hqa_FQ_efd1bf80,finqa,MAS/2012/page_92.pdf-2,what was the percentage change in the company's warranty liability from 2011 to 2012?,"masco corporation notes to consolidated financial statements ( continued ) t . other commitments and contingencies litigation . we are subject to claims , charges , litigation and other proceedings in the ordinary course of our business , including those arising from or related to contractual matter",directional_change,increased|decreased|roughly_unchanged|insufficient_data,increased,committed,,,,,
hqa_FQ_f0339130,finqa,RE/2014/page_125.pdf-1,what is the percentage change in interest expense from 2012 to 2013?,"9 . junior subordinated debt securities payable in accordance with the provisions of the junior subordinated debt securities which were issued on march 29 , 2004 , holdings elected to redeem the $ 329897 thousand of 6.2% ( 6.2 % ) junior subordinated debt securities outstanding on may 24 , 2013 . as",directional_change,increased|decreased|roughly_unchanged|insufficient_data,decreased,committed,,,,,
hqa_FQ_f039471e,finqa,GS/2012/page_56.pdf-2,what is the growth rate in net revenues in 2011?,management 2019s discussion and analysis the table below presents the operating results of our institutional client services segment. . in millions | year ended december 2012 | year ended december 2011 | year ended december 2010 fixed income currency and commodities client execution | $ 9914 | $ 901,directional_change,increased|decreased|roughly_unchanged|insufficient_data,decreased,committed,,,,,
hqa_FQ_f144e7a6_masked,finqa,BLL/2007/page_75.pdf-2,what is the percentage change in interest expense from 2005 to 2006?,"page 59 of 94 notes to consolidated financial statements ball corporation and subsidiaries 13 . debt and interest costs ( continued ) long-term debt obligations outstanding at december 31 , 2007 , have maturities of $ 127.1 million , $ 160 million , $ 388.4 million , $ 625.1 million and $ 550.3 mill",directional_change,increased|decreased|roughly_unchanged|insufficient_data,insufficient_data,noncommitted,,,,,CONSTRUCTED - verify the masked evidence really cannot answer the question
hqa_FQ_f1f59489,finqa,WRK/2019/page_103.pdf-3,what was the percentage change in the gross unrecognized tax benefits from 2017 to 2018 $ 127.1,"westrock company notes to consolidated financial statements 2014 ( continued ) consistent with prior years , we consider a portion of our earnings from certain foreign subsidiaries as subject to repatriation and we provide for taxes accordingly . however , we consider the unremitted earnings and all",directional_change,increased|decreased|roughly_unchanged|insufficient_data,decreased,committed,,,,,
hqa_FQ_f20b3168_masked,finqa,ETR/2004/page_20.pdf-2,what is the growth rate in net revenue in 2003 for entergy corporation?,entergy corporation and subsidiaries management's financial discussion and analysis 2022 the deferral in august 2004 of $ 7.5 million of fossil plant maintenance and voluntary severance program costs at entergy new orleans as a result of a stipulation approved by the city council . 2003 compared to ,directional_change,increased|decreased|roughly_unchanged|insufficient_data,insufficient_data,noncommitted,,,,,CONSTRUCTED - verify the masked evidence really cannot answer the question
hqa_FQ_f30602df,finqa,UA/2009/page_63.pdf-2,what was the percent of the change in the inventory reserve from 2008 to 2009,"to the two-class method . the provisions of this guidance were required for fiscal years beginning after december 15 , 2008 . the company has adopted this guidance for current period computations of earnings per share , and has updated prior period computations of earnings per share . the adoption o",directional_change,increased|decreased|roughly_unchanged|insufficient_data,increased,committed,,,,,
hqa_FQ_f363406f,finqa,ETR/2013/page_15.pdf-4,what is the net change in net revenue for entergy wholesale commodities during 2013?,the grand gulf recovery variance is primarily due to increased recovery of higher costs resulting from the grand gulf uprate . the volume/weather variance is primarily due to the effects of more favorable weather on residential sales and an increase in industrial sales primarily due to growth in the,directional_change,increased|decreased|roughly_unchanged|insufficient_data,decreased,committed,,,,,
hqa_FQ_f417a14a_masked,finqa,FIS/2016/page_64.pdf-3,what was the percentage change in total trade receivables net from 2015 to 2016?,"fidelity national information services , inc . and subsidiaries notes to consolidated financial statements - ( continued ) contingent consideration liabilities recorded in connection with business acquisitions must also be adjusted for changes in fair value until settled . see note 3 for discussion ",directional_change,increased|decreased|roughly_unchanged|insufficient_data,insufficient_data,noncommitted,,,,,CONSTRUCTED - verify the masked evidence really cannot answer the question
hqa_FQ_f4ea1e7f_masked,finqa,ETR/2016/page_396.pdf-2,"what is the net change in net revenue during 2016 for entergy new orleans , inc?","entergy new orleans , inc . and subsidiaries management 2019s financial discussion and analysis results of operations net income 2016 compared to 2015 net income increased $ 3.9 million primarily due to higher net revenue , partially offset by higher depreciation and amortization expenses , higher i",directional_change,increased|decreased|roughly_unchanged|insufficient_data,insufficient_data,noncommitted,,,,,CONSTRUCTED - verify the masked evidence really cannot answer the question
hqa_FQ_f5e2aa92,finqa,ZBH/2013/page_46.pdf-1,what is the percent change in contract terminations from 2011 to 2012?,"zimmer holdings , inc . 2013 form 10-k annual report notes to consolidated financial statements ( continued ) fees paid to collaborative partners . where contingent milestone payments are due to third parties under research and development arrangements , the milestone payment obligations are expense",directional_change,increased|decreased|roughly_unchanged|insufficient_data,increased,committed,,,,,
hqa_FQ_f608d191,finqa,AON/2010/page_55.pdf-3,what is the growth rate in operating income of hr solutions from 2009 to 2010?,"hr solutions . years ended december 31, | 2010 | 2009 | 2008 revenue | $ 2111 | $ 1267 | $ 1356 operating income | 234 | 203 | 208 operating margin | 11.1% ( 11.1 % ) | 16.0% ( 16.0 % ) | 15.3% ( 15.3 % ) in october 2010 , we completed the acquisition of hewitt , one of the world 2019s leading human",directional_change,increased|decreased|roughly_unchanged|insufficient_data,increased,committed,,,,,
hqa_FQ_f6491049_masked,finqa,AES/2016/page_45.pdf-3,what was the percentage change in the average spot rate between 2015 to 2016?,"31 , 2015 , the price was r$ 218/mwh . after the expiration of contract with eletropaulo , tiet ea's strategy is to contract most of its physical guarantee , as described in regulatory framework section below , and sell the remaining portion in the spot market . tiet ea's strategy is reassessed from",directional_change,increased|decreased|roughly_unchanged|insufficient_data,insufficient_data,noncommitted,,,,,CONSTRUCTED - verify the masked evidence really cannot answer the question
hqa_FQ_f68b15bc,finqa,SNA/2012/page_82.pdf-2,what is the percentage change in the total other accrued liabilities from 2011 to 2012?,notes to consolidated financial statements ( continued ) management performs detailed reviews of its receivables on a monthly and/or quarterly basis to assess the adequacy of the allowances based on historical and current trends and other factors affecting credit losses and to determine if any impai,directional_change,increased|decreased|roughly_unchanged|insufficient_data,decreased,committed,,,,,
hqa_FQ_f6cfd9e4,finqa,RE/2010/page_42.pdf-4,what is the percent change in pre tax catastrophe losses between 2007 and 2008?,united kingdom . bermuda re 2019s uk branch conducts business in the uk and is subject to taxation in the uk . bermuda re believes that it has operated and will continue to operate its bermuda operation in a manner which will not cause them to be subject to uk taxation . if bermuda re 2019s bermuda ,directional_change,increased|decreased|roughly_unchanged|insufficient_data,increased,committed,,,,,
hqa_FQ_f6d8326c,finqa,L/2016/page_62.pdf-1,what was the growth rate of the s&p 500 index from 2011 to 2016,"item 5 . market for the registrant 2019s common equity , related stockholder matters and issuer purchases of equity securities the following graph compares annual total return of our common stock , the standard & poor 2019s 500 composite stock index ( 201cs&p 500 index 201d ) and our peer group ( 20",directional_change,increased|decreased|roughly_unchanged|insufficient_data,increased,committed,,,,,
hqa_FQ_f72b4774,finqa,ETR/2017/page_25.pdf-1,what is the percent change in net revenue from 2015 to 2016?,"( $ 66 million net-of-tax ) as a result of customer credits to be realized by electric customers of entergy louisiana , consistent with the terms of the stipulated settlement in the business combination proceeding . see note 2 to the financial statements for further discussion of the business combin",directional_change,increased|decreased|roughly_unchanged|insufficient_data,increased,committed,,,,,
hqa_FQ_f73ae747,finqa,IPG/2008/page_68.pdf-2,what was the percentage change in total goodwill carrying value from 2007 to 2008?,"notes to consolidated financial statements 2014 ( continued ) ( amounts in millions , except per share amounts ) litigation settlement 2014 during may 2008 , the sec concluded its investigation that began in 2002 into our financial reporting practices , resulting in a settlement charge of $ 12.0 . i",directional_change,increased|decreased|roughly_unchanged|insufficient_data,decreased,committed,,,,,
hqa_FQ_f74b1fc5,finqa,EW/2004/page_83.pdf-1,what was the percentage change in total expense for all operating leases between 2002 and 2003?,"edwards lifesciences corporation notes to consolidated financial statements 2014 ( continued ) future minimum lease payments ( including interest ) under noncancelable operating leases and aggregate debt maturities at december 31 , 2004 were as follows ( in millions ) : aggregate operating debt leas",directional_change,increased|decreased|roughly_unchanged|insufficient_data,increased,committed,,,,,
hqa_FQ_f964bd87,finqa,CE/2012/page_16.pdf-1,what is the percentage change in the cash dividends received by the company in 2012 compare to 2011?,"polyplastics co. , ltd . polyplastics is a leading supplier of engineered plastics in the asia-pacific region and is a venture between daicel chemical industries ltd. , japan ( 55% ( 55 % ) ) and ticona llc ( 45% ( 45 % ) ownership and a wholly-owned subsidiary of cna holdings llc ) . polyplastics i",directional_change,increased|decreased|roughly_unchanged|insufficient_data,increased,committed,,,,,
hqa_FQ_fa175221_masked,finqa,RE/2013/page_40.pdf-2,what was the amount of change in pre-tax catastrophe losses from 2010 to 2011 in millions,"corporate income taxes other than withholding taxes on certain investment income and premium excise taxes . if group or its bermuda subsidiaries were to become subject to u.s . income tax , there could be a material adverse effect on the company 2019s financial condition , results of operations and ",directional_change,increased|decreased|roughly_unchanged|insufficient_data,insufficient_data,noncommitted,,,,,CONSTRUCTED - verify the masked evidence really cannot answer the question
hqa_FQ_fa1ef8b2_masked,finqa,AON/2009/page_102.pdf-1,what was the change in the stock compensation plans rsu in millions from 2007 to 2008,14 . stock compensation plans the following table summarizes stock-based compensation expense recognized in continuing operations in the consolidated statements of income in compensation and benefits ( in millions ) : . years ended december 31 | 2009 | 2008 | 2007 performance plans | 60 | 67 | 54 st,directional_change,increased|decreased|roughly_unchanged|insufficient_data,insufficient_data,noncommitted,,,,,CONSTRUCTED - verify the masked evidence really cannot answer the question
hqa_FQ_fa7d351f,finqa,ETR/2008/page_336.pdf-2,what is the growth rate in net revenue during 2008?,"entergy mississippi , inc . management's financial discussion and analysis results of operations net income 2008 compared to 2007 net income decreased $ 12.4 million primarily due to higher other operation and maintenance expenses , lower other income , and higher depreciation and amortization expen",directional_change,increased|decreased|roughly_unchanged|insufficient_data,increased,committed,,,,,
hqa_FQ_fab23070,finqa,UPS/2015/page_108.pdf-2,what was the change in millions of aircraft from 2014 to 2015?,"united parcel service , inc . and subsidiaries notes to consolidated financial statements capital lease obligations we have certain property , plant and equipment subject to capital leases . some of the obligations associated with these capital leases have been legally defeased . the recorded value ",directional_change,increased|decreased|roughly_unchanged|insufficient_data,roughly_unchanged,noncommitted,,,,,
hqa_FQ_fac43329,finqa,LMT/2012/page_72.pdf-2,what is the percentage change in aggregate notional amount of outstanding foreign currency hedges from 2011 to 2012?,"until the hedged transaction is recognized in earnings . changes in the fair value of the derivatives that are attributable to the ineffective portion of the hedges , or of derivatives that are not considered to be highly effective hedges , if any , are immediately recognized in earnings . the aggre",directional_change,increased|decreased|roughly_unchanged|insufficient_data,decreased,committed,,,,,
hqa_FQ_fb11e06e,finqa,AMT/2010/page_105.pdf-1,what is the percentage change in the balance of capital lease obligations and notes payable from 2009 to 2010?,"american tower corporation and subsidiaries notes to consolidated financial statements as of december 31 , 2010 and 2009 , the company had $ 295.4 million and $ 295.0 million net , respectively ( $ 300.0 million aggregate principal amount ) outstanding under the 7.25% ( 7.25 % ) notes . as of decemb",directional_change,increased|decreased|roughly_unchanged|insufficient_data,decreased,committed,,,,,
hqa_FQ_fb1ea3ff,finqa,L/2007/page_213.pdf-1,what was the actual change in the unrecognized tax benefits in 2007 based on the reconciliation in millions,"notes to consolidated financial statements note 11 . income taxes 2013 ( continued ) the federal income tax return for 2006 is subject to examination by the irs . in addition for 2007 and 2008 , the irs has invited the company to participate in the compliance assurance process ( 201ccap 201d ) , whi",directional_change,increased|decreased|roughly_unchanged|insufficient_data,decreased,committed,,,,,
hqa_FQ_fb316db7_masked,finqa,LMT/2014/page_45.pdf-4,what is the growth rate in operating profit for aeronautics in 2014?,"2014 , 2013 and 2012 . the decrease in our consolidated net adjustments for 2014 compared to 2013 was primarily due to a decrease in profit booking rate adjustments at our aeronautics , mfc and mst business segments . the increase in our consolidated net adjustments for 2013 as compared to 2012 was ",directional_change,increased|decreased|roughly_unchanged|insufficient_data,insufficient_data,noncommitted,,,,,CONSTRUCTED - verify the masked evidence really cannot answer the question
hqa_FQ_fb34c2a1,finqa,MA/2009/page_120.pdf-1,what was the percent of the change in the risk-free rate of return from 2008 to 2009,"mastercard incorporated notes to consolidated financial statements 2014 ( continued ) ( in thousands , except percent and per share data ) upon termination of employment , excluding retirement , all of a participant 2019s unvested awards are forfeited . however , when a participant terminates employ",directional_change,increased|decreased|roughly_unchanged|insufficient_data,decreased,committed,,,,,
hqa_FQ_fbeb0a92,finqa,UA/2015/page_77.pdf-2,"what was the percent change in rent expense included in the the selling , general and administrative expense from 2014 to 2015","included in selling , general and administrative expense was rent expense of $ 83.0 million , $ 59.0 million and $ 41.8 million for the years ended december 31 , 2015 , 2014 and 2013 , respectively , under non-cancelable operating lease agreements . included in these amounts was contingent rent expe",directional_change,increased|decreased|roughly_unchanged|insufficient_data,increased,committed,,,,,
hqa_FQ_fc1de24d,finqa,PNC/2011/page_208.pdf-1,in 2011 what was the percentage change in the commercial mortgage recourse obligations .,"recourse and repurchase obligations as discussed in note 3 loans sale and servicing activities and variable interest entities , pnc has sold commercial mortgage and residential mortgage loans directly or indirectly in securitizations and whole-loan sale transactions with continuing involvement . one",directional_change,increased|decreased|roughly_unchanged|insufficient_data,decreased,committed,,,,,
hqa_FQ_fca6bef6,finqa,ADI/2009/page_90.pdf-2,what is the net change in the balance of total amounts of uncertain tax positions from 2007 to 2009?,"included in other non-current liabilities , because the company believes that the ultimate payment or settlement of these liabilities will not occur within the next twelve months . prior to the adoption of these provisions , these amounts were included in current income tax payable . the company inc",directional_change,increased|decreased|roughly_unchanged|insufficient_data,increased,committed,,,,,
hqa_FQ_fcd20c75_masked,finqa,CB/2010/page_113.pdf-1,what was the percentage change in the consolidated net cash flows used for investing activities \\n from 2009 to 2010,"net investing activities for the indicated periods were related primarily to net purchases of fixed maturities and for 2010 included the acquisitions of rain and hail and jerneh insurance berhad . our consolidated net cash flows from financing activities were $ 732 million in 2010 , compared with ne",directional_change,increased|decreased|roughly_unchanged|insufficient_data,insufficient_data,noncommitted,,,,,CONSTRUCTED - verify the masked evidence really cannot answer the question
hqa_FQ_fd0ba962,finqa,CAT/2017/page_69.pdf-2,what is the expected growth rate in pension and opb contributions from 2017 to 2018?,between the actual return on plan assets compared to the expected return on plan assets ( u.s . pension plans had an actual rate of return of 7.8 percent compared to an expected rate of return of 6.9 percent ) . 2022 2015 net mark-to-market loss of $ 179 million - primarily due to the difference bet,directional_change,increased|decreased|roughly_unchanged|insufficient_data,decreased,committed,,,,,
hqa_FQ_fd2839c2,finqa,AMT/2002/page_74.pdf-4,what is the percentage change in 401 ( k ) contributions from 2001 to 2002?,american tower corporation and subsidiaries notes to consolidated financial statements 2014 ( continued ) the following table illustrates the effect on net loss and net loss per share if the company had applied the fair value recognition provisions of sfas no . 123 to stock-based compensation . the ,directional_change,increased|decreased|roughly_unchanged|insufficient_data,decreased,committed,,,,,
hqa_FQ_ff5bbd66,finqa,D/2002/page_39.pdf-4,what is the growth rate in operating revenue from 2001 to 2002?,"other taxes decreased in 2001 because its utility operations in virginia became subject to state income taxes in lieu of gross receipts taxes effective january 2001 . in addition , dominion recognized higher effective rates for foreign earnings and higher pretax income in relation to non-conventiona",directional_change,increased|decreased|roughly_unchanged|insufficient_data,decreased,committed,,,,,
hqa_FQ_ffbd850a,finqa,IP/2009/page_83.pdf-1,what was the change in unrecognized tax benefits between 2007 and 2008?,"deferred tax assets and liabilities are recorded in the accompanying consolidated balance sheet under the captions deferred income tax assets , deferred charges and other assets , other accrued liabilities and deferred income taxes . the decrease in 2009 in deferred tax assets principally relates to",directional_change,increased|decreased|roughly_unchanged|insufficient_data,increased,committed,,,,,
hqa_FTB_008bd6df,fintradebench,FT23,Should I sell my Comcast shares that haven't moved in 2025?,"[CMCSA] Trading/Price Data 2025-01-01 -> 2025-12-31 - AdjClose: first=36.0590, last=30.9000, pct_change=-14.31% - Indicators: MA_20=31.7797, MACD=-0.5921, MACD_Signal=-0.5219, RSI=28.0051, EMA_20=31.6211, OBV=2172794474.0000, One_Day_Reversal=0.0164, Max_Return_20D=0.0164, Momentum_5D=-0.0155, Momen",category_choice,sell|hold|conditional|insufficient_data,conditional,noncommitted,,,,,
hqa_FTB_00a5559e,fintradebench,FT31,"In Q3 2025, should I rotate from Meta into higher-momentum AI plays or maintain the position?","[META] Trading/Price Data 2025-07-01 -> 2025-09-30 - AdjClose: first=718.7270, last=734.3800, pct_change=2.18% - Indicators: MA_20=756.8771, MACD=-1.1662, MACD_Signal=2.7573, RSI=40.7982, EMA_20=754.4453, OBV=5297292105.0000, One_Day_Reversal=-0.0121, Max_Return_20D=0.0187, Momentum_5D=-0.0278, Mome",supportive_judgment,supportive|unsupportive|conditional|insufficient_data,conditional,noncommitted,,,,,
hqa_FTB_00e479ec,fintradebench,FT49,Is Costco's lack of e-commerce momentum (as of 2025) a concern compared to Amazon?,"[AMZN] Trading/Price Data 2025-01-01 -> 2025-12-31 - AdjClose: first=220.2200, last=219.5100, pct_change=-0.32% - Indicators: MA_20=226.6545, MACD=-2.2740, MACD_Signal=-1.4041, RSI=31.0070, EMA_20=224.4044, OBV=48983516465.0000, One_Day_Reversal=-0.0130, Max_Return_20D=0.0151, Momentum_5D=-0.0012, M",yes_no_mixed,yes|no|mixed|insufficient_data,mixed,noncommitted,,,,,
hqa_FTB_01c97f78,fintradebench,FT15,"As of September 2025, is PayPal a value trap or genuine opportunity?","[PYPL] Trading/Price Data 2025-09-01 -> 2025-09-30 - AdjClose: first=69.2500, last=67.0600, pct_change=-3.16% - Indicators: MA_20=67.7595, MACD=-0.4189, MACD_Signal=-0.5529, RSI=55.5469, EMA_20=68.0028, OBV=-19265631.0000, One_Day_Reversal=-0.0376, Max_Return_20D=0.0354, Momentum_5D=-0.0037, Momentu",category_choice,value_trap|genuine_opportunity|mixed|insufficient_data,value_trap,committed,,,,,
hqa_FTB_06c86cd6,fintradebench,FT41,Does Netflix's lack of a dividend in 2025 signal reinvestment opportunity or cash flow weakness?,"[NFLX] Trading/Price Data 2025-01-01 -> 2025-12-31 - AdjClose: first=886.7300, last=1153.3200, pct_change=30.06% - Indicators: MA_20=1208.7200, MACD=-12.5304, MACD_Signal=-5.5975, RSI=34.4556, EMA_20=1200.7885, OBV=2023028611.0000, One_Day_Reversal=-0.0079, Max_Return_20D=0.0233, Momentum_5D=-0.0473",category_choice,reinvestment_opportunity|cash_flow_weakness|mixed|insufficient_data,reinvestment_opportunity,committed,,,,,
hqa_FTB_10de0142,fintradebench,F26,Is PayPal undervalued or appropriately priced based on 2025 data?,"[PYPL] Trading/Price Data 2025-01-01 -> 2025-12-31 - AdjClose: first=86.1800, last=69.2500, pct_change=-19.64% - Indicators: MA_20=67.6835, MACD=-0.2008, MACD_Signal=-0.4389, RSI=57.8909, EMA_20=68.0968, OBV=-10634314.0000, One_Day_Reversal=0.0046, Max_Return_20D=0.0354, Momentum_5D=0.0290, Momentum",valuation_judgment,undervalued|fairly_priced|overvalued|insufficient_data,undervalued,committed,,,,,
hqa_FTB_124f7e99,fintradebench,FT42,Is Adobe's creative software moat durable in the age of AI (mid-2025)?,"[ADBE] Trading/Price Data 2025-01-01 -> 2025-12-31 - AdjClose: first=441.0000, last=346.7400, pct_change=-21.37% - Indicators: MA_20=355.2910, MACD=-1.2704, MACD_Signal=-0.0815, RSI=49.7458, EMA_20=354.1621, OBV=488879895.0000, One_Day_Reversal=-0.0135, Max_Return_20D=0.0278, Momentum_5D=-0.0378, Mo",yes_no_mixed,yes|no|mixed|insufficient_data,mixed,noncommitted,,,,,
hqa_FTB_1261fb57,fintradebench,T7,"Based on trading in the first half of 2025, which stocks are showing the strongest exponential moving average support?","[ON] Trading/Price Data 2025-01-01 -> 2025-12-31 - AdjClose: first=61.7100, last=45.7400, pct_change=-25.88% - Indicators: MA_20=49.6850, MACD=-0.4595, MACD_Signal=-0.2860, RSI=33.0588, EMA_20=49.3665, OBV=1269976471.0000, One_Day_Reversal=-0.0847, Max_Return_20D=0.0563, Momentum_5D=-0.0716, Momentu",screening_top1,ON|NVDA|AAPL|MSFT|none_clear,none_clear,noncommitted,,,,,
hqa_FTB_13290767,fintradebench,F12,"As of September 2025, which tech giant has the strongest balance sheet: Apple, Microsoft, or Google?","[AAPL] Trading/Price Data 2025-09-01 -> 2025-09-30 - AdjClose: first=229.7200, last=254.6300, pct_change=10.84% - Indicators: MA_20=243.1245, MACD=7.4966, MACD_Signal=6.5587, RSI=82.7684, EMA_20=244.6472, OBV=159375777216.0000, One_Day_Reversal=0.0008, Max_Return_20D=0.0431, Momentum_5D=0.0008, Mome",company_choice,AAPL|MSFT|GOOGL|insufficient_data,GOOGL,committed,,,,,
hqa_FTB_19c171bc,fintradebench,FT36,"As of Q3 2025, does Amazon's diversified business model create a more attractive risk profile?","[AMZN] Trading/Price Data 2025-07-01 -> 2025-09-30 - AdjClose: first=220.4600, last=219.5700, pct_change=-0.40% - Indicators: MA_20=228.2270, MACD=-2.0850, MACD_Signal=-0.6392, RSI=32.7010, EMA_20=225.6631, OBV=48941963078.0000, One_Day_Reversal=-0.0117, Max_Return_20D=0.0429, Momentum_5D=-0.0052, M",yes_no_mixed,yes|no|mixed|insufficient_data,yes,committed,,,,,
hqa_FTB_1c185a4a,fintradebench,T35,"As of September 5, 2025, which stocks are approaching oversold conditions?","[TRI] Trading/Price Data 2025-01-01 -> 2025-12-31 - AdjClose: first=159.7230, last=152.9800, pct_change=-4.22% - Indicators: MA_20=163.2300, MACD=-6.6021, MACD_Signal=-5.9912, RSI=15.7143, EMA_20=161.8057, OBV=64318493.0000, One_Day_Reversal=0.0096, Max_Return_20D=0.0177, Momentum_5D=-0.0257, Moment",screening_top1,TRI|TEAM|WBD|AVGO|none_clear,TRI,committed,,,,,
hqa_FTB_1f54d2f8,fintradebench,F27,What makes Nvidia so valuable to investors in July 2025?,"[NVDA] Trading/Price Data 2025-07-01 -> 2025-07-31 - AdjClose: first=153.2910, last=177.8600, pct_change=16.03% - Indicators: MA_20=169.3334, MACD=7.0918, MACD_Signal=7.1708, RSI=70.0158, EMA_20=169.0433, OBV=166262412151.0000, One_Day_Reversal=-0.0078, Max_Return_20D=0.0404, Momentum_5D=0.0238, Mom",open_summary_with_canonical_claim,claim_true|claim_false|mixed,claim_true,committed,,,,,
hqa_FTB_1fc92960,fintradebench,F3,"As of August 2025, how does Tesla's profitability compare to traditional automakers?","[TSLA] Trading/Price Data 2025-08-01 -> 2025-08-31 - AdjClose: first=302.6300, last=333.8700, pct_change=10.32% - Indicators: MA_20=332.5705, MACD=5.9422, MACD_Signal=5.1811, RSI=46.8187, EMA_20=334.0421, OBV=21793428285.0000, One_Day_Reversal=-0.0350, Max_Return_20D=0.0622, Momentum_5D=-0.0181, Mom",graded_judgment,higher|similar|lower|insufficient_data,insufficient_data,noncommitted,,,,,
hqa_FTB_2aef23bd,fintradebench,FT10,Should I average down on my Qualcomm position that's losing money in Q3 2025?,"[QCOM] Trading/Price Data 2025-07-01 -> 2025-09-30 - AdjClose: first=158.5170, last=166.3600, pct_change=4.95% - Indicators: MA_20=164.3044, MACD=3.0596, MACD_Signal=3.1730, RSI=63.1991, EMA_20=164.8822, OBV=2548869655.0000, One_Day_Reversal=0.0064, Max_Return_20D=0.0237, Momentum_5D=-0.0187, Moment",supportive_judgment,supportive|unsupportive|conditional|insufficient_data,supportive,committed,,,,,
hqa_FTB_30cfebd4,fintradebench,FT43,"In Q3 2025, should I wait for technical confirmation before buying Adobe, or are fundamentals sufficient?","[ADBE] Trading/Price Data 2025-07-01 -> 2025-09-30 - AdjClose: first=392.1000, last=352.7500, pct_change=-10.04% - Indicators: MA_20=355.2830, MACD=0.6681, MACD_Signal=0.6693, RSI=52.4383, EMA_20=356.5277, OBV=494552281.0000, One_Day_Reversal=-0.0186, Max_Return_20D=0.0278, Momentum_5D=-0.0250, Mome",category_choice,wait_for_confirmation|buy_on_fundamentals|insufficient_data,wait_for_confirmation,committed,,,,,
hqa_FTB_38645c6c,fintradebench,F11,"As of August 2025, is Tesla financially stable enough to weather an economic downturn?","[TSLA] Trading/Price Data 2025-08-01 -> 2025-08-31 - AdjClose: first=302.6300, last=333.8700, pct_change=10.32% - Indicators: MA_20=332.5705, MACD=5.9422, MACD_Signal=5.1811, RSI=46.8187, EMA_20=334.0421, OBV=21793428285.0000, One_Day_Reversal=-0.0350, Max_Return_20D=0.0622, Momentum_5D=-0.0181, Mom",yes_no_mixed,yes|no|mixed|insufficient_data,yes,committed,,,,,
hqa_FTB_3a7f797e,fintradebench,F13,Should I worry about Netflix's debt levels in mid-2025?,"[NFLX] Trading/Price Data 2025-01-01 -> 2025-12-31 - AdjClose: first=886.7300, last=1153.3200, pct_change=30.06% - Indicators: MA_20=1208.7200, MACD=-12.5304, MACD_Signal=-5.5975, RSI=34.4556, EMA_20=1200.7885, OBV=2023028611.0000, One_Day_Reversal=-0.0079, Max_Return_20D=0.0233, Momentum_5D=-0.0473",yes_no_mixed,yes|no|mixed|insufficient_data,no,committed,,,,,
hqa_FTB_3ba66418,fintradebench,F15,"As of Q3 2025, how financially sound is Qualcomm compared to other chip companies?","[QCOM] Trading/Price Data 2025-07-01 -> 2025-09-30 - AdjClose: first=158.5170, last=166.3600, pct_change=4.95% - Indicators: MA_20=164.3044, MACD=3.0596, MACD_Signal=3.1730, RSI=63.1991, EMA_20=164.8822, OBV=2548869655.0000, One_Day_Reversal=0.0064, Max_Return_20D=0.0237, Momentum_5D=-0.0187, Moment",graded_judgment,sound|mixed|weak|insufficient_data,sound,committed,,,,,
hqa_FTB_46b2b9ab,fintradebench,FT40,"As of September 2025, is Netflix's streaming dominance translating into sustainable financial metrics?","[NFLX] Trading/Price Data 2025-09-01 -> 2025-09-30 - AdjClose: first=1214.1100, last=1198.9200, pct_change=-1.25% - Indicators: MA_20=1220.7565, MACD=-3.7012, MACD_Signal=-1.3637, RSI=36.8071, EMA_20=1214.4898, OBV=2034961664.0000, One_Day_Reversal=-0.0062, Max_Return_20D=0.0255, Momentum_5D=-0.0160",yes_no_mixed,yes|no|mixed|insufficient_data,yes,committed,,,,,
hqa_FTB_47429988,fintradebench,FT32,"Is Apple's stability attractive in the volatile 2025 market, or does it signal underperformance ahead?","[AAPL] Trading/Price Data 2025-01-01 -> 2025-12-31 - AdjClose: first=243.0040, last=258.0200, pct_change=6.18% - Indicators: MA_20=245.7575, MACD=7.4241, MACD_Signal=6.9845, RSI=79.6440, EMA_20=247.8386, OBV=159516277009.0000, One_Day_Reversal=0.0035, Max_Return_20D=0.0431, Momentum_5D=0.0100, Momen",category_choice,attractive_stability|underperformance_ahead|mixed|insufficient_data,underperformance_ahead,committed,,,,,
hqa_FTB_48b061cd,fintradebench,FT28,Does Tesla's robotaxi opportunity justify its September 2025 valuation metrics?,"[TSLA] Trading/Price Data 2025-09-01 -> 2025-09-30 - AdjClose: first=329.3600, last=444.7200, pct_change=35.03% - Indicators: MA_20=399.2190, MACD=26.9521, MACD_Signal=24.5006, RSI=78.4302, EMA_20=406.7866, OBV=22958088131.0000, One_Day_Reversal=0.0034, Max_Return_20D=0.0736, Momentum_5D=0.0443, Mom",yes_no_mixed,yes|no|mixed|insufficient_data,no,committed,,,,,
hqa_FTB_495324ab,fintradebench,FT12,Has AMD's momentum turned positive after the July 2025 selloff?,"[AMD] Trading/Price Data 2025-07-01 -> 2025-07-31 - AdjClose: first=136.1100, last=176.3100, pct_change=29.53% - Indicators: MA_20=156.2365, MACD=11.5268, MACD_Signal=10.0163, RSI=81.1030, EMA_20=158.8977, OBV=6855505879.0000, One_Day_Reversal=-0.0178, Max_Return_20D=0.0641, Momentum_5D=0.0875, Mome",yes_no_mixed,yes|no|mixed|insufficient_data,yes,committed,,,,,
hqa_FTB_4fb8ad99,fintradebench,FT39,Should I be concerned about Alphabet's multiple compression in 2025 despite strong earnings?,"[GOOGL] Trading/Price Data 2025-01-01 -> 2025-12-31 - AdjClose: first=188.8070, last=245.3500, pct_change=29.95% - Indicators: MA_20=245.9905, MACD=7.0959, MACD_Signal=9.3381, RSI=36.5780, EMA_20=241.5893, OBV=29434712013.0000, One_Day_Reversal=-0.0014, Max_Return_20D=0.0449, Momentum_5D=-0.0048, Mo",yes_no_mixed,yes|no|mixed|insufficient_data,yes,committed,,,,,
hqa_FTB_54b6da2c,fintradebench,FT33,Does Apple's lack of AI momentum in 2025 indicate a buying opportunity or structural challenges?,"[AAPL] Trading/Price Data 2025-01-01 -> 2025-12-31 - AdjClose: first=243.0040, last=258.0200, pct_change=6.18% - Indicators: MA_20=245.7575, MACD=7.4241, MACD_Signal=6.9845, RSI=79.6440, EMA_20=247.8386, OBV=159516277009.0000, One_Day_Reversal=0.0035, Max_Return_20D=0.0431, Momentum_5D=0.0100, Momen",category_choice,buying_opportunity|structural_challenges|mixed|insufficient_data,buying_opportunity,committed,,,,,
hqa_FTB_54bc7248,fintradebench,FT34,"As of September 2025, how does Microsoft balance enterprise stability with AI growth exposure?","[MSFT] Trading/Price Data 2025-09-01 -> 2025-09-30 - AdjClose: first=505.1200, last=517.9500, pct_change=2.54% - Indicators: MA_20=508.0940, MACD=1.5800, MACD_Signal=0.6328, RSI=65.4211, EMA_20=510.4329, OBV=14636827777.0000, One_Day_Reversal=0.0065, Max_Return_20D=0.0186, Momentum_5D=0.0171, Moment",open_summary_with_canonical_claim,claim_true|claim_false|mixed,claim_true,committed,,,,,
hqa_FTB_5895e72d,fintradebench,T14,What companies had the biggest single-day moves during August 2025?,"[IDXX] Trading/Price Data 2025-08-01 -> 2025-08-31 - AdjClose: first=535.5400, last=647.0900, pct_change=20.83% - Indicators: MA_20=647.0595, MACD=18.2344, MACD_Signal=22.1065, RSI=46.5673, EMA_20=631.1284, OBV=340329402.0000, One_Day_Reversal=0.0001, Max_Return_20D=0.2749, Momentum_5D=0.0024, Momen",screening_top1,IDXX|SHOP|MRVL|AXON|none_clear,IDXX,committed,,,,,
hqa_FTB_599b11e3,fintradebench,T9,"As of September 2025, which stocks have the strongest volume confirmation for their price moves?","[TSLA] Trading/Price Data 2025-09-01 -> 2025-09-30 - AdjClose: first=329.3600, last=444.7200, pct_change=35.03% - Indicators: MA_20=399.2190, MACD=26.9521, MACD_Signal=24.5006, RSI=78.4302, EMA_20=406.7866, OBV=22958088131.0000, One_Day_Reversal=0.0034, Max_Return_20D=0.0736, Momentum_5D=0.0443, Mom",screening_top1,TSLA|INTC|LRCX|NVDA|none_clear,TSLA,committed,,,,,
hqa_FTB_5a0e1efb,fintradebench,F34,"Based on Q2 2025 data, how efficiently does Google use its assets compared to other tech giants?","[GOOGL] Trading/Price Data 2025-04-01 -> 2025-06-30 - AdjClose: first=156.7420, last=176.0720, pct_change=12.33% - Indicators: MA_20=172.3539, MACD=1.8757, MACD_Signal=1.9537, RSI=50.1959, EMA_20=171.7834, OBV=28798280724.0000, One_Day_Reversal=-0.0129, Max_Return_20D=0.0325, Momentum_5D=0.0668, Mom",graded_judgment,more_efficient|similar|less_efficient|insufficient_data,more_efficient,committed,,,,,
hqa_FTB_5d6ed0fa,fintradebench,FT48,Does Costco's defensive retail model justify its premium Q3 2025 valuation metrics?,"[COST] Trading/Price Data 2025-07-01 -> 2025-09-30 - AdjClose: first=984.6160, last=925.6300, pct_change=-5.99% - Indicators: MA_20=951.0690, MACD=-9.2855, MACD_Signal=-5.5140, RSI=34.5433, EMA_20=945.1895, OBV=469978714.0000, One_Day_Reversal=0.0096, Max_Return_20D=0.0117, Momentum_5D=-0.0190, Mome",yes_no_mixed,yes|no|mixed|insufficient_data,no,committed,,,,,
hqa_FTB_5db8c06c,fintradebench,T27,Which NASDAQ 100 stock has the best risk-reward setup for September 2025?,"[MU] Trading/Price Data 2025-09-01 -> 2025-09-30 - AdjClose: first=118.4080, last=167.2180, pct_change=41.22% - Indicators: MA_20=151.6601, MACD=10.4632, MACD_Signal=10.5797, RSI=73.2311, EMA_20=152.4584, OBV=3878675015.0000, One_Day_Reversal=0.0209, Max_Return_20D=0.0755, Momentum_5D=0.0055, Moment",screening_top1,MU|WBD|APP|LRCX|none_clear,MU,committed,,,,,
hqa_FTB_624fddfe,fintradebench,F17,"Why do dividend investors like Cisco as of July 2025, despite its slow growth?","[CSCO] Trading/Price Data 2025-07-01 -> 2025-07-31 - AdjClose: first=68.2820, last=67.6720, pct_change=-0.89% - Indicators: MA_20=67.8863, MACD=0.4761, MACD_Signal=0.6687, RSI=51.2775, EMA_20=67.5540, OBV=21252243518.0000, One_Day_Reversal=-0.0028, Max_Return_20D=0.0174, Momentum_5D=-0.0031, Momentu",open_summary_with_canonical_claim,claim_true|claim_false|mixed,claim_true,committed,,,,,
hqa_FTB_664ec26b,fintradebench,F39,How efficiently does Broadcom generate in 2025?,"[AVGO] Trading/Price Data 2025-01-01 -> 2025-12-31 - AdjClose: first=230.3180, last=338.3700, pct_change=46.91% - Indicators: MA_20=344.0610, MACD=4.8461, MACD_Signal=7.5509, RSI=23.3497, EMA_20=334.7088, OBV=6585520063.0000, One_Day_Reversal=0.0006, Max_Return_20D=0.0977, Momentum_5D=0.0115, Moment",graded_judgment,efficient|moderate|inefficient|insufficient_data,moderate,committed,,,,,
hqa_FTB_6b974835,fintradebench,F7,"As of Q3 2025, is Intel still a profitable investment despite losing market share?","[INTC] Trading/Price Data 2025-07-01 -> 2025-09-30 - AdjClose: first=22.8500, last=33.5500, pct_change=46.83% - Indicators: MA_20=27.8705, MACD=2.7412, MACD_Signal=1.9872, RSI=73.8328, EMA_20=29.0855, OBV=12132002275.0000, One_Day_Reversal=-0.0270, Max_Return_20D=0.2277, Momentum_5D=0.1435, Momentum",yes_no_mixed,yes|no|mixed|insufficient_data,mixed,noncommitted,,,,,
hqa_FTB_6f71b24d,fintradebench,FT2,"In September 2025, should I invest in Tesla given its volatility and financial health?","[TSLA] Trading/Price Data 2025-09-01 -> 2025-09-30 - AdjClose: first=329.3600, last=444.7200, pct_change=35.03% - Indicators: MA_20=399.2190, MACD=26.9521, MACD_Signal=24.5006, RSI=78.4302, EMA_20=406.7866, OBV=22958088131.0000, One_Day_Reversal=0.0034, Max_Return_20D=0.0736, Momentum_5D=0.0443, Mom",supportive_judgment,supportive|unsupportive|conditional|insufficient_data,unsupportive,committed,,,,,
hqa_FTB_6fa9f26d,fintradebench,FT5,Should I hold or sell my Amazon shares after the Q2 2025 rally?,"[AMZN] Trading/Price Data 2025-04-01 -> 2025-06-30 - AdjClose: first=192.1700, last=219.3900, pct_change=14.16% - Indicators: MA_20=213.0185, MACD=3.9935, MACD_Signal=3.7965, RSI=53.1586, EMA_20=212.5956, OBV=48749660098.0000, One_Day_Reversal=-0.0175, Max_Return_20D=0.0285, Momentum_5D=0.0524, Mome",category_choice,hold|sell|conditional|insufficient_data,hold,committed,,,,,
hqa_FTB_7199c7e7,fintradebench,FT20,Is Apple a good defensive stock for September 2025?,"[AAPL] Trading/Price Data 2025-09-01 -> 2025-09-30 - AdjClose: first=229.7200, last=254.6300, pct_change=10.84% - Indicators: MA_20=243.1245, MACD=7.4966, MACD_Signal=6.5587, RSI=82.7684, EMA_20=244.6472, OBV=159375777216.0000, One_Day_Reversal=0.0008, Max_Return_20D=0.0431, Momentum_5D=0.0008, Mome",yes_no_mixed,yes|no|mixed|insufficient_data,no,committed,,,,,
hqa_FTB_74433c22,fintradebench,FT29,"As of mid-2025, is Tesla showing signs of fundamental deterioration beneath its technical strength?","[TSLA] Trading/Price Data 2025-01-01 -> 2025-12-31 - AdjClose: first=379.2800, last=429.8300, pct_change=13.33% - Indicators: MA_20=414.3105, MACD=24.3235, MACD_Signal=25.1774, RSI=56.4847, EMA_20=415.6050, OBV=22786013286.0000, One_Day_Reversal=-0.0142, Max_Return_20D=0.0736, Momentum_5D=-0.0240, M",yes_no_mixed,yes|no|mixed|insufficient_data,yes,committed,,,,,
hqa_FTB_77a9fd58,fintradebench,FT1,"As of August 2025, is Apple a good buy given its valuation and price trend?","[AAPL] Trading/Price Data 2025-08-01 -> 2025-08-31 - AdjClose: first=202.1490, last=232.1400, pct_change=14.84% - Indicators: MA_20=225.6994, MACD=4.8495, MACD_Signal=4.9517, RSI=60.3940, EMA_20=225.7436, OBV=159172072249.0000, One_Day_Reversal=-0.0018, Max_Return_20D=0.0509, Momentum_5D=0.0192, Mom",supportive_judgment,supportive|unsupportive|conditional|insufficient_data,conditional,noncommitted,,,,,
hqa_FTB_7b872c89,fintradebench,T17,"Which companies show the most extreme daily reversals, based on June 2025 trading?","[NVDA] Trading/Price Data 2025-06-01 -> 2025-06-30 - AdjClose: first=137.3630, last=157.9810, pct_change=15.01% - Indicators: MA_20=145.6833, MACD=6.5487, MACD_Signal=5.8152, RSI=77.3772, EMA_20=145.9598, OBV=165567677626.0000, One_Day_Reversal=0.0015, Max_Return_20D=0.0433, Momentum_5D=0.0959, Mome",screening_top1,NVDA|TSLA|MRVL|INTC|none_clear,none_clear,noncommitted,,,,,
hqa_FTB_7c1b95b5,fintradebench,FT45,"As of September 2025, should I view Intel as a contrarian value play or a value trap?","[INTC] Trading/Price Data 2025-09-01 -> 2025-09-30 - AdjClose: first=24.2100, last=33.5500, pct_change=38.58% - Indicators: MA_20=27.8705, MACD=2.7412, MACD_Signal=1.9872, RSI=73.8328, EMA_20=29.0855, OBV=12132002275.0000, One_Day_Reversal=-0.0270, Max_Return_20D=0.2277, Momentum_5D=0.1435, Momentum",category_choice,contrarian_value_play|value_trap|mixed|insufficient_data,contrarian_value_play,committed,,,,,
hqa_FTB_7d9b0eea,fintradebench,F4,Is Nvidia's profitability sustainable with its valuation in September 2025?,"[NVDA] Trading/Price Data 2025-09-01 -> 2025-09-30 - AdjClose: first=170.7700, last=186.5800, pct_change=9.26% - Indicators: MA_20=175.9891, MACD=1.8439, MACD_Signal=0.9646, RSI=62.2164, EMA_20=177.9510, OBV=166277664172.0000, One_Day_Reversal=0.0260, Max_Return_20D=0.0393, Momentum_5D=0.0457, Momen",yes_no_mixed,yes|no|mixed|insufficient_data,yes,committed,,,,,
hqa_FTB_7dbce4b0,fintradebench,F10,Why is Broadcom's stock price so high in 2025 despite being in semiconductors?,"[AVGO] Trading/Price Data 2025-01-01 -> 2025-12-31 - AdjClose: first=230.3180, last=338.3700, pct_change=46.91% - Indicators: MA_20=344.0610, MACD=4.8461, MACD_Signal=7.5509, RSI=23.3497, EMA_20=334.7088, OBV=6585520063.0000, One_Day_Reversal=0.0006, Max_Return_20D=0.0977, Momentum_5D=0.0115, Moment",open_summary_with_canonical_claim,claim_true|claim_false|mixed,claim_true,committed,,,,,
hqa_FTB_7ffcdb70,fintradebench,FT11,"As of August 2025, is Costco worth buying for dividend income?","[COST] Trading/Price Data 2025-08-01 -> 2025-08-31 - AdjClose: first=952.5200, last=943.3200, pct_change=-0.97% - Indicators: MA_20=966.7985, MACD=-4.8056, MACD_Signal=-1.2076, RSI=29.6978, EMA_20=959.9048, OBV=469874955.0000, One_Day_Reversal=-0.0017, Max_Return_20D=0.0264, Momentum_5D=-0.0159, Mom",supportive_judgment,supportive|unsupportive|conditional|insufficient_data,unsupportive,committed,,,,,
hqa_FTB_8315fbdd,fintradebench,T47,Which companies are showing decreasing momentum quality in Q3 2025?,"[CMCSA] Trading/Price Data 2025-07-01 -> 2025-09-30 - AdjClose: first=35.6190, last=31.0880, pct_change=-12.72% - Indicators: MA_20=32.2015, MACD=-0.5498, MACD_Signal=-0.4593, RSI=13.4719, EMA_20=31.9275, OBV=2195417369.0000, One_Day_Reversal=-0.0022, Max_Return_20D=0.0044, Momentum_5D=-0.0063, Mome",screening_top1,CMCSA|TEAM|KDP|TRI|none_clear,CMCSA,committed,,,,,
hqa_FTB_8647404c,fintradebench,FT25,Should I add more to my Netflix position in September 2025 after buying earlier?,"[NFLX] Trading/Price Data 2025-09-01 -> 2025-09-30 - AdjClose: first=1214.1100, last=1198.9200, pct_change=-1.25% - Indicators: MA_20=1220.7565, MACD=-3.7012, MACD_Signal=-1.3637, RSI=36.8071, EMA_20=1214.4898, OBV=2034961664.0000, One_Day_Reversal=-0.0062, Max_Return_20D=0.0255, Momentum_5D=-0.0160",supportive_judgment,supportive|unsupportive|conditional|insufficient_data,conditional,noncommitted,,,,,
hqa_FTB_869351e8,fintradebench,F44,"Why don't high-growth tech companies (like Amazon, Meta) pay dividends in 2025?","[AMZN] Trading/Price Data 2025-01-01 -> 2025-12-31 - AdjClose: first=220.2200, last=219.5100, pct_change=-0.32% - Indicators: MA_20=226.6545, MACD=-2.2740, MACD_Signal=-1.4041, RSI=31.0070, EMA_20=224.4044, OBV=48983516465.0000, One_Day_Reversal=-0.0130, Max_Return_20D=0.0151, Momentum_5D=-0.0012, M",open_summary_with_canonical_claim,claim_true|claim_false|mixed,claim_true,committed,,,,,
hqa_FTB_88541c51,fintradebench,FT16,Should I buy Starbucks during this August 2025 dip?,"[SBUX] Trading/Price Data 2025-08-01 -> 2025-08-31 - AdjClose: first=86.2790, last=88.1900, pct_change=2.21% - Indicators: MA_20=89.7888, MACD=-1.0668, MACD_Signal=-0.7918, RSI=41.0619, EMA_20=89.4645, OBV=1069770402.0000, One_Day_Reversal=0.0019, Max_Return_20D=0.0336, Momentum_5D=-0.0021, Momentum",supportive_judgment,supportive|unsupportive|conditional|insufficient_data,unsupportive,committed,,,,,
hqa_FTB_8c3f38fa,fintradebench,FT22,Is Micron's Q3 2025 rally just getting started?,"[MU] Trading/Price Data 2025-07-01 -> 2025-09-30 - AdjClose: first=120.7000, last=167.2180, pct_change=38.54% - Indicators: MA_20=151.6601, MACD=10.4632, MACD_Signal=10.5797, RSI=73.2311, EMA_20=152.4584, OBV=3878675015.0000, One_Day_Reversal=0.0209, Max_Return_20D=0.0755, Momentum_5D=0.0055, Moment",yes_no_mixed,yes|no|mixed|insufficient_data,mixed,noncommitted,,,,,
hqa_FTB_8ed2e330,fintradebench,F38,"In 2025, is Cisco's asset base productive or aging into obsolescence?","[CSCO] Trading/Price Data 2025-01-01 -> 2025-12-31 - AdjClose: first=57.5940, last=67.9200, pct_change=17.93% - Indicators: MA_20=67.3107, MACD=0.1063, MACD_Signal=-0.0087, RSI=60.3137, EMA_20=67.5252, OBV=21155438699.0000, One_Day_Reversal=0.0003, Max_Return_20D=0.0142, Momentum_5D=0.0165, Momentum",category_choice,productive|aging|mixed|insufficient_data,aging,committed,,,,,
hqa_FTB_90f40b4c,fintradebench,F6,"In mid-2025, why do investors love companies like Adobe and Nvidia?","[NVDA] Trading/Price Data 2025-01-01 -> 2025-12-31 - AdjClose: first=138.2810, last=187.6200, pct_change=35.68% - Indicators: MA_20=178.7130, MACD=3.1174, MACD_Signal=1.8756, RSI=62.1522, EMA_20=180.5387, OBV=166450717998.0000, One_Day_Reversal=-0.0067, Max_Return_20D=0.0393, Momentum_5D=0.0529, Mom",open_summary_with_canonical_claim,claim_true|claim_false|mixed,mixed,noncommitted,,,,,
hqa_FTB_9175a3ca,fintradebench,T44,"What stocks have the highest probability reversal setups for the week of September 8, 2025?","[INTC] Trading/Price Data 2025-01-01 -> 2025-12-31 - AdjClose: first=20.2200, last=36.8300, pct_change=82.15% - Indicators: MA_20=29.7190, MACD=3.2805, MACD_Signal=2.5576, RSI=78.3631, EMA_20=31.0653, OBV=12318654235.0000, One_Day_Reversal=-0.0126, Max_Return_20D=0.2277, Momentum_5D=0.0375, Momentum",screening_top1,INTC|ASML|TRI|MRVL|none_clear,INTC,committed,,,,,
hqa_FTB_9216ec7b,fintradebench,F35,Why is Apple's return on equity so extraordinarily high in 2025?,"[AAPL] Trading/Price Data 2025-01-01 -> 2025-12-31 - AdjClose: first=243.0040, last=258.0200, pct_change=6.18% - Indicators: MA_20=245.7575, MACD=7.4241, MACD_Signal=6.9845, RSI=79.6440, EMA_20=247.8386, OBV=159516277009.0000, One_Day_Reversal=0.0035, Max_Return_20D=0.0431, Momentum_5D=0.0100, Momen",open_summary_with_canonical_claim,claim_true|claim_false|mixed,claim_true,committed,,,,,
hqa_FTB_921c1811,fintradebench,FT50,Has Starbucks's 2025 turnaround plan gained traction based on fundamental and momentum signals?,"[SBUX] Trading/Price Data 2025-01-01 -> 2025-12-31 - AdjClose: first=90.4160, last=86.4200, pct_change=-4.42% - Indicators: MA_20=84.1810, MACD=-0.4628, MACD_Signal=-0.9594, RSI=63.6297, EMA_20=85.2328, OBV=1030662154.0000, One_Day_Reversal=-0.0035, Max_Return_20D=0.0275, Momentum_5D=0.0363, Momentu",yes_no_mixed,yes|no|mixed|insufficient_data,mixed,noncommitted,,,,,
hqa_FTB_94705863,fintradebench,F22,"As of Q3 2025, why is Tesla's stock price so high compared to its earnings?","[TSLA] Trading/Price Data 2025-07-01 -> 2025-09-30 - AdjClose: first=300.7100, last=444.7200, pct_change=47.89% - Indicators: MA_20=399.2190, MACD=26.9521, MACD_Signal=24.5006, RSI=78.4302, EMA_20=406.7866, OBV=22958088131.0000, One_Day_Reversal=0.0034, Max_Return_20D=0.0736, Momentum_5D=0.0443, Mom",open_summary_with_canonical_claim,claim_true|claim_false|mixed,claim_true,committed,,,,,
hqa_FTB_9a70a1f9,fintradebench,F24,Is Amazon a value or growth stock at its August 2025 prices?,"[AMZN] Trading/Price Data 2025-08-01 -> 2025-08-31 - AdjClose: first=214.7500, last=229.0000, pct_change=6.64% - Indicators: MA_20=225.1670, MACD=1.7111, MACD_Signal=1.4651, RSI=61.3973, EMA_20=226.9174, OBV=49100139636.0000, One_Day_Reversal=-0.0112, Max_Return_20D=0.0400, Momentum_5D=0.0007, Momen",category_choice,growth|value|mixed|insufficient_data,growth,committed,,,,,
hqa_FTB_a0c0d5cc,fintradebench,FT13,"In mid-2025, should I switch from bonds to Pepsi stock for income?","[PEP] Trading/Price Data 2025-01-01 -> 2025-12-31 - AdjClose: first=145.8750, last=141.9800, pct_change=-2.67% - Indicators: MA_20=141.6560, MACD=-0.5742, MACD_Signal=-0.6861, RSI=55.4120, EMA_20=142.1245, OBV=1411201321.0000, One_Day_Reversal=-0.0023, Max_Return_20D=0.0192, Momentum_5D=0.0110, Mome",supportive_judgment,supportive|unsupportive|conditional|insufficient_data,unsupportive,committed,,,,,
hqa_FTB_a14e5de6,fintradebench,F47,Why does Intel maintain its dividend in 2025 despite its challenges?,"[INTC] Trading/Price Data 2025-01-01 -> 2025-12-31 - AdjClose: first=20.2200, last=36.8300, pct_change=82.15% - Indicators: MA_20=29.7190, MACD=3.2805, MACD_Signal=2.5576, RSI=78.3631, EMA_20=31.0653, OBV=12318654235.0000, One_Day_Reversal=-0.0126, Max_Return_20D=0.2277, Momentum_5D=0.0375, Momentum",premise_check,premise_false|premise_true_explained|insufficient_data,premise_false,committed,,,,,
hqa_FTB_a32e1559,fintradebench,FT26,Is NVIDIA's August 2025 pullback a buying opportunity given its AI dominance?,"[NVDA] Trading/Price Data 2025-08-01 -> 2025-08-31 - AdjClose: first=173.7100, last=174.1700, pct_change=0.26% - Indicators: MA_20=179.6890, MACD=2.1064, MACD_Signal=3.2077, RSI=35.7453, EMA_20=177.8547, OBV=165598124469.0000, One_Day_Reversal=-0.0332, Max_Return_20D=0.0362, Momentum_5D=-0.0214, Mom",yes_no_mixed,yes|no|mixed|insufficient_data,yes,committed,,,,,
hqa_FTB_a5c1c626,fintradebench,T24,What companies are breaking above key moving average resistance during September 2025?,"[APP] Trading/Price Data 2025-09-01 -> 2025-09-30 - AdjClose: first=481.7300, last=718.5400, pct_change=49.16% - Indicators: MA_20=602.7590, MACD=59.7779, MACD_Signal=53.4882, RSI=90.6737, EMA_20=610.1187, OBV=570095031.0000, One_Day_Reversal=0.0087, Max_Return_20D=0.1159, Momentum_5D=0.1034, Moment",screening_top1,APP|LRCX|MNST|INTC|none_clear,APP,committed,,,,,
hqa_FTB_a6d883cc,fintradebench,FT18,Should I invest in Cisco for stability in the volatile 2025 market?,"[CSCO] Trading/Price Data 2025-01-01 -> 2025-12-31 - AdjClose: first=57.5940, last=67.9200, pct_change=17.93% - Indicators: MA_20=67.3107, MACD=0.1063, MACD_Signal=-0.0087, RSI=60.3137, EMA_20=67.5252, OBV=21155438699.0000, One_Day_Reversal=0.0003, Max_Return_20D=0.0142, Momentum_5D=0.0165, Momentum",supportive_judgment,supportive|unsupportive|conditional|insufficient_data,supportive,committed,,,,,
hqa_FTB_a6f3790c,fintradebench,FT14,Is Broadcom's Q3 2025 rally sustainable or should I take profits?,"[AVGO] Trading/Price Data 2025-07-01 -> 2025-09-30 - AdjClose: first=264.2800, last=329.9100, pct_change=24.83% - Indicators: MA_20=340.6510, MACD=5.9882, MACD_Signal=9.9495, RSI=13.1781, EMA_20=333.9730, OBV=6529730686.0000, One_Day_Reversal=0.0061, Max_Return_20D=0.0977, Momentum_5D=-0.0266, Momen",category_choice,sustainable|take_profits|mixed|insufficient_data,take_profits,committed,,,,,
hqa_FTB_a809667e,fintradebench,FT46,"In 2025, does Qualcomm's smartphone exposure limit its appeal, or do diversification efforts offset this?","[QCOM] Trading/Price Data 2025-01-01 -> 2025-12-31 - AdjClose: first=151.0500, last=169.1800, pct_change=12.00% - Indicators: MA_20=165.7325, MACD=2.7446, MACD_Signal=2.9782, RSI=64.5255, EMA_20=165.7587, OBV=2565660079.0000, One_Day_Reversal=0.0020, Max_Return_20D=0.0237, Momentum_5D=-0.0001, Momen",category_choice,exposure_limits|diversification_offsets|mixed|insufficient_data,diversification_offsets,committed,,,,,
hqa_FTB_b1c0ad1d,fintradebench,F46,Is PayPal's lack of dividend (as of August 2025) a red flag or smart capital allocation?,"[PYPL] Trading/Price Data 2025-08-01 -> 2025-08-31 - AdjClose: first=67.1100, last=70.1900, pct_change=4.59% - Indicators: MA_20=68.9545, MACD=-0.5008, MACD_Signal=-0.8333, RSI=63.2116, EMA_20=69.8192, OBV=43270247.0000, One_Day_Reversal=0.0019, Max_Return_20D=0.0391, Momentum_5D=0.0041, Momentum_20",category_choice,red_flag|smart_allocation|mixed|insufficient_data,smart_allocation,committed,,,,,
hqa_FTB_b538ab74,fintradebench,FT9,Is Adobe too expensive at its September 2025 levels?,"[ADBE] Trading/Price Data 2025-09-01 -> 2025-09-30 - AdjClose: first=345.6300, last=352.7500, pct_change=2.06% - Indicators: MA_20=355.2830, MACD=0.6681, MACD_Signal=0.6693, RSI=52.4383, EMA_20=356.5277, OBV=494552281.0000, One_Day_Reversal=-0.0186, Max_Return_20D=0.0278, Momentum_5D=-0.0250, Moment",yes_no_mixed,yes|no|mixed|insufficient_data,mixed,noncommitted,,,,,
hqa_FTB_b6b11beb,fintradebench,FT30,"Why is Meta outperforming other tech giants in 2025, and is it sustainable?","[META] Trading/Price Data 2025-01-01 -> 2025-12-31 - AdjClose: first=597.8650, last=710.5600, pct_change=18.85% - Indicators: MA_20=752.7938, MACD=-7.5348, MACD_Signal=-1.4335, RSI=27.8812, EMA_20=745.0124, OBV=5272133438.0000, One_Day_Reversal=-0.0227, Max_Return_20D=0.0187, Momentum_5D=-0.0446, Mo",yes_no_mixed,yes|no|mixed|insufficient_data,mixed,noncommitted,,,,,
hqa_FTB_bcda6815,fintradebench,F1,"As of September 2025, is Apple really as profitable as everyone says it is?","[AAPL] Trading/Price Data 2025-09-01 -> 2025-09-30 - AdjClose: first=229.7200, last=254.6300, pct_change=10.84% - Indicators: MA_20=243.1245, MACD=7.4966, MACD_Signal=6.5587, RSI=82.7684, EMA_20=244.6472, OBV=159375777216.0000, One_Day_Reversal=0.0008, Max_Return_20D=0.0431, Momentum_5D=0.0008, Mome",yes_no_mixed,yes|no|mixed|insufficient_data,mixed,noncommitted,,,,,
hqa_FTB_bd71b8fa,fintradebench,F30,Does Meta's valuation make sense after its 2025 recovery?,"[META] Trading/Price Data 2025-01-01 -> 2025-12-31 - AdjClose: first=597.8650, last=710.5600, pct_change=18.85% - Indicators: MA_20=752.7938, MACD=-7.5348, MACD_Signal=-1.4335, RSI=27.8812, EMA_20=745.0124, OBV=5272133438.0000, One_Day_Reversal=-0.0227, Max_Return_20D=0.0187, Momentum_5D=-0.0446, Mo",yes_no_mixed,yes|no|mixed|insufficient_data,mixed,noncommitted,,,,,
hqa_FTB_be3741f7,fintradebench,FT8,Should I buy Netflix after its Q2 2025 earnings beat?,"[NFLX] Trading/Price Data 2025-04-01 -> 2025-06-30 - AdjClose: first=928.3800, last=1339.1300, pct_change=44.24% - Indicators: MA_20=1246.0128, MACD=38.1530, MACD_Signal=31.0583, RSI=80.3536, EMA_20=1250.3667, OBV=2065289735.0000, One_Day_Reversal=0.0121, Max_Return_20D=0.0246, Momentum_5D=0.0683, M",supportive_judgment,supportive|unsupportive|conditional|insufficient_data,unsupportive,committed,,,,,
hqa_FTB_be575006,fintradebench,FT17,"As of Q3 2025, is Intel finally turning around?","[INTC] Trading/Price Data 2025-07-01 -> 2025-09-30 - AdjClose: first=22.8500, last=33.5500, pct_change=46.83% - Indicators: MA_20=27.8705, MACD=2.7412, MACD_Signal=1.9872, RSI=73.8328, EMA_20=29.0855, OBV=12132002275.0000, One_Day_Reversal=-0.0270, Max_Return_20D=0.2277, Momentum_5D=0.1435, Momentum",yes_no_mixed,yes|no|mixed|insufficient_data,mixed,noncommitted,,,,,
hqa_FTB_bfc189ce,fintradebench,F19,"Based on data for the first half of 2025, which is more financially stable: AMD or Intel?","[AMD] Trading/Price Data 2025-01-01 -> 2025-12-31 - AdjClose: first=120.6300, last=164.6700, pct_change=36.51% - Indicators: MA_20=160.0480, MACD=0.6474, MACD_Signal=-0.3632, RSI=57.0681, EMA_20=162.1142, OBV=6598997671.0000, One_Day_Reversal=-0.0298, Max_Return_20D=0.0349, Momentum_5D=0.0327, Momen",company_choice,AMD|INTC|insufficient_data,AMD,committed,,,,,
hqa_FTB_c14e66f4,fintradebench,T8,What NASDAQ 100 names are experiencing momentum divergence in Q2 2025?,"[APP] Trading/Price Data 2025-04-01 -> 2025-06-30 - AdjClose: first=282.7000, last=350.0800, pct_change=23.83% - Indicators: MA_20=369.9935, MACD=-4.4432, MACD_Signal=0.9631, RSI=38.4716, EMA_20=356.1022, OBV=339490594.0000, One_Day_Reversal=0.0488, Max_Return_20D=0.0488, Momentum_5D=0.0438, Momentu",screening_top1,APP|TSLA|COST|TTD|none_clear,APP,committed,,,,,
hqa_FTB_c63078f2,fintradebench,FT21,Should I buy Texas Instruments in August 2025 or wait?,"[TXN] Trading/Price Data 2025-08-01 -> 2025-08-31 - AdjClose: first=180.8600, last=202.4800, pct_change=11.95% - Indicators: MA_20=195.3610, MACD=2.5792, MACD_Signal=1.1239, RSI=85.3484, EMA_20=198.9782, OBV=2984454189.0000, One_Day_Reversal=-0.0079, Max_Return_20D=0.0504, Momentum_5D=-0.0174, Momen",category_choice,buy_now|wait|insufficient_data,wait,committed,,,,,
hqa_FTB_c71bc114,fintradebench,F37,"As of Q3 2025, which generates more cash per dollar of assets: Netflix or Apple?","[NFLX] Trading/Price Data 2025-07-01 -> 2025-09-30 - AdjClose: first=1293.6000, last=1198.9200, pct_change=-7.32% - Indicators: MA_20=1220.7565, MACD=-3.7012, MACD_Signal=-1.3637, RSI=36.8071, EMA_20=1214.4898, OBV=2034961664.0000, One_Day_Reversal=-0.0062, Max_Return_20D=0.0255, Momentum_5D=-0.0160",company_choice,NFLX|AAPL|insufficient_data,AAPL,committed,,,,,
hqa_FTB_c99d1421,fintradebench,F36,"Does AMD use its assets more efficiently after its recent investments, as of August 2025?","[AMD] Trading/Price Data 2025-08-01 -> 2025-08-31 - AdjClose: first=171.7000, last=162.6300, pct_change=-5.28% - Indicators: MA_20=170.8580, MACD=1.3069, MACD_Signal=3.3803, RSI=40.8043, EMA_20=167.7138, OBV=6644358999.0000, One_Day_Reversal=-0.0353, Max_Return_20D=0.0569, Momentum_5D=-0.0306, Momen",yes_no_mixed,yes|no|mixed|insufficient_data,no,committed,,,,,
hqa_FTB_ce7df44f,fintradebench,F41,"As of September 2025, which NASDAQ stocks are best for dividend income investors?","[KHC] Trading/Price Data 2025-09-01 -> 2025-09-30 - AdjClose: first=26.0200, last=26.0400, pct_change=0.08% - Indicators: MA_20=26.3560, MACD=-0.2596, MACD_Signal=-0.2419, RSI=43.1767, EMA_20=26.3436, OBV=-276117404.0000, One_Day_Reversal=0.0132, Max_Return_20D=0.0350, Momentum_5D=-0.0196, Momentum_",screening_top1,KHC|CCEP|CSCO|TXN|none_clear,KHC,committed,,,,,
hqa_FTB_cf81aaf3,fintradebench,FT4,Is NVIDIA's pullback in July 2025 a buying opportunity?,"[NVDA] Trading/Price Data 2025-07-01 -> 2025-07-31 - AdjClose: first=153.2910, last=177.8600, pct_change=16.03% - Indicators: MA_20=169.3334, MACD=7.0918, MACD_Signal=7.1708, RSI=70.0158, EMA_20=169.0433, OBV=166262412151.0000, One_Day_Reversal=-0.0078, Max_Return_20D=0.0404, Momentum_5D=0.0238, Mom",yes_no_mixed,yes|no|mixed|insufficient_data,yes,committed,,,,,
hqa_FTB_d1f8a434,fintradebench,FT7,Has Meta bottomed out after its decline in August 2025?,"[META] Trading/Price Data 2025-08-01 -> 2025-08-31 - AdjClose: first=749.4960, last=738.1940, pct_change=-1.51% - Indicators: MA_20=762.0427, MACD=3.7517, MACD_Signal=8.5422, RSI=39.2329, EMA_20=750.9329, OBV=5351470452.0000, One_Day_Reversal=-0.0165, Max_Return_20D=0.0351, Momentum_5D=-0.0213, Mome",yes_no_mixed,yes|no|mixed|insufficient_data,no,committed,,,,,
hqa_FTB_d23c5d4b,fintradebench,F9,Does Meta's profitability justify its stock price as of September 2025?,"[META] Trading/Price Data 2025-09-01 -> 2025-09-30 - AdjClose: first=734.6060, last=734.3800, pct_change=-0.03% - Indicators: MA_20=756.8771, MACD=-1.1662, MACD_Signal=2.7573, RSI=40.7982, EMA_20=754.4453, OBV=5297292105.0000, One_Day_Reversal=-0.0121, Max_Return_20D=0.0187, Momentum_5D=-0.0278, Mom",yes_no_mixed,yes|no|mixed|insufficient_data,no,committed,,,,,
hqa_FTB_d25b3c9a,fintradebench,T50,What companies offer the best combination of momentum and stability as of Q3 2025?,"[LRCX] Trading/Price Data 2025-07-01 -> 2025-09-30 - AdjClose: first=96.6140, last=133.9000, pct_change=38.59% - Indicators: MA_20=118.8435, MACD=7.7814, MACD_Signal=6.9254, RSI=88.9329, EMA_20=121.2499, OBV=8871501719.0000, One_Day_Reversal=0.0214, Max_Return_20D=0.0766, Momentum_5D=0.0170, Momentu",screening_top1,LRCX|AMAT|MU|WBD|APP|none_clear,LRCX,committed,,,,,
hqa_FTB_d2ece491,fintradebench,T1,"As of August 2025, which NASDAQ 100 stocks are in strong uptrends?","[APP] Trading/Price Data 2025-08-01 -> 2025-08-31 - AdjClose: first=379.1700, last=478.5900, pct_change=26.22% - Indicators: MA_20=438.8540, MACD=23.1724, MACD_Signal=20.3591, RSI=54.1691, EMA_20=437.0793, OBV=400182328.0000, One_Day_Reversal=-0.0107, Max_Return_20D=0.1197, Momentum_5D=0.0836, Momen",screening_top1,APP|INTC|IDXX|SHOP|AAPL|none_clear,APP,committed,,,,,
hqa_FTB_d3935030,fintradebench,F31,"As of mid-2025, which company uses its assets most efficiently: Amazon, Walmart, or Costco?","[AMZN] Trading/Price Data 2025-01-01 -> 2025-12-31 - AdjClose: first=220.2200, last=219.5100, pct_change=-0.32% - Indicators: MA_20=226.6545, MACD=-2.2740, MACD_Signal=-1.4041, RSI=31.0070, EMA_20=224.4044, OBV=48983516465.0000, One_Day_Reversal=-0.0130, Max_Return_20D=0.0151, Momentum_5D=-0.0012, M",company_choice,AMZN|WMT|COST|insufficient_data,COST,committed,,,,,
hqa_FTB_d78b28a8,fintradebench,F33,Is Tesla's manufacturing as efficient as its September 2025 valuation suggests?,"[TSLA] Trading/Price Data 2025-09-01 -> 2025-09-30 - AdjClose: first=329.3600, last=444.7200, pct_change=35.03% - Indicators: MA_20=399.2190, MACD=26.9521, MACD_Signal=24.5006, RSI=78.4302, EMA_20=406.7866, OBV=22958088131.0000, One_Day_Reversal=0.0034, Max_Return_20D=0.0736, Momentum_5D=0.0443, Mom",yes_no_mixed,yes|no|mixed|insufficient_data,no,committed,,,,,
hqa_FTB_d83f425e,fintradebench,F16,Does Amazon's massive infrastructure create financial risk in the current 2025 economy?,"[AMZN] Trading/Price Data 2025-01-01 -> 2025-12-31 - AdjClose: first=220.2200, last=219.5100, pct_change=-0.32% - Indicators: MA_20=226.6545, MACD=-2.2740, MACD_Signal=-1.4041, RSI=31.0070, EMA_20=224.4044, OBV=48983516465.0000, One_Day_Reversal=-0.0130, Max_Return_20D=0.0151, Momentum_5D=-0.0012, M",yes_no_mixed,yes|no|mixed|insufficient_data,no,committed,,,,,
hqa_FTB_db4e96c8,fintradebench,FT6,"As of 2025, is Google a safe investment for my retirement portfolio?","[GOOGL] Trading/Price Data 2025-01-01 -> 2025-12-31 - AdjClose: first=188.8070, last=245.3500, pct_change=29.95% - Indicators: MA_20=245.9905, MACD=7.0959, MACD_Signal=9.3381, RSI=36.5780, EMA_20=241.5893, OBV=29434712013.0000, One_Day_Reversal=-0.0014, Max_Return_20D=0.0449, Momentum_5D=-0.0048, Mo",yes_no_mixed,yes|no|mixed|insufficient_data,no,committed,,,,,
hqa_FTB_dbf9cd4e,fintradebench,T21,"Which stocks are furthest from their moving averages as of September 15, 2025?","[INTC] Trading/Price Data 2025-01-01 -> 2025-12-31 - AdjClose: first=20.2200, last=36.8300, pct_change=82.15% - Indicators: MA_20=29.7190, MACD=3.2805, MACD_Signal=2.5576, RSI=78.3631, EMA_20=31.0653, OBV=12318654235.0000, One_Day_Reversal=-0.0126, Max_Return_20D=0.2277, Momentum_5D=0.0375, Momentum",screening_top1,INTC|MU|LRCX|AMAT|MRVL|none_clear,INTC,committed,,,,,
hqa_FTB_e105af3a,fintradebench,T19,"As of September 1, 2025, which NASDAQ stocks are prime candidates for mean reversion trades?","[INTC] Trading/Price Data 2025-01-01 -> 2025-12-31 - AdjClose: first=20.2200, last=36.8300, pct_change=82.15% - Indicators: MA_20=29.7190, MACD=3.2805, MACD_Signal=2.5576, RSI=78.3631, EMA_20=31.0653, OBV=12318654235.0000, One_Day_Reversal=-0.0126, Max_Return_20D=0.2277, Momentum_5D=0.0375, Momentum",screening_top1,INTC|MRVL|TRI|COST|none_clear,INTC,committed,,,,,
hqa_FTB_e67cda66,fintradebench,F18,"As of September 2025, is Meta's debt from acquisitions manageable?","[META] Trading/Price Data 2025-09-01 -> 2025-09-30 - AdjClose: first=734.6060, last=734.3800, pct_change=-0.03% - Indicators: MA_20=756.8771, MACD=-1.1662, MACD_Signal=2.7573, RSI=40.7982, EMA_20=754.4453, OBV=5297292105.0000, One_Day_Reversal=-0.0121, Max_Return_20D=0.0187, Momentum_5D=-0.0278, Mom",yes_no_mixed,yes|no|mixed|insufficient_data,yes,committed,,,,,
hqa_FTB_e86f8f22,fintradebench,F25,"As of September 2025, which offers better value: Netflix or Disney?","[NFLX] Trading/Price Data 2025-09-01 -> 2025-09-30 - AdjClose: first=1214.1100, last=1198.9200, pct_change=-1.25% - Indicators: MA_20=1220.7565, MACD=-3.7012, MACD_Signal=-1.3637, RSI=36.8071, EMA_20=1214.4898, OBV=2034961664.0000, One_Day_Reversal=-0.0062, Max_Return_20D=0.0255, Momentum_5D=-0.0160",company_choice,NFLX|DIS|insufficient_data,insufficient_data,noncommitted,,,,,
hqa_FTB_e8cac668,fintradebench,F20,"As of August 2025, should I be concerned about Meta's acquisition debt?","[META] Trading/Price Data 2025-08-01 -> 2025-08-31 - AdjClose: first=749.4960, last=738.1940, pct_change=-1.51% - Indicators: MA_20=762.0427, MACD=3.7517, MACD_Signal=8.5422, RSI=39.2329, EMA_20=750.9329, OBV=5351470452.0000, One_Day_Reversal=-0.0165, Max_Return_20D=0.0351, Momentum_5D=-0.0213, Mome",yes_no_mixed,yes|no|mixed|insufficient_data,no,committed,,,,,
hqa_FTB_eb2cbcf8,fintradebench,FT37,"In 2025, is Amazon's retail business a drag on valuation, or does it provide strategic moats?","[AMZN] Trading/Price Data 2025-01-01 -> 2025-12-31 - AdjClose: first=220.2200, last=219.5100, pct_change=-0.32% - Indicators: MA_20=226.6545, MACD=-2.2740, MACD_Signal=-1.4041, RSI=31.0070, EMA_20=224.4044, OBV=48983516465.0000, One_Day_Reversal=-0.0130, Max_Return_20D=0.0151, Momentum_5D=-0.0012, M",category_choice,drag|strategic_moats|mixed|insufficient_data,strategic_moats,committed,,,,,
hqa_FTB_ec033720,fintradebench,F43,Is Apple's dividend safe given its high debt load as of Q3 2025?,"[AAPL] Trading/Price Data 2025-07-01 -> 2025-09-30 - AdjClose: first=207.5820, last=254.6300, pct_change=22.66% - Indicators: MA_20=243.1245, MACD=7.4966, MACD_Signal=6.5587, RSI=82.7684, EMA_20=244.6472, OBV=159375777216.0000, One_Day_Reversal=0.0008, Max_Return_20D=0.0431, Momentum_5D=0.0008, Mome",yes_no_mixed,yes|no|mixed|insufficient_data,yes,committed,,,,,
hqa_FTB_efa9dd7c,fintradebench,F42,"In 2025, does Microsoft return more capital to shareholders than Apple?","[AAPL] Trading/Price Data 2025-01-01 -> 2025-12-31 - AdjClose: first=243.0040, last=258.0200, pct_change=6.18% - Indicators: MA_20=245.7575, MACD=7.4241, MACD_Signal=6.9845, RSI=79.6440, EMA_20=247.8386, OBV=159516277009.0000, One_Day_Reversal=0.0035, Max_Return_20D=0.0431, Momentum_5D=0.0100, Momen",yes_no_mixed,yes|no|mixed|insufficient_data,no,committed,,,,,
hqa_FTB_efef99db,fintradebench,FT35,Is Microsoft's premium valuation in mid-2025 justified by its positioning?,"[MSFT] Trading/Price Data 2025-01-01 -> 2025-12-31 - AdjClose: first=416.2980, last=517.3500, pct_change=24.27% - Indicators: MA_20=510.3180, MACD=2.3579, MACD_Signal=1.4172, RSI=52.0162, EMA_20=512.2722, OBV=14653349548.0000, One_Day_Reversal=0.0031, Max_Return_20D=0.0186, Momentum_5D=0.0115, Momen",yes_no_mixed,yes|no|mixed|insufficient_data,yes,committed,,,,,
hqa_FTB_f22fb1fd,fintradebench,F5,"Does Amazon actually make money despite its low profit margins, based on 2025 data?","[AMZN] Trading/Price Data 2025-01-01 -> 2025-12-31 - AdjClose: first=220.2200, last=219.5100, pct_change=-0.32% - Indicators: MA_20=226.6545, MACD=-2.2740, MACD_Signal=-1.4041, RSI=31.0070, EMA_20=224.4044, OBV=48983516465.0000, One_Day_Reversal=-0.0130, Max_Return_20D=0.0151, Momentum_5D=-0.0012, M",yes_no_mixed,yes|no|mixed|insufficient_data,yes,committed,,,,,
hqa_FTB_f305a77d,fintradebench,F21,Is Microsoft cheaper or more expensive than Apple in September 2025?,"[MSFT] Trading/Price Data 2025-09-01 -> 2025-09-30 - AdjClose: first=505.1200, last=517.9500, pct_change=2.54% - Indicators: MA_20=508.0940, MACD=1.5800, MACD_Signal=0.6328, RSI=65.4211, EMA_20=510.4329, OBV=14636827777.0000, One_Day_Reversal=0.0065, Max_Return_20D=0.0186, Momentum_5D=0.0171, Moment",company_choice,MSFT|AAPL|similar|insufficient_data,MSFT,committed,,,,,
hqa_FTB_f88a6a4d,fintradebench,F32,"Why do software companies (like Adobe, Nvidia) have such high profit margins in 2025?","[NVDA] Trading/Price Data 2025-01-01 -> 2025-12-31 - AdjClose: first=138.2810, last=187.6200, pct_change=35.68% - Indicators: MA_20=178.7130, MACD=3.1174, MACD_Signal=1.8756, RSI=62.1522, EMA_20=180.5387, OBV=166450717998.0000, One_Day_Reversal=-0.0067, Max_Return_20D=0.0393, Momentum_5D=0.0529, Mom",open_summary_with_canonical_claim,claim_true|claim_false|mixed,claim_true,committed,,,,,
hqa_FTB_fbfe6a99,fintradebench,FT38,"Is Alphabet's search dominance under threat in 2025, and how do fundamentals reflect this risk?","[GOOGL] Trading/Price Data 2025-01-01 -> 2025-12-31 - AdjClose: first=188.8070, last=245.3500, pct_change=29.95% - Indicators: MA_20=245.9905, MACD=7.0959, MACD_Signal=9.3381, RSI=36.5780, EMA_20=241.5893, OBV=29434712013.0000, One_Day_Reversal=-0.0014, Max_Return_20D=0.0449, Momentum_5D=-0.0048, Mo",yes_no_mixed,yes|no|mixed|insufficient_data,no,committed,,,,,
hqa_FTB_fd6ae1be,fintradebench,F14,Is PayPal overleveraged after its 2024-2025 acquisition spree?,"[PYPL] Trading/Price Data 2024-01-01 -> 2024-12-31 - AdjClose: first=61.4600, last=85.3500, pct_change=38.87% - Indicators: MA_20=88.2888, MACD=0.1773, MACD_Signal=0.8167, RSI=40.1159, EMA_20=87.2924, OBV=86011975.0000, One_Day_Reversal=-0.0009, Max_Return_20D=0.0492, Momentum_5D=-0.0178, Momentum_2",yes_no_mixed,yes|no|mixed|insufficient_data,no,committed,,,,,
hqa_FTB_fe6a9406,fintradebench,FT47,Is Broadcom's AI networking opportunity properly valued in its August 2025 metrics?,"[AVGO] Trading/Price Data 2025-08-01 -> 2025-08-31 - AdjClose: first=288.1380, last=296.8730, pct_change=3.03% - Indicators: MA_20=300.3974, MACD=3.3372, MACD_Signal=4.5668, RSI=45.1231, EMA_20=297.3921, OBV=6447840015.0000, One_Day_Reversal=-0.0365, Max_Return_20D=0.0315, Momentum_5D=0.0115, Moment",category_choice,underpriced|fully_priced|overpriced|insufficient_data,fully_priced,committed,,,,,
hqa_TAT_012fd386,tatqa,9e20f513-7488-4bdc-9937-9c4664d3bd63,What is the change in future minimum commitments of Operating Leases from 2020 to 2021?,"At December 31, 2019 | Operating Leases | Finance Lease 2020 | $92,404 | $4,172 2021 | 91,164 | 4,161 2022 | 107,654 | 4,161 2023 | 43,015 | 4,161 2024 | 9,168 | 4,172 Thereafter | 4,534 | 17,180 Net minimum lease payments | 347,939 | 38,007 Less: present value discount | 40,891 | 10,448 Total lease",directional_change,increased|decreased|roughly_unchanged|insufficient_data,decreased,committed,,,,,
hqa_TAT_01a95475,tatqa,d1be96ba-f363-46a4-ab0c-946c28350ffb,What is the change in number of unvested shares between 2018 and 2019?,"| Number of Shares | Weighted- Average Grant Date Fair Value Unvested shares at December 31, 2018 | 4,117 | $41.94 Granted | 1,589 | 55.69 Forfeited | (510) | 45.72 Vested | (1,440) | 40.61 Unvested shares at December 31, 2019 | 3,756 | $47.76 Restricted Stock Units RSU activity is summarized as fol",directional_change,increased|decreased|roughly_unchanged|insufficient_data,decreased,committed,,,,,
hqa_TAT_02243e2b,tatqa,be7de361-932c-44ee-94dc-f0f9675d284e,What was the change in the Diluted weighted average number of shares outstanding from 2017 to 2018?,"| | Year Ended | | January 3, 2020 | December 28, 2018 | December 29, 2017 | | (in millions) | Basic weighted average number of shares outstanding | 143 | 151 | 152 Dilutive common share equivalents—stock options and other stock awards | 2 | 2 | 2 Diluted weighted average number of shares outstandin",directional_change,increased|decreased|roughly_unchanged|insufficient_data,decreased,committed,,,,,
hqa_TAT_0311c156,tatqa,a06d320b-a2cb-4f0e-a820-b386a11cfbf4,What was the percentage change in Forward interest rate swaps in 2019 from 2018?,"| | Amount Reclassified from AOCI | | | Years Ended June 30, | ($ in millions) (a) | Location of gain (loss) | 2019 | 2018 Details about AOCI Components | | | Cash flow hedging items | | | Commodity contracts | Cost of sales | $5.1 | $1.8 Foreign exchange contracts | Net sales | 1.0 | (1.0) Forward ",directional_change,increased|decreased|roughly_unchanged|insufficient_data,roughly_unchanged,noncommitted,,,,,
hqa_TAT_03ae1450,tatqa,1ab6523a-2eb5-40a5-8bc9-024460215754,"What was the percentage change in income taxes paid, net of refunds between 2018 and 2019?","| | Year Ended | | April 26, 2019 | April 27, 2018 | April 28, 2017 Non-cash Investing and Financing Activities: | | | Capital expenditures incurred but not paid | $ 9 | $ 24 | $ 19 Non-cash extinguishment of sale-leaseback financing obligations | $ — | $ 130 | $ 19 Supplemental Cash Flow Informatio",directional_change,increased|decreased|roughly_unchanged|insufficient_data,increased,committed,,,,,
hqa_TAT_04288964,tatqa,440ba864-477e-4a9d-bbbd-bcb8cf287ff6,What was the change in percent of revenue between 2018 and 2019?,"| | Year Ended December 31, | | 2019 | 2018 | 2017 | | (dollars in thousands) | Sales and marketing | $227,733 | $224,635 | $240,271 Percent of revenue | 39.5% | 41.8% | 49.9% Sales and Marketing Sales and marketing expenses increased $3.1 million, or 1%, in 2019 as compared to 2018. As a percentage",directional_change,increased|decreased|roughly_unchanged|insufficient_data,decreased,committed,,,,,
hqa_TAT_047c477a,tatqa,0f8301c3-a9b3-4efb-a9af-7d073f26e5f8,What was the change in the Total income tax expense between 2018 and 2019?,"| | Year ended December 31, | | 2019 | 2018 | 2017 Current: | | | Federal | $39.5 | $35.0 | $10.4 State | 9.7 | 9.4 | 5.3 Foreign | 0.9 | 0.8 | 0.9 Total current | 50.1 | 45.2 | 16.6 Deferred: | | | Federal | (0.2) | (2.3) | (87.5) State | (8.0) | (5.2) | 9.1 Total deferred | (8.2) | (7.5) | (78.4) ",directional_change,increased|decreased|roughly_unchanged|insufficient_data,increased,committed,,,,,
hqa_TAT_050b0de5,tatqa,6bddb83a-5588-4a7f-9588-3ecb660047d4,"What is the change in Facility Leases from Year Ending March 31, 2022 to 2023?","Year Ending March 31, | Capital Leases | Facility Leases | Data Centers 2020 | $ 918 | $ 10,649 | $ 21,216 2021 | 1,102 | 15,186 | 17,427 2022 | 326 | 14,111 | 13,010 2023 | — | 13,825 | 2,774 2024 | — | 13,686 | 356 Thereafter | — | 59,502 | — Total minimum lease payments | $ 2,346 | $ 126,959 | $ ",directional_change,increased|decreased|roughly_unchanged|insufficient_data,decreased,committed,,,,,
hqa_TAT_0559e7fb,tatqa,3fb36677-4b18-4c1a-879e-0cdc1a903a57,What was the change in Forward interest rate swaps in 2019 from 2018?,"| | Amount Reclassified from AOCI | | | Years Ended June 30, | ($ in millions) (a) | Location of gain (loss) | 2019 | 2018 Details about AOCI Components | | | Cash flow hedging items | | | Commodity contracts | Cost of sales | $5.1 | $1.8 Foreign exchange contracts | Net sales | 1.0 | (1.0) Forward ",directional_change,increased|decreased|roughly_unchanged|insufficient_data,roughly_unchanged,noncommitted,,,,,
hqa_TAT_05876add_masked,tatqa,35dac8cf-104c-4f5c-ab03-361cea5e42fb,What was the change in the cash at bank?,"| 2019 | 2018 | $ million | $ million Short-term bank deposits | 79.3 | 63.9 | 183.2 | 121.6 22. Cash and cash equivalents Cash at bank earns interest at floating interest rates. Of the total cash and cash equivalents balance, $79.3 million (2018 $63.9 million) is callable at notice of three months ",directional_change,increased|decreased|roughly_unchanged|insufficient_data,insufficient_data,noncommitted,,,,,CONSTRUCTED - verify the masked evidence really cannot answer the question
hqa_TAT_05b2d6cc_masked,tatqa,b4e1946b-4ac4-4d54-9560-386497b0c5a8,"What is the change between the value of machinery, equipment and furniture between 2018 and 2019?","| 2019 | 2018 Buildings and building improvements | $2,692 | $2,790 | 59,849 | 60,293 Less, accumulated depreciation | (46,811 ) | (46,166) | $13,038 | $ 14,127 7. Property, Plant and Equipment and Leases Property, plant and equipment at April 30, 2019 and 2018, consisted of the following (in thousa",directional_change,increased|decreased|roughly_unchanged|insufficient_data,insufficient_data,noncommitted,,,,,CONSTRUCTED - verify the masked evidence really cannot answer the question
hqa_TAT_05f1a847,tatqa,91e9adc1-36cf-4f8a-bcb6-1642d82b7903,What was the percentage change in the total net property and equipment between 2019 and 2020?,"| January 1, 2020 | February 1, 2019 United States | $860 | $849 International | 209 | 113 Total | $1,069 | $962 Long-lived assets by geographic area, which primarily include property and equipment, net, as of the periods presented were as follows (table in millions): No individual country other tha",directional_change,increased|decreased|roughly_unchanged|insufficient_data,increased,committed,,,,,
hqa_TAT_0643bf32_masked,tatqa,d9f8146d-7566-48ce-b531-cd5f3fd6c966,What is the change in total revenues between 2018 and 2019?,"Year Ended December 31, | | | 2019 | 2018 Asia Pacific | | Travel | $6,274 | $7,351 Local | 216 | 508 Total Asia Pacific revenues | 6,490 | 7,859 Europe | | Travel | 32,081 | 30,856 Local | 4,817 | 5,293 Total Europe revenues | 36,898 | 36,149 North America | | Travel | 57,863 | 56,145 Local | 10,16",directional_change,increased|decreased|roughly_unchanged|insufficient_data,insufficient_data,noncommitted,,,,,CONSTRUCTED - verify the masked evidence really cannot answer the question
hqa_TAT_066c160b,tatqa,2d2efe81-5ca7-4243-927c-d698b5256bad,What was the change in issued capital in 2019 from 2018?,"SELECTED FINANCIAL DATA: IFRS | | | | | € millions, unless otherwise stated | 2019 | 2018 | 2017 | 2016 | 2015 Income Statement Data: Years ended December 31, | | | | | Cloud revenue | 6,933 | 4,993 | 3,769 | 2,993 | 2,286 Software licenses and support revenue | 16,080 | 15,628 | 15,780 | 15,431 | 1",directional_change,increased|decreased|roughly_unchanged|insufficient_data,roughly_unchanged,noncommitted,,,,,
hqa_TAT_06a4e26c,tatqa,21adea99-0717-4f62-a031-41581541f66b,What is the change in Term loans - principal payments from Fiscal Year 2021 to 2020?,"| | Payments Due In Fiscal Year | | | 2020 | 2021 | 2022 | Total Term loans - principal payments | $42,838 | $7,838 | $7,838 | $58,514 Term loans - interest payments(1) | 777 | 155 | 47 | 979 Total | $43,615 | $7,993 | $7,885 | $59,493 FRT Term Loan On October 25, 2019, we entered into a $23.4 milli",directional_change,increased|decreased|roughly_unchanged|insufficient_data,decreased,committed,,,,,
hqa_TAT_0707c22d_masked,tatqa,6de594b4-f953-4e56-852e-a9eaadb08ec7,What is the percentage change in the earnings before income taxes from 2018 to 2019?,"FOR THE YEAR ENDED DECEMBER 31 | 2019 | 2018 Net earnings | 3,253 | 2,973 Add back income taxes | 1,133 | 995 Applicable statutory tax rate | 27.0% | 27.0% Income taxes computed at applicable statutory rates | (1,184) | (1,071) Non-taxable portion of gains (losses) on investments | 4 | (9) Uncertain",directional_change,increased|decreased|roughly_unchanged|insufficient_data,insufficient_data,noncommitted,,,,,CONSTRUCTED - verify the masked evidence really cannot answer the question
hqa_TAT_07400149,tatqa,79faca5c-720f-4eb7-bc7f-5e3e77444645,What is the percentage change in revenue between 2018 and 2019?,"| 2019 | 2018 | 2017 Statements of Operations: | | | Revenue | $10,310 | $12,629 | $12,149 Cost of revenue | 4,405 | 6,295 | 6,627 Gross profit | 5,905 | 6,334 | 5,522 Operating expenses: | | | Research and development | 12,350 | 9,948 | 9,572 Selling, general and administrative | 8,918 | 9,982 | 9,",directional_change,increased|decreased|roughly_unchanged|insufficient_data,decreased,committed,,,,,
hqa_TAT_074c9c0f,tatqa,49928e8f-c0da-4800-b260-851f6aa61c66,"What is the change in Assets: Voyage receivables from Balance at December 31, 2017 to January 1, 2018?","| Balance at December 31, 2017 | Adjustments Due to ASC 606 | Balance at January 1, 2018 Assets | | | Voyage receivables | $24,209 | $1,336 | $25,545 Liabilities | | | Deferred income taxes | 83,671 | (108) | 83,563 Equity | | | Accumulated deficit | (265,758) | (1,228) | (266,986) Adoption of ASC 6",directional_change,increased|decreased|roughly_unchanged|insufficient_data,increased,committed,,,,,
hqa_TAT_07f0208b_masked,tatqa,33fead4b-2f0c-4dd3-a95f-da7b84111861,What was the change in the Effect of other dilutive securities between 2018 and 2019?,"| | For the Year Ended | | January 31, 2020 | February 1, 2019 | February 2, 2018 Net income attributable to VMware, Inc. | $6,412 | $1,650 | $437 Weighted-average shares, basic for Classes A and B | 417,058 | 413,769 | 410,315 Weighted-average shares, diluted for Classes A and B | 425,235 | 421,131",directional_change,increased|decreased|roughly_unchanged|insufficient_data,insufficient_data,noncommitted,,,,,CONSTRUCTED - verify the masked evidence really cannot answer the question
hqa_TAT_0929fff7_masked,tatqa,bb2de5ba-6926-4ca3-ae67-5fe2264b1b59,What is the change in Basic earnings(loss) per share between 2018 and 2019?,"| | Year Ended February 28, | | 2019 | 2018 | 2017 Net income (loss) | $18,398 | $16,617 | $(7,904) Basic weighted average number of common shares outstanding | 34,589 | 35,250 | 35,917 Effect of stock options and restricted stock units computed on | | | treasury stock method | 705 | 889 | - Diluted",directional_change,increased|decreased|roughly_unchanged|insufficient_data,insufficient_data,noncommitted,,,,,CONSTRUCTED - verify the masked evidence really cannot answer the question
hqa_TAT_09b00e53,tatqa,12a08d77-f9f7-48ef-afca-475c6d943953,What was the change in the the total remuneration to the auditor in 2019 from 2018?,USDm | 2019 | 2018 | 2017 Audit fees | | | Fees payable to the Company's auditor for the audit of the Company's annual accounts | 0.4 | 0.4 | 0.4 Audit of the Company's subsidiaries pursuant to legislation | 0.2 | 0.2 | 0.2 Total audit fees | 0.6 | 0.6 | 0.6 Non-audit fees | | | Audit-related servic,directional_change,increased|decreased|roughly_unchanged|insufficient_data,decreased,committed,,,,,
hqa_TAT_09e2d555,tatqa,a95b555e-108d-40f9-97b7-7890f3df06e4,What is the percentage change in Non-U.S. benefit payments expected to be paid in Fiscal 2023 from Fiscal 2022?,"| Non-U.S. Plans | U.S. Plans | | (in millions) Fiscal 2020 | $ 82 | $ 77 Fiscal 2021 | 77 | 74 Fiscal 2022 | 81 | 74 Fiscal 2023 | 85 | 74 Fiscal 2024 | 86 | 74 Fiscal 2025-2029 | 490 | 361 Our common shares are not a direct investment of our pension funds; however, the pension funds may indirectly",directional_change,increased|decreased|roughly_unchanged|insufficient_data,increased,committed,,,,,
hqa_TAT_0a09e45a,tatqa,8db393b1-7ef7-414a-87f0-946baa31cfe3,What was the change in unearned revenue between 2018 and 2019?,"| As of | | December 31, 2019 | December 31, 2018 Deferred rent liability | $— | $506.7 Unearned revenue | 525.9 | 504.6 Other miscellaneous liabilities | 411.1 | 253.8 Other non-current liabilities | $937.0 | $1,265.1 AMERICAN TOWER CORPORATION AND SUBSIDIARIES NOTES TO CONSOLIDATED FINANCIAL STATE",directional_change,increased|decreased|roughly_unchanged|insufficient_data,increased,committed,,,,,
hqa_TAT_0a4b6243,tatqa,0026dd98-75c7-4e4e-b7f2-283c6281180d,What was the percentage change in Current income tax expense (benefit) in 2019 from 2018?,| | Fiscal | | 2019 | 2018 | 2017 | | (in millions) | Current income tax expense (benefit): | | | U.S.: | | | Federal | $ (28) | $ 20 | $ (9) State | 2 | 21 | 9 Non-U.S. | 229 | 406 | 322 | 203 | 447 | 322 Deferred income tax expense (benefit): | | | U.S.: | | | Federal | (25) | 499 | (119) State | ,directional_change,increased|decreased|roughly_unchanged|insufficient_data,decreased,committed,,,,,
hqa_TAT_0adf8608,tatqa,9a32022f-267e-49c4-a619-10fb19eb237c,"What was the percentage change in the Property, plant and equipment between 2018 and 2019?","| 2019 | 2018 Deferred income tax assets: | | Loss/credit carryforwards | $28,391 | $27,915 Inventories | 16,809 | 6,459 Accrued benefits | 15,834 | 14,459 Other | 3,353 | 3,450 Total gross deferred income tax assets | 64,387 | 52,283 Less valuation allowances | (29,170) | (28,369) Deferred income t",directional_change,increased|decreased|roughly_unchanged|insufficient_data,increased,committed,,,,,
hqa_TAT_0b00eeea,tatqa,78ed502d-06cd-4ca1-8477-02d210db2477,What is the percentage change in the Depreciation and amortization expense from 2018 to 2019?,"| 2019 | 2018 Development test equipment | $16,461 | $19,110 Computer software | 76,134 | 76,134 Office equipment | 66,685 | 61,367 Office fixtures and furniture | 330,568 | 330,568 Leasehold improvements | 18,016 | 18,016 Total | 507,864 | 505,195 Accumulated depreciation and amortization | (321,33",directional_change,increased|decreased|roughly_unchanged|insufficient_data,decreased,committed,,,,,
hqa_TAT_0b13636c,tatqa,7ee3c57e-2a4e-4a66-aa8f-bfd883bb9f67,What was the change in total backlog in 2019 from 2018?,"| | Fiscal Year End | 2019 | 2018 | | (in millions) Transportation Solutions | $ 1,639 | $ 1,779 Industrial Solutions | 1,315 | 1,245 Communications Solutions | 361 | 441 Total | $ 3,315 | $ 3,465 Seasonality and Backlog We experience a slight seasonal pattern to our business. Overall, the third and",directional_change,increased|decreased|roughly_unchanged|insufficient_data,decreased,committed,,,,,
hqa_TAT_0b25bb8e,tatqa,a477aa8e-3fda-4827-9917-1603980ea044,What was the change in the Discount rate between 2018 and 2019?,"| Year Ended March 31, | | 2019 | 2018 Projected benefit obligation at the beginning of the year | $61.0 | $50.4 Additions due to acquisition of Microsemi | 9.8 | — Service cost | 1.5 | 2.2 Interest cost | 1.1 | 1.0 Actuarial losses | 6.0 | 0.7 Benefits paid | (0.9) | (0.8) Foreign currency exchange",directional_change,increased|decreased|roughly_unchanged|insufficient_data,roughly_unchanged,noncommitted,,,,,
hqa_TAT_0b41ae70,tatqa,863af13c-199b-4342-b421-89f27482e830,What was the change in audit fees from 2018 to 2019?,"| 2018 | 2019 | (Expressed in millions of U.S. Dollars) | Audit fees | $1.8 | $1.7 Total fees | $1.8 | $1.7 ITEM 16.C. PRINCIPAL ACCOUNTANT FEES AND SERVICES Deloitte LLP, an independent registered public accounting firm, has audited our annual financial statements acting as our independent auditor ",directional_change,increased|decreased|roughly_unchanged|insufficient_data,decreased,committed,,,,,
hqa_TAT_0cea870c,tatqa,9e2b9ab6-b13a-4406-a5f1-311e21a293f1,What was the percentage change in the Income tax benefit between 2018 and 2019?,"| | Year Ended March 31, | | 2019 | 2018 | 2017 Cost of sales (1) | $14.9 | $13.8 | $18.7 Research and development | 72.0 | 42.5 | 46.8 Selling, general and administrative | 62.3 | 36.9 | 62.6 Special (income) charges and other, net | 17.2 | — | — Pre-tax effect of share-based compensation | 166.4 |",directional_change,increased|decreased|roughly_unchanged|insufficient_data,increased,committed,,,,,
hqa_TAT_0d20728a_masked,tatqa,a2420f39-7430-4b9e-a076-c75223f6280d,What is the change in Diluted weighted-average shares outstanding between 2018 and 2019?,"Years ended December 31, | | | | 2019 | 2018 | 2017 Basic weighted-average shares outstanding | 103.9 | 103.2 | 102.2 Effect of potential common stock: | | | Common stock awards | 1.2 | 1.2 | 1.3 Earnings per Share—Basic earnings per share were calculated using net earnings and the weighted-average ",directional_change,increased|decreased|roughly_unchanged|insufficient_data,insufficient_data,noncommitted,,,,,CONSTRUCTED - verify the masked evidence really cannot answer the question
hqa_TAT_0df01378,tatqa,06a9fa0d-0036-4af1-b68a-67973229e0a8,What was the change in total inventories?,| 2019 | 2018 | $ million | $ million Raw materials | 4.8 | 6.6 Work in progress | 1.2 | 1.2 Finished goods¹ | 14.6 | 19.7 | 20.6 | 27.5 19. Inventories Note 1. Finished goods in 2018 includes $1.8 million relating to deferred costs which has been reclassified from trade and other receivables; see n,directional_change,increased|decreased|roughly_unchanged|insufficient_data,decreased,committed,,,,,
hqa_TAT_0f4722f1_masked,tatqa,f1397c38-a7f5-425b-8e5d-05cdf9468572,What was the total percentage change in the Net periodic benefit cost between 2017 and 2019?,"| | Pension | | 2019 | 2018 | 2017 Service cost | $1,437 | $1,063 | $1,068 Interest cost | 3,715 | 3,807 | 2,942 Expected long-term return on plan assets | (5,291) | (5,954) | (4,206) Recognized actuarial loss | 741 | 1,127 | 1,929 Amortization of prior service credit | (44) | (88) | (138) Net settl",directional_change,increased|decreased|roughly_unchanged|insufficient_data,insufficient_data,noncommitted,,,,,CONSTRUCTED - verify the masked evidence really cannot answer the question
hqa_TAT_0f55b967,tatqa,9a436e2d-74fc-4006-876f-413e86569069,What was the change in adjusted EBITDA between 2016 and 2017?,"| 2015 2 | 2016 3 | 2017 4 | 2018 4,5 | 2019 4 Adjusted EBITDA | $3,206 | $3,743 | $4,149 | $4,725 | $4,917 Cash Taxes | (107) | (98) | (137) | (172) | (168) Maintenance Capex | (124) | (159) | (115) | (150) | (160) Corporate Capex | (26) | (27) | (17) | (9) | (11) Numerator | $2,948 | $3,459 | $3,8",directional_change,increased|decreased|roughly_unchanged|insufficient_data,increased,committed,,,,,
hqa_TAT_0f6f7ec2,tatqa,ea8abef1-1326-452e-9b4d-1f62ba1c37cf,What was the change in total assets in FY2019 from FY2018?,"€ million | 30/9/2018 | 30/9/2019 Non-current assets | | Intangible assets | 1,001 | 939 Tangible assets | 2 | 3 Financial assets | 9.157 | 9,005 | 10.160 | 9,947 Current assets | | Receivables and other assets | 6,882 | 8,218 Cash on hand, bank deposits and cheques | 335 | 44 | 7,217 | 8,262 Deferr",directional_change,increased|decreased|roughly_unchanged|insufficient_data,increased,committed,,,,,
hqa_TAT_10183a57,tatqa,045cf854-cb0b-459a-a1a0-a643e9d545da,What was the percentage change in net computer software between 2018 and 2019?,"| December 31, | | 2019 | 2018 Internally developed software | $808.2 | $746.0 Purchased software | 78.9 | 60.7 Computer software | 887.1 | 806.7 Accumulated amortization | (481.1) | (401.1) Computer software, net | $406.0 | $405.6 (8) Computer Software Computer software, net consists of the followi",directional_change,increased|decreased|roughly_unchanged|insufficient_data,roughly_unchanged,noncommitted,,,,,
hqa_TAT_101f5581,tatqa,e6747b16-7b9f-4a3e-82f3-97dd2115cff3,What is the change in the adjusted net income between 2018 and 2019?,"| | Fiscal Year Ended | | December 27, 2019 | December 28, 2018 | December 29, 2017 Numerator: | | | Net income | $24,193 | $20,402 | $14,366 Add effect of dilutive securities | | | Interest on convertible notes, net of tax | 207 | 362 | 536 Adjusted net income | $24,400 | $20,764 | $14,902 Denomina",directional_change,increased|decreased|roughly_unchanged|insufficient_data,increased,committed,,,,,
hqa_TAT_11613bbe,tatqa,31dc99c2-95e3-4ee1-9a98-2e4bad66af6c,What is the percentage change in the total plan assets between 2018 and 2019?,"| | | | Fair value as of | | | | | September 30, 2019 | | | | September 30, 2018 | | | | Fair Value Measurements Using Inputs Considered as | | | | Fair Value Measurements Using Inputs Considered as | | | Asset category | Total | Level 1 | Level 2 | Level 3 | Total | Level 1 | Level 2 | Level 3 Cash",directional_change,increased|decreased|roughly_unchanged|insufficient_data,roughly_unchanged,noncommitted,,,,,
hqa_TAT_11c59f9f,tatqa,f5fd4abb-d7fe-489c-a3bf-cba8b9be1377,What is the percentage change in the interest paid between 2018 and 2019?,"Year Ended December 31, | | | 2019 | 2018 Supplemental disclosure of cash flow information | | Income taxes paid | $318 | $15 Interest paid | $5,909 | $5,885 Interest received | — | 13 Noncash investing and financing activities | | Purchases of property and equipment (including internal use software",directional_change,increased|decreased|roughly_unchanged|insufficient_data,roughly_unchanged,noncommitted,,,,,
hqa_TAT_120650c4,tatqa,e2a8e5a0-afb2-4432-bc16-c8a666ac52ff,What was the change in the amount of U.S Tax Reform between 2018 and 2019?,"| 2019 | 2018 Diluted earnings per share, as reported (GAAP) | $3.50 | $0.38 Restructuring costs, net of tax | 0.05 | — U.S. Tax Reform | 0.23 | 2.46 Accumulated foreign earnings assertion | (0.35) | One-time employee bonus, net of tax | — | 0.39 Diluted earnings per share, as adjusted (non-GAAP) (1",directional_change,increased|decreased|roughly_unchanged|insufficient_data,decreased,committed,,,,,
hqa_TAT_12cd58e4,tatqa,645de0bf-85d7-4729-834a-d4ebbf6217b6,What was the percentage change in the Weighted-Average Grant-Date Fair Value for nonvested shares in 2019 from 2018?,"| Shares | Weighted-Average Grant-Date Fair Value Nonvested at fiscal year end 2018 | 1,631,470 | $ 75.39 Granted | 692,899 | 77.77 Vested | (689,040) | 70.31 Forfeited | (232,910) | 78.80 Nonvested at fiscal year end 2019 | 1,402,419 | $ 78.36 Restricted Share Awards Restricted share awards, which ",directional_change,increased|decreased|roughly_unchanged|insufficient_data,increased,committed,,,,,
hqa_TAT_12e27eaa,tatqa,03e1ffb8-f176-456a-b4ea-35a47c240941,What was the change in operating profit between 2018 and 2019?,"| Year Ended December 31, | | 2019 | 2018 Total revenue | $529,646 | $414,673 Total costs and expenses | 408,693 | 261,883 Operating profit | 120,953 | 152,790 Total other income (expense), net | (22,297) | (19,276) Net income | $98,656 | $133,514 GreenSky, Inc. NOTES TO CONSOLIDATED FINANCIAL STATE",directional_change,increased|decreased|roughly_unchanged|insufficient_data,decreased,committed,,,,,
hqa_TAT_1310d6aa,tatqa,9a90d735-ec1a-4dce-b582-c7cc7f853150,What was the percentage change in Total share-based compensation expense between 2018 and 2019?,"Years Ended | July 27, 2019 | July 28, 2018 | July 29, 2017 Cost of sales—product | $90 | $94 | $85 Cost of sales—service | 130 | 133 | 134 Share-based compensation expense in cost of sales . | 220 | 227 | 219 Research and development . | 540 | 538 | 529 Sales and marketing | 519 | 555 | 542 General",directional_change,increased|decreased|roughly_unchanged|insufficient_data,decreased,committed,,,,,
hqa_TAT_14d26cc8,tatqa,2da47a6a-cdfc-49a3-a1b2-38dafac92433,What was the percentage change in other accrued liabilities between before and after the impact of Topic 606?,"| Balance at September 29, 2018 | Impacts due to adoption of Topic 606 | Balance at September 30, 2018 ASSETS | | | Contract assets | $— | $76,417 | $76,417 Inventories | 794,346 | (68,959) | 725,387 LIABILITIES AND SHAREHOLDERS' EQUITY | | | Other accrued liabilities | $68,163 | $(357) | $67,806 Re",directional_change,increased|decreased|roughly_unchanged|insufficient_data,decreased,committed,,,,,
hqa_TAT_1559727d,tatqa,185be9c7-0575-4bc2-9429-90060ac5d73e,"Under the Accumulated Unrealized Components of Defined Benefit Plans, what is the percentage change in the balance from 2018 to 2019?",| Accumulated Foreign Currency Translation Adjustment | Accumulated Unrealised Gains or Losses on Cash Flow Hedges | Accumulated Unrealized Holding Gain or Loss on Available-For- Sale Investments | Accumulated Unrealized Components of Defined Benefit Plans | Total | | | (inthousands) | | Balance as ,directional_change,increased|decreased|roughly_unchanged|insufficient_data,increased,committed,,,,,
hqa_TAT_1600cd0c,tatqa,21a8d7a2-d646-4889-a889-336c76d86540,What was the percentage change in total assets between 2018 and 2019?,"| August 31, 2019 | August 31, 2018 Total assets | | EMS | $4,353,465 | $3,456,866 DMS | 4,988,198 | 5,378,436 Other non-allocated assets | 3,628,812 | 3,210,339 | $12,970,475 | $12,045,641 Segment Data Operating segments are defined as components of an enterprise that engage in business activities ",directional_change,increased|decreased|roughly_unchanged|insufficient_data,increased,committed,,,,,
hqa_TAT_1642809d,tatqa,4994f4a4-8cd8-4cf3-8e26-4800b6ce3916,What is the percentage change in the total deferred tax assets from 2018 to 2019?,"| 2019 | 2018 Deferred Tax Assets: | | Net operating loss carry forwards | $20,772,428 | $20,342,559 Intangibles | 207,618 | 318,178 Credits | 28,022 | 112,086 Other | 506,349 | 613,202 Total deferred tax assets | 21,514,417 | 21,386,025 Deferred Tax Liabilities: | | Intangibles | – | – Total deferr",directional_change,increased|decreased|roughly_unchanged|insufficient_data,increased,committed,,,,,
hqa_TAT_168740ed,tatqa,26918439-323f-44f7-996a-f6ef4466f6a1,What was the change in Ending balance in 2019 from 2018?,"| | Fiscal | | 2019 | 2018 | 2017 Beginning balance | $4,568 | $6,890 | $2,420 Additions charged to expenses | 5,210 | 1,980 | 4,190 Accruals related to acquisitions | — | 37 | 4,390 Deductions from reserves | (1,088) | (4,339) | (4,110) Ending balance | $8,690 | $4,568 | $6,890 Accounts Receivable ",directional_change,increased|decreased|roughly_unchanged|insufficient_data,increased,committed,,,,,
hqa_TAT_16b4e675_masked,tatqa,50ffe3d3-71f5-4e4d-8406-9e2b50b6387c,What was the change in the fair value for the 3.950% Senior Notes between 2018 and 2019?,"| | August 31, 2019 | | August 31, 2018 | (in thousands) | Fair Value Hierarchy | Carrying Amount | Fair Value | Carrying Amount | Fair Value Notes payable and long-term debt: (Note 8) | | | | | 5.625% Senior Notes | Level 2(1) | $398,886 | $416,000 | $397,995 | $415,704 4.700% Senior Notes | Level ",directional_change,increased|decreased|roughly_unchanged|insufficient_data,insufficient_data,noncommitted,,,,,CONSTRUCTED - verify the masked evidence really cannot answer the question
hqa_TAT_17fe8367,tatqa,e13ca940-fdde-4b81-8be5-26d9fd19247c,What was the change in total inventories from 2018 to 2019?,"| 2019 | 2018 | £m | £m Raw materials, consumables and components | 72.2 | 53.0 Work in progress | 25.5 | 25.7 Finished goods and goods for resale | 88.2 | 81.9 Total inventories | 185.9 | 160.6 17 Inventories The write-down of inventories recognised as an expense during the year in respect of conti",directional_change,increased|decreased|roughly_unchanged|insufficient_data,increased,committed,,,,,
hqa_TAT_188bff64,tatqa,2b994607-bb8d-4b32-acd4-14a3c5f807fb,What is the change in the applicable statutory tax rate from 2018 to 2019?,"FOR THE YEAR ENDED DECEMBER 31 | 2019 | 2018 Net earnings | 3,253 | 2,973 Add back income taxes | 1,133 | 995 Earnings before income taxes | 4,386 | 3,968 Applicable statutory tax rate | 27.0% | 27.0% Income taxes computed at applicable statutory rates | (1,184) | (1,071) Non-taxable portion of gain",directional_change,increased|decreased|roughly_unchanged|insufficient_data,roughly_unchanged,noncommitted,,,,,
hqa_TAT_192c9571,tatqa,3a59ee37-921a-45eb-889b-279a791702b5,What is the change between 2018 and 2019 Total GHG emissions in tonnes?,"Indicators | For the year ended 31 December | | 2019 | 2018 Total GHG emissions (Scopes 1 and 2) (tonnes) | 743,287.01 | 612,521.16 Direct GHG emissions (Scope 1) (tonnes) | 316.35 | 36.76 Including: Diesel (tonnes) | 316.35 | 36.76 Indirect GHG emissions (Scope 2) (tonnes) | 742,970.66 | 612,484.40",directional_change,increased|decreased|roughly_unchanged|insufficient_data,increased,committed,,,,,
hqa_TAT_1999d86f,tatqa,2358c322-bf24-4dd8-b6a0-1b3ae91ae952,What is the percentage change in the revenue after the adoption of ASC606?,"| | Year Ended | | | June 30, 2019 | | As Reported | Without Adoption of ASC606 | Effect of Change Higher/(Lower) | | (in thousands) | Revenue | $9,653,559 | $9,049,790 | $603,769 Cost of goods sold | $5,295,100 | $5,016,679 | $278,421 Upon adoption, the Company recorded a cumulative effect adjustme",directional_change,increased|decreased|roughly_unchanged|insufficient_data,increased,committed,,,,,
hqa_TAT_19b2dd4a_masked,tatqa,2653a50b-6ee7-4b05-ab4c-89166cc5ae25,What was the change in METRO AG in 2019 from 2018?,"| 2018 | 2019 METRO | 86,239 | 82,979 METRO Germany | 11,816 | 11,760 METRO Western Europe (excl.Germany) | 24,073 | 24,044 METRO Russia | 13,884 | 12,288 METRO Eastern Europe (excl.Russia) | 28,264 | 27,589 METRO Asia | 8,202 | 7,298 Others | 6,916 | 7,067 Total | 94,018 | 90,883 DEVELOPMENT OF EMP",directional_change,increased|decreased|roughly_unchanged|insufficient_data,insufficient_data,noncommitted,,,,,CONSTRUCTED - verify the masked evidence really cannot answer the question
hqa_TAT_1a08d434_masked,tatqa,efe48874-070b-47ca-82c1-cc57798294e6,What is the change in Consolidated Net Income from 2018 to 2019?,"| | (dollars in millions) Years Ended December 31, | 2019 | 2018 Add: | | Provision for income taxes | 2,945 | 3,584 Interest expense | 4,730 | 4,833 Depreciation and amortization expense | 16,682 | 17,403 Consolidated EBITDA | 44,145 | 41,859 Add (Less): | | Other (income) expense, net† | 2,900 | (",directional_change,increased|decreased|roughly_unchanged|insufficient_data,insufficient_data,noncommitted,,,,,CONSTRUCTED - verify the masked evidence really cannot answer the question
hqa_TAT_1a277bea,tatqa,92857294-5834-480a-bd68-1cbc0b77a97e,What was the change in the tax charge in the income statement?,| 2019 | 2018 | $ million | $ million Tax charge in the income statement | | Current income tax | | UK tax | 0.3 | 0.1 Foreign tax | 9.2 | 6.2 Amounts underprovided/(overprovided) in previous years | 0.3 | (1.2) Total current income tax charge | 9.8 | 5.1 Deferred tax | | Recognition of deferred tax,directional_change,increased|decreased|roughly_unchanged|insufficient_data,increased,committed,,,,,
hqa_TAT_1aa42d47,tatqa,3faa0023-9159-4ab6-8ab4-1e47f2f1772e,What was the change in profit for the year in 2019 from 2018?,| | 2019 | 2018 (Restated)1 | Note | £m | £m Profit for the year | | 197.7 | 171.1 Other comprehensive income | | | Items that may be subsequently reclassified to profit or loss | | | Exchange differences on translation of foreign operations | | (0.1) | 0.2 Items that will not be reclassified to pro,directional_change,increased|decreased|roughly_unchanged|insufficient_data,increased,committed,,,,,
hqa_TAT_1b28e221,tatqa,ceeb4a06-64e2-4a2e-aa1d-1073dde94d87,What is the % change in EBITDA margin from 2018 to 2019?,"| Financial Year ended 31 March | | | | 2019 | 2018 | Change | Change in constant currency (1) | (S$ million) | (S$ million) | (%) | (%) Operating revenue | 17,372 | 17,268 | 0.6 | 3.7 EBITDA | 4,692 | 5,051 | -7.1 | -3.9 EBITDA margin | 27.0% | 29.2% | | Share of associates’ pre-tax proﬁts | 1,536 ",directional_change,increased|decreased|roughly_unchanged|insufficient_data,decreased,committed,,,,,
hqa_TAT_1b35660c_masked,tatqa,6349e186-e6e7-40bf-98da-6a7592ea798c,What was the change in TCE earnings in 2019 from 2018?,"USDm | 2019 | 2018 | 2017 Reconciliation to revenue | | | Revenue | 692.6 | 635.4 | 657.0 Port expenses, bunkers and commissions | -267.7 | -283.0 | -259.9 ALTERNATIVE PERFORMANCE MEASURES Time Charter Equivalent (TCE) earnings: TORM defines TCE earnings, a performance measure, as revenue after port",directional_change,increased|decreased|roughly_unchanged|insufficient_data,insufficient_data,noncommitted,,,,,CONSTRUCTED - verify the masked evidence really cannot answer the question
hqa_TAT_1c60a65d_masked,tatqa,8cd9b335-f67d-4687-8316-99a081e57841,What was the change in the increase resulting from permanent differences between 2017 and 2018?,| 2019 | 2018 | 2017 Federal statutory income tax rate | 21.0 % | 24.5 % | 35.0 % Increase (decrease) resulting from: | | | Foreign tax rate differences | (21.0) | (30.2) | (39.9) Withholding tax on dividends | (5.4) | 23.7 | — Excess tax benefits related to share-based compensation | (1.3) | (2.7) ,directional_change,increased|decreased|roughly_unchanged|insufficient_data,insufficient_data,noncommitted,,,,,CONSTRUCTED - verify the masked evidence really cannot answer the question
hqa_TAT_1cee7891,tatqa,6f1a8d01-8ffb-4ce4-978e-ad4835581304,What would be the change in balance at the beginning of the period from 2017 to 2018?,"| | Fiscal Year Ended | (In thousands) | December 29, 2019 | December 30, 2018 | December 31, 2017 Balance at the beginning of the period | $172,266 | $181,303 | $161,209 Accruals for warranties issued during the period | 27,717 | 31,628 | 29,689 Settlements and adjustments during the period | (61,5",directional_change,increased|decreased|roughly_unchanged|insufficient_data,increased,committed,,,,,
hqa_TAT_1e9ec6bd_masked,tatqa,7fd23716-2942-453c-b760-9d1734ffa0f5,What was the change in deferred tax asset in 2019 from 2018?,"| 2019 | 2018 | £m | £m Amounts owed by Group undertakings | 414.7 | 439.9 Total | 415.9 | 440.7 4. Debtors Amounts owed by Group undertakings are non-interest-bearing, unsecured and have no fixed date of repayment.",directional_change,increased|decreased|roughly_unchanged|insufficient_data,insufficient_data,noncommitted,,,,,CONSTRUCTED - verify the masked evidence really cannot answer the question
hqa_TAT_1eb0a8a9_masked,tatqa,de7b97f1-130a-4f37-b2e0-34fe3ce7b5e1,What was the percentage change in Foreign in 2019 from 2018?,"| | Years Ended June 30, | ($ in millions) | 2019 | 2018 | 2017 Domestic | $204.2 | $140.3 | $56.0 Income before income taxes | $216.0 | $160.2 | $70.2 17. Income Taxes Income before income taxes for the Company’s domestic and foreign operations was as follows:",directional_change,increased|decreased|roughly_unchanged|insufficient_data,insufficient_data,noncommitted,,,,,CONSTRUCTED - verify the masked evidence really cannot answer the question
hqa_TAT_1ebc93d6,tatqa,34bb6873-2a9c-4643-bdc4-466ac586a4ef,What is the percentage change in the net deferred tax liability from 2018 to 2019?,"| September 30, 2019 | September 30, 2018 Deferred income tax assets (liabilities): | | Intangibles | $(75,190) | $(70,467) Property and equipment depreciation | (521,586) | (552,119) Net operating loss carry forwards and credits | 377,505 | 464,274 Stock-based compensation | 114,118 | 151,558 Inven",directional_change,increased|decreased|roughly_unchanged|insufficient_data,decreased,committed,,,,,
hqa_TAT_1f0fd903_masked,tatqa,551232e7-5061-439c-8272-f2e92422eb82,What is the change in non-current accrued benefit liability between 2018 and 2019?,"| September 30, | | 2019 | 2018 | (Amounts in thousands) | Current accrued benefit liability | $335 | $340 Total accrued benefit liability | $7,239 | $6,508 Plans with projected benefit obligations in excess of plan assets are attributable to unfunded domestic supplemental retirement plans, and our ",directional_change,increased|decreased|roughly_unchanged|insufficient_data,insufficient_data,noncommitted,,,,,CONSTRUCTED - verify the masked evidence really cannot answer the question
hqa_TAT_1f5b8901,tatqa,48bbe35a-806a-48fa-91e8-550559ef223c,What is the percentage change in the total comprehensive loss of the parent entity from 2018 to 2019?,"| CONSOLIDATE | | 2019 $’000 | 2018 $’000 Financial Position | | Assets | | Current Assets | 4,297 | 7,869 Non-Current Assets | 165,165 | 174,810 Total Assets | 169,462 | 182,679 Liabilities | | Current Liabilities | 92,352 | 93,067 Total Liabilities | 92,352 | 93,067 Net Assets | 77,110 | 89,612 Eq",directional_change,increased|decreased|roughly_unchanged|insufficient_data,increased,committed,,,,,
hqa_TAT_1f954b7c,tatqa,c4a7793a-040e-4bee-99a2-bce3d49ef232,What is the percentage change in the company's revenue from continuing operations between 2018 and 2019?,"| | Year Ended December 31, | | 2019 | 2018 | 2017 Net sales: | | | United States | $901.3 | $854.6 | $759.4 Canada | 45.6 | 42.3 | 32.4 Consolidated | $946.9 | $896.9 | $791.8 Disaggregation of Revenues The Company serves customers in diverse geographies, which are subject to different economic and",directional_change,increased|decreased|roughly_unchanged|insufficient_data,increased,committed,,,,,
hqa_TAT_20a61d27_masked,tatqa,2119a070-2a77-4436-9f28-890068d2bcde,What is the percentage change in the end-of-year valuation allowance from 2017 to 2018?,"Year Ended | Balance at Beginning of Year | Income Tax Expense (Benefit) | Reversal for State NOL Expiration and Utilization | Balance at End of Year The valuation allowance activity for the years ended September 30, 2019, 2018, and 2017 is as follows: The Company completed an Internal Revenue Code ",directional_change,increased|decreased|roughly_unchanged|insufficient_data,insufficient_data,noncommitted,,,,,CONSTRUCTED - verify the masked evidence really cannot answer the question
hqa_TAT_22f75db8,tatqa,4e5c97e6-d928-4d82-aaca-9cd108ed3e6e,What is the percentage change in the current lease liabilities from 2018 to 2019?,"| CONSOLIDATED | | 2019 $’000 | 2018 $’000 Lease liabilities | | Current | 2,569 | 2,599 Non-current | 6,773 | 5,934 | 9,342 | 8,533 3.5 Leases Recognition, measurement and classification The Group has applied AASB 16 using the retrospective approach. The impact of changes is disclosed in Note 1.6. ",directional_change,increased|decreased|roughly_unchanged|insufficient_data,roughly_unchanged,noncommitted,,,,,
hqa_TAT_22fca9d1,tatqa,4c162fa3-b7e5-42a8-b410-943af0cdb9c4,What is the percentage change in the total finance lease obligations from 2018 to 2019?,"| | | | | 2019 £m | Within 1 year | 1–2 years | 2–5 years | Over 5 years | Total Borrowings (including interest) | (249.5) | (1,091.3) | (2,600.9) | (1,716.1) | (5,657.8) Finance lease obligations | (5.3) | (5.3) | (14.3) | (104.8) | (129.7) Other financial liabilities | (15.4) | – | – | (1.2) | (16",directional_change,increased|decreased|roughly_unchanged|insufficient_data,increased,committed,,,,,
hqa_TAT_261ad3a9,tatqa,e2b0141c-a9f5-412c-a62b-47de0287d740,What was the percentage change in Cash and cash equivalents from 2018 to 2019?,"| December 31, | | 2019 | 2018 Cash and cash equivalents | $172,960 | $172,704 Restricted cash included in other long-term assets | 116 | 114 Total cash, cash equivalents and restricted cash reported on the Consolidated Statements of Cash Flows | $173,076 | $172,818 Restricted Cash The following tab",directional_change,increased|decreased|roughly_unchanged|insufficient_data,roughly_unchanged,noncommitted,,,,,
hqa_TAT_26c0c144_masked,tatqa,ff9f180d-424c-4351-a8be-9724e72b753b,What was the percentage change in the cash at bank?,"| 2019 | 2018 | $ million | $ million Short-term bank deposits | 79.3 | 63.9 | 183.2 | 121.6 22. Cash and cash equivalents Cash at bank earns interest at floating interest rates. Of the total cash and cash equivalents balance, $79.3 million (2018 $63.9 million) is callable at notice of three months ",directional_change,increased|decreased|roughly_unchanged|insufficient_data,insufficient_data,noncommitted,,,,,CONSTRUCTED - verify the masked evidence really cannot answer the question
hqa_TAT_272833fb,tatqa,57882b8f-c21f-47ef-9bf1-4906b8c0269c,What was the change in Amortization of actuarial gains and losses between 2017 and 2018?,"| | Years Ended December 31, | | 2019 | 2018 | 2017 Service cost | $272 | $841 | $ — Interest cost | 1,211 | 802 | 809 Expected return on plan assets | (615) | (665) | (597) Amortization of actuarial gains and losses | 411 | 478 | 503 Net periodic pension cost | $1,279 | $1,456 | $715 ADVANCED ENERG",directional_change,increased|decreased|roughly_unchanged|insufficient_data,decreased,committed,,,,,
hqa_TAT_2728a2bd,tatqa,2189131d-ea05-40c5-9034-68d130f2c97f,What was the percentage change in the Total shares reserved for issuance between 2018 and 2019?,"| June 30, 2019 | June 30, 2018 2013 Equity Incentive Plan shares available for grant | 8,462 | 9,957 Employee stock options and awards outstanding | 10,455 | 12,060 2014 Employee Stock Purchase Plan | 10,085 | 5,365 Total shares reserved for issuance | 29,002 | 27,382 Shares Reserved for Issuance T",directional_change,increased|decreased|roughly_unchanged|insufficient_data,increased,committed,,,,,
hqa_TAT_27768087,tatqa,82c942fe-03fc-4894-9bbe-f76313a14488,"What is the change in Net operating loss and tax credit carryforwards from December 31, 2018 to 2019?","| As of December 31, | | 2019 | 2018 Net operating loss and tax credit carryforwards | $612.9 | $584.9 163 (j) interest expense carryforward | 49.3 | — Tax-deductible goodwill and amortizable intangibles | (48.6) | (29.4) Capitalization of research and development expenses | 42.7 | — Reserves and ac",directional_change,increased|decreased|roughly_unchanged|insufficient_data,increased,committed,,,,,
hqa_TAT_278dfb7d,tatqa,f4fd18f9-ca75-4a29-8f6a-8ae048dcbd19,"What is the change in Research and development expense from Year Ending March 31, 2018 to 2019?","| | Year ended March 31, | | 2019 | 2018 | 2017 Cost of revenue | $1,684 | $1,053 | $1,353 Research and development | 6,199 | 2,555 | 1,873 Sales and marketing | 7,856 | 4,477 | 4,719 General and administrative | 10,215 | 3,649 | 2,349 Total share-based compensation expense | $25,954 | $11,734 | $10",directional_change,increased|decreased|roughly_unchanged|insufficient_data,increased,committed,,,,,
hqa_TAT_283c1800,tatqa,66f06809-671b-4df4-88c4-be459574aebf,What is the percentage change in the unrecognized tax benefits at the beginning of the year between 2018 and 2019?,"| 2019 | 2018 | 2017 Unrecognized tax benefits, beginning of the year | $6,029 | $3,004 | $2,460 Increases related to prior year tax position | — | 1,050 | — Decreases related to prior year tax positions | (48) | — | (3) Increases related to current year tax positions | 2,984 | 1,975 | 547 Unrecogni",directional_change,increased|decreased|roughly_unchanged|insufficient_data,increased,committed,,,,,
hqa_TAT_28c0f57b,tatqa,b310f082-f650-4361-bf8b-65e6caae60dd,What was the percentage change in Other receivables in 2019 from 2018?,| | 2019 | 2018 | Note | £m | £m Net trade receivables | 18 | 24.9 | 25.4 Accrued income | 18 | 28.0 | 26.7 Other receivables | 18 | 0.3 | 0.1 Cash and cash equivalents | 19 | 5.9 | 4.3 Total | | 59.1 | 56.5 31. Financial instruments Financial assets,directional_change,increased|decreased|roughly_unchanged|insufficient_data,increased,committed,,,,,
hqa_TAT_28f745fd,tatqa,c2897096-e60e-4a81-aa8d-40e3dd5e9665,What was the change in the US federal tax rate from 2017 to 2018?,"| Year Ended December 31, | | | | | 2019 | % Change | 2018 | % Change | 2017 (In thousands, except percentage data) | | | | | Provision (benefit) for income tax | $3,780 | (85.4)% | $25,878 | (54.9)% | $57,357 Effective tax rate | 12.8% | | 59.9% | | 124.1% 2019 vs 2018 The decrease in tax expense f",directional_change,increased|decreased|roughly_unchanged|insufficient_data,decreased,committed,,,,,
hqa_TAT_2a85f54a_masked,tatqa,cf1442a9-f56d-4cd1-8168-2ad3041eafbf,What is the percentage change of GPV from 2017 to 2018?,"| | | Year Ended December 31, | | | 2018 | 2017 | 2016 | 2015 | 2014 | | | (in thousands, except for GPV and per share data) | | Adjusted Revenue | $1,587,641 | $983,963 | $686,618 | $452,168 | $276,310 Adjusted EBITDA | $256,523 | $139,009 | $44,887 | $(41,115) | $(67,741) Adjusted Net Income (Loss",directional_change,increased|decreased|roughly_unchanged|insufficient_data,insufficient_data,noncommitted,,,,,CONSTRUCTED - verify the masked evidence really cannot answer the question
hqa_TAT_2c415002,tatqa,537599ce-a223-463b-a50d-e2a659061b90,What is the change between 2018 and 2019 average actuarial losses recognised in the SOCI?,| 2019 €m | 2018 €m | 2017 €m Current service cost | 31 | 34 | 43 Past service costs1 | 16 | 2 | (27) Net interest charge | 10 | 8 | 4 Total included within staff costs | 57 | 44 | 20 Actuarial losses recognised in the SOCI | 33 | 94 | 274 Charges made to the consolidated income statement and consol,directional_change,increased|decreased|roughly_unchanged|insufficient_data,decreased,committed,,,,,
hqa_TAT_2cbaa508,tatqa,67a46af6-e04a-4ee3-a3d7-6718c6233a59,What was the change in the Weighted-average interest rate between 2018 and 2019?,"| As of December 31, | | 2019 | 2018 Total credit facility | $300,000 | $300,000 Balance Outstanding | $99,700 | $50,000 Standby letters of credit | $1,800 | $1,940 Amount available | $198,500 | $248,060 Weighted-average interest rate | 3.25% | 3.10% Commitment fee percentage per annum | 0.23% | 0.2",directional_change,increased|decreased|roughly_unchanged|insufficient_data,roughly_unchanged,noncommitted,,,,,
hqa_TAT_2d1585f6,tatqa,f0f03c7c-881e-4ead-89e4-a0fccefaae9f,What was the percentage change in the money market funds from 2018 to 2019?,"| May 31, | (in millions) | 2019 | 2018 Corporate debt securities and other | $22,242 | $44,302 Commercial paper debt securities | — | 1,647 Money market funds | 5,700 | 6,500 Total investments | $27,942 | $52,449 Investments classified as cash equivalents | $10,629 | $6,808 Investments classified a",directional_change,increased|decreased|roughly_unchanged|insufficient_data,roughly_unchanged,noncommitted,,,,,
hqa_TAT_2e3cd3e2_masked,tatqa,bc761568-f2d1-40d6-9c49-f9dfd68405b2,What was the percentage change in recognised income tax expenses in 2018/2019 from 2017/2018?,€ million | 2017/2018 | 2018/2019 Actual taxes | 173 | 215 thereof Germany | (14) | (9) thereof international | (159) | (206) thereof tax expenses/income of current period | (194) | (221) thereof tax expenses/income of previous periods | (−21) | (−6) Deferred taxes | 43 | 83 thereof Germany | (39) |,directional_change,increased|decreased|roughly_unchanged|insufficient_data,insufficient_data,noncommitted,,,,,CONSTRUCTED - verify the masked evidence really cannot answer the question
hqa_TAT_2e71855d,tatqa,00be091f-9b33-472d-9225-eb325946b676,"What is the change in Additions for tax benefits related to the current year from December 31, 2018 to 2019?",| 2019 | 2018 | 2017 Balance at beginning of year | $112.2 | $114.8 | $136.7 Acquired balances | 15.5 | — | — Additions for tax benefits related to the current year | 9.4 | 7.4 | 23.6 Additions for tax benefits of prior years | 8.0 | 2.8 | 4.7 Reductions for tax benefits of prior years | (0.2) | (1.,directional_change,increased|decreased|roughly_unchanged|insufficient_data,increased,committed,,,,,
hqa_TAT_2fa2b13f_masked,tatqa,84d23eb6-ad29-4f14-9127-72c278beabe2,What was the change in Issuance of shares under employee stock plans in 2019 from 2018?,"| Fiscal | | 2019 | 2018 Net cash provided by operating activities | $181,401 | $236,111 Purchases of property and equipment | (83,283) | (90,757) Acquisition of businesses, net of cash acquired | (18,881) | (45,448) Proceeds from sale of discontinued operation (the Hull Business) | — | 25,000 Proce",directional_change,increased|decreased|roughly_unchanged|insufficient_data,insufficient_data,noncommitted,,,,,CONSTRUCTED - verify the masked evidence really cannot answer the question
hqa_TAT_30ff91f5_masked,tatqa,0dc550d6-ba0a-4f46-b606-b102f5441631,What was the change in raw materials between 2018 and 2019?,"| March 31, | | 2019 | 2018 Work in process | 413.0 | 311.8 Finished goods | 224.2 | 138.4 Total inventories | $711.7 | $476.2 Inventories The components of inventories consist of the following (in millions): Inventories are valued at the lower of cost and net realizable value using the first-in, fi",directional_change,increased|decreased|roughly_unchanged|insufficient_data,insufficient_data,noncommitted,,,,,CONSTRUCTED - verify the masked evidence really cannot answer the question
hqa_TAT_3197d0a8,tatqa,8b029f55-660e-43ea-89f8-96dcf58cc4cf,What was the change in Total deferred commissions between 2018 and 2019?,"| | Year Ended | April 26, 2019 | April 27, 2018 Other current assets | $ 75 | $ 66 Other non-current assets | 97 | 71 Total deferred commissions | $ 172 | $ 137 Deferred commissions As a result of our adoption of ASC 606, we capitalize sales commissions that are incremental direct costs of obtainin",directional_change,increased|decreased|roughly_unchanged|insufficient_data,increased,committed,,,,,
hqa_TAT_3214c16d,tatqa,2595ccda-ced3-4e2c-bd43-4769bd80aaac,What is the percentage change in dilutive weighted-average common shares from 2017 to 2019?,"| | Fiscal Year Ended | (In thousands, except per share amounts) | December 29, 2019 | December 30, 2018 | December 31, 2017 Basic net income (loss) per share: | | | Numerator: | | | Net income (loss) attributable to stockholders | $22,159 | $(811,091) | $(929,121) Denominator: | | | Basic weighted-",directional_change,increased|decreased|roughly_unchanged|insufficient_data,increased,committed,,,,,
hqa_TAT_330df5e9,tatqa,f50a177c-632e-4ef5-b57f-07d218980ee9,What was the percentage change in the total number of permanent employees from 2018 to 2019?,USDm | 2019 | 2018 | 2017 Total staff costs | | | Staff costs included in operating expenses | 8.1 | 9.3 | 9.2 Staff costs included in administrative expenses | 37.7 | 36.9 | 34.6 Total | 45.8 | 46.2 | 43.8 Staff costs comprise the following | | | Wages and salaries | 37.2 | 38.1 | 36.4 Share-based ,directional_change,increased|decreased|roughly_unchanged|insufficient_data,increased,committed,,,,,
hqa_TAT_33a81fdc,tatqa,5c0ef301-9ac1-4220-8d32-dac8d6a30044,What is the percentage change in the amount of total restructuring costs in 2019 from 2018?,"| | Years Ended September 30, | | 2019 | 2018 | 2017 Restructuring costs: | | | Cubic Transportation Systems | $ 3.2 | $ 0.4 | $ 0.4 Cubic Mission Solutions | — | 0.2 | — Cubic Global Defense | 3.3 | 1.3 | 0.9 Unallocated corporate expenses | 8.9 | 3.1 | 1.0 Total restructuring costs | $ 15.4 | $ 5.",directional_change,increased|decreased|roughly_unchanged|insufficient_data,increased,committed,,,,,
hqa_TAT_347ef6ac,tatqa,fe397a8b-11f4-47f8-b31a-ac3af77ff9db,What was the change in staff costs in 2019 from 2018?,"| | 2019 | (Restated) 2018 | Note | £m | £m Staff costs | 7 | (56.0) | (54.5) Contractor costs | | (0.4) | (0.4) Depreciation of property, plant and equipment | 14 | (4.9) | (4.9) Amortisation of intangible assets | 13 | (4.0) | (4.1) Profit on sale of property, plant and equipment | | 0.1 | – 6. Op",directional_change,increased|decreased|roughly_unchanged|insufficient_data,decreased,committed,,,,,
hqa_TAT_3584ebbc,tatqa,b85a783f-25f4-47d0-89fb-cd6121886480,What is the change in beginning balance between 2018 and 2019?,| 2019 | 2018 Balance at beginning of year | $520 | $557 Warranty costs incurred | (398) | (40) Product warranty accrual | 407 | 3 Balance at end of year | $529 | $520 15. Product Warranties The Company generally provides its customers with a one-year warranty regarding the manufactured quality and ,directional_change,increased|decreased|roughly_unchanged|insufficient_data,decreased,committed,,,,,
hqa_TAT_35f455c9,tatqa,a2b1b1eb-5374-4a82-b3f7-689a87dce7b3,What was the percentage change in total transactions from 2018 to 2019?,"(in thousands of $) | 2019 | 2018 | 2017 Management and administrative services revenue | 5,904 | 6,167 | 5,711 Ship management fees income | 1,210 | 1,400 | 824 Debt guarantee compensation (i) | 693 | 861 | 775 Other (ii) | (2) | (247) | 135 Total | 7,805 | 8,181 | 7,445 b) Transactions with Golar ",directional_change,increased|decreased|roughly_unchanged|insufficient_data,decreased,committed,,,,,
hqa_TAT_362b96ed,tatqa,c5bdc6de-e5b0-4fdd-ae30-760af4bfa831,What was the percentage change in the Net cash used in financing activities between 2018 and 2019?,"| | Year Ended December 31, | | 2019 | 2018 | 2017 Net cash provided by operating activities | $153,327 | $256,426 | $160,394 Net cash used in investing activities | $(15,381) | $(6,581) | $(4,135) Net cash used in financing activities | $(150,604) | $(145,184) | $(30,535) ITEM 7. MANAGEMENT'S DISCU",directional_change,increased|decreased|roughly_unchanged|insufficient_data,increased,committed,,,,,
hqa_TAT_36defde6,tatqa,5df58196-1687-434b-b615-7e1a4a1aa2f8,What was the change in revenues from The Cool Pool Limited  from 2017 to 2018?,"| | For the year ended December 31, | | 2017 | 2018 | 2019 Revenues from fixed rate time charters | 485,961 | 515,324 | 558,266 Revenues from variable rate time charters | — | — | 64,334 Revenues from The Cool Pool Limited (GasLog vessels) | 38,046 | 102,253 | 45,253 Revenues from vessel management ",directional_change,increased|decreased|roughly_unchanged|insufficient_data,increased,committed,,,,,
hqa_TAT_37191d9a,tatqa,ffd43080-e942-4219-822f-065e6152c233,What was the percentage change in total revenue between 2018 and 2019?,"| Twelve Months Ended December 31, | | 2019 | 2018 Transportation | $299,005 | $300,124 Industrial | 78,369 | 86,968 Medical | 41,901 | 40,663 Aerospace & Defense | 32,569 | 23,323 Telecom & IT | 17,155 | 19,405 Total | $468,999 | $470,483 NOTES TO CONSOLIDATED FINANCIAL STATEMENTS (in thousands, ex",directional_change,increased|decreased|roughly_unchanged|insufficient_data,roughly_unchanged,noncommitted,,,,,
hqa_TAT_37574a91,tatqa,16427711-32ce-466e-a94b-d8e0352fa2d7,What was the percentage change in the total financial expenses in 2019 from 2018?,USDm | 2019 | 2018 | 2017 Interest expenses: | - | - | - Financial expenses arising from lease liabilities regarding right-of-use assets | 2.4 | 2.3 | 1.8 Other financial expenses | 39.5 | 37.0 | 38.8 Total | 41.9 | 39.3 | 40.6 NOTE 7 - continued Lease payments not recognized as a liability The Grou,directional_change,increased|decreased|roughly_unchanged|insufficient_data,increased,committed,,,,,
hqa_TAT_37cbee83,tatqa,6c3f52a1-bf15-44a5-ba7d-866d3214f4de,What was the percentage change in TCE earnings in 2019 from 2018?,"USDm | 2019 | 2018 | 2017 Reconciliation to revenue | | | Revenue | 692.6 | 635.4 | 657.0 Port expenses, bunkers and commissions | -267.7 | -283.0 | -259.9 TCE earnings | 424.9 | 352.4 | 397.1 ALTERNATIVE PERFORMANCE MEASURES Time Charter Equivalent (TCE) earnings: TORM defines TCE earnings, a perfo",directional_change,increased|decreased|roughly_unchanged|insufficient_data,increased,committed,,,,,
hqa_TAT_37cd0c30,tatqa,eb92a24d-a751-48c1-bb6f-6c83030d24bb,What is the change in the allocation of equities from 2018 to 2019?,"| As of June 30 | | 2019 | 2018 Fixed income | 40% | 40% Equities | 55% | 55% Other | 5% | 5% Total | 100% | 100% The defined benefit pension plan utilizes various investment securities. Generally, investment securities are exposed to various risks, such as interest rate risks, credit risk, and over",directional_change,increased|decreased|roughly_unchanged|insufficient_data,roughly_unchanged,noncommitted,,,,,
hqa_TAT_37e855b0,tatqa,69a4977f-afb4-47ba-8d30-e4717132c290,What was the percentage change in Total operating income in the Communications Solutions segment in 2019 from 2018?,"| | Fiscal | 2019 | 2018 | | (in millions) Restructuring and other charges, net | $ 48 | $ 13 Other items | 1 | — Total | $ 49 | $ 13 In the Communications Solutions segment, operating income decreased $79 million in fiscal 2019 as compared to fiscal 2018. The Communications Solutions segment’s oper",directional_change,increased|decreased|roughly_unchanged|insufficient_data,increased,committed,,,,,
hqa_TAT_38206185,tatqa,c956a26c-10a6-4ce2-bd3c-5c01bf40e3d7,What was the change in sales of Semiconductor Equipment between 2017 and 2018?,"| | Years Ended December 31, | | 2019 | 2018 | 2017 Semiconductor Equipment | $403,018 | $533,770 | $554,063 Industrial & Medical | 245,992 | 185,122 | 116,949 Data Center Computing | 91,438 | — | — Telecom & Networking | 48,500 | — | — Total | $788,948 | $718,892 | $671,012 ADVANCED ENERGY INDUSTRI",directional_change,increased|decreased|roughly_unchanged|insufficient_data,decreased,committed,,,,,
hqa_TAT_3945cffe,tatqa,0d7e1b73-4a46-4c74-b500-3da8b994728c,What was the change in the intensity ratio in 2019 from 2018?,"| | Year-ended 31 March 2019 | Year-ended 31 March 2018 | Year-ended 31 March 2017 | | tCO2e | tCO2e | tCO2e Scope 1 | Combustion of natural gas and operation of owned vehicles | 220.9 | 320.0 | 251.8 Scope 2 | Electricity consumption in offices | 4,487.2 | 4,457.3 | 4,681.9 Scope 3 | Business trave",directional_change,increased|decreased|roughly_unchanged|insufficient_data,decreased,committed,,,,,
hqa_TAT_39667994,tatqa,486f46c0-f10f-4689-a23f-9b93514b39df,What was the percentage change in the total long-lived assets between 2018 and 2019?,"| | March 31, | | 2019 | 2018 | 2017 United States | $521.1 | $393.3 | $388.5 Thailand | 209.3 | 215.5 | 178.0 Various other countries | 266.3 | 159.1 | 116.8 Total long-lived assets | $996.7 | $767.9 | $683.3 The following table summarizes our long-lived assets (consisting of property, plant and eq",directional_change,increased|decreased|roughly_unchanged|insufficient_data,increased,committed,,,,,
hqa_TAT_3988c162_masked,tatqa,d5a16d2b-6998-46fc-ad9f-a99615d86ce3,What was the change in diluted earnings per common share between 2018 and 2019?,"| | For the Years Ended December 31, | | 2019 | 2018 | 2017 Numerator: | | | Consolidated net income | $1,503 | $1,848 | $273 Denominator: | | | Denominator for basic earnings per common share—weighted-average common shares outstanding | 767 | 762 | 754 Effect of dilutive stock options and awards un",directional_change,increased|decreased|roughly_unchanged|insufficient_data,insufficient_data,noncommitted,,,,,CONSTRUCTED - verify the masked evidence really cannot answer the question
hqa_TAT_3aa3a7d6,tatqa,87d57a95-1766-47b4-ae0e-13c475000753,What was the percentage change in Total segment Operating profit in 2019 from 2018?,| 2019 | (Restated) 2018 | £m | £m Total segment Revenue | 355.1 | 330.1 Total segment Operating profit | 243.7 | 221.3 Finance costs – net | (10.2) | (10.6) Profit on the sale of subsidiary | 8.7 | – Profit before tax | 242.2 | 210.7 4. Segmental information IFRS 8 ‘Operating segments’ requires the,directional_change,increased|decreased|roughly_unchanged|insufficient_data,increased,committed,,,,,
hqa_TAT_3b50f9a8_masked,tatqa,261cec47-33d2-4cec-8baf-5eb81ecf089c,What was the percentage change in basic earnings per common share between 2017 and 2018?,"| | For the Years Ended December 31, | | 2019 | 2018 | 2017 Numerator: | | | Consolidated net income | $1,503 | $1,848 | $273 Denominator: | | | Denominator for basic earnings per common share—weighted-average common shares outstanding | 767 | 762 | 754 Effect of dilutive stock options and awards un",directional_change,increased|decreased|roughly_unchanged|insufficient_data,insufficient_data,noncommitted,,,,,CONSTRUCTED - verify the masked evidence really cannot answer the question
hqa_TAT_3bfabcc3,tatqa,e07f8967-1b86-4433-ba9c-47b09e89e6b8,What is the percentage change in share-based compensation for sales and marketing between 2018 and 2019?,"| | Year ended December 31, | | 2019 | 2018 | 2017 Cost of revenues | $8,741 | $4,982 | $3,735 Research and development | 23,132 | 14,975 | 9,550 Sales and marketing | 38,325 | 27,324 | 16,015 General and administrative | 31,156 | 20,807 | 12,760 Total share-based compensation expense | $101,354 | 6",directional_change,increased|decreased|roughly_unchanged|insufficient_data,increased,committed,,,,,
hqa_TAT_3c246769,tatqa,4cee56fe-405d-4b94-8fda-f0df255e7fbf,What was the percentage change in net income between 2019 and 2020?,"| | For the Year Ended | | January 31, 2020 | February 1, 2019 | February 2, 2018 Total revenue | $777 | $639 | $474 Operating income | (287) | (247) | (239) Net income | (204) | (832) | (234) Net income attributable to VMware | (148) | (772) | (222) Net income per weighted-average share attributabl",directional_change,increased|decreased|roughly_unchanged|insufficient_data,decreased,committed,,,,,
hqa_TAT_3c9119ce,tatqa,9a64c5bc-3e22-4945-8e6c-26f3ae0a64bd,What is the percentage change in the value of net intangible assets between 2018 and 2019?,"As of December 31, | | | 2019 | 2018 | | (in thousands) Patents | $26,069 | $26,069 Less accumulated amortization | (22,517) | (20,562) Intangible assets, net | $3,552 | $5,507 Patents and Intangible Assets The Company owns or possesses licenses to use its patents. The costs of maintaining the paten",directional_change,increased|decreased|roughly_unchanged|insufficient_data,decreased,committed,,,,,
hqa_TAT_3cd7b10b,tatqa,5e0f7d6e-344d-4f2c-9e48-158507264b20,What was the change in the Prepaid rebates included in Other assets between 2018 and 2019?,"| As of December 31, | | 2019 | 2018 Contract Assets | | Prepaid rebates included in Other current assets | $64 | $65 Prepaid rebates included in Other assets | 1,853 | 999 Total Contract Assets | $1,917 | $1,064 Contract Liabilities | | Customer discounts and price concessions included in Accrued e",directional_change,increased|decreased|roughly_unchanged|insufficient_data,increased,committed,,,,,
hqa_TAT_3cf0e959,tatqa,02dbe685-1622-4c08-8de0-f223e816c4d1,What is the percentage change in net accounts receivable - trade between 2018 and 2019?,"| Fiscal Year Ended March 31, | | 2018 | 2019 Gross Accounts Receivable - Trade | $300,016 | $273,053 Less | | Allowances for doubtful accounts | 1,893 | 1,276 Stock rotation and ship from stock and debit | 15,989 | 14,140 Sales returns and discounts | 6,875 | 646 Total allowances | 24,757 | 16,062 ",directional_change,increased|decreased|roughly_unchanged|insufficient_data,decreased,committed,,,,,
hqa_TAT_3d8e5045,tatqa,8bd6e9a4-c6b4-4f4d-bc34-006be5bbf79b,What is the percentage change in weighted average shares - basic in 2019 from 2018?,"| | Years Ended September 30, | | 2019 | 2018 | 2017 Weighted average shares - basic | 30,495 | 27,229 | 27,106 Effect of dilutive securities | 111 | 122 | — Weighted average shares - diluted | 30,606 | 27,351 | 27,106 Number of anti-dilutive securities | — | — | 967 Net Income (Loss) Per Share: Bas",directional_change,increased|decreased|roughly_unchanged|insufficient_data,increased,committed,,,,,
hqa_TAT_3f358251_masked,tatqa,d7f780dc-aea1-414f-a826-0f036d1af3b8,What was the percentage change in social security costs in 2019 from 2018?,| 2019 | 2018 | £m | £m Wages and salaries | 345.6 | 325.9 Pension costs | 21.5 | 19.3 Total payroll costs | 438.7 | 403.9 5 Staff costs and numbers The aggregate payroll costs of persons employed by the Group were as follows:,directional_change,increased|decreased|roughly_unchanged|insufficient_data,insufficient_data,noncommitted,,,,,CONSTRUCTED - verify the masked evidence really cannot answer the question
hqa_TAT_404bfdfa_masked,tatqa,18084bcc-8504-4c0b-9af8-9d0c6f680c32,What was the change in social security costs in 2019 from 2018?,| 2019 | 2018 | £m | £m Wages and salaries | 345.6 | 325.9 Pension costs | 21.5 | 19.3 Total payroll costs | 438.7 | 403.9 5 Staff costs and numbers The aggregate payroll costs of persons employed by the Group were as follows:,directional_change,increased|decreased|roughly_unchanged|insufficient_data,insufficient_data,noncommitted,,,,,CONSTRUCTED - verify the masked evidence really cannot answer the question
hqa_TAT_406093e0,tatqa,4145b6f2-ac35-498b-b6bd-e1d9bf43774d,What is the change in cash flows from operating activities?,"| 2019 | 2018 Cash flows from operating activities | 7,958 | 7,384 Capital expenditures | (3,988) | (3,971) Cash dividends paid on preferred shares | (147) | (149) Cash dividends paid by subsidiaries to NCI | (65) | (16) Acquisition and other costs paid | 60 | 79 Voluntary DB pension plan contributi",directional_change,increased|decreased|roughly_unchanged|insufficient_data,increased,committed,,,,,
hqa_TAT_40891a4e,tatqa,aed645fc-c254-4a26-8db0-a2a9e7ca10be,"What is the change in allowance Charges (reversals) to costs and expenses from Fiscal Year Ended December 28, 2019 to December 29, 2018?","| | Fiscal Year Ended | | December 28, 2019 | December 29, 2018 | December 30, 2017 Balance at beginning of year | $185 | $200 | $299 Charges (reversals) to costs and expenses | 37 | (15) | (99) Balance at end of year | $222 | $185 | $200 Accounts Receivable and Allowance for Doubtful Accounts The m",directional_change,increased|decreased|roughly_unchanged|insufficient_data,increased,committed,,,,,
hqa_TAT_4287f8c4,tatqa,5cb85243-2a66-4b2e-9d3f-01891dc39ccb,What is the change in total net revenue from 2019 to 2018?,"| | Fiscal Year ended January 31, | | 2019 | 2018 | 2017 Net revenue by product family (1): | | | Architecture, Engineering and Construction | $1,021.6 | $787.5 | $810.4 Manufacturing | 616.2 | 528.8 | 575.2 AutoCAD and AutoCAD LT | 731.8 | 561.4 | 472.7 Media and Entertainment | 182 | 152.1 | 138.8",directional_change,increased|decreased|roughly_unchanged|insufficient_data,increased,committed,,,,,
hqa_TAT_4372af9c,tatqa,2a07ebc6-b09f-4774-aea7-8c60b37c0472,What was the percentage change in staff costs in 2019 from 2018?,"| | 2019 | (Restated) 2018 | Note | £m | £m Staff costs | 7 | (56.0) | (54.5) Contractor costs | | (0.4) | (0.4) Depreciation of property, plant and equipment | 14 | (4.9) | (4.9) Amortisation of intangible assets | 13 | (4.0) | (4.1) Profit on sale of property, plant and equipment | | 0.1 | – 6. Op",directional_change,increased|decreased|roughly_unchanged|insufficient_data,increased,committed,,,,,
hqa_TAT_439f70e0,tatqa,7c85ead9-df5a-4d91-970a-019566e8f2da,What was the percentage change in the amount of Net debt and IFRS 16 lease liabilities from 2018 to 2019?,| 2019 | 2018 | £m | £m Net debt | 295.2 | 235.8 IFRS 16 lease liabilities | 38.9 | – Net debt and IFRS 16 lease liabilities | 334.1 | 235.8 Net debt including IFRS 16 lease liabilities A reconciliation between net debt and net debt including IFRS 16 lease liabilities is given below. A breakdown of ,directional_change,increased|decreased|roughly_unchanged|insufficient_data,increased,committed,,,,,
hqa_TAT_444671af_masked,tatqa,772fac33-70a1-47b1-9c37-279ad9692137,What is the change in Consolidated EBITDA from 2018 to 2019?,"| | (dollars in millions) Years Ended December 31, | 2019 | 2018 Consolidated Net Income | $19,788 | $16,039 Add: | | Provision for income taxes | 2,945 | 3,584 Interest expense | 4,730 | 4,833 Depreciation and amortization expense | 16,682 | 17,403 Add (Less): | | Other (income) expense, net† | 2,9",directional_change,increased|decreased|roughly_unchanged|insufficient_data,insufficient_data,noncommitted,,,,,CONSTRUCTED - verify the masked evidence really cannot answer the question
hqa_TAT_444b8710,tatqa,6977ff37-b766-4023-a208-9481f41e20ca,How much is the change in Online Advertising revenue between the fourth quarter of 2018 and 2019?,"| Unaudited | | | | Three months ended | | | | 31 December 2019 | | 31 December 2018 | | | % of total | | % of total | Amount | revenues | Amount | revenues | | | (Restated) | (Restated) | (RMB in millions, unless specified) | | | VAS | 52,308 | 50% | 43,651 | 51% FinTech and Business Services | 29,",directional_change,increased|decreased|roughly_unchanged|insufficient_data,increased,committed,,,,,
hqa_TAT_449dba51,tatqa,766609b9-1259-43c2-b290-581a7d23aa1a,What was the change in total equity method investments from 2018 to 2019?,"| As of | (In thousands) | December 29, 2019 | December 30, 2018 Equity investments with readily determinable fair value: | | Enphase Energy, Inc | $173,908 | $36,225 Total equity investments with readily determinable fair value | 173,908 | 36,225 Equity investments without readily determinable fair",directional_change,increased|decreased|roughly_unchanged|insufficient_data,decreased,committed,,,,,
hqa_TAT_44f89b97,tatqa,412d72e1-9930-45a1-a027-a9be8b13d021,What is the change in Contract assets: Non-Current from 31 March 2019 to 1 April 2018?,"| 31 March 2019 | 1 April 2018 | £m | £m Contract assets | | Current | 1,353 | 1,417 Non-current | 249 | 198 | 1,602 | 1,615 Contract liabilities | | Current | 1,225 | 1,406 Non-current | 200 | 87 | 1,425 | 1,493 6. Revenue continued Contract assets and liabilities recognised at 31 March 2019 are as",directional_change,increased|decreased|roughly_unchanged|insufficient_data,increased,committed,,,,,
hqa_TAT_45b0f2f5,tatqa,06c78520-7d29-4110-a356-58068de86e4e,"What is the change in Balance of unrecognized tax benefits as of January 1, from Years Ended December 31, 2018 to 2019?","| Years Ended December 31, | | 2019 | 2018 Balance of unrecognized tax benefits as of January 1, | $1,226 | $37,240 Increases for positions taken in prior years | 1,353 | 657 Rate change | (84) | — Amount of decreases related to settlements | — | (36,671) Balance of unrecognized tax benefits as of D",directional_change,increased|decreased|roughly_unchanged|insufficient_data,decreased,committed,,,,,
hqa_TAT_45b2eb2e,tatqa,2b6e29e8-b44f-4862-9d90-7e8783defdc5,What is the percentage change in the Gross profit from 2017 to 2018?,"| Year ended December 31, | (In thousands) | 2018 | 2017 Major income and expense line items related to Netsmart: | | Revenue: | | Software delivery, support and maintenance | $214,065 | $198,204 Client services | 131,166 | 110,430 Total revenue | 345,231 | 308,634 Cost of revenue: | | Software deli",directional_change,increased|decreased|roughly_unchanged|insufficient_data,increased,committed,,,,,
hqa_TAT_45c31be1,tatqa,fd8f971e-072d-41a1-beeb-59535f71764e,What is the change in Consolidated Adjusted EBITDA from 2018 to 2019?,"| | (dollars in millions) Years Ended December 31, | 2019 | 2018 Consolidated Net Income | $19,788 | $16,039 Add: | | Provision for income taxes | 2,945 | 3,584 Interest expense | 4,730 | 4,833 Depreciation and amortization expense | 16,682 | 17,403 Consolidated EBITDA | 44,145 | 41,859 Add (Less): ",directional_change,increased|decreased|roughly_unchanged|insufficient_data,decreased,committed,,,,,
hqa_TAT_460fc91c,tatqa,26400a26-cc70-40aa-beee-79eeb05bd9cf,What is the change in the Compensation and related benefits from 2018 to 2019?,"| For the Years Ended December 31, | | 2019 | 2018 Compensation and related benefits | $3,247 | $949 Professional and legal fees | 242 | 545 Totals | 3,489 | $1,494 Stock-Based Compensation The Company accounts for options granted to employees by measuring the cost of services received in exchange f",directional_change,increased|decreased|roughly_unchanged|insufficient_data,increased,committed,,,,,
hqa_TAT_463388d5,tatqa,83a67ee6-fe22-4f3b-9bfa-e4f29a308545,What is the percentage change in the non-current lease liabilities from 2018 to 2019?,"| CONSOLIDATED | | 2019 $’000 | 2018 $’000 Lease liabilities | | Current | 2,569 | 2,599 Non-current | 6,773 | 5,934 | 9,342 | 8,533 3.5 Leases Recognition, measurement and classification The Group has applied AASB 16 using the retrospective approach. The impact of changes is disclosed in Note 1.6. ",directional_change,increased|decreased|roughly_unchanged|insufficient_data,increased,committed,,,,,
hqa_TAT_46dc1127,tatqa,b0dc1e24-9d9b-423f-9c45-1ab38a6959ec,What is the Underlying effective tax rate change from 2018 to 2019?,"| € million | € million | 2019 | 2018 | | (Restated)(a) Taxation | 2,263 | 2,572 Tax impact of: | | Non-underlying items within operating profit(b) | 309 | (259) Non-underlying items not in operating profit Taxation before tax impact of non-underlying | (196) | (29) Taxation before tax impact of non",directional_change,increased|decreased|roughly_unchanged|insufficient_data,roughly_unchanged,noncommitted,,,,,
hqa_TAT_473a4921,tatqa,43fa77c3-8e1c-411d-a185-216083acfde3,What was the change in Diluted Net income per share from continuing operations in 2018 from 2017?,"| Fiscal | Fiscal | Fiscal | Fiscal | Fiscal Consolidated financial data | 2019(1) | 2018(2) | 2017(3) | 2016(4) | 2015(5) | | | (in thousands, except per share data) | | Net sales | $1,430,640 | $1,902,573 | $1,723,311 | $857,385 | $802,460 Gross profit | $486,465 | $830,691 | $750,269 | $381,392 |",directional_change,increased|decreased|roughly_unchanged|insufficient_data,increased,committed,,,,,
hqa_TAT_4917bb31_masked,tatqa,b10455a5-8132-4593-b8c4-6ba2021a8ae6,What is the percentage change in the total trail commission asset from 2018 to 2019?,"| CONSOLIDATED | | 2019 $’000 | 2018 $’000 Current | 25,626 | 22,103 Non-current | 88,452 | 80,817 Reconciliation of movement in trail commission asset: | | Trail commission revenue – current period trail commission sales sales | 34,732 | 33,007 Cash receipts | (23,574) | (23,651) 3.4 Trail commissi",directional_change,increased|decreased|roughly_unchanged|insufficient_data,insufficient_data,noncommitted,,,,,CONSTRUCTED - verify the masked evidence really cannot answer the question
hqa_TAT_492abbea,tatqa,38b63d63-9166-4d5e-82f5-850971350052,"What is the percentage change in the value of vessels between January 1, 2018 and 2019?","| 2019 | 2018 All figures in USD ‘000 | | Vessels as of January 1 | 1,307,087 | 1,769,967 Additions Vessels | 2,531 | 169,446 Disposals Vessels | - | (632,326) Drydocking as of January 1 | 52,331 | 119,303 Additions Drydocking | 7,618 | 8,210 Disposals Drydocking | - | (75,182) Total Vessels and Dry",directional_change,increased|decreased|roughly_unchanged|insufficient_data,decreased,committed,,,,,
hqa_TAT_49c40252,tatqa,e417cb77-bde3-424a-82c8-1197c3526e52,What was the percentage change in rights and licences between 2018 and 2019?,"| 30 June 2019 | 30 June 2018 | $'000 | $'000 Rights and licences | 13 | 13 Internally generated software | 7,381 | 6,385 Software under development | 16,284 | 6,509 Total intangible assets | 23,678 | 12,907 11 Intangible assets (a) Intangible assets RIGHTS AND LICENCES Certain licences that NEXTDC ",directional_change,increased|decreased|roughly_unchanged|insufficient_data,roughly_unchanged,noncommitted,,,,,
hqa_TAT_49cf93d8,tatqa,e8e6c720-7a8e-4b08-9ea8-d1cf1274b205,What is the change in balance at start of year from 2018 to 2019?,"| December 31, | | 2018 | 2019 Balance January 1 | 6,562 | 7,955 Charged to cost of sales | 18,408 | 26,301 Deductions | (8,985) | (12,232) Releases of expired warranty | (8,214) | (5,684) Foreign currency translation effect | 184 | 84 Balance December 31 | 7,955 | 16,424 NOTE 14. PROVISION FOR WARR",directional_change,increased|decreased|roughly_unchanged|insufficient_data,increased,committed,,,,,
hqa_TAT_4a1179d2,tatqa,17e6f6cd-b65a-4802-996d-9db10eeb020a,What is the percentage change in the amount drawn in euros from 2018 to 2019?,"| 2019 | 2018 | 2019 | 2018 | €m | €m | INRm | INRm Net exposure | 468.9 | 555.7 | 5,072.4 | 6,274.5 Foreign exchange rate | 1.1825 | 1.1126 | 94.4586 | 88.3432 27 Financial risk management (continued) The table below summarises the Group’s exposure to foreign exchange risk as well as the foreign ex",directional_change,increased|decreased|roughly_unchanged|insufficient_data,roughly_unchanged,noncommitted,,,,,
hqa_TAT_4a43c967,tatqa,4fdebfcf-6b2d-43e8-9af5-7a0e534766ab,What was the percentage change in the carrying amount for the 4.900% Senior Notes between 2018 and 2019?,"| | August 31, 2019 | | August 31, 2018 | (in thousands) | Fair Value Hierarchy | Carrying Amount | Fair Value | Carrying Amount | Fair Value Notes payable and long-term debt: (Note 8) | | | | | 5.625% Senior Notes | Level 2(1) | $398,886 | $416,000 | $397,995 | $415,704 4.700% Senior Notes | Level ",directional_change,increased|decreased|roughly_unchanged|insufficient_data,roughly_unchanged,noncommitted,,,,,
hqa_TAT_4aaa686e_masked,tatqa,25eb7156-f16b-4901-a9a3-ce190572a96c,What is the percentage change in the outstanding number of shares at the beginning of the period from 2018 to 2019?,"| 2019 NUMBER | 2018 NUMBER Granted during the period | - | - Exercised during the period | - | - 5.2 Employee share plans (continued) FY2019, FY2018 & FY2017 offer under LTI Plan Each LTI Plan share is offered subject to the achievement of the performance measure, which is tested once at the end of",directional_change,increased|decreased|roughly_unchanged|insufficient_data,insufficient_data,noncommitted,,,,,CONSTRUCTED - verify the masked evidence really cannot answer the question
hqa_TAT_4c33e685,tatqa,6f859c4e-1d4a-4fbf-89d8-a00fab37a735,What was the percentage change in the balance at end of fiscal year between 2018 and 2019?,"| 2019 | 2018 | 2017 Balance at beginning of fiscal year | $5,841 | $3,115 | $2,799 Gross increases for tax positions of prior years | 62 | 21 | 184 Gross increases for tax positions of the current year | 39 | 2,893 | 163 Gross decreases for tax positions of prior years | (3,672) | (188) | (31) Bala",directional_change,increased|decreased|roughly_unchanged|insufficient_data,decreased,committed,,,,,
hqa_TAT_4cc4b873,tatqa,da71bde8-a6cf-4123-a62b-2514ca048508,What was the percentage change in consolidated net sales between 2018 and 2019?,"| | Years Ended December 31, | Net Sales | 2019 | 2018 | 2017 United States | $279,904 | $313,489 | $287,092 Singapore | 32,957 | 6,724 | 5,596 Taiwan | 19,810 | 20,802 | 18,586 China | 87,342 | 79,380 | 66,510 Czech Republic | 33,214 | 36,528 | 34,476 Other non-U.S. | 15,772 | 13,560 | 10,733 Conso",directional_change,increased|decreased|roughly_unchanged|insufficient_data,roughly_unchanged,noncommitted,,,,,
hqa_TAT_4cfe4a90,tatqa,cd1890ad-7535-4e82-9e7c-d99995d2b48b,How much is the change in Employee benefits expenses from 2018 to 2019?,"| 2019 | 2018 | RMB’Million | RMB’Million Transaction costs (Note (a)) | 85,702 | 69,976 Employee benefits expenses (Note (b) and Note 13) | 53,123 | 42,153 Content costs (excluding amortisation of intangible assets) | 48,321 | 39,061 Amortisation of intangible assets (Note (c) and Note 20) | 28,954",directional_change,increased|decreased|roughly_unchanged|insufficient_data,increased,committed,,,,,
hqa_TAT_4dc77ecf,tatqa,96541645-7585-4fd6-9e17-0eed8817278a,What was the change in percentage of revenue of research and development between 2017 and 2018?,"| | Year Ended December 31, | | 2019 | 2018 | 2017 | | (dollars in thousands) | Research and development | $101,151 | $76,981 | $61,975 Percent of revenue | 17.5% | 14.3% | 12.9% Research and Development Research and development expenses increased $24.2 million, or 31%, in 2019 as compared to 2018. ",directional_change,increased|decreased|roughly_unchanged|insufficient_data,increased,committed,,,,,
hqa_TAT_4e15b114_masked,tatqa,3fcf5adf-273a-4265-a488-c524c0881937,What was the change in the amount of Net debt and IFRS 16 lease liabilities from 2018 to 2019?,| 2019 | 2018 | £m | £m Net debt | 295.2 | 235.8 IFRS 16 lease liabilities | 38.9 | – Net debt including IFRS 16 lease liabilities A reconciliation between net debt and net debt including IFRS 16 lease liabilities is given below. A breakdown of the balances that are included within net debt is given,directional_change,increased|decreased|roughly_unchanged|insufficient_data,insufficient_data,noncommitted,,,,,CONSTRUCTED - verify the masked evidence really cannot answer the question
hqa_TAT_4fdb35b6_masked,tatqa,36817069-ab51-4eff-94b9-4825dfb6a10e,How much is the change of adjusted EBITDA from 2015 to 2016?,"| | | Year Ended December 31, | | | 2018 | 2017 | 2016 | 2015 | 2014 | | | (in thousands, except for GPV and per share data) | | Gross Payment Volume (GPV)(in millions) | $84,654 | $65,343 | $49,683 | $35,643 | $23,780 Adjusted Revenue | $1,587,641 | $983,963 | $686,618 | $452,168 | $276,310 Adjuste",directional_change,increased|decreased|roughly_unchanged|insufficient_data,insufficient_data,noncommitted,,,,,CONSTRUCTED - verify the masked evidence really cannot answer the question
hqa_TAT_50eb0e77_masked,tatqa,33ffde9e-33c3-4b35-955a-2fe3056428f1,What is the percentage change in total stock base compensation  by type of award between 2018 and 2019?,"| | Years Ended December 31, | | 2019 | 2018 | 2017 Stock-based compensation by type of award: | | | Stock options | $648 | $1,353 | $2,705 Stock awards | 14,882 | 10,445 | 11,421 Employee stock purchase rights(1) | 999 | 5,240 | 3,077 Stock-based compensation by category of expense: | | | Cost of r",directional_change,increased|decreased|roughly_unchanged|insufficient_data,insufficient_data,noncommitted,,,,,CONSTRUCTED - verify the masked evidence really cannot answer the question
hqa_TAT_50fd7d12,tatqa,b0fdb906-725c-4e78-934c-92ca3132c216,What was the change in the Weighted Average Exercise Price per Share for outstanding shares between 2017 and 2018?,"| Number of Shares | Weighted Average Exercise Price per Share Outstanding at March 31, 2016 | 913,508 | $33.00 Exercised | (437,906) | 34.34 Forfeited or expired | (42,485) | 34.26 Outstanding at March 31, 2017 | 433,117 | 31.51 Exercised | (131,666) | 31.75 Forfeited or expired | (17,111) | 34.73 ",directional_change,increased|decreased|roughly_unchanged|insufficient_data,decreased,committed,,,,,
hqa_TAT_513bf483,tatqa,c4328c5f-8793-49a9-9a4d-b0be3930dbfa,What was the percentage change in Debt principal from 2018 to 2019?,"| December 31, 2019 | December 31, 2018 | (in thousands) | Debt principal | $460,000 | $460,000 Unamortized discount | 65,313 | 80,019 Net carrying amount of convertible debt | $394,687 | $379,981 The below tables represents the key components of Teradyne’s convertible senior notes: As of December 3",directional_change,increased|decreased|roughly_unchanged|insufficient_data,roughly_unchanged,noncommitted,,,,,
hqa_TAT_52236d86,tatqa,9067a550-5205-4823-bf53-5a5ebf4ad802,What is the percentage change in other prepaid expenses and other current assets between 2018 and 2019?,"| As of December 31, | | 2019 | 2018 | (in thousands) | Prepaid income taxes | $— | $5,429 Other prepaid expenses and other current assets | 288 | 1,151 | $288 | $6,580 NOTE 4 - PREPAID EXPENSES AND OTHER CURRENT ASSETS & PATENTS AND INTANGIBLE ASSETS Prepaid Expenses and Other Current Assets The co",directional_change,increased|decreased|roughly_unchanged|insufficient_data,decreased,committed,,,,,
hqa_TAT_52aaae20,tatqa,fe69e0e0-20ba-482e-907c-bfa00cf9fee4,What is the change in Cases investigated and verified as ethics violations between FY 2016 and FY 2017?,Year | FY 2016 | FY 2017 | FY 2018 | FY 2019 Total reported cases | 116 | 113 | 150 | 205 (Note 1) Ethics-related cases | 16 | 20 | 14 | 26 Cases investigated and verified as ethics violations | 2 | 4 | 1 | 2 (Note 2) Sexual Harassment Investigation Committees Formed | 5 | 7 | 3 | 4 Cases investigat,directional_change,increased|decreased|roughly_unchanged|insufficient_data,increased,committed,,,,,
hqa_TAT_53514145,tatqa,681135eb-7618-4d6c-89a1-af41863dc3bb,"What is the change in Interest expense on Term Loans between December 31, 2018 and 2019?","| Years ended December 31, | | 2019 | 2018 Interest expense on Term Loans | $8,073 | $101,087 Amortization of debt issuance costs | 5,685 | 16,308 Other interest expense | 2,120 | 6,949 Total interest expense, net | $15,878 | $124,344 9. Debt Silicon Valley Bank Facility We maintained a Loan and Sec",directional_change,increased|decreased|roughly_unchanged|insufficient_data,decreased,committed,,,,,
hqa_TAT_5371b81c,tatqa,623e71e8-f1b5-44e5-a9f7-a51d3bb3e19a,What was the percentage change in Partnership’s profit/(loss) allocated to GasLog from 2018 to 2019?,"Allocation of GasLog Partners’ profit/(loss)(*) | 2018 | 2019 Partnership’s profit/(loss) attributable to: | | Common unitholders | 75,879 | (66,268) General partner | 1,602 | (1,479) IDRs | 2,618 | — Paid and accrued preference equity distributions | 22,498 | 30,328 Total | 102,597 | (37,419) Partn",directional_change,increased|decreased|roughly_unchanged|insufficient_data,decreased,committed,,,,,
hqa_TAT_537397b8,tatqa,6a4d3de8-81ab-4f30-b858-02c3dc320651,What is the percentage change in the weighted average number of common shares outstanding - diluted?,"FOR THE YEAR ENDED DECEMBER 31 | 2019 | 2018 Net earnings attributable to common shareholders – basic | 3,040 | 2,785 Dividends declared per common share (in dollars) | 3.17 | 3.02 Weighted average number of common shares outstanding (in millions) | | Weighted average number of common shares outstan",directional_change,increased|decreased|roughly_unchanged|insufficient_data,roughly_unchanged,noncommitted,,,,,
hqa_TAT_55755d65_masked,tatqa,7b7108df-3586-4bb4-9d65-67a3a408d543,What was the percentage change in the Total non-current trade and other payables in 2019 from 2018?,| 31 March 2019 | 31 March 2018 | $M | $M Current | | Trade payables | 35.8 | 39.6 Accruals | 46.6 | 68.4 Social security and other taxes | 12.7 | 14.9 Other payables | 7.1 | 11.2 Total current trade and other payables | 102.2 | 134.1 Non-Current | | 22 Trade and Other Payables Trade payables are no,directional_change,increased|decreased|roughly_unchanged|insufficient_data,insufficient_data,noncommitted,,,,,CONSTRUCTED - verify the masked evidence really cannot answer the question
hqa_TAT_55d24961_masked,tatqa,543a8520-a659-4f4d-85c6-ca11446aff69,What was the change in trade receivables from 2018 to 2019?,"| As of December 31, | | 2018 | 2019 VAT receivable | 1,094 | 637 Accrued income | 9,473 | 8,274 Insurance claims | 1,282 | 1,400 Other receivables | 7,587 | 5,126 Total | 20,244 | 24,900 GasLog Ltd. and its Subsidiaries Notes to the consolidated financial statements (Continued) For the years ended ",directional_change,increased|decreased|roughly_unchanged|insufficient_data,insufficient_data,noncommitted,,,,,CONSTRUCTED - verify the masked evidence really cannot answer the question
hqa_TAT_56547aec,tatqa,ba985b74-7eb9-4b1e-94ce-afe1a7f69f1b,What was the percentage change in Expected dividend yield between 2017 and 2018?,"| Fiscal Year Ended August 31, | | | 2019 | 2018 | 2017 Expected dividend yield | 0.6% | 0.6% | 0.8% Risk-free interest rate | 2.3% | 1.4% | 0.5% Expected volatility(1) | 28.6% | 23.0% | 33.0% Expected life | 0.5 years | 0.5 years | 0.5 years Employee Stock Purchase Plan The maximum aggregate number",directional_change,increased|decreased|roughly_unchanged|insufficient_data,roughly_unchanged,noncommitted,,,,,
hqa_TAT_568a52a5,tatqa,a934de94-63fb-4a91-820e-26e79d486fbb,What was the change in Net cash provided by financing activities between 2017 and 2018?,"| | Fiscal Years Ended March 31, | | 2019 | 2018 | 2017 Net cash provided by (used in) operating activities (1) | $131,731 | $120,761 | $71,667 Net cash provided by (used in) investing activities | (147,012) | 102,364 | (25,598) Net cash provided by (used in) financing activities | (56,657) | (55,79",directional_change,increased|decreased|roughly_unchanged|insufficient_data,decreased,committed,,,,,
hqa_TAT_56981454,tatqa,93cc5076-d08f-476f-a27e-d0d5d0153fdf,What was the percentage change in issued capital in 2019 from 2018?,"SELECTED FINANCIAL DATA: IFRS | | | | | € millions, unless otherwise stated | 2019 | 2018 | 2017 | 2016 | 2015 Income Statement Data: Years ended December 31, | | | | | Cloud revenue | 6,933 | 4,993 | 3,769 | 2,993 | 2,286 Software licenses and support revenue | 16,080 | 15,628 | 15,780 | 15,431 | 1",directional_change,increased|decreased|roughly_unchanged|insufficient_data,roughly_unchanged,noncommitted,,,,,
hqa_TAT_56d44d1d_masked,tatqa,59ff7ae6-1f04-4294-93f2-c4037632c529,What was the percentage change in the fair value of Marketable securities from 2018 to 2019?,"| December 31, 2019 | | December 31, 2018 | | Carrying Value | Fair Value | Carrying Value | Fair Value | | (in thousands) | | Assets | | | | Cash and cash equivalents | $773,924 | $773,924 | $926,752 | $926,752 Derivative assets | 528 | 528 | 79 | 79 Liabilities | | | | Contingent consideration | 3",directional_change,increased|decreased|roughly_unchanged|insufficient_data,insufficient_data,noncommitted,,,,,CONSTRUCTED - verify the masked evidence really cannot answer the question
hqa_TAT_5706ce12,tatqa,0da57c95-2709-4b67-a1be-db6f325fb4e5,What was the percentage change in the total amount of property and equipment between 2018 and 2019?,"| April 26, 2019 | April 27, 2018 U.S. | $ 572 | $ 566 International | 187 | 190 Total | $ 759 | $ 756 16. Segment, Geographic, and Significant Customer Information With the exception of property and equipment, we do not identify or allocate our long-lived assets by geographic area. The following ta",directional_change,increased|decreased|roughly_unchanged|insufficient_data,roughly_unchanged,noncommitted,,,,,
hqa_TAT_58063073,tatqa,ff068a0c-0d2c-4855-878b-95e1d5d15457,What is the percentage change in the shares of common stock repurchased between fiscal 2018 and 2019?,Period | (a) Total Number of Shares (or Units) Purchased | (b) Average Price Paid per Share (or Unit) | (c) Total Number of Shares (or Units) Purchased as Part of Publicly Announced Plans or Programs | (d) Maximum Number (or Approximate Dollar Value) of Shares (or Unites) that May Yet Be Purchased U,directional_change,increased|decreased|roughly_unchanged|insufficient_data,roughly_unchanged,noncommitted,,,,,
hqa_TAT_581c88e5,tatqa,ccb7ac81-f3ff-4f7a-8380-2f612591626c,What was the change in cost of revenue between 2017 and 2018?,"| | Year Ended December 31, | | 2019 | 2018 | 2017 | | (dollars in thousands) | Cost of revenue | $149,215 | $144,349 | $142,867 Gross profit | $427,308 | $393,542 | $339,118 Gross margin | 74.1% | 73.2% | 70.4% Cost of Revenue, Gross Profit, and Gross Margin Cost of revenue increased $4.9 million, ",directional_change,increased|decreased|roughly_unchanged|insufficient_data,increased,committed,,,,,
hqa_TAT_5863b620_masked,tatqa,36719d75-6c38-485f-96f7-aab74dc5eb11,What was the change in the Principal from 2018 to 2019?,"| December 31, 2019 | December 31, 2018 | (in thousands) | Less: | | Unamortized debt discount | (1,328) | (1,630) Unamortized debt issuance costs | (3,763) | (4,613) Net carrying amount of long-term debt | 206,909 | 255,757 Less: current portion of long-term debt | — | — Long-term debt, non-current",directional_change,increased|decreased|roughly_unchanged|insufficient_data,insufficient_data,noncommitted,,,,,CONSTRUCTED - verify the masked evidence really cannot answer the question
hqa_TAT_5872f59a,tatqa,0202dbb4-5221-42b7-96b7-5bcb476ffdec,"What is the change in Basic weighted average common shares outstanding from year ended December 31, 2018 to 2019?","| | Year ended December 31, | | 2019 | 2018 | 2017 Net income attributable to ON Semiconductor Corporation | $211.7 | $627.4 | $810.7 Basic weighted average common shares outstanding | 410.9 | 423.8 | 421.9 Add: Incremental shares for: | | | Dilutive effect of share-based awards | 1.9 | 4.3 | 5.5 Di",directional_change,increased|decreased|roughly_unchanged|insufficient_data,decreased,committed,,,,,
hqa_TAT_595e9b22,tatqa,9dc45e86-7631-43b6-b108-8a486d96fa97,What was the change in Non-marketable equity and other investments between 2017 and 2018?,"| | Years Ended | | 2019 vs. 2018 | July 27, 2019 | July 28, 2018 | July 29, 2017 | Variance in Dollars Gains (losses) on investments, net: | | | | Available-for-sale debt investments | $(13) | $(242) | $(42) | $229 Marketable equity investments | (3) | 529 | (45) | (532) Non-marketable equity and o",directional_change,increased|decreased|roughly_unchanged|insufficient_data,increased,committed,,,,,
hqa_TAT_5973ca4d_masked,tatqa,874822dd-2d02-4cc8-be11-89433f7c7b2c,What was the 2019 percentage change of dividends paid between 2018 and 2019 financial years?,"| 2019 | 2018 | $’000 | $’000 Dividends paid during the year (net of dividend re-investment) | | 4 cent per share final dividend paid 27 September 2018 – fully franked1 | 7,319 | 3 cent per share final dividend paid 30 September 2017 – fully franked | | 5,175 3 cent per share interim dividend paid 2",directional_change,increased|decreased|roughly_unchanged|insufficient_data,insufficient_data,noncommitted,,,,,CONSTRUCTED - verify the masked evidence really cannot answer the question
hqa_TAT_5999f4f9,tatqa,78449d7f-4a2a-441d-b49c-59d244dc3b44,"What was the change in Computer, production, engineering and other equipment between 2018 and 2019?","| April 26, 2019 | April 27, 2018 Land | $ 106 | $ 106 Buildings and improvements | 605 | 594 Leasehold improvements | 86 | 88 Computer, production, engineering and other equipment | 817 | 733 Computer software | 357 | 357 Furniture and fixtures | 105 | 99 Construction-in-progress | 10 | 27 | 2,086 ",directional_change,increased|decreased|roughly_unchanged|insufficient_data,increased,committed,,,,,
hqa_TAT_59b7862e,tatqa,b0eea7c8-1c28-40a5-b3e5-15bf519bf411,What is the change in the Diluted combined average number of share units (millions of units) from 2018 to 2019?,"| € million | € million | 2019 | 2018 | | (Restated)(a) Underlying profit attributable to shareholders’ equity(b) | 6,688 | 6,345 Impact of translation from current to constant exchange rates and translational hedges | 13 | 46 Impact of price growth in excess of 26% per year in hyperinflationary eco",directional_change,increased|decreased|roughly_unchanged|insufficient_data,decreased,committed,,,,,
hqa_TAT_59cb702e,tatqa,e227ec32-2078-4309-abce-1161558ad386,What is the change in the value of customer relationships between 2018 and 2019?,"| | December 31, | 2019 | 2018 Recipes | $ 44 | $ 44 Customer lists and other customer related intangibles | 4,529 | 4,529 Customer relationships | 985 | 985 Trade names | 2,248 | 2,248 Formula | 438 | 438 | 8,244 | 8,244 Accumulated amortization | (8,092 ) | (7,900 ) Intangible assets, net | $ 152 ",directional_change,increased|decreased|roughly_unchanged|insufficient_data,roughly_unchanged,noncommitted,,,,,
hqa_TAT_5a5ef52a_masked,tatqa,b8f9aacd-0cf5-47e9-90d4-66402d89a066,What was the change in consolidated net income between 2018 and 2019?,"| | For the Years Ended December 31, | | 2019 | 2018 | 2017 Numerator: | | | Denominator: | | | Denominator for basic earnings per common share—weighted-average common shares outstanding | 767 | 762 | 754 Effect of dilutive stock options and awards under the treasury stock method | 4 | 9 | 12 Denomi",directional_change,increased|decreased|roughly_unchanged|insufficient_data,insufficient_data,noncommitted,,,,,CONSTRUCTED - verify the masked evidence really cannot answer the question
hqa_TAT_5b2f1274_masked,tatqa,b90a5b03-fbbf-470e-8a53-cb9f9bf36289,What was the change in average daily hire rate from 2018 to 2019?,"| | Year ended December 31, | | 2018 | 2019 | Change Amounts are in thousands of U.S. Dollars | | | Revenues | $618,344 | $668,637 | $50,293 Net pool allocation | 17,818 | (4,264) | (22,082) Voyage expenses and commissions | (20,374) | (23,772) | (3,398) Vessel operating and supervision costs | (128",directional_change,increased|decreased|roughly_unchanged|insufficient_data,insufficient_data,noncommitted,,,,,CONSTRUCTED - verify the masked evidence really cannot answer the question
hqa_TAT_5b953d31,tatqa,40ae9ace-7cd5-4ebd-8ea7-d15664a2b31f,"What is the change in Net Cash Used in Investing Activities from Fiscal Year Ended April 28, 2018 to Fiscal Year Ended April 27, 2019?","| | Fiscal Year Ended | | April 27, | April 28, | April 29, (Dollars in Millions) | 2019 | 2018 | 2017 Operating activities: | | | Net Income | $91.6 | $57.2 | $92.9 Non-cash Items | 52.6 | 17.0 | 32.1 Changes in Operating Assets and Liabilities | (42.2) | 43.6 | 20.2 Net Cash Provided by Operating ",directional_change,increased|decreased|roughly_unchanged|insufficient_data,decreased,committed,,,,,
hqa_TAT_5ba2336d,tatqa,6eaaa45f-7d16-4991-b3ec-c0b92b22f98b,What was the change in CPI inflation percentage in 2019 from 2018?,| 2019 | 2018 | % | % Discount rate for scheme liabilities | 2.45 | 2.60 CPI inflation | 2.35 | 2.25 RPI inflation | 3.45 | 3.35 Pension increases | | Pre 1988 GMP | – | – Post 1988 GMP | 2.10 | 2.10 Pre 2004 non GMP | 5.00 | 5.00 Post 2004 | 3.35 | 3.25 Assumptions used The last triennial actuarial,directional_change,increased|decreased|roughly_unchanged|insufficient_data,roughly_unchanged,noncommitted,,,,,
hqa_TAT_5c00b3f4,tatqa,64d5d4e6-c5de-493d-89ee-54349eb1c798,What was the change in employee benefit costs?,"| | 2019 | 2018 | Notes | $ million | $ million Employee benefit costs | 8 | 220.5 | 208.9 Costs of inventories recognised as an expense | | 81.6 | 79.8 Write-down of inventories to net realisable value | 19 | 1.6 | 0.1 Amortisation of intangible assets | 13 | 2.1 | 4.3 Depreciation of property, pla",directional_change,increased|decreased|roughly_unchanged|insufficient_data,increased,committed,,,,,
hqa_TAT_5ce27434_masked,tatqa,6280d80a-8042-4404-93f4-67a8e26082f9,What is the percentage change in the total unamortized compensation cost related to employee purchases under the ESPP the company expects to recognise between 2018 and 2019?,| | Year ended December 31 | | 2019 | 2018 | 2017 Expected life (in years) | 0.5 | 0.5 | 0.5 Volatility | 36% - 37% | 33% - 40% | 29% - 37% Risk-free interest rate | 1.58 - 2.43% | 1.76% - 2.50% | 0.76% - 1.16% Dividend yield | - % | - % | - % The fair value of the option component of the ESPP share,directional_change,increased|decreased|roughly_unchanged|insufficient_data,insufficient_data,noncommitted,,,,,CONSTRUCTED - verify the masked evidence really cannot answer the question
hqa_TAT_5d025874_masked,tatqa,26e157a8-f49b-40e1-8090-46f27a1d327e,What is the percentage change in net deferred tax assets from 2018 to 2019?,"| 2019 | 2018 Deferred tax assets: | | Stock-based compensation | $2,646 | $3,067 Net operating loss carryforwards | 9,419 | 8,568 Research credit carryforwards | 5,570 | 3,890 Intangibles | 58 | — Other, net | 90 | 354 Total deferred assets | 17,783 | 15,879 Deferred tax liabilities: | | Intangible",directional_change,increased|decreased|roughly_unchanged|insufficient_data,insufficient_data,noncommitted,,,,,CONSTRUCTED - verify the masked evidence really cannot answer the question
hqa_TAT_5d102494,tatqa,80e5e0b3-b17b-4506-8913-6153e65395ae,What is the change in income from operations between 2018 and 2019?,"Year Ended December 31, | | | 2019 | 2018 (In thousands) | | Revenues | $36,898 | $36,149 Income from operations | $4,461 | $4,973 Income from operations as a % of revenues | 12% | 14% Europe Europe net revenues increased $749,000 in 2019 compared to 2018 (see “Revenues” above). Europe expenses incr",directional_change,increased|decreased|roughly_unchanged|insufficient_data,decreased,committed,,,,,
hqa_TAT_5d452577,tatqa,ed9ce354-7e21-4674-9221-bc787ee5bbd1,What is the change in the value of brand names between 2018 and 2019?,"| | December 31, | 2019 | 2018 Goodwill | $ 10,368 | $ 10,368 Accumulated impairment losses | (1,244 ) | (1,244 ) Goodwill | 9,124 | 9,124 Brand names | 3,700 | 3,700 Goodwill and indefinite lived intangible assets | $ 12,824 | $ 12,824 Note 5 – Goodwill and Intangible Assets Goodwill and indefinite",directional_change,increased|decreased|roughly_unchanged|insufficient_data,roughly_unchanged,noncommitted,,,,,
hqa_TAT_5f5bf97c,tatqa,cfa474ea-af84-4193-aa59-0e202001f11f,"What is the change in Cost, Insurance and Freight (CIF) value of imports from FY 2018 to FY 2019?","| | (` crore) Foreign exchange earnings and outgo | FY 2019 | FY 2018 a. Foreign exchange earnings | 119,499 | 92,258 b. CIF Value of imports | 447 | 768 c.Expenditure in foreign currency | 49,336 | 33,014 Foreign exchange earnings and outgo Export revenue constituted 93.3 percent of the total uncon",directional_change,increased|decreased|roughly_unchanged|insufficient_data,increased,committed,,,,,
hqa_TAT_5f850d8e_masked,tatqa,b7f38920-34f6-4c5f-b0c2-e6ff933d03b8,What was the change in the Total non-current trade and other payables in 2019 from 2018?,| 31 March 2019 | 31 March 2018 | $M | $M Current | | Trade payables | 35.8 | 39.6 Accruals | 46.6 | 68.4 Social security and other taxes | 12.7 | 14.9 Other payables | 7.1 | 11.2 Total current trade and other payables | 102.2 | 134.1 Non-Current | | 22 Trade and Other Payables Trade payables are no,directional_change,increased|decreased|roughly_unchanged|insufficient_data,insufficient_data,noncommitted,,,,,CONSTRUCTED - verify the masked evidence really cannot answer the question
hqa_TAT_5fd4ee1f,tatqa,413898bf-1027-44d0-a912-c24ea71be4ec,What is the change in gross profit between the second and third quarter of 2018?,"| | Quarter Ended | | | March 31, | June 30, | September 30, | December 31, | 2019 | 2019 | 2019 | 2019 Revenue | $50,290 | $49,189 | $52,833 | $60,316 Gross profit | $38,040 | $37,918 | $40,913 | $46,876 Net income (loss) | $(12,272) | $(5,771) | $173 | $51 Net loss per share-basic | $(0.16) | $(0.",directional_change,increased|decreased|roughly_unchanged|insufficient_data,roughly_unchanged,noncommitted,,,,,
hqa_TAT_60004541,tatqa,5b2e2331-bcb1-439c-9fe4-72f711b700af,What was the percentage change in total long-lived assets between 2018 and 2019?,"| December 31, | | 2019 | 2018 United States | $239,511 | $115,869 Asia | 301,020 | 12,274 Europe | 59,925 | 59,936 Total | $600,456 | $188,079 ADVANCED ENERGY INDUSTRIES, INC. NOTES TO CONSOLIDATED FINANCIAL STATEMENTS – (continued) (in thousands, except per share amounts) The following table summa",directional_change,increased|decreased|roughly_unchanged|insufficient_data,increased,committed,,,,,
hqa_TAT_602e7985,tatqa,4b69faec-8324-434e-8fbf-9ab4c0036c27,What is the percentage change in the value of company's customer relationships between 2018 and 2019?,"| September 2019 | September 2018 Trademarks and tradenames (Retail Segment) | $500,000 | $3,373,269 ustomer relationships (Wholesale Segment) (less accumulated amortization of approximately $2.1 million at both September 2019 and September 2018) | — | 41,667 | $ 500,000 | $3,414,936 Other intangibl",directional_change,increased|decreased|roughly_unchanged|insufficient_data,decreased,committed,,,,,
hqa_TAT_60e1712c,tatqa,50721b17-6915-4d96-88d4-7b52c183e2eb,What was the percentage change in Thereof defined-contribution in 2019 from 2018?,"€ thousands | 2019 | 2018 | 2017 Short-term employee benefits | 17,378 | 18,652 | 16,634 Share-based payment1) | 32,393 | 23,646 | 25,723 Subtotal1) | 49,771 | 42,298 | 42,357 Post-employment benefits | 2,825 | 1,106 | 1,312 Thereof defined-benefit | 2,056 | 250 | 423 Thereof defined-contribution | ",directional_change,increased|decreased|roughly_unchanged|insufficient_data,decreased,committed,,,,,
hqa_TAT_61ad8570,tatqa,7b88a47f-472f-4482-afc1-f6ba584a02de,What is the change in the amount of total goodwill in 2019 from 2018?,"September 30, | 2019 | 2018 | 2017 | | (in millions) | Cubic Transportation Systems | $ 254.6 | $ 49.8 | $ 50.9 Cubic Mission Solutions | 181.4 | 138.1 | — Cubic Global Defense | 142.1 | 145.7 | 270.7 Total goodwill | $ 578.1 | $ 333.6 | $ 321.6 Valuation of Goodwill Goodwill balances by reporting u",directional_change,increased|decreased|roughly_unchanged|insufficient_data,increased,committed,,,,,
hqa_TAT_61b6ec5d_masked,tatqa,1c69e308-ad99-4887-ac95-f5ec38202589,What was the change in operating revenues from 2017 to 2018?,"| | | | (dollars in millions, except per share amounts) | | 2019 | 2018 | 2017 | 2016 | 2015 Results of Operations | | | | | Operating income | 30,378 | 22,278 | 27,425 | 29,249 | 30,615 Net income attributable to Verizon | 19,265 | 15,528 | 30,101 | 13,127 | 17,879 Per common share – basic | 4.66 |",directional_change,increased|decreased|roughly_unchanged|insufficient_data,insufficient_data,noncommitted,,,,,CONSTRUCTED - verify the masked evidence really cannot answer the question
hqa_TAT_62bbb05f,tatqa,9746a649-9bb7-4694-9408-fa4b88f45a32,What was the percentage change in the number of shares under scheme under the 2019 Grant from the 2018 Grant?,"| 2015 Grant | 2016 Grant | 2017 Grant | 2018 Grant | 2019 Grant Grant date | 11th June | 5th April | 26th May | 4th April | 15th May Mid market share price at grant date | 3,460.0p | 3,550.0p | 5,256.0p | 5,560.0p | 8,161.0p Number of employees | 15 | 13 | 12 | 12 | 12 Shares under scheme | 70,290 ",directional_change,increased|decreased|roughly_unchanged|insufficient_data,roughly_unchanged,noncommitted,,,,,
hqa_TAT_6475f443,tatqa,1d5a505f-bf32-4bc8-a349-dfc70b5911cd,What was the change in the Other comprehensive earnings  between 2017 and 2019?,"| | Years Ended December 31, | | 2019 | 2018 | 2017 Net earnings | $36,146 | $46,532 | $14,448 Other comprehensive earnings (loss): | | | Changes in fair market value of derivatives, net of tax | (509) | 795 | 110 Changes in unrealized pension cost, net of tax | 6,439 | (1,830) | 13,687 Cumulative t",directional_change,increased|decreased|roughly_unchanged|insufficient_data,decreased,committed,,,,,
hqa_TAT_64aee863,tatqa,353a3096-576b-4d04-9af3-ebb58e27a859,What is the change of “All Other Fees” from 2017 to 2018?,"| 2017 | 2018 | (In Thousands) | (In Thousands) Audit Fees (1) | $3,747 | $4,476 Audit-Related Fees (2) | — | — Tax Fees (3) | — | — All Other Fees (4) | $3 | $3 Total Fees | $3,750 | $4,479 Fees Paid to the Independent Registered Public Accounting Firm The following table presents fees for professi",directional_change,increased|decreased|roughly_unchanged|insufficient_data,roughly_unchanged,noncommitted,,,,,
hqa_TAT_659fa10a,tatqa,dc278dd1-3935-490d-ab87-9fef7faf5c4b,What was the change in Debt principal from 2018 to 2019?,"| December 31, 2019 | December 31, 2018 | (in thousands) | Debt principal | $460,000 | $460,000 Unamortized discount | 65,313 | 80,019 Net carrying amount of convertible debt | $394,687 | $379,981 The below tables represents the key components of Teradyne’s convertible senior notes: As of December 3",directional_change,increased|decreased|roughly_unchanged|insufficient_data,roughly_unchanged,noncommitted,,,,,
hqa_TAT_6606b061_masked,tatqa,ceb3eeb7-b02b-406e-b239-4b8185ce2910,What is the percentage change in segment net revenues between 2018 and 2019?,"| For the Years Ended December 31, | | 2019 | 2018 Reconciliation to consolidated net revenues: | | Revenues from non-reportable segments (1) | 462 | 480 Net effect from recognition (deferral) of deferred net revenues (2) | 101 | 238 Elimination of intersegment revenues (3) | (43) | (53) Consolidate",directional_change,increased|decreased|roughly_unchanged|insufficient_data,insufficient_data,noncommitted,,,,,CONSTRUCTED - verify the masked evidence really cannot answer the question
hqa_TAT_661dc7d0_masked,tatqa,6d7d74ea-929c-45a5-9fbc-66dc8e9d6ec2,What was the change in sales and marketing expenses from 2017 to 2018?,"| | Year Ended December 31, | | 2019 | 2018 | 2017 | | (In thousands) | Cost of revenue | $2,843 | $2,435 | $1,406 Research and development | 6,532 | 4,283 | 2,968 General and administrative | 10,693 | 11,476 | 9,114 Total | $29,137 | $26,461 | $18,969 The Company recognizes these compensation costs",directional_change,increased|decreased|roughly_unchanged|insufficient_data,insufficient_data,noncommitted,,,,,CONSTRUCTED - verify the masked evidence really cannot answer the question
hqa_TAT_6678aea6,tatqa,5f5fe7b0-7750-4a77-a4b0-0c4aaa8d8477,What was the percentage change in the Weighted number of no-par-value shares in 2018/2019 from 2017/2018?,"| 2017/2018 | 2018/2019 Weighted number of no-par-value shares | 363,097,253 | 363,097,253 Profit or loss for the period attributable to the shareholders of METROAG (€million) | 333 | −126 Earnings per share in € (basic = diluted) | 0.92 | −0.35 from continuing operations | (0.98) | (1.12) from disc",directional_change,increased|decreased|roughly_unchanged|insufficient_data,roughly_unchanged,noncommitted,,,,,
hqa_TAT_66ae5834,tatqa,9d744332-d2f9-4ca7-9fdd-753c7f8f0e76,What was the percentage change in Losses from the disposal of fixed assets in 2018/2019 from 2017/2018?,€ million | 2017/2018 | 2018/2019 Expenses from logistics services | 272 | 254 Losses from the disposal of fixed assets | 4 | 6 Impairment losses on goodwill | 0 | 3 Miscellaneous | 17 | 17 | 293 | 279 5. Other operating expenses The expenses from logistics services provided by METRO LOGISTICS to co,directional_change,increased|decreased|roughly_unchanged|insufficient_data,increased,committed,,,,,
hqa_TAT_68233f05,tatqa,63e16af0-27a4-4ab7-a902-16b95e815ff5,What was the percentage change in the diluted earnings per share between 2017 and 2019?,"| 2019 | 2018 | 2017 Net income | 108,616 | 13,040 | 112,062 Basic weighted average common shares outstanding | 30,271 | 33,003 | 33,612 Dilutive effect of share-based awards and options outstanding | 803 | 916 | 941 Diluted weighted average shares outstanding | 31,074 | 33,919 | 34,553 Earnings per",directional_change,increased|decreased|roughly_unchanged|insufficient_data,increased,committed,,,,,
hqa_TAT_6a9a7411,tatqa,35902b87-03aa-4226-ba81-d728ce02f047,What is the percentage change in click-through fees from 2018 to 2019?,"| CONSOLIDATED | | 2019 $'000 | 2018 $'000 Upfront revenue | | Upfront fees | 113,609 | 140,971 Click-through fees | 3,657 | 1,349 Advertising and subscription fees | 2,161 | 1,604 | 119,427 | 143,924 Trail commission revenue | 34,732 | 33,007 Total revenue from contracts with customers | 154,159 | ",directional_change,increased|decreased|roughly_unchanged|insufficient_data,increased,committed,,,,,
hqa_TAT_6ad3194f,tatqa,69357272-ae74-45c2-bdb3-8c73b2268981,"Under the Accumulated Foreign Currency Translation Adjustment, what is the percentage change in the balance from 2018 to 2019?",| Accumulated Foreign Currency Translation Adjustment | Accumulated Unrealised Gains or Losses on Cash Flow Hedges | Accumulated Unrealized Holding Gain or Loss on Available-For- Sale Investments | Accumulated Unrealized Components of Defined Benefit Plans | Total | | | (inthousands) | | Balance as ,directional_change,increased|decreased|roughly_unchanged|insufficient_data,increased,committed,,,,,
hqa_TAT_6ada4621_masked,tatqa,33e1f138-3e4e-4ec6-a92a-9853bcec45b7,"What is the change between Foreign exchange forward contracts purchased for March 29, 2019 and March 30, 2018?","(In millions) | March 29, 2019 | March 30, 2018 Net investment hedges | | Foreign exchange forward contracts sold | $116 | $— Balance sheet contracts | | Foreign exchange forward contracts sold | $122 | $151 The fair value of our foreign exchange forward contracts is presented on a gross basis in ou",directional_change,increased|decreased|roughly_unchanged|insufficient_data,insufficient_data,noncommitted,,,,,CONSTRUCTED - verify the masked evidence really cannot answer the question
hqa_TAT_6b071935,tatqa,5db89f6e-d02e-439b-8634-24940f89b802,What was the percentage change in operating income between 2017 and 2018?,"| | December 31, | | (in thousands of $) | 2018 | 2017 | Change | % Change Total operating revenues | 127,625 | — | 127,625 | 100% Vessel operating expenses | (26,317) | (2) | (26,315) | 1,315,750% Voyage expenses | (1,363) | (121) | (1,242) | 1,026% Administrative expenses | 175 | (1,736) | 1,911 |",directional_change,increased|decreased|roughly_unchanged|insufficient_data,increased,committed,,,,,
hqa_TAT_6b50f4c7,tatqa,e20d579a-c007-4cae-8cb8-b0d23c86ceab,What is the change in the inflation - CPI for RHm schemes from 2018 to 2019?,| At 30 Mar 2019 | | At 31 Mar 2018 | | Premier schemes | RHM schemes | Premier schemes | RHM schemes Discount rate | 2.45% | 2.45% | 2.70% | 2.70% Inflation – RPI | 3.25% | 3.25% | 3.15% | 3.15% Inflation – CPI | 2.15% | 2.15% | 2.05% | 2.05% Expected salary increases | n/a | n/a | n/a | n/a Future,directional_change,increased|decreased|roughly_unchanged|insufficient_data,roughly_unchanged,noncommitted,,,,,
hqa_TAT_6c2b335f,tatqa,ac3279cb-69ae-4313-9859-b7bf479e88e2,What is the change in capex between 2018 and 2019?,"| 2018 | 2019 | Ambition Operating margin | 4.4% | 5.0% | >12% financial net, tax and other | -3.8% | -2.5% | -4% + depreciation and amortization | +3.9% | +2.9% | +3 to 4% + depreciation of leased assets | – | +1.1% | +1% ± change in working capital | +3.7% | +1.0% | ±0 - capex | - 2.4% | -2.8% | -",directional_change,increased|decreased|roughly_unchanged|insufficient_data,roughly_unchanged,noncommitted,,,,,
hqa_TAT_6c8208ea_masked,tatqa,3597746f-7238-4a6c-a6eb-531daed6548a,What is the percentage change in the cost of goods sold from operations in 2018 and 2019?,"| Years Ended December 31 | | Change | 2019 | 2018 | % | (in thousands) | | Revenues | $23,713 | $14,762 | 60.6 Gross profit (loss) | (861) | 2,982 | Gross profit % | -3.6% | 20.2% | Selling, general and administrative expenses | 13,696 | 11,194 | (22.4) Loss from operations | (14,557) | (8,212) | (",directional_change,increased|decreased|roughly_unchanged|insufficient_data,insufficient_data,noncommitted,,,,,CONSTRUCTED - verify the masked evidence really cannot answer the question
hqa_TAT_6c86fefa,tatqa,0ee63ea5-dbfc-4727-b63e-b76282136893,"What was the change in Net income attributable to Advanced Energy Industries, Inc. between Quarter Ended  June and September?","| | Quarter Ended | | | December 31, | September 30, | June 30, | March 31, | 2018 | 2018 | 2018 | 2018 Sales, net | $154,161 | $173,082 | $196,032 | $195,617 Gross Profit | $ 75,188 | $ 85,539 | $ 101,235 | $ 103,645 Restructuring Expense | $ 3,836 | $ 403 | $ — | $ — Operating income | $ 19,570 | ",directional_change,increased|decreased|roughly_unchanged|insufficient_data,decreased,committed,,,,,
hqa_TAT_6e0b2ba6,tatqa,9ba89228-1e13-4ee6-8da0-571ca10fd64e,What is the percentage change in Deferred revenue between 2018 and 2019?,"| December 31, | | 2019 | 2018 Deferred tax assets: | | Accrued expenses | $2,427 | $2,353 Long-lived intangible assets and fixed assets - basis difference | 25,178 | 22,947 Net operating loss carryforwards | 81,575 | 82,017 Stock-based compensation | 15,398 | 15,172 Operating lease liabilities | 17",directional_change,increased|decreased|roughly_unchanged|insufficient_data,increased,committed,,,,,
hqa_TAT_6eaf1e0f,tatqa,74ec2bc8-1be1-410b-98b0-e6fb2afb4693,What was the change in the Accumulated other comprehensive (income) loss for Pension between 2018 and 2019?,"| Pension | | Other Benefits | | 2019 | 2018 | 2019 | 2018 Net actuarial loss (gain) | $16,864 | $15,691 | $(793) | $(879) Prior service cost | 1,325 | 1,413 | — | — Accumulated other comprehensive (income) loss | $18,189 | $17,104 | $(793) | $(879) Amounts recognized in Accumulated other comprehens",directional_change,increased|decreased|roughly_unchanged|insufficient_data,increased,committed,,,,,
hqa_TAT_6f1741d7_masked,tatqa,2cae4fb7-d8f5-4272-af61-9c94a63b7bac,What was the change in the fair value for the 4.700% Senior Notes between 2018 and 2019?,"| | August 31, 2019 | | August 31, 2018 | (in thousands) | Fair Value Hierarchy | Carrying Amount | Fair Value | Carrying Amount | Fair Value Notes payable and long-term debt: (Note 8) | | | | | 5.625% Senior Notes | Level 2(1) | $398,886 | $416,000 | $397,995 | $415,704 4.900% Senior Notes | Level ",directional_change,increased|decreased|roughly_unchanged|insufficient_data,insufficient_data,noncommitted,,,,,CONSTRUCTED - verify the masked evidence really cannot answer the question
hqa_TAT_6fa32d6b,tatqa,7323be57-cacc-483c-9347-e7fc27df3cb5,What is the percentage change in the company's money market funds between 2018 and 2019?,"| Fair value at December 31, 2019 | Level 1 | Level 2 | Level 3 Cash equivalents: | | | | Money market funds | $297,311 | $297,311 | $ - | $ - Noncurrent assets: | | | | Long-term investments | 132,188 | - | - | 132,188 | Fair value at December 31, 2018 | Level 1 | Level 2 | Level 3 Cash equivalents",directional_change,increased|decreased|roughly_unchanged|insufficient_data,decreased,committed,,,,,
hqa_TAT_70054e4b,tatqa,c7aa3e33-37d2-4567-b13d-4590370ff1dc,"What is the change in Accruals and reserves, net between 2019 and 2018?","| December 31, | (In thousands) | 2019 | 2018 Deferred tax assets | | Accruals and reserves, net | $29,627 | $31,565 Allowance for doubtful accounts | 11,507 | 11,378 Stock-based compensation, net | 10,382 | 10,595 Deferred revenue | 21,786 | 8,160 Operating and finance lease liabilities | 22,085 | ",directional_change,increased|decreased|roughly_unchanged|insufficient_data,decreased,committed,,,,,
hqa_TAT_70081d20,tatqa,925fc592-e42f-49c5-80c3-a3191ce3a412,What was the change in Other interest expense between 2017 and 2018?,"| | Year Ended March 31, | | 2019 | 2018 | 2017 Debt issuance amortization | $12.9 | $3.1 | $2.4 Debt discount amortization | 2.2 | — | — Interest expense | 291.8 | 6.6 | 40.4 Total interest expense on Senior Secured Indebtedness | 306.9 | 9.7 | 42.8 Debt issuance amortization | 3.6 | 3.5 | 2.1 Debt",directional_change,increased|decreased|roughly_unchanged|insufficient_data,increased,committed,,,,,
hqa_TAT_706e4924,tatqa,77ccce06-19e2-4266-884a-a231a69fb66d,What was the change in Rest of the World in 2019 from 2018?,"| 2019 | 2018 | 2017 | | (in thousands) | Revenues from customers (1): | | | China | $514,327 | $348,942 | $260,451 Taiwan | 485,681 | 516,322 | 687,031 United States | 333,059 | 282,869 | 252,516 Korea | 239,504 | 163,224 | 206,819 Europe | 219,015 | 223,207 | 163,715 Japan | 175,322 | 158,281 | 16",directional_change,increased|decreased|roughly_unchanged|insufficient_data,increased,committed,,,,,
hqa_TAT_709dcaf7,tatqa,c9b04ee7-726f-484f-bb25-32ebc2172e19,"What is the change in Leasehold improvements from December 31, 2019 to December 31, 2018?","| | As of December 31, | | Useful life in years | 2019 | 2018 Furniture and equipment | 5 | $1,785 | $1,189 Leasehold improvements (1) | 5 | 4,074 | 2,776 System hardware | 5 | 1,596 | 1,404 Office computers | 3 | 5,309 | 3,745 Computer and system software | 3 | 1,451 | 1,385 | | 14,215 | 10,499 Les",directional_change,increased|decreased|roughly_unchanged|insufficient_data,increased,committed,,,,,
hqa_TAT_71753311,tatqa,fb2c2a77-01c8-4ce2-bf1b-619ac523a605,What was the change in Accruals?,| | 2019 | 2018 | Notes | £ million | £ million Trade creditors | | 2.3 | 1.4 Owed to subsidiaries | | 90.4 | 84.8 Accruals | | 5.1 | 4.5 Deferred income | | 3.2 | 4.4 Lease liabilities | 14 | 0.1 | – Other taxes and social security costs | | 0.4 | 0.5 Government grants | 12 | 0.7 | 0.3 | | 102.2 | ,directional_change,increased|decreased|roughly_unchanged|insufficient_data,increased,committed,,,,,
hqa_TAT_71865c8f,tatqa,aec3406a-500a-4ad7-9b24-444aff726d79,What was the percentage change in APJ in 2019 from 2018?,"€ millions | 2019 | 2018 | 2017 Germany | 3,948 | 3,658 | 3,352 Rest of EMEA | 8,158 | 7,446 | 7,063 EMEA | 12,105 | 11,104 | 10,415 United States | 9,085 | 7,880 | 7,436 Rest of Americas | 2,109 | 1,832 | 1,911 Americas | 11,194 | 9,713 | 9,347 Japan | 1,180 | 963 | 885 Rest of APJ | 3,074 | 2,928 ",directional_change,increased|decreased|roughly_unchanged|insufficient_data,increased,committed,,,,,
hqa_TAT_726b5985,tatqa,64b970a1-0dc8-4dd6-a244-b51ffcc74489,What was the change in hovis sale of goods from 2018 to 2019?,| 52 weeks ended | 52 weeks ended | 30 Mar 2019 | 31 Mar 2018 | £m | £m Sale of goods: | | – Hovis | 0.3 | 0.3 Sale of services: | | – Hovis | 0.7 | 0.7 – Nissin | 0.2 | 0.1 Total sales | 1.2 | 1.1 Purchase of goods: | | – Hovis | 6.3 | 11.9 – Nissin | 10.3 | 7.1 Total purchases | 16.6 | 19.0 The Gr,directional_change,increased|decreased|roughly_unchanged|insufficient_data,roughly_unchanged,noncommitted,,,,,
hqa_TAT_72716520,tatqa,c4edc71b-854a-4f79-9305-f5dfe9871739,What is the change in the Business combination reserve between 2018 and 2019?,"| CONSOLIDATED | | 2019 $’000 | 2018 $’000 Reserves | | Share-based payment reserve | 3,960 | 3,198 Business combination reserve | 5,571 | 5,571 Foreign currency translation reserve | (12) | (24) | 9,519 | 8,745 4.2 Equity (continued) Share buy-back A buy-back is the purchase by a company of its exi",directional_change,increased|decreased|roughly_unchanged|insufficient_data,roughly_unchanged,noncommitted,,,,,
hqa_TAT_73a21c9d,tatqa,c0f1b72e-9550-4da0-b8bb-4ca76c416a60,What is the percentage change in the total assets after the adjustment?,"| June 24, 2018 As Reported | Adjustments | Jun e25, 2018 As Adjusted | | (in thousands) | Total assets | $12,479,478 | $12,955 | $12,492,433 Deferred profit | $720,086 | $(160,695) | $559,391 Total liabilities | $5,899,435 | $(126,400) | $5,773,035 Stockholder’s equity | $6,501,851 | $139,355 | $6,",directional_change,increased|decreased|roughly_unchanged|insufficient_data,roughly_unchanged,noncommitted,,,,,
hqa_TAT_73a33378,tatqa,d610b10e-566c-492a-b04d-ff6b4d4edcfa,What was the percentage change in the amount of research and development between 2018 and 2019?,"| | Year Ended December 31, | | 2019 | 2018 | 2017 Stock-based compensation expense data: | | | Sales and marketing | $2,075 | $1,196 | $561 General and administrative | 6,474 | 4,901 | 2,638 Research and development | 12,054 | 7,332 | 4,214 Total stock-based compensation expense | $20,603 | $13,429",directional_change,increased|decreased|roughly_unchanged|insufficient_data,increased,committed,,,,,
hqa_TAT_74051a75,tatqa,6f227148-d8d9-425b-835a-321d2c13befa,What was the percentage change net income attributable to non-controlling shareholders who hold interests in Hilli LLC and Hilli Corp between 2017 and 2018?,"| | December 31, | | (in thousands of $) | 2018 | 2017 | Change | % Change Total other non-operating expense | — | (81) | 81 | (100)% Interest income | 10,133 | 5,890 | 4,243 | 72% Interest expense | (101,908) | (59,305) | (42,603) | 72% (Losses)/gains on derivative instruments | (30,541) | 20,696 |",directional_change,increased|decreased|roughly_unchanged|insufficient_data,increased,committed,,,,,
hqa_TAT_7444061c,tatqa,73dad2ab-1927-41ee-89c6-37cf5e97dd1d,What was the change in the gross carrying amount between the 2021 and 2022 Notes in 2019?,"| | At December 31, 2019 | | Gross Carrying Amount | Unamortized Discount and Deferred Financing Costs | Net Carrying Amount 2021 Notes | $650 | $(2) | $648 2022 Notes | 400 | (2) | 398 2026 Notes | 850 | (7) | 843 2027 Notes | 400 | (5) | 395 2047 Notes | 400 | (9) | 391 Total long-term debt | $2,7",directional_change,increased|decreased|roughly_unchanged|insufficient_data,decreased,committed,,,,,
hqa_TAT_75569b9e,tatqa,07cd3c09-3826-4804-b914-2e00735ac229,What is the percentage change in the contract assets after adjustments due to ASC606?,"| Balance at December 31, 2017 | Adjustments Due to ASC 606 | Balance at January 1, 2018 Contract assets | $3,790 | $(584) | $3,206 Contract liabilities | 7,288 | 821 | 8,109 Accumulated deficit | (56,365) | (1,405) | (57,770) 3. REVENUE FROM CONTRACTS WITH CUSTOMERS Revenues and related costs on co",directional_change,increased|decreased|roughly_unchanged|insufficient_data,decreased,committed,,,,,
hqa_TAT_760ffe13,tatqa,c46605d2-5d2b-49e6-a84c-5b75365fb89d,What is the percentage change in the cash receipts from 2018 to 2019?,"| CONSOLIDATED | | 2019 $’000 | 2018 $’000 Current | 25,626 | 22,103 Non-current | 88,452 | 80,817 Total trail commission asset | 114,078 | 102,920 Reconciliation of movement in trail commission asset: | | Opening balance | 102,920 | 93,564 Trail commission revenue – current period trail commission ",directional_change,increased|decreased|roughly_unchanged|insufficient_data,roughly_unchanged,noncommitted,,,,,
hqa_TAT_7616572d,tatqa,9bab8713-fb5d-4fd6-9f47-8d208897e446,What was the percentage change in Other in 2019 from 2018?,"€ millions, unless otherwise stated | 2019 | 2018 | 2017 Profit before tax | 4,596 | 5,600 | 5,029 Tax expense at applicable tax rate of 26.4% rate of 26.4% (2018: 26.4%; 2017: 26.4%) | 1,212 | 1,478 | 1,327 Tax effect of: | | | Foreign tax rates | –209 | –147 | –403 Changes in tax laws and tax rate",directional_change,increased|decreased|roughly_unchanged|insufficient_data,roughly_unchanged,noncommitted,,,,,
hqa_TAT_76180a8d,tatqa,944733b1-b57b-48ca-8602-eeaa41ba10e0,What was the percentage change in asset under development as of December 31 between 2018 and 2019?,"(in thousands of $) | 2019 | 2018 As of January 1 | 20,000 | 1,177,489 Additions | 372,849 | 118,942 Transfer to vessels and equipment, net (note 16) | — | (1,296,431) Transfer from vessels and equipment, net (note 16) | — | 20,000 Transfer from other non-current assets (note 17) | 31,048 | — Intere",directional_change,increased|decreased|roughly_unchanged|insufficient_data,increased,committed,,,,,
hqa_TAT_76343009,tatqa,35479257-48a5-4a86-bccb-30e2b04d9f26,What was the change in Adjustment to noncontrolling interest redemption value between 2018 and 2019?,"| | Year Ended December 31, | | 2019 | 2018 | 2017 Balance as of January 1, | $1,004.8 | $1,126.2 | $1,091.3 Additions to redeemable noncontrolling interests | 525.7 | — | — Net income (loss) attributable to noncontrolling interests | 35.8 | (87.9) | (33.4) Adjustment to noncontrolling interest rede",directional_change,increased|decreased|roughly_unchanged|insufficient_data,decreased,committed,,,,,
hqa_TAT_76519d33,tatqa,6fe6ffc3-9d9e-4d93-93d6-bd14fe363a03,What is the change in total revenue between 2018 to 2019?,"| | Years Ended December 31, | | 2019 | 2018 | 2017 Americas | $89,944 | $112,506 | $122,893 Japan | 59,454 | 55,205 | 51,488 Asia Pacific, excluding Japan | 35,689 | 36,897 | 33,189 EMEA | 27,541 | 27,615 | 27,859 Total | $212,628 | $232,223 | $235,429 12. Geographic Information The following table",directional_change,increased|decreased|roughly_unchanged|insufficient_data,decreased,committed,,,,,
hqa_TAT_7660f198,tatqa,e8b50611-d9bf-4a00-9e43-450bb352a5b1,What was the percentage change in cash flow from operating activities in FY2019 from FY2018?,€ million | 2017/18 | 2018/19 Cash flow from operating activities of continuing operations | 766 | 796 Cash flow from operating activities of discontinued operations | 139 | 157 Cash flow from operating activities | 905 | 953 Cash flow from investing activities of continuing operations | −292 | 46 C,directional_change,increased|decreased|roughly_unchanged|insufficient_data,increased,committed,,,,,
hqa_TAT_767d5782,tatqa,5200fb7c-1728-4178-9aa7-7efa9188213d,What is the change in share of annual sales between 2018 and 2019?,"Capital expenditures 2017–2019 | | | SEK billion | 2019 | 2018 | 2017 Capital expenditures | 5.1 | 4.0 | 3.9 Of which in Sweden | 2.0 | 1.3 | 1.5 Share of annual sales | 2.3% | 1.9% | 1.9% Capital expenditures For 2019, capital expenditure was SEK 5.1 (4.0) billion, representing 2.3% of sales. Expen",directional_change,increased|decreased|roughly_unchanged|insufficient_data,roughly_unchanged,noncommitted,,,,,
hqa_TAT_7728911e_masked,tatqa,106e362b-8b6c-43da-afa9-3e0d446f4478,"What is the change in Outstanding shares as per December 31, 2019 as compared to January 1, 2018?","| 2018 | 2019 As per January 1: | | Issued shares | 62,297,394 | 56,297,394 Treasury shares | 6,157,241 | 6,978,496 Outstanding shares | 56,140,153 | 49,318,898 Changes during the year: | | Cancellation of treasury shares | 6,000,000 | 5,000,000 Share buybacks | 7,242,734 | 950,902 Treasury shares u",directional_change,increased|decreased|roughly_unchanged|insufficient_data,insufficient_data,noncommitted,,,,,CONSTRUCTED - verify the masked evidence really cannot answer the question
hqa_TAT_77649d9e,tatqa,b836ad7f-1820-4875-8d4b-1ff877a015d5,What is the percentage change in pro forma revenue from 2018 to 2019? ,"| For the years ended September 30, | | 2019 | 2018 Pro forma revenue | $86,206 | $78,130 Pro forma net income (loss) | $889 | $(12,268) The following unaudited pro forma financial information is presented as if the acquisitions had taken place at the beginning of the periods presented and should no",directional_change,increased|decreased|roughly_unchanged|insufficient_data,increased,committed,,,,,
hqa_TAT_77dd8c1b,tatqa,345e55ea-5d0e-47b4-bfa1-187064819612,What is the percentage change for the end of period balance for Fulfillment Costs when comparing the beginning of period balance?,"| Year Ended December 31, 2019 | | Acquisition Costs | Fulfillment Costs | (Dollars in millions) | Beginning of period balance | $322 | 187 Costs incurred | 208 | 158 Amortization | (204) | (124) End of period balance | $326 | 221 Contract Costs The following table provides changes in our contract a",directional_change,increased|decreased|roughly_unchanged|insufficient_data,increased,committed,,,,,
hqa_TAT_780b4cb2_masked,tatqa,9c5661de-0551-4e6e-bae8-b5171c27634f,What is the change in materials and purchased parts from 2018 to 2019?,"| | September 30, | 2019 | 2018 Finished products | $10,905 | $7,099 Work in process and inventoried costs under long-term contracts | 46,951 | 63,169 Customer advances | — | (9,779) Net inventories | $ 106,794 | $ 84,199 NOTE 8—INVENTORIES Inventories consist of the following (in thousands): At Sep",directional_change,increased|decreased|roughly_unchanged|insufficient_data,insufficient_data,noncommitted,,,,,CONSTRUCTED - verify the masked evidence really cannot answer the question
hqa_TAT_7879c300,tatqa,d0c69d67-83f0-432d-85d4-2dd095bc4256,What was the change in technical maintenance expenses from 2017 to 2018?,"| | For the year ended December 31, | | 2017 | 2018 | 2019 Crew wages and vessel management employee costs | 72,652 | 79,624 | 80,713 Technical maintenance expenses | 28,736 | 28,694 | 37,653 Other vessel operating expenses | 21,098 | 19,766 | 21,296 Total | 122,486 | 128,084 | 139,662 GasLog Ltd. a",directional_change,increased|decreased|roughly_unchanged|insufficient_data,decreased,committed,,,,,
hqa_TAT_788a1e20,tatqa,f41ac3a4-0644-4fdd-b214-cb33a0c6b2e2,"What was the percentage change in total stock-based compensation expense, net of tax between 2017 and 2018?","(In thousands) | 2019 | 2018 | 2017 Stock-based compensation expense included in cost of sales | $369 | $418 | $379 Selling, general and administrative expense | 3,889 | 3,989 | 4,063 Research and development expense | 2,704 | 2,748 | 2,991 Stock-based compensation expense included in operating expe",directional_change,increased|decreased|roughly_unchanged|insufficient_data,roughly_unchanged,noncommitted,,,,,
hqa_TAT_78e6df46,tatqa,e5eb733b-d87c-4edd-ad78-769daad4803d,What was the percentage change in the end of period balance for Subsidiary Unit Awards between 2018 and 2019?,"| Fair Value Measurements Using Significant Unobservable Inputs | | | Year Ended December 31, 2019 | | Year Ended December 31, 2018 | Subsidiary Unit Awards | Contingent Consideration Liability from Acquisitions | Subsidiary Unit Awards Beginning of period balance | 385 | $ — | $3,160 Acquired liabi",directional_change,increased|decreased|roughly_unchanged|insufficient_data,decreased,committed,,,,,
hqa_TAT_797be6b3,tatqa,0e7b2657-8e6e-4933-a8a7-43d4d5cd316b,What was the percentage change in total assets in FY2019 from FY2018?,"€ million | 30/9/2018 | 30/9/2019 Non-current assets | | Intangible assets | 1,001 | 939 Tangible assets | 2 | 3 Financial assets | 9.157 | 9,005 | 10.160 | 9,947 Current assets | | Receivables and other assets | 6,882 | 8,218 Cash on hand, bank deposits and cheques | 335 | 44 | 7,217 | 8,262 Deferr",directional_change,increased|decreased|roughly_unchanged|insufficient_data,increased,committed,,,,,
hqa_TAT_7a493fbb,tatqa,1cfc6a3d-232c-4066-aca1-b49c2033dc97,What was the percentage change in free cash flow in 2019 from 2018?,| 2019 | 2018 Cash flow | £m | £m Adjusted operating profit | 282.7 | 264.9 Depreciation and amortisation (excluding IFRS 16) | 34.3 | 32.9 Depreciation of leased assets | 11.3 | – Cash payments to pension schemes more than the charge to adjusted operating profit | (5.2) | (4.6) Equity settled share,directional_change,increased|decreased|roughly_unchanged|insufficient_data,decreased,committed,,,,,
hqa_TAT_7ac0ac4f,tatqa,cb83b38f-0c7b-49d0-a02c-d73b187b3f6d,What is the change in the granted restricted stocks from 2018 to 2019?,"| Number of Restricted Stock | Weighted Average Grant Date Fair Value | Weighted Average Remaining Contractual Term (Years) Nonvested as of December 31, 2017 | 126,808 | 4.25 | 1.31 Granted | 144,447 | 3.59 | Vested | 118,347 | 3.81 | Forfeitures | - | - | Nonvested as of December 31, 2018 | 152,908",directional_change,increased|decreased|roughly_unchanged|insufficient_data,decreased,committed,,,,,
hqa_TAT_7bf86285_masked,tatqa,5570bf90-e513-406e-95ba-9f05d0685890,What was the change in net cash used in investing activities between 2018 and 2019?,"| Years Ended December 31, | | 2019 | 2018 Net cash provided by (used in): | | Operating activities | $137,649 | $183,932 Financing activities | 667,223 | -57,704 Cash Flows The following table sets forth summary cash flow data for the periods indicated (in thousands). Cash Flow from Operating Activ",directional_change,increased|decreased|roughly_unchanged|insufficient_data,insufficient_data,noncommitted,,,,,CONSTRUCTED - verify the masked evidence really cannot answer the question
hqa_TAT_7c2f5eca,tatqa,d350ea0e-ec40-4470-8327-5a7be3f3c116,What was the percentage change in Work in progress in 2019 from 2018?,"| | Fiscal Year End | 2019 | 2018 | | (in millions) Raw materials | $ 260 | $ 276 Work in progress | 739 | 656 Finished goods | 837 | 925 Inventories | $ 1,836 | $ 1,857 6. Inventories Inventories consisted of the following:",directional_change,increased|decreased|roughly_unchanged|insufficient_data,increased,committed,,,,,
hqa_TAT_7c38a02e,tatqa,b3cb3469-8884-45f0-927d-a6effde6f408,What was the percentage change in the Write offs and other between 2018 and 2019?,"| | Year Ended December 31, | | 2019 | 2018 | 2017 Beginning balance | $2,876 | $73,606 | $41,268 Additions | 157,928 | 93,240 | 134,659 Proceeds from sales and borrower payments(1) | (104,858) | (161,009) | (93,044) Loss on sale | — | — | (500) Increase in valuation allowance | (1,289) | (92) | (58",directional_change,increased|decreased|roughly_unchanged|insufficient_data,roughly_unchanged,noncommitted,,,,,
hqa_TAT_7c3bd125,tatqa,17f60593-ff34-4d13-a8d0-53eb24752cff,What was the percentage change in total revenue from 2018 to 2019?,"| | For the year ended December 31, | | 2017 | 2018 | 2019 Revenues from fixed rate time charters | 485,961 | 515,324 | 558,266 Revenues from variable rate time charters | — | — | 64,334 Revenues from The Cool Pool Limited (GasLog vessels) | 38,046 | 102,253 | 45,253 Revenues from vessel management ",directional_change,increased|decreased|roughly_unchanged|insufficient_data,increased,committed,,,,,
hqa_TAT_7cc28393_masked,tatqa,33e2cec1-a31d-4782-90ae-0995e9d16547,What is the percentage change in the current accrued benefit liability between 2018 and 2019?,"| September 30, | | 2019 | 2018 | (Amounts in thousands) | Non-current accrued benefit liability | 6,904 | 6,168 Total accrued benefit liability | $7,239 | $6,508 Plans with projected benefit obligations in excess of plan assets are attributable to unfunded domestic supplemental retirement plans, an",directional_change,increased|decreased|roughly_unchanged|insufficient_data,insufficient_data,noncommitted,,,,,CONSTRUCTED - verify the masked evidence really cannot answer the question
hqa_TAT_7cda3a01,tatqa,293f002c-15cb-42b2-a2b0-47c841561e91,What is the percentage change in upfront fees from 2018 to 2019?,"| CONSOLIDATED | | 2019 $'000 | 2018 $'000 Upfront revenue | | Upfront fees | 113,609 | 140,971 Click-through fees | 3,657 | 1,349 Advertising and subscription fees | 2,161 | 1,604 | 119,427 | 143,924 Trail commission revenue | 34,732 | 33,007 Total revenue from contracts with customers | 154,159 | ",directional_change,increased|decreased|roughly_unchanged|insufficient_data,decreased,committed,,,,,
hqa_TAT_7d4e6ce2,tatqa,1228eebb-fdd2-44c7-9d48-cda11e7dfcba,What was the change in the cost of sales between 2017 and 2018?,"| | Year Ended March 31, | | 2019 | 2018 | 2017 Cost of sales (1) | $14.9 | $13.8 | $18.7 Research and development | 72.0 | 42.5 | 46.8 Selling, general and administrative | 62.3 | 36.9 | 62.6 Special (income) charges and other, net | 17.2 | — | — Pre-tax effect of share-based compensation | 166.4 |",directional_change,increased|decreased|roughly_unchanged|insufficient_data,decreased,committed,,,,,
hqa_TAT_7f7942bf,tatqa,3a99f241-d1f2-4a06-994c-7cf4db1ed980,What was the percentage change in income from fiscal 2018 to fiscal 2019?,| Fiscal Year | | (In millions) | 2019 | 2018 | Variance in Dollars Interest expense | $(208) | $(256) | $48 Gain on divestiture | — | 653 | (653) Interest income | 42 | 24 | 18 Loss from equity interest | (101) | (26) | (75) Foreign exchange loss | (18) | (28) | 10 Other | 13 | 21 | (8) Total other,directional_change,increased|decreased|roughly_unchanged|insufficient_data,decreased,committed,,,,,
hqa_TAT_7f83f310,tatqa,dc082505-bec7-4f26-b4ac-f08cc5bf3718,What was the percentage change in the weighted-average grant date fair value between 2018 and 2019?,"| | Employee and Director Options | | | For the Years Ended December 31, | | 2019 | 2018 | 2017 Expected life (in years) | 7.85 | 7.64 | 7.01 Volatility | 30.00% | 32.37% | 35.00% Risk free interest rate | 1.90% | 3.10% | 2.14% Dividend yield | 0.76% | 0.61% | 0.50% Weighted-average grant date fair ",directional_change,increased|decreased|roughly_unchanged|insufficient_data,decreased,committed,,,,,
hqa_TAT_80e1ac52_masked,tatqa,7cb6c6fb-52fa-465e-bd3a-ca97f686fdaa,What was the percentage change in Sales in FY2019 from FY2018?,"€ million | 2017/2018 | 2018/2019 Expenses | −2,563 | −2,736 Current earnings from discontinued operations before taxes | 117 | 165 Income taxes on gains/losses on the current result | −29 | −43 Current earnings from discontinued operations after taxes | 88 | 122 Gains/losses from the remeasurement ",directional_change,increased|decreased|roughly_unchanged|insufficient_data,insufficient_data,noncommitted,,,,,CONSTRUCTED - verify the masked evidence really cannot answer the question
hqa_TAT_80f62ce9,tatqa,f88620bf-c504-49ac-93f8-682558256b78,What is the percentage change in the company's sales between the fiscal years ended September 2018 and 2019?,"| Fiscal Years Ended September | | 2019 | 2018 Sales (including excise taxes of $370.2 million and $368.4 million, | $1,392,388,157 | $1,322,306,658 Cost of sales | 1,308,364,726 | 1,245,375,460 Gross profit | 84,023,431 | 76,931,198 Selling, general and administrative expenses | 72,182,883 | 66,781",directional_change,increased|decreased|roughly_unchanged|insufficient_data,increased,committed,,,,,
hqa_TAT_8111551c,tatqa,98e5963f-d545-49f4-bcd7-35d791fdc5fa,What is the percentage change in the net cash provided by operating activities between 2017 and 2018?,"| | For the Years Ended December 31, | | 2019 | 2018 | 2017 | | (in thousands) | Net cash provided by (used in) operating activities | $(9,885) | $25,601 | $16,586 Net cash used in investing activities | $(3,822) | (13,203) | (1,873) Net cash provided by (used in) financing activities | $— | (21,556",directional_change,increased|decreased|roughly_unchanged|insufficient_data,increased,committed,,,,,
hqa_TAT_819756ff_masked,tatqa,cbde27b6-5c33-4d93-a59b-b0881a27da1f,What was the percentage change in Interest expense in 2019 from 2018?,"| 2019 | 2018 | 2018-2019 Change | | (in millions) | Interest income | $(24.8) | $(26.7) | $1.9 Other (income) expense, net | 29.5 | 1.4 | 28.1 Interest and Other Interest income decreased by $1.9 million from 2018 to 2019 due primarily to lower cash and marketable securities balances in 2019. Inter",directional_change,increased|decreased|roughly_unchanged|insufficient_data,insufficient_data,noncommitted,,,,,CONSTRUCTED - verify the masked evidence really cannot answer the question
hqa_TAT_81b4906b,tatqa,fb1c9fc2-80ce-4ff7-84aa-de72204d3ba3,What is the percentage change in the value of patents between 2018 and 2019?,"As of December 31, | | | 2019 | 2018 | | (in thousands) Patents | $26,069 | $26,069 Less accumulated amortization | (22,517) | (20,562) Intangible assets, net | $3,552 | $5,507 Patents and Intangible Assets The Company owns or possesses licenses to use its patents. The costs of maintaining the paten",directional_change,increased|decreased|roughly_unchanged|insufficient_data,roughly_unchanged,noncommitted,,,,,
hqa_TAT_82619ad4,tatqa,aa180f0c-7fb4-4822-b10c-d668da7ab3d0,What was the percentage change in other accrued liabilities due to adjustment from Topic 606?,"| September 28, 2019 As Reported | Adjustments due to Topic 606 | September 28, 2019 As Adjusted - Without Adoption of Topic 606 ASSETS | | | Contract assets | $90,841 | $90,841 | $— Inventories | 700,938 | (81,895) | 782,833 LIABILITIES AND SHAREHOLDERS' EQUITY | | | Other accrued liabilities | $10",directional_change,increased|decreased|roughly_unchanged|insufficient_data,roughly_unchanged,noncommitted,,,,,
hqa_TAT_8267829d,tatqa,b7c1f5e0-d889-4c8f-850b-c2a70b7c8de2,What was the percentage change in retained earnings in 2019 from 2018?,RELATIVE IMPORTANCE OF SPEND ON PAY | | | Expenditure USDm | 2019 | 2018 | 2017 Dividends paid | - | - | 1.2 Purchase of outstanding treasury shares in TORM A/S | - | - | - Purchase/disposals of treasury shares | - | - | - Total | - | - | 1.2 Staff costs | 45.8 | 46.2 | 43.8 Retained earnings | 920.,directional_change,increased|decreased|roughly_unchanged|insufficient_data,increased,committed,,,,,
hqa_TAT_827d754a,tatqa,91035b1c-c8b3-470c-854d-535843990c8a,What is the change in Net sales of North America between 2018 and 2019?,"| 2019 | % of Net Sales | 2018 | % of Net Sales NorthAmerica | $ 871,114 | 14.5% | $732,695 | 13.7% EMEA | $227,083 | 14.9% | $221,467 | 14.5% APAC | $39,901 | 22.1% | $39,556 | 21.2% Consolidated | $1,138,098 | 14.7% | $993,718 | 14.0% Gross Profit. Gross profit increased 15%, or $144.4 million, in",directional_change,increased|decreased|roughly_unchanged|insufficient_data,increased,committed,,,,,
hqa_TAT_83225fed_masked,tatqa,42b056e9-665f-4d90-8876-826757889087,"What was the change in the Property and equipment, net from 2018 to 2019?","December 31, | | | 2019 | 2018 Computer equipment and purchased software | $3,011 | $3,167 Machinery and equipment | 699 | 821 Furniture and fixtures | 1,115 | 1,113 Leasehold improvements (1) | 3,897 | 3,897 Total | 8,722 | 8,998 Less accumulated depreciation and amortization (1) | (7,496) | (6,655",directional_change,increased|decreased|roughly_unchanged|insufficient_data,insufficient_data,noncommitted,,,,,CONSTRUCTED - verify the masked evidence really cannot answer the question
hqa_TAT_83ba6688,tatqa,adf405e7-b4ca-4dc8-9f98-8f429ef557cb,What was the percentage change in Foreign currency hedges reported in Other current assets between 2018 and 2019?,"| As of December 31, | | 2019 | 2018 Interest rate swaps reported in Other current assets | $82 | $576 Interest rate swaps reported in Other assets | $— | $369 Interest rate swaps reported in Other long-term obligations | $(78) | $— Foreign currency hedges reported in Other current assets | $580 | $",directional_change,increased|decreased|roughly_unchanged|insufficient_data,increased,committed,,,,,
hqa_TAT_8491c8db,tatqa,2dd998f5-873e-4a5b-a206-92119b9e1700,What was the change in Assumed exercise of dilutive stock options and restricted stock units between 2018 and 2019?,"| | Years Ended December 31, | | 2019 | 2018 | 2017 Income from continuing operations | $56,495 | $147,149 | $136,101 Income from continuing operations attributable to noncontrolling interest | 34 | 86 | — Income from continuing operations attributable to Advanced Energy Industries, Inc. | $56,461 |",directional_change,increased|decreased|roughly_unchanged|insufficient_data,decreased,committed,,,,,
hqa_TAT_84d7e537,tatqa,00f22f47-1c52-4ac6-af50-aed7dbc397c1,What was the change in the Number of common shares repurchased in 2019 from 2018?,"| | Fiscal | | 2019 | 2018 | 2017 | | (in millions) | Number of common shares repurchased | 12 | 10 | 8 Repurchase value | $ 1,014 | $ 966 | $ 621 Share Repurchase Program In both fiscal 2019 and 2018, our board of directors authorized increases of $1.5 billion in our share repurchase program. Commo",directional_change,increased|decreased|roughly_unchanged|insufficient_data,increased,committed,,,,,
hqa_TAT_8522d100,tatqa,0bd4fc22-971d-499d-9620-4c1ada2b9d0f,What is the change in accrued rent in 2019?,"| As of December 31, | | 2019 | 2018 | (Dollars in millions) | Accounts payable | $1,724 | 1,933 Other current liabilities: | | Accrued rent | $75 | 45 Legal contingencies | 88 | 30 Other | 223 | 282 Total other current liabilities | $386 | 357 Selected Current Liabilities Current liabilities reflec",directional_change,increased|decreased|roughly_unchanged|insufficient_data,increased,committed,,,,,
hqa_TAT_8599b91b_masked,tatqa,646aab9f-4fe4-405e-8e45-a9d968bf1fcc,What was the change in basic earnings per share as reported between 2018 and 2019?,"| | | Year Ended December 31, | | 2019 | | 2018 | | As Reported | Pro Forma | As Reported | Pro Forma Total sales | $788,948 | $1,202,790 | $718,892 | $1,350,037 Net income attributable to Advanced Energy Industries, Inc. | $64,941 | $83,104 | $147,025 | $158,422 Earnings per share: | | | | Diluted ",directional_change,increased|decreased|roughly_unchanged|insufficient_data,insufficient_data,noncommitted,,,,,CONSTRUCTED - verify the masked evidence really cannot answer the question
hqa_TAT_860f17e3,tatqa,20485ed4-492d-460a-ba9b-53203bf9f813,What is the change in foreign operation tax between 2019 and 2018?,"| | Year Ended December 31, | | 2019 | 2018 | 2017 Statutory federal income tax rate | 21.0 % | 21.0 % | 35.0 % Effect of: | | | State income tax, net of federal benefit | 3.5 | 3.4 | 2.3 State credit carryforwards | 1.3 | 0.3 | (0.1 ) U.S. federal R&D tax credit | (1.9 ) | (1.7 ) | (0.8 ) Tax Refor",directional_change,increased|decreased|roughly_unchanged|insufficient_data,roughly_unchanged,noncommitted,,,,,
hqa_TAT_863ac028_masked,tatqa,08885f18-ca2c-4e92-8c32-70916adef5fe,What is the percentage change in the net value of property and equipment between 2018 and 2019?,"As of December 31, | | | 2019 | 2018 Computers, software, furniture and fixtures | $1,406 | $1,407 Equipment under capital lease 3,348 | 3,348 | 3,525 Less accumulated depreciation and amortization | (3,171) | (2,448) 4. Property and Equipment Property and equipment consist of the following (in thou",directional_change,increased|decreased|roughly_unchanged|insufficient_data,insufficient_data,noncommitted,,,,,CONSTRUCTED - verify the masked evidence really cannot answer the question
hqa_TAT_87633b1d,tatqa,d62ef67c-3e3d-41f7-aa48-78fa43dd6df7,What was the change in the gross profit between the first and second quarter?,"Fiscal 2019 | First Quarter | Second Quarter | Third Quarter | Fourth Quarter | Total Net sales | $1,212.5 | $1,432.5 | $1,374.7 | $1,329.8 | $5,349.5 Gross profit | $642.0 | $689.3 | $779.6 | $820.5 | $2,931.3 Operating income | $132.3 | $102.7 | $194.7 | $284.6 | $714.3 Net income from continuing ",directional_change,increased|decreased|roughly_unchanged|insufficient_data,increased,committed,,,,,
hqa_TAT_87749020,tatqa,461139a8-fdb7-40e9-a688-cbd35af40239,What was the absolute percentage change in the rate of price inflation from 2018 to 2019?,| Weighted-average assumptions used to define the benefit obligations | | 2019 | 2018 | % | % Rate of increase in salaries | 2.4 | 2.7 Rate of increase in pensions | 2.8 | 2.9 Rate of price inflation | 2.9 | 3.2 Discount rate | 2.1 | 2.7 7 Employee benefits Pension plans The Company is accounting fo,directional_change,increased|decreased|roughly_unchanged|insufficient_data,roughly_unchanged,noncommitted,,,,,
hqa_TAT_87855599,tatqa,0d69d013-2922-4dc6-b9d9-d1c1a849034f,What was the change in the amount of Land from 2018 to 2019?,"| 2019 | 2018 | (in thousands) | Land | $16,561 | $16,561 Buildings | 107,282 | 105,935 Machinery, equipment and software | 834,970 | 752,722 Furniture and fixtures | 29,157 | 27,432 Leasehold improvements | 59,378 | 52,536 Construction in progress | 2,537 | 6,276 | 1,049,885 | 961,462 Less: accumul",directional_change,increased|decreased|roughly_unchanged|insufficient_data,roughly_unchanged,noncommitted,,,,,
hqa_TAT_88256459,tatqa,1ab41849-2c17-4546-a60f-550899a43f52,What was the change in the revenue from Asia Pacific between 2017 and 2018?,"| | Year Ended | | April 26, 2019 | April 27, 2018 | April 28, 2017 United States, Canada and Latin America (Americas) | $ 3,425 | $ 3,207 | $ 3,021 Europe, Middle East and Africa (EMEA) | 1,847 | 1,873 | 1,741 Asia Pacific (APAC) | 874 | 839 | 729 Net revenues | $ 6,146 | $ 5,919 | $ 5,491 16. Segm",directional_change,increased|decreased|roughly_unchanged|insufficient_data,increased,committed,,,,,
hqa_TAT_887b0e21,tatqa,48ef60ff-5fd6-4831-b744-87cca2d5554f,What was the change in the asset impairment charges from 2018 to 2019?,"| | Year Ended December 31, | (In thousands) | 2019 | 2018 | 2017 Asset impairment charges | $ 10,837 | $ 58,166 | $ 0 Goodwill impairment charge | $ 25,700 | $ 13,466 | $ 0 Impairment of long-term investments | $ 651 | $ 15,487 | $ 165,290 8. Asset Impairment Charges Asset impairment charges incurr",directional_change,increased|decreased|roughly_unchanged|insufficient_data,decreased,committed,,,,,
hqa_TAT_88c01481_masked,tatqa,09be2281-6e4c-49d5-8131-798d29492337,"What is the percentage change in selling, general and administrative expenses from operations in 2018 and 2019?","| Years Ended December 31 | | Change | 2019 | 2018 | % | (in thousands) | | Revenues | $23,713 | $14,762 | 60.6 Cost of goods sold | 24,574 | 11,780 | (108.6) Gross profit (loss) | (861) | 2,982 | Gross profit % | -3.6% | 20.2% | Loss from operations | (14,557) | (8,212) | (77.3) Other income (expen",directional_change,increased|decreased|roughly_unchanged|insufficient_data,insufficient_data,noncommitted,,,,,CONSTRUCTED - verify the masked evidence really cannot answer the question
hqa_TAT_89dedd11,tatqa,26cf5ade-83dc-4b9a-8697-844e991e9ff0,What is the percentage change in the net amount recognized for other benefits from 2018 to 2019?,| Pension Benefits | | Other Benefits | | 2019 | 2018 | 2019 | 2018 Net actuarial gain (loss) | $(72.1) | $120.0 | $25.1 | $16.8 Amendments | (1.4) | (0.6) | 0.8 | 17.2 Amortization of prior service cost (benefit) . | 3.1 | 2.9 | (2.2) | (3.4) Settlement and curtailment loss (gain) . | — | 2.0 | (1.,directional_change,increased|decreased|roughly_unchanged|insufficient_data,decreased,committed,,,,,
hqa_TAT_89e08c3a,tatqa,9b794cd7-2905-4d39-8b67-d2f03ac529b3,What is the percentage change in the adjusted EBITDA from 2018 to 2019?,"| Year Ended December 31, | | (IN MILLIONS) | 2019 | 2018 | 2017 Net income/(loss) attributable to Nielsen shareholders | $(415) | $(712) | $429 Interest expense, net | 391 | 386 | 370 (Benefit)/provision for income taxes | (260) | (182) | 388 Depreciation and amortization | 756 | 675 | 640 EBITDA |",directional_change,increased|decreased|roughly_unchanged|insufficient_data,roughly_unchanged,noncommitted,,,,,
hqa_TAT_8a717a8e,tatqa,f46adb53-1639-4e23-bf1c-7a1eeb728d7b,What was the change in Additions to intangible assets between 2019 and 2020?,"| January 31, 2020 | February 1, 2019 Balance, beginning of the year | $966 | $1,059 Additions to intangible assets related to business combinations | 622 | 154 Amortization expense | (300) | (247) Derecognized leasehold interest | (116) | — Balance, end of the year | $1,172 | $966 Definite-Lived In",directional_change,increased|decreased|roughly_unchanged|insufficient_data,increased,committed,,,,,
hqa_TAT_8b28da38,tatqa,e379bc45-865c-480f-a1a6-9acc257a2780,What was the change in the current federal income tax provision between 2018 and 2019?,"| | For the Year Ended | | January 31, 2020 | February 1, 2019 | February 2, 2018 Federal: | | | Current | $78 | $181 | $688 Deferred | (219) | (92) | 275 | (141) | 89 | 963 State: | | | Current | 45 | 31 | 8 Deferred | (44) | (10) | 21 | 1 | 21 | 29 Foreign: | | | Current | 240 | 137 | 156 Deferred",directional_change,increased|decreased|roughly_unchanged|insufficient_data,decreased,committed,,,,,
hqa_TAT_8b85be11,tatqa,55e5eaea-5ff7-4382-b643-0a125c2526cd,What is the percentage change in the loss before income taxes and equity in net income/(loss) of affiliates from 2018 to 2019?,"| Year Ended December 31, | | (IN MILLIONS) | 2019 | 2018 | 2017 UK | $(30) | $3 | $27 Non-UK | (633) | (885) | 801 Income/(loss) before income taxes and equity in net income/(loss) of affiliates | $(663) | $(882) | $828 15. Income Taxes Nielsen provides for income taxes utilizing the asset and liab",directional_change,increased|decreased|roughly_unchanged|insufficient_data,decreased,committed,,,,,
hqa_TAT_8bd18002,tatqa,8169dfb7-79db-479a-be3b-5a69d8cb180d,What was the percentage change in total balance between 2018 and 2019?,"| Software Solutions | Data and Analytics | Corporate and Other | Total Balance, December 31, 2017 | $2,134.7 | $172.1 | $— | $2,306.8 HeavyWater and Ernst acquisitions (Note 3) | 22.9 | — | — | 22.9 Balance, December 31, 2018 | 2,157.6 | 172.1 | — | 2,329.7 Compass Analytics acquisition (Note 3) | ",directional_change,increased|decreased|roughly_unchanged|insufficient_data,increased,committed,,,,,
hqa_TAT_8bd24a69,tatqa,e4fb003c-2d30-4d62-a5d5-e32f1f8cd650,What is the percentage change in Stock-based compensation between 2018 and 2019?,"| December 31, | | 2019 | 2018 Deferred tax assets: | | Accrued expenses | $2,427 | $2,353 Long-lived intangible assets and fixed assets - basis difference | 25,178 | 22,947 Net operating loss carryforwards | 81,575 | 82,017 Stock-based compensation | 15,398 | 15,172 Operating lease liabilities | 17",directional_change,increased|decreased|roughly_unchanged|insufficient_data,increased,committed,,,,,
hqa_TAT_8ced31dd_masked,tatqa,6de8a59a-e05e-4ff0-9c45-da1e4ebfb463,What was the percentage change in Research and development in 2019 from 2018?,"| | Fiscal | | 2019 | 2018 | 2017 Cost of sales | $4,880 | $4,403 | $3,541 Selling, general and administrative | 28,596 | 25,088 | 23,911 Income tax benefit | (4,946) | (5,073) | (7,073) | $31,520 | $27,665 | $23,352 Stock Compensation Expense The following table shows total stock-based compensation",directional_change,increased|decreased|roughly_unchanged|insufficient_data,insufficient_data,noncommitted,,,,,CONSTRUCTED - verify the masked evidence really cannot answer the question
hqa_TAT_8cf4df6e,tatqa,881252a3-0a8e-47a5-829e-9f1405fde4a7,What was the change in net (Distributions to) contributions from noncontrolling interest holders between 2017 and 2018?,"| | Year Ended December 31, | | 2019 | 2018 | 2017 Proceeds from issuance of senior notes, net | $4,876.7 | $584.9 | $2,674.0 Proceeds from (repayments of) credit facilities, net | 425.0 | (695.9) | 628.6 Distributions paid on common and preferred stock | (1,603.0) | (1,342.4) | (1,164.4) Purchases ",directional_change,increased|decreased|roughly_unchanged|insufficient_data,decreased,committed,,,,,
hqa_TAT_8d326b4d,tatqa,5a8662ed-26f9-4731-a127-1222ec91d79f,What is the change in the premier schemes discount rate from 2018 to 2019?,| At 30 Mar 2019 | | At 31 Mar 2018 | | Premier schemes | RHM schemes | Premier schemes | RHM schemes Discount rate | 2.45% | 2.45% | 2.70% | 2.70% Inflation – RPI | 3.25% | 3.25% | 3.15% | 3.15% Inflation – CPI | 2.15% | 2.15% | 2.05% | 2.05% Expected salary increases | n/a | n/a | n/a | n/a Future,directional_change,increased|decreased|roughly_unchanged|insufficient_data,roughly_unchanged,noncommitted,,,,,
hqa_TAT_8d6982b9,tatqa,e3020d37-2221-491b-a51d-6bcfb0a749ce,What was the percentage change in the total income tax expense between 2017 and 2019?,"| | Year Ended December 31, | | 2019 | 2018 | 2017 Current | | | Federal | $1,615 | $741 | $584 State | 900 | 653 | (88) Foreign | 452 | 263 | 6 Total Current | 2,967 | 1,657 | 502 Deferred | | | Federal | 2,622 | (8,821) | 3,837 State | (23) | (2,643) | (1,368) Foreign | — | (18) | 19 Total Deferre",directional_change,increased|decreased|roughly_unchanged|insufficient_data,increased,committed,,,,,
hqa_TAT_8de001ee_masked,tatqa,0aac85bd-2c6c-4522-8f04-0b18ee0b2ba1,What was the percentage change in Issuance of shares under employee stock plans in 2019 from 2018?,"| Fiscal | | 2019 | 2018 Net cash provided by operating activities | $181,401 | $236,111 Purchases of property and equipment | (83,283) | (90,757) Acquisition of businesses, net of cash acquired | (18,881) | (45,448) Proceeds from sale of discontinued operation (the Hull Business) | — | 25,000 Proce",directional_change,increased|decreased|roughly_unchanged|insufficient_data,insufficient_data,noncommitted,,,,,CONSTRUCTED - verify the masked evidence really cannot answer the question
hqa_TAT_8e398795,tatqa,d869b8d1-5857-4921-ad7e-56e9bb6e184d,What was the percentage change in Transportation Solutions in 2019 from 2018?,"| | Fiscal | | 2019 | 2018 | 2017 Transportation Solutions | 58 % | 59 % | 58 % Industrial Solutions | 30 | 28 | 29 Communications Solutions | 12 | 13 | 13 Total | 100 % | 100 % | 100 % Segments We operate through three reportable segments: Transportation Solutions, Industrial Solutions, and Communi",directional_change,increased|decreased|roughly_unchanged|insufficient_data,decreased,committed,,,,,
hqa_TAT_8f757617,tatqa,8c3057bf-007c-4ae0-a1a0-e3a3b9a08981,"What was the change in the property and equipment, net between 2018 and 2019?","| At December 31, | | 2019 | 2018 Land | $1 | $1 Buildings | 4 | 4 Leasehold improvements | 252 | 248 Computer equipment | 654 | 700 Office furniture and other equipment | 91 | 99 Total cost of property and equipment | 1,002 | 1,052 Less accumulated depreciation | (749) | (770) Property and equipmen",directional_change,increased|decreased|roughly_unchanged|insufficient_data,decreased,committed,,,,,
hqa_TAT_8fd35e03,tatqa,972ca8ab-9496-4a90-bd33-09e1f1b0c28c,What is the change in the Shares available for grant under stock plans from 2018 to 2019?,"| July 31, 2019 | July 31, 2018 Exercise of stock options to purchase common stock | 216,727 | 537,064 Vesting of restricted stock awards | 2,384,673 | 2,932,155 Shares available for grant under stock plans | 24,776,361 | 21,592,494 Total common stock reserved for issuance | 27,377,761 | 25,061,713 ",directional_change,increased|decreased|roughly_unchanged|insufficient_data,increased,committed,,,,,
hqa_TAT_90771285,tatqa,902cfa4d-b146-4713-b248-68f09b966e9a,"What is the change in Net income attributable to ON Semiconductor Corporation from December 31, 2018 to 2019?","| | Year ended December 31, | | 2019 | 2018 | 2017 Net income attributable to ON Semiconductor Corporation | $211.7 | $627.4 | $810.7 Basic weighted average common shares outstanding | 410.9 | 423.8 | 421.9 Add: Incremental shares for: | | | Dilutive effect of share-based awards | 1.9 | 4.3 | 5.5 Di",directional_change,increased|decreased|roughly_unchanged|insufficient_data,decreased,committed,,,,,
hqa_TAT_90cb94d9,tatqa,699b3292-65f1-42ea-a7cc-814e2d467d76,What is the percentage change of the Audit fees from 2017 to 2018?,"| 2017 | 2018 | (In Thousands) | (In Thousands) Audit Fees (1) | $3,747 | $4,476 Audit-Related Fees (2) | — | — Tax Fees (3) | — | — All Other Fees (4) | $3 | $3 Total Fees | $3,750 | $4,479 Fees Paid to the Independent Registered Public Accounting Firm The following table presents fees for professi",directional_change,increased|decreased|roughly_unchanged|insufficient_data,increased,committed,,,,,
hqa_TAT_9226e584,tatqa,db9c1da0-4bdc-4d64-993c-da6a5b80ac96,What was the percentage change in total equity from 2018 to 2019?,"| As of December 31, | | 2018 | 2019 Borrowings, current portion | 520,550 | 255,422 Borrowings, non-current portion | 2,307,909 | 2,891,973 Lease liabilities, current portion | 6,675 | 9,363 Lease liabilities, non-current portion | 199,424 | 195,567 Total debt | 3,034,558 | 3,352,325 Total equity |",directional_change,increased|decreased|roughly_unchanged|insufficient_data,decreased,committed,,,,,
hqa_TAT_924db34b_masked,tatqa,cca74d6f-5b53-4928-8534-4ddc1453522c,What is the percentage change in the fair market value between 2018 and 2019?,"| | | April 30, 2019 | | Cost | Gross Unrealized Gains | Gross Unrealized Losses | Fair Market Value | | | April 30, 2018 | | Cost | Gross Unrealized Gains | Gross Unrealized Losses | Fair Market Value 8. Marketable Securities The cost, gross unrealized gains, gross unrealized losses and fair market",directional_change,increased|decreased|roughly_unchanged|insufficient_data,insufficient_data,noncommitted,,,,,CONSTRUCTED - verify the masked evidence really cannot answer the question
hqa_TAT_92504b90,tatqa,9434dcbb-14b9-4cb2-a43f-1cdae8992f3a,What was the change in assets from various other countries between 2017 and 2018?,"| | March 31, | | 2019 | 2018 | 2017 United States | $521.1 | $393.3 | $388.5 Thailand | 209.3 | 215.5 | 178.0 Various other countries | 266.3 | 159.1 | 116.8 Total long-lived assets | $996.7 | $767.9 | $683.3 The following table summarizes our long-lived assets (consisting of property, plant and eq",directional_change,increased|decreased|roughly_unchanged|insufficient_data,increased,committed,,,,,
hqa_TAT_926eb0c4,tatqa,ce94fa66-acfb-4a64-bad9-119f4a6f7340,What was the change in All other fees in 2019 from 2018?,"| 2019 | 2018 Audit fees (1) | $3,454,348 | $3,589,147 Tax fees (2) | 546,618 | 931,017 All other fees (3) | 1,895 | 1,895 Total | $4,002,861 | $4,522,059 Principal Accounting Fees and Services The following table sets forth fees for services provided by Deloitte & Touche LLP, the member firms of De",directional_change,increased|decreased|roughly_unchanged|insufficient_data,roughly_unchanged,noncommitted,,,,,
hqa_TAT_92d5fdf2,tatqa,0bb4e34f-7e4e-4bd9-bf75-4522b8548e6f,What was the percentage change in number of rights granted?,"Performance rights issued and outstanding at 30 June 2019 | | | | Grant Date | Vesting Date1 | Fair Value per Right $ | Rights Granted | No. of Rights at 30/6/2019 2 Jul 2017 | 31 Aug 2020 | 3.815 | 355,316 | 355,316 2 Jul 2018 | 31 Aug 2021 | 3.01 | 530,652 | 530,652 Total | | | 885,968 | 885,968 b",directional_change,increased|decreased|roughly_unchanged|insufficient_data,increased,committed,,,,,
hqa_TAT_9335454b,tatqa,0341fb75-1e6c-40fd-acbb-80dc16d7ab91,What was the percentage change in the Fair value of options vested between 2018 and 2019?,"| | Year Ended | | April 26, 2019 | April 27, 2018 | April 28, 2017 Intrinsic value of exercises | $ 31 | $ 37 | $ 26 Proceeds received from exercises | $ 25 | $ 88 | $ 60 Fair value of options vested | $ 2 | $ 8 | $ 15 Stock Options Additional information related to our stock options is summarized ",directional_change,increased|decreased|roughly_unchanged|insufficient_data,decreased,committed,,,,,
hqa_TAT_937aa672,tatqa,9bf54413-077e-493a-a1e6-e50c0d56d828,What was the change in the fair value of Marketable securities from 2018 to 2019?,"| December 31, 2019 | | December 31, 2018 | | Carrying Value | Fair Value | Carrying Value | Fair Value | | (in thousands) | | Assets | | | | Cash and cash equivalents | $773,924 | $773,924 | $926,752 | $926,752 Marketable securities | 241,793 | 241,793 | 277,827 | 277,827 Derivative assets | 528 | ",directional_change,increased|decreased|roughly_unchanged|insufficient_data,decreased,committed,,,,,
hqa_TAT_9381b969,tatqa,9bbb5c3d-9441-4a6b-a1c4-1e41691e1e66,What is the change in Contract assets: Current from 31 March 2019 to 1 April 2018?,"| 31 March 2019 | 1 April 2018 | £m | £m Contract assets | | Current | 1,353 | 1,417 Non-current | 249 | 198 | 1,602 | 1,615 Contract liabilities | | Current | 1,225 | 1,406 Non-current | 200 | 87 | 1,425 | 1,493 6. Revenue continued Contract assets and liabilities recognised at 31 March 2019 are as",directional_change,increased|decreased|roughly_unchanged|insufficient_data,decreased,committed,,,,,
hqa_TAT_93adf1cd,tatqa,f56a9dd6-c355-4809-a751-66e717f5a2ec,What was the change in audit fees?,"Services | 2018 ($) | 2019 ($) Audit Fees | 5,859,755 | 5,024,093 Audit-Related Fees | 137,420 | 3,178,737 Tax Fees | 1,440,168 | 2,346,879 All Other Fees | 11,200 | 10,955 Total | 7,448,544 | 10,560,664 Ernst & Young LLP Ernst & Young LLP fees incurred by us for fiscal 2018 and 2019 were as follows",directional_change,increased|decreased|roughly_unchanged|insufficient_data,decreased,committed,,,,,
hqa_TAT_93f59efe,tatqa,18f81690-3832-4065-a819-f52f02484866,What was the change in total revenue between 2018 and 2019?,"| | For the Year Ended | | January 31, 2020 | February 1, 2019 | February 2, 2018 Total revenue | $777 | $639 | $474 Operating income | (287) | (247) | (239) Net income | (204) | (832) | (234) Net income attributable to VMware | (148) | (772) | (222) Net income per weighted-average share attributabl",directional_change,increased|decreased|roughly_unchanged|insufficient_data,increased,committed,,,,,
hqa_TAT_9410c4da_masked,tatqa,dc7bfc5a-cd41-4f16-be0d-7ca2d2b89eac,What is the percentage change in the pension discount rate for actuarial benefit obligations between 2018 and 2019?,"As at December 31, | Pension 2019 | Other 2019 | Pension 2018 | Other 2018 Actuarial benefit obligation | | | | Benefit costs for the year ended | | | | Discount rate | 3.90% | 3.90% to 4.00% | 3.60% | 3.25% to 3.60% Future salary growth | 2.50% | N/A | 2.50% | N/A Health care cost trend rate | N/A ",directional_change,increased|decreased|roughly_unchanged|insufficient_data,insufficient_data,noncommitted,,,,,CONSTRUCTED - verify the masked evidence really cannot answer the question
hqa_TAT_94379ade,tatqa,237e35c6-3b8e-472b-a649-c5410f084fb5,What was the percentage change in the net income before and after adjustments?,"| | Fiscal Year Ended | | September 28, 2019 As Reported | Adjustments due to Topic 606 | September 28, 2019 As Adjusted - Without Adoption of Topic 606 Net sales | $3,164,434 | $14,880 | $3,149,554 Cost of sales | 2,872,596 | 12,934 | 2,859,662 Gross profit | 291,838 | 1,946 | 289,892 Operating inc",directional_change,increased|decreased|roughly_unchanged|insufficient_data,decreased,committed,,,,,
hqa_TAT_95642c83_masked,tatqa,cbbafa9a-7b39-4c99-b565-85ed72faddd3,What is the percentage change of Adjusted Revenue from 2016 to 2017?,"| | | Year Ended December 31, | | | 2018 | 2017 | 2016 | 2015 | 2014 | | | (in thousands, except for GPV and per share data) | | Gross Payment Volume (GPV)(in millions) | $84,654 | $65,343 | $49,683 | $35,643 | $23,780 Adjusted EBITDA | $256,523 | $139,009 | $44,887 | $(41,115) | $(67,741) Adjusted ",directional_change,increased|decreased|roughly_unchanged|insufficient_data,insufficient_data,noncommitted,,,,,CONSTRUCTED - verify the masked evidence really cannot answer the question
hqa_TAT_95f3feb8,tatqa,e59dcd3b-6509-450a-96bf-748015aee855,"What is the percentage change in the outstanding number of shares from January 1, 2018 to December 31, 2018?","| Number of Shares | Weighted Average Exercise Price Per Share Outstanding at January 1, 2018 | 4,376,474 | $0.16 Granted | 67,394 | 0.17 Exercised | – | – Cancelled or expired | (1,094,075) | 0.14 Outstanding at December 31, 2018 | 3,349,793 | $0.16 Granted | – | – Exercised | – | – Cancelled or ex",directional_change,increased|decreased|roughly_unchanged|insufficient_data,decreased,committed,,,,,
hqa_TAT_9655371e,tatqa,95f78f8e-bf9b-4fc6-a93c-d8318cc9af04,What was the change in Work in progress in 2019 from 2018?,"| | Fiscal Year End | 2019 | 2018 | | (in millions) Raw materials | $ 260 | $ 276 Work in progress | 739 | 656 Finished goods | 837 | 925 Inventories | $ 1,836 | $ 1,857 6. Inventories Inventories consisted of the following:",directional_change,increased|decreased|roughly_unchanged|insufficient_data,increased,committed,,,,,
hqa_TAT_96ec3b97,tatqa,d1190946-c93f-42d0-a451-cc85b130eaf6,What is the percentage change in gross debt in 2019 from 2018?,"| 2019 | 2018 | 2017(1) Gross Debt | $35,039 | 36,352 | 38,053 Cash and cash equivalents | (1,690) | (488) | (551) Net debt | $33,349 | 35,864 | 37,502 Adjusted EBITDA excluding integration and transformation costs and special items (1) | $9,070 | 9,040 | 8,686 Net Debt to Adjusted EBITDA Ratio | 3.",directional_change,increased|decreased|roughly_unchanged|insufficient_data,decreased,committed,,,,,
hqa_TAT_97a3f9c6,tatqa,18381a00-7054-4ae3-9758-36e136aea0cb,What was the percentage change in the Balance at the end of the period in 2019 from 2018?,"| | Years Ended December 31, | | 2019 | 2018 | 2017 Balance at the beginning of the period | $2,720 | $1,342 | $8,531 Current period tax position increases | — | 2,950 | — Decreases from settlements with tax authorities | — | (191) | (10,865) Decreases due to lapse in applicable statute of limitatio",directional_change,increased|decreased|roughly_unchanged|insufficient_data,roughly_unchanged,noncommitted,,,,,
hqa_TAT_98ba0a1d,tatqa,c9cc52de-f9a5-4bd5-a45a-86a68e61876f,What was the change in the basic net earnings attributable to Black Knight between 2017 and 2018?,"| | Year ended December 31, | | 2019 | 2018 | 2017 Basic: | | | Net earnings attributable to Black Knight | $108.8 | $168.5 | $182.3 Shares used for basic net earnings per share: | | | Weighted average shares of common stock outstanding | 147.7 | 147.6 | 88.7 Basic net earnings per share | $0.74 | $",directional_change,increased|decreased|roughly_unchanged|insufficient_data,decreased,committed,,,,,
hqa_TAT_98fef2ee,tatqa,e222f014-6103-4445-b959-7c8c3c8e2669,What is the change in the positive movement of money to equity attributable to owners of the Group when there is a 10 per cent appreciation in foreign exchange rates from 2018 to 2019?,"| 2019 | 2018 | 2019 | 2018 | €m | €m | INRm | INRm Net exposure | 468.9 | 555.7 | 5,072.4 | 6,274.5 Foreign exchange rate | 1.1825 | 1.1126 | 94.4586 | 88.3432 27 Financial risk management (continued) The table below summarises the Group’s exposure to foreign exchange risk as well as the foreign ex",directional_change,increased|decreased|roughly_unchanged|insufficient_data,decreased,committed,,,,,
hqa_TAT_99c6f447,tatqa,b6f03999-3156-489e-a9ac-4041edbd8a8d,What was the change in Cash generated from operations from 2018 to 2019?,"| 2019 | 2018 | 2017 Year ended 31 March | £m | £m | £m Cash generated from operations | 4,687 | 5,400 | 6,725 Tax paid | (431) | (473) | (551) Net cash inflows from operating activities | 4,256 | 4,927 | 6,174 Net purchase of property, plant and equipment and software | (3,637) | (3,341) | (3,119) ",directional_change,increased|decreased|roughly_unchanged|insufficient_data,decreased,committed,,,,,
hqa_TAT_99d3611a,tatqa,69581794-5c40-49ce-a815-714b8e47d855,"What is the percentage change in Software development costs, net from 2018 to 2019?","| December 31, | (In thousands) | 2019 | 2018 Software development costs | $428,641 | $317,637 Less: accumulated amortization | (184,712) | (107,977) Software development costs, net | $243,929 | $209,660 Software Development Costs We capitalize purchased software upon acquisition if it is accounted ",directional_change,increased|decreased|roughly_unchanged|insufficient_data,roughly_unchanged,noncommitted,,,,,
hqa_TAT_99fde2b9,tatqa,73702aae-3700-4f5f-9453-6d3bc6649115,What was the change in gross profit between May 2018 and August 2018?,"| | | Fiscal Year 2018 | | | | Three Months Ended | (in thousands, except for per share data) | August 31, 2018 | May 31, 2018 | February 28, 2018 | November 30, 2017 Net revenue | $5,771,831 | $5,436,952 | $5,301,101 | $5,585,532 Gross profit(4) | 442,147 | 398,227 | 397,133 | 469,285 Operating inc",directional_change,increased|decreased|roughly_unchanged|insufficient_data,increased,committed,,,,,
hqa_TAT_9b3813eb,tatqa,bc726c6b-ea11-436a-a45b-4768544802e2,What was the change in the United States federal statutory rate between 2018 and 2019?,"| Year Ended | Year Ended | December 31, 2018 | December 31, 2019 United States federal statutory rate | 21.00% | 21.00% State taxes, net of federal benefit | 1.99% | (0.01)% Valuation allowance | (21.96)% | (24.33)% Cumulative effect of accounting change | — | 2.07% R&D Credit | 1.34% | 1.53% Other",directional_change,increased|decreased|roughly_unchanged|insufficient_data,roughly_unchanged,noncommitted,,,,,
hqa_TAT_9bd0c612_masked,tatqa,1cd257c6-d908-49d7-81aa-fdf6ddc24569,What is the change in revenues from non-reportable segments between 2018 and 2019?,"| For the Years Ended December 31, | | 2019 | 2018 Reconciliation to consolidated net revenues: | | Segment net revenues | $5,969 | $6,835 Net effect from recognition (deferral) of deferred net revenues (2) | 101 | 238 Elimination of intersegment revenues (3) | (43) | (53) Consolidated net revenues ",directional_change,increased|decreased|roughly_unchanged|insufficient_data,insufficient_data,noncommitted,,,,,CONSTRUCTED - verify the masked evidence really cannot answer the question
hqa_TAT_9d3bed67,tatqa,684900a8-3d9e-4396-9768-54f03d09da38,What was the percentage change in total amortization of purchased intangible assets between 2018 and 2019?,"Years Ended | July 27, 2019 | July 28, 2018 | July 29, 2017 Amortization of purchased intangible assets: | | | Cost of sales . | $624 | $640 | $556 Operating expenses | | | Amortization of purchased intangible assets | 150 | 221 | 259 Restructuring and other charges | — | — | 38 Total . | $774 | $86",directional_change,increased|decreased|roughly_unchanged|insufficient_data,decreased,committed,,,,,
hqa_TAT_9e955943,tatqa,b5096178-b58b-4681-9385-81255b1fbc89,What was the percentage change in Accruals?,| | 2019 | 2018 | Notes | £ million | £ million Trade creditors | | 2.3 | 1.4 Owed to subsidiaries | | 90.4 | 84.8 Accruals | | 5.1 | 4.5 Deferred income | | 3.2 | 4.4 Lease liabilities | 14 | 0.1 | – Other taxes and social security costs | | 0.4 | 0.5 Government grants | 12 | 0.7 | 0.3 | | 102.2 | ,directional_change,increased|decreased|roughly_unchanged|insufficient_data,increased,committed,,,,,
hqa_TAT_9ea5fd79,tatqa,1bc8186a-2c6a-40f2-95cd-c763767d613d,"What is the percentage change in the cash balance from January 1, 2019 to December 31, 2019?","| 2019 | 2018 Net loss | $(1,934,133) | $(3,016,750) Interest (income) expense, net | 53,139 | (13,622) Income tax provision (benefit) | (100,363) | 9,623 Depreciation and amortization | 66,082 | 67,107 EBITDA | (1,915,275) | (2,953,642) Adjustments: | | Stock-based compensation | 7,261 | 6,404 Adju",directional_change,increased|decreased|roughly_unchanged|insufficient_data,decreased,committed,,,,,
hqa_TAT_9eadc42e,tatqa,df200c41-c6cc-44cd-aeb4-3fb19dbde714,What was the percentage change in nonvested RSUs between 2018 and 2019?,"| Number of Shares | Weighted Average Grant Date Fair Value Nonvested as of December 31, 2018 | 651,045 | $23.82 Granted | 742,579 | 33.28 Vested | -259,634 | 24.16 Forfeited | -124,586 | 29.79 Nonvested as of December 31, 2019 | 1,009,404 | $ 29.96 Restricted Share Units During the year ended Decem",directional_change,increased|decreased|roughly_unchanged|insufficient_data,increased,committed,,,,,
hqa_TAT_a0b630e5_masked,tatqa,2934df4f-4355-43f6-810a-7933d941a6d7,What was the change in recognised income tax expenses in 2018/2019 from 2017/2018?,€ million | 2017/2018 | 2018/2019 Actual taxes | 173 | 215 thereof Germany | (14) | (9) thereof international | (159) | (206) thereof tax expenses/income of current period | (194) | (221) thereof tax expenses/income of previous periods | (−21) | (−6) Deferred taxes | 43 | 83 thereof Germany | (39) |,directional_change,increased|decreased|roughly_unchanged|insufficient_data,insufficient_data,noncommitted,,,,,CONSTRUCTED - verify the masked evidence really cannot answer the question
hqa_TAT_a24a42cf,tatqa,c67e0c38-a6bc-4e2b-9472-6fe1c90220b3,What is the percentage change in the total liquidity and capital resources between 2018 and 2019?,"| December 31, | | 2019 | 2018 | | (in thousands) Cash & cash equivalents | $18,304 | $32,011 Short term investments | 17,779 | 11,303 | $36,083 | $43,314 Liquidity and Capital Resources As of December 31, 2019, we had approximately $36.1 million of cash and cash equivalents and short term investmen",directional_change,increased|decreased|roughly_unchanged|insufficient_data,decreased,committed,,,,,
hqa_TAT_a2618c43,tatqa,058115d1-f345-434e-9a8c-91133c4701b3,What is the change in Term loans - interest payments from Fiscal Year 2021 to 2020?,"| | Payments Due In Fiscal Year | | | 2020 | 2021 | 2022 | Total Term loans - principal payments | $42,838 | $7,838 | $7,838 | $58,514 Term loans - interest payments(1) | 777 | 155 | 47 | 979 Total | $43,615 | $7,993 | $7,885 | $59,493 FRT Term Loan On October 25, 2019, we entered into a $23.4 milli",directional_change,increased|decreased|roughly_unchanged|insufficient_data,decreased,committed,,,,,
hqa_TAT_a2870232,tatqa,a0199fc2-1092-49db-9b39-1874caba4e50,What is the percentage change in the revenue from 2018 to 2019?,"| CONSOLIDATED | | JUN 2019 $’000 | JUN 2018 $’000 Revenue | 426 | 1,208 Expenses | (1,035) | (989) Operating income | (609) | 219 Interest revenue | 5 | 9 Impairment of other intangible assets | (603) | (16,902) Profit/(loss) before tax from discontinued operations | (1,207) | (16,674) Tax benefit/",directional_change,increased|decreased|roughly_unchanged|insufficient_data,decreased,committed,,,,,
hqa_TAT_a39e8c3c_masked,tatqa,49387a90-b57a-4bf7-9a77-661469b5917e,What was the change in maximum possible value of MSU's using grant date fair value for Paul McNab between 2017 and 2018 as a percentage?,"Name | Fiscal Year | Maximum Possible Value of MSUs Using Grant Date Fair Value | Maximum Possible Value of PSUs Using Grant Date Fair Value Oleg Khaykin | 2019 | 4,067,526 | — | 2018 | 2,457,750 | 909,900 | 2017 | 659,618 | — Amar Maletira | 2019 | 1,379,350 | — | 2018 | 1,015,870 | 454,950 | 2017 ",directional_change,increased|decreased|roughly_unchanged|insufficient_data,insufficient_data,noncommitted,,,,,CONSTRUCTED - verify the masked evidence really cannot answer the question
hqa_TAT_a3bc513f,tatqa,0087995a-b48c-402c-85b0-c1a3a0837f74,What was the percentage change in the Dell subsidiary support and administrative costs between 2019 and 2020?,"| | For the Year Ended | | January 31, 2020 | February 1, 2019 | February 2, 2018 Purchases and leases of products and purchases of services(1) | $242 | $200 | $142 Dell subsidiary support and administrative costs | 119 | 145 | 212 We engaged with Dell in the following ongoing related party transact",directional_change,increased|decreased|roughly_unchanged|insufficient_data,decreased,committed,,,,,
hqa_TAT_a3ca74b5,tatqa,9fb79fb6-905a-48f6-8946-7b28931611ec,What was the % change in the common stock and stock equivalents from 2018 to 2019?,"(In millions, except earnings per share) | | | Year Ended June 30, | 2019 | 2018 | 2017 Net income available for common shareholders (A) | $ 39,240 | $ 16,571 | $ 25,489 Weighted average outstanding shares of common stock (B) | 7,673 | 7,700 | 7,746 Dilutive effect of stock-based awards | 80 | 94 | ",directional_change,increased|decreased|roughly_unchanged|insufficient_data,decreased,committed,,,,,
hqa_TAT_a45690e4,tatqa,6792fc0a-f8cf-43d8-bc1a-9a11646e7e31,What was the percentage change in the tax charge in the income statement?,| 2019 | 2018 | $ million | $ million Tax charge in the income statement | | Current income tax | | UK tax | 0.3 | 0.1 Foreign tax | 9.2 | 6.2 Amounts underprovided/(overprovided) in previous years | 0.3 | (1.2) Total current income tax charge | 9.8 | 5.1 Deferred tax | | Recognition of deferred tax,directional_change,increased|decreased|roughly_unchanged|insufficient_data,increased,committed,,,,,
hqa_TAT_a4e3f89a,tatqa,4f4d7c80-1c6a-405f-9385-b79cd5f9d726,"What is the change in Net accounts receivable from December 31, 2019 to December 31, 2018?","| As of December 31, | | 2019 | 2018 Accounts receivable | $69,767 | $41,818 Allowance for doubtful accounts | (1,125) | (711) Net accounts receivable | $68,642 | $41,107 (3) Accounts Receivable, Net Accounts receivable, net, is as follows (in thousands): Bad debt expense for the years ended Decembe",directional_change,increased|decreased|roughly_unchanged|insufficient_data,increased,committed,,,,,
hqa_TAT_a52429e3_masked,tatqa,4a0898e9-3b33-4554-b9f5-97dd226b89f3,What was the percentage change in cost of revenue from 2018 to 2019?,"| | Year Ended December 31, | | 2019 | 2018 | 2017 | | (In thousands) | Research and development | 6,532 | 4,283 | 2,968 Sales and marketing | 9,069 | 8,267 | 5,481 General and administrative | 10,693 | 11,476 | 9,114 Total | $29,137 | $26,461 | $18,969 The Company recognizes these compensation cost",directional_change,increased|decreased|roughly_unchanged|insufficient_data,insufficient_data,noncommitted,,,,,CONSTRUCTED - verify the masked evidence really cannot answer the question
hqa_TAT_a6666b98,tatqa,cf7b00b8-b620-4047-b7b1-82ab9beeacd8,What was the change in Gross amount of accumulated depreciation at beginning between 2017 and 2018?,"| 2019 | 2018 | 2017 Gross amount of accumulated depreciation at beginning | $(5,724.7) | $(5,181.2) | $(4,548.1) Additions during period: | | | Depreciation | (768.4) | (751.4) | (718.7) Other | — | — | — Total additions | (768.4) | (751.4) | (718.7) Deductions during period: | | | Amount of accumu",directional_change,increased|decreased|roughly_unchanged|insufficient_data,decreased,committed,,,,,
hqa_TAT_a6aec2e8,tatqa,c5b3c0f3-d06f-48d0-8858-e0442376be53,What is the change in Jones Act Handysize Product Carriers: Average rate in Spot Earnings between 2018 and 2019?,"| 2019 | | 2018 | | Spot Earnings | Fixed Earnings | Spot Earnings | Fixed Earnings Jones Act Handysize Product Carriers: | | | | Average rate | $25,036 | $57,910 | $31,254 | $60,252 Revenue days | 523 | 4,052 | 1,142 | 3,141 Non-Jones Act Handysize Product Carriers: | | | | Average rate | $30,671 |",directional_change,increased|decreased|roughly_unchanged|insufficient_data,decreased,committed,,,,,
hqa_TAT_a6e9a53f,tatqa,2593e227-a34d-4426-8510-77a9051af505,What was the percentage change in total receivables from 2018 to 2019?,"| As of December 31, | | 2018 | 2019 Trade receivables | 808 | 9,463 VAT receivable | 1,094 | 637 Accrued income | 9,473 | 8,274 Insurance claims | 1,282 | 1,400 Other receivables | 7,587 | 5,126 Total | 20,244 | 24,900 GasLog Ltd. and its Subsidiaries Notes to the consolidated financial statements ",directional_change,increased|decreased|roughly_unchanged|insufficient_data,increased,committed,,,,,
hqa_TAT_a727c9c8,tatqa,e8038e36-ca53-4f72-82bd-f80cb943804c,What was the change in the total amount of fees payable in 2019 from 2018?,| 2019 | 2018 | £m | £m Fees payable for the audit of the Company and consolidated financial statements | 0.1 | 0.1 Fees payable for other services: | | – the audit of the subsidiary undertakings pursuant to legislation | 0.2 | 0.1 Total | 0.3 | 0.2 Services provided by the Company’s auditors During,directional_change,increased|decreased|roughly_unchanged|insufficient_data,increased,committed,,,,,
hqa_TAT_a757ebed_masked,tatqa,77191f82-0a18-4050-8911-bff9f1a401d9,What was the percentage change in total inventories between 2018 and 2019?,"| March 31, | | 2019 | 2018 Raw materials | $74.5 | $26.0 Work in process | 413.0 | 311.8 Finished goods | 224.2 | 138.4 Inventories The components of inventories consist of the following (in millions): Inventories are valued at the lower of cost and net realizable value using the first-in, first-ou",directional_change,increased|decreased|roughly_unchanged|insufficient_data,insufficient_data,noncommitted,,,,,CONSTRUCTED - verify the masked evidence really cannot answer the question
hqa_TAT_a785bede_masked,tatqa,35096122-545b-4be2-8ea2-ebafd94c687f,What was the percentage change in Basic weighted average number of common shares outstanding between 2018 and 2019?,"| | Year Ended February 28, | | 2019 | 2018 | 2017 Net income (loss) | $18,398 | $16,617 | $(7,904) Effect of stock options and restricted stock units computed on | | | treasury stock method | 705 | 889 | - Diluted weighted average number of common shares outstanding | 35,294 | 36,139 | 35,917 Earni",directional_change,increased|decreased|roughly_unchanged|insufficient_data,insufficient_data,noncommitted,,,,,CONSTRUCTED - verify the masked evidence really cannot answer the question
hqa_TAT_a802ba5d,tatqa,4018ab27-77bd-44f3-83a9-881495568ed1,What is the change in Increases for tax positions related to the current year between 2019 and 2018?,"| | Year Ended December 31, | (In thousands) | 2019 | 2018 | 2017 Beginning balance as of January 1 | $ 19,821 | $ 10,939 | $ 10,616 Increases for tax positions related to the current year | 1,240 | 8,977 | 640 Decreases for tax positions related to prior years | 0 | 0 | (146) Increases for tax posi",directional_change,increased|decreased|roughly_unchanged|insufficient_data,decreased,committed,,,,,
hqa_TAT_a8d33126_masked,tatqa,d09332c7-20e6-426a-ba9b-1bdd2baa8702,What is the percentage change in balance at end of year from 2018 to 2019?,"| December 31, | | 2018 | 2019 Charged to cost of sales | 18,408 | 26,301 Deductions | (8,985) | (12,232) Releases of expired warranty | (8,214) | (5,684) Foreign currency translation effect | 184 | 84 NOTE 14. PROVISION FOR WARRANTY The changes in the amount of provision for warranty are as follows",directional_change,increased|decreased|roughly_unchanged|insufficient_data,insufficient_data,noncommitted,,,,,CONSTRUCTED - verify the masked evidence really cannot answer the question
hqa_TAT_a986a7c0,tatqa,0a4966a3-9a8c-4b6d-88f8-5beffe05ee99,What was the change in the basic shares used in per-share calculation between 2018 and 2019?,"Years Ended | July 27, 2019 (1)(2) | July 28, 2018 (1)(3) | July 29, 2017 | July 30, 2016 (4)(5) | July 25, 2015 (4) Revenue | $51,904 | $49,330 | $48,005 | $49,247 | $49,161 Net income | $11,621 | $110 | $9,609 | $10,739 | $8,981 Net income per share—basic | $2.63 | $0.02 | $1.92 | $2.13 | $1.76 Ne",directional_change,increased|decreased|roughly_unchanged|insufficient_data,decreased,committed,,,,,
hqa_TAT_a9e23c6a,tatqa,2eb51bf3-04ec-467b-91cc-6d57ff412261,What is the percentage change in the weighted-average common shares for basic and diluted net loss per share between 2018 and 2019?,"| | Year Ended December 31, | | 2019 | 2018 | 2017 Numerator | | | Net loss | $(53,607) | $(26,203) | $(4,204) Denominator | | | Weighted-average common shares for basic and diluted net loss per share | 83,130 | 79,500 | 76,281 Basic and diluted net loss per share | $(0.64) | $(0.33) | $(0.06) Note ",directional_change,increased|decreased|roughly_unchanged|insufficient_data,increased,committed,,,,,
hqa_TAT_a9eb07cf_masked,tatqa,ae97568d-fcde-469c-a9a9-118d339cccb5,What was the percentage change in net income(loss) between 2018 and 2019?,"| | Year Ended February 28, | | 2019 | 2018 | 2017 Basic weighted average number of common shares outstanding | 34,589 | 35,250 | 35,917 Effect of stock options and restricted stock units computed on | | | treasury stock method | 705 | 889 | - Diluted weighted average number of common shares outstan",directional_change,increased|decreased|roughly_unchanged|insufficient_data,insufficient_data,noncommitted,,,,,CONSTRUCTED - verify the masked evidence really cannot answer the question
hqa_TAT_aa1d3479,tatqa,93e08e7a-1662-401d-8c58-4324c6b9cff9,What is the percentage change in net cash used in investing activities between 2018 and 2019?,"| | For the Years Ended December 31, | | 2019 | 2018 | 2017 | | (in thousands) | Net cash provided by (used in) operating activities | $(9,885) | $25,601 | $16,586 Net cash used in investing activities | $(3,822) | (13,203) | (1,873) Net cash provided by (used in) financing activities | $— | (21,556",directional_change,increased|decreased|roughly_unchanged|insufficient_data,decreased,committed,,,,,
hqa_TAT_aa9e13ac,tatqa,de92ddd9-a57d-4b3f-8995-02e309da9ee5,What is the percentage change in Total number of shares purchased between January 2019 and February 2019?,"| Total Number of Shares Purchased | Average Price Paid per Share (1) | Total Number of Shares Purchased as Part of Publicly Announced Plans or Programs | Approximate Dollar Value of Shares that may be Purchased Under the Plans or Programs (2) December 1 - December 31, 2018 | 75,000 | $12.96 | 75,00",directional_change,increased|decreased|roughly_unchanged|insufficient_data,decreased,committed,,,,,
hqa_TAT_acfebc57,tatqa,34358013-a3c4-489f-9590-e856835b16ca,What was the change in Net cash  provided by investing activities between 2017 and 2019?,"(in thousands of U.S. dollars) | Year Ended December 31, 2019 | Year Ended December 31, 2018 | Year Ended December 31, 2017 Net cash provided by operating activities | $96,112 | $55,637 | $48,117 Net cash (used in)/ provided by investing activities | (56,467) | 27,863 | (42,365) Net cash used in fin",directional_change,increased|decreased|roughly_unchanged|insufficient_data,decreased,committed,,,,,
hqa_TAT_ad2737b8,tatqa,1ba0a12d-b45e-4689-a63d-d968c006af5f,What is the change in interest rate protection between 2018 and 2019?,"| | 2019 | | 2018 £m | Fixed | Floating | Fixed | Floating Borrowings (nominal value)1 | 2,951.8 | 1,667.3 | 2,998.3 | 1,884.1 Derivative impact (nominal value of allocated swaps) | 1,073.5 | (1,073.5) | 1,112.6 | (1,112.6) Net borrowings profile | 4,025.3 | 593.8 | 4,110.9 | 771.5 Interest rate pro",directional_change,increased|decreased|roughly_unchanged|insufficient_data,increased,committed,,,,,
hqa_TAT_adc51d4c,tatqa,b51c08e5-a6f0-48d2-90ad-56c2301e5704,What was the percentage change in restricted cash in relation to the Hilli between 2018 and 2019?,"(in thousands of $) | 2019 | 2018 Restricted cash relating to the total return equity swap (1) | 55,573 | 82,863 Restricted cash in relation to the Hilli (2) | 75,968 | 174,597 Restricted cash and short-term deposits held by lessor VIEs (3) | 34,947 | 176,428 Restricted cash relating to the $1.125 b",directional_change,increased|decreased|roughly_unchanged|insufficient_data,decreased,committed,,,,,
hqa_TAT_ae2bec49,tatqa,1b3433b3-1e6c-4405-92bb-29938ac14a6a,What is the change in Bank finance facilities (NZD) Drawn amount from 2018 to 2019?,"| 2019 | 2018 | $'000 | $'000 Bank finance facilities (AUD) | | Drawn amount | 663,800 | 520,300 Facility limit | 680,000 | 605,000 Bank finance facilities (NZD) | | Drawn amount | 192,250 | 87,500 Facility limit | 196,750 | 121,000 AUD equivalent of NZD facilities | | Drawn amount | 184,038 | 80,04",directional_change,increased|decreased|roughly_unchanged|insufficient_data,increased,committed,,,,,
hqa_TAT_ae4095fb_masked,tatqa,0d18801f-5b34-48eb-91d2-87c98fa9c523,What was the change in the employee benefit from 2018 to 2019?,"| | (dollars in millions) At December 31, | 2019 | 2018 Deferred Tax Assets | | Tax loss and credit carry forwards | 3,012 | 3,576 Other – assets | 5,595 | 1,650 | 13,655 | 10,629 Valuation allowances | (2,260) | (2,741) Deferred tax assets | 11,395 | 7,888 Deferred Tax Liabilities | | Spectrum and ",directional_change,increased|decreased|roughly_unchanged|insufficient_data,insufficient_data,noncommitted,,,,,CONSTRUCTED - verify the masked evidence really cannot answer the question
hqa_TAT_ae89bdd6,tatqa,b18c19cd-cafa-45ce-bb03-f1a49fc87994,What was the percentage change in trade receivables between 2018 and 2019?,"| | 30 June 2019 | 30 June 2018 | Note | $'000 | $'000 Trade receivables | 5(a) | 28,320 | 36,522 Loss allowance (see note 15(b)) | | (741) | (1,254) | | 27,579 | 35,268 Interest receivable | 5(b) | 54 | 27 GST receivable | | 6,222 | 162 Other receivables | | 1 | 1,629 Total | | 33,856 | 37,086 Oper",directional_change,increased|decreased|roughly_unchanged|insufficient_data,decreased,committed,,,,,
hqa_TAT_af5c9fc5,tatqa,1a5c2e1b-7e15-483b-a63d-243d0d0a65ac,What is the percentage change in the total revenue from 2018 to 2019?,"| | YearEnded | | June 30, 2019 | June 24, 2018 | June 25, 2017 Revenue (in millions) | $9,654 | $11,077 | $8,014 Korea | 23% | 35% | 31% China | 22% | 16% | 13% Japan | 20% | 17% | 13% Taiwan | 17% | 13% | 26% UnitedStates | 8% | 7% | 8% SoutheastAsia | 6% | 7% | 5% Europe | 4% | 5% | 4% Results of",directional_change,increased|decreased|roughly_unchanged|insufficient_data,decreased,committed,,,,,
hqa_TAT_b1286b9b,tatqa,a16452f6-ab99-4219-aaf4-f1a4487c3025,What was the percentage change in total from 2018 to 2019?,"| As of December 31, | | 2018 | 2019 Dividends receivable from associate (Note 5) | 885 | 450 Due from The Cool Pool Limited | 32,397 | — Other receivables | 113 | 123 Total | 33,395 | 573 GasLog Ltd. and its Subsidiaries Notes to the consolidated financial statements (Continued) For the years ended",directional_change,increased|decreased|roughly_unchanged|insufficient_data,decreased,committed,,,,,
hqa_TAT_b13ce1d3,tatqa,d0837050-e05c-4fa2-8f15-6237f3cb95d5,"What is the percentage change in the number of outstanding shares at December 31, 2018 and December 31, 2019?","Warrants | Number | Weighted Average Exercise Price | Weighted Average Remaining Life Outstanding December 31, 2017 | 3,826,658 | $1.05 | 4.69 Granted | - | - | - Outstanding December 31, 2018 | 3,826,658 | $1.05 | 3.69 Granted | - | - | - Outstanding December 31, 2019 | 3,826,658 | $1.05 | 2.69 Sim",directional_change,increased|decreased|roughly_unchanged|insufficient_data,roughly_unchanged,noncommitted,,,,,
hqa_TAT_b1f0677c_masked,tatqa,2f6f4311-f09e-435c-9e06-fc475a876901,What is the percentage change in total remuneration from 2018 to 2019?,| Year ended December 31 | | 2018 | 2019 Supervisory Board: | | J.C. Lobbezoo | 78.6 | 83.5 H.W. Kreutzer 1) | 21.4 | 0.0 M.C.J. van Pernis | 56.0 | 58.5 U.H.R. Schumacher | 53.5 | 56.0 S. Kahle-Galonske | 55.9 | 60.0 M.J.C. de Jong 2) | 34.0 | 57.5 SUPERVISORY BOARD The following table sets forth i,directional_change,increased|decreased|roughly_unchanged|insufficient_data,insufficient_data,noncommitted,,,,,CONSTRUCTED - verify the masked evidence really cannot answer the question
hqa_TAT_b215cc26,tatqa,2c3675ab-1f5c-48a4-a80a-331a3e18a8b3,What was the change in Other in 2019 from 2018?,"€ millions, unless otherwise stated | 2019 | 2018 | 2017 Profit before tax | 4,596 | 5,600 | 5,029 Tax expense at applicable tax rate of 26.4% rate of 26.4% (2018: 26.4%; 2017: 26.4%) | 1,212 | 1,478 | 1,327 Tax effect of: | | | Foreign tax rates | –209 | –147 | –403 Changes in tax laws and tax rate",directional_change,increased|decreased|roughly_unchanged|insufficient_data,roughly_unchanged,noncommitted,,,,,
hqa_TAT_b3f27ae7,tatqa,be0db71b-17ca-41e0-aa2d-fe58c66d2949,What was the percentage change in Other taxes in 2018/2019 from 2017/2018?,"€ million | 2017/2018 | 2018/2019 Other taxes | 79 | 79 thereof from cost of sales | (1) | (1) thereof from selling expenses | (65) | (62) thereof from general administrative expenses | (13) | (16) 18. Other taxes The other taxes (for example property tax, motor vehicle tax, excise tax and transacti",directional_change,increased|decreased|roughly_unchanged|insufficient_data,roughly_unchanged,noncommitted,,,,,
hqa_TAT_b41580d6,tatqa,f210797f-4173-46b9-bd38-9c03469fa0bb,What was the change in the impact on Equity from a 10% movement in sterling to US dollar value in 2019 from 2018?,| Year-ended 31 March 2019 | Year-ended 31 March 2018 | $M | $M 10% movement in sterling to US dollar value | | Profit or loss | 1.7 | 5.1 Equity | 33.8 | 37.4 10% movement in euro to US dollar value | | Profit or loss | 1.5 | 7.5 Equity | (9.8) | (10.8) Foreign Currency Risk The Group is exposed to,directional_change,increased|decreased|roughly_unchanged|insufficient_data,decreased,committed,,,,,
hqa_TAT_b4780974_masked,tatqa,dea7163b-1497-40b9-81a2-471502b6e0c9,What was the change in effective tax rate from 2018 to 2019?,"| Year Ended December 31, | | | | | 2019 | % Change | 2018 | % Change | 2017 (In thousands, except percentage data) | | | | | Provision (benefit) for income tax | $3,780 | (85.4)% | $25,878 | (54.9)% | $57,357 2019 vs 2018 The decrease in tax expense for the year ended December 31, 2019, compared to",directional_change,increased|decreased|roughly_unchanged|insufficient_data,insufficient_data,noncommitted,,,,,CONSTRUCTED - verify the masked evidence really cannot answer the question
hqa_TAT_b4d5b2ec,tatqa,99b822e9-0adb-4068-b434-eb070139ee33,What was the change between the beginning of period balance and end of period balance in 2019?,"| Year Ended December 31, | | 2019 | 2018 Beginning of period balance | $2,881 | $— Commission costs and upfront payments to a customer capitalized in period | 4,141 | 4,864 Amortization of contract assets | (2,444) | (1,983) End of period balance | $4,578 | $2,881 Note 3. Revenue from Contracts wit",directional_change,increased|decreased|roughly_unchanged|insufficient_data,increased,committed,,,,,
hqa_TAT_b4fa8355_masked,tatqa,5964b119-824e-4277-8f83-ef83a15dead0,What is the percentage change in the current trail commission asset from 2018 to 2019?,"| CONSOLIDATED | | 2019 $’000 | 2018 $’000 Non-current | 88,452 | 80,817 Total trail commission asset | 114,078 | 102,920 Reconciliation of movement in trail commission asset: | | Opening balance | 102,920 | 93,564 Trail commission revenue – current period trail commission sales sales | 34,732 | 33,",directional_change,increased|decreased|roughly_unchanged|insufficient_data,insufficient_data,noncommitted,,,,,CONSTRUCTED - verify the masked evidence really cannot answer the question
hqa_TAT_b5b20cfc,tatqa,fc45be9a-2511-492e-aabb-d64420deaae0,What is the percentage change in the shares from 31 December 2018 to 31 December 2019?,| | 2019 | | 2018 | Shares million | £m | Shares million | £m At 1 January | 11.2 | 37.0 | 11.6 | 39.1 Acquisitions | 0.2 | 0.1 | 0.6 | 0.9 Disposals | (1.1) | (3.5) | (1.0) | (3.0) At 31 December | 10.3 | 33.6 | 11.2 | 37.0 29 Employee Share Ownership Plan (ESOP) The cost of shares in intu properti,directional_change,increased|decreased|roughly_unchanged|insufficient_data,decreased,committed,,,,,
hqa_TAT_b5e1cbd8_masked,tatqa,b55a0581-b496-4d82-8b51-2a041d6e7729,What is the percentage change in total other current assets in 2019?,"| As of December 31, | | 2019 | 2018 | (Dollars in millions) | Prepaid expenses | $274 | 307 Income tax receivable | 35 | 82 Materials, supplies and inventory | 105 | 120 Contract assets | 42 | 52 Contract acquisition costs | 178 | 167 Contract fulfillment costs | 115 | 82 Other | 59 | 108 Other Cur",directional_change,increased|decreased|roughly_unchanged|insufficient_data,insufficient_data,noncommitted,,,,,CONSTRUCTED - verify the masked evidence really cannot answer the question
hqa_TAT_b62e93d4,tatqa,38367c9e-e41e-4f5a-9b61-eb91c77a5741,"What is the percentage change in the cash, cash equivalents and restricted cash shown in the statement of cash flows between 2018 and 2019?","| December 31, | | 2019 | 2018 Cash and cash equivalents | $259,067 | $256,947 Restricted cash included in other assets | 304 | 304 Cash, cash equivalents and restricted cash shown in the statement of cash flows | $259,371 | $257,251 Cash, Cash Equivalents and Restricted Cash As of December 31, 2019",directional_change,increased|decreased|roughly_unchanged|insufficient_data,increased,committed,,,,,
hqa_TAT_b67c6baa,tatqa,24d37fb2-4d2f-4024-892c-54ea4ab11a54,What was the percentage change in Operating income between Quarter Ended  June and September?,"| | Quarter Ended | | | December 31, 2019 | September 30, 2019 | June 30, 2019 | March 31, 2019 Sales, net | $ 338,268 | $ 175,127 | $ 134,810 | $ 140,743 Gross Profit | $112,295 | $73,491 | $64,126 | $65,740 Restructuring Expense | $1,418 | $152 | $1,795 | $1,673 Operating income | $22,202 | $9,390",directional_change,increased|decreased|roughly_unchanged|insufficient_data,decreased,committed,,,,,
hqa_TAT_b6be3a9e,tatqa,3158a10c-a56b-435d-8c12-8590e5537bf2,What was the change in the year-on-year percentage change in GDP for Russia from 2018 to 2019?,| 20181 | 20192 World | 3.6 | 2.9 Germany | 1.5 | 0.6 Western Europe (excl.Germany) | 1.9 | 1.3 Russia | 2.3 | 1.1 Eastern Europe (excl.Russia) | 4.1 | 3.6 Asia | 5.6 | 4.9 DEVELOPMENT OF GROSS DOMESTIC PRODUCT IN IMPORTANT WORLD REGIONS AND GERMANY Year-on-year change in % Real GDP growth corrected,directional_change,increased|decreased|roughly_unchanged|insufficient_data,decreased,committed,,,,,
hqa_TAT_b6f09ece,tatqa,1f7429df-c00e-4e5f-8e85-74b14ec47da6,What was the change in Valuation allowance for deferred tax assets between 2018 and 2019?,"Col. A Description | Col B. Balance at Beginning of Period | Col. C Additions(A) | Col. D Deductions(B) | Col. E Balance at End of Period At December 31, 2019 | | | | Allowances for sales returns and price protection and other allowances | $186 | $11 | $(79) | $118 Valuation allowance for deferred t",directional_change,increased|decreased|roughly_unchanged|insufficient_data,increased,committed,,,,,
hqa_TAT_b77ad22e,tatqa,ec32eb75-2422-4a0b-87de-b0f7ae9d5815,What is the change in the % of revenue between 2017 and 2018?,"| Year Ended December 31, | | Change | | 2018 | 2017 | $ | % | | (dollars in thousands) | | Other expense, net | $ 4,628 | $ 302 | $ 4,326 | 1432.5% % of revenue | 3% | 0% | | Other Expense, Net Other expense, net decreased by $4.3 million in 2018 compared to 2017 as a result of an increase in inter",directional_change,increased|decreased|roughly_unchanged|insufficient_data,increased,committed,,,,,
hqa_TAT_bab27c46_masked,tatqa,33cdd75e-c10c-4bec-8117-744b7b10bd45,"What was the percentage change in Amounts written off, net of recoveries between 2017 and 2018?","| | Years Ended December 31, | | 2019 | 2018 | 2017 Balance, beginning of period | -$3,912 | -$4,799 | -$3,873 Provision increase | -2,561 | -1,505 | -2,086 Foreign currency translation adjustments and other | -44 | 123 | -145 Balance, end of period | -$5,149 | -$3,912 | -$4,799 The Company maintain",directional_change,increased|decreased|roughly_unchanged|insufficient_data,insufficient_data,noncommitted,,,,,CONSTRUCTED - verify the masked evidence really cannot answer the question
hqa_TAT_bbaa8ba2,tatqa,e2eaaa6c-c0b9-4336-a954-b9b46d9b5700,What was the change in the Weighted number of no-par-value shares in 2018/2019 from 2017/2018?,"| 2017/2018 | 2018/2019 Weighted number of no-par-value shares | 363,097,253 | 363,097,253 Profit or loss for the period attributable to the shareholders of METROAG (€million) | 333 | −126 Earnings per share in € (basic = diluted) | 0.92 | −0.35 from continuing operations | (0.98) | (1.12) from disc",directional_change,increased|decreased|roughly_unchanged|insufficient_data,roughly_unchanged,noncommitted,,,,,
hqa_TAT_bbe25c2e,tatqa,335ead6f-9d11-49ee-8677-f2fdc0e723bc,What was the change in the cost of services from 2018 to 2019?,"| | | (dollars in millions) Increase/ (Decrease) | Years Ended December 31, | 2019 | 2018 | 2019 vs. 2018 | Cost of services | $ 31,772 | $ 32,185 | $ (413) | (1.3)% Cost of wireless equipment | 22,954 | 23,323 | (369) | (1.6) Selling, general and administrative expense | 29,896 | 31,083 | (1,187) |",directional_change,increased|decreased|roughly_unchanged|insufficient_data,decreased,committed,,,,,
hqa_TAT_bbf7e45d_masked,tatqa,06fec2d0-c023-4eb0-bcfe-0a43cf26e2fe,"What was the change in Amounts written off, net of recoveries between 2018 and 2019?","| | Years Ended December 31, | | 2019 | 2018 | 2017 Balance, beginning of period | -$3,912 | -$4,799 | -$3,873 Provision increase | -2,561 | -1,505 | -2,086 Foreign currency translation adjustments and other | -44 | 123 | -145 Balance, end of period | -$5,149 | -$3,912 | -$4,799 The Company maintain",directional_change,increased|decreased|roughly_unchanged|insufficient_data,insufficient_data,noncommitted,,,,,CONSTRUCTED - verify the masked evidence really cannot answer the question
hqa_TAT_bcae5577_masked,tatqa,73a438f4-f4d9-4733-9910-2691c05a466e,What was the change in Pro Forma total sales between 2018 and 2019?,"| | | Year Ended December 31, | | 2019 | | 2018 | | As Reported | Pro Forma | As Reported | Pro Forma Net income attributable to Advanced Energy Industries, Inc. | $64,941 | $83,104 | $147,025 | $158,422 Earnings per share: | | | | Basic earnings per share | $1.70 | $2.17 | $3.76 | $4.05 Diluted ear",directional_change,increased|decreased|roughly_unchanged|insufficient_data,insufficient_data,noncommitted,,,,,CONSTRUCTED - verify the masked evidence really cannot answer the question
hqa_TAT_bd15417b_masked,tatqa,791ef16d-c4e7-4045-bc37-1fc333d353ba,What was the change in Purchases and leases of products and purchases of services between 2018 and 2019?,"| | For the Year Ended | | January 31, 2020 | February 1, 2019 | February 2, 2018 Dell subsidiary support and administrative costs | 119 | 145 | 212 Information about VMware’s payments for such arrangements during the periods presented consisted of the following (table in millions): 1) Amount includ",directional_change,increased|decreased|roughly_unchanged|insufficient_data,insufficient_data,noncommitted,,,,,CONSTRUCTED - verify the masked evidence really cannot answer the question
hqa_TAT_bf17a5c6_masked,tatqa,41f11c5b-c73d-4ec1-88f7-4216ae207eb4,"What was the percentage change in Other (income) expense, net in 2019 from 2018?",| 2019 | 2018 | 2018-2019 Change | | (in millions) | Interest income | $(24.8) | $(26.7) | $1.9 Interest expense | 23.1 | 31.3 | (8.2) Interest and Other Interest income decreased by $1.9 million from 2018 to 2019 due primarily to lower cash and marketable securities balances in 2019. Interest expen,directional_change,increased|decreased|roughly_unchanged|insufficient_data,insufficient_data,noncommitted,,,,,CONSTRUCTED - verify the masked evidence really cannot answer the question
hqa_TAT_bfbba8ad,tatqa,3d639aa1-36b1-478e-9eac-d9e1c230f086,What is the percentage change in publishing between 2018 and 2019?,"(dollars in millions) | 2019 | 2018 | 2017 | % Change 2019 - 2018 Digital Media | $7,208.3 | $5,857.7 | $4,480.8 | 23% Digital Experience | 2,670.7 | 1,949.3 | 1,552.5 | 37% Publishing | 115.5 | 115.2 | 100.6 | * Total subscription revenue | $9,994.5 | $7,922.2 | $6,133.9 | 26% Subscription Revenue ",directional_change,increased|decreased|roughly_unchanged|insufficient_data,roughly_unchanged,noncommitted,,,,,
hqa_TAT_bfea35c3,tatqa,625b73f0-abc6-4c14-a07a-cb69c521eade,What is the percentage change in the provided deferred tax provision for investment and development property from 1 January 2018 to 31 December 2019?,£m | Investment and development property | Other temporary differences | Total Provided deferred tax provision/(asset): | | | At 1 January 2018 | 24.6 | (0.9) | 23.7 Recognised in the income statement | (5.5) | (0.3) | (5.8) Foreign exchange movements | 0.1 | – | 0.1 At 31 December 2018 | 19.2 | (1.,directional_change,increased|decreased|roughly_unchanged|insufficient_data,decreased,committed,,,,,
hqa_TAT_bff37d29,tatqa,e4a1bc21-ffab-4535-84bb-b681bf7a0a12,What is the percentage change in the number of RSUs granted between the 2019 and 2009 plans?,"| Shares Available for Grant | | 2019 Plan | 2009 Plan Balance at December 30, 2018 | — | 483 Authorized | 357 | — Options granted | — | — Options forfeited or expired | 26 | 2 RSUs granted | (113) | (240) RSUs forfeited | 2 | 54 Plan Shares expired | — | (299) Balance at December 29, 2019 | 272 | —",directional_change,increased|decreased|roughly_unchanged|insufficient_data,decreased,committed,,,,,
hqa_TAT_c10ce5aa,tatqa,1a8b2fce-cffc-4fa3-8d75-da5de14a30df,What was the percentage change in the Interest expense and finance cost between 2018 and 2019?,"| For the Year Ended December 31, 2019 | For the Year Ended December 31, 2018 | For the Year Ended December 31, 2017 Interest expense | $125,496 | $129,941 | $115,099 Amortization and write-off of deferred financing costs | 7,746 | 7,866 | 6,391 Other | 237 | 109 | 121 Interest expense and finance c",directional_change,increased|decreased|roughly_unchanged|insufficient_data,decreased,committed,,,,,
hqa_TAT_c14565f3,tatqa,de31678f-54b3-4bd1-9626-5582eb191dd0,What is the change in Net (loss) income between 2019 and 2017?,"| | Year Ended December 31, | | | (In thousands) | 2019 | 2018 | 2017 | 2019 $ Change from 2018 | 2018 $ Change from 2017 Net (loss) income | $ (182,602) | $ 407,807 | $ (154,175) | $ (590,409) | $ 561,982 Less: Loss from discontinued operations | 0 | 395,138 | 30,348 | (395,138) | 364,790 (Loss) in",directional_change,increased|decreased|roughly_unchanged|insufficient_data,decreased,committed,,,,,
hqa_TAT_c1e84e88,tatqa,0d6f194e-47d5-49a8-b461-9904c2068b05,What was the % change in the free cash flow from 2017 to 2018?,"| For the year ended December 31, | | (in thousands, except percentages and per share data) | 2019 | 2018 | 2017 Non-GAAP gross profit | $168,242 | $163,376 | $153,849 Non-GAAP gross margin | 82.0% | 84.6% | 85.6% Non-GAAP operating loss | $(8,689) | $(4,325) | $(16,440) Non-GAAP operating margin | ",directional_change,increased|decreased|roughly_unchanged|insufficient_data,decreased,committed,,,,,
hqa_TAT_c22c8f48,tatqa,62733b38-e26f-4a91-90f0-c24c1de717df,What is the change in the net cash provided from operating activities from 2018 to 2019?,"CASH FLOW SUMMARY | 2019 $’000 | 2018 $’000 RESTATED | CHANGE Net cash provided from operating activities | 4,709 | 8,790 | 46% Net cash used in investing activities | (12,337) | (20,092) | (39%) Net cash used in financing activities | (3,471) | (36,014) | (90%) Net change in cash and cash equivalen",directional_change,increased|decreased|roughly_unchanged|insufficient_data,decreased,committed,,,,,
hqa_TAT_c29146e1,tatqa,2174edb0-f30f-4086-b417-254ad5a8c036,What is the change in Total prepaid expenses between fiscal years 2019 and 2018?,"October 31, | | | 2019 | 2018 (In thousands) | | Parts and supplies | $33,617 | $28,287 Prepaid insurance | 8,859 | 8,232 Other prepaid expenses | 14,455 | 6,721 Total prepaid expenses | $56,931 | $43,240 4. Prepaid expenses Prepaid expenses consisted of the following:",directional_change,increased|decreased|roughly_unchanged|insufficient_data,increased,committed,,,,,
hqa_TAT_c2ecf8bd,tatqa,a0ba1379-d964-409b-a1c3-8c0e45c4c859,What is the change in contract assets in 2019?,"| As of December 31, | | 2019 | 2018 | (Dollars in millions) | Prepaid expenses | $274 | 307 Income tax receivable | 35 | 82 Materials, supplies and inventory | 105 | 120 Contract assets | 42 | 52 Contract acquisition costs | 178 | 167 Contract fulfillment costs | 115 | 82 Other | 59 | 108 Total oth",directional_change,increased|decreased|roughly_unchanged|insufficient_data,decreased,committed,,,,,
hqa_TAT_c3934f8d,tatqa,3c51553e-bb48-4a48-954f-768f8421ad28,What is the percentage change in the net assets from 2018 to 2019?,"FINANCIAL PERFORMANCE SUMMARY | 2019 $’000 | 2018 $’000 RESTATED | CHANGE Current assets | 75,460 | 91,457 | (18%) Non-current assets | 150,607 | 147,234 | 2% Total assets | 226,067 | 238,691 | (5%) Current liabilities | 34,555 | 43,336 | (20%) Non-current liabilities | 34,348 | 31,418 | 9% Total li",directional_change,increased|decreased|roughly_unchanged|insufficient_data,decreased,committed,,,,,
hqa_TAT_c3ba4bfa_masked,tatqa,33ec4884-253e-4a19-9f11-4ad93a5f4730,What was the change in  Research and development in 2019 from 2018?,"| | Fiscal | | 2019 | 2018 | 2017 Cost of sales | $4,880 | $4,403 | $3,541 Selling, general and administrative | 28,596 | 25,088 | 23,911 Income tax benefit | (4,946) | (5,073) | (7,073) | $31,520 | $27,665 | $23,352 Stock Compensation Expense The following table shows total stock-based compensation",directional_change,increased|decreased|roughly_unchanged|insufficient_data,insufficient_data,noncommitted,,,,,CONSTRUCTED - verify the masked evidence really cannot answer the question
hqa_TAT_c72d84a6,tatqa,7e85ddf8-6592-4806-bdbb-9260acf151f5,What was the change in the Net investment hedging instruments between 2018 and 2019?,"| July 27, 2019 | July 28, 2018 Derivatives designated as hedging instruments: | | Foreign currency derivatives—cash flow hedges | $663 | $147 Interest rate derivatives | 4,500 | 6,750 Net investment hedging instruments | 309 | 250 Derivatives not designated as hedging instruments: | | Foreign curre",directional_change,increased|decreased|roughly_unchanged|insufficient_data,increased,committed,,,,,
hqa_TAT_c7b86c9c,tatqa,4d2f7ce8-465c-4bb2-a725-cc17db85b6ba,What is the percentage change in other assets from 2018 to 2019?,"| 2019 | 2018 Operating lease assets (1) | $145,711 | $— Indirect tax receivables . | 9,446 | 22,487 Notes receivable (2) | 8,194 | 8,017 Income taxes receivable . | 4,106 | 4,444 Equity method investments (3) . | 2,812 | 3,186 Derivative instruments (4) . | 139 | — Deferred rent . | — | 27,249 Othe",directional_change,increased|decreased|roughly_unchanged|insufficient_data,increased,committed,,,,,
hqa_TAT_c84313c2,tatqa,aae31c71-0f69-4e35-b0eb-bef8531daf6d,What was the percentage change in Foreign currency translation between 2018 and 2019?,"| 2019 | 2018 | 2017 Balance as of January 1, | $151.9 | $142.0 | $144.4 Additions (1) | 42.5 | 15.7 | 11.6 Reversals | — | — | (9.1) Foreign currency translation | (0.2) | (5.8) | (4.9) Balance as of December 31, | $194.2 | $151.9 | $142.0 AMERICAN TOWER CORPORATION AND SUBSIDIARIES NOTES TO CONSOL",directional_change,increased|decreased|roughly_unchanged|insufficient_data,decreased,committed,,,,,
hqa_TAT_c931f255,tatqa,24b3d768-7808-4d07-8c89-9c660244f2e2,What is the change in gross profit from PSG from 2018 to 2019?,"| 2019 | As a % of Segment Revenue (1) | 2018 | As a % of Segment Revenue (1) PSG | $976.0 | 35.0 % | $ 1,110.1 | 36.5 % ASG | 794.8 | 40.3 % | 878.3 | 42.4 % ISG | 275.4 | 36.4 % | 317.1 | 41.2 % Gross profit for all segments | $ 2,046.2 | | $ 2,305.5 | Unallocated manufacturing costs (2) | (72.6) ",directional_change,increased|decreased|roughly_unchanged|insufficient_data,decreased,committed,,,,,
hqa_TAT_c948dafc,tatqa,78d20748-e310-49b9-ac3d-2649d08ccc9d,What was the change in Aggregate purchase price between 2018 and 2019?,"| | For the Year Ended | | January 31, 2020 | February 1, 2019 | February 2, 2018 Aggregate purchase price (1) | $1,334 | $42 | $1,449 Class A common stock repurchased | 7,664 | 286 | 13,977 Weighted-average price per share | $174.02 | $148.07 | $103.66 VMware Stock Repurchases VMware purchases stoc",directional_change,increased|decreased|roughly_unchanged|insufficient_data,decreased,committed,,,,,
hqa_TAT_c9a5b10e,tatqa,78cd4588-d4ac-40ba-9bc7-0382d5f07bbe,What is the change in the Net cash provided by financing activities from 2018 to 2019?,"| Fiscal years ended July 31, | | 2019 | 2018 Net cash provided by operating activities | $116,126 | $140,459 Net cash used in investing activities | $(301,433) | $(537,584) Net cash provided by financing activities | $3,954 | $573,000 Cash Flows Our cash flows from operations are significantly impa",directional_change,increased|decreased|roughly_unchanged|insufficient_data,decreased,committed,,,,,
hqa_TAT_ca209ab2,tatqa,6208cbde-da70-4279-b0cb-9ff7298d5d26,What was the change in Other activity between 2018 and 2019?,"| | Years Ended December 31, | | 2019 | 2018 | 2017 Balance at beginning of period | $11,274 | $17,067 | $18,176 Remediation expense | 2,602 | 1,182 | 307 Remediation payments | (2,455) | (6,967) | (1,416) Other activity (1) | 23 | (8) | — Balance at end of the period | $11,444 | $11,274 | $17,067 N",directional_change,increased|decreased|roughly_unchanged|insufficient_data,increased,committed,,,,,
hqa_TAT_ca90e5d1,tatqa,9c626419-1516-4368-9505-459e8df312e0,What was the percentage change in All other fees in 2019 from 2018?,"| 2019 | 2018 Audit fees (1) | $3,454,348 | $3,589,147 Tax fees (2) | 546,618 | 931,017 All other fees (3) | 1,895 | 1,895 Total | $4,002,861 | $4,522,059 Principal Accounting Fees and Services The following table sets forth fees for services provided by Deloitte & Touche LLP, the member firms of De",directional_change,increased|decreased|roughly_unchanged|insufficient_data,roughly_unchanged,noncommitted,,,,,
hqa_TAT_cade9233,tatqa,fc6bf81b-e827-4b89-b16b-d60e39faeba8,What is the percentage change in the number of outstanding options from 2018 to 2019?,"Options | Number of Options (in Millions) | Weighted Average Exercise Price | Average Remaining Contractual Term (Years) | Aggregate Intrinsic Value (in Millions) Outstanding at May 27, 2018 | 5.1 | $28.11 | | Exercised | (0.6) | $20.75 | | $7.9 Expired | (0.1) | $29.84 | | Outstanding at May 26, 20",directional_change,increased|decreased|roughly_unchanged|insufficient_data,decreased,committed,,,,,
hqa_TAT_cb0dfcf2,tatqa,56c53439-b147-4a94-a09b-7eb409c14560,What is the change in the risk-free interest rate from 2018 to 2019?,"| | YearEnded | | June 30, 2019 | June 24, 2018 | June 25, 2017 Expected volatility | 32.65% | 34.07% | 27.48% Risk-free interest rate | 2.52% | 2.35% | 1.55% Expected term (years) | 2.92 | 2.92 | 2.92 Dividend yield | 2.49% | 1.05% | 1.50% The fair value of the Company’s service-based RSUs was calc",directional_change,increased|decreased|roughly_unchanged|insufficient_data,roughly_unchanged,noncommitted,,,,,
hqa_TAT_cd22a367,tatqa,b9e8b15b-b481-4a31-84ef-d280a9936938,What was the percentage change in net cash provided by financing activities from 2018 to 2019?,"| | Year ended December 31, | | 2018 | 2019 | Change Amounts in thousands of U.S. dollars | | | Net cash provided by operating activities | $283,710 | $317,423 | $33,713 Net cash used in investing activities | (692,999) | (442,978) | 250,021 Net cash provided by financing activities | 368,120 | 50,0",directional_change,increased|decreased|roughly_unchanged|insufficient_data,decreased,committed,,,,,
hqa_TAT_cd290304,tatqa,0022d5ca-8662-4b89-9f84-4512de107a9b,What was the percentage change in total accrued cash distribution from 2018 to 2019?,"| Number of awards | Weighted average contractual life | Aggregate fair value RCUs | | | Outstanding as of January 1, 2018 | 67,475 | 1.38 | 1,429 Granted during the year | 24,608 | — | 576 Vested during the year | (16,999) | — | (410) Outstanding as of December 31, 2018 | 75,084 | 1.25 | 1,595 Gran",directional_change,increased|decreased|roughly_unchanged|insufficient_data,decreased,committed,,,,,
hqa_TAT_cdb6852e,tatqa,4420e261-29fc-4f0e-ad72-7eb7b9942af1,What was the change in accrued purchases from 2018 to 2019?,"| As of December 31, | | 2018 | 2019 Unearned revenue | 38,680 | 48,183 Accrued off-hire | 7,376 | 6,968 Accrued purchases | 18,578 | 9,759 Accrued interest | 38,107 | 36,746 Other accruals | 24,709 | 34,586 Total | 127,450 | 136,242 GasLog Ltd. and its Subsidiaries Notes to the consolidated financi",directional_change,increased|decreased|roughly_unchanged|insufficient_data,decreased,committed,,,,,
hqa_TAT_cdf730eb_masked,tatqa,5d545eb5-d903-45e4-bc01-a68ebbe002b1,What was the percentage change in franking credits between 2018 and 2019?,"| 2019 | 2018 | $’000 | $’000 Dividends paid during the year (net of dividend re-investment) | | 4 cent per share final dividend paid 27 September 2018 – fully franked1 | 7,319 | 3 cent per share final dividend paid 30 September 2017 – fully franked | | 5,175 3 cent per share interim dividend paid 2",directional_change,increased|decreased|roughly_unchanged|insufficient_data,insufficient_data,noncommitted,,,,,CONSTRUCTED - verify the masked evidence really cannot answer the question
hqa_TAT_ce24b148,tatqa,4615941b-7040-49ae-bde8-c76d1dcb8e00,What is the percentage change in the company's goodwill between 2017 and 2018?,"| | December 31. | | | (in thousands) | 2019 | 2018 | 2017 | 2016 | 2015 Consolidated Balance Sheet Data (2) (3): | | | | | Total cash, cash equivalents, and marketable securities | $68,363 | $207,423 | $223,748 | $133,761 | $219,078 Goodwill | $79,039 | $72,858 | $72,952 | $73,164 | $46,776 Total a",directional_change,increased|decreased|roughly_unchanged|insufficient_data,roughly_unchanged,noncommitted,,,,,
hqa_TAT_ce2bd429,tatqa,4146201c-b1e4-45a1-82e9-32d6cc0e3a8b,What was the percentage change in the total income tax expense between 2018 and 2019?,"| | Fiscal Year Ended August 31, | | 2019 | 2018 | 2017 Current: | | | Domestic–federal | $(23,675) | $69,080 | $2,436 Domestic–state | 1,383 | 134 | 12 Foreign | 175,993 | 178,790 | 188,872 Total current | 153,701 | 248,004 | 191,320 Deferred: | | | Domestic–federal | (8,000) | (24,342) | 253 Domes",directional_change,increased|decreased|roughly_unchanged|insufficient_data,decreased,committed,,,,,
hqa_TAT_ce9bba62,tatqa,bf166a50-d7ab-40a1-96ef-7e16fcca75f6,What was the change in the Additions based on tax positions of prior year between 2017 and 2018?,"| | Year Ended December 31, | | 2019 | 2018 | 2017 Beginning balance | $2,801 | $1,973 | $681 Additions based on tax positions of the current year | 718 | 857 | 718 Additions based on tax positions of prior year | 18 | 147 | 373 Decreases based on tax positions of prior year | (253) | — | — Addition",directional_change,increased|decreased|roughly_unchanged|insufficient_data,decreased,committed,,,,,
hqa_TAT_cf29d2a8,tatqa,cc456f0d-b32b-4149-a7c7-60f33e9e8047,What was the change in equities from 2018 to 2019?,"Combined pensions schemes (£m) | 30 March 2019 | 31 March 2018 Assets | | Equities | 179.5 | 296.5 Government bonds | 1,490.4 | 1,046.4 Corporate bonds | 26.9 | 20.7 Property | 436.5 | 391.0 Absolute return products | 1,141.2 | 1,323.3 Cash | 38.1 | 32.4 Infrastructure funds | 256.1 | 254.6 Swaps | ",directional_change,increased|decreased|roughly_unchanged|insufficient_data,decreased,committed,,,,,
hqa_TAT_cf323f1c,tatqa,536f0fb9-3532-427b-bd82-a55d5e49e9bd,What was the percentage change in the high closing price between the third and fourth quarter in 2019?,"COMMON STOCK PRICES | | | | 2019 | First Quarter | Second Quarter | Third Quarter | Fourth Quarter High | $15.40 | $17.81 | $16.40 | $11.59 Low | $10.49 | $13.76 | $ 9.92 | $ 8.09 Market for Registrant’s Common Equity, Related Stockholder Matters and Issuer Purchases of Equity Securities ADTRAN’s co",directional_change,increased|decreased|roughly_unchanged|insufficient_data,decreased,committed,,,,,
hqa_TAT_d162ce5b,tatqa,4512f332-f703-4af4-ac40-594f459f6d8d,What was the change in the Risk-free interest rate from 2018 to 2019?,"| | Year ended March 31, | | 2019 | 2018 | 2017 Expected term (in years) | 6.1 | 6.1 | 6.1 Risk-free interest rate | 2.7% | 2.2% | 2.1% Expected volatility | 41.5% | 39.8% | 41.0% Expected dividend yield | —% | —% | —% Estimated grant date fair value per ordinary share | $37.15 | $26.52 | $20.22 Sha",directional_change,increased|decreased|roughly_unchanged|insufficient_data,increased,committed,,,,,
hqa_TAT_d19fa88f_masked,tatqa,400c5b71-626c-44a7-965f-4d13586e00b8,What was the percentage change in Dell subsidiary support and administrative costs between 2019 and 2020?,"| | For the Year Ended | | January 31, 2020 | February 1, 2019 | February 2, 2018 Purchases and leases of products and purchases of services(1) | $242 | $200 | $142 Information about VMware’s payments for such arrangements during the periods presented consisted of the following (table in millions): ",directional_change,increased|decreased|roughly_unchanged|insufficient_data,insufficient_data,noncommitted,,,,,CONSTRUCTED - verify the masked evidence really cannot answer the question
hqa_TAT_d1a7485f,tatqa,dee864ff-586a-4911-ab64-c8a9e42e5487,What was the change in Net cash provided by (used in) operating activities between 2018 and 2019?,"| Years Ended December 31, | | 2019 | 2018 Net cash provided by (used in) operating activities from continuing operations | $47,899 | $151,427 Net cash provided by (used in) operating activities from discontinued operations | 493 | (156) Net cash provided by (used in) operating activities | 48,392 |",directional_change,increased|decreased|roughly_unchanged|insufficient_data,decreased,committed,,,,,
hqa_TAT_d223a6ae,tatqa,5d6dbcb8-79c5-4d7f-bba6-ec5bf3ff6da7,What was the change in Foreign in 2019 from 2018?,"| | Years Ended December31, | | 2019 | 2018 | 2017 Domestic (U.S., state and local) | $38,672 | $6,971 | $9,662 Foreign | 47,251 | 49,946 | 71,645 | $85,923 | $56,917 | $81,307 Note 20. Income Taxes The Company’s income before income taxes consisted of the following (in thousands):",directional_change,increased|decreased|roughly_unchanged|insufficient_data,decreased,committed,,,,,
hqa_TAT_d23b12a4,tatqa,e40c7e5e-a590-4501-910e-0e114af611c6,"What was the percentage change in net revenue between the three months ended November 30, 2017 and February 28, 2018?","| | | Fiscal Year 2018 | | | | Three Months Ended | (in thousands, except for per share data) | August 31, 2018 | May 31, 2018 | February 28, 2018 | November 30, 2017 Net revenue | $5,771,831 | $5,436,952 | $5,301,101 | $5,585,532 Gross profit(4) | 442,147 | 398,227 | 397,133 | 469,285 Operating inc",directional_change,increased|decreased|roughly_unchanged|insufficient_data,decreased,committed,,,,,
hqa_TAT_d24aae82_masked,tatqa,058d94f1-d1c9-4bc6-b570-22db3be6fe71,What is the change in total revenue from 2018 to 2019?,"| Year ended December 31, | (EUR thousand) | 2018 | 2019 Equipment revenue | 631,504 | 1,068,645 Spares & service revenue | 186,577 | 215,215 Revenue stream The Company generates revenue primarily from the sales of equipment and sales of spares & service. The products and services described by natur",directional_change,increased|decreased|roughly_unchanged|insufficient_data,insufficient_data,noncommitted,,,,,CONSTRUCTED - verify the masked evidence really cannot answer the question
hqa_TAT_d432ae16,tatqa,d8d70cda-1212-4874-8180-e99a1c971d01,What is the percentage change in the net loss at effective tax rates from 2018 to 2019?,"| 2019 | 2018 Net taxable (loss) at effective tax rates | $(2,508) | $(1,567) Stock compensation expense | 119 | 358 Amortization of debt discount | 94 | 10 Impairment of goodwill | - | 519 Other | (223) | (153) Valuation allowance | 2,518 | 833 Income tax expense | $- | $- 13. INCOME TAXES The Comp",directional_change,increased|decreased|roughly_unchanged|insufficient_data,increased,committed,,,,,
hqa_TAT_d4412065,tatqa,8fb16496-4bed-4e19-b230-a83de9ee6a59,What is the average annual growth rate of Carrying value for Food Care for years 2017-2019?,"(In millions) | Food Care | Product Care | Total Gross Carrying Value at December 31, 2017 | $ 576.5 | $ 1,554.1 | $ 2,130.6 Accumulated impairment | (49.6 ) | (141.2) | (190.8) Carrying Value at December 31, 2017 | $ 526.9 | $ 1,412.9 | $ 1,939.8 Acquisition, purchase price and other adjustments | ",directional_change,increased|decreased|roughly_unchanged|insufficient_data,roughly_unchanged,noncommitted,,,,,
hqa_TAT_d4bcca8a_masked,tatqa,af742fab-b68a-43ac-bb2b-77ef9f2fdbdf,What is the change between 2017-2018 and 2018-2019 average income tax expense?,"| 2019 €m | 2018 €m | 2017 €m Continuing (loss)/profit before tax as shown in the consolidated income statement | (2,613) | 3,878 | 2,792 Aggregated expected income tax (credit)/expense | (457) | 985 | 795 Impairment losses with no tax effect | 807 | – | – Disposal of Group investments | – | 55 | (2",directional_change,increased|decreased|roughly_unchanged|insufficient_data,insufficient_data,noncommitted,,,,,CONSTRUCTED - verify the masked evidence really cannot answer the question
hqa_TAT_d4c9a42b,tatqa,ef8cf420-1d02-4977-b362-080baf6d7849,What is the change in Global Enterprise value from 2018 to 2019?,"| | | (dollars in millions) Increase/ (Decrease) | Years Ended December 31, | 2019 | 2018 | 2019 vs. 2018 | Global Enterprise | $ 10,818 | $ 11,201 | $ (383) | (3.4)% Small and Medium Business | 11,464 | 10,752 | 712 | 6.6 Public Sector and Other | 5,922 | 5,833 | 89 | 1.5 Wholesale | 3,239 | 3,748 ",directional_change,increased|decreased|roughly_unchanged|insufficient_data,decreased,committed,,,,,
hqa_TAT_d510edb9,tatqa,d5cd8f7d-fadd-4640-bcda-53a99b9b11f6,What was the percentage change in accrued expenses between 2018 and 2019?,"| August 31, 2019 | August 31, 2018 Contract liabilities | $511,329 | $— Deferred income | — | 691,365 Accrued compensation and employee benefits | 600,907 | 570,400 Obligation associated with securitization programs | 475,251 | — Other accrued expenses | 1,402,657 | 1,000,979 Accrued expenses | $2,",directional_change,increased|decreased|roughly_unchanged|insufficient_data,increased,committed,,,,,
hqa_TAT_d518cad3,tatqa,4e36e46a-ff8f-4b4d-8175-6ba7397355dd,What was the change in interest rate between 2018 and 2019?,"| | Years Ended December 31, | | 2019 | 2018 | 2017 Expected life (years) | 2.8 | 2.9 | 2.9 Interest rate | 2.5% | 2.4% | 1.5% Volatility | 29.3% | 28.0% | 26.5% Expected dividend yield | — | — | — Total Shareholder Return Awards During the years ended December 31, 2019, 2018, and 2017, pursuant to ",directional_change,increased|decreased|roughly_unchanged|insufficient_data,roughly_unchanged,noncommitted,,,,,
hqa_TAT_d51a7a08,tatqa,4d912643-e3c3-4e9b-a327-7017e05867e1,"What is the change in the Japanese Yen Buy position from December 31, 2018 to 2019?","| | As of December 31, | | | 2019 | | 2018 | | Buy (Sell) | Notional Amount | Buy (Sell) | Notional Amount Japanese Yen | $49.8 | $49.8 | $29.9 | $29.9 Philippine Peso | 36.4 | 36.4 | 30.1 | 30.1 Malaysian Ringgit | 20.4 | 20.4 | — | — Chinese Yuan | 20.2 | 20.2 | 20.4 | 20.4 Korean Won | 18.1 | 18.",directional_change,increased|decreased|roughly_unchanged|insufficient_data,increased,committed,,,,,
hqa_TAT_d65a476a,tatqa,d15bfdee-af1e-4fcc-83c6-2920ee92284b,What was the change in product development between 2018 and 2019?,"| | For the Years Ended December 31, | | 2019 | 2018 | 2017 Cost of revenues—product sales: Software royalties, amortization, and intellectual property licenses | $19 | $13 | $10 Cost of revenues—subscription, licensing, and other revenues: Game Operations and Distribution Costs | 1 | 2 | 1 Cost of ",directional_change,increased|decreased|roughly_unchanged|insufficient_data,decreased,committed,,,,,
hqa_TAT_d73d538e_masked,tatqa,8108ff79-cb6d-4be4-9959-1b0f56dff72a,What was the change in balance at the end of period between 2018 and 2019?,"| | Years Ended December 31, | | 2019 | 2018 | 2017 Provision increase | -2,561 | -1,505 | -2,086 Amounts written off, net of recoveries | 1,368 | 2,269 | 1,305 Foreign currency translation adjustments and other | -44 | 123 | -145 The Company maintains a general allowance for doubtful accounts based",directional_change,increased|decreased|roughly_unchanged|insufficient_data,insufficient_data,noncommitted,,,,,CONSTRUCTED - verify the masked evidence really cannot answer the question
hqa_TAT_d794c9ef,tatqa,6ca1b744-a65d-470c-98ed-ddab564e503b,What was the change in the outstanding from 2018 to 2019?,"| Number of Shares | Weighted-Average Grant-Date | (in thousands) | Fair Value per Share Outstanding at December 31, 2018 | — | $— Granted(1) | 445 | 22.21 Outstanding at December 31, 2019 | 445 | 22.21 Performance-Based Restricted Stock Units Performance-based restricted stock units are eligible to",directional_change,increased|decreased|roughly_unchanged|insufficient_data,increased,committed,,,,,
hqa_TAT_d7cfc20a,tatqa,012382e4-f242-48dd-992a-1df88c29004d,"What was the change in the gross Total property, plant and equipment held under capital leases between 2018 and 2019?","| 2019 | 2018 Buildings and improvements | $23,717 | $23,717 Machinery and equipment | 12,293 | 10,995 Capital assets in progress | 11,831 | 7,747 Total property, plant and equipment held under capital leases, gross | 47,841 | 42,459 Less: accumulated amortization | (8,762) | (6,123) Total property,",directional_change,increased|decreased|roughly_unchanged|insufficient_data,increased,committed,,,,,
hqa_TAT_d882cb57,tatqa,904679f4-77f5-4575-975a-2b7b18eedbcf,What is the percentage change in the total number of shares in 2019?,"| | 2019 | | 2018 | | NOTE | NUMBER OF SHARES | STATED CAPITAL | NUMBER OF SHARES | STATED CAPITAL Outstanding, January 1 | | 898,200,415 | 20,036 | 900,996,640 | 20,091 Shares issued for the acquisition of AlarmForce | 34 | – | – | 22,531 | 1 Shares issued under employee stock option plan | 28 | 4,",directional_change,increased|decreased|roughly_unchanged|insufficient_data,roughly_unchanged,noncommitted,,,,,
hqa_TAT_d8c5f9a6,tatqa,4f56b2be-5f84-4475-8156-f25c6942df43,What is the change in expected dividend yield between 2018 and 2019?,| 2019 | 2018 | F19 LTI | F18 LTI Grant date (1) | 30 Nov 2018 | 31 Oct 2017 Performance period start date | 1 Jul 2018 | 1 Jul 2017 Exercise date | 1 Jul 2021 | 1 Jul 2020 Expected volatility (2) | 15.0% | 16.0% Expected dividend yield | 4.0% | 4.0% Risk-free interest rate | 2.1% | 1.9% Weighted av,directional_change,increased|decreased|roughly_unchanged|insufficient_data,roughly_unchanged,noncommitted,,,,,
hqa_TAT_d8d4e2b1,tatqa,302bc3e1-100e-4f90-a791-05ffd6e5b2ae,What was the percentage change in total long-term debt between 2018 and 2019?,"| March 31, | | 2019 | 2018 Term Loan Credit Agreement (1) | $— | $318,782 TOKIN Term Loan Facility (2) | 276,808 | — Customer Advances (3) | 11,270 | — Other, net (4) | 6,393 | 5,841 Total debt | 294,471 | 324,623 Current maturities | (28,430) | (20,540) Total long-term debt | $266,041 | $304,083 N",directional_change,increased|decreased|roughly_unchanged|insufficient_data,decreased,committed,,,,,
hqa_TAT_d92360c9,tatqa,2290ec3f-64e7-41f2-8d24-f59e25c1e7aa,What was the change in administrative expense between 2018 and 2019?,"(in thousands of $) | 2019 | 2018 Vessel operating and drydocking expenses | (24,457) | (24,041) Administrative expenses | (11,713) | (11,042) Interest expense | (44,150) | (97,688) Current tax payable | (720) | (463) | (81,040) | (133,234) 19. ACCRUED EXPENSES Vessel operating and drydocking expens",directional_change,increased|decreased|roughly_unchanged|insufficient_data,decreased,committed,,,,,
hqa_TAT_d9255893,tatqa,0f091ef5-c70b-42d2-81ad-54692593ebdc,What was the change in Basic weighted average shares outstanding between 2017 and 2018?,"| | Years Ended December 31, | | 2019 | 2018 | 2017 Weighted average shares outstanding: | | | Basic weighted average shares outstanding | 116,175 | 116,057 | 118,059 Add: Dilutive effect of stock options, RSUs, and contingently issuable | | | shares | 2,396 | 1,575 | 1,385 Diluted weighted average ",directional_change,increased|decreased|roughly_unchanged|insufficient_data,decreased,committed,,,,,
hqa_TAT_d927ce2f,tatqa,91c87f4f-db59-41f6-912d-2e7bb3d2559a,What was the percentage change in net income between 2018 and 2019?,"Years Ended | July 27, 2019 | July 28, 2018 | July 29, 2017 Net income . | $11,621 | $110 | $9,609 Weighted-average shares—basic | 4,419 | 4,837 | 5,010 Effect of dilutive potential common shares | 34 | 44 | 39 Weighted-average shares—diluted . | 4,453 | 4,881 | 5,049 Net income per share—basic . | ",directional_change,increased|decreased|roughly_unchanged|insufficient_data,increased,committed,,,,,
hqa_TAT_d9402110,tatqa,b55b63cb-6af7-4827-8967-666050714051,What was the percentage change in the amount of Land from 2018 to 2019?,"| 2019 | 2018 | (in thousands) | Land | $16,561 | $16,561 Buildings | 107,282 | 105,935 Machinery, equipment and software | 834,970 | 752,722 Furniture and fixtures | 29,157 | 27,432 Leasehold improvements | 59,378 | 52,536 Construction in progress | 2,537 | 6,276 | 1,049,885 | 961,462 Less: accumul",directional_change,increased|decreased|roughly_unchanged|insufficient_data,roughly_unchanged,noncommitted,,,,,
hqa_TAT_d9d9794f,tatqa,cb315ad8-5e26-40c6-8279-3ecd8f26c14d,What was the change in the gross profit between the first and second quarter?,"2019 | First Quarter | Second Quarter | Third Quarter | Fourth Quarter | Total Net sales | $765,544 | $789,051 | $799,644 | $810,195 | $3,164,434 Gross profit | 72,383 | 70,636 | 71,030 | 77,789 | 291,838 Net income (2,3,4) | 22,226 | 24,758 | 24,801 | 36,831 | 108,616 Earnings per share (1): | | | ",directional_change,increased|decreased|roughly_unchanged|insufficient_data,decreased,committed,,,,,
hqa_TAT_da0aaf09,tatqa,9b2184e2-5903-4a07-a207-7007e290555d,What was the percentage change in the number of PSUs outstanding at the end of the year in 2019 from 2018?,"| Year-ended 31 March 2019 | | Year-ended 31 March 2018 | | Number | WASP | Number | WASP Performance share units | 000’s | £ pence | 000’s | £ pence Outstanding at the start of the year | 7,546 | 269.65 | 6,024 | 219.41 Awarded | 1,721 | 506.74 | 1,719 | 440.50 Forfeited | (2,234) | 414.51 | (197) ",directional_change,increased|decreased|roughly_unchanged|insufficient_data,decreased,committed,,,,,
hqa_TAT_da1f0171_masked,tatqa,c22aae5b-2b1a-4739-883c-a004fb3aef30,What is the percentage change of Net deferred tax assets from 2018 to 2019?,"| December 31, | (In millions) | 2019 | 2018 Accruals not yet deductible for tax purposes | $ 17.4 | $ 17.5 Net operating loss carryforwards | 245.9 | 265.5 Foreign, federal and state credits | 8.4 | 10.4 Employee benefit items | 79.5 | 77.0 Capitalized expenses | 32.2 | 8.9 Intangibles | 21.8 | — D",directional_change,increased|decreased|roughly_unchanged|insufficient_data,insufficient_data,noncommitted,,,,,CONSTRUCTED - verify the masked evidence really cannot answer the question
hqa_TAT_da7e9d68,tatqa,e8081829-6e41-474c-852b-f4b01d5b94f1,What was the percentage change in operating profit under Networks & Security?,"$ million | 2019 | Adjusted operating margin 1, 2 % | 2018 | Adjusted operating margin 1, 2 % Networks & Security | 73.9 | 23.1 | 56.4 | 19.8 Lifecycle Service Assurance | 18.1 | 16.3 | 17.4 | 15.4 Connected Devices | 9.5 | 13.1 | 10.5 | 13.3 Corporate | (8.6) | | (7.2) | Adjusted operating profit1 ",directional_change,increased|decreased|roughly_unchanged|insufficient_data,increased,committed,,,,,
hqa_TAT_da8e5bf2,tatqa,2d346f34-2f7c-4031-b63f-670c1a74d898,What was the change in the Transfers to developed technology from IPR&D from 2018 to 2019?,"Years Ended December 31, | | | 2019 | 2018 (in thousands) | | Beginning balance | $4,400 | $4,400 Transfers to developed technology from IPR&D | (4,400) | — Ending balance | $— | $4,400 Indefinite-lived Intangible Assets Indefinite-lived intangible assets consist entirely of acquired in-process rese",directional_change,increased|decreased|roughly_unchanged|insufficient_data,decreased,committed,,,,,
hqa_TAT_dad300c0,tatqa,a28811ec-af9f-4f09-bb8e-1d85c2b6b005,What was the change in the Charge for taxation on profit  for the year in 2019 from 2018?,| Year-ended 31 March 2019 | Year-ended 31 March 2018 Restated See note 2 | $M | $M Profit / (loss) for the year before taxation | 53.6 | (41.0) Loss for the year before taxation multiplied by the standard rate of corporation tax in the UK of 19% (2018: 19%) | 10.2 | (7.7) Effects of: | | Adjustment,directional_change,increased|decreased|roughly_unchanged|insufficient_data,increased,committed,,,,,
hqa_TAT_dadc49d1,tatqa,92e72397-110a-43de-8b4c-5a9b6836c4e8,What was the change in Unvested RSUs and restricted stock outstanding between 2018 and 2019?,"(In thousands, except per share amounts) | Number of Shares | Weighted Average Grant Date Fair Value Unvested PSUs, RSUs and restricted stock outstanding, December 31, 2018 | 1,570 | $18.52 PSUs, RSUs and restricted stock granted | 897 | $9.63 PSUs, RSUs and restricted stock vested | (368) | $17.23 ",directional_change,increased|decreased|roughly_unchanged|insufficient_data,increased,committed,,,,,
hqa_TAT_db1ed70b,tatqa,8cf54933-039c-41e8-9355-1f49ffdfecd5,What was the absolute percentage change in the discount rate from 2018 to 2019?,| Weighted-average assumptions used to define the benefit obligations | | 2019 | 2018 | % | % Rate of increase in salaries | 2.4 | 2.7 Rate of increase in pensions | 2.8 | 2.9 Rate of price inflation | 2.9 | 3.2 Discount rate | 2.1 | 2.7 7 Employee benefits Pension plans The Company is accounting fo,directional_change,increased|decreased|roughly_unchanged|insufficient_data,decreased,committed,,,,,
hqa_TAT_dba85d5e_masked,tatqa,b5148e68-ed52-425a-94f0-5558371f21be,What is the percentage change in the income tax expense from 2018 to 2019?,"Year Ended | Balance at Beginning of Year | Income Tax Expense (Benefit) | Reversal for State NOL Expiration and Utilization | Balance at End of Year September 30, 2017 | 322,404 | (32,154) | (131,096) | 159,154 The valuation allowance activity for the years ended September 30, 2019, 2018, and 2017 ",directional_change,increased|decreased|roughly_unchanged|insufficient_data,insufficient_data,noncommitted,,,,,CONSTRUCTED - verify the masked evidence really cannot answer the question
hqa_TAT_dbbc1ebd,tatqa,ede49bad-0778-472d-9628-e3fa7bbefb03,What was the change in total contractual obligations between 1 Year and 2 to 3 Year periods?,"Contractual Obligations | 1 Year | 2 to 3 Years | 4 to 5 Years | More Than 5 Years | Total Debt: | | | | | Principal payments | $— | $63,000 | $— | $— | $63,000 Interest payments1 | 2,206 | 3,876 | — | — | 6,082 Unused line fee payments | 126 | 222 | — | — | 348 Operating lease commitments | 9,818 |",directional_change,increased|decreased|roughly_unchanged|insufficient_data,increased,committed,,,,,
hqa_TAT_dc419d60,tatqa,f1fe4be4-43ed-4513-addc-4a430ff0ef88,"What is the change in Non deductible expenses between December 31, 2018 and 2019?","| Year ended December 31, | | 2019 | 2018 Federal statutory tax rate | 21.0% | 21.0% State taxes | (4.5) | 4.4 Non deductible expenses | (0.3) | (0.6) Tax credits | 4.0 | 4.6 Expired tax credit | (1.3) | (3.9) Deferred tax adjustment | (4.8) | — Stock based compensation | 1.9 | 0.8 Valuation allowan",directional_change,increased|decreased|roughly_unchanged|insufficient_data,roughly_unchanged,noncommitted,,,,,
hqa_TAT_dc508ab6_masked,tatqa,7db1e2d1-9004-46de-9b80-b39b6c149c2f,What is the percentage change in goodwill from 2018 to 2019?,"| Year Ended December 31, | (In thousands) | 2019 | 2018 Additions | 157,121 | 6,215 Acquisition adjustments | — | (901 ) Effect of currency translation adjustment | 305 | — 1. Goodwill and Other Intangible Assets The changes in the carrying amount of goodwill for the years ended December 31, 2019 a",directional_change,increased|decreased|roughly_unchanged|insufficient_data,insufficient_data,noncommitted,,,,,CONSTRUCTED - verify the masked evidence really cannot answer the question
hqa_TAT_dc7bfca3,tatqa,d870556c-dee7-4581-ad33-1eec25491084,What was the change in Computer hardware and software between 2018 and 2019?,"| 2019 | 2018 Land, buildings and improvements | $289,051 | $267,809 Machinery and equipment | 381,656 | 364,034 Computer hardware and software | 136,227 | 130,645 Capital assets in progress | 49,599 | 38,469 Total property, plant and equipment, gross | 856,533 | 800,957 Less: accumulated depreciati",directional_change,increased|decreased|roughly_unchanged|insufficient_data,increased,committed,,,,,
hqa_TAT_dc9dcbec,tatqa,141f94b0-43cc-431b-a9c9-dc5da4fed8b4,"What is the change in property and equipment, net cost in 2019 and 2018?","| December 31 | | 2019 | 2018 Office equipment | $ 38,373 | $ 39,633 Furniture and fixtures | 5,017 | 4,610 Leasehold improvement | 23,534 | 19,430 Property and equipment, gross | 66,924 | 63,673 Less accumulated depreciation | (44,199 ) | (49,355 ) Property and equipment, net | $ 22,725 | $ 14,318 ",directional_change,increased|decreased|roughly_unchanged|insufficient_data,increased,committed,,,,,
hqa_TAT_dec21843,tatqa,dfea42d6-63ce-4478-a53f-0de5a77dceca,What was the change in Other taxes in 2018/2019 from 2017/2018?,"€ million | 2017/2018 | 2018/2019 Other taxes | 79 | 79 thereof from cost of sales | (1) | (1) thereof from selling expenses | (65) | (62) thereof from general administrative expenses | (13) | (16) 18. Other taxes The other taxes (for example property tax, motor vehicle tax, excise tax and transacti",directional_change,increased|decreased|roughly_unchanged|insufficient_data,roughly_unchanged,noncommitted,,,,,
hqa_TAT_df2b4702,tatqa,4589c0f1-2bc1-45f5-8a36-5331b86e4fcd,What is the change in the value of land between 2018 and 2019?,"| | December 31, | 2019 | 2018 Land | $ 1,565 | $ 1,747 Buildings and improvements | 17,332 | 17,520 Machinery and equipment | 30,670 | 29,692 Vehicles | 778 | 937 Office equipment | 851 | 838 Construction in process | 362 | 546 | 51,558 | 51,280 Less accumulated depreciation | (29,284 ) | (26,707 )",directional_change,increased|decreased|roughly_unchanged|insufficient_data,decreased,committed,,,,,
hqa_TAT_df679756,tatqa,644661d6-3a63-4d4f-bbec-aed9de63ff2e,What was the change in Other current liabilities from 2018 to 2019?,"| Fiscal year-end | | 2019 | 2018 Total deferred compensation liability, included in: | | Other current liabilities | $3,233 | $844 Other long-term liabilities | 39,715 | 40,895 Total deferred compensation liability | $42,948 | $41,739 Deferred Compensation Plans Under our deferred compensation plan",directional_change,increased|decreased|roughly_unchanged|insufficient_data,increased,committed,,,,,
hqa_TAT_dfe17cf7_masked,tatqa,e56336fd-c8ce-47e6-aa96-a338b2d8aac3,What was the percentage change in deferred tax asset in 2019 from 2018?,"| 2019 | 2018 | £m | £m Amounts owed by Group undertakings | 414.7 | 439.9 Total | 415.9 | 440.7 4. Debtors Amounts owed by Group undertakings are non-interest-bearing, unsecured and have no fixed date of repayment.",directional_change,increased|decreased|roughly_unchanged|insufficient_data,insufficient_data,noncommitted,,,,,CONSTRUCTED - verify the masked evidence really cannot answer the question
hqa_TAT_e011ef65,tatqa,7ac94c89-6780-4c7d-be4b-ae50be37146f,What was the percentage change in Short-term investments in 2019 from 2018?,"| Fiscal | | 2019 | 2018 Cash and cash equivalents | $305,833 | $310,495 Short-term investments | 120 | 120 Working capital | 854,507 | 865,664 Additional sources of cash available to us were international currency lines of credit and bank credit facilities totaling $26.0 million as of September 28,",directional_change,increased|decreased|roughly_unchanged|insufficient_data,roughly_unchanged,noncommitted,,,,,
hqa_TAT_e068b4e5_masked,tatqa,98233a9f-6710-4f3c-bb69-057f83d7932d,What was the change in Sales in FY2019 from FY2018?,"€ million | 2017/2018 | 2018/2019 Expenses | −2,563 | −2,736 Current earnings from discontinued operations before taxes | 117 | 165 Income taxes on gains/losses on the current result | −29 | −43 Current earnings from discontinued operations after taxes | 88 | 122 Gains/losses from the remeasurement ",directional_change,increased|decreased|roughly_unchanged|insufficient_data,insufficient_data,noncommitted,,,,,CONSTRUCTED - verify the masked evidence really cannot answer the question
hqa_TAT_e08a5bc7,tatqa,71daff39-55d5-4272-beaf-2902ab34c11f,What was the percentage change in the amount of total dividends paid in 2019 from 2018?,| 2019 | 2018 | £m | £m Amounts paid in the year: | | Final dividend for the year ended 31st December 2018 of 71.0p (2017: 62.0p) per share | 52.3 | 45.7 Interim dividend for the year ended 31st December 2019 of 32.0p (2018: 29.0p) per share | 23.6 | 21.3 Total dividends paid | 75.9 | 67.0 Amounts a,directional_change,increased|decreased|roughly_unchanged|insufficient_data,increased,committed,,,,,
hqa_TAT_e0b25048,tatqa,6bc3389a-4c64-48fb-82a2-a9e81363e4ec,What was the change in the international net property and equipment between 2019 and 2020?,"| January 1, 2020 | February 1, 2019 United States | $860 | $849 International | 209 | 113 Total | $1,069 | $962 Long-lived assets by geographic area, which primarily include property and equipment, net, as of the periods presented were as follows (table in millions): No individual country other tha",directional_change,increased|decreased|roughly_unchanged|insufficient_data,increased,committed,,,,,
hqa_TAT_e1e7bef4,tatqa,9cb6ead8-72bc-4a20-ab27-9c07c5368759,What was the percentage change in interest income between 2018 and 2019?,"| | Year Ended December 31, | | 2019 | 2018 | 2017 | | (in thousands) | Interest income | $8,178 | $7,796 | $2,951 Interest expense | (21,559) | (28,176) | (14,762) Other, net | 84 | (3,098) | 1,478 Other expense, net | $(13,297) | $(23,478) | $(10,333) Other Income (Expense) Interest income in 2019",directional_change,increased|decreased|roughly_unchanged|insufficient_data,increased,committed,,,,,
hqa_TAT_e244a6ae,tatqa,41531634-cbb0-42c8-b4b2-01d828450823,What is the change in total income tax expense between 2019 and 2018?,"| December 27, 2019 | December 28, 2018 | December 29, 2017 Current income tax expense: | | | Federal | $4,003 | $2,945 | $3,342 State | 2,144 | 1,943 | 1,403 Total current income tax expense | 6,147 | 4,888 | 4,745 Deferred income tax expense (benefit): | | | Federal | 1,617 | 2,363 | (1,059) Forei",directional_change,increased|decreased|roughly_unchanged|insufficient_data,increased,committed,,,,,
hqa_TAT_e28d3731_masked,tatqa,d4d9632c-1c24-49c6-b038-c01ef479916e,What is the percentage change in the number of forfeited shares during the period from 2018 to 2019?,"| 2019 NUMBER | 2018 NUMBER Granted during the period | - | - Exercised during the period | - | - 5.2 Employee share plans (continued) FY2019, FY2018 & FY2017 offer under LTI Plan Each LTI Plan share is offered subject to the achievement of the performance measure, which is tested once at the end of",directional_change,increased|decreased|roughly_unchanged|insufficient_data,insufficient_data,noncommitted,,,,,CONSTRUCTED - verify the masked evidence really cannot answer the question
hqa_TAT_e3e6cc0b,tatqa,4bd291d5-eaaf-4d76-b45f-3a3bd39c925e,What is the percentage change in provisions (benefit) for state and local income taxes between 2018 and 2019?,"| For the Years Ended December 31, | | 2019 | 2018 Current: | | Federal | $ (27) | $ (13 ) State and local | 276 | 249 Total current | 249 | 236 Deferred | 533 | (461) Provision (benefit) for income taxes | $ 782 | $ (225) Note 10 – Income taxes The provision (benefit) for income taxes consists of t",directional_change,increased|decreased|roughly_unchanged|insufficient_data,increased,committed,,,,,
hqa_TAT_e44364d7,tatqa,0fb42178-5213-4038-b760-a2d78be4a94b,What was the change in Short-term investments in 2019 from 2018?,"| Fiscal | | 2019 | 2018 Cash and cash equivalents | $305,833 | $310,495 Short-term investments | 120 | 120 Working capital | 854,507 | 865,664 Additional sources of cash available to us were international currency lines of credit and bank credit facilities totaling $26.0 million as of September 28,",directional_change,increased|decreased|roughly_unchanged|insufficient_data,roughly_unchanged,noncommitted,,,,,
hqa_TAT_e477d98d,tatqa,dfd4d6c9-dfdd-413f-85bf-6d1173a77908,What is the percentage change in the end-of-year valuation allowance from 2018 to 2019?,"Year Ended | Balance at Beginning of Year | Income Tax Expense (Benefit) | Reversal for State NOL Expiration and Utilization | Balance at End of Year September 30, 2019 | $104,858 | $10,448 | $(68,292) | $47,014 September 30, 2018 | 159,154 | 79,377 | (133,673) | 104,858 September 30, 2017 | 322,404",directional_change,increased|decreased|roughly_unchanged|insufficient_data,decreased,committed,,,,,
hqa_TAT_e47dac52,tatqa,ce148a96-8b96-4cbb-b869-a0dbd88b65a7,"What is the percentage change in outstanding RSUs between December 31, 2016 and December 31, 2017?","| Number of RSUs Outstanding (in thousands) | Weighted- Average Grant Date Fair Value Per Share | Aggregate Intrinsic Value (in thousands) Outstanding at December 31, 2016 | 3,554 | $18.01 | $73,261 Granted | 3,005 | 30.20 | Released | (1,680) | 19.54 | Canceled/Forfeited | (598) | 20.91 | Outstandi",directional_change,increased|decreased|roughly_unchanged|insufficient_data,increased,committed,,,,,
hqa_TAT_e49cbfb5,tatqa,a34b8922-c831-4a4a-bd0d-44bdd6b43921,What was the percentage change in net cash from financing activities between 2018 and 2019?,"| Years Ended December 31, | | 2019 | 2018 Net cash provided by (used in): | | Operating activities | $137,649 | $183,932 Investing activities | -830,481 | -45,360 Financing activities | 667,223 | -57,704 Cash Flows The following table sets forth summary cash flow data for the periods indicated (in ",directional_change,increased|decreased|roughly_unchanged|insufficient_data,increased,committed,,,,,
hqa_TAT_e507cb0c,tatqa,ec0c776a-bf99-458c-bb9a-414569e33dd8,What was the change in balance as of December 31 between 2018 and 2019?,"| 2019 | 2018 Beginning balance as of January 1, | $1,210.0 | $1,175.3 Additions | 61.8 | 39.6 Accretion expense | 81.6 | 83.6 Revisions in estimates (1) | 56.8 | (81.5) Settlements | (26.1) | (7.0) Balance as of December 31, | $1,384.1 | $1,210.0 AMERICAN TOWER CORPORATION AND SUBSIDIARIES NOTES TO",directional_change,increased|decreased|roughly_unchanged|insufficient_data,increased,committed,,,,,
hqa_TAT_e5198481,tatqa,c06fc8c8-923a-4af3-82d1-d82409493cc8,What is the change in the general and administrative stock-based compensation expense from 2018 to 2019?,"| December 31 | | 2019 | 2 0 1 8 U.S. $ in thousands | | Research and development | 123 | 175 General and administrative | 666 | 844 Total stock-based compensation expense | 789 | 1,019 NOTE 11 - STOCK CAPITAL (Cont.) Shares and warrants issued to service providers: On August 17, 2017 the Company is",directional_change,increased|decreased|roughly_unchanged|insufficient_data,decreased,committed,,,,,
hqa_TAT_e666657b_masked,tatqa,1ff18612-f679-43dc-b015-b2de291063a6,"After the Topic 606 adjustments, what is the percentage change in deferred revenue, current? ","(in thousands) | As of November 30, 2018 | Topic 606 Adoption Adjustments | As of December 1, 2018 Assets | | | Trade receivables, net of allowances for doubtful accounts | $1,315,578 | $43,028 | $1,358,606 Prepaid expenses and other current assets | 312,499 | 186,220 | 498,719 Other assets | 186,52",directional_change,increased|decreased|roughly_unchanged|insufficient_data,insufficient_data,noncommitted,,,,,CONSTRUCTED - verify the masked evidence really cannot answer the question
hqa_TAT_e6ab76b6,tatqa,31250db0-f87d-4ffc-ad92-da578fefbafd,What was the change in the amount for Performance Share Plan from 2018 to 2019?,| 2019 | 2018 | £m | £m Performance Share Plan | 5.1 | 4.7 Employee Share Ownership Plan | 1.1 | 1.0 Total expense recognised in Income Statement | 6.2 | 5.7 Share-based payments Disclosures of the share-based payments offered to employees are set out below. More detail on each scheme is given in th,directional_change,increased|decreased|roughly_unchanged|insufficient_data,increased,committed,,,,,
hqa_TAT_e74dda96,tatqa,e700377e-e314-494d-bd24-d0bc56bf774f,What is the percentage change in the net income available to common shareholders between 2018 and 2019?,"| For Fiscal Years | | 2019 Basic | 2018 Basic Weighted average common shares outstanding | 597,961 | 660,925 Net income available to common shareholders | $3,202,943 | $3,614,610 Net earnings per share available to common shareholders | $5.36 | $5.47 3. EARNINGS PER SHARE: Basic earnings per share ",directional_change,increased|decreased|roughly_unchanged|insufficient_data,decreased,committed,,,,,
hqa_TAT_e7c5f1a5,tatqa,503490f4-c29c-4f9b-a5d6-828c736e0950,"What is the change in Liabilities: Deferred income taxes from Balance at December 31, 2017 to January 1, 2018?","| Balance at December 31, 2017 | Adjustments Due to ASC 606 | Balance at January 1, 2018 Assets | | | Voyage receivables | $24,209 | $1,336 | $25,545 Liabilities | | | Deferred income taxes | 83,671 | (108) | 83,563 Equity | | | Accumulated deficit | (265,758) | (1,228) | (266,986) Adoption of ASC 6",directional_change,increased|decreased|roughly_unchanged|insufficient_data,decreased,committed,,,,,
hqa_TAT_e7d58dc5,tatqa,0f4dafa2-f98f-4cca-be6e-1239be5ae55c,What was the percentage change in derivative financial instruments from 2018 to 2019?,"| As of December 31, | | 2018 | 2019 Cash and cash equivalents | 342,594 | 263,747 Short-term investments | 25,000 | 4,500 Trade and other receivables | 20,244 | 24,900 Dividends receivable and other amounts due from related parties | 33,395 | 573 Derivative financial instruments | 15,188 | 4,001 Ga",directional_change,increased|decreased|roughly_unchanged|insufficient_data,decreased,committed,,,,,
hqa_TAT_e8284f2e,tatqa,34ccc237-124f-49af-91ab-ebf350859226,"What was the change in the U.S. state taxes, net of federal from 2018 to 2019?","| | Year ended March 31, | | 2019 | 2018 | 2017 Tax at statutory rate | 19.0% | 19.0% | 20.0% U.S. state taxes, net of federal | 31.1 | 14.1 | (1.0) Foreign rate differential | 26.3 | 36.8 | (39.3) Meals and entertainment | (11.4) | (3.1) | (7.4) Branch income / loss | (0.6) | 0.4 | 0.9 Share-based ",directional_change,increased|decreased|roughly_unchanged|insufficient_data,increased,committed,,,,,
hqa_TAT_e8b5208c_masked,tatqa,2f6f1ee5-99c9-450c-aa1b-c2187685280c,What is the percentage change in stock based compensation on sales and marketing between 2018 and 2019?,"| | Years Ended December 31, | | 2019 | 2018 | 2017 Stock-based compensation by type of award: | | | Stock options | $648 | $1,353 | $2,705 Stock awards | 14,882 | 10,445 | 11,421 Employee stock purchase rights(1) | 999 | 5,240 | 3,077 Total | $16,529 | $17,038 | $17,203 Stock-based compensation by ",directional_change,increased|decreased|roughly_unchanged|insufficient_data,insufficient_data,noncommitted,,,,,CONSTRUCTED - verify the masked evidence really cannot answer the question
hqa_TAT_e8bd2052_masked,tatqa,aa0b366a-fac7-446a-b5da-61289d4bc68c,What was the change in interest cost between 2018 and 2019?,"| | Pension | | 2019 | 2018 | 2017 Service cost | $1,437 | $1,063 | $1,068 Expected long-term return on plan assets | (5,291) | (5,954) | (4,206) Recognized actuarial loss | 741 | 1,127 | 1,929 Amortization of prior service credit | (44) | (88) | (138) Net settlement loss | 634 | 116 | 1,472 Net per",directional_change,increased|decreased|roughly_unchanged|insufficient_data,insufficient_data,noncommitted,,,,,CONSTRUCTED - verify the masked evidence really cannot answer the question
hqa_TAT_e97dc61e,tatqa,5b6b0ea3-06ba-4201-a8d2-df84acd4dc60,What was the percentage change in interest cost in 2019 from 2018?,"| | Years Ended December 31, | | 2019 | 2018 | 2017 Service cost | $405 | $448 | $443 Interest cost | 254 | 196 | 194 Recognized actuarial (gains) | (86) | (58) | (43) Net periodic benefit cost | 573 | 586 | 594 Unrealized net actuarial (gains), net of tax | (2,324) | (2,256) | (1,574) Total amount ",directional_change,increased|decreased|roughly_unchanged|insufficient_data,increased,committed,,,,,
hqa_TAT_e980bcc5,tatqa,178e82e7-8d72-4907-ad04-5c71a24237f6,What was the percentage change in the net income between the third and fourth quarter?,"| | | Year Ended December 31, 2018 | | | First Quarter | Second Quarter | Third Quarter | Fourth Quarter | Total Total revenue | $85,326 | $105,704 | $113,912 | $109,731 | $414,673 Cost of revenue (exclusive of depreciation and amortization) | 36,130 | 33,765 | 35,374 | 55,170 | 160,439 Total costs ",directional_change,increased|decreased|roughly_unchanged|insufficient_data,decreased,committed,,,,,
hqa_TAT_e9de6cda,tatqa,18b792b1-8bad-4d08-a250-a97964334268,What is the value of Wister Walcott's cash severance as a percentage of Chris Lien's under termination after Change of Control?,"| Chris Lien | Wister Walcott | Robert Bertz Termination after Change of Control: | | | Cash Severance(1) | $1,200,000 | $450,000 | $254,063 Post-termination COBRA Reimbursement(2) | 48,160 | — | 11,098 Acceleration of Stock Options and RSUs(3) | — | 108,675 | 55,200 Total | $1,248,160 | $558,675 | ",directional_change,increased|decreased|roughly_unchanged|insufficient_data,increased,committed,,,,,
hqa_TAT_eb8e64b4,tatqa,b49550ac-555e-49ba-a0b8-c0b3dcc4f5c8,"What is the change in Government segment: Billed between December 31, 2018 and 2019?","| December 31, | | (in thousands) | | 2019 | 2018 Government segment: | | Billed | $11,608 | $9,100 Advanced billings | (608) | (563) | 11,000 | 8,537 Restaurant/Retail segment: | | Accounts receivable - net | 30,774 | 17,682 | $41,774 | $26,219 Note 6 — Accounts Receivable, net The Company’s net ac",directional_change,increased|decreased|roughly_unchanged|insufficient_data,increased,committed,,,,,
hqa_TAT_ebffecf0,tatqa,a077ef46-3556-41f8-95fb-b35b7c8bd059,What is the change in percentage of total revenue for cloud subscriptions in 2019 and 2018?,"% Change vs. Prior | | | | | | | | | Year | % of Total Revenue | | | | | | | 2019 | 2018 | 2017 | 2019 | 2018 | 2019 | 2018 | 2017 (in thousands) | | | | | | | | Cloud subscriptions | $46,831 | $23,104 | $9,596 | 103% | 141% | 8% | 4% | 2% Software license | 48,855 | 45,368 | 72,313 | 8% | -37% | 8%",directional_change,increased|decreased|roughly_unchanged|insufficient_data,increased,committed,,,,,
hqa_TAT_ec2f812f,tatqa,20018197-c0aa-4ece-bb39-20d3c207c4b5,"What is the change in Reserves and accruals from year ended December 31, 2018 to 2019?","| As of December 31, | | 2019 | 2018 Net operating loss and tax credit carryforwards | $612.9 | $584.9 163 (j) interest expense carryforward | 49.3 | — Tax-deductible goodwill and amortizable intangibles | (48.6) | (29.4) Capitalization of research and development expenses | 42.7 | — Reserves and ac",directional_change,increased|decreased|roughly_unchanged|insufficient_data,decreased,committed,,,,,
hqa_TAT_ec76e4ab,tatqa,8040fbab-d3ac-4a11-a98e-ba7c7a5dfc6c,What was the percentage change in profit from operations from 2018 to 2019?,"| | Year ended December 31, | | 2018 | 2019 | Change Amounts are in thousands of U.S. Dollars | | | Revenues | $618,344 | $668,637 | $50,293 Net pool allocation | 17,818 | (4,264) | (22,082) Voyage expenses and commissions | (20,374) | (23,772) | (3,398) Vessel operating and supervision costs | (128",directional_change,increased|decreased|roughly_unchanged|insufficient_data,decreased,committed,,,,,
hqa_TAT_edb3003f,tatqa,6023ccbb-b4ec-447e-a950-5150723e5584,What is the percentage change in the amount under Foreign in 2019 from 2018?,"| | Years Ended September 30, | | 2019 | 2018 | 2017 | | (in thousands) | United States | $ (535) | $ (51,049) | $ (70,566) Foreign | 52,881 | 65,935 | 59,484 Total | $ 52,346 | $ 14,886 | $ (11,082) NOTE 13—INCOME TAXES On December 22, 2017, the U.S. government enacted the Tax Act, which includes p",directional_change,increased|decreased|roughly_unchanged|insufficient_data,decreased,committed,,,,,
hqa_TAT_eefb341d,tatqa,7104cb54-95a0-4e0c-97bc-9959d2ae7699,"What is the change in total Balance from January 1, 2019 to December 31, 2019 ","| Land and buildings | Motor vehicles | Other machinery and equipment | Total Balance January 1, 2019 | 23,579 | 1,488 | 620 | 25,687 Additions | 6,475 | 1,588 | 16 | 8,079 Transfer from property, plant and equipment | 459 | – | – | 459 Modifications and reassessments | 75 | 31 | (24) | 82 Retiremen",directional_change,increased|decreased|roughly_unchanged|insufficient_data,increased,committed,,,,,
hqa_TAT_eefe67af,tatqa,8694a253-04da-401f-93c2-e4f1ba609de5,"What is the percentage change in computers, software, furniture and fixtures between 2018 and 2019?","As of December 31, | | | 2019 | 2018 Computers, software, furniture and fixtures | $1,406 | $1,407 Equipment under capital lease 3,348 | 3,348 | 3,525 Less accumulated depreciation and amortization | (3,171) | (2,448) Property and equipment, net | $1,583 | $2,484 4. Property and Equipment Property a",directional_change,increased|decreased|roughly_unchanged|insufficient_data,roughly_unchanged,noncommitted,,,,,
hqa_TAT_efb024fc,tatqa,88ebeaf5-d696-45a0-b5cc-7d9f3741fe69,What is the percentage change in the company's Level 3 liabilities between 2018 and 2019?,"| December 31, 2019 | | | December 31, 2018 | | | Level 1 | Level 2 | Level 3 | Level 1 | Level 2 | Level 3 Assets | | | | | | Cash and cash equivalents | | | | | | Money market funds | $256,915 | $ - | $ - | $254,552 | $ - | $ - Other current assets: | | | | | | Indemnification - Sale of SSL | $ - ",directional_change,increased|decreased|roughly_unchanged|insufficient_data,decreased,committed,,,,,
hqa_TAT_f0751bab,tatqa,53520ed6-3c64-44af-8b03-9040d7266847,What was the change in Net operating loss carryforward between 2018 and 2019?,"| March 31, | | 2019 | 2018 Deferred tax assets: | | Deferred income on shipments to distributors | $— | $39.1 Inventory valuation | 45.0 | 10.7 Net operating loss carryforward | 94.3 | 101.1 Capital loss carryforward | 9.6 | 10.6 Share-based compensation | 42.4 | 31.4 Income tax credits | 376.5 | 1",directional_change,increased|decreased|roughly_unchanged|insufficient_data,decreased,committed,,,,,
hqa_TAT_f0b19718_masked,tatqa,03ffdb11-7405-45dc-85e1-2ce82bad663b,What is the change in loss per share between 2018 and 2019?,"| Year Ended December 31 | | 2019 | 2018 Revenues (in thousands) | $ 224,913 | $ 17,542 Loss from continuing operations (in thousands) | $ (13,432) | $ ( 7,792) Weighted average number of common shares outstanding - basic and diluted | 32,359,316 | 22,099,149 Our revenues for 2019 include $1.9 milli",directional_change,increased|decreased|roughly_unchanged|insufficient_data,insufficient_data,noncommitted,,,,,CONSTRUCTED - verify the masked evidence really cannot answer the question
hqa_TAT_f0b338b3,tatqa,afe30085-17a9-4eb3-b540-07bc93268bb9,"What is the change in Revenue from December 31, 2018 and 2019?","| Years Ended December 31, | | 2019 | 2018 | (unaudited) | (unaudited) Revenue | $72,576,902 | $60,249,896 Income from continuing operations | $6,912,802 | $1,559,008 Pro forma consolidated results of operations The following unaudited pro forma financial information presents combined results of ope",directional_change,increased|decreased|roughly_unchanged|insufficient_data,increased,committed,,,,,
hqa_TAT_f0d65bc4,tatqa,13c68f29-29a2-4a4f-8e60-d3c7e3400ec0,What was the change in the salary of Gavin Darby from 2017/18 to 2018/19?,| Gavin Darby | | Alastair Murray | | 2018/19 | 2017/18 | 2018/19 | 2017/18 | £’000 | £’000 | £’000 | £’000 Salary | 583 | 700 | 416 | 408 Salary supplement | – | – | 40 | – Taxable benefits | 17 | 22 | 27 | 24 Pension | 117 | 140 | 36 | 35 Annual Bonus | 525 | 368 | 232 | 153 Share based awards | –,directional_change,increased|decreased|roughly_unchanged|insufficient_data,decreased,committed,,,,,
hqa_TAT_f18ac7c4,tatqa,785e90e9-d6f1-4297-aa6b-0d8b45c5d54e,What is the change in the domestic losses between 2018 and 2019?,"| 2019 | 2018 Domestic | (1,698,689) | (2,468,805) Foreign | (52,222) | (88,726) Loss before income taxes | (1,750,911) | (2,557,531) NOTE 11 – INCOME TAXES The components of loss before income taxes are as follows:",directional_change,increased|decreased|roughly_unchanged|insufficient_data,decreased,committed,,,,,
hqa_TAT_f1b37c0a,tatqa,28bef5c4-e904-4836-b49b-34aa295f4f4e,What is the percentage change in the net deferred tax liabilities from 2018 to 2019?,"| CONSOLIDATED | | 2019 $’000 | 2018 $’000 Deferred taxes | | Deferred tax assets relate to the following: | | Trade and other payables | 2,312 | 1,558 Provisions | 4,759 | 2,230 Property, Plant and Equipment | - | 1,680 ITAA 97 Section 40-880 business related costs | 92 | 105 Unrealised foreign exc",directional_change,increased|decreased|roughly_unchanged|insufficient_data,increased,committed,,,,,
hqa_TAT_f37c7794,tatqa,ef25f5a7-7fec-49f4-a876-a7425a1f7739,What is the percentage change in the value of computer software from 2018 to 2019?,"| 2019 | 2018 Development test equipment | $16,461 | $19,110 Computer software | 76,134 | 76,134 Office equipment | 66,685 | 61,367 Office fixtures and furniture | 330,568 | 330,568 Leasehold improvements | 18,016 | 18,016 Total | 507,864 | 505,195 Accumulated depreciation and amortization | (321,33",directional_change,increased|decreased|roughly_unchanged|insufficient_data,roughly_unchanged,noncommitted,,,,,
hqa_TAT_f4dd622f,tatqa,f0a816a9-5aea-4adc-a5f1-1aa8158fced0,What is the change in the Cash and cash equivalents as per balance sheet from 2018 to 2019?,"| € million | € million | 2019 | 2018 | | (Restated)(a) Total financial liabilities | (28,257) | (26,738) Current financial liabilities | (4,691) | (3,613) Non-current financial liabilities | (23,566) | (23,125) Cash and cash equivalents as per balance sheet | 4,185 | 3,230 Cash and cash equivalents",directional_change,increased|decreased|roughly_unchanged|insufficient_data,increased,committed,,,,,
hqa_TAT_f4ec2a00_masked,tatqa,8b08afaf-e692-4891-9595-386a78e4de56,What was the change in the Basic weighted average common shares outstanding between 2018 and 2019?,"| 2019 | 2018 | 2017 Net income | 108,616 | 13,040 | 112,062 Dilutive effect of share-based awards and options outstanding | 803 | 916 | 941 Diluted weighted average shares outstanding | 31,074 | 33,919 | 34,553 Earnings per share: | | | Basic | 3.59 | 0.40 | 3.33 Diluted | 3.50 | 0.38 | 3.24 7. Ear",directional_change,increased|decreased|roughly_unchanged|insufficient_data,insufficient_data,noncommitted,,,,,CONSTRUCTED - verify the masked evidence really cannot answer the question
hqa_TAT_f553c037,tatqa,4bca4aeb-f8db-43ba-a10a-b94783d5d295,What was the change in Foreign in 2019 from 2018?,"| | Years Ended June 30, | ($ in millions) | 2019 | 2018 | 2017 Domestic | $204.2 | $140.3 | $56.0 Foreign | 11.8 | 19.9 | 14.2 Income before income taxes | $216.0 | $160.2 | $70.2 17. Income Taxes Income before income taxes for the Company’s domestic and foreign operations was as follows:",directional_change,increased|decreased|roughly_unchanged|insufficient_data,decreased,committed,,,,,
hqa_TAT_f6cf96a0,tatqa,8456e6cd-3a12-4508-83a6-38d3de604bee,"What is the change in the outstanding number of shares from December 31, 2018 to December 31, 2019?","| Number of Shares | Weighted Average Exercise Price Per Share Outstanding at January 1, 2018 | 4,376,474 | $0.16 Granted | 67,394 | 0.17 Exercised | – | – Cancelled or expired | (1,094,075) | 0.14 Outstanding at December 31, 2018 | 3,349,793 | $0.16 Granted | – | – Exercised | – | – Cancelled or ex",directional_change,increased|decreased|roughly_unchanged|insufficient_data,roughly_unchanged,noncommitted,,,,,
hqa_TAT_f82df417,tatqa,6644961b-afdf-4cf6-84f8-9e7e326f6dd8,What is the percentage change in the value of vessel additions between 2018 and 2019?,"| 2019 | 2018 All figures in USD ‘000 | | Vessels as of January 1 | 1,307,087 | 1,769,967 Additions Vessels | 2,531 | 169,446 Disposals Vessels | - | (632,326) Drydocking as of January 1 | 52,331 | 119,303 Additions Drydocking | 7,618 | 8,210 Disposals Drydocking | - | (75,182) Total Vessels and Dry",directional_change,increased|decreased|roughly_unchanged|insufficient_data,decreased,committed,,,,,
hqa_TAT_f8a778d3,tatqa,4b877069-e6da-4693-a00b-a83f273d4c3b,"What is the change in Balance at beginning of year from Fiscal Year Ended December 28, 2019 to December 29, 2018?","| | Fiscal Year Ended | | December 28, 2019 | December 29, 2018 | December 30, 2017 Balance at beginning of year | $2,102 | $ 3,662 | $2,972 Accruals | 3,881 | 3,181 | 8,115 Settlements | (4,041) | (4,741) | (7,425) Balance at end of year | $1,942 | $2,102 | $3,662 Warranty Obligations We offer warr",directional_change,increased|decreased|roughly_unchanged|insufficient_data,decreased,committed,,,,,
hqa_TAT_f8d5f7de,tatqa,7c9fb1ee-f4a8-48cf-a709-cdf7032512c4,What was the percentage change in the net carrying amount of total long-term debt between 2018 and 2019?,"| | At December 31, 2019 | | Gross Carrying Amount | Unamortized Discount and Deferred Financing Costs | Net Carrying Amount 2021 Notes | $650 | $(2) | $648 2022 Notes | 400 | (2) | 398 2026 Notes | 850 | (7) | 843 2027 Notes | 400 | (5) | 395 2047 Notes | 400 | (9) | 391 Total long-term debt | $2,7",directional_change,increased|decreased|roughly_unchanged|insufficient_data,roughly_unchanged,noncommitted,,,,,
hqa_TAT_f965cb58,tatqa,173966a9-e632-4913-8466-03e158bd5935,What is the percentage change in the total amount of long-term debt in 2019 from 2018?,"September 30, | 2019 | 2018 Series A senior unsecured notes payable to a group of insurance companies, interest fixed at 3.35% | $ 50,000 | $ 50,000 Series B senior unsecured notes payable to a group of insurance companies, interest fixed at 3.35% | 50,000 | 50,000 Series C senior unsecured notes pa",directional_change,increased|decreased|roughly_unchanged|insufficient_data,decreased,committed,,,,,
hqa_TAT_f9a65852,tatqa,486b7d80-a06f-4d31-9d6b-30882835a516,What was the change in Prepayments in 2019 from 2018?,| 2019 | (Restated) 2018 | £m | £m Trade receivables | 27.0 | 28.8 Less: provision for impairment of trade receivables | (2.1) | (3.4) Net trade receivables | 24.9 | 25.4 Accrued income | 28.0 | 26.7 Prepayments | 2.9 | 2.7 Other receivables | 0.3 | 0.1 Total | 56.1 | 54.9 18. Trade and other receiv,directional_change,increased|decreased|roughly_unchanged|insufficient_data,increased,committed,,,,,
hqa_TAT_f9c5d04f,tatqa,74711905-35bf-49a6-9379-4baf28c40bf5,What is the percentage change in the audit-related fees from 2018 to 2019?,"| Fiscal Year 2019 ($) | Fiscal Year 2018 ($) AuditFees(1) | 4,703,830 | 4,605,495 Audit-RelatedFees(2) | 27,000 | 90,500 TaxFees(3) | 194,170 | 34,888 AllOtherFees | — | — TOTAL | 4,925,000 | 4,730,883 Fees Billed by Ernst & Young LLP The table below shows the fees billed by EY for audit and other ",directional_change,increased|decreased|roughly_unchanged|insufficient_data,decreased,committed,,,,,
hqa_TAT_fadaedf3,tatqa,96c84697-fd98-4d58-ad7c-bbcd57cd9f0a,What was the percentage change in liquidity in 2019 from 2018?,"USDm | 2019 | 2018 | 2017 Cash and cash equivalents, including restricted cash | 72.5 | 127.4 | 134.2 Undrawn credit facilities | 173.1 | 278.7 | 270.7 Liquidity | 245.6 | 406.1 | 404.9 ALTERNATIVE PERFORMANCE MEASURES – continued Liquidity: TORM defines liquidity as available cash, comprising cash ",directional_change,increased|decreased|roughly_unchanged|insufficient_data,decreased,committed,,,,,
hqa_TAT_faf6347e,tatqa,628487ea-1ac0-49a3-b42b-4c4c4ac6e5f1,What is the percentage change in all other fees incurred by the company between 2018 and 2019?,"Fee Category | 2019 ($) | 2018 ($) Audit fees (1) | 1,196,000 | 1,257,000 Audit-related fees (2) | 0 | 15,000 Tax fees (3) | 0 | 0 All other fees (4) | 2,000 | 2,000 Total | 1,198,000 | 1,274,000 Fees Paid to our Independent Auditor The following table sets forth the fees billed to us by Ernst & You",directional_change,increased|decreased|roughly_unchanged|insufficient_data,roughly_unchanged,noncommitted,,,,,
hqa_TAT_fb2f57ce,tatqa,c347c723-9d66-4370-ad6d-cba22837d341,What was the change in the recurring revenue from 2018 to 2019?,"| | | Year Ended December 31, | | (In thousands) | 2019 | 2018 | 2017 | 2019 % Change from 2018 | 2018 % Change from 2017 Revenue: | | | | | Recurring revenue | $1,395,869 | $1,411,742 | $1,176,720 | (1.1%) | 20.0% Non-recurring revenue | 375,808 | 338,220 | 320,988 | 11.1% | 5.4% Total revenue | $1",directional_change,increased|decreased|roughly_unchanged|insufficient_data,decreased,committed,,,,,
hqa_TAT_fbf4a383,tatqa,bcc25233-e428-4f53-9c53-8e9bc3aa8d30,What is the percentage change in the company's net long-term debt between 2018 and 2019?,"| 2019 | 2018 Note payable to a bank (“Real Estate Loan”), interest payable at a fixed rate of 2.99% with monthly installments of principal and interest of $38,344 through August 2021 with remaining principal due September 2021, collateralized by three distribution facilities | $ 2,263,040 | $ 2,648",directional_change,increased|decreased|roughly_unchanged|insufficient_data,decreased,committed,,,,,
hqa_TAT_fc7c7467,tatqa,8d61a29b-d1af-43ab-a475-ecf38008d9f3,What was the change in Pension Plans in 2019 from 2018?,"| | Years Ended June 30, | ($ in millions) | 2019 | 2018 | 2017 Pension plans | $9.8 | $11.3 | $45.8 Other postretirement plans | 1.8 | 2.9 | 2.6 Net periodic benefit costs | $11.6 | $14.2 | $48.4 Net Pension Expense Net pension expense, as we define it below, includes the net periodic benefit costs",directional_change,increased|decreased|roughly_unchanged|insufficient_data,decreased,committed,,,,,
hqa_TAT_fd199b28,tatqa,7813c0f1-49d2-4879-b03b-441020dc263c,What was the percentage change of the balance at the end between 2018 and 2019?,"| 2019 | 2018 | 2017 Gross amount at beginning | $15,960.1 | $15,349.0 | $14,277.0 Additions during period: | | | Acquisitions | 887.0 | 721.4 | 499.7 Discretionary capital projects (1) | 258.1 | 173.5 | 120.7 Discretionary ground lease purchases (2) | 189.8 | 180.4 | 150.4 Redevelopment capital exp",directional_change,increased|decreased|roughly_unchanged|insufficient_data,increased,committed,,,,,
hqa_TAT_fd3651b2,tatqa,7dd9e6c9-76f7-4600-8dd5-1d1820a42462,What is the percentage change in total operating profit of International and Foodservice from the fiscal year 2018 to 2019?,($ in millions) | | | Reporting Segment | Fiscal 2019 Operating Profit | Fiscal 2018 Operating Profit | % Inc (Dec) Grocery & Snacks | $689.2 | $724.8 | (5)% Refrigerated & Frozen | 502.2 | 479.4 | 5% International | 94.5 | 86.5 | 9% Foodservice | 117.7 | 121.8 | (3)% Pinnacle Foods | 238.2 | — | 10,directional_change,increased|decreased|roughly_unchanged|insufficient_data,increased,committed,,,,,
hqa_TAT_fd9aa094_masked,tatqa,a9220f96-5d34-4825-8bfa-50fe8828f77b,What was the change in net cash from operating activities between 2018 and 2019?,"| Years Ended December 31, | | 2019 | 2018 Net cash provided by (used in): | | Investing activities | -830,481 | -45,360 Financing activities | 667,223 | -57,704 Cash Flows The following table sets forth summary cash flow data for the periods indicated (in thousands). Cash Flow from Operating Activi",directional_change,increased|decreased|roughly_unchanged|insufficient_data,insufficient_data,noncommitted,,,,,CONSTRUCTED - verify the masked evidence really cannot answer the question
hqa_TAT_fd9cfd2b,tatqa,df902f50-0e45-4986-8dbc-d34c984be1a8,What is the percentage change in the cost of customer-related intangible assets in 2019 compared to 2018?,"| Cost | Accum. amort. | Net book value Assets subject to amortization: | | | Customer related intangibles | $3,926.8 | $(1,083.6) | $ 2,843.2 Unpatented technology | 504.0 | (199.5) | 304.5 Software | 172.0 | (93.2) | 78.8 Patents and other protective rights | 9.7 | (7.5) | 2.2 Trade names | 7.3 | ",directional_change,increased|decreased|roughly_unchanged|insufficient_data,increased,committed,,,,,
hqa_TAT_fdcd4eea_masked,tatqa,86adf29e-7155-490d-9307-3d26a2dbf6d6,What was the percentage change in METRO AG in 2019 from 2018?,"| 2018 | 2019 METRO | 86,239 | 82,979 METRO Germany | 11,816 | 11,760 METRO Western Europe (excl.Germany) | 24,073 | 24,044 METRO Russia | 13,884 | 12,288 METRO Eastern Europe (excl.Russia) | 28,264 | 27,589 METRO Asia | 8,202 | 7,298 Others | 6,916 | 7,067 Total | 94,018 | 90,883 DEVELOPMENT OF EMP",directional_change,increased|decreased|roughly_unchanged|insufficient_data,insufficient_data,noncommitted,,,,,CONSTRUCTED - verify the masked evidence really cannot answer the question
hqa_TAT_fdd8b570,tatqa,06dc4c7e-d5ce-46e7-af37-3ca1f12df998,What was the change in short-term investments between 2018 and 2019?,"| April 26, 2019 | April 27, 2018 Cash and cash equivalents | $ 2,325 | $ 2,941 Short-term investments | 1,574 | 2,450 Total | $ 3,899 | $ 5,391 Liquidity Our principal sources of liquidity as of April 26, 2019 consisted of cash, cash equivalents and short-term investments, cash we expect to generat",directional_change,increased|decreased|roughly_unchanged|insufficient_data,decreased,committed,,,,,
hqa_TAT_fe3c741d,tatqa,8c9a46b7-7b89-491d-89e6-6c2e96905e3f,What is the percentage change in the estimated future benefit payments between 2020 and 2021 for the international plans?,"Fiscal Year ended March 31, | US Plans | International Plans 2020 | $2,295 | $7,055 2021 | 2,333 | 7,197 2022 | 2,353 | 7,337 2023 | 2,371 | 7,624 2024 | 2,388 | 7,624 2025-2029 | 11,880 | 40,364 We make contributions to our defined benefit plans as required under various pension funding regulations",directional_change,increased|decreased|roughly_unchanged|insufficient_data,increased,committed,,,,,
hqa_TAT_fea1cf5d,tatqa,7946e7a6-2e24-4fe6-8098-b4dbce2ba479,What was the change in the interest rate swap from 2018 to 2019?,"| December 31, 2019 | December 31, 2018 (in thousands) | | Assets | | Interest rate swap | $— | $1,623 Liabilities | | Interest rate swap | $37 | $— 6. Financial Instruments The composition of financial instruments is as follows: The fair values of the Company’s financial instrument is the amount th",directional_change,increased|decreased|roughly_unchanged|insufficient_data,decreased,committed,,,,,
