question_id,lane,answer_type,round,K,evidence_mode,intervention,coverage_incomplete,tickers,parse_rate,gold_scoreable,tu,au,eu,tu_mm,au_mm,eu_mm,tu_norm,au_norm,eu_norm,eu_tu_ratio,predicted,p_noncommit,p_noncommit_fundamental,p_noncommit_trading,p_sys,agent_entropy_fundamental,agent_entropy_trading,k_eff_fundamental,k_eff_trading,gold_prob,correct,brier,nll,agent_gold_prob_fundamental,agent_gold_prob_trading,error,model,source_benchmark,hedgeqa_transformation,gold_commitment
hqa_CFQ_05f42dea,F,directional_change,0,10,hedgeqa_oracle,,False,,1.0,True,-0.0,0.0,-0.0,0.0,0.0,0.0,-0.0,0.0,-0.0,0.0,decreased,0.0,0.0,0.0,"{""increased"": 0.0, ""decreased"": 1.0, ""roughly_unchanged"": 0.0, ""insufficient_data"": 0.0}",-0.0,-0.0,10,10,1.0,True,0.0,0.2876820724517809,1.0,1.0,,llama3.3:70b,convfinqa,numeric_to_directional,committed
hqa_CFQ_05f42dea,F,directional_change,1,10,hedgeqa_oracle,,False,,1.0,True,-0.0,0.0,-0.0,0.0,0.0,0.0,-0.0,0.0,-0.0,0.0,decreased,0.0,0.0,0.0,"{""increased"": 0.0, ""decreased"": 1.0, ""roughly_unchanged"": 0.0, ""insufficient_data"": 0.0}",-0.0,-0.0,10,10,1.0,True,0.0,0.2876820724517809,1.0,1.0,,llama3.3:70b,convfinqa,numeric_to_directional,committed
hqa_CFQ_07480310,F,directional_change,0,10,hedgeqa_oracle,,False,,1.0,True,-0.0,0.0,-0.0,0.0,0.0,0.0,-0.0,0.0,-0.0,0.0,decreased,0.0,0.0,0.0,"{""increased"": 0.0, ""decreased"": 1.0, ""roughly_unchanged"": 0.0, ""insufficient_data"": 0.0}",-0.0,-0.0,10,10,1.0,True,0.0,0.2876820724517809,1.0,1.0,,llama3.3:70b,convfinqa,numeric_to_directional,committed
hqa_CFQ_07480310,F,directional_change,1,10,hedgeqa_oracle,,False,,1.0,True,-0.0,0.0,-0.0,0.0,0.0,0.0,-0.0,0.0,-0.0,0.0,decreased,0.0,0.0,0.0,"{""increased"": 0.0, ""decreased"": 1.0, ""roughly_unchanged"": 0.0, ""insufficient_data"": 0.0}",-0.0,-0.0,10,10,1.0,True,0.0,0.2876820724517809,1.0,1.0,,llama3.3:70b,convfinqa,numeric_to_directional,committed
hqa_CFQ_08d45061,F,directional_change,0,10,hedgeqa_oracle,,False,,1.0,True,-0.0,0.0,-0.0,0.0,0.0,0.0,-0.0,0.0,-0.0,0.0,decreased,0.0,0.0,0.0,"{""increased"": 0.0, ""decreased"": 1.0, ""roughly_unchanged"": 0.0, ""insufficient_data"": 0.0}",-0.0,-0.0,10,10,1.0,True,0.0,0.2876820724517809,1.0,1.0,,llama3.3:70b,convfinqa,numeric_to_directional,committed
hqa_CFQ_08d45061,F,directional_change,1,10,hedgeqa_oracle,,False,,1.0,True,-0.0,0.0,-0.0,0.0,0.0,0.0,-0.0,0.0,-0.0,0.0,decreased,0.0,0.0,0.0,"{""increased"": 0.0, ""decreased"": 1.0, ""roughly_unchanged"": 0.0, ""insufficient_data"": 0.0}",-0.0,-0.0,10,10,1.0,True,0.0,0.2876820724517809,1.0,1.0,,llama3.3:70b,convfinqa,numeric_to_directional,committed
hqa_CFQ_1279a468_masked,F,directional_change,0,10,hedgeqa_oracle,,False,,1.0,True,-0.0,0.0,-0.0,0.0,0.0,0.0,-0.0,0.0,-0.0,0.0,insufficient_data,1.0,1.0,1.0,"{""increased"": 0.0, ""decreased"": 0.0, ""roughly_unchanged"": 0.0, ""insufficient_data"": 1.0}",-0.0,-0.0,10,10,1.0,True,0.0,0.2876820724517809,1.0,1.0,,llama3.3:70b,convfinqa,evidence_masked_insufficient,noncommitted
hqa_CFQ_1279a468_masked,F,directional_change,1,10,hedgeqa_oracle,,False,,1.0,True,-0.0,0.0,-0.0,0.0,0.0,0.0,-0.0,0.0,-0.0,0.0,insufficient_data,1.0,1.0,1.0,"{""increased"": 0.0, ""decreased"": 0.0, ""roughly_unchanged"": 0.0, ""insufficient_data"": 1.0}",-0.0,-0.0,10,10,1.0,True,0.0,0.2876820724517809,1.0,1.0,,llama3.3:70b,convfinqa,evidence_masked_insufficient,noncommitted
hqa_CFQ_13c20530_masked,F,directional_change,0,10,hedgeqa_oracle,,False,,1.0,True,-0.0,0.0,-0.0,0.0,0.0,0.0,-0.0,0.0,-0.0,0.0,insufficient_data,1.0,1.0,1.0,"{""increased"": 0.0, ""decreased"": 0.0, ""roughly_unchanged"": 0.0, ""insufficient_data"": 1.0}",-0.0,-0.0,10,10,1.0,True,0.0,0.2876820724517809,1.0,1.0,,llama3.3:70b,convfinqa,evidence_masked_insufficient,noncommitted
hqa_CFQ_13c20530_masked,F,directional_change,1,10,hedgeqa_oracle,,False,,1.0,True,-0.0,0.0,-0.0,0.0,0.0,0.0,-0.0,0.0,-0.0,0.0,insufficient_data,1.0,1.0,1.0,"{""increased"": 0.0, ""decreased"": 0.0, ""roughly_unchanged"": 0.0, ""insufficient_data"": 1.0}",-0.0,-0.0,10,10,1.0,True,0.0,0.2876820724517809,1.0,1.0,,llama3.3:70b,convfinqa,evidence_masked_insufficient,noncommitted
hqa_CFQ_1d1128f4_masked,F,directional_change,0,10,hedgeqa_oracle,,False,,1.0,True,-0.0,0.0,-0.0,0.0,0.0,0.0,-0.0,0.0,-0.0,0.0,insufficient_data,1.0,1.0,1.0,"{""increased"": 0.0, ""decreased"": 0.0, ""roughly_unchanged"": 0.0, ""insufficient_data"": 1.0}",-0.0,-0.0,10,10,1.0,True,0.0,0.2876820724517809,1.0,1.0,,llama3.3:70b,convfinqa,evidence_masked_insufficient,noncommitted
hqa_CFQ_1d1128f4_masked,F,directional_change,1,10,hedgeqa_oracle,,False,,1.0,True,-0.0,0.0,-0.0,0.0,0.0,0.0,-0.0,0.0,-0.0,0.0,insufficient_data,1.0,1.0,1.0,"{""increased"": 0.0, ""decreased"": 0.0, ""roughly_unchanged"": 0.0, ""insufficient_data"": 1.0}",-0.0,-0.0,10,10,1.0,True,0.0,0.2876820724517809,1.0,1.0,,llama3.3:70b,convfinqa,evidence_masked_insufficient,noncommitted
hqa_CFQ_3240be6a_masked,F,directional_change,0,10,hedgeqa_oracle,,False,,1.0,True,0.1985152433458726,0.1625414866957241,0.035973756650148486,0.22351524334587258,0.1875414866957241,0.035973756650148486,0.1431984785579781,0.11724889839732029,0.025949580160657796,0.18121407728610292,increased,0.05,0.0,0.1,"{""increased"": 0.95, ""decreased"": 0.0, ""roughly_unchanged"": 0.0, ""insufficient_data"": 0.05}",-0.0,0.3250829733914482,10,10,0.05,False,1.805,2.1484344131667874,0.0,0.1,,llama3.3:70b,convfinqa,evidence_masked_insufficient,noncommitted
hqa_CFQ_3240be6a_masked,F,directional_change,1,10,hedgeqa_oracle,,False,,1.0,True,-0.0,0.0,-0.0,0.0,0.0,0.0,-0.0,0.0,-0.0,0.0,increased,0.0,0.0,0.0,"{""increased"": 1.0, ""decreased"": 0.0, ""roughly_unchanged"": 0.0, ""insufficient_data"": 0.0}",-0.0,-0.0,10,10,0.0,False,2.0,2.4849066497880004,0.0,0.0,,llama3.3:70b,convfinqa,evidence_masked_insufficient,noncommitted
hqa_CFQ_378d381c_masked,F,directional_change,0,10,hedgeqa_oracle,,False,,1.0,True,-0.0,0.0,-0.0,0.0,0.0,0.0,-0.0,0.0,-0.0,0.0,insufficient_data,1.0,1.0,1.0,"{""increased"": 0.0, ""decreased"": 0.0, ""roughly_unchanged"": 0.0, ""insufficient_data"": 1.0}",-0.0,-0.0,10,10,1.0,True,0.0,0.2876820724517809,1.0,1.0,,llama3.3:70b,convfinqa,evidence_masked_insufficient,noncommitted
hqa_CFQ_378d381c_masked,F,directional_change,1,10,hedgeqa_oracle,,False,,1.0,True,-0.0,0.0,-0.0,0.0,0.0,0.0,-0.0,0.0,-0.0,0.0,insufficient_data,1.0,1.0,1.0,"{""increased"": 0.0, ""decreased"": 0.0, ""roughly_unchanged"": 0.0, ""insufficient_data"": 1.0}",-0.0,-0.0,10,10,1.0,True,0.0,0.2876820724517809,1.0,1.0,,llama3.3:70b,convfinqa,evidence_masked_insufficient,noncommitted
hqa_CFQ_3cabceab,F,directional_change,0,10,hedgeqa_oracle,,False,,1.0,True,-0.0,0.0,-0.0,0.0,0.0,0.0,-0.0,0.0,-0.0,0.0,increased,0.0,0.0,0.0,"{""increased"": 1.0, ""decreased"": 0.0, ""roughly_unchanged"": 0.0, ""insufficient_data"": 0.0}",-0.0,-0.0,10,10,1.0,True,0.0,0.2876820724517809,1.0,1.0,,llama3.3:70b,convfinqa,numeric_to_directional,committed
hqa_CFQ_3cabceab,F,directional_change,1,10,hedgeqa_oracle,,False,,1.0,True,-0.0,0.0,-0.0,0.0,0.0,0.0,-0.0,0.0,-0.0,0.0,increased,0.0,0.0,0.0,"{""increased"": 1.0, ""decreased"": 0.0, ""roughly_unchanged"": 0.0, ""insufficient_data"": 0.0}",-0.0,-0.0,10,10,1.0,True,0.0,0.2876820724517809,1.0,1.0,,llama3.3:70b,convfinqa,numeric_to_directional,committed
hqa_CFQ_421f4e3d,F,directional_change,0,10,hedgeqa_oracle,,False,,1.0,True,-0.0,0.0,-0.0,0.0,0.0,0.0,-0.0,0.0,-0.0,0.0,decreased,0.0,0.0,0.0,"{""increased"": 0.0, ""decreased"": 1.0, ""roughly_unchanged"": 0.0, ""insufficient_data"": 0.0}",-0.0,-0.0,10,10,0.0,False,2.0,2.4849066497880004,0.0,0.0,,llama3.3:70b,convfinqa,numeric_to_directional,committed
hqa_CFQ_421f4e3d,F,directional_change,1,10,hedgeqa_oracle,,False,,1.0,True,-0.0,0.0,-0.0,0.0,0.0,0.0,-0.0,0.0,-0.0,0.0,decreased,0.0,0.0,0.0,"{""increased"": 0.0, ""decreased"": 1.0, ""roughly_unchanged"": 0.0, ""insufficient_data"": 0.0}",-0.0,-0.0,10,10,0.0,False,2.0,2.4849066497880004,0.0,0.0,,llama3.3:70b,convfinqa,numeric_to_directional,committed
hqa_CFQ_446ed3a5_masked,F,directional_change,0,10,hedgeqa_oracle,,False,,1.0,True,0.6730116670092565,0.46797363772317085,0.20503802928608567,0.6980116670092565,0.5179736377231708,0.1800380292860857,0.4854752972273344,0.33757162320499345,0.14790367402234092,0.30465746633671004,increased,0.39999999999999997,0.1,0.7,"{""increased"": 0.6, ""decreased"": 0.0, ""roughly_unchanged"": 0.0, ""insufficient_data"": 0.4}",0.3250829733914482,0.6108643020548935,10,10,0.39999999999999997,False,0.7200000000000001,1.0498221244986778,0.1,0.7,,llama3.3:70b,convfinqa,evidence_masked_insufficient,noncommitted
hqa_CFQ_446ed3a5_masked,F,directional_change,1,10,hedgeqa_oracle,,False,,1.0,True,-0.0,0.0,-0.0,0.0,0.0,0.0,-0.0,0.0,-0.0,0.0,insufficient_data,1.0,1.0,1.0,"{""increased"": 0.0, ""decreased"": 0.0, ""roughly_unchanged"": 0.0, ""insufficient_data"": 1.0}",-0.0,-0.0,10,10,1.0,True,0.0,0.2876820724517809,1.0,1.0,,llama3.3:70b,convfinqa,evidence_masked_insufficient,noncommitted
hqa_CFQ_4613f27f,F,directional_change,0,10,hedgeqa_oracle,,False,,1.0,True,-0.0,0.0,-0.0,0.0,0.0,0.0,-0.0,0.0,-0.0,0.0,increased,0.0,0.0,0.0,"{""increased"": 1.0, ""decreased"": 0.0, ""roughly_unchanged"": 0.0, ""insufficient_data"": 0.0}",-0.0,-0.0,10,10,1.0,True,0.0,0.2876820724517809,1.0,1.0,,llama3.3:70b,convfinqa,numeric_to_directional,committed
hqa_CFQ_4613f27f,F,directional_change,1,10,hedgeqa_oracle,,False,,1.0,True,-0.0,0.0,-0.0,0.0,0.0,0.0,-0.0,0.0,-0.0,0.0,increased,0.0,0.0,0.0,"{""increased"": 1.0, ""decreased"": 0.0, ""roughly_unchanged"": 0.0, ""insufficient_data"": 0.0}",-0.0,-0.0,10,10,1.0,True,0.0,0.2876820724517809,1.0,1.0,,llama3.3:70b,convfinqa,numeric_to_directional,committed
hqa_CFQ_4846cde1,F,directional_change,0,10,hedgeqa_oracle,,False,,1.0,True,-0.0,0.0,-0.0,0.0,0.0,0.0,-0.0,0.0,-0.0,0.0,decreased,0.0,0.0,0.0,"{""increased"": 0.0, ""decreased"": 1.0, ""roughly_unchanged"": 0.0, ""insufficient_data"": 0.0}",-0.0,-0.0,10,10,1.0,True,0.0,0.2876820724517809,1.0,1.0,,llama3.3:70b,convfinqa,numeric_to_directional,committed
hqa_CFQ_4846cde1,F,directional_change,1,10,hedgeqa_oracle,,False,,1.0,True,-0.0,0.0,-0.0,0.0,0.0,0.0,-0.0,0.0,-0.0,0.0,decreased,0.0,0.0,0.0,"{""increased"": 0.0, ""decreased"": 1.0, ""roughly_unchanged"": 0.0, ""insufficient_data"": 0.0}",-0.0,-0.0,10,10,1.0,True,0.0,0.2876820724517809,1.0,1.0,,llama3.3:70b,convfinqa,numeric_to_directional,committed
hqa_CFQ_4b27112b_masked,F,directional_change,0,10,hedgeqa_oracle,,False,,1.0,True,-0.0,0.0,-0.0,0.0,0.0,0.0,-0.0,0.0,-0.0,0.0,insufficient_data,1.0,1.0,1.0,"{""increased"": 0.0, ""decreased"": 0.0, ""roughly_unchanged"": 0.0, ""insufficient_data"": 1.0}",-0.0,-0.0,10,10,1.0,True,0.0,0.2876820724517809,1.0,1.0,,llama3.3:70b,convfinqa,evidence_masked_insufficient,noncommitted
hqa_CFQ_4b27112b_masked,F,directional_change,1,10,hedgeqa_oracle,,False,,1.0,True,-0.0,0.0,-0.0,0.0,0.0,0.0,-0.0,0.0,-0.0,0.0,insufficient_data,1.0,1.0,1.0,"{""increased"": 0.0, ""decreased"": 0.0, ""roughly_unchanged"": 0.0, ""insufficient_data"": 1.0}",-0.0,-0.0,10,10,1.0,True,0.0,0.2876820724517809,1.0,1.0,,llama3.3:70b,convfinqa,evidence_masked_insufficient,noncommitted
hqa_CFQ_525e330f,F,directional_change,0,10,hedgeqa_oracle,,False,,1.0,True,0.3250829733914482,0.25020121176909393,0.07488176162235427,0.3500829733914482,0.27520121176909396,0.07488176162235427,0.23449779679464058,0.18048202372184058,0.054015773072800005,0.23034661225454434,increased,0.0,0.0,0.0,"{""increased"": 0.9, ""decreased"": 0.1, ""roughly_unchanged"": 0.0, ""insufficient_data"": 0.0}",0.5004024235381879,-0.0,10,10,0.1,False,1.62,1.8971199848858813,0.2,0.0,,llama3.3:70b,convfinqa,numeric_to_directional,committed
hqa_CFQ_525e330f,F,directional_change,1,10,hedgeqa_oracle,,False,,1.0,True,-0.0,0.0,-0.0,0.0,0.0,0.0,-0.0,0.0,-0.0,0.0,increased,0.0,0.0,0.0,"{""increased"": 1.0, ""decreased"": 0.0, ""roughly_unchanged"": 0.0, ""insufficient_data"": 0.0}",-0.0,-0.0,10,10,0.0,False,2.0,2.4849066497880004,0.0,0.0,,llama3.3:70b,convfinqa,numeric_to_directional,committed
hqa_CFQ_52cedb59,F,directional_change,0,10,hedgeqa_oracle,,False,,1.0,True,0.42270908780599087,0.30543215102744675,0.11727693677854412,0.4477090878059909,0.3304321510274468,0.11727693677854412,0.30492015235820025,0.22032272480767318,0.08459742755052704,0.2774412478029577,decreased,0.0,0.0,0.0,"{""increased"": 0.15, ""decreased"": 0.85, ""roughly_unchanged"": 0.0, ""insufficient_data"": 0.0}",-0.0,0.6108643020548935,10,10,0.85,True,0.045000000000000005,0.4307829160924542,1.0,0.7,,llama3.3:70b,convfinqa,numeric_to_directional,committed
hqa_CFQ_52cedb59,F,directional_change,1,10,hedgeqa_oracle,,False,,1.0,True,-0.0,0.0,-0.0,0.0,0.0,0.0,-0.0,0.0,-0.0,0.0,decreased,0.0,0.0,0.0,"{""increased"": 0.0, ""decreased"": 1.0, ""roughly_unchanged"": 0.0, ""insufficient_data"": 0.0}",-0.0,-0.0,10,10,1.0,True,0.0,0.2876820724517809,1.0,1.0,,llama3.3:70b,convfinqa,numeric_to_directional,committed
hqa_CFQ_5310207f,F,directional_change,0,10,hedgeqa_oracle,,False,,1.0,True,-0.0,0.0,-0.0,0.0,0.0,0.0,-0.0,0.0,-0.0,0.0,increased,0.0,0.0,0.0,"{""increased"": 1.0, ""decreased"": 0.0, ""roughly_unchanged"": 0.0, ""insufficient_data"": 0.0}",-0.0,-0.0,10,10,1.0,True,0.0,0.2876820724517809,1.0,1.0,,llama3.3:70b,convfinqa,numeric_to_directional,committed
hqa_CFQ_5310207f,F,directional_change,1,10,hedgeqa_oracle,,False,,1.0,True,-0.0,0.0,-0.0,0.0,0.0,0.0,-0.0,0.0,-0.0,0.0,increased,0.0,0.0,0.0,"{""increased"": 1.0, ""decreased"": 0.0, ""roughly_unchanged"": 0.0, ""insufficient_data"": 0.0}",-0.0,-0.0,10,10,1.0,True,0.0,0.2876820724517809,1.0,1.0,,llama3.3:70b,convfinqa,numeric_to_directional,committed
hqa_CFQ_5572c7eb,F,directional_change,0,10,hedgeqa_oracle,,False,,1.0,True,-0.0,0.0,-0.0,0.0,0.0,0.0,-0.0,0.0,-0.0,0.0,decreased,0.0,0.0,0.0,"{""increased"": 0.0, ""decreased"": 1.0, ""roughly_unchanged"": 0.0, ""insufficient_data"": 0.0}",-0.0,-0.0,10,10,1.0,True,0.0,0.2876820724517809,1.0,1.0,,llama3.3:70b,convfinqa,numeric_to_directional,committed
hqa_CFQ_5572c7eb,F,directional_change,1,10,hedgeqa_oracle,,False,,1.0,True,-0.0,0.0,-0.0,0.0,0.0,0.0,-0.0,0.0,-0.0,0.0,decreased,0.0,0.0,0.0,"{""increased"": 0.0, ""decreased"": 1.0, ""roughly_unchanged"": 0.0, ""insufficient_data"": 0.0}",-0.0,-0.0,10,10,1.0,True,0.0,0.2876820724517809,1.0,1.0,,llama3.3:70b,convfinqa,numeric_to_directional,committed
hqa_CFQ_57d9a4fe,F,directional_change,0,10,hedgeqa_oracle,,False,,1.0,True,-0.0,0.0,-0.0,0.0,0.0,0.0,-0.0,0.0,-0.0,0.0,decreased,0.0,0.0,0.0,"{""increased"": 0.0, ""decreased"": 1.0, ""roughly_unchanged"": 0.0, ""insufficient_data"": 0.0}",-0.0,-0.0,10,10,1.0,True,0.0,0.2876820724517809,1.0,1.0,,llama3.3:70b,convfinqa,numeric_to_directional,committed
hqa_CFQ_57d9a4fe,F,directional_change,1,10,hedgeqa_oracle,,False,,1.0,True,-0.0,0.0,-0.0,0.0,0.0,0.0,-0.0,0.0,-0.0,0.0,decreased,0.0,0.0,0.0,"{""increased"": 0.0, ""decreased"": 1.0, ""roughly_unchanged"": 0.0, ""insufficient_data"": 0.0}",-0.0,-0.0,10,10,1.0,True,0.0,0.2876820724517809,1.0,1.0,,llama3.3:70b,convfinqa,numeric_to_directional,committed
hqa_CFQ_5c6f8a33,F,directional_change,0,10,hedgeqa_oracle,,False,,1.0,True,-0.0,0.0,-0.0,0.0,0.0,0.0,-0.0,0.0,-0.0,0.0,decreased,0.0,0.0,0.0,"{""increased"": 0.0, ""decreased"": 1.0, ""roughly_unchanged"": 0.0, ""insufficient_data"": 0.0}",-0.0,-0.0,10,10,1.0,True,0.0,0.2876820724517809,1.0,1.0,,llama3.3:70b,convfinqa,numeric_to_directional,committed
hqa_CFQ_5c6f8a33,F,directional_change,1,10,hedgeqa_oracle,,False,,1.0,True,-0.0,0.0,-0.0,0.0,0.0,0.0,-0.0,0.0,-0.0,0.0,decreased,0.0,0.0,0.0,"{""increased"": 0.0, ""decreased"": 1.0, ""roughly_unchanged"": 0.0, ""insufficient_data"": 0.0}",-0.0,-0.0,10,10,1.0,True,0.0,0.2876820724517809,1.0,1.0,,llama3.3:70b,convfinqa,numeric_to_directional,committed
hqa_CFQ_61e3612e,F,directional_change,0,10,hedgeqa_oracle,,False,,1.0,True,-0.0,0.0,-0.0,0.0,0.0,0.0,-0.0,0.0,-0.0,0.0,decreased,0.0,0.0,0.0,"{""increased"": 0.0, ""decreased"": 1.0, ""roughly_unchanged"": 0.0, ""insufficient_data"": 0.0}",-0.0,-0.0,10,10,1.0,True,0.0,0.2876820724517809,1.0,1.0,,llama3.3:70b,convfinqa,numeric_to_directional,committed
hqa_CFQ_61e3612e,F,directional_change,1,10,hedgeqa_oracle,,False,,1.0,True,-0.0,0.0,-0.0,0.0,0.0,0.0,-0.0,0.0,-0.0,0.0,decreased,0.0,0.0,0.0,"{""increased"": 0.0, ""decreased"": 1.0, ""roughly_unchanged"": 0.0, ""insufficient_data"": 0.0}",-0.0,-0.0,10,10,1.0,True,0.0,0.2876820724517809,1.0,1.0,,llama3.3:70b,convfinqa,numeric_to_directional,committed
hqa_CFQ_62332dc6,F,directional_change,0,10,hedgeqa_oracle,,False,,1.0,True,-0.0,0.0,-0.0,0.0,0.0,0.0,-0.0,0.0,-0.0,0.0,decreased,0.0,0.0,0.0,"{""increased"": 0.0, ""decreased"": 1.0, ""roughly_unchanged"": 0.0, ""insufficient_data"": 0.0}",-0.0,-0.0,10,10,1.0,True,0.0,0.2876820724517809,1.0,1.0,,llama3.3:70b,convfinqa,numeric_to_directional,committed
hqa_CFQ_62332dc6,F,directional_change,1,10,hedgeqa_oracle,,False,,1.0,True,-0.0,0.0,-0.0,0.0,0.0,0.0,-0.0,0.0,-0.0,0.0,decreased,0.0,0.0,0.0,"{""increased"": 0.0, ""decreased"": 1.0, ""roughly_unchanged"": 0.0, ""insufficient_data"": 0.0}",-0.0,-0.0,10,10,1.0,True,0.0,0.2876820724517809,1.0,1.0,,llama3.3:70b,convfinqa,numeric_to_directional,committed
hqa_CFQ_642330e7,F,directional_change,0,10,hedgeqa_oracle,,False,,1.0,True,0.6881388137135884,0.641937984532075,0.04620082918151347,0.7131388137135884,0.691937984532075,0.021200829181513448,0.49638722699390414,0.4630603734213403,0.0333268535725638,0.06713882179118413,increased,0.0,0.0,0.0,"{""increased"": 0.55, ""decreased"": 0.45, ""roughly_unchanged"": 0.0, ""insufficient_data"": 0.0}",0.6730116670092565,0.6108643020548935,10,10,0.55,True,0.4049999999999999,0.7985076962177716,0.4,0.7,,llama3.3:70b,convfinqa,numeric_to_directional,committed
hqa_CFQ_642330e7,F,directional_change,1,10,hedgeqa_oracle,,False,,1.0,True,-0.0,0.0,-0.0,0.0,0.0,0.0,-0.0,0.0,-0.0,0.0,increased,0.0,0.0,0.0,"{""increased"": 1.0, ""decreased"": 0.0, ""roughly_unchanged"": 0.0, ""insufficient_data"": 0.0}",-0.0,-0.0,10,10,1.0,True,0.0,0.2876820724517809,1.0,1.0,,llama3.3:70b,convfinqa,numeric_to_directional,committed
hqa_CFQ_64646a26_masked,F,directional_change,0,10,hedgeqa_oracle,,False,,1.0,True,0.5623351446188083,0.49904732020035236,0.06328782441845593,0.5873351446188083,0.5490473202003524,0.03828782441845591,0.4056390622295664,0.3599865470109875,0.04565251521857891,0.11254467202357951,insufficient_data,0.75,0.9,0.6,"{""increased"": 0.25, ""decreased"": 0.0, ""roughly_unchanged"": 0.0, ""insufficient_data"": 0.75}",0.3250829733914482,0.6730116670092565,10,10,0.75,True,0.125,0.5389965007326869,0.9,0.6,,llama3.3:70b,convfinqa,evidence_masked_insufficient,noncommitted
hqa_CFQ_64646a26_masked,F,directional_change,1,10,hedgeqa_oracle,,False,,1.0,True,-0.0,0.0,-0.0,0.0,0.0,0.0,-0.0,0.0,-0.0,0.0,insufficient_data,1.0,1.0,1.0,"{""increased"": 0.0, ""decreased"": 0.0, ""roughly_unchanged"": 0.0, ""insufficient_data"": 1.0}",-0.0,-0.0,10,10,1.0,True,0.0,0.2876820724517809,1.0,1.0,,llama3.3:70b,convfinqa,evidence_masked_insufficient,noncommitted
hqa_CFQ_654d0297,F,directional_change,0,10,hedgeqa_oracle,,False,,1.0,True,-0.0,0.0,-0.0,0.0,0.0,0.0,-0.0,0.0,-0.0,0.0,increased,0.0,0.0,0.0,"{""increased"": 1.0, ""decreased"": 0.0, ""roughly_unchanged"": 0.0, ""insufficient_data"": 0.0}",-0.0,-0.0,10,10,1.0,True,0.0,0.2876820724517809,1.0,1.0,,llama3.3:70b,convfinqa,numeric_to_directional,committed
hqa_CFQ_654d0297,F,directional_change,1,10,hedgeqa_oracle,,False,,1.0,True,-0.0,0.0,-0.0,0.0,0.0,0.0,-0.0,0.0,-0.0,0.0,increased,0.0,0.0,0.0,"{""increased"": 1.0, ""decreased"": 0.0, ""roughly_unchanged"": 0.0, ""insufficient_data"": 0.0}",-0.0,-0.0,10,10,1.0,True,0.0,0.2876820724517809,1.0,1.0,,llama3.3:70b,convfinqa,numeric_to_directional,committed
hqa_CFQ_66b29a53_masked,F,directional_change,0,10,hedgeqa_oracle,,False,,1.0,True,-0.0,0.0,-0.0,0.0,0.0,0.0,-0.0,0.0,-0.0,0.0,insufficient_data,1.0,1.0,1.0,"{""increased"": 0.0, ""decreased"": 0.0, ""roughly_unchanged"": 0.0, ""insufficient_data"": 1.0}",-0.0,-0.0,10,10,1.0,True,0.0,0.2876820724517809,1.0,1.0,,llama3.3:70b,convfinqa,evidence_masked_insufficient,noncommitted
hqa_CFQ_66b29a53_masked,F,directional_change,1,10,hedgeqa_oracle,,False,,1.0,True,-0.0,0.0,-0.0,0.0,0.0,0.0,-0.0,0.0,-0.0,0.0,insufficient_data,1.0,1.0,1.0,"{""increased"": 0.0, ""decreased"": 0.0, ""roughly_unchanged"": 0.0, ""insufficient_data"": 1.0}",-0.0,-0.0,10,10,1.0,True,0.0,0.2876820724517809,1.0,1.0,,llama3.3:70b,convfinqa,evidence_masked_insufficient,noncommitted
hqa_CFQ_6aedbd76_masked,F,directional_change,0,10,hedgeqa_oracle,,False,,1.0,True,-0.0,0.0,-0.0,0.0,0.0,0.0,-0.0,0.0,-0.0,0.0,insufficient_data,1.0,1.0,1.0,"{""increased"": 0.0, ""decreased"": 0.0, ""roughly_unchanged"": 0.0, ""insufficient_data"": 1.0}",-0.0,-0.0,10,10,1.0,True,0.0,0.2876820724517809,1.0,1.0,,llama3.3:70b,convfinqa,evidence_masked_insufficient,noncommitted
hqa_CFQ_6aedbd76_masked,F,directional_change,1,10,hedgeqa_oracle,,False,,1.0,True,-0.0,0.0,-0.0,0.0,0.0,0.0,-0.0,0.0,-0.0,0.0,insufficient_data,1.0,1.0,1.0,"{""increased"": 0.0, ""decreased"": 0.0, ""roughly_unchanged"": 0.0, ""insufficient_data"": 1.0}",-0.0,-0.0,10,10,1.0,True,0.0,0.2876820724517809,1.0,1.0,,llama3.3:70b,convfinqa,evidence_masked_insufficient,noncommitted
hqa_CFQ_6e99706b_masked,F,directional_change,0,10,hedgeqa_oracle,,False,,1.0,True,-0.0,0.0,-0.0,0.0,0.0,0.0,-0.0,0.0,-0.0,0.0,insufficient_data,1.0,1.0,1.0,"{""increased"": 0.0, ""decreased"": 0.0, ""roughly_unchanged"": 0.0, ""insufficient_data"": 1.0}",-0.0,-0.0,10,10,1.0,True,0.0,0.2876820724517809,1.0,1.0,,llama3.3:70b,convfinqa,evidence_masked_insufficient,noncommitted
hqa_CFQ_6e99706b_masked,F,directional_change,1,10,hedgeqa_oracle,,False,,1.0,True,-0.0,0.0,-0.0,0.0,0.0,0.0,-0.0,0.0,-0.0,0.0,insufficient_data,1.0,1.0,1.0,"{""increased"": 0.0, ""decreased"": 0.0, ""roughly_unchanged"": 0.0, ""insufficient_data"": 1.0}",-0.0,-0.0,10,10,1.0,True,0.0,0.2876820724517809,1.0,1.0,,llama3.3:70b,convfinqa,evidence_masked_insufficient,noncommitted
hqa_CFQ_72ebe479,F,directional_change,0,10,hedgeqa_oracle,,False,,1.0,True,-0.0,0.0,-0.0,0.0,0.0,0.0,-0.0,0.0,-0.0,0.0,increased,0.0,0.0,0.0,"{""increased"": 1.0, ""decreased"": 0.0, ""roughly_unchanged"": 0.0, ""insufficient_data"": 0.0}",-0.0,-0.0,10,10,1.0,True,0.0,0.2876820724517809,1.0,1.0,,llama3.3:70b,convfinqa,numeric_to_directional,committed
hqa_CFQ_72ebe479,F,directional_change,1,10,hedgeqa_oracle,,False,,1.0,True,-0.0,0.0,-0.0,0.0,0.0,0.0,-0.0,0.0,-0.0,0.0,increased,0.0,0.0,0.0,"{""increased"": 1.0, ""decreased"": 0.0, ""roughly_unchanged"": 0.0, ""insufficient_data"": 0.0}",-0.0,-0.0,10,10,1.0,True,0.0,0.2876820724517809,1.0,1.0,,llama3.3:70b,convfinqa,numeric_to_directional,committed
hqa_CFQ_76164f50,F,directional_change,0,10,hedgeqa_oracle,,False,,1.0,True,-0.0,0.0,-0.0,0.0,0.0,0.0,-0.0,0.0,-0.0,0.0,increased,0.0,0.0,0.0,"{""increased"": 1.0, ""decreased"": 0.0, ""roughly_unchanged"": 0.0, ""insufficient_data"": 0.0}",-0.0,-0.0,10,10,1.0,True,0.0,0.2876820724517809,1.0,1.0,,llama3.3:70b,convfinqa,numeric_to_directional,committed
hqa_CFQ_76164f50,F,directional_change,1,10,hedgeqa_oracle,,False,,1.0,True,-0.0,0.0,-0.0,0.0,0.0,0.0,-0.0,0.0,-0.0,0.0,increased,0.0,0.0,0.0,"{""increased"": 1.0, ""decreased"": 0.0, ""roughly_unchanged"": 0.0, ""insufficient_data"": 0.0}",-0.0,-0.0,10,10,1.0,True,0.0,0.2876820724517809,1.0,1.0,,llama3.3:70b,convfinqa,numeric_to_directional,committed
hqa_CFQ_782828a3_masked,F,directional_change,0,10,hedgeqa_oracle,,False,,1.0,True,-0.0,0.0,-0.0,0.0,0.0,0.0,-0.0,0.0,-0.0,0.0,insufficient_data,1.0,1.0,1.0,"{""increased"": 0.0, ""decreased"": 0.0, ""roughly_unchanged"": 0.0, ""insufficient_data"": 1.0}",-0.0,-0.0,10,10,1.0,True,0.0,0.2876820724517809,1.0,1.0,,llama3.3:70b,convfinqa,evidence_masked_insufficient,noncommitted
hqa_CFQ_782828a3_masked,F,directional_change,1,10,hedgeqa_oracle,,False,,1.0,True,-0.0,0.0,-0.0,0.0,0.0,0.0,-0.0,0.0,-0.0,0.0,insufficient_data,1.0,1.0,1.0,"{""increased"": 0.0, ""decreased"": 0.0, ""roughly_unchanged"": 0.0, ""insufficient_data"": 1.0}",-0.0,-0.0,10,10,1.0,True,0.0,0.2876820724517809,1.0,1.0,,llama3.3:70b,convfinqa,evidence_masked_insufficient,noncommitted
hqa_CFQ_7897a7cc_masked,F,directional_change,0,10,hedgeqa_oracle,,False,,1.0,True,-0.0,0.0,-0.0,0.0,0.0,0.0,-0.0,0.0,-0.0,0.0,increased,0.0,0.0,0.0,"{""increased"": 1.0, ""decreased"": 0.0, ""roughly_unchanged"": 0.0, ""insufficient_data"": 0.0}",-0.0,-0.0,10,10,0.0,False,2.0,2.4849066497880004,0.0,0.0,,llama3.3:70b,convfinqa,evidence_masked_insufficient,noncommitted
hqa_CFQ_7897a7cc_masked,F,directional_change,1,10,hedgeqa_oracle,,False,,1.0,True,-0.0,0.0,-0.0,0.0,0.0,0.0,-0.0,0.0,-0.0,0.0,increased,0.0,0.0,0.0,"{""increased"": 1.0, ""decreased"": 0.0, ""roughly_unchanged"": 0.0, ""insufficient_data"": 0.0}",-0.0,-0.0,10,10,0.0,False,2.0,2.4849066497880004,0.0,0.0,,llama3.3:70b,convfinqa,evidence_masked_insufficient,noncommitted
hqa_CFQ_7f731a74_masked,F,directional_change,0,10,hedgeqa_oracle,,False,,1.0,True,-0.0,0.0,-0.0,0.0,0.0,0.0,-0.0,0.0,-0.0,0.0,insufficient_data,1.0,1.0,1.0,"{""increased"": 0.0, ""decreased"": 0.0, ""roughly_unchanged"": 0.0, ""insufficient_data"": 1.0}",-0.0,-0.0,10,10,1.0,True,0.0,0.2876820724517809,1.0,1.0,,llama3.3:70b,convfinqa,evidence_masked_insufficient,noncommitted
hqa_CFQ_7f731a74_masked,F,directional_change,1,10,hedgeqa_oracle,,False,,1.0,True,-0.0,0.0,-0.0,0.0,0.0,0.0,-0.0,0.0,-0.0,0.0,insufficient_data,1.0,1.0,1.0,"{""increased"": 0.0, ""decreased"": 0.0, ""roughly_unchanged"": 0.0, ""insufficient_data"": 1.0}",-0.0,-0.0,10,10,1.0,True,0.0,0.2876820724517809,1.0,1.0,,llama3.3:70b,convfinqa,evidence_masked_insufficient,noncommitted
hqa_CFQ_847e456a,F,directional_change,0,10,hedgeqa_oracle,,False,,1.0,True,-0.0,0.0,-0.0,0.0,0.0,0.0,-0.0,0.0,-0.0,0.0,decreased,0.0,0.0,0.0,"{""increased"": 0.0, ""decreased"": 1.0, ""roughly_unchanged"": 0.0, ""insufficient_data"": 0.0}",-0.0,-0.0,10,10,1.0,True,0.0,0.2876820724517809,1.0,1.0,,llama3.3:70b,convfinqa,numeric_to_directional,committed
hqa_CFQ_847e456a,F,directional_change,1,10,hedgeqa_oracle,,False,,1.0,True,-0.0,0.0,-0.0,0.0,0.0,0.0,-0.0,0.0,-0.0,0.0,decreased,0.0,0.0,0.0,"{""increased"": 0.0, ""decreased"": 1.0, ""roughly_unchanged"": 0.0, ""insufficient_data"": 0.0}",-0.0,-0.0,10,10,1.0,True,0.0,0.2876820724517809,1.0,1.0,,llama3.3:70b,convfinqa,numeric_to_directional,committed
hqa_CFQ_84869786,F,directional_change,0,10,hedgeqa_oracle,,False,,1.0,True,-0.0,0.0,-0.0,0.0,0.0,0.0,-0.0,0.0,-0.0,0.0,decreased,0.0,0.0,0.0,"{""increased"": 0.0, ""decreased"": 1.0, ""roughly_unchanged"": 0.0, ""insufficient_data"": 0.0}",-0.0,-0.0,10,10,1.0,True,0.0,0.2876820724517809,1.0,1.0,,llama3.3:70b,convfinqa,numeric_to_directional,committed
hqa_CFQ_84869786,F,directional_change,1,10,hedgeqa_oracle,,False,,1.0,True,-0.0,0.0,-0.0,0.0,0.0,0.0,-0.0,0.0,-0.0,0.0,decreased,0.0,0.0,0.0,"{""increased"": 0.0, ""decreased"": 1.0, ""roughly_unchanged"": 0.0, ""insufficient_data"": 0.0}",-0.0,-0.0,10,10,1.0,True,0.0,0.2876820724517809,1.0,1.0,,llama3.3:70b,convfinqa,numeric_to_directional,committed
hqa_CFQ_870de807,F,directional_change,0,10,hedgeqa_oracle,,False,,1.0,True,-0.0,0.0,-0.0,0.0,0.0,0.0,-0.0,0.0,-0.0,0.0,increased,0.0,0.0,0.0,"{""increased"": 1.0, ""decreased"": 0.0, ""roughly_unchanged"": 0.0, ""insufficient_data"": 0.0}",-0.0,-0.0,10,10,1.0,True,0.0,0.2876820724517809,1.0,1.0,,llama3.3:70b,convfinqa,numeric_to_directional,committed
hqa_CFQ_870de807,F,directional_change,1,10,hedgeqa_oracle,,False,,1.0,True,-0.0,0.0,-0.0,0.0,0.0,0.0,-0.0,0.0,-0.0,0.0,increased,0.0,0.0,0.0,"{""increased"": 1.0, ""decreased"": 0.0, ""roughly_unchanged"": 0.0, ""insufficient_data"": 0.0}",-0.0,-0.0,10,10,1.0,True,0.0,0.2876820724517809,1.0,1.0,,llama3.3:70b,convfinqa,numeric_to_directional,committed
hqa_CFQ_893fb41a_masked,F,directional_change,0,10,hedgeqa_oracle,,False,,1.0,True,-0.0,0.0,-0.0,0.0,0.0,0.0,-0.0,0.0,-0.0,0.0,insufficient_data,1.0,1.0,1.0,"{""increased"": 0.0, ""decreased"": 0.0, ""roughly_unchanged"": 0.0, ""insufficient_data"": 1.0}",-0.0,-0.0,10,10,1.0,True,0.0,0.2876820724517809,1.0,1.0,,llama3.3:70b,convfinqa,evidence_masked_insufficient,noncommitted
hqa_CFQ_893fb41a_masked,F,directional_change,1,10,hedgeqa_oracle,,False,,1.0,True,-0.0,0.0,-0.0,0.0,0.0,0.0,-0.0,0.0,-0.0,0.0,insufficient_data,1.0,1.0,1.0,"{""increased"": 0.0, ""decreased"": 0.0, ""roughly_unchanged"": 0.0, ""insufficient_data"": 1.0}",-0.0,-0.0,10,10,1.0,True,0.0,0.2876820724517809,1.0,1.0,,llama3.3:70b,convfinqa,evidence_masked_insufficient,noncommitted
hqa_CFQ_8a8b8535,F,directional_change,0,10,hedgeqa_oracle,,False,,1.0,True,-0.0,0.0,-0.0,0.0,0.0,0.0,-0.0,0.0,-0.0,0.0,decreased,0.0,0.0,0.0,"{""increased"": 0.0, ""decreased"": 1.0, ""roughly_unchanged"": 0.0, ""insufficient_data"": 0.0}",-0.0,-0.0,10,10,1.0,True,0.0,0.2876820724517809,1.0,1.0,,llama3.3:70b,convfinqa,numeric_to_directional,committed
hqa_CFQ_8a8b8535,F,directional_change,1,10,hedgeqa_oracle,,False,,1.0,True,-0.0,0.0,-0.0,0.0,0.0,0.0,-0.0,0.0,-0.0,0.0,decreased,0.0,0.0,0.0,"{""increased"": 0.0, ""decreased"": 1.0, ""roughly_unchanged"": 0.0, ""insufficient_data"": 0.0}",-0.0,-0.0,10,10,1.0,True,0.0,0.2876820724517809,1.0,1.0,,llama3.3:70b,convfinqa,numeric_to_directional,committed
hqa_CFQ_8bd6d28a,F,directional_change,0,10,hedgeqa_oracle,,False,,1.0,True,-0.0,0.0,-0.0,0.0,0.0,0.0,-0.0,0.0,-0.0,0.0,increased,0.0,0.0,0.0,"{""increased"": 1.0, ""decreased"": 0.0, ""roughly_unchanged"": 0.0, ""insufficient_data"": 0.0}",-0.0,-0.0,10,10,1.0,True,0.0,0.2876820724517809,1.0,1.0,,llama3.3:70b,convfinqa,numeric_to_directional,committed
hqa_CFQ_8bd6d28a,F,directional_change,1,10,hedgeqa_oracle,,False,,1.0,True,-0.0,0.0,-0.0,0.0,0.0,0.0,-0.0,0.0,-0.0,0.0,increased,0.0,0.0,0.0,"{""increased"": 1.0, ""decreased"": 0.0, ""roughly_unchanged"": 0.0, ""insufficient_data"": 0.0}",-0.0,-0.0,10,10,1.0,True,0.0,0.2876820724517809,1.0,1.0,,llama3.3:70b,convfinqa,numeric_to_directional,committed
hqa_CFQ_8f75ba7a,F,directional_change,0,10,hedgeqa_oracle,,False,,1.0,True,0.5004024235381879,0.33650583350462826,0.1638965900335596,0.5254024235381879,0.3615058335046283,0.1638965900335596,0.36096404744368116,0.2427376486136672,0.11822639883001398,0.3275295688512027,roughly_unchanged,0.0,0.0,0.0,"{""increased"": 0.2, ""decreased"": 0.0, ""roughly_unchanged"": 0.8, ""insufficient_data"": 0.0}",-0.0,0.6730116670092565,10,10,0.8,True,0.07999999999999999,0.4834266495778762,1.0,0.6,,llama3.3:70b,convfinqa,numeric_to_directional,committed
hqa_CFQ_8f75ba7a,F,directional_change,1,10,hedgeqa_oracle,,False,,1.0,True,-0.0,0.0,-0.0,0.0,0.0,0.0,-0.0,0.0,-0.0,0.0,roughly_unchanged,0.0,0.0,0.0,"{""increased"": 0.0, ""decreased"": 0.0, ""roughly_unchanged"": 1.0, ""insufficient_data"": 0.0}",-0.0,-0.0,10,10,1.0,True,0.0,0.2876820724517809,1.0,1.0,,llama3.3:70b,convfinqa,numeric_to_directional,committed
hqa_CFQ_9621ac0e,F,directional_change,0,10,hedgeqa_oracle,,False,,1.0,True,-0.0,0.0,-0.0,0.0,0.0,0.0,-0.0,0.0,-0.0,0.0,decreased,0.0,0.0,0.0,"{""increased"": 0.0, ""decreased"": 1.0, ""roughly_unchanged"": 0.0, ""insufficient_data"": 0.0}",-0.0,-0.0,10,10,1.0,True,0.0,0.2876820724517809,1.0,1.0,,llama3.3:70b,convfinqa,numeric_to_directional,committed
hqa_CFQ_9621ac0e,F,directional_change,1,10,hedgeqa_oracle,,False,,1.0,True,-0.0,0.0,-0.0,0.0,0.0,0.0,-0.0,0.0,-0.0,0.0,decreased,0.0,0.0,0.0,"{""increased"": 0.0, ""decreased"": 1.0, ""roughly_unchanged"": 0.0, ""insufficient_data"": 0.0}",-0.0,-0.0,10,10,1.0,True,0.0,0.2876820724517809,1.0,1.0,,llama3.3:70b,convfinqa,numeric_to_directional,committed
hqa_CFQ_9cddac48,F,directional_change,0,10,hedgeqa_oracle,,False,,1.0,True,-0.0,0.0,-0.0,0.0,0.0,0.0,-0.0,0.0,-0.0,0.0,decreased,0.0,0.0,0.0,"{""increased"": 0.0, ""decreased"": 1.0, ""roughly_unchanged"": 0.0, ""insufficient_data"": 0.0}",-0.0,-0.0,10,10,0.0,False,2.0,2.4849066497880004,0.0,0.0,,llama3.3:70b,convfinqa,numeric_to_directional,committed
hqa_CFQ_9cddac48,F,directional_change,1,10,hedgeqa_oracle,,False,,1.0,True,-0.0,0.0,-0.0,0.0,0.0,0.0,-0.0,0.0,-0.0,0.0,decreased,0.0,0.0,0.0,"{""increased"": 0.0, ""decreased"": 1.0, ""roughly_unchanged"": 0.0, ""insufficient_data"": 0.0}",-0.0,-0.0,10,10,0.0,False,2.0,2.4849066497880004,0.0,0.0,,llama3.3:70b,convfinqa,numeric_to_directional,committed
hqa_CFQ_ad675ca7_masked,F,directional_change,0,10,hedgeqa_oracle,,False,,1.0,True,-0.0,0.0,-0.0,0.0,0.0,0.0,-0.0,0.0,-0.0,0.0,insufficient_data,1.0,1.0,1.0,"{""increased"": 0.0, ""decreased"": 0.0, ""roughly_unchanged"": 0.0, ""insufficient_data"": 1.0}",-0.0,-0.0,10,10,1.0,True,0.0,0.2876820724517809,1.0,1.0,,llama3.3:70b,convfinqa,evidence_masked_insufficient,noncommitted
hqa_CFQ_ad675ca7_masked,F,directional_change,1,10,hedgeqa_oracle,,False,,1.0,True,-0.0,0.0,-0.0,0.0,0.0,0.0,-0.0,0.0,-0.0,0.0,insufficient_data,1.0,1.0,1.0,"{""increased"": 0.0, ""decreased"": 0.0, ""roughly_unchanged"": 0.0, ""insufficient_data"": 1.0}",-0.0,-0.0,10,10,1.0,True,0.0,0.2876820724517809,1.0,1.0,,llama3.3:70b,convfinqa,evidence_masked_insufficient,noncommitted
hqa_CFQ_b6555530,F,directional_change,0,10,hedgeqa_oracle,,False,,1.0,True,-0.0,0.0,-0.0,0.0,0.0,0.0,-0.0,0.0,-0.0,0.0,roughly_unchanged,0.0,0.0,0.0,"{""increased"": 0.0, ""decreased"": 0.0, ""roughly_unchanged"": 1.0, ""insufficient_data"": 0.0}",-0.0,-0.0,10,10,1.0,True,0.0,0.2876820724517809,1.0,1.0,,llama3.3:70b,convfinqa,numeric_to_directional,committed
hqa_CFQ_b6555530,F,directional_change,1,10,hedgeqa_oracle,,False,,1.0,True,-0.0,0.0,-0.0,0.0,0.0,0.0,-0.0,0.0,-0.0,0.0,roughly_unchanged,0.0,0.0,0.0,"{""increased"": 0.0, ""decreased"": 0.0, ""roughly_unchanged"": 1.0, ""insufficient_data"": 0.0}",-0.0,-0.0,10,10,1.0,True,0.0,0.2876820724517809,1.0,1.0,,llama3.3:70b,convfinqa,numeric_to_directional,committed
hqa_CFQ_ba327bc7,F,directional_change,0,10,hedgeqa_oracle,,False,,1.0,True,-0.0,0.0,-0.0,0.0,0.0,0.0,-0.0,0.0,-0.0,0.0,increased,0.0,0.0,0.0,"{""increased"": 1.0, ""decreased"": 0.0, ""roughly_unchanged"": 0.0, ""insufficient_data"": 0.0}",-0.0,-0.0,10,10,1.0,True,0.0,0.2876820724517809,1.0,1.0,,llama3.3:70b,convfinqa,numeric_to_directional,committed
hqa_CFQ_ba327bc7,F,directional_change,1,10,hedgeqa_oracle,,False,,1.0,True,-0.0,0.0,-0.0,0.0,0.0,0.0,-0.0,0.0,-0.0,0.0,increased,0.0,0.0,0.0,"{""increased"": 1.0, ""decreased"": 0.0, ""roughly_unchanged"": 0.0, ""insufficient_data"": 0.0}",-0.0,-0.0,10,10,1.0,True,0.0,0.2876820724517809,1.0,1.0,,llama3.3:70b,convfinqa,numeric_to_directional,committed
hqa_CFQ_bce1262b,F,directional_change,0,10,hedgeqa_oracle,,False,,1.0,True,-0.0,0.0,-0.0,0.0,0.0,0.0,-0.0,0.0,-0.0,0.0,increased,0.0,0.0,0.0,"{""increased"": 1.0, ""decreased"": 0.0, ""roughly_unchanged"": 0.0, ""insufficient_data"": 0.0}",-0.0,-0.0,10,10,1.0,True,0.0,0.2876820724517809,1.0,1.0,,llama3.3:70b,convfinqa,numeric_to_directional,committed
hqa_CFQ_bce1262b,F,directional_change,1,10,hedgeqa_oracle,,False,,1.0,True,-0.0,0.0,-0.0,0.0,0.0,0.0,-0.0,0.0,-0.0,0.0,increased,0.0,0.0,0.0,"{""increased"": 1.0, ""decreased"": 0.0, ""roughly_unchanged"": 0.0, ""insufficient_data"": 0.0}",-0.0,-0.0,10,10,1.0,True,0.0,0.2876820724517809,1.0,1.0,,llama3.3:70b,convfinqa,numeric_to_directional,committed
hqa_CFQ_c80d1d26,F,directional_change,0,10,hedgeqa_oracle,,False,,1.0,True,-0.0,0.0,-0.0,0.0,0.0,0.0,-0.0,0.0,-0.0,0.0,decreased,0.0,0.0,0.0,"{""increased"": 0.0, ""decreased"": 1.0, ""roughly_unchanged"": 0.0, ""insufficient_data"": 0.0}",-0.0,-0.0,10,10,1.0,True,0.0,0.2876820724517809,1.0,1.0,,llama3.3:70b,convfinqa,numeric_to_directional,committed
hqa_CFQ_c80d1d26,F,directional_change,1,10,hedgeqa_oracle,,False,,1.0,True,-0.0,0.0,-0.0,0.0,0.0,0.0,-0.0,0.0,-0.0,0.0,decreased,0.0,0.0,0.0,"{""increased"": 0.0, ""decreased"": 1.0, ""roughly_unchanged"": 0.0, ""insufficient_data"": 0.0}",-0.0,-0.0,10,10,1.0,True,0.0,0.2876820724517809,1.0,1.0,,llama3.3:70b,convfinqa,numeric_to_directional,committed
hqa_CFQ_ca7d7f01,F,directional_change,0,10,hedgeqa_oracle,,False,,1.0,True,-0.0,0.0,-0.0,0.0,0.0,0.0,-0.0,0.0,-0.0,0.0,increased,0.0,0.0,0.0,"{""increased"": 1.0, ""decreased"": 0.0, ""roughly_unchanged"": 0.0, ""insufficient_data"": 0.0}",-0.0,-0.0,10,10,1.0,True,0.0,0.2876820724517809,1.0,1.0,,llama3.3:70b,convfinqa,numeric_to_directional,committed
hqa_CFQ_ca7d7f01,F,directional_change,1,10,hedgeqa_oracle,,False,,1.0,True,-0.0,0.0,-0.0,0.0,0.0,0.0,-0.0,0.0,-0.0,0.0,increased,0.0,0.0,0.0,"{""increased"": 1.0, ""decreased"": 0.0, ""roughly_unchanged"": 0.0, ""insufficient_data"": 0.0}",-0.0,-0.0,10,10,1.0,True,0.0,0.2876820724517809,1.0,1.0,,llama3.3:70b,convfinqa,numeric_to_directional,committed
hqa_CFQ_dea5f1e8_masked,F,directional_change,0,10,hedgeqa_oracle,,False,,1.0,True,-0.0,0.0,-0.0,0.0,0.0,0.0,-0.0,0.0,-0.0,0.0,increased,0.0,0.0,0.0,"{""increased"": 1.0, ""decreased"": 0.0, ""roughly_unchanged"": 0.0, ""insufficient_data"": 0.0}",-0.0,-0.0,10,10,0.0,False,2.0,2.4849066497880004,0.0,0.0,,llama3.3:70b,convfinqa,evidence_masked_insufficient,noncommitted
hqa_CFQ_dea5f1e8_masked,F,directional_change,1,10,hedgeqa_oracle,,False,,1.0,True,-0.0,0.0,-0.0,0.0,0.0,0.0,-0.0,0.0,-0.0,0.0,increased,0.0,0.0,0.0,"{""increased"": 1.0, ""decreased"": 0.0, ""roughly_unchanged"": 0.0, ""insufficient_data"": 0.0}",-0.0,-0.0,10,10,0.0,False,2.0,2.4849066497880004,0.0,0.0,,llama3.3:70b,convfinqa,evidence_masked_insufficient,noncommitted
hqa_CFQ_e1fe26ff,F,directional_change,0,10,hedgeqa_oracle,,False,,1.0,True,-0.0,0.0,-0.0,0.0,0.0,0.0,-0.0,0.0,-0.0,0.0,increased,0.0,0.0,0.0,"{""increased"": 1.0, ""decreased"": 0.0, ""roughly_unchanged"": 0.0, ""insufficient_data"": 0.0}",-0.0,-0.0,10,10,1.0,True,0.0,0.2876820724517809,1.0,1.0,,llama3.3:70b,convfinqa,numeric_to_directional,committed
hqa_CFQ_e1fe26ff,F,directional_change,1,10,hedgeqa_oracle,,False,,1.0,True,-0.0,0.0,-0.0,0.0,0.0,0.0,-0.0,0.0,-0.0,0.0,increased,0.0,0.0,0.0,"{""increased"": 1.0, ""decreased"": 0.0, ""roughly_unchanged"": 0.0, ""insufficient_data"": 0.0}",-0.0,-0.0,10,10,1.0,True,0.0,0.2876820724517809,1.0,1.0,,llama3.3:70b,convfinqa,numeric_to_directional,committed
hqa_CFQ_e2dffb49,F,directional_change,0,10,hedgeqa_oracle,,False,,1.0,True,-0.0,0.0,-0.0,0.0,0.0,0.0,-0.0,0.0,-0.0,0.0,increased,0.0,0.0,0.0,"{""increased"": 1.0, ""decreased"": 0.0, ""roughly_unchanged"": 0.0, ""insufficient_data"": 0.0}",-0.0,-0.0,10,10,1.0,True,0.0,0.2876820724517809,1.0,1.0,,llama3.3:70b,convfinqa,numeric_to_directional,committed
hqa_CFQ_e2dffb49,F,directional_change,1,10,hedgeqa_oracle,,False,,1.0,True,-0.0,0.0,-0.0,0.0,0.0,0.0,-0.0,0.0,-0.0,0.0,increased,0.0,0.0,0.0,"{""increased"": 1.0, ""decreased"": 0.0, ""roughly_unchanged"": 0.0, ""insufficient_data"": 0.0}",-0.0,-0.0,10,10,1.0,True,0.0,0.2876820724517809,1.0,1.0,,llama3.3:70b,convfinqa,numeric_to_directional,committed
hqa_CFQ_e45ced5c,F,directional_change,0,10,hedgeqa_oracle,,False,,1.0,True,-0.0,0.0,-0.0,0.0,0.0,0.0,-0.0,0.0,-0.0,0.0,decreased,0.0,0.0,0.0,"{""increased"": 0.0, ""decreased"": 1.0, ""roughly_unchanged"": 0.0, ""insufficient_data"": 0.0}",-0.0,-0.0,10,10,1.0,True,0.0,0.2876820724517809,1.0,1.0,,llama3.3:70b,convfinqa,numeric_to_directional,committed
hqa_CFQ_e45ced5c,F,directional_change,1,10,hedgeqa_oracle,,False,,1.0,True,-0.0,0.0,-0.0,0.0,0.0,0.0,-0.0,0.0,-0.0,0.0,decreased,0.0,0.0,0.0,"{""increased"": 0.0, ""decreased"": 1.0, ""roughly_unchanged"": 0.0, ""insufficient_data"": 0.0}",-0.0,-0.0,10,10,1.0,True,0.0,0.2876820724517809,1.0,1.0,,llama3.3:70b,convfinqa,numeric_to_directional,committed
hqa_CFQ_eaadc3af_masked,F,directional_change,0,10,hedgeqa_oracle,,False,,1.0,True,-0.0,0.0,-0.0,0.0,0.0,0.0,-0.0,0.0,-0.0,0.0,insufficient_data,1.0,1.0,1.0,"{""increased"": 0.0, ""decreased"": 0.0, ""roughly_unchanged"": 0.0, ""insufficient_data"": 1.0}",-0.0,-0.0,10,10,1.0,True,0.0,0.2876820724517809,1.0,1.0,,llama3.3:70b,convfinqa,evidence_masked_insufficient,noncommitted
hqa_CFQ_eaadc3af_masked,F,directional_change,1,10,hedgeqa_oracle,,False,,1.0,True,-0.0,0.0,-0.0,0.0,0.0,0.0,-0.0,0.0,-0.0,0.0,insufficient_data,1.0,1.0,1.0,"{""increased"": 0.0, ""decreased"": 0.0, ""roughly_unchanged"": 0.0, ""insufficient_data"": 1.0}",-0.0,-0.0,10,10,1.0,True,0.0,0.2876820724517809,1.0,1.0,,llama3.3:70b,convfinqa,evidence_masked_insufficient,noncommitted
hqa_CFQ_eaf13931,F,directional_change,0,10,hedgeqa_oracle,,False,,1.0,True,-0.0,0.0,-0.0,0.0,0.0,0.0,-0.0,0.0,-0.0,0.0,decreased,0.0,0.0,0.0,"{""increased"": 0.0, ""decreased"": 1.0, ""roughly_unchanged"": 0.0, ""insufficient_data"": 0.0}",-0.0,-0.0,10,10,1.0,True,0.0,0.2876820724517809,1.0,1.0,,llama3.3:70b,convfinqa,numeric_to_directional,committed
hqa_CFQ_eaf13931,F,directional_change,1,10,hedgeqa_oracle,,False,,1.0,True,-0.0,0.0,-0.0,0.0,0.0,0.0,-0.0,0.0,-0.0,0.0,decreased,0.0,0.0,0.0,"{""increased"": 0.0, ""decreased"": 1.0, ""roughly_unchanged"": 0.0, ""insufficient_data"": 0.0}",-0.0,-0.0,10,10,1.0,True,0.0,0.2876820724517809,1.0,1.0,,llama3.3:70b,convfinqa,numeric_to_directional,committed
hqa_CFQ_eb6cfd8c,F,directional_change,0,10,hedgeqa_oracle,,False,,1.0,True,-0.0,0.0,-0.0,0.0,0.0,0.0,-0.0,0.0,-0.0,0.0,increased,0.0,0.0,0.0,"{""increased"": 1.0, ""decreased"": 0.0, ""roughly_unchanged"": 0.0, ""insufficient_data"": 0.0}",-0.0,-0.0,10,10,1.0,True,0.0,0.2876820724517809,1.0,1.0,,llama3.3:70b,convfinqa,numeric_to_directional,committed
hqa_CFQ_eb6cfd8c,F,directional_change,1,10,hedgeqa_oracle,,False,,1.0,True,-0.0,0.0,-0.0,0.0,0.0,0.0,-0.0,0.0,-0.0,0.0,increased,0.0,0.0,0.0,"{""increased"": 1.0, ""decreased"": 0.0, ""roughly_unchanged"": 0.0, ""insufficient_data"": 0.0}",-0.0,-0.0,10,10,1.0,True,0.0,0.2876820724517809,1.0,1.0,,llama3.3:70b,convfinqa,numeric_to_directional,committed
hqa_CFQ_f1de8ce5,F,directional_change,0,10,hedgeqa_oracle,,False,,1.0,True,-0.0,0.0,-0.0,0.0,0.0,0.0,-0.0,0.0,-0.0,0.0,increased,0.0,0.0,0.0,"{""increased"": 1.0, ""decreased"": 0.0, ""roughly_unchanged"": 0.0, ""insufficient_data"": 0.0}",-0.0,-0.0,10,10,1.0,True,0.0,0.2876820724517809,1.0,1.0,,llama3.3:70b,convfinqa,numeric_to_directional,committed
hqa_CFQ_f1de8ce5,F,directional_change,1,10,hedgeqa_oracle,,False,,1.0,True,-0.0,0.0,-0.0,0.0,0.0,0.0,-0.0,0.0,-0.0,0.0,increased,0.0,0.0,0.0,"{""increased"": 1.0, ""decreased"": 0.0, ""roughly_unchanged"": 0.0, ""insufficient_data"": 0.0}",-0.0,-0.0,10,10,1.0,True,0.0,0.2876820724517809,1.0,1.0,,llama3.3:70b,convfinqa,numeric_to_directional,committed
hqa_CFQ_f3666c8b,F,directional_change,0,10,hedgeqa_oracle,,False,,1.0,True,-0.0,0.0,-0.0,0.0,0.0,0.0,-0.0,0.0,-0.0,0.0,increased,0.0,0.0,0.0,"{""increased"": 1.0, ""decreased"": 0.0, ""roughly_unchanged"": 0.0, ""insufficient_data"": 0.0}",-0.0,-0.0,10,10,1.0,True,0.0,0.2876820724517809,1.0,1.0,,llama3.3:70b,convfinqa,numeric_to_directional,committed
hqa_CFQ_f3666c8b,F,directional_change,1,10,hedgeqa_oracle,,False,,1.0,True,-0.0,0.0,-0.0,0.0,0.0,0.0,-0.0,0.0,-0.0,0.0,increased,0.0,0.0,0.0,"{""increased"": 1.0, ""decreased"": 0.0, ""roughly_unchanged"": 0.0, ""insufficient_data"": 0.0}",-0.0,-0.0,10,10,1.0,True,0.0,0.2876820724517809,1.0,1.0,,llama3.3:70b,convfinqa,numeric_to_directional,committed
hqa_CFQ_f82e55fe,F,directional_change,0,10,hedgeqa_oracle,,False,,1.0,True,-0.0,0.0,-0.0,0.0,0.0,0.0,-0.0,0.0,-0.0,0.0,decreased,0.0,0.0,0.0,"{""increased"": 0.0, ""decreased"": 1.0, ""roughly_unchanged"": 0.0, ""insufficient_data"": 0.0}",-0.0,-0.0,10,10,1.0,True,0.0,0.2876820724517809,1.0,1.0,,llama3.3:70b,convfinqa,numeric_to_directional,committed
hqa_CFQ_f82e55fe,F,directional_change,1,10,hedgeqa_oracle,,False,,1.0,True,-0.0,0.0,-0.0,0.0,0.0,0.0,-0.0,0.0,-0.0,0.0,decreased,0.0,0.0,0.0,"{""increased"": 0.0, ""decreased"": 1.0, ""roughly_unchanged"": 0.0, ""insufficient_data"": 0.0}",-0.0,-0.0,10,10,1.0,True,0.0,0.2876820724517809,1.0,1.0,,llama3.3:70b,convfinqa,numeric_to_directional,committed
hqa_CFQ_f9c627e5_masked,F,directional_change,0,10,hedgeqa_oracle,,False,,1.0,True,-0.0,0.0,-0.0,0.0,0.0,0.0,-0.0,0.0,-0.0,0.0,insufficient_data,1.0,1.0,1.0,"{""increased"": 0.0, ""decreased"": 0.0, ""roughly_unchanged"": 0.0, ""insufficient_data"": 1.0}",-0.0,-0.0,10,10,1.0,True,0.0,0.2876820724517809,1.0,1.0,,llama3.3:70b,convfinqa,evidence_masked_insufficient,noncommitted
hqa_CFQ_f9c627e5_masked,F,directional_change,1,10,hedgeqa_oracle,,False,,1.0,True,-0.0,0.0,-0.0,0.0,0.0,0.0,-0.0,0.0,-0.0,0.0,insufficient_data,1.0,1.0,1.0,"{""increased"": 0.0, ""decreased"": 0.0, ""roughly_unchanged"": 0.0, ""insufficient_data"": 1.0}",-0.0,-0.0,10,10,1.0,True,0.0,0.2876820724517809,1.0,1.0,,llama3.3:70b,convfinqa,evidence_masked_insufficient,noncommitted
hqa_FB_04a83e7c,F,yes_no,0,10,hedgeqa_oracle,,False,,1.0,True,-0.0,0.0,-0.0,0.0,0.0,0.0,-0.0,0.0,-0.0,0.0,yes,0.0,0.0,0.0,"{""yes"": 1.0, ""no"": 0.0, ""insufficient_data"": 0.0}",-0.0,-0.0,10,10,1.0,True,0.0,0.25131442828090605,1.0,1.0,,llama3.3:70b,financebench,none,committed
hqa_FB_04a83e7c,F,yes_no,1,10,hedgeqa_oracle,,False,,1.0,True,-0.0,0.0,-0.0,0.0,0.0,0.0,-0.0,0.0,-0.0,0.0,yes,0.0,0.0,0.0,"{""yes"": 1.0, ""no"": 0.0, ""insufficient_data"": 0.0}",-0.0,-0.0,10,10,1.0,True,0.0,0.25131442828090605,1.0,1.0,,llama3.3:70b,financebench,none,committed
hqa_FB_11e71606,F,yes_no,0,10,hedgeqa_oracle,,False,,1.0,True,-0.0,0.0,-0.0,0.0,0.0,0.0,-0.0,0.0,-0.0,0.0,no,0.0,0.0,0.0,"{""yes"": 0.0, ""no"": 1.0, ""insufficient_data"": 0.0}",-0.0,-0.0,10,10,1.0,True,0.0,0.25131442828090605,1.0,1.0,,llama3.3:70b,financebench,none,committed
hqa_FB_11e71606,F,yes_no,1,10,hedgeqa_oracle,,False,,1.0,True,-0.0,0.0,-0.0,0.0,0.0,0.0,-0.0,0.0,-0.0,0.0,no,0.0,0.0,0.0,"{""yes"": 0.0, ""no"": 1.0, ""insufficient_data"": 0.0}",-0.0,-0.0,10,10,1.0,True,0.0,0.25131442828090605,1.0,1.0,,llama3.3:70b,financebench,none,committed
hqa_FB_17e73c78,F,yes_no,0,10,hedgeqa_oracle,,False,,1.0,True,-0.0,0.0,-0.0,0.0,0.0,0.0,-0.0,0.0,-0.0,0.0,yes,0.0,0.0,0.0,"{""yes"": 1.0, ""no"": 0.0, ""insufficient_data"": 0.0}",-0.0,-0.0,10,10,1.0,True,0.0,0.25131442828090605,1.0,1.0,,llama3.3:70b,financebench,none,committed
hqa_FB_17e73c78,F,yes_no,1,10,hedgeqa_oracle,,False,,1.0,True,0.6931471805599453,0.0,0.6931471805599453,0.7181471805599453,0.0,0.7181471805599453,0.6309297535714574,0.0,0.6309297535714574,1.0,yes,0.0,0.0,0.0,"{""yes"": 0.5, ""no"": 0.5, ""insufficient_data"": 0.0}",-0.0,-0.0,10,10,0.5,True,0.5,0.8109302162163288,0.0,1.0,,llama3.3:70b,financebench,none,committed
hqa_FB_1858a6da_masked,F,yes_no,0,10,hedgeqa_oracle,,False,,1.0,True,-0.0,0.0,-0.0,0.0,0.0,0.0,-0.0,0.0,-0.0,0.0,yes,0.0,0.0,0.0,"{""yes"": 1.0, ""no"": 0.0, ""insufficient_data"": 0.0}",-0.0,-0.0,10,10,0.0,False,2.0,2.1972245773362196,0.0,0.0,,llama3.3:70b,financebench,evidence_masked_insufficient,noncommitted
hqa_FB_1858a6da_masked,F,yes_no,1,10,hedgeqa_oracle,,False,,1.0,True,0.6931471805599453,0.0,0.6931471805599453,0.7181471805599453,0.0,0.7181471805599453,0.6309297535714574,0.0,0.6309297535714574,1.0,yes,0.0,0.0,0.0,"{""yes"": 0.5, ""no"": 0.5, ""insufficient_data"": 0.0}",-0.0,-0.0,10,10,0.0,False,1.5,2.1972245773362196,0.0,0.0,,llama3.3:70b,financebench,evidence_masked_insufficient,noncommitted
hqa_FB_1890c92b,F,yes_no,0,10,hedgeqa_oracle,,False,,1.0,True,-0.0,0.0,-0.0,0.0,0.0,0.0,-0.0,0.0,-0.0,0.0,yes,0.0,0.0,0.0,"{""yes"": 1.0, ""no"": 0.0, ""insufficient_data"": 0.0}",-0.0,-0.0,10,10,1.0,True,0.0,0.25131442828090605,1.0,1.0,,llama3.3:70b,financebench,none,committed
hqa_FB_1890c92b,F,yes_no,1,10,hedgeqa_oracle,,False,,1.0,True,-0.0,0.0,-0.0,0.0,0.0,0.0,-0.0,0.0,-0.0,0.0,yes,0.0,0.0,0.0,"{""yes"": 1.0, ""no"": 0.0, ""insufficient_data"": 0.0}",-0.0,-0.0,10,10,1.0,True,0.0,0.25131442828090605,1.0,1.0,,llama3.3:70b,financebench,none,committed
hqa_FB_1da93057_masked,F,yes_no,0,10,hedgeqa_oracle,,False,,1.0,True,-0.0,0.0,-0.0,0.0,0.0,0.0,-0.0,0.0,-0.0,0.0,insufficient_data,1.0,1.0,1.0,"{""yes"": 0.0, ""no"": 0.0, ""insufficient_data"": 1.0}",-0.0,-0.0,10,10,1.0,True,0.0,0.25131442828090605,1.0,1.0,,llama3.3:70b,financebench,evidence_masked_insufficient,noncommitted
hqa_FB_1da93057_masked,F,yes_no,1,10,hedgeqa_oracle,,False,,1.0,True,-0.0,0.0,-0.0,0.0,0.0,0.0,-0.0,0.0,-0.0,0.0,insufficient_data,1.0,1.0,1.0,"{""yes"": 0.0, ""no"": 0.0, ""insufficient_data"": 1.0}",-0.0,-0.0,10,10,1.0,True,0.0,0.25131442828090605,1.0,1.0,,llama3.3:70b,financebench,evidence_masked_insufficient,noncommitted
hqa_FB_26099d20,F,yes_no,0,10,hedgeqa_oracle,,False,,1.0,True,-0.0,0.0,-0.0,0.0,0.0,0.0,-0.0,0.0,-0.0,0.0,yes,0.0,0.0,0.0,"{""yes"": 1.0, ""no"": 0.0, ""insufficient_data"": 0.0}",-0.0,-0.0,10,10,1.0,True,0.0,0.25131442828090605,1.0,1.0,,llama3.3:70b,financebench,none,committed
hqa_FB_26099d20,F,yes_no,1,10,hedgeqa_oracle,,False,,1.0,True,-0.0,0.0,-0.0,0.0,0.0,0.0,-0.0,0.0,-0.0,0.0,yes,0.0,0.0,0.0,"{""yes"": 1.0, ""no"": 0.0, ""insufficient_data"": 0.0}",-0.0,-0.0,10,10,1.0,True,0.0,0.25131442828090605,1.0,1.0,,llama3.3:70b,financebench,none,committed
hqa_FB_379b82eb,F,yes_no,0,10,hedgeqa_oracle,,False,,1.0,True,-0.0,0.0,-0.0,0.0,0.0,0.0,-0.0,0.0,-0.0,0.0,no,0.0,0.0,0.0,"{""yes"": 0.0, ""no"": 1.0, ""insufficient_data"": 0.0}",-0.0,-0.0,10,10,1.0,True,0.0,0.25131442828090605,1.0,1.0,,llama3.3:70b,financebench,none,committed
hqa_FB_379b82eb,F,yes_no,1,10,hedgeqa_oracle,,False,,1.0,True,-0.0,0.0,-0.0,0.0,0.0,0.0,-0.0,0.0,-0.0,0.0,no,0.0,0.0,0.0,"{""yes"": 0.0, ""no"": 1.0, ""insufficient_data"": 0.0}",-0.0,-0.0,10,10,1.0,True,0.0,0.25131442828090605,1.0,1.0,,llama3.3:70b,financebench,none,committed
hqa_FB_38d1ec9b,F,yes_no,0,10,hedgeqa_oracle,,False,,1.0,True,-0.0,0.0,-0.0,0.0,0.0,0.0,-0.0,0.0,-0.0,0.0,insufficient_data,1.0,1.0,1.0,"{""yes"": 0.0, ""no"": 0.0, ""insufficient_data"": 1.0}",-0.0,-0.0,10,10,0.0,False,2.0,2.1972245773362196,0.0,0.0,,llama3.3:70b,financebench,none,committed
hqa_FB_38d1ec9b,F,yes_no,1,10,hedgeqa_oracle,,False,,1.0,True,-0.0,0.0,-0.0,0.0,0.0,0.0,-0.0,0.0,-0.0,0.0,insufficient_data,1.0,1.0,1.0,"{""yes"": 0.0, ""no"": 0.0, ""insufficient_data"": 1.0}",-0.0,-0.0,10,10,0.0,False,2.0,2.1972245773362196,0.0,0.0,,llama3.3:70b,financebench,none,committed
hqa_FB_3a8f6edf,F,yes_no,0,10,hedgeqa_oracle,,False,,1.0,True,-0.0,0.0,-0.0,0.0,0.0,0.0,-0.0,0.0,-0.0,0.0,yes,0.0,0.0,0.0,"{""yes"": 1.0, ""no"": 0.0, ""insufficient_data"": 0.0}",-0.0,-0.0,10,10,0.0,False,2.0,2.1972245773362196,0.0,0.0,,llama3.3:70b,financebench,none,committed
hqa_FB_3a8f6edf,F,yes_no,1,10,hedgeqa_oracle,,False,,1.0,True,-0.0,0.0,-0.0,0.0,0.0,0.0,-0.0,0.0,-0.0,0.0,yes,0.0,0.0,0.0,"{""yes"": 1.0, ""no"": 0.0, ""insufficient_data"": 0.0}",-0.0,-0.0,10,10,0.0,False,2.0,2.1972245773362196,0.0,0.0,,llama3.3:70b,financebench,none,committed
hqa_FB_3d960a52,F,yes_no,0,10,hedgeqa_oracle,,False,,1.0,True,-0.0,0.0,-0.0,0.0,0.0,0.0,-0.0,0.0,-0.0,0.0,yes,0.0,0.0,0.0,"{""yes"": 1.0, ""no"": 0.0, ""insufficient_data"": 0.0}",-0.0,-0.0,10,10,1.0,True,0.0,0.25131442828090605,1.0,1.0,,llama3.3:70b,financebench,none,committed
hqa_FB_3d960a52,F,yes_no,1,10,hedgeqa_oracle,,False,,1.0,True,-0.0,0.0,-0.0,0.0,0.0,0.0,-0.0,0.0,-0.0,0.0,yes,0.0,0.0,0.0,"{""yes"": 1.0, ""no"": 0.0, ""insufficient_data"": 0.0}",-0.0,-0.0,10,10,1.0,True,0.0,0.25131442828090605,1.0,1.0,,llama3.3:70b,financebench,none,committed
hqa_FB_4fcce970,F,yes_no,0,10,hedgeqa_oracle,,False,,1.0,True,-0.0,0.0,-0.0,0.0,0.0,0.0,-0.0,0.0,-0.0,0.0,yes,0.0,0.0,0.0,"{""yes"": 1.0, ""no"": 0.0, ""insufficient_data"": 0.0}",-0.0,-0.0,10,10,0.0,False,2.0,2.1972245773362196,0.0,0.0,,llama3.3:70b,financebench,none,committed
hqa_FB_4fcce970,F,yes_no,1,10,hedgeqa_oracle,,False,,1.0,True,-0.0,0.0,-0.0,0.0,0.0,0.0,-0.0,0.0,-0.0,0.0,no,0.0,0.0,0.0,"{""yes"": 0.0, ""no"": 1.0, ""insufficient_data"": 0.0}",-0.0,-0.0,10,10,1.0,True,0.0,0.25131442828090605,1.0,1.0,,llama3.3:70b,financebench,none,committed
hqa_FB_59653c84,F,yes_no,0,10,hedgeqa_oracle,,False,,1.0,True,-0.0,0.0,-0.0,0.0,0.0,0.0,-0.0,0.0,-0.0,0.0,yes,0.0,0.0,0.0,"{""yes"": 1.0, ""no"": 0.0, ""insufficient_data"": 0.0}",-0.0,-0.0,10,10,1.0,True,0.0,0.25131442828090605,1.0,1.0,,llama3.3:70b,financebench,none,committed
hqa_FB_59653c84,F,yes_no,1,10,hedgeqa_oracle,,False,,1.0,True,-0.0,0.0,-0.0,0.0,0.0,0.0,-0.0,0.0,-0.0,0.0,yes,0.0,0.0,0.0,"{""yes"": 1.0, ""no"": 0.0, ""insufficient_data"": 0.0}",-0.0,-0.0,10,10,1.0,True,0.0,0.25131442828090605,1.0,1.0,,llama3.3:70b,financebench,none,committed
hqa_FB_5aee2b1c,F,yes_no,0,10,hedgeqa_oracle,,False,,1.0,True,0.42270908780599087,0.30543215102744675,0.11727693677854412,0.4477090878059909,0.3304321510274468,0.11727693677854412,0.384766393172661,0.2780163249381945,0.10675006823446649,0.2774412478029577,yes,0.0,0.0,0.0,"{""yes"": 0.85, ""no"": 0.15, ""insufficient_data"": 0.0}",0.6108643020548935,-0.0,10,10,0.85,True,0.045000000000000005,0.38893580615695394,0.7,1.0,,llama3.3:70b,financebench,none,committed
hqa_FB_5aee2b1c,F,yes_no,1,10,hedgeqa_oracle,,False,,1.0,True,0.6931471805599453,0.0,0.6931471805599453,0.7181471805599453,0.0,0.7181471805599453,0.6309297535714574,0.0,0.6309297535714574,1.0,yes,0.0,0.0,0.0,"{""yes"": 0.5, ""no"": 0.5, ""insufficient_data"": 0.0}",-0.0,-0.0,10,10,0.5,True,0.5,0.8109302162163288,1.0,0.0,,llama3.3:70b,financebench,none,committed
hqa_FB_6103ef6a,F,yes_no,0,10,hedgeqa_oracle,,False,,1.0,True,-0.0,0.0,-0.0,0.0,0.0,0.0,-0.0,0.0,-0.0,0.0,yes,0.0,0.0,0.0,"{""yes"": 1.0, ""no"": 0.0, ""insufficient_data"": 0.0}",-0.0,-0.0,10,10,1.0,True,0.0,0.25131442828090605,1.0,1.0,,llama3.3:70b,financebench,none,committed
hqa_FB_6103ef6a,F,yes_no,1,10,hedgeqa_oracle,,False,,1.0,True,-0.0,0.0,-0.0,0.0,0.0,0.0,-0.0,0.0,-0.0,0.0,yes,0.0,0.0,0.0,"{""yes"": 1.0, ""no"": 0.0, ""insufficient_data"": 0.0}",-0.0,-0.0,10,10,1.0,True,0.0,0.25131442828090605,1.0,1.0,,llama3.3:70b,financebench,none,committed
hqa_FB_68e15a3f,F,yes_no,0,10,hedgeqa_oracle,,False,,1.0,True,-0.0,0.0,-0.0,0.0,0.0,0.0,-0.0,0.0,-0.0,0.0,no,0.0,0.0,0.0,"{""yes"": 0.0, ""no"": 1.0, ""insufficient_data"": 0.0}",-0.0,-0.0,10,10,1.0,True,0.0,0.25131442828090605,1.0,1.0,,llama3.3:70b,financebench,none,committed
hqa_FB_68e15a3f,F,yes_no,1,10,hedgeqa_oracle,,False,,1.0,True,-0.0,0.0,-0.0,0.0,0.0,0.0,-0.0,0.0,-0.0,0.0,no,0.0,0.0,0.0,"{""yes"": 0.0, ""no"": 1.0, ""insufficient_data"": 0.0}",-0.0,-0.0,10,10,1.0,True,0.0,0.25131442828090605,1.0,1.0,,llama3.3:70b,financebench,none,committed
hqa_FB_6c175812,F,yes_no,0,10,hedgeqa_oracle,,False,,1.0,True,-0.0,0.0,-0.0,0.0,0.0,0.0,-0.0,0.0,-0.0,0.0,yes,0.0,0.0,0.0,"{""yes"": 1.0, ""no"": 0.0, ""insufficient_data"": 0.0}",-0.0,-0.0,10,10,1.0,True,0.0,0.25131442828090605,1.0,1.0,,llama3.3:70b,financebench,none,committed
hqa_FB_6c175812,F,yes_no,1,10,hedgeqa_oracle,,False,,1.0,True,-0.0,0.0,-0.0,0.0,0.0,0.0,-0.0,0.0,-0.0,0.0,yes,0.0,0.0,0.0,"{""yes"": 1.0, ""no"": 0.0, ""insufficient_data"": 0.0}",-0.0,-0.0,10,10,1.0,True,0.0,0.25131442828090605,1.0,1.0,,llama3.3:70b,financebench,none,committed
hqa_FB_7aa81e67,F,yes_no,0,10,hedgeqa_oracle,,False,,1.0,True,-0.0,0.0,-0.0,0.0,0.0,0.0,-0.0,0.0,-0.0,0.0,yes,0.0,0.0,0.0,"{""yes"": 1.0, ""no"": 0.0, ""insufficient_data"": 0.0}",-0.0,-0.0,10,10,1.0,True,0.0,0.25131442828090605,1.0,1.0,,llama3.3:70b,financebench,none,committed
hqa_FB_7aa81e67,F,yes_no,1,10,hedgeqa_oracle,,False,,1.0,True,-0.0,0.0,-0.0,0.0,0.0,0.0,-0.0,0.0,-0.0,0.0,yes,0.0,0.0,0.0,"{""yes"": 1.0, ""no"": 0.0, ""insufficient_data"": 0.0}",-0.0,-0.0,10,10,1.0,True,0.0,0.25131442828090605,1.0,1.0,,llama3.3:70b,financebench,none,committed
hqa_FB_7cc358e4_masked,F,yes_no,0,10,hedgeqa_oracle,,False,,1.0,True,0.5623351446188083,0.34657359027997264,0.21576155433883565,0.5873351446188083,0.37157359027997267,0.21576155433883565,0.5118595071429147,0.3154648767857287,0.1963946303571861,0.3836885465963443,insufficient_data,0.75,0.5,1.0,"{""yes"": 0.0, ""no"": 0.25, ""insufficient_data"": 0.75}",0.6931471805599453,-0.0,10,10,0.75,True,0.125,0.49247648509779407,0.5,1.0,,llama3.3:70b,financebench,evidence_masked_insufficient,noncommitted
hqa_FB_7cc358e4_masked,F,yes_no,1,10,hedgeqa_oracle,,False,,1.0,True,0.3250829733914482,0.25020121176909393,0.07488176162235427,0.3500829733914482,0.27520121176909396,0.07488176162235427,0.29590327428938457,0.2277429575017976,0.06816031678758694,0.23034661225454434,insufficient_data,0.9,1.0,0.8,"{""yes"": 0.0, ""no"": 0.1, ""insufficient_data"": 0.9}",-0.0,0.5004024235381879,10,10,0.9,True,0.019999999999999997,0.3409265869705932,1.0,0.8,,llama3.3:70b,financebench,evidence_masked_insufficient,noncommitted
hqa_FB_83caee0d,F,yes_no,0,10,hedgeqa_oracle,,False,,1.0,True,-0.0,0.0,-0.0,0.0,0.0,0.0,-0.0,0.0,-0.0,0.0,yes,0.0,0.0,0.0,"{""yes"": 1.0, ""no"": 0.0, ""insufficient_data"": 0.0}",-0.0,-0.0,10,10,0.0,False,2.0,2.1972245773362196,0.0,0.0,,llama3.3:70b,financebench,none,committed
hqa_FB_83caee0d,F,yes_no,1,10,hedgeqa_oracle,,False,,1.0,True,-0.0,0.0,-0.0,0.0,0.0,0.0,-0.0,0.0,-0.0,0.0,yes,0.0,0.0,0.0,"{""yes"": 1.0, ""no"": 0.0, ""insufficient_data"": 0.0}",-0.0,-0.0,10,10,0.0,False,2.0,2.1972245773362196,0.0,0.0,,llama3.3:70b,financebench,none,committed
hqa_FB_86637d3d_masked,F,yes_no,0,10,hedgeqa_oracle,,False,,1.0,True,-0.0,0.0,-0.0,0.0,0.0,0.0,-0.0,0.0,-0.0,0.0,insufficient_data,1.0,1.0,1.0,"{""yes"": 0.0, ""no"": 0.0, ""insufficient_data"": 1.0}",-0.0,-0.0,10,10,1.0,True,0.0,0.25131442828090605,1.0,1.0,,llama3.3:70b,financebench,evidence_masked_insufficient,noncommitted
hqa_FB_86637d3d_masked,F,yes_no,1,10,hedgeqa_oracle,,False,,1.0,True,-0.0,0.0,-0.0,0.0,0.0,0.0,-0.0,0.0,-0.0,0.0,insufficient_data,1.0,1.0,1.0,"{""yes"": 0.0, ""no"": 0.0, ""insufficient_data"": 1.0}",-0.0,-0.0,10,10,1.0,True,0.0,0.25131442828090605,1.0,1.0,,llama3.3:70b,financebench,evidence_masked_insufficient,noncommitted
hqa_FB_91b08071,F,yes_no,0,10,hedgeqa_oracle,,False,,1.0,True,-0.0,0.0,-0.0,0.0,0.0,0.0,-0.0,0.0,-0.0,0.0,no,0.0,0.0,0.0,"{""yes"": 0.0, ""no"": 1.0, ""insufficient_data"": 0.0}",-0.0,-0.0,10,10,1.0,True,0.0,0.25131442828090605,1.0,1.0,,llama3.3:70b,financebench,none,committed
hqa_FB_91b08071,F,yes_no,1,10,hedgeqa_oracle,,False,,1.0,True,-0.0,0.0,-0.0,0.0,0.0,0.0,-0.0,0.0,-0.0,0.0,no,0.0,0.0,0.0,"{""yes"": 0.0, ""no"": 1.0, ""insufficient_data"": 0.0}",-0.0,-0.0,10,10,1.0,True,0.0,0.25131442828090605,1.0,1.0,,llama3.3:70b,financebench,none,committed
hqa_FB_91c39cc9,F,yes_no,0,10,hedgeqa_oracle,,False,,1.0,True,-0.0,0.0,-0.0,0.0,0.0,0.0,-0.0,0.0,-0.0,0.0,yes,0.0,0.0,0.0,"{""yes"": 1.0, ""no"": 0.0, ""insufficient_data"": 0.0}",-0.0,-0.0,10,10,1.0,True,0.0,0.25131442828090605,1.0,1.0,,llama3.3:70b,financebench,none,committed
hqa_FB_91c39cc9,F,yes_no,1,10,hedgeqa_oracle,,False,,1.0,True,-0.0,0.0,-0.0,0.0,0.0,0.0,-0.0,0.0,-0.0,0.0,yes,0.0,0.0,0.0,"{""yes"": 1.0, ""no"": 0.0, ""insufficient_data"": 0.0}",-0.0,-0.0,10,10,1.0,True,0.0,0.25131442828090605,1.0,1.0,,llama3.3:70b,financebench,none,committed
hqa_FB_92610589,F,yes_no,0,10,hedgeqa_oracle,,False,,1.0,True,-0.0,0.0,-0.0,0.0,0.0,0.0,-0.0,0.0,-0.0,0.0,yes,0.0,0.0,0.0,"{""yes"": 1.0, ""no"": 0.0, ""insufficient_data"": 0.0}",-0.0,-0.0,10,10,1.0,True,0.0,0.25131442828090605,1.0,1.0,,llama3.3:70b,financebench,none,committed
hqa_FB_92610589,F,yes_no,1,10,hedgeqa_oracle,,False,,1.0,True,-0.0,0.0,-0.0,0.0,0.0,0.0,-0.0,0.0,-0.0,0.0,yes,0.0,0.0,0.0,"{""yes"": 1.0, ""no"": 0.0, ""insufficient_data"": 0.0}",-0.0,-0.0,10,10,1.0,True,0.0,0.25131442828090605,1.0,1.0,,llama3.3:70b,financebench,none,committed
hqa_FB_97a28182,F,yes_no,0,10,hedgeqa_oracle,,False,,1.0,True,-0.0,0.0,-0.0,0.0,0.0,0.0,-0.0,0.0,-0.0,0.0,insufficient_data,1.0,1.0,1.0,"{""yes"": 0.0, ""no"": 0.0, ""insufficient_data"": 1.0}",-0.0,-0.0,10,10,0.0,False,2.0,2.1972245773362196,0.0,0.0,,llama3.3:70b,financebench,none,committed
hqa_FB_97a28182,F,yes_no,1,10,hedgeqa_oracle,,False,,1.0,True,-0.0,0.0,-0.0,0.0,0.0,0.0,-0.0,0.0,-0.0,0.0,insufficient_data,1.0,1.0,1.0,"{""yes"": 0.0, ""no"": 0.0, ""insufficient_data"": 1.0}",-0.0,-0.0,10,10,0.0,False,2.0,2.1972245773362196,0.0,0.0,,llama3.3:70b,financebench,none,committed
hqa_FB_9954aa1f,F,yes_no,0,10,hedgeqa_oracle,,False,,1.0,True,-0.0,0.0,-0.0,0.0,0.0,0.0,-0.0,0.0,-0.0,0.0,yes,0.0,0.0,0.0,"{""yes"": 1.0, ""no"": 0.0, ""insufficient_data"": 0.0}",-0.0,-0.0,10,10,1.0,True,0.0,0.25131442828090605,1.0,1.0,,llama3.3:70b,financebench,none,committed
hqa_FB_9954aa1f,F,yes_no,1,10,hedgeqa_oracle,,False,,1.0,True,-0.0,0.0,-0.0,0.0,0.0,0.0,-0.0,0.0,-0.0,0.0,yes,0.0,0.0,0.0,"{""yes"": 1.0, ""no"": 0.0, ""insufficient_data"": 0.0}",-0.0,-0.0,10,10,1.0,True,0.0,0.25131442828090605,1.0,1.0,,llama3.3:70b,financebench,none,committed
hqa_FB_a1bda949,F,yes_no,0,10,hedgeqa_oracle,,False,,1.0,True,-0.0,0.0,-0.0,0.0,0.0,0.0,-0.0,0.0,-0.0,0.0,no,0.0,0.0,0.0,"{""yes"": 0.0, ""no"": 1.0, ""insufficient_data"": 0.0}",-0.0,-0.0,10,10,0.0,False,2.0,2.1972245773362196,0.0,0.0,,llama3.3:70b,financebench,none,committed
hqa_FB_a1bda949,F,yes_no,1,10,hedgeqa_oracle,,False,,1.0,True,0.6931471805599453,0.0,0.6931471805599453,0.7181471805599453,0.0,0.7181471805599453,0.6309297535714574,0.0,0.6309297535714574,1.0,yes,0.0,0.0,0.0,"{""yes"": 0.5, ""no"": 0.5, ""insufficient_data"": 0.0}",-0.0,-0.0,10,10,0.5,True,0.5,0.8109302162163288,1.0,0.0,,llama3.3:70b,financebench,none,committed
hqa_FB_a3a1549b,F,yes_no,0,10,hedgeqa_oracle,,False,,1.0,True,-0.0,0.0,-0.0,0.0,0.0,0.0,-0.0,0.0,-0.0,0.0,yes,0.0,0.0,0.0,"{""yes"": 1.0, ""no"": 0.0, ""insufficient_data"": 0.0}",-0.0,-0.0,10,10,1.0,True,0.0,0.25131442828090605,1.0,1.0,,llama3.3:70b,financebench,none,committed
hqa_FB_a3a1549b,F,yes_no,1,10,hedgeqa_oracle,,False,,1.0,True,-0.0,0.0,-0.0,0.0,0.0,0.0,-0.0,0.0,-0.0,0.0,yes,0.0,0.0,0.0,"{""yes"": 1.0, ""no"": 0.0, ""insufficient_data"": 0.0}",-0.0,-0.0,10,10,1.0,True,0.0,0.25131442828090605,1.0,1.0,,llama3.3:70b,financebench,none,committed
hqa_FB_a4c22c57,F,yes_no,0,10,hedgeqa_oracle,,False,,1.0,True,-0.0,0.0,-0.0,0.0,0.0,0.0,-0.0,0.0,-0.0,0.0,no,0.0,0.0,0.0,"{""yes"": 0.0, ""no"": 1.0, ""insufficient_data"": 0.0}",-0.0,-0.0,10,10,0.0,False,2.0,2.1972245773362196,0.0,0.0,,llama3.3:70b,financebench,none,committed
hqa_FB_a4c22c57,F,yes_no,1,10,hedgeqa_oracle,,False,,1.0,True,-0.0,0.0,-0.0,0.0,0.0,0.0,-0.0,0.0,-0.0,0.0,no,0.0,0.0,0.0,"{""yes"": 0.0, ""no"": 1.0, ""insufficient_data"": 0.0}",-0.0,-0.0,10,10,0.0,False,2.0,2.1972245773362196,0.0,0.0,,llama3.3:70b,financebench,none,committed
hqa_FB_b2c048f7,F,yes_no,0,10,hedgeqa_oracle,,False,,1.0,True,-0.0,0.0,-0.0,0.0,0.0,0.0,-0.0,0.0,-0.0,0.0,no,0.0,0.0,0.0,"{""yes"": 0.0, ""no"": 1.0, ""insufficient_data"": 0.0}",-0.0,-0.0,10,10,1.0,True,0.0,0.25131442828090605,1.0,1.0,,llama3.3:70b,financebench,none,committed
hqa_FB_b2c048f7,F,yes_no,1,10,hedgeqa_oracle,,False,,1.0,True,-0.0,0.0,-0.0,0.0,0.0,0.0,-0.0,0.0,-0.0,0.0,no,0.0,0.0,0.0,"{""yes"": 0.0, ""no"": 1.0, ""insufficient_data"": 0.0}",-0.0,-0.0,10,10,1.0,True,0.0,0.25131442828090605,1.0,1.0,,llama3.3:70b,financebench,none,committed
hqa_FB_b7466219,F,yes_no,0,10,hedgeqa_oracle,,False,,1.0,True,-0.0,0.0,-0.0,0.0,0.0,0.0,-0.0,0.0,-0.0,0.0,yes,0.0,0.0,0.0,"{""yes"": 1.0, ""no"": 0.0, ""insufficient_data"": 0.0}",-0.0,-0.0,10,10,0.0,False,2.0,2.1972245773362196,0.0,0.0,,llama3.3:70b,financebench,none,committed
hqa_FB_b7466219,F,yes_no,1,10,hedgeqa_oracle,,False,,1.0,True,-0.0,0.0,-0.0,0.0,0.0,0.0,-0.0,0.0,-0.0,0.0,no,0.0,0.0,0.0,"{""yes"": 0.0, ""no"": 1.0, ""insufficient_data"": 0.0}",-0.0,-0.0,10,10,1.0,True,0.0,0.25131442828090605,1.0,1.0,,llama3.3:70b,financebench,none,committed
hqa_FB_bf8c0adf,F,yes_no,0,10,hedgeqa_oracle,,False,,1.0,True,-0.0,0.0,-0.0,0.0,0.0,0.0,-0.0,0.0,-0.0,0.0,yes,0.0,0.0,0.0,"{""yes"": 1.0, ""no"": 0.0, ""insufficient_data"": 0.0}",-0.0,-0.0,10,10,1.0,True,0.0,0.25131442828090605,1.0,1.0,,llama3.3:70b,financebench,none,committed
hqa_FB_bf8c0adf,F,yes_no,1,10,hedgeqa_oracle,,False,,1.0,True,-0.0,0.0,-0.0,0.0,0.0,0.0,-0.0,0.0,-0.0,0.0,yes,0.0,0.0,0.0,"{""yes"": 1.0, ""no"": 0.0, ""insufficient_data"": 0.0}",-0.0,-0.0,10,10,1.0,True,0.0,0.25131442828090605,1.0,1.0,,llama3.3:70b,financebench,none,committed
hqa_FB_bff75d9f,F,yes_no,0,10,hedgeqa_oracle,,False,,1.0,True,-0.0,0.0,-0.0,0.0,0.0,0.0,-0.0,0.0,-0.0,0.0,insufficient_data,1.0,1.0,1.0,"{""yes"": 0.0, ""no"": 0.0, ""insufficient_data"": 1.0}",-0.0,-0.0,10,10,0.0,False,2.0,2.1972245773362196,0.0,0.0,,llama3.3:70b,financebench,none,committed
hqa_FB_bff75d9f,F,yes_no,1,10,hedgeqa_oracle,,False,,1.0,True,-0.0,0.0,-0.0,0.0,0.0,0.0,-0.0,0.0,-0.0,0.0,insufficient_data,1.0,1.0,1.0,"{""yes"": 0.0, ""no"": 0.0, ""insufficient_data"": 1.0}",-0.0,-0.0,10,10,0.0,False,2.0,2.1972245773362196,0.0,0.0,,llama3.3:70b,financebench,none,committed
hqa_FB_c8a4f2a5,F,yes_no,0,10,hedgeqa_oracle,,False,,1.0,True,-0.0,0.0,-0.0,0.0,0.0,0.0,-0.0,0.0,-0.0,0.0,yes,0.0,0.0,0.0,"{""yes"": 1.0, ""no"": 0.0, ""insufficient_data"": 0.0}",-0.0,-0.0,10,10,1.0,True,0.0,0.25131442828090605,1.0,1.0,,llama3.3:70b,financebench,none,committed
hqa_FB_c8a4f2a5,F,yes_no,1,10,hedgeqa_oracle,,False,,1.0,True,-0.0,0.0,-0.0,0.0,0.0,0.0,-0.0,0.0,-0.0,0.0,yes,0.0,0.0,0.0,"{""yes"": 1.0, ""no"": 0.0, ""insufficient_data"": 0.0}",-0.0,-0.0,10,10,1.0,True,0.0,0.25131442828090605,1.0,1.0,,llama3.3:70b,financebench,none,committed
hqa_FB_d010da62,F,yes_no,0,10,hedgeqa_oracle,,False,,1.0,True,-0.0,0.0,-0.0,0.0,0.0,0.0,-0.0,0.0,-0.0,0.0,insufficient_data,1.0,1.0,1.0,"{""yes"": 0.0, ""no"": 0.0, ""insufficient_data"": 1.0}",-0.0,-0.0,10,10,0.0,False,2.0,2.1972245773362196,0.0,0.0,,llama3.3:70b,financebench,none,committed
hqa_FB_d010da62,F,yes_no,1,10,hedgeqa_oracle,,False,,1.0,True,-0.0,0.0,-0.0,0.0,0.0,0.0,-0.0,0.0,-0.0,0.0,insufficient_data,1.0,1.0,1.0,"{""yes"": 0.0, ""no"": 0.0, ""insufficient_data"": 1.0}",-0.0,-0.0,10,10,0.0,False,2.0,2.1972245773362196,0.0,0.0,,llama3.3:70b,financebench,none,committed
hqa_FB_d144e933,F,yes_no,0,10,hedgeqa_oracle,,False,,1.0,True,-0.0,0.0,-0.0,0.0,0.0,0.0,-0.0,0.0,-0.0,0.0,yes,0.0,0.0,0.0,"{""yes"": 1.0, ""no"": 0.0, ""insufficient_data"": 0.0}",-0.0,-0.0,10,10,1.0,True,0.0,0.25131442828090605,1.0,1.0,,llama3.3:70b,financebench,none,committed
hqa_FB_d144e933,F,yes_no,1,10,hedgeqa_oracle,,False,,1.0,True,-0.0,0.0,-0.0,0.0,0.0,0.0,-0.0,0.0,-0.0,0.0,yes,0.0,0.0,0.0,"{""yes"": 1.0, ""no"": 0.0, ""insufficient_data"": 0.0}",-0.0,-0.0,10,10,1.0,True,0.0,0.25131442828090605,1.0,1.0,,llama3.3:70b,financebench,none,committed
hqa_FB_d397e71d_masked,F,yes_no,0,10,hedgeqa_oracle,,False,,1.0,True,-0.0,0.0,-0.0,0.0,0.0,0.0,-0.0,0.0,-0.0,0.0,insufficient_data,1.0,1.0,1.0,"{""yes"": 0.0, ""no"": 0.0, ""insufficient_data"": 1.0}",-0.0,-0.0,10,10,1.0,True,0.0,0.25131442828090605,1.0,1.0,,llama3.3:70b,financebench,evidence_masked_insufficient,noncommitted
hqa_FB_d397e71d_masked,F,yes_no,1,10,hedgeqa_oracle,,False,,1.0,True,-0.0,0.0,-0.0,0.0,0.0,0.0,-0.0,0.0,-0.0,0.0,insufficient_data,1.0,1.0,1.0,"{""yes"": 0.0, ""no"": 0.0, ""insufficient_data"": 1.0}",-0.0,-0.0,10,10,1.0,True,0.0,0.25131442828090605,1.0,1.0,,llama3.3:70b,financebench,evidence_masked_insufficient,noncommitted
hqa_FB_d71a56a3,F,yes_no,0,10,hedgeqa_oracle,,False,,1.0,True,-0.0,0.0,-0.0,0.0,0.0,0.0,-0.0,0.0,-0.0,0.0,yes,0.0,0.0,0.0,"{""yes"": 1.0, ""no"": 0.0, ""insufficient_data"": 0.0}",-0.0,-0.0,10,10,1.0,True,0.0,0.25131442828090605,1.0,1.0,,llama3.3:70b,financebench,none,committed
hqa_FB_d71a56a3,F,yes_no,1,10,hedgeqa_oracle,,False,,1.0,True,-0.0,0.0,-0.0,0.0,0.0,0.0,-0.0,0.0,-0.0,0.0,yes,0.0,0.0,0.0,"{""yes"": 1.0, ""no"": 0.0, ""insufficient_data"": 0.0}",-0.0,-0.0,10,10,1.0,True,0.0,0.25131442828090605,1.0,1.0,,llama3.3:70b,financebench,none,committed
hqa_FB_dd6b6058,F,yes_no,0,10,hedgeqa_oracle,,False,,1.0,True,-0.0,0.0,-0.0,0.0,0.0,0.0,-0.0,0.0,-0.0,0.0,yes,0.0,0.0,0.0,"{""yes"": 1.0, ""no"": 0.0, ""insufficient_data"": 0.0}",-0.0,-0.0,10,10,1.0,True,0.0,0.25131442828090605,1.0,1.0,,llama3.3:70b,financebench,none,committed
hqa_FB_dd6b6058,F,yes_no,1,10,hedgeqa_oracle,,False,,1.0,True,-0.0,0.0,-0.0,0.0,0.0,0.0,-0.0,0.0,-0.0,0.0,yes,0.0,0.0,0.0,"{""yes"": 1.0, ""no"": 0.0, ""insufficient_data"": 0.0}",-0.0,-0.0,10,10,1.0,True,0.0,0.25131442828090605,1.0,1.0,,llama3.3:70b,financebench,none,committed
hqa_FB_f0d21fb5,F,yes_no,0,10,hedgeqa_oracle,,False,,1.0,True,0.6931471805599453,0.0,0.6931471805599453,0.7181471805599453,0.0,0.7181471805599453,0.6309297535714574,0.0,0.6309297535714574,1.0,yes,0.0,0.0,0.0,"{""yes"": 0.5, ""no"": 0.5, ""insufficient_data"": 0.0}",-0.0,-0.0,10,10,0.5,True,0.5,0.8109302162163288,0.0,1.0,,llama3.3:70b,financebench,none,committed
hqa_FB_f0d21fb5,F,yes_no,1,10,hedgeqa_oracle,,False,,1.0,True,-0.0,0.0,-0.0,0.0,0.0,0.0,-0.0,0.0,-0.0,0.0,yes,0.0,0.0,0.0,"{""yes"": 1.0, ""no"": 0.0, ""insufficient_data"": 0.0}",-0.0,-0.0,10,10,1.0,True,0.0,0.25131442828090605,1.0,1.0,,llama3.3:70b,financebench,none,committed
hqa_FB_f25bb18c,F,yes_no,0,10,hedgeqa_oracle,,False,,1.0,True,-0.0,0.0,-0.0,0.0,0.0,0.0,-0.0,0.0,-0.0,0.0,yes,0.0,0.0,0.0,"{""yes"": 1.0, ""no"": 0.0, ""insufficient_data"": 0.0}",-0.0,-0.0,10,10,1.0,True,0.0,0.25131442828090605,1.0,1.0,,llama3.3:70b,financebench,none,committed
hqa_FB_f25bb18c,F,yes_no,1,10,hedgeqa_oracle,,False,,1.0,True,-0.0,0.0,-0.0,0.0,0.0,0.0,-0.0,0.0,-0.0,0.0,yes,0.0,0.0,0.0,"{""yes"": 1.0, ""no"": 0.0, ""insufficient_data"": 0.0}",-0.0,-0.0,10,10,1.0,True,0.0,0.25131442828090605,1.0,1.0,,llama3.3:70b,financebench,none,committed
hqa_FQ_0921febd,F,directional_change,0,10,hedgeqa_oracle,,False,,1.0,True,-0.0,0.0,-0.0,0.0,0.0,0.0,-0.0,0.0,-0.0,0.0,decreased,0.0,0.0,0.0,"{""increased"": 0.0, ""decreased"": 1.0, ""roughly_unchanged"": 0.0, ""insufficient_data"": 0.0}",-0.0,-0.0,10,10,1.0,True,0.0,0.2876820724517809,1.0,1.0,,llama3.3:70b,finqa,numeric_to_directional,committed
hqa_FQ_0921febd,F,directional_change,1,10,hedgeqa_oracle,,False,,1.0,True,-0.0,0.0,-0.0,0.0,0.0,0.0,-0.0,0.0,-0.0,0.0,decreased,0.0,0.0,0.0,"{""increased"": 0.0, ""decreased"": 1.0, ""roughly_unchanged"": 0.0, ""insufficient_data"": 0.0}",-0.0,-0.0,10,10,1.0,True,0.0,0.2876820724517809,1.0,1.0,,llama3.3:70b,finqa,numeric_to_directional,committed
hqa_FQ_0bb282d6,F,directional_change,0,10,hedgeqa_oracle,,False,,1.0,True,-0.0,0.0,-0.0,0.0,0.0,0.0,-0.0,0.0,-0.0,0.0,decreased,0.0,0.0,0.0,"{""increased"": 0.0, ""decreased"": 1.0, ""roughly_unchanged"": 0.0, ""insufficient_data"": 0.0}",-0.0,-0.0,10,10,1.0,True,0.0,0.2876820724517809,1.0,1.0,,llama3.3:70b,finqa,numeric_to_directional,committed
hqa_FQ_0bb282d6,F,directional_change,1,10,hedgeqa_oracle,,False,,1.0,True,-0.0,0.0,-0.0,0.0,0.0,0.0,-0.0,0.0,-0.0,0.0,decreased,0.0,0.0,0.0,"{""increased"": 0.0, ""decreased"": 1.0, ""roughly_unchanged"": 0.0, ""insufficient_data"": 0.0}",-0.0,-0.0,10,10,1.0,True,0.0,0.2876820724517809,1.0,1.0,,llama3.3:70b,finqa,numeric_to_directional,committed
hqa_FQ_14d227e6,F,directional_change,0,10,hedgeqa_oracle,,False,,1.0,True,-0.0,0.0,-0.0,0.0,0.0,0.0,-0.0,0.0,-0.0,0.0,increased,0.0,0.0,0.0,"{""increased"": 1.0, ""decreased"": 0.0, ""roughly_unchanged"": 0.0, ""insufficient_data"": 0.0}",-0.0,-0.0,10,10,1.0,True,0.0,0.2876820724517809,1.0,1.0,,llama3.3:70b,finqa,numeric_to_directional,committed
hqa_FQ_14d227e6,F,directional_change,1,10,hedgeqa_oracle,,False,,1.0,True,-0.0,0.0,-0.0,0.0,0.0,0.0,-0.0,0.0,-0.0,0.0,increased,0.0,0.0,0.0,"{""increased"": 1.0, ""decreased"": 0.0, ""roughly_unchanged"": 0.0, ""insufficient_data"": 0.0}",-0.0,-0.0,10,10,1.0,True,0.0,0.2876820724517809,1.0,1.0,,llama3.3:70b,finqa,numeric_to_directional,committed
hqa_FQ_16a8661c,F,directional_change,0,10,hedgeqa_oracle,,False,,1.0,True,-0.0,0.0,-0.0,0.0,0.0,0.0,-0.0,0.0,-0.0,0.0,decreased,0.0,0.0,0.0,"{""increased"": 0.0, ""decreased"": 1.0, ""roughly_unchanged"": 0.0, ""insufficient_data"": 0.0}",-0.0,-0.0,10,10,0.0,False,2.0,2.4849066497880004,0.0,0.0,,llama3.3:70b,finqa,numeric_to_directional,committed
hqa_FQ_16a8661c,F,directional_change,1,10,hedgeqa_oracle,,False,,1.0,True,-0.0,0.0,-0.0,0.0,0.0,0.0,-0.0,0.0,-0.0,0.0,decreased,0.0,0.0,0.0,"{""increased"": 0.0, ""decreased"": 1.0, ""roughly_unchanged"": 0.0, ""insufficient_data"": 0.0}",-0.0,-0.0,10,10,0.0,False,2.0,2.4849066497880004,0.0,0.0,,llama3.3:70b,finqa,numeric_to_directional,committed
hqa_FQ_19f6d315,F,directional_change,0,10,hedgeqa_oracle,,False,,1.0,True,-0.0,0.0,-0.0,0.0,0.0,0.0,-0.0,0.0,-0.0,0.0,decreased,0.0,0.0,0.0,"{""increased"": 0.0, ""decreased"": 1.0, ""roughly_unchanged"": 0.0, ""insufficient_data"": 0.0}",-0.0,-0.0,10,10,1.0,True,0.0,0.2876820724517809,1.0,1.0,,llama3.3:70b,finqa,numeric_to_directional,committed
hqa_FQ_19f6d315,F,directional_change,1,10,hedgeqa_oracle,,False,,1.0,True,-0.0,0.0,-0.0,0.0,0.0,0.0,-0.0,0.0,-0.0,0.0,decreased,0.0,0.0,0.0,"{""increased"": 0.0, ""decreased"": 1.0, ""roughly_unchanged"": 0.0, ""insufficient_data"": 0.0}",-0.0,-0.0,10,10,1.0,True,0.0,0.2876820724517809,1.0,1.0,,llama3.3:70b,finqa,numeric_to_directional,committed
hqa_FQ_1e05763b,F,directional_change,0,10,hedgeqa_oracle,,False,,1.0,True,-0.0,0.0,-0.0,0.0,0.0,0.0,-0.0,0.0,-0.0,0.0,decreased,0.0,0.0,0.0,"{""increased"": 0.0, ""decreased"": 1.0, ""roughly_unchanged"": 0.0, ""insufficient_data"": 0.0}",-0.0,-0.0,10,10,1.0,True,0.0,0.2876820724517809,1.0,1.0,,llama3.3:70b,finqa,numeric_to_directional,committed
hqa_FQ_1e05763b,F,directional_change,1,10,hedgeqa_oracle,,False,,1.0,True,-0.0,0.0,-0.0,0.0,0.0,0.0,-0.0,0.0,-0.0,0.0,decreased,0.0,0.0,0.0,"{""increased"": 0.0, ""decreased"": 1.0, ""roughly_unchanged"": 0.0, ""insufficient_data"": 0.0}",-0.0,-0.0,10,10,1.0,True,0.0,0.2876820724517809,1.0,1.0,,llama3.3:70b,finqa,numeric_to_directional,committed
hqa_FQ_23b54354_masked,F,directional_change,0,10,hedgeqa_oracle,,False,,1.0,True,-0.0,0.0,-0.0,0.0,0.0,0.0,-0.0,0.0,-0.0,0.0,insufficient_data,1.0,1.0,1.0,"{""increased"": 0.0, ""decreased"": 0.0, ""roughly_unchanged"": 0.0, ""insufficient_data"": 1.0}",-0.0,-0.0,10,10,1.0,True,0.0,0.2876820724517809,1.0,1.0,,llama3.3:70b,finqa,evidence_masked_insufficient,noncommitted
hqa_FQ_23b54354_masked,F,directional_change,1,10,hedgeqa_oracle,,False,,1.0,True,-0.0,0.0,-0.0,0.0,0.0,0.0,-0.0,0.0,-0.0,0.0,insufficient_data,1.0,1.0,1.0,"{""increased"": 0.0, ""decreased"": 0.0, ""roughly_unchanged"": 0.0, ""insufficient_data"": 1.0}",-0.0,-0.0,10,10,1.0,True,0.0,0.2876820724517809,1.0,1.0,,llama3.3:70b,finqa,evidence_masked_insufficient,noncommitted
hqa_FQ_23de6e2d_masked,F,directional_change,0,10,hedgeqa_oracle,,False,,1.0,True,-0.0,0.0,-0.0,0.0,0.0,0.0,-0.0,0.0,-0.0,0.0,insufficient_data,1.0,1.0,1.0,"{""increased"": 0.0, ""decreased"": 0.0, ""roughly_unchanged"": 0.0, ""insufficient_data"": 1.0}",-0.0,-0.0,10,10,1.0,True,0.0,0.2876820724517809,1.0,1.0,,llama3.3:70b,finqa,evidence_masked_insufficient,noncommitted
hqa_FQ_23de6e2d_masked,F,directional_change,1,10,hedgeqa_oracle,,False,,1.0,True,-0.0,0.0,-0.0,0.0,0.0,0.0,-0.0,0.0,-0.0,0.0,insufficient_data,1.0,1.0,1.0,"{""increased"": 0.0, ""decreased"": 0.0, ""roughly_unchanged"": 0.0, ""insufficient_data"": 1.0}",-0.0,-0.0,10,10,1.0,True,0.0,0.2876820724517809,1.0,1.0,,llama3.3:70b,finqa,evidence_masked_insufficient,noncommitted
hqa_FQ_294c3620,F,directional_change,0,10,hedgeqa_oracle,,False,,1.0,True,0.5004024235381879,0.46797363772317085,0.032428785815017014,0.5254024235381879,0.5179736377231708,0.007428785815017047,0.36096404744368116,0.33757162320499345,0.023392424238687703,0.06480541318270061,decreased,0.0,0.0,0.0,"{""increased"": 0.0, ""decreased"": 0.8, ""roughly_unchanged"": 0.2, ""insufficient_data"": 0.0}",0.6108643020548935,0.3250829733914482,10,10,0.0,False,1.6800000000000002,2.4849066497880004,0.0,0.0,,llama3.3:70b,finqa,numeric_to_directional,committed
hqa_FQ_294c3620,F,directional_change,1,10,hedgeqa_oracle,,False,,1.0,True,-0.0,0.0,-0.0,0.0,0.0,0.0,-0.0,0.0,-0.0,0.0,increased,0.0,0.0,0.0,"{""increased"": 1.0, ""decreased"": 0.0, ""roughly_unchanged"": 0.0, ""insufficient_data"": 0.0}",-0.0,-0.0,10,10,1.0,True,0.0,0.2876820724517809,1.0,1.0,,llama3.3:70b,finqa,numeric_to_directional,committed
hqa_FQ_2bcd94c6_masked,F,directional_change,0,10,hedgeqa_oracle,,False,,1.0,True,-0.0,0.0,-0.0,0.0,0.0,0.0,-0.0,0.0,-0.0,0.0,insufficient_data,1.0,1.0,1.0,"{""increased"": 0.0, ""decreased"": 0.0, ""roughly_unchanged"": 0.0, ""insufficient_data"": 1.0}",-0.0,-0.0,10,10,1.0,True,0.0,0.2876820724517809,1.0,1.0,,llama3.3:70b,finqa,evidence_masked_insufficient,noncommitted
hqa_FQ_2bcd94c6_masked,F,directional_change,1,10,hedgeqa_oracle,,False,,1.0,True,-0.0,0.0,-0.0,0.0,0.0,0.0,-0.0,0.0,-0.0,0.0,insufficient_data,1.0,1.0,1.0,"{""increased"": 0.0, ""decreased"": 0.0, ""roughly_unchanged"": 0.0, ""insufficient_data"": 1.0}",-0.0,-0.0,10,10,1.0,True,0.0,0.2876820724517809,1.0,1.0,,llama3.3:70b,finqa,evidence_masked_insufficient,noncommitted
hqa_FQ_32685ea4,F,directional_change,0,10,hedgeqa_oracle,,False,,1.0,True,-0.0,0.0,-0.0,0.0,0.0,0.0,-0.0,0.0,-0.0,0.0,increased,0.0,0.0,0.0,"{""increased"": 1.0, ""decreased"": 0.0, ""roughly_unchanged"": 0.0, ""insufficient_data"": 0.0}",-0.0,-0.0,10,10,1.0,True,0.0,0.2876820724517809,1.0,1.0,,llama3.3:70b,finqa,numeric_to_directional,committed
hqa_FQ_32685ea4,F,directional_change,1,10,hedgeqa_oracle,,False,,1.0,True,-0.0,0.0,-0.0,0.0,0.0,0.0,-0.0,0.0,-0.0,0.0,increased,0.0,0.0,0.0,"{""increased"": 1.0, ""decreased"": 0.0, ""roughly_unchanged"": 0.0, ""insufficient_data"": 0.0}",-0.0,-0.0,10,10,1.0,True,0.0,0.2876820724517809,1.0,1.0,,llama3.3:70b,finqa,numeric_to_directional,committed
hqa_FQ_35480d43,F,directional_change,0,10,hedgeqa_oracle,,False,,1.0,True,-0.0,0.0,-0.0,0.0,0.0,0.0,-0.0,0.0,-0.0,0.0,roughly_unchanged,0.0,0.0,0.0,"{""increased"": 0.0, ""decreased"": 0.0, ""roughly_unchanged"": 1.0, ""insufficient_data"": 0.0}",-0.0,-0.0,10,10,1.0,True,0.0,0.2876820724517809,1.0,1.0,,llama3.3:70b,finqa,numeric_to_directional,committed
hqa_FQ_35480d43,F,directional_change,1,10,hedgeqa_oracle,,False,,1.0,True,-0.0,0.0,-0.0,0.0,0.0,0.0,-0.0,0.0,-0.0,0.0,roughly_unchanged,0.0,0.0,0.0,"{""increased"": 0.0, ""decreased"": 0.0, ""roughly_unchanged"": 1.0, ""insufficient_data"": 0.0}",-0.0,-0.0,10,10,1.0,True,0.0,0.2876820724517809,1.0,1.0,,llama3.3:70b,finqa,numeric_to_directional,committed
hqa_FQ_37ff807a,F,directional_change,0,10,hedgeqa_oracle,,False,,1.0,True,-0.0,0.0,-0.0,0.0,0.0,0.0,-0.0,0.0,-0.0,0.0,increased,0.0,0.0,0.0,"{""increased"": 1.0, ""decreased"": 0.0, ""roughly_unchanged"": 0.0, ""insufficient_data"": 0.0}",-0.0,-0.0,10,10,1.0,True,0.0,0.2876820724517809,1.0,1.0,,llama3.3:70b,finqa,numeric_to_directional,committed
hqa_FQ_37ff807a,F,directional_change,1,10,hedgeqa_oracle,,False,,1.0,True,-0.0,0.0,-0.0,0.0,0.0,0.0,-0.0,0.0,-0.0,0.0,increased,0.0,0.0,0.0,"{""increased"": 1.0, ""decreased"": 0.0, ""roughly_unchanged"": 0.0, ""insufficient_data"": 0.0}",-0.0,-0.0,10,10,1.0,True,0.0,0.2876820724517809,1.0,1.0,,llama3.3:70b,finqa,numeric_to_directional,committed
hqa_FQ_38d63fd6,F,directional_change,0,10,hedgeqa_oracle,,False,,1.0,True,-0.0,0.0,-0.0,0.0,0.0,0.0,-0.0,0.0,-0.0,0.0,decreased,0.0,0.0,0.0,"{""increased"": 0.0, ""decreased"": 1.0, ""roughly_unchanged"": 0.0, ""insufficient_data"": 0.0}",-0.0,-0.0,10,10,1.0,True,0.0,0.2876820724517809,1.0,1.0,,llama3.3:70b,finqa,numeric_to_directional,committed
hqa_FQ_38d63fd6,F,directional_change,1,10,hedgeqa_oracle,,False,,1.0,True,-0.0,0.0,-0.0,0.0,0.0,0.0,-0.0,0.0,-0.0,0.0,decreased,0.0,0.0,0.0,"{""increased"": 0.0, ""decreased"": 1.0, ""roughly_unchanged"": 0.0, ""insufficient_data"": 0.0}",-0.0,-0.0,10,10,1.0,True,0.0,0.2876820724517809,1.0,1.0,,llama3.3:70b,finqa,numeric_to_directional,committed
hqa_FQ_3bd14ae7,F,directional_change,0,10,hedgeqa_oracle,,False,,1.0,True,-0.0,0.0,-0.0,0.0,0.0,0.0,-0.0,0.0,-0.0,0.0,decreased,0.0,0.0,0.0,"{""increased"": 0.0, ""decreased"": 1.0, ""roughly_unchanged"": 0.0, ""insufficient_data"": 0.0}",-0.0,-0.0,10,10,1.0,True,0.0,0.2876820724517809,1.0,1.0,,llama3.3:70b,finqa,numeric_to_directional,committed
hqa_FQ_3bd14ae7,F,directional_change,1,10,hedgeqa_oracle,,False,,1.0,True,-0.0,0.0,-0.0,0.0,0.0,0.0,-0.0,0.0,-0.0,0.0,decreased,0.0,0.0,0.0,"{""increased"": 0.0, ""decreased"": 1.0, ""roughly_unchanged"": 0.0, ""insufficient_data"": 0.0}",-0.0,-0.0,10,10,1.0,True,0.0,0.2876820724517809,1.0,1.0,,llama3.3:70b,finqa,numeric_to_directional,committed
hqa_FQ_3e5f5d64,F,directional_change,0,10,hedgeqa_oracle,,False,,1.0,True,-0.0,0.0,-0.0,0.0,0.0,0.0,-0.0,0.0,-0.0,0.0,roughly_unchanged,0.0,0.0,0.0,"{""increased"": 0.0, ""decreased"": 0.0, ""roughly_unchanged"": 1.0, ""insufficient_data"": 0.0}",-0.0,-0.0,10,10,1.0,True,0.0,0.2876820724517809,1.0,1.0,,llama3.3:70b,finqa,numeric_to_directional,committed
hqa_FQ_3e5f5d64,F,directional_change,1,10,hedgeqa_oracle,,False,,1.0,True,-0.0,0.0,-0.0,0.0,0.0,0.0,-0.0,0.0,-0.0,0.0,roughly_unchanged,0.0,0.0,0.0,"{""increased"": 0.0, ""decreased"": 0.0, ""roughly_unchanged"": 1.0, ""insufficient_data"": 0.0}",-0.0,-0.0,10,10,1.0,True,0.0,0.2876820724517809,1.0,1.0,,llama3.3:70b,finqa,numeric_to_directional,committed
hqa_FQ_425a8ac9_masked,F,directional_change,0,10,hedgeqa_oracle,,False,,1.0,True,-0.0,0.0,-0.0,0.0,0.0,0.0,-0.0,0.0,-0.0,0.0,increased,0.0,0.0,0.0,"{""increased"": 1.0, ""decreased"": 0.0, ""roughly_unchanged"": 0.0, ""insufficient_data"": 0.0}",-0.0,-0.0,10,10,0.0,False,2.0,2.4849066497880004,0.0,0.0,,llama3.3:70b,finqa,evidence_masked_insufficient,noncommitted
hqa_FQ_425a8ac9_masked,F,directional_change,1,10,hedgeqa_oracle,,False,,1.0,True,-0.0,0.0,-0.0,0.0,0.0,0.0,-0.0,0.0,-0.0,0.0,increased,0.0,0.0,0.0,"{""increased"": 1.0, ""decreased"": 0.0, ""roughly_unchanged"": 0.0, ""insufficient_data"": 0.0}",-0.0,-0.0,10,10,0.0,False,2.0,2.4849066497880004,0.0,0.0,,llama3.3:70b,finqa,evidence_masked_insufficient,noncommitted
hqa_FQ_46ab258b,F,directional_change,0,10,hedgeqa_oracle,,False,,1.0,True,-0.0,0.0,-0.0,0.0,0.0,0.0,-0.0,0.0,-0.0,0.0,roughly_unchanged,0.0,0.0,0.0,"{""increased"": 0.0, ""decreased"": 0.0, ""roughly_unchanged"": 1.0, ""insufficient_data"": 0.0}",-0.0,-0.0,10,10,1.0,True,0.0,0.2876820724517809,1.0,1.0,,llama3.3:70b,finqa,numeric_to_directional,committed
hqa_FQ_46ab258b,F,directional_change,1,10,hedgeqa_oracle,,False,,1.0,True,-0.0,0.0,-0.0,0.0,0.0,0.0,-0.0,0.0,-0.0,0.0,roughly_unchanged,0.0,0.0,0.0,"{""increased"": 0.0, ""decreased"": 0.0, ""roughly_unchanged"": 1.0, ""insufficient_data"": 0.0}",-0.0,-0.0,10,10,1.0,True,0.0,0.2876820724517809,1.0,1.0,,llama3.3:70b,finqa,numeric_to_directional,committed
hqa_FQ_4b4abc53,F,directional_change,0,10,hedgeqa_oracle,,False,,1.0,True,-0.0,0.0,-0.0,0.0,0.0,0.0,-0.0,0.0,-0.0,0.0,increased,0.0,0.0,0.0,"{""increased"": 1.0, ""decreased"": 0.0, ""roughly_unchanged"": 0.0, ""insufficient_data"": 0.0}",-0.0,-0.0,10,10,1.0,True,0.0,0.2876820724517809,1.0,1.0,,llama3.3:70b,finqa,numeric_to_directional,committed
hqa_FQ_4b4abc53,F,directional_change,1,10,hedgeqa_oracle,,False,,1.0,True,-0.0,0.0,-0.0,0.0,0.0,0.0,-0.0,0.0,-0.0,0.0,increased,0.0,0.0,0.0,"{""increased"": 1.0, ""decreased"": 0.0, ""roughly_unchanged"": 0.0, ""insufficient_data"": 0.0}",-0.0,-0.0,10,10,1.0,True,0.0,0.2876820724517809,1.0,1.0,,llama3.3:70b,finqa,numeric_to_directional,committed
hqa_FQ_4f19e5e1,F,directional_change,0,10,hedgeqa_oracle,,False,,1.0,True,-0.0,0.0,-0.0,0.0,0.0,0.0,-0.0,0.0,-0.0,0.0,decreased,0.0,0.0,0.0,"{""increased"": 0.0, ""decreased"": 1.0, ""roughly_unchanged"": 0.0, ""insufficient_data"": 0.0}",-0.0,-0.0,10,10,1.0,True,0.0,0.2876820724517809,1.0,1.0,,llama3.3:70b,finqa,numeric_to_directional,committed
hqa_FQ_4f19e5e1,F,directional_change,1,10,hedgeqa_oracle,,False,,1.0,True,-0.0,0.0,-0.0,0.0,0.0,0.0,-0.0,0.0,-0.0,0.0,decreased,0.0,0.0,0.0,"{""increased"": 0.0, ""decreased"": 1.0, ""roughly_unchanged"": 0.0, ""insufficient_data"": 0.0}",-0.0,-0.0,10,10,1.0,True,0.0,0.2876820724517809,1.0,1.0,,llama3.3:70b,finqa,numeric_to_directional,committed
hqa_FQ_5708c95c,F,directional_change,0,10,hedgeqa_oracle,,False,,1.0,True,-0.0,0.0,-0.0,0.0,0.0,0.0,-0.0,0.0,-0.0,0.0,decreased,0.0,0.0,0.0,"{""increased"": 0.0, ""decreased"": 1.0, ""roughly_unchanged"": 0.0, ""insufficient_data"": 0.0}",-0.0,-0.0,10,10,1.0,True,0.0,0.2876820724517809,1.0,1.0,,llama3.3:70b,finqa,numeric_to_directional,committed
hqa_FQ_5708c95c,F,directional_change,1,10,hedgeqa_oracle,,False,,1.0,True,-0.0,0.0,-0.0,0.0,0.0,0.0,-0.0,0.0,-0.0,0.0,decreased,0.0,0.0,0.0,"{""increased"": 0.0, ""decreased"": 1.0, ""roughly_unchanged"": 0.0, ""insufficient_data"": 0.0}",-0.0,-0.0,10,10,1.0,True,0.0,0.2876820724517809,1.0,1.0,,llama3.3:70b,finqa,numeric_to_directional,committed
hqa_FQ_582b6cb3,F,directional_change,0,10,hedgeqa_oracle,,False,,1.0,True,-0.0,0.0,-0.0,0.0,0.0,0.0,-0.0,0.0,-0.0,0.0,decreased,0.0,0.0,0.0,"{""increased"": 0.0, ""decreased"": 1.0, ""roughly_unchanged"": 0.0, ""insufficient_data"": 0.0}",-0.0,-0.0,10,10,1.0,True,0.0,0.2876820724517809,1.0,1.0,,llama3.3:70b,finqa,numeric_to_directional,committed
hqa_FQ_582b6cb3,F,directional_change,1,10,hedgeqa_oracle,,False,,1.0,True,-0.0,0.0,-0.0,0.0,0.0,0.0,-0.0,0.0,-0.0,0.0,decreased,0.0,0.0,0.0,"{""increased"": 0.0, ""decreased"": 1.0, ""roughly_unchanged"": 0.0, ""insufficient_data"": 0.0}",-0.0,-0.0,10,10,1.0,True,0.0,0.2876820724517809,1.0,1.0,,llama3.3:70b,finqa,numeric_to_directional,committed
hqa_FQ_583bec62,F,directional_change,0,10,hedgeqa_oracle,,False,,1.0,True,-0.0,0.0,-0.0,0.0,0.0,0.0,-0.0,0.0,-0.0,0.0,decreased,0.0,0.0,0.0,"{""increased"": 0.0, ""decreased"": 1.0, ""roughly_unchanged"": 0.0, ""insufficient_data"": 0.0}",-0.0,-0.0,10,10,1.0,True,0.0,0.2876820724517809,1.0,1.0,,llama3.3:70b,finqa,numeric_to_directional,committed
hqa_FQ_583bec62,F,directional_change,1,10,hedgeqa_oracle,,False,,1.0,True,-0.0,0.0,-0.0,0.0,0.0,0.0,-0.0,0.0,-0.0,0.0,decreased,0.0,0.0,0.0,"{""increased"": 0.0, ""decreased"": 1.0, ""roughly_unchanged"": 0.0, ""insufficient_data"": 0.0}",-0.0,-0.0,10,10,1.0,True,0.0,0.2876820724517809,1.0,1.0,,llama3.3:70b,finqa,numeric_to_directional,committed
hqa_FQ_5991646d_masked,F,directional_change,0,10,hedgeqa_oracle,,False,,1.0,True,-0.0,0.0,-0.0,0.0,0.0,0.0,-0.0,0.0,-0.0,0.0,increased,0.0,0.0,0.0,"{""increased"": 1.0, ""decreased"": 0.0, ""roughly_unchanged"": 0.0, ""insufficient_data"": 0.0}",-0.0,-0.0,10,10,0.0,False,2.0,2.4849066497880004,0.0,0.0,,llama3.3:70b,finqa,evidence_masked_insufficient,noncommitted
hqa_FQ_5991646d_masked,F,directional_change,1,10,hedgeqa_oracle,,False,,1.0,True,-0.0,0.0,-0.0,0.0,0.0,0.0,-0.0,0.0,-0.0,0.0,increased,0.0,0.0,0.0,"{""increased"": 1.0, ""decreased"": 0.0, ""roughly_unchanged"": 0.0, ""insufficient_data"": 0.0}",-0.0,-0.0,10,10,0.0,False,2.0,2.4849066497880004,0.0,0.0,,llama3.3:70b,finqa,evidence_masked_insufficient,noncommitted
hqa_FQ_59cacb14,F,directional_change,0,10,hedgeqa_oracle,,False,,1.0,True,-0.0,0.0,-0.0,0.0,0.0,0.0,-0.0,0.0,-0.0,0.0,roughly_unchanged,0.0,0.0,0.0,"{""increased"": 0.0, ""decreased"": 0.0, ""roughly_unchanged"": 1.0, ""insufficient_data"": 0.0}",-0.0,-0.0,10,10,1.0,True,0.0,0.2876820724517809,1.0,1.0,,llama3.3:70b,finqa,numeric_to_directional,committed
hqa_FQ_59cacb14,F,directional_change,1,10,hedgeqa_oracle,,False,,1.0,True,-0.0,0.0,-0.0,0.0,0.0,0.0,-0.0,0.0,-0.0,0.0,roughly_unchanged,0.0,0.0,0.0,"{""increased"": 0.0, ""decreased"": 0.0, ""roughly_unchanged"": 1.0, ""insufficient_data"": 0.0}",-0.0,-0.0,10,10,1.0,True,0.0,0.2876820724517809,1.0,1.0,,llama3.3:70b,finqa,numeric_to_directional,committed
hqa_FQ_6f94db28,F,directional_change,0,10,hedgeqa_oracle,,False,,1.0,True,-0.0,0.0,-0.0,0.0,0.0,0.0,-0.0,0.0,-0.0,0.0,roughly_unchanged,0.0,0.0,0.0,"{""increased"": 0.0, ""decreased"": 0.0, ""roughly_unchanged"": 1.0, ""insufficient_data"": 0.0}",-0.0,-0.0,10,10,1.0,True,0.0,0.2876820724517809,1.0,1.0,,llama3.3:70b,finqa,numeric_to_directional,committed
hqa_FQ_6f94db28,F,directional_change,1,10,hedgeqa_oracle,,False,,1.0,True,-0.0,0.0,-0.0,0.0,0.0,0.0,-0.0,0.0,-0.0,0.0,roughly_unchanged,0.0,0.0,0.0,"{""increased"": 0.0, ""decreased"": 0.0, ""roughly_unchanged"": 1.0, ""insufficient_data"": 0.0}",-0.0,-0.0,10,10,1.0,True,0.0,0.2876820724517809,1.0,1.0,,llama3.3:70b,finqa,numeric_to_directional,committed
hqa_FQ_77dbe36f,F,directional_change,0,10,hedgeqa_oracle,,False,,1.0,True,-0.0,0.0,-0.0,0.0,0.0,0.0,-0.0,0.0,-0.0,0.0,decreased,0.0,0.0,0.0,"{""increased"": 0.0, ""decreased"": 1.0, ""roughly_unchanged"": 0.0, ""insufficient_data"": 0.0}",-0.0,-0.0,10,10,1.0,True,0.0,0.2876820724517809,1.0,1.0,,llama3.3:70b,finqa,numeric_to_directional,committed
hqa_FQ_77dbe36f,F,directional_change,1,10,hedgeqa_oracle,,False,,1.0,True,-0.0,0.0,-0.0,0.0,0.0,0.0,-0.0,0.0,-0.0,0.0,decreased,0.0,0.0,0.0,"{""increased"": 0.0, ""decreased"": 1.0, ""roughly_unchanged"": 0.0, ""insufficient_data"": 0.0}",-0.0,-0.0,10,10,1.0,True,0.0,0.2876820724517809,1.0,1.0,,llama3.3:70b,finqa,numeric_to_directional,committed
hqa_FQ_7bb9c736,F,directional_change,0,10,hedgeqa_oracle,,False,,1.0,True,-0.0,0.0,-0.0,0.0,0.0,0.0,-0.0,0.0,-0.0,0.0,increased,0.0,0.0,0.0,"{""increased"": 1.0, ""decreased"": 0.0, ""roughly_unchanged"": 0.0, ""insufficient_data"": 0.0}",-0.0,-0.0,10,10,1.0,True,0.0,0.2876820724517809,1.0,1.0,,llama3.3:70b,finqa,numeric_to_directional,committed
hqa_FQ_7bb9c736,F,directional_change,1,10,hedgeqa_oracle,,False,,1.0,True,-0.0,0.0,-0.0,0.0,0.0,0.0,-0.0,0.0,-0.0,0.0,increased,0.0,0.0,0.0,"{""increased"": 1.0, ""decreased"": 0.0, ""roughly_unchanged"": 0.0, ""insufficient_data"": 0.0}",-0.0,-0.0,10,10,1.0,True,0.0,0.2876820724517809,1.0,1.0,,llama3.3:70b,finqa,numeric_to_directional,committed
hqa_FQ_7f2fc914,F,directional_change,0,10,hedgeqa_oracle,,False,,1.0,True,-0.0,0.0,-0.0,0.0,0.0,0.0,-0.0,0.0,-0.0,0.0,increased,0.0,0.0,0.0,"{""increased"": 1.0, ""decreased"": 0.0, ""roughly_unchanged"": 0.0, ""insufficient_data"": 0.0}",-0.0,-0.0,10,10,1.0,True,0.0,0.2876820724517809,1.0,1.0,,llama3.3:70b,finqa,numeric_to_directional,committed
hqa_FQ_7f2fc914,F,directional_change,1,10,hedgeqa_oracle,,False,,1.0,True,-0.0,0.0,-0.0,0.0,0.0,0.0,-0.0,0.0,-0.0,0.0,increased,0.0,0.0,0.0,"{""increased"": 1.0, ""decreased"": 0.0, ""roughly_unchanged"": 0.0, ""insufficient_data"": 0.0}",-0.0,-0.0,10,10,1.0,True,0.0,0.2876820724517809,1.0,1.0,,llama3.3:70b,finqa,numeric_to_directional,committed
hqa_FQ_812860fd_masked,F,directional_change,0,10,hedgeqa_oracle,,False,,1.0,True,-0.0,0.0,-0.0,0.0,0.0,0.0,-0.0,0.0,-0.0,0.0,insufficient_data,1.0,1.0,1.0,"{""increased"": 0.0, ""decreased"": 0.0, ""roughly_unchanged"": 0.0, ""insufficient_data"": 1.0}",-0.0,-0.0,10,10,1.0,True,0.0,0.2876820724517809,1.0,1.0,,llama3.3:70b,finqa,evidence_masked_insufficient,noncommitted
hqa_FQ_812860fd_masked,F,directional_change,1,10,hedgeqa_oracle,,False,,1.0,True,-0.0,0.0,-0.0,0.0,0.0,0.0,-0.0,0.0,-0.0,0.0,insufficient_data,1.0,1.0,1.0,"{""increased"": 0.0, ""decreased"": 0.0, ""roughly_unchanged"": 0.0, ""insufficient_data"": 1.0}",-0.0,-0.0,10,10,1.0,True,0.0,0.2876820724517809,1.0,1.0,,llama3.3:70b,finqa,evidence_masked_insufficient,noncommitted
hqa_FQ_8462e4ce,F,directional_change,0,10,hedgeqa_oracle,,False,,1.0,True,-0.0,0.0,-0.0,0.0,0.0,0.0,-0.0,0.0,-0.0,0.0,increased,0.0,0.0,0.0,"{""increased"": 1.0, ""decreased"": 0.0, ""roughly_unchanged"": 0.0, ""insufficient_data"": 0.0}",-0.0,-0.0,10,10,1.0,True,0.0,0.2876820724517809,1.0,1.0,,llama3.3:70b,finqa,numeric_to_directional,committed
hqa_FQ_8462e4ce,F,directional_change,1,10,hedgeqa_oracle,,False,,1.0,True,-0.0,0.0,-0.0,0.0,0.0,0.0,-0.0,0.0,-0.0,0.0,increased,0.0,0.0,0.0,"{""increased"": 1.0, ""decreased"": 0.0, ""roughly_unchanged"": 0.0, ""insufficient_data"": 0.0}",-0.0,-0.0,10,10,1.0,True,0.0,0.2876820724517809,1.0,1.0,,llama3.3:70b,finqa,numeric_to_directional,committed
hqa_FQ_885e23fc_masked,F,directional_change,0,10,hedgeqa_oracle,,False,,1.0,True,-0.0,0.0,-0.0,0.0,0.0,0.0,-0.0,0.0,-0.0,0.0,insufficient_data,1.0,1.0,1.0,"{""increased"": 0.0, ""decreased"": 0.0, ""roughly_unchanged"": 0.0, ""insufficient_data"": 1.0}",-0.0,-0.0,10,10,1.0,True,0.0,0.2876820724517809,1.0,1.0,,llama3.3:70b,finqa,evidence_masked_insufficient,noncommitted
hqa_FQ_885e23fc_masked,F,directional_change,1,10,hedgeqa_oracle,,False,,1.0,True,-0.0,0.0,-0.0,0.0,0.0,0.0,-0.0,0.0,-0.0,0.0,insufficient_data,1.0,1.0,1.0,"{""increased"": 0.0, ""decreased"": 0.0, ""roughly_unchanged"": 0.0, ""insufficient_data"": 1.0}",-0.0,-0.0,10,10,1.0,True,0.0,0.2876820724517809,1.0,1.0,,llama3.3:70b,finqa,evidence_masked_insufficient,noncommitted
hqa_FQ_8f9f444a_masked,F,directional_change,0,10,hedgeqa_oracle,,False,,1.0,True,-0.0,0.0,-0.0,0.0,0.0,0.0,-0.0,0.0,-0.0,0.0,insufficient_data,1.0,1.0,1.0,"{""increased"": 0.0, ""decreased"": 0.0, ""roughly_unchanged"": 0.0, ""insufficient_data"": 1.0}",-0.0,-0.0,10,10,1.0,True,0.0,0.2876820724517809,1.0,1.0,,llama3.3:70b,finqa,evidence_masked_insufficient,noncommitted
hqa_FQ_8f9f444a_masked,F,directional_change,1,10,hedgeqa_oracle,,False,,1.0,True,-0.0,0.0,-0.0,0.0,0.0,0.0,-0.0,0.0,-0.0,0.0,insufficient_data,1.0,1.0,1.0,"{""increased"": 0.0, ""decreased"": 0.0, ""roughly_unchanged"": 0.0, ""insufficient_data"": 1.0}",-0.0,-0.0,10,10,1.0,True,0.0,0.2876820724517809,1.0,1.0,,llama3.3:70b,finqa,evidence_masked_insufficient,noncommitted
hqa_FQ_91e8b620_masked,F,directional_change,0,10,hedgeqa_oracle,,False,,1.0,True,-0.0,0.0,-0.0,0.0,0.0,0.0,-0.0,0.0,-0.0,0.0,insufficient_data,1.0,1.0,1.0,"{""increased"": 0.0, ""decreased"": 0.0, ""roughly_unchanged"": 0.0, ""insufficient_data"": 1.0}",-0.0,-0.0,10,10,1.0,True,0.0,0.2876820724517809,1.0,1.0,,llama3.3:70b,finqa,evidence_masked_insufficient,noncommitted
hqa_FQ_91e8b620_masked,F,directional_change,1,10,hedgeqa_oracle,,False,,1.0,True,-0.0,0.0,-0.0,0.0,0.0,0.0,-0.0,0.0,-0.0,0.0,insufficient_data,1.0,1.0,1.0,"{""increased"": 0.0, ""decreased"": 0.0, ""roughly_unchanged"": 0.0, ""insufficient_data"": 1.0}",-0.0,-0.0,10,10,1.0,True,0.0,0.2876820724517809,1.0,1.0,,llama3.3:70b,finqa,evidence_masked_insufficient,noncommitted
hqa_FQ_9bfd2289,F,directional_change,0,10,hedgeqa_oracle,,False,,1.0,True,-0.0,0.0,-0.0,0.0,0.0,0.0,-0.0,0.0,-0.0,0.0,increased,0.0,0.0,0.0,"{""increased"": 1.0, ""decreased"": 0.0, ""roughly_unchanged"": 0.0, ""insufficient_data"": 0.0}",-0.0,-0.0,10,10,1.0,True,0.0,0.2876820724517809,1.0,1.0,,llama3.3:70b,finqa,numeric_to_directional,committed
hqa_FQ_9bfd2289,F,directional_change,1,10,hedgeqa_oracle,,False,,1.0,True,-0.0,0.0,-0.0,0.0,0.0,0.0,-0.0,0.0,-0.0,0.0,increased,0.0,0.0,0.0,"{""increased"": 1.0, ""decreased"": 0.0, ""roughly_unchanged"": 0.0, ""insufficient_data"": 0.0}",-0.0,-0.0,10,10,1.0,True,0.0,0.2876820724517809,1.0,1.0,,llama3.3:70b,finqa,numeric_to_directional,committed
hqa_FQ_a719583b,F,directional_change,0,10,hedgeqa_oracle,,False,,1.0,True,-0.0,0.0,-0.0,0.0,0.0,0.0,-0.0,0.0,-0.0,0.0,increased,0.0,0.0,0.0,"{""increased"": 1.0, ""decreased"": 0.0, ""roughly_unchanged"": 0.0, ""insufficient_data"": 0.0}",-0.0,-0.0,10,10,1.0,True,0.0,0.2876820724517809,1.0,1.0,,llama3.3:70b,finqa,numeric_to_directional,committed
hqa_FQ_a719583b,F,directional_change,1,10,hedgeqa_oracle,,False,,1.0,True,-0.0,0.0,-0.0,0.0,0.0,0.0,-0.0,0.0,-0.0,0.0,increased,0.0,0.0,0.0,"{""increased"": 1.0, ""decreased"": 0.0, ""roughly_unchanged"": 0.0, ""insufficient_data"": 0.0}",-0.0,-0.0,10,10,1.0,True,0.0,0.2876820724517809,1.0,1.0,,llama3.3:70b,finqa,numeric_to_directional,committed
hqa_FQ_a86cb433,F,directional_change,0,10,hedgeqa_oracle,,False,,1.0,True,-0.0,0.0,-0.0,0.0,0.0,0.0,-0.0,0.0,-0.0,0.0,increased,0.0,0.0,0.0,"{""increased"": 1.0, ""decreased"": 0.0, ""roughly_unchanged"": 0.0, ""insufficient_data"": 0.0}",-0.0,-0.0,10,10,0.0,False,2.0,2.4849066497880004,0.0,0.0,,llama3.3:70b,finqa,numeric_to_directional,committed
hqa_FQ_a86cb433,F,directional_change,1,10,hedgeqa_oracle,,False,,1.0,True,-0.0,0.0,-0.0,0.0,0.0,0.0,-0.0,0.0,-0.0,0.0,increased,0.0,0.0,0.0,"{""increased"": 1.0, ""decreased"": 0.0, ""roughly_unchanged"": 0.0, ""insufficient_data"": 0.0}",-0.0,-0.0,10,10,0.0,False,2.0,2.4849066497880004,0.0,0.0,,llama3.3:70b,finqa,numeric_to_directional,committed
hqa_FQ_ad4c0377_masked,F,directional_change,0,10,hedgeqa_oracle,,False,,1.0,True,-0.0,0.0,-0.0,0.0,0.0,0.0,-0.0,0.0,-0.0,0.0,insufficient_data,1.0,1.0,1.0,"{""increased"": 0.0, ""decreased"": 0.0, ""roughly_unchanged"": 0.0, ""insufficient_data"": 1.0}",-0.0,-0.0,10,10,1.0,True,0.0,0.2876820724517809,1.0,1.0,,llama3.3:70b,finqa,evidence_masked_insufficient,noncommitted
hqa_FQ_ad4c0377_masked,F,directional_change,1,10,hedgeqa_oracle,,False,,1.0,True,-0.0,0.0,-0.0,0.0,0.0,0.0,-0.0,0.0,-0.0,0.0,insufficient_data,1.0,1.0,1.0,"{""increased"": 0.0, ""decreased"": 0.0, ""roughly_unchanged"": 0.0, ""insufficient_data"": 1.0}",-0.0,-0.0,10,10,1.0,True,0.0,0.2876820724517809,1.0,1.0,,llama3.3:70b,finqa,evidence_masked_insufficient,noncommitted
hqa_FQ_b111cf56_masked,F,directional_change,0,10,hedgeqa_oracle,,False,,1.0,True,-0.0,0.0,-0.0,0.0,0.0,0.0,-0.0,0.0,-0.0,0.0,insufficient_data,1.0,1.0,1.0,"{""increased"": 0.0, ""decreased"": 0.0, ""roughly_unchanged"": 0.0, ""insufficient_data"": 1.0}",-0.0,-0.0,10,10,1.0,True,0.0,0.2876820724517809,1.0,1.0,,llama3.3:70b,finqa,evidence_masked_insufficient,noncommitted
hqa_FQ_b111cf56_masked,F,directional_change,1,10,hedgeqa_oracle,,False,,1.0,True,-0.0,0.0,-0.0,0.0,0.0,0.0,-0.0,0.0,-0.0,0.0,insufficient_data,1.0,1.0,1.0,"{""increased"": 0.0, ""decreased"": 0.0, ""roughly_unchanged"": 0.0, ""insufficient_data"": 1.0}",-0.0,-0.0,10,10,1.0,True,0.0,0.2876820724517809,1.0,1.0,,llama3.3:70b,finqa,evidence_masked_insufficient,noncommitted
hqa_FQ_b1848266_masked,F,directional_change,0,10,hedgeqa_oracle,,False,,1.0,True,-0.0,0.0,-0.0,0.0,0.0,0.0,-0.0,0.0,-0.0,0.0,insufficient_data,1.0,1.0,1.0,"{""increased"": 0.0, ""decreased"": 0.0, ""roughly_unchanged"": 0.0, ""insufficient_data"": 1.0}",-0.0,-0.0,10,10,1.0,True,0.0,0.2876820724517809,1.0,1.0,,llama3.3:70b,finqa,evidence_masked_insufficient,noncommitted
hqa_FQ_b1848266_masked,F,directional_change,1,10,hedgeqa_oracle,,False,,1.0,True,-0.0,0.0,-0.0,0.0,0.0,0.0,-0.0,0.0,-0.0,0.0,insufficient_data,1.0,1.0,1.0,"{""increased"": 0.0, ""decreased"": 0.0, ""roughly_unchanged"": 0.0, ""insufficient_data"": 1.0}",-0.0,-0.0,10,10,1.0,True,0.0,0.2876820724517809,1.0,1.0,,llama3.3:70b,finqa,evidence_masked_insufficient,noncommitted
hqa_FQ_ba35f749_masked,F,directional_change,0,10,hedgeqa_oracle,,False,,1.0,True,-0.0,0.0,-0.0,0.0,0.0,0.0,-0.0,0.0,-0.0,0.0,insufficient_data,1.0,1.0,1.0,"{""increased"": 0.0, ""decreased"": 0.0, ""roughly_unchanged"": 0.0, ""insufficient_data"": 1.0}",-0.0,-0.0,10,10,1.0,True,0.0,0.2876820724517809,1.0,1.0,,llama3.3:70b,finqa,evidence_masked_insufficient,noncommitted
hqa_FQ_ba35f749_masked,F,directional_change,1,10,hedgeqa_oracle,,False,,1.0,True,-0.0,0.0,-0.0,0.0,0.0,0.0,-0.0,0.0,-0.0,0.0,insufficient_data,1.0,1.0,1.0,"{""increased"": 0.0, ""decreased"": 0.0, ""roughly_unchanged"": 0.0, ""insufficient_data"": 1.0}",-0.0,-0.0,10,10,1.0,True,0.0,0.2876820724517809,1.0,1.0,,llama3.3:70b,finqa,evidence_masked_insufficient,noncommitted
hqa_FQ_bcae6105,F,directional_change,0,10,hedgeqa_oracle,,False,,1.0,True,-0.0,0.0,-0.0,0.0,0.0,0.0,-0.0,0.0,-0.0,0.0,decreased,0.0,0.0,0.0,"{""increased"": 0.0, ""decreased"": 1.0, ""roughly_unchanged"": 0.0, ""insufficient_data"": 0.0}",-0.0,-0.0,10,10,0.0,False,2.0,2.4849066497880004,0.0,0.0,,llama3.3:70b,finqa,numeric_to_directional,committed
hqa_FQ_bcae6105,F,directional_change,1,10,hedgeqa_oracle,,False,,1.0,True,-0.0,0.0,-0.0,0.0,0.0,0.0,-0.0,0.0,-0.0,0.0,decreased,0.0,0.0,0.0,"{""increased"": 0.0, ""decreased"": 1.0, ""roughly_unchanged"": 0.0, ""insufficient_data"": 0.0}",-0.0,-0.0,10,10,0.0,False,2.0,2.4849066497880004,0.0,0.0,,llama3.3:70b,finqa,numeric_to_directional,committed
hqa_FQ_bf7cbc32,F,directional_change,0,10,hedgeqa_oracle,,False,,1.0,True,-0.0,0.0,-0.0,0.0,0.0,0.0,-0.0,0.0,-0.0,0.0,roughly_unchanged,0.0,0.0,0.0,"{""increased"": 0.0, ""decreased"": 0.0, ""roughly_unchanged"": 1.0, ""insufficient_data"": 0.0}",-0.0,-0.0,10,10,1.0,True,0.0,0.2876820724517809,1.0,1.0,,llama3.3:70b,finqa,numeric_to_directional,committed
hqa_FQ_bf7cbc32,F,directional_change,1,10,hedgeqa_oracle,,False,,1.0,True,-0.0,0.0,-0.0,0.0,0.0,0.0,-0.0,0.0,-0.0,0.0,roughly_unchanged,0.0,0.0,0.0,"{""increased"": 0.0, ""decreased"": 0.0, ""roughly_unchanged"": 1.0, ""insufficient_data"": 0.0}",-0.0,-0.0,10,10,1.0,True,0.0,0.2876820724517809,1.0,1.0,,llama3.3:70b,finqa,numeric_to_directional,committed
hqa_FQ_bfbf5888,F,directional_change,0,10,hedgeqa_oracle,,False,,1.0,True,-0.0,0.0,-0.0,0.0,0.0,0.0,-0.0,0.0,-0.0,0.0,decreased,0.0,0.0,0.0,"{""increased"": 0.0, ""decreased"": 1.0, ""roughly_unchanged"": 0.0, ""insufficient_data"": 0.0}",-0.0,-0.0,10,10,1.0,True,0.0,0.2876820724517809,1.0,1.0,,llama3.3:70b,finqa,numeric_to_directional,committed
hqa_FQ_bfbf5888,F,directional_change,1,10,hedgeqa_oracle,,False,,1.0,True,-0.0,0.0,-0.0,0.0,0.0,0.0,-0.0,0.0,-0.0,0.0,decreased,0.0,0.0,0.0,"{""increased"": 0.0, ""decreased"": 1.0, ""roughly_unchanged"": 0.0, ""insufficient_data"": 0.0}",-0.0,-0.0,10,10,1.0,True,0.0,0.2876820724517809,1.0,1.0,,llama3.3:70b,finqa,numeric_to_directional,committed
hqa_FQ_c868faac,F,directional_change,0,10,hedgeqa_oracle,,False,,1.0,True,-0.0,0.0,-0.0,0.0,0.0,0.0,-0.0,0.0,-0.0,0.0,increased,0.0,0.0,0.0,"{""increased"": 1.0, ""decreased"": 0.0, ""roughly_unchanged"": 0.0, ""insufficient_data"": 0.0}",-0.0,-0.0,10,10,1.0,True,0.0,0.2876820724517809,1.0,1.0,,llama3.3:70b,finqa,numeric_to_directional,committed
hqa_FQ_c868faac,F,directional_change,1,10,hedgeqa_oracle,,False,,1.0,True,-0.0,0.0,-0.0,0.0,0.0,0.0,-0.0,0.0,-0.0,0.0,increased,0.0,0.0,0.0,"{""increased"": 1.0, ""decreased"": 0.0, ""roughly_unchanged"": 0.0, ""insufficient_data"": 0.0}",-0.0,-0.0,10,10,1.0,True,0.0,0.2876820724517809,1.0,1.0,,llama3.3:70b,finqa,numeric_to_directional,committed
hqa_FQ_cb2951cf_masked,F,directional_change,0,10,hedgeqa_oracle,,False,,1.0,True,-0.0,0.0,-0.0,0.0,0.0,0.0,-0.0,0.0,-0.0,0.0,insufficient_data,1.0,1.0,1.0,"{""increased"": 0.0, ""decreased"": 0.0, ""roughly_unchanged"": 0.0, ""insufficient_data"": 1.0}",-0.0,-0.0,10,10,1.0,True,0.0,0.2876820724517809,1.0,1.0,,llama3.3:70b,finqa,evidence_masked_insufficient,noncommitted
hqa_FQ_cb2951cf_masked,F,directional_change,1,10,hedgeqa_oracle,,False,,1.0,True,-0.0,0.0,-0.0,0.0,0.0,0.0,-0.0,0.0,-0.0,0.0,insufficient_data,1.0,1.0,1.0,"{""increased"": 0.0, ""decreased"": 0.0, ""roughly_unchanged"": 0.0, ""insufficient_data"": 1.0}",-0.0,-0.0,10,10,1.0,True,0.0,0.2876820724517809,1.0,1.0,,llama3.3:70b,finqa,evidence_masked_insufficient,noncommitted
hqa_FQ_cb42aedc,F,directional_change,0,10,hedgeqa_oracle,,False,,1.0,True,-0.0,0.0,-0.0,0.0,0.0,0.0,-0.0,0.0,-0.0,0.0,increased,0.0,0.0,0.0,"{""increased"": 1.0, ""decreased"": 0.0, ""roughly_unchanged"": 0.0, ""insufficient_data"": 0.0}",-0.0,-0.0,10,10,1.0,True,0.0,0.2876820724517809,1.0,1.0,,llama3.3:70b,finqa,numeric_to_directional,committed
hqa_FQ_cb42aedc,F,directional_change,1,10,hedgeqa_oracle,,False,,1.0,True,-0.0,0.0,-0.0,0.0,0.0,0.0,-0.0,0.0,-0.0,0.0,increased,0.0,0.0,0.0,"{""increased"": 1.0, ""decreased"": 0.0, ""roughly_unchanged"": 0.0, ""insufficient_data"": 0.0}",-0.0,-0.0,10,10,1.0,True,0.0,0.2876820724517809,1.0,1.0,,llama3.3:70b,finqa,numeric_to_directional,committed
hqa_FQ_ccc2f20b,F,directional_change,0,10,hedgeqa_oracle,,False,,1.0,True,-0.0,0.0,-0.0,0.0,0.0,0.0,-0.0,0.0,-0.0,0.0,roughly_unchanged,0.0,0.0,0.0,"{""increased"": 0.0, ""decreased"": 0.0, ""roughly_unchanged"": 1.0, ""insufficient_data"": 0.0}",-0.0,-0.0,10,10,1.0,True,0.0,0.2876820724517809,1.0,1.0,,llama3.3:70b,finqa,numeric_to_directional,committed
hqa_FQ_ccc2f20b,F,directional_change,1,10,hedgeqa_oracle,,False,,1.0,True,-0.0,0.0,-0.0,0.0,0.0,0.0,-0.0,0.0,-0.0,0.0,roughly_unchanged,0.0,0.0,0.0,"{""increased"": 0.0, ""decreased"": 0.0, ""roughly_unchanged"": 1.0, ""insufficient_data"": 0.0}",-0.0,-0.0,10,10,1.0,True,0.0,0.2876820724517809,1.0,1.0,,llama3.3:70b,finqa,numeric_to_directional,committed
hqa_FQ_cccdd70f,F,directional_change,0,10,hedgeqa_oracle,,False,,1.0,True,-0.0,0.0,-0.0,0.0,0.0,0.0,-0.0,0.0,-0.0,0.0,increased,0.0,0.0,0.0,"{""increased"": 1.0, ""decreased"": 0.0, ""roughly_unchanged"": 0.0, ""insufficient_data"": 0.0}",-0.0,-0.0,10,10,1.0,True,0.0,0.2876820724517809,1.0,1.0,,llama3.3:70b,finqa,numeric_to_directional,committed
hqa_FQ_cccdd70f,F,directional_change,1,10,hedgeqa_oracle,,False,,1.0,True,-0.0,0.0,-0.0,0.0,0.0,0.0,-0.0,0.0,-0.0,0.0,increased,0.0,0.0,0.0,"{""increased"": 1.0, ""decreased"": 0.0, ""roughly_unchanged"": 0.0, ""insufficient_data"": 0.0}",-0.0,-0.0,10,10,1.0,True,0.0,0.2876820724517809,1.0,1.0,,llama3.3:70b,finqa,numeric_to_directional,committed
hqa_FQ_cdc17c89,F,directional_change,0,10,hedgeqa_oracle,,False,,1.0,True,-0.0,0.0,-0.0,0.0,0.0,0.0,-0.0,0.0,-0.0,0.0,decreased,0.0,0.0,0.0,"{""increased"": 0.0, ""decreased"": 1.0, ""roughly_unchanged"": 0.0, ""insufficient_data"": 0.0}",-0.0,-0.0,10,10,1.0,True,0.0,0.2876820724517809,1.0,1.0,,llama3.3:70b,finqa,numeric_to_directional,committed
hqa_FQ_cdc17c89,F,directional_change,1,10,hedgeqa_oracle,,False,,1.0,True,0.1985152433458726,0.1625414866957241,0.035973756650148486,0.22351524334587258,0.1875414866957241,0.035973756650148486,0.1431984785579781,0.11724889839732029,0.025949580160657796,0.18121407728610292,increased,0.0,0.0,0.0,"{""increased"": 0.95, ""decreased"": 0.05, ""roughly_unchanged"": 0.0, ""insufficient_data"": 0.0}",-0.0,0.3250829733914482,10,10,0.05,False,1.805,2.1484344131667874,0.0,0.1,,llama3.3:70b,finqa,numeric_to_directional,committed
hqa_FQ_d04445bc,F,directional_change,0,10,hedgeqa_oracle,,False,,1.0,True,-0.0,0.0,-0.0,0.0,0.0,0.0,-0.0,0.0,-0.0,0.0,increased,0.0,0.0,0.0,"{""increased"": 1.0, ""decreased"": 0.0, ""roughly_unchanged"": 0.0, ""insufficient_data"": 0.0}",-0.0,-0.0,10,10,1.0,True,0.0,0.2876820724517809,1.0,1.0,,llama3.3:70b,finqa,numeric_to_directional,committed
hqa_FQ_d04445bc,F,directional_change,1,10,hedgeqa_oracle,,False,,1.0,True,-0.0,0.0,-0.0,0.0,0.0,0.0,-0.0,0.0,-0.0,0.0,increased,0.0,0.0,0.0,"{""increased"": 1.0, ""decreased"": 0.0, ""roughly_unchanged"": 0.0, ""insufficient_data"": 0.0}",-0.0,-0.0,10,10,1.0,True,0.0,0.2876820724517809,1.0,1.0,,llama3.3:70b,finqa,numeric_to_directional,committed
hqa_FQ_d99d6e5a,F,directional_change,0,10,hedgeqa_oracle,,False,,1.0,True,-0.0,0.0,-0.0,0.0,0.0,0.0,-0.0,0.0,-0.0,0.0,decreased,0.0,0.0,0.0,"{""increased"": 0.0, ""decreased"": 1.0, ""roughly_unchanged"": 0.0, ""insufficient_data"": 0.0}",-0.0,-0.0,10,10,1.0,True,0.0,0.2876820724517809,1.0,1.0,,llama3.3:70b,finqa,numeric_to_directional,committed
hqa_FQ_d99d6e5a,F,directional_change,1,10,hedgeqa_oracle,,False,,1.0,True,-0.0,0.0,-0.0,0.0,0.0,0.0,-0.0,0.0,-0.0,0.0,decreased,0.0,0.0,0.0,"{""increased"": 0.0, ""decreased"": 1.0, ""roughly_unchanged"": 0.0, ""insufficient_data"": 0.0}",-0.0,-0.0,10,10,1.0,True,0.0,0.2876820724517809,1.0,1.0,,llama3.3:70b,finqa,numeric_to_directional,committed
hqa_FQ_dc32fb1c,F,directional_change,0,10,hedgeqa_oracle,,False,,1.0,True,-0.0,0.0,-0.0,0.0,0.0,0.0,-0.0,0.0,-0.0,0.0,increased,0.0,0.0,0.0,"{""increased"": 1.0, ""decreased"": 0.0, ""roughly_unchanged"": 0.0, ""insufficient_data"": 0.0}",-0.0,-0.0,10,10,1.0,True,0.0,0.2876820724517809,1.0,1.0,,llama3.3:70b,finqa,numeric_to_directional,committed
hqa_FQ_dc32fb1c,F,directional_change,1,10,hedgeqa_oracle,,False,,1.0,True,-0.0,0.0,-0.0,0.0,0.0,0.0,-0.0,0.0,-0.0,0.0,increased,0.0,0.0,0.0,"{""increased"": 1.0, ""decreased"": 0.0, ""roughly_unchanged"": 0.0, ""insufficient_data"": 0.0}",-0.0,-0.0,10,10,1.0,True,0.0,0.2876820724517809,1.0,1.0,,llama3.3:70b,finqa,numeric_to_directional,committed
hqa_FQ_df7f0bda_masked,F,directional_change,0,10,hedgeqa_oracle,,False,,1.0,True,-0.0,0.0,-0.0,0.0,0.0,0.0,-0.0,0.0,-0.0,0.0,insufficient_data,1.0,1.0,1.0,"{""increased"": 0.0, ""decreased"": 0.0, ""roughly_unchanged"": 0.0, ""insufficient_data"": 1.0}",-0.0,-0.0,10,10,1.0,True,0.0,0.2876820724517809,1.0,1.0,,llama3.3:70b,finqa,evidence_masked_insufficient,noncommitted
hqa_FQ_df7f0bda_masked,F,directional_change,1,10,hedgeqa_oracle,,False,,1.0,True,-0.0,0.0,-0.0,0.0,0.0,0.0,-0.0,0.0,-0.0,0.0,insufficient_data,1.0,1.0,1.0,"{""increased"": 0.0, ""decreased"": 0.0, ""roughly_unchanged"": 0.0, ""insufficient_data"": 1.0}",-0.0,-0.0,10,10,1.0,True,0.0,0.2876820724517809,1.0,1.0,,llama3.3:70b,finqa,evidence_masked_insufficient,noncommitted
hqa_FQ_e6e1f02f,F,directional_change,0,10,hedgeqa_oracle,,False,,1.0,True,-0.0,0.0,-0.0,0.0,0.0,0.0,-0.0,0.0,-0.0,0.0,insufficient_data,1.0,1.0,1.0,"{""increased"": 0.0, ""decreased"": 0.0, ""roughly_unchanged"": 0.0, ""insufficient_data"": 1.0}",-0.0,-0.0,10,10,0.0,False,2.0,2.4849066497880004,0.0,0.0,,llama3.3:70b,finqa,numeric_to_directional,committed
hqa_FQ_e6e1f02f,F,directional_change,1,10,hedgeqa_oracle,,False,,1.0,True,-0.0,0.0,-0.0,0.0,0.0,0.0,-0.0,0.0,-0.0,0.0,insufficient_data,1.0,1.0,1.0,"{""increased"": 0.0, ""decreased"": 0.0, ""roughly_unchanged"": 0.0, ""insufficient_data"": 1.0}",-0.0,-0.0,10,10,0.0,False,2.0,2.4849066497880004,0.0,0.0,,llama3.3:70b,finqa,numeric_to_directional,committed
hqa_FQ_e7c2edef,F,directional_change,0,10,hedgeqa_oracle,,False,,1.0,True,-0.0,0.0,-0.0,0.0,0.0,0.0,-0.0,0.0,-0.0,0.0,increased,0.0,0.0,0.0,"{""increased"": 1.0, ""decreased"": 0.0, ""roughly_unchanged"": 0.0, ""insufficient_data"": 0.0}",-0.0,-0.0,10,10,1.0,True,0.0,0.2876820724517809,1.0,1.0,,llama3.3:70b,finqa,numeric_to_directional,committed
hqa_FQ_e7c2edef,F,directional_change,1,10,hedgeqa_oracle,,False,,1.0,True,-0.0,0.0,-0.0,0.0,0.0,0.0,-0.0,0.0,-0.0,0.0,increased,0.0,0.0,0.0,"{""increased"": 1.0, ""decreased"": 0.0, ""roughly_unchanged"": 0.0, ""insufficient_data"": 0.0}",-0.0,-0.0,10,10,1.0,True,0.0,0.2876820724517809,1.0,1.0,,llama3.3:70b,finqa,numeric_to_directional,committed
hqa_FQ_e98c5e1e,F,directional_change,0,10,hedgeqa_oracle,,False,,1.0,True,-0.0,0.0,-0.0,0.0,0.0,0.0,-0.0,0.0,-0.0,0.0,decreased,0.0,0.0,0.0,"{""increased"": 0.0, ""decreased"": 1.0, ""roughly_unchanged"": 0.0, ""insufficient_data"": 0.0}",-0.0,-0.0,10,10,1.0,True,0.0,0.2876820724517809,1.0,1.0,,llama3.3:70b,finqa,numeric_to_directional,committed
hqa_FQ_e98c5e1e,F,directional_change,1,10,hedgeqa_oracle,,False,,1.0,True,-0.0,0.0,-0.0,0.0,0.0,0.0,-0.0,0.0,-0.0,0.0,decreased,0.0,0.0,0.0,"{""increased"": 0.0, ""decreased"": 1.0, ""roughly_unchanged"": 0.0, ""insufficient_data"": 0.0}",-0.0,-0.0,10,10,1.0,True,0.0,0.2876820724517809,1.0,1.0,,llama3.3:70b,finqa,numeric_to_directional,committed
hqa_FQ_e9d8aa67,F,directional_change,0,10,hedgeqa_oracle,,False,,1.0,True,-0.0,0.0,-0.0,0.0,0.0,0.0,-0.0,0.0,-0.0,0.0,increased,0.0,0.0,0.0,"{""increased"": 1.0, ""decreased"": 0.0, ""roughly_unchanged"": 0.0, ""insufficient_data"": 0.0}",-0.0,-0.0,10,10,1.0,True,0.0,0.2876820724517809,1.0,1.0,,llama3.3:70b,finqa,numeric_to_directional,committed
hqa_FQ_e9d8aa67,F,directional_change,1,10,hedgeqa_oracle,,False,,1.0,True,-0.0,0.0,-0.0,0.0,0.0,0.0,-0.0,0.0,-0.0,0.0,increased,0.0,0.0,0.0,"{""increased"": 1.0, ""decreased"": 0.0, ""roughly_unchanged"": 0.0, ""insufficient_data"": 0.0}",-0.0,-0.0,10,10,1.0,True,0.0,0.2876820724517809,1.0,1.0,,llama3.3:70b,finqa,numeric_to_directional,committed
hqa_FQ_ee6f94ed,F,directional_change,0,10,hedgeqa_oracle,,False,,1.0,True,-0.0,0.0,-0.0,0.0,0.0,0.0,-0.0,0.0,-0.0,0.0,increased,0.0,0.0,0.0,"{""increased"": 1.0, ""decreased"": 0.0, ""roughly_unchanged"": 0.0, ""insufficient_data"": 0.0}",-0.0,-0.0,10,10,1.0,True,0.0,0.2876820724517809,1.0,1.0,,llama3.3:70b,finqa,numeric_to_directional,committed
hqa_FQ_ee6f94ed,F,directional_change,1,10,hedgeqa_oracle,,False,,1.0,True,-0.0,0.0,-0.0,0.0,0.0,0.0,-0.0,0.0,-0.0,0.0,increased,0.0,0.0,0.0,"{""increased"": 1.0, ""decreased"": 0.0, ""roughly_unchanged"": 0.0, ""insufficient_data"": 0.0}",-0.0,-0.0,10,10,1.0,True,0.0,0.2876820724517809,1.0,1.0,,llama3.3:70b,finqa,numeric_to_directional,committed
hqa_FQ_ef8ca35e,F,directional_change,0,10,hedgeqa_oracle,,False,,1.0,True,-0.0,0.0,-0.0,0.0,0.0,0.0,-0.0,0.0,-0.0,0.0,increased,0.0,0.0,0.0,"{""increased"": 1.0, ""decreased"": 0.0, ""roughly_unchanged"": 0.0, ""insufficient_data"": 0.0}",-0.0,-0.0,10,10,1.0,True,0.0,0.2876820724517809,1.0,1.0,,llama3.3:70b,finqa,numeric_to_directional,committed
hqa_FQ_ef8ca35e,F,directional_change,1,10,hedgeqa_oracle,,False,,1.0,True,-0.0,0.0,-0.0,0.0,0.0,0.0,-0.0,0.0,-0.0,0.0,increased,0.0,0.0,0.0,"{""increased"": 1.0, ""decreased"": 0.0, ""roughly_unchanged"": 0.0, ""insufficient_data"": 0.0}",-0.0,-0.0,10,10,1.0,True,0.0,0.2876820724517809,1.0,1.0,,llama3.3:70b,finqa,numeric_to_directional,committed
hqa_FQ_efa45e04,F,directional_change,0,10,hedgeqa_oracle,,False,,1.0,True,-0.0,0.0,-0.0,0.0,0.0,0.0,-0.0,0.0,-0.0,0.0,decreased,0.0,0.0,0.0,"{""increased"": 0.0, ""decreased"": 1.0, ""roughly_unchanged"": 0.0, ""insufficient_data"": 0.0}",-0.0,-0.0,10,10,1.0,True,0.0,0.2876820724517809,1.0,1.0,,llama3.3:70b,finqa,numeric_to_directional,committed
hqa_FQ_efa45e04,F,directional_change,1,10,hedgeqa_oracle,,False,,1.0,True,-0.0,0.0,-0.0,0.0,0.0,0.0,-0.0,0.0,-0.0,0.0,decreased,0.0,0.0,0.0,"{""increased"": 0.0, ""decreased"": 1.0, ""roughly_unchanged"": 0.0, ""insufficient_data"": 0.0}",-0.0,-0.0,10,10,1.0,True,0.0,0.2876820724517809,1.0,1.0,,llama3.3:70b,finqa,numeric_to_directional,committed
hqa_FQ_f6d8326c,F,directional_change,0,10,hedgeqa_oracle,,False,,1.0,True,-0.0,0.0,-0.0,0.0,0.0,0.0,-0.0,0.0,-0.0,0.0,increased,0.0,0.0,0.0,"{""increased"": 1.0, ""decreased"": 0.0, ""roughly_unchanged"": 0.0, ""insufficient_data"": 0.0}",-0.0,-0.0,10,10,1.0,True,0.0,0.2876820724517809,1.0,1.0,,llama3.3:70b,finqa,numeric_to_directional,committed
hqa_FQ_f6d8326c,F,directional_change,1,10,hedgeqa_oracle,,False,,1.0,True,-0.0,0.0,-0.0,0.0,0.0,0.0,-0.0,0.0,-0.0,0.0,increased,0.0,0.0,0.0,"{""increased"": 1.0, ""decreased"": 0.0, ""roughly_unchanged"": 0.0, ""insufficient_data"": 0.0}",-0.0,-0.0,10,10,1.0,True,0.0,0.2876820724517809,1.0,1.0,,llama3.3:70b,finqa,numeric_to_directional,committed
hqa_FQ_fab23070,F,directional_change,0,10,hedgeqa_oracle,,False,,1.0,True,-0.0,0.0,-0.0,0.0,0.0,0.0,-0.0,0.0,-0.0,0.0,roughly_unchanged,0.0,0.0,0.0,"{""increased"": 0.0, ""decreased"": 0.0, ""roughly_unchanged"": 1.0, ""insufficient_data"": 0.0}",-0.0,-0.0,10,10,1.0,True,0.0,0.2876820724517809,1.0,1.0,,llama3.3:70b,finqa,numeric_to_directional,committed
hqa_FQ_fab23070,F,directional_change,1,10,hedgeqa_oracle,,False,,1.0,True,-0.0,0.0,-0.0,0.0,0.0,0.0,-0.0,0.0,-0.0,0.0,roughly_unchanged,0.0,0.0,0.0,"{""increased"": 0.0, ""decreased"": 0.0, ""roughly_unchanged"": 1.0, ""insufficient_data"": 0.0}",-0.0,-0.0,10,10,1.0,True,0.0,0.2876820724517809,1.0,1.0,,llama3.3:70b,finqa,numeric_to_directional,committed
hqa_FTB_008bd6df,FT,category_choice,0,10,hedgeqa_oracle,,False,,1.0,True,0.926506603289533,0.40090927627166867,0.5255973270178644,0.9765066032895331,0.45090927627166866,0.5255973270178644,0.6683332409583438,0.28919491236175987,0.3791383285965839,0.5672893481295733,sell,0.35,0.7,0.0,"{""sell"": 0.55, ""hold"": 0.1, ""conditional"": 0.35, ""insufficient_data"": 0.0}",0.8018185525433373,-0.0,10,10,0.35,False,0.7350000000000001,1.1499055830556604,0.7,0.0,,llama3.3:70b,fintradebench,none,noncommitted
hqa_FTB_008bd6df,FT,category_choice,1,10,hedgeqa_oracle,,False,,1.0,True,0.8556886672556694,0.1625414866957241,0.6931471805599453,0.9056886672556694,0.1875414866957241,0.7181471805599453,0.6172488983973203,0.11724889839732029,0.5,0.8100459981350219,hold,0.05,0.0,0.1,"{""sell"": 0.45, ""hold"": 0.5, ""conditional"": 0.05, ""insufficient_data"": 0.0}",-0.0,0.3250829733914482,10,10,0.05,False,1.355,2.1484344131667874,0.0,0.1,,llama3.3:70b,fintradebench,none,noncommitted
hqa_FTB_00a5559e,FT,supportive_judgment,0,10,hedgeqa_oracle,,False,,1.0,True,-0.0,0.0,-0.0,0.0,0.0,0.0,-0.0,0.0,-0.0,0.0,conditional,1.0,1.0,1.0,"{""supportive"": 0.0, ""unsupportive"": 0.0, ""conditional"": 1.0, ""insufficient_data"": 0.0}",-0.0,-0.0,10,10,1.0,True,0.0,0.2876820724517809,1.0,1.0,,llama3.3:70b,fintradebench,none,noncommitted
hqa_FTB_00a5559e,FT,supportive_judgment,1,10,hedgeqa_oracle,,False,,1.0,True,-0.0,0.0,-0.0,0.0,0.0,0.0,-0.0,0.0,-0.0,0.0,conditional,1.0,1.0,1.0,"{""supportive"": 0.0, ""unsupportive"": 0.0, ""conditional"": 1.0, ""insufficient_data"": 0.0}",-0.0,-0.0,10,10,1.0,True,0.0,0.2876820724517809,1.0,1.0,,llama3.3:70b,fintradebench,none,noncommitted
hqa_FTB_00e479ec,FT,yes_no_mixed,0,10,hedgeqa_oracle,,False,,1.0,True,0.6108643020548935,0.5091150769756967,0.10174922507919681,0.6358643020548935,0.5591150769756967,0.07674922507919679,0.44064544961534635,0.3672488983973203,0.0733965512180261,0.16656600285353296,insufficient_data,1.0,1.0,1.0,"{""yes"": 0.0, ""no"": 0.0, ""mixed"": 0.3, ""insufficient_data"": 0.7}",0.3250829733914482,0.6931471805599453,10,10,0.3,False,0.9799999999999999,1.2611312181658845,0.1,0.5,,llama3.3:70b,fintradebench,none,noncommitted
hqa_FTB_00e479ec,FT,yes_no_mixed,1,10,hedgeqa_oracle,,False,,1.0,True,0.8556886672556694,0.1625414866957241,0.6931471805599453,0.9056886672556694,0.1875414866957241,0.7181471805599453,0.6172488983973203,0.11724889839732029,0.5,0.8100459981350219,insufficient_data,0.95,0.9,1.0,"{""yes"": 0.0, ""no"": 0.05, ""mixed"": 0.45, ""insufficient_data"": 0.5}",0.3250829733914482,-0.0,10,10,0.45,False,0.555,0.9588503462929511,0.9,0.0,,llama3.3:70b,fintradebench,none,noncommitted
hqa_FTB_01c97f78,FT,category_choice,0,10,hedgeqa_oracle,,False,,1.0,True,-0.0,0.0,-0.0,0.0,0.0,0.0,-0.0,0.0,-0.0,0.0,mixed,1.0,1.0,1.0,"{""value_trap"": 0.0, ""genuine_opportunity"": 0.0, ""mixed"": 1.0, ""insufficient_data"": 0.0}",-0.0,-0.0,10,10,0.0,False,2.0,2.4849066497880004,0.0,0.0,,llama3.3:70b,fintradebench,none,committed
hqa_FTB_01c97f78,FT,category_choice,1,10,hedgeqa_oracle,,False,,1.0,True,-0.0,0.0,-0.0,0.0,0.0,0.0,-0.0,0.0,-0.0,0.0,mixed,1.0,1.0,1.0,"{""value_trap"": 0.0, ""genuine_opportunity"": 0.0, ""mixed"": 1.0, ""insufficient_data"": 0.0}",-0.0,-0.0,10,10,0.0,False,2.0,2.4849066497880004,0.0,0.0,,llama3.3:70b,fintradebench,none,committed
hqa_FTB_06c86cd6,FT,category_choice,0,10,hedgeqa_oracle,,False,,1.0,True,-0.0,0.0,-0.0,0.0,0.0,0.0,-0.0,0.0,-0.0,0.0,reinvestment_opportunity,0.0,0.0,0.0,"{""reinvestment_opportunity"": 1.0, ""cash_flow_weakness"": 0.0, ""mixed"": 0.0, ""insufficient_data"": 0.0}",-0.0,-0.0,10,10,1.0,True,0.0,0.2876820724517809,1.0,1.0,,llama3.3:70b,fintradebench,none,committed
hqa_FTB_06c86cd6,FT,category_choice,1,10,hedgeqa_oracle,,False,,1.0,True,-0.0,0.0,-0.0,0.0,0.0,0.0,-0.0,0.0,-0.0,0.0,reinvestment_opportunity,0.0,0.0,0.0,"{""reinvestment_opportunity"": 1.0, ""cash_flow_weakness"": 0.0, ""mixed"": 0.0, ""insufficient_data"": 0.0}",-0.0,-0.0,10,10,1.0,True,0.0,0.2876820724517809,1.0,1.0,,llama3.3:70b,fintradebench,none,committed
hqa_FTB_10de0142,F,valuation_judgment,0,10,hedgeqa_oracle,,False,,1.0,True,-0.0,0.0,-0.0,0.0,0.0,0.0,-0.0,0.0,-0.0,0.0,undervalued,0.0,0.0,0.0,"{""undervalued"": 1.0, ""fairly_priced"": 0.0, ""overvalued"": 0.0, ""insufficient_data"": 0.0}",-0.0,-0.0,10,10,1.0,True,0.0,0.2876820724517809,1.0,1.0,,llama3.3:70b,fintradebench,none,committed
hqa_FTB_10de0142,F,valuation_judgment,1,10,hedgeqa_oracle,,False,,1.0,True,0.5623351446188083,0.34657359027997264,0.21576155433883565,0.5873351446188083,0.37157359027997267,0.21576155433883565,0.4056390622295664,0.25,0.15563906222956642,0.3836885465963443,fairly_priced,0.0,0.0,0.0,"{""undervalued"": 0.25, ""fairly_priced"": 0.75, ""overvalued"": 0.0, ""insufficient_data"": 0.0}",-0.0,0.6931471805599453,10,10,0.25,False,1.125,1.3862943611198906,0.0,0.5,,llama3.3:70b,fintradebench,none,committed
hqa_FTB_124f7e99,FT,yes_no_mixed,0,10,hedgeqa_oracle,,False,,1.0,True,-0.0,0.0,-0.0,0.0,0.0,0.0,-0.0,0.0,-0.0,0.0,insufficient_data,1.0,1.0,1.0,"{""yes"": 0.0, ""no"": 0.0, ""mixed"": 0.0, ""insufficient_data"": 1.0}",-0.0,-0.0,10,10,0.0,False,2.0,2.4849066497880004,0.0,0.0,,llama3.3:70b,fintradebench,none,noncommitted
hqa_FTB_124f7e99,FT,yes_no_mixed,1,10,hedgeqa_oracle,,False,,1.0,True,-0.0,0.0,-0.0,0.0,0.0,0.0,-0.0,0.0,-0.0,0.0,insufficient_data,1.0,1.0,1.0,"{""yes"": 0.0, ""no"": 0.0, ""mixed"": 0.0, ""insufficient_data"": 1.0}",-0.0,-0.0,10,10,0.0,False,2.0,2.4849066497880004,0.0,0.0,,llama3.3:70b,fintradebench,none,noncommitted
hqa_FTB_13290767,F,company_choice,0,10,hedgeqa_oracle,,False,,1.0,True,-0.0,0.0,-0.0,0.0,0.0,0.0,-0.0,0.0,-0.0,0.0,MSFT,0.0,0.0,0.0,"{""AAPL"": 0.0, ""MSFT"": 1.0, ""GOOGL"": 0.0, ""insufficient_data"": 0.0}",-0.0,-0.0,10,10,0.0,False,2.0,2.4849066497880004,0.0,0.0,,llama3.3:70b,fintradebench,none,committed
hqa_FTB_13290767,F,company_choice,1,10,hedgeqa_oracle,,False,,1.0,True,0.6931471805599453,0.0,0.6931471805599453,0.7181471805599453,0.0,0.7181471805599453,0.5,0.0,0.5,1.0,MSFT,0.0,0.0,0.0,"{""AAPL"": 0.0, ""MSFT"": 0.5, ""GOOGL"": 0.5, ""insufficient_data"": 0.0}",-0.0,-0.0,10,10,0.5,False,0.5,0.8754687373538999,1.0,0.0,,llama3.3:70b,fintradebench,none,committed
hqa_FTB_19c171bc,FT,yes_no_mixed,0,10,hedgeqa_oracle,,False,,1.0,True,0.1985152433458726,0.1625414866957241,0.035973756650148486,0.22351524334587258,0.1875414866957241,0.035973756650148486,0.1431984785579781,0.11724889839732029,0.025949580160657796,0.18121407728610292,mixed,1.0,1.0,1.0,"{""yes"": 0.0, ""no"": 0.0, ""mixed"": 0.95, ""insufficient_data"": 0.05}",-0.0,0.3250829733914482,10,10,0.0,False,1.9049999999999998,2.4849066497880004,0.0,0.0,,llama3.3:70b,fintradebench,none,committed
hqa_FTB_19c171bc,FT,yes_no_mixed,1,10,hedgeqa_oracle,,False,,1.0,True,-0.0,0.0,-0.0,0.0,0.0,0.0,-0.0,0.0,-0.0,0.0,mixed,1.0,1.0,1.0,"{""yes"": 0.0, ""no"": 0.0, ""mixed"": 1.0, ""insufficient_data"": 0.0}",-0.0,-0.0,10,10,0.0,False,2.0,2.4849066497880004,0.0,0.0,,llama3.3:70b,fintradebench,none,committed
hqa_FTB_1c185a4a,T,screening_top1,0,10,hedgeqa_oracle,,False,,1.0,True,-0.0,0.0,-0.0,0.0,0.0,0.0,-0.0,0.0,-0.0,0.0,TEAM,0.0,0.0,0.0,"{""TRI"": 0.0, ""TEAM"": 1.0, ""WBD"": 0.0, ""AVGO"": 0.0, ""none_clear"": 0.0}",-0.0,-0.0,10,10,0.0,False,2.0,2.70805020110221,0.0,0.0,,llama3.3:70b,fintradebench,none,committed
hqa_FTB_1c185a4a,T,screening_top1,1,10,hedgeqa_oracle,,False,,1.0,True,-0.0,0.0,-0.0,0.0,0.0,0.0,-0.0,0.0,-0.0,0.0,TEAM,0.0,0.0,0.0,"{""TRI"": 0.0, ""TEAM"": 1.0, ""WBD"": 0.0, ""AVGO"": 0.0, ""none_clear"": 0.0}",-0.0,-0.0,10,10,0.0,False,2.0,2.70805020110221,0.0,0.0,,llama3.3:70b,fintradebench,none,committed
hqa_FTB_1f54d2f8,F,open_summary_with_canonical_claim,0,10,hedgeqa_oracle,,False,,1.0,True,0.6108643020548935,0.33650583350462826,0.27435846855026524,0.6358643020548935,0.3615058335046283,0.27435846855026524,0.556032649876389,0.3063008096446721,0.2497318402317169,0.4491316117627886,claim_true,0.3,0.0,0.6,"{""claim_true"": 0.7, ""claim_false"": 0.0, ""mixed"": 0.3}",-0.0,0.6730116670092565,10,10,0.7,True,0.18000000000000002,0.5485659517488378,1.0,0.4,,llama3.3:70b,fintradebench,none,committed
hqa_FTB_1f54d2f8,F,open_summary_with_canonical_claim,1,10,hedgeqa_oracle,,False,,1.0,True,-0.0,0.0,-0.0,0.0,0.0,0.0,-0.0,0.0,-0.0,0.0,claim_true,0.0,0.0,0.0,"{""claim_true"": 1.0, ""claim_false"": 0.0, ""mixed"": 0.0}",-0.0,-0.0,10,10,1.0,True,0.0,0.25131442828090605,1.0,1.0,,llama3.3:70b,fintradebench,none,committed
hqa_FTB_2aef23bd,FT,supportive_judgment,0,10,hedgeqa_oracle,,False,,1.0,True,-0.0,0.0,-0.0,0.0,0.0,0.0,-0.0,0.0,-0.0,0.0,conditional,1.0,1.0,1.0,"{""supportive"": 0.0, ""unsupportive"": 0.0, ""conditional"": 1.0, ""insufficient_data"": 0.0}",-0.0,-0.0,10,10,0.0,False,2.0,2.4849066497880004,0.0,0.0,,llama3.3:70b,fintradebench,none,committed
hqa_FTB_2aef23bd,FT,supportive_judgment,1,10,hedgeqa_oracle,,False,,1.0,True,-0.0,0.0,-0.0,0.0,0.0,0.0,-0.0,0.0,-0.0,0.0,conditional,1.0,1.0,1.0,"{""supportive"": 0.0, ""unsupportive"": 0.0, ""conditional"": 1.0, ""insufficient_data"": 0.0}",-0.0,-0.0,10,10,0.0,False,2.0,2.4849066497880004,0.0,0.0,,llama3.3:70b,fintradebench,none,committed
hqa_FTB_30cfebd4,FT,category_choice,0,10,hedgeqa_oracle,,False,,1.0,True,-0.0,0.0,-0.0,0.0,0.0,0.0,-0.0,0.0,-0.0,0.0,wait_for_confirmation,0.0,0.0,0.0,"{""wait_for_confirmation"": 1.0, ""buy_on_fundamentals"": 0.0, ""insufficient_data"": 0.0}",-0.0,-0.0,10,10,1.0,True,0.0,0.25131442828090605,1.0,1.0,,llama3.3:70b,fintradebench,none,committed
hqa_FTB_30cfebd4,FT,category_choice,1,10,hedgeqa_oracle,,False,,1.0,True,-0.0,0.0,-0.0,0.0,0.0,0.0,-0.0,0.0,-0.0,0.0,wait_for_confirmation,0.0,0.0,0.0,"{""wait_for_confirmation"": 1.0, ""buy_on_fundamentals"": 0.0, ""insufficient_data"": 0.0}",-0.0,-0.0,10,10,1.0,True,0.0,0.25131442828090605,1.0,1.0,,llama3.3:70b,fintradebench,none,committed
hqa_FTB_38645c6c,F,yes_no_mixed,0,10,hedgeqa_oracle,,False,,1.0,True,-0.0,0.0,-0.0,0.0,0.0,0.0,-0.0,0.0,-0.0,0.0,mixed,1.0,1.0,1.0,"{""yes"": 0.0, ""no"": 0.0, ""mixed"": 1.0, ""insufficient_data"": 0.0}",-0.0,-0.0,10,10,0.0,False,2.0,2.4849066497880004,0.0,0.0,,llama3.3:70b,fintradebench,none,committed
hqa_FTB_38645c6c,F,yes_no_mixed,1,10,hedgeqa_oracle,,False,,1.0,True,-0.0,0.0,-0.0,0.0,0.0,0.0,-0.0,0.0,-0.0,0.0,mixed,1.0,1.0,1.0,"{""yes"": 0.0, ""no"": 0.0, ""mixed"": 1.0, ""insufficient_data"": 0.0}",-0.0,-0.0,10,10,0.0,False,2.0,2.4849066497880004,0.0,0.0,,llama3.3:70b,fintradebench,none,committed
hqa_FTB_3a7f797e,F,yes_no_mixed,0,10,hedgeqa_oracle,,False,,1.0,True,0.6730116670092565,0.25020121176909393,0.4228104552401626,0.6980116670092565,0.27520121176909396,0.4228104552401626,0.4854752972273344,0.18048202372184058,0.3049932735054938,0.6282364421987758,mixed,0.6,0.2,1.0,"{""yes"": 0.0, ""no"": 0.4, ""mixed"": 0.6, ""insufficient_data"": 0.0}",0.5004024235381879,-0.0,10,10,0.4,False,0.72,1.0498221244986776,0.8,0.0,,llama3.3:70b,fintradebench,none,committed
hqa_FTB_3a7f797e,F,yes_no_mixed,1,10,hedgeqa_oracle,,False,,1.0,True,0.6931471805599453,0.0,0.6931471805599453,0.7181471805599453,0.0,0.7181471805599453,0.5,0.0,0.5,1.0,no,0.5,1.0,0.0,"{""yes"": 0.0, ""no"": 0.5, ""mixed"": 0.5, ""insufficient_data"": 0.0}",-0.0,-0.0,10,10,0.5,True,0.5,0.8754687373538999,0.0,1.0,,llama3.3:70b,fintradebench,none,committed
hqa_FTB_3ba66418,F,graded_judgment,0,10,hedgeqa_oracle,,False,,1.0,True,-0.0,0.0,-0.0,0.0,0.0,0.0,-0.0,0.0,-0.0,0.0,sound,0.0,0.0,0.0,"{""sound"": 1.0, ""mixed"": 0.0, ""weak"": 0.0, ""insufficient_data"": 0.0}",-0.0,-0.0,10,10,1.0,True,0.0,0.2876820724517809,1.0,1.0,,llama3.3:70b,fintradebench,none,committed
hqa_FTB_3ba66418,F,graded_judgment,1,10,hedgeqa_oracle,,False,,1.0,True,0.6474466390346325,0.30543215102744675,0.34201448800718576,0.6724466390346325,0.3304321510274468,0.34201448800718576,0.46703402768774555,0.22032272480767318,0.24671130288007237,0.5282512370705057,sound,0.35,0.7,0.0,"{""sound"": 0.65, ""mixed"": 0.35, ""weak"": 0.0, ""insufficient_data"": 0.0}",0.6108643020548935,-0.0,10,10,0.65,True,0.24499999999999997,0.6603573577369544,0.3,1.0,,llama3.3:70b,fintradebench,none,committed
hqa_FTB_46b2b9ab,FT,yes_no_mixed,0,10,hedgeqa_oracle,,False,,1.0,True,-0.0,0.0,-0.0,0.0,0.0,0.0,-0.0,0.0,-0.0,0.0,mixed,1.0,1.0,1.0,"{""yes"": 0.0, ""no"": 0.0, ""mixed"": 1.0, ""insufficient_data"": 0.0}",-0.0,-0.0,10,10,0.0,False,2.0,2.4849066497880004,0.0,0.0,,llama3.3:70b,fintradebench,none,committed
hqa_FTB_46b2b9ab,FT,yes_no_mixed,1,10,hedgeqa_oracle,,False,,1.0,True,-0.0,0.0,-0.0,0.0,0.0,0.0,-0.0,0.0,-0.0,0.0,mixed,1.0,1.0,1.0,"{""yes"": 0.0, ""no"": 0.0, ""mixed"": 1.0, ""insufficient_data"": 0.0}",-0.0,-0.0,10,10,0.0,False,2.0,2.4849066497880004,0.0,0.0,,llama3.3:70b,fintradebench,none,committed
hqa_FTB_47429988,FT,category_choice,0,10,hedgeqa_oracle,,False,,1.0,True,0.1985152433458726,0.1625414866957241,0.035973756650148486,0.22351524334587258,0.1875414866957241,0.035973756650148486,0.1431984785579781,0.11724889839732029,0.025949580160657796,0.18121407728610292,attractive_stability,0.05,0.1,0.0,"{""attractive_stability"": 0.95, ""underperformance_ahead"": 0.0, ""mixed"": 0.05, ""insufficient_data"": 0.0}",0.3250829733914482,-0.0,10,10,0.0,False,1.9049999999999998,2.4849066497880004,0.0,0.0,,llama3.3:70b,fintradebench,none,committed
hqa_FTB_47429988,FT,category_choice,1,10,hedgeqa_oracle,,False,,1.0,True,-0.0,0.0,-0.0,0.0,0.0,0.0,-0.0,0.0,-0.0,0.0,underperformance_ahead,0.0,0.0,0.0,"{""attractive_stability"": 0.0, ""underperformance_ahead"": 1.0, ""mixed"": 0.0, ""insufficient_data"": 0.0}",-0.0,-0.0,10,10,1.0,True,0.0,0.2876820724517809,1.0,1.0,,llama3.3:70b,fintradebench,none,committed
hqa_FTB_48b061cd,FT,yes_no_mixed,0,10,hedgeqa_oracle,,False,,1.0,True,-0.0,0.0,-0.0,0.0,0.0,0.0,-0.0,0.0,-0.0,0.0,insufficient_data,1.0,1.0,1.0,"{""yes"": 0.0, ""no"": 0.0, ""mixed"": 0.0, ""insufficient_data"": 1.0}",-0.0,-0.0,10,10,0.0,False,2.0,2.4849066497880004,0.0,0.0,,llama3.3:70b,fintradebench,none,committed
hqa_FTB_48b061cd,FT,yes_no_mixed,1,10,hedgeqa_oracle,,False,,1.0,True,-0.0,0.0,-0.0,0.0,0.0,0.0,-0.0,0.0,-0.0,0.0,insufficient_data,1.0,1.0,1.0,"{""yes"": 0.0, ""no"": 0.0, ""mixed"": 0.0, ""insufficient_data"": 1.0}",-0.0,-0.0,10,10,0.0,False,2.0,2.4849066497880004,0.0,0.0,,llama3.3:70b,fintradebench,none,committed
hqa_FTB_495324ab,FT,yes_no_mixed,0,10,hedgeqa_oracle,,False,,1.0,True,-0.0,0.0,-0.0,0.0,0.0,0.0,-0.0,0.0,-0.0,0.0,yes,0.0,0.0,0.0,"{""yes"": 1.0, ""no"": 0.0, ""mixed"": 0.0, ""insufficient_data"": 0.0}",-0.0,-0.0,10,10,1.0,True,0.0,0.2876820724517809,1.0,1.0,,llama3.3:70b,fintradebench,none,committed
hqa_FTB_495324ab,FT,yes_no_mixed,1,10,hedgeqa_oracle,,False,,1.0,True,-0.0,0.0,-0.0,0.0,0.0,0.0,-0.0,0.0,-0.0,0.0,yes,0.0,0.0,0.0,"{""yes"": 1.0, ""no"": 0.0, ""mixed"": 0.0, ""insufficient_data"": 0.0}",-0.0,-0.0,10,10,1.0,True,0.0,0.2876820724517809,1.0,1.0,,llama3.3:70b,fintradebench,none,committed
hqa_FTB_4fb8ad99,FT,yes_no_mixed,0,10,hedgeqa_oracle,,False,,1.0,True,0.42270908780599087,0.30543215102744675,0.11727693677854412,0.4477090878059909,0.3304321510274468,0.11727693677854412,0.30492015235820025,0.22032272480767318,0.08459742755052704,0.2774412478029577,insufficient_data,1.0,1.0,1.0,"{""yes"": 0.0, ""no"": 0.0, ""mixed"": 0.15, ""insufficient_data"": 0.85}",-0.0,0.6108643020548935,10,10,0.0,False,1.7449999999999999,2.4849066497880004,0.0,0.0,,llama3.3:70b,fintradebench,none,committed
hqa_FTB_4fb8ad99,FT,yes_no_mixed,1,10,hedgeqa_oracle,,False,,1.0,True,-0.0,0.0,-0.0,0.0,0.0,0.0,-0.0,0.0,-0.0,0.0,insufficient_data,1.0,1.0,1.0,"{""yes"": 0.0, ""no"": 0.0, ""mixed"": 0.0, ""insufficient_data"": 1.0}",-0.0,-0.0,10,10,0.0,False,2.0,2.4849066497880004,0.0,0.0,,llama3.3:70b,fintradebench,none,committed
hqa_FTB_54b6da2c,FT,category_choice,0,10,hedgeqa_oracle,,False,,1.0,True,-0.0,0.0,-0.0,0.0,0.0,0.0,-0.0,0.0,-0.0,0.0,mixed,1.0,1.0,1.0,"{""buying_opportunity"": 0.0, ""structural_challenges"": 0.0, ""mixed"": 1.0, ""insufficient_data"": 0.0}",-0.0,-0.0,10,10,0.0,False,2.0,2.4849066497880004,0.0,0.0,,llama3.3:70b,fintradebench,none,committed
hqa_FTB_54b6da2c,FT,category_choice,1,10,hedgeqa_oracle,,False,,1.0,True,-0.0,0.0,-0.0,0.0,0.0,0.0,-0.0,0.0,-0.0,0.0,mixed,1.0,1.0,1.0,"{""buying_opportunity"": 0.0, ""structural_challenges"": 0.0, ""mixed"": 1.0, ""insufficient_data"": 0.0}",-0.0,-0.0,10,10,0.0,False,2.0,2.4849066497880004,0.0,0.0,,llama3.3:70b,fintradebench,none,committed
hqa_FTB_54bc7248,FT,open_summary_with_canonical_claim,0,10,hedgeqa_oracle,,False,,1.0,True,-0.0,0.0,-0.0,0.0,0.0,0.0,-0.0,0.0,-0.0,0.0,mixed,1.0,1.0,1.0,"{""claim_true"": 0.0, ""claim_false"": 0.0, ""mixed"": 1.0}",-0.0,-0.0,10,10,0.0,False,2.0,2.1972245773362196,0.0,0.0,,llama3.3:70b,fintradebench,none,committed
hqa_FTB_54bc7248,FT,open_summary_with_canonical_claim,1,10,hedgeqa_oracle,,False,,1.0,True,-0.0,0.0,-0.0,0.0,0.0,0.0,-0.0,0.0,-0.0,0.0,mixed,1.0,1.0,1.0,"{""claim_true"": 0.0, ""claim_false"": 0.0, ""mixed"": 1.0}",-0.0,-0.0,10,10,0.0,False,2.0,2.1972245773362196,0.0,0.0,,llama3.3:70b,fintradebench,none,committed
hqa_FTB_5895e72d,T,screening_top1,0,10,hedgeqa_oracle,,False,,1.0,True,-0.0,0.0,-0.0,0.0,0.0,0.0,-0.0,0.0,-0.0,0.0,MRVL,0.0,0.0,0.0,"{""IDXX"": 0.0, ""SHOP"": 0.0, ""MRVL"": 1.0, ""AXON"": 0.0, ""none_clear"": 0.0}",-0.0,-0.0,10,10,0.0,False,2.0,2.70805020110221,0.0,0.0,,llama3.3:70b,fintradebench,none,committed
hqa_FTB_5895e72d,T,screening_top1,1,10,hedgeqa_oracle,,False,,1.0,True,-0.0,0.0,-0.0,0.0,0.0,0.0,-0.0,0.0,-0.0,0.0,MRVL,0.0,0.0,0.0,"{""IDXX"": 0.0, ""SHOP"": 0.0, ""MRVL"": 1.0, ""AXON"": 0.0, ""none_clear"": 0.0}",-0.0,-0.0,10,10,0.0,False,2.0,2.70805020110221,0.0,0.0,,llama3.3:70b,fintradebench,none,committed
hqa_FTB_599b11e3,T,screening_top1,0,10,hedgeqa_oracle,,False,,1.0,True,0.6931471805599453,0.0,0.6931471805599453,0.7181471805599453,0.0,0.7181471805599453,0.43067655807339306,0.0,0.43067655807339306,1.0,TSLA,0.0,0.0,0.0,"{""TSLA"": 0.5, ""INTC"": 0.0, ""LRCX"": 0.5, ""NVDA"": 0.0, ""none_clear"": 0.0}",-0.0,-0.0,10,10,0.5,True,0.5,0.916290731874155,0.0,1.0,,llama3.3:70b,fintradebench,none,committed
hqa_FTB_599b11e3,T,screening_top1,1,10,hedgeqa_oracle,,False,,1.0,True,-0.0,0.0,-0.0,0.0,0.0,0.0,-0.0,0.0,-0.0,0.0,TSLA,0.0,0.0,0.0,"{""TSLA"": 1.0, ""INTC"": 0.0, ""LRCX"": 0.0, ""NVDA"": 0.0, ""none_clear"": 0.0}",-0.0,-0.0,10,10,1.0,True,0.0,0.31015492830383945,1.0,1.0,,llama3.3:70b,fintradebench,none,committed
hqa_FTB_5a0e1efb,F,graded_judgment,0,10,hedgeqa_oracle,,False,,1.0,True,0.6931471805599453,0.0,0.6931471805599453,0.7181471805599453,0.0,0.7181471805599453,0.5,0.0,0.5,1.0,more_efficient,0.5,0.0,1.0,"{""more_efficient"": 0.5, ""similar"": 0.0, ""less_efficient"": 0.0, ""insufficient_data"": 0.5}",-0.0,-0.0,10,10,0.5,True,0.5,0.8754687373538999,1.0,0.0,,llama3.3:70b,fintradebench,none,committed
hqa_FTB_5a0e1efb,F,graded_judgment,1,10,hedgeqa_oracle,,False,,1.0,True,0.6931471805599453,0.0,0.6931471805599453,0.7181471805599453,0.0,0.7181471805599453,0.5,0.0,0.5,1.0,more_efficient,0.5,1.0,0.0,"{""more_efficient"": 0.5, ""similar"": 0.0, ""less_efficient"": 0.0, ""insufficient_data"": 0.5}",-0.0,-0.0,10,10,0.5,True,0.5,0.8754687373538999,0.0,1.0,,llama3.3:70b,fintradebench,none,committed
hqa_FTB_5d6ed0fa,FT,yes_no_mixed,0,10,hedgeqa_oracle,,False,,1.0,True,0.1985152433458726,0.1625414866957241,0.035973756650148486,0.22351524334587258,0.1875414866957241,0.035973756650148486,0.1431984785579781,0.11724889839732029,0.025949580160657796,0.18121407728610292,mixed,1.0,1.0,1.0,"{""yes"": 0.0, ""no"": 0.0, ""mixed"": 0.95, ""insufficient_data"": 0.05}",-0.0,0.3250829733914482,10,10,0.0,False,1.9049999999999998,2.4849066497880004,0.0,0.0,,llama3.3:70b,fintradebench,none,committed
hqa_FTB_5d6ed0fa,FT,yes_no_mixed,1,10,hedgeqa_oracle,,False,,1.0,True,-0.0,0.0,-0.0,0.0,0.0,0.0,-0.0,0.0,-0.0,0.0,mixed,1.0,1.0,1.0,"{""yes"": 0.0, ""no"": 0.0, ""mixed"": 1.0, ""insufficient_data"": 0.0}",-0.0,-0.0,10,10,0.0,False,2.0,2.4849066497880004,0.0,0.0,,llama3.3:70b,fintradebench,none,committed
hqa_FTB_5db8c06c,T,screening_top1,0,10,hedgeqa_oracle,,False,,1.0,True,-0.0,0.0,-0.0,0.0,0.0,0.0,-0.0,0.0,-0.0,0.0,APP,0.0,0.0,0.0,"{""MU"": 0.0, ""WBD"": 0.0, ""APP"": 1.0, ""LRCX"": 0.0, ""none_clear"": 0.0}",-0.0,-0.0,10,10,0.0,False,2.0,2.70805020110221,0.0,0.0,,llama3.3:70b,fintradebench,none,committed
hqa_FTB_5db8c06c,T,screening_top1,1,10,hedgeqa_oracle,,False,,1.0,True,-0.0,0.0,-0.0,0.0,0.0,0.0,-0.0,0.0,-0.0,0.0,APP,0.0,0.0,0.0,"{""MU"": 0.0, ""WBD"": 0.0, ""APP"": 1.0, ""LRCX"": 0.0, ""none_clear"": 0.0}",-0.0,-0.0,10,10,0.0,False,2.0,2.70805020110221,0.0,0.0,,llama3.3:70b,fintradebench,none,committed
hqa_FTB_624fddfe,F,open_summary_with_canonical_claim,0,10,hedgeqa_oracle,,False,,1.0,True,-0.0,0.0,-0.0,0.0,0.0,0.0,-0.0,0.0,-0.0,0.0,claim_true,0.0,0.0,0.0,"{""claim_true"": 1.0, ""claim_false"": 0.0, ""mixed"": 0.0}",-0.0,-0.0,10,10,1.0,True,0.0,0.25131442828090605,1.0,1.0,,llama3.3:70b,fintradebench,none,committed
hqa_FTB_624fddfe,F,open_summary_with_canonical_claim,1,10,hedgeqa_oracle,,False,,1.0,True,-0.0,0.0,-0.0,0.0,0.0,0.0,-0.0,0.0,-0.0,0.0,claim_true,0.0,0.0,0.0,"{""claim_true"": 1.0, ""claim_false"": 0.0, ""mixed"": 0.0}",-0.0,-0.0,10,10,1.0,True,0.0,0.25131442828090605,1.0,1.0,,llama3.3:70b,fintradebench,none,committed
hqa_FTB_664ec26b,F,graded_judgment,0,10,hedgeqa_oracle,,False,,1.0,True,0.6881388137135884,0.641937984532075,0.04620082918151347,0.7131388137135884,0.691937984532075,0.021200829181513448,0.49638722699390414,0.4630603734213403,0.0333268535725638,0.06713882179118413,moderate,0.0,0.0,0.0,"{""efficient"": 0.45, ""moderate"": 0.55, ""inefficient"": 0.0, ""insufficient_data"": 0.0}",0.6108643020548935,0.6730116670092565,10,10,0.55,True,0.4049999999999999,0.7985076962177716,0.7,0.4,,llama3.3:70b,fintradebench,none,committed
hqa_FTB_664ec26b,F,graded_judgment,1,10,hedgeqa_oracle,,False,,1.0,True,0.6881388137135884,0.1625414866957241,0.5255973270178643,0.7131388137135884,0.1875414866957241,0.5255973270178643,0.49638722699390414,0.11724889839732029,0.3791383285965838,0.7637954966984672,moderate,0.0,0.0,0.0,"{""efficient"": 0.45, ""moderate"": 0.55, ""inefficient"": 0.0, ""insufficient_data"": 0.0}",0.3250829733914482,-0.0,10,10,0.55,True,0.40499999999999997,0.7985076962177716,0.1,1.0,,llama3.3:70b,fintradebench,none,committed
hqa_FTB_6b974835,F,yes_no_mixed,0,10,hedgeqa_oracle,,False,,1.0,True,0.6881388137135884,0.1625414866957241,0.5255973270178643,0.7131388137135884,0.1875414866957241,0.5255973270178643,0.49638722699390414,0.11724889839732029,0.3791383285965838,0.7637954966984672,no,0.45,0.0,0.9,"{""yes"": 0.0, ""no"": 0.55, ""mixed"": 0.0, ""insufficient_data"": 0.45}",-0.0,0.3250829733914482,10,10,0.0,False,1.505,2.4849066497880004,0.0,0.0,,llama3.3:70b,fintradebench,none,noncommitted
hqa_FTB_6b974835,F,yes_no_mixed,1,10,hedgeqa_oracle,,False,,1.0,True,0.6931471805599453,0.0,0.6931471805599453,0.7181471805599453,0.0,0.7181471805599453,0.5,0.0,0.5,1.0,no,0.5,0.0,1.0,"{""yes"": 0.0, ""no"": 0.5, ""mixed"": 0.5, ""insufficient_data"": 0.0}",-0.0,-0.0,10,10,0.5,False,0.5,0.8754687373538999,0.0,1.0,,llama3.3:70b,fintradebench,none,noncommitted
hqa_FTB_6f71b24d,FT,supportive_judgment,0,10,hedgeqa_oracle,,False,,1.0,True,-0.0,0.0,-0.0,0.0,0.0,0.0,-0.0,0.0,-0.0,0.0,conditional,1.0,1.0,1.0,"{""supportive"": 0.0, ""unsupportive"": 0.0, ""conditional"": 1.0, ""insufficient_data"": 0.0}",-0.0,-0.0,10,10,0.0,False,2.0,2.4849066497880004,0.0,0.0,,llama3.3:70b,fintradebench,none,committed
hqa_FTB_6f71b24d,FT,supportive_judgment,1,10,hedgeqa_oracle,,False,,1.0,True,-0.0,0.0,-0.0,0.0,0.0,0.0,-0.0,0.0,-0.0,0.0,conditional,1.0,1.0,1.0,"{""supportive"": 0.0, ""unsupportive"": 0.0, ""conditional"": 1.0, ""insufficient_data"": 0.0}",-0.0,-0.0,10,10,0.0,False,2.0,2.4849066497880004,0.0,0.0,,llama3.3:70b,fintradebench,none,committed
hqa_FTB_6fa9f26d,FT,category_choice,0,10,hedgeqa_oracle,,False,,1.0,True,-0.0,0.0,-0.0,0.0,0.0,0.0,-0.0,0.0,-0.0,0.0,hold,0.0,0.0,0.0,"{""hold"": 1.0, ""sell"": 0.0, ""conditional"": 0.0, ""insufficient_data"": 0.0}",-0.0,-0.0,10,10,1.0,True,0.0,0.2876820724517809,1.0,1.0,,llama3.3:70b,fintradebench,none,committed
hqa_FTB_6fa9f26d,FT,category_choice,1,10,hedgeqa_oracle,,False,,1.0,True,-0.0,0.0,-0.0,0.0,0.0,0.0,-0.0,0.0,-0.0,0.0,conditional,1.0,1.0,1.0,"{""hold"": 0.0, ""sell"": 0.0, ""conditional"": 1.0, ""insufficient_data"": 0.0}",-0.0,-0.0,10,10,0.0,False,2.0,2.4849066497880004,0.0,0.0,,llama3.3:70b,fintradebench,none,committed
hqa_FTB_7199c7e7,FT,yes_no_mixed,0,10,hedgeqa_oracle,,False,,1.0,True,-0.0,0.0,-0.0,0.0,0.0,0.0,-0.0,0.0,-0.0,0.0,mixed,1.0,1.0,1.0,"{""yes"": 0.0, ""no"": 0.0, ""mixed"": 1.0, ""insufficient_data"": 0.0}",-0.0,-0.0,10,10,0.0,False,2.0,2.4849066497880004,0.0,0.0,,llama3.3:70b,fintradebench,none,committed
hqa_FTB_7199c7e7,FT,yes_no_mixed,1,10,hedgeqa_oracle,,False,,1.0,True,-0.0,0.0,-0.0,0.0,0.0,0.0,-0.0,0.0,-0.0,0.0,mixed,1.0,1.0,1.0,"{""yes"": 0.0, ""no"": 0.0, ""mixed"": 1.0, ""insufficient_data"": 0.0}",-0.0,-0.0,10,10,0.0,False,2.0,2.4849066497880004,0.0,0.0,,llama3.3:70b,fintradebench,none,committed
hqa_FTB_74433c22,FT,yes_no_mixed,0,10,hedgeqa_oracle,,False,,1.0,True,-0.0,0.0,-0.0,0.0,0.0,0.0,-0.0,0.0,-0.0,0.0,mixed,1.0,1.0,1.0,"{""yes"": 0.0, ""no"": 0.0, ""mixed"": 1.0, ""insufficient_data"": 0.0}",-0.0,-0.0,10,10,0.0,False,2.0,2.4849066497880004,0.0,0.0,,llama3.3:70b,fintradebench,none,committed
hqa_FTB_74433c22,FT,yes_no_mixed,1,10,hedgeqa_oracle,,False,,1.0,True,-0.0,0.0,-0.0,0.0,0.0,0.0,-0.0,0.0,-0.0,0.0,mixed,1.0,1.0,1.0,"{""yes"": 0.0, ""no"": 0.0, ""mixed"": 1.0, ""insufficient_data"": 0.0}",-0.0,-0.0,10,10,0.0,False,2.0,2.4849066497880004,0.0,0.0,,llama3.3:70b,fintradebench,none,committed
hqa_FTB_77a9fd58,FT,supportive_judgment,0,10,hedgeqa_oracle,,False,,1.0,True,0.1985152433458726,0.1625414866957241,0.035973756650148486,0.22351524334587258,0.1875414866957241,0.035973756650148486,0.1431984785579781,0.11724889839732029,0.025949580160657796,0.18121407728610292,conditional,0.95,1.0,0.9,"{""supportive"": 0.05, ""unsupportive"": 0.0, ""conditional"": 0.95, ""insufficient_data"": 0.0}",-0.0,0.3250829733914482,10,10,0.95,True,0.0050000000000000044,0.33314444652853825,1.0,0.9,,llama3.3:70b,fintradebench,none,noncommitted
hqa_FTB_77a9fd58,FT,supportive_judgment,1,10,hedgeqa_oracle,,False,,1.0,True,-0.0,0.0,-0.0,0.0,0.0,0.0,-0.0,0.0,-0.0,0.0,conditional,1.0,1.0,1.0,"{""supportive"": 0.0, ""unsupportive"": 0.0, ""conditional"": 1.0, ""insufficient_data"": 0.0}",-0.0,-0.0,10,10,1.0,True,0.0,0.2876820724517809,1.0,1.0,,llama3.3:70b,fintradebench,none,noncommitted
hqa_FTB_7b872c89,T,screening_top1,0,10,hedgeqa_oracle,,False,,1.0,True,-0.0,0.0,-0.0,0.0,0.0,0.0,-0.0,0.0,-0.0,0.0,TSLA,0.0,0.0,0.0,"{""NVDA"": 0.0, ""TSLA"": 1.0, ""MRVL"": 0.0, ""INTC"": 0.0, ""none_clear"": 0.0}",-0.0,-0.0,10,10,0.0,False,2.0,2.70805020110221,0.0,0.0,,llama3.3:70b,fintradebench,none,noncommitted
hqa_FTB_7b872c89,T,screening_top1,1,10,hedgeqa_oracle,,False,,1.0,True,-0.0,0.0,-0.0,0.0,0.0,0.0,-0.0,0.0,-0.0,0.0,TSLA,0.0,0.0,0.0,"{""NVDA"": 0.0, ""TSLA"": 1.0, ""MRVL"": 0.0, ""INTC"": 0.0, ""none_clear"": 0.0}",-0.0,-0.0,10,10,0.0,False,2.0,2.70805020110221,0.0,0.0,,llama3.3:70b,fintradebench,none,noncommitted
hqa_FTB_7c1b95b5,FT,category_choice,0,10,hedgeqa_oracle,,False,,1.0,True,-0.0,0.0,-0.0,0.0,0.0,0.0,-0.0,0.0,-0.0,0.0,value_trap,0.0,0.0,0.0,"{""contrarian_value_play"": 0.0, ""value_trap"": 1.0, ""mixed"": 0.0, ""insufficient_data"": 0.0}",-0.0,-0.0,10,10,0.0,False,2.0,2.4849066497880004,0.0,0.0,,llama3.3:70b,fintradebench,none,committed
hqa_FTB_7c1b95b5,FT,category_choice,1,10,hedgeqa_oracle,,False,,1.0,True,0.9433483923290392,0.7253364813857113,0.21801191094332795,0.9933483923290393,0.8003364813857113,0.19301191094332792,0.6804820237218406,0.5232196723355078,0.1572623513863328,0.23110434354488787,value_trap,0.4,0.6,0.2,"{""contrarian_value_play"": 0.1, ""value_trap"": 0.5, ""mixed"": 0.4, ""insufficient_data"": 0.0}",0.9502705392332347,0.5004024235381879,10,10,0.1,False,1.2200000000000002,1.8971199848858813,0.2,0.0,,llama3.3:70b,fintradebench,none,committed
hqa_FTB_7d9b0eea,F,yes_no_mixed,0,10,hedgeqa_oracle,,False,,1.0,True,-0.0,0.0,-0.0,0.0,0.0,0.0,-0.0,0.0,-0.0,0.0,mixed,1.0,1.0,1.0,"{""yes"": 0.0, ""no"": 0.0, ""mixed"": 1.0, ""insufficient_data"": 0.0}",-0.0,-0.0,10,10,0.0,False,2.0,2.4849066497880004,0.0,0.0,,llama3.3:70b,fintradebench,none,committed
hqa_FTB_7d9b0eea,F,yes_no_mixed,1,10,hedgeqa_oracle,,False,,1.0,True,-0.0,0.0,-0.0,0.0,0.0,0.0,-0.0,0.0,-0.0,0.0,mixed,1.0,1.0,1.0,"{""yes"": 0.0, ""no"": 0.0, ""mixed"": 1.0, ""insufficient_data"": 0.0}",-0.0,-0.0,10,10,0.0,False,2.0,2.4849066497880004,0.0,0.0,,llama3.3:70b,fintradebench,none,committed
hqa_FTB_7dbce4b0,F,open_summary_with_canonical_claim,0,10,hedgeqa_oracle,,False,,1.0,True,0.3250829733914482,0.25020121176909393,0.07488176162235427,0.3500829733914482,0.27520121176909396,0.07488176162235427,0.29590327428938457,0.2277429575017976,0.06816031678758694,0.23034661225454434,mixed,0.9,0.8,1.0,"{""claim_true"": 0.1, ""claim_false"": 0.0, ""mixed"": 0.9}",0.5004024235381879,-0.0,10,10,0.1,False,1.62,1.7272209480904839,0.2,0.0,,llama3.3:70b,fintradebench,none,committed
hqa_FTB_7dbce4b0,F,open_summary_with_canonical_claim,1,10,hedgeqa_oracle,,False,,1.0,True,0.6931471805599453,0.0,0.6931471805599453,0.7181471805599453,0.0,0.7181471805599453,0.6309297535714574,0.0,0.6309297535714574,1.0,claim_true,0.5,0.0,1.0,"{""claim_true"": 0.5, ""claim_false"": 0.0, ""mixed"": 0.5}",-0.0,-0.0,10,10,0.5,True,0.5,0.8109302162163288,1.0,0.0,,llama3.3:70b,fintradebench,none,committed
hqa_FTB_7ffcdb70,FT,supportive_judgment,0,10,hedgeqa_oracle,,False,,1.0,True,-0.0,0.0,-0.0,0.0,0.0,0.0,-0.0,0.0,-0.0,0.0,unsupportive,0.0,0.0,0.0,"{""supportive"": 0.0, ""unsupportive"": 1.0, ""conditional"": 0.0, ""insufficient_data"": 0.0}",-0.0,-0.0,10,10,1.0,True,0.0,0.2876820724517809,1.0,1.0,,llama3.3:70b,fintradebench,none,committed
hqa_FTB_7ffcdb70,FT,supportive_judgment,1,10,hedgeqa_oracle,,False,,1.0,True,-0.0,0.0,-0.0,0.0,0.0,0.0,-0.0,0.0,-0.0,0.0,unsupportive,0.0,0.0,0.0,"{""supportive"": 0.0, ""unsupportive"": 1.0, ""conditional"": 0.0, ""insufficient_data"": 0.0}",-0.0,-0.0,10,10,1.0,True,0.0,0.2876820724517809,1.0,1.0,,llama3.3:70b,fintradebench,none,committed
hqa_FTB_8315fbdd,T,screening_top1,0,10,hedgeqa_oracle,,False,,0.25,agent distribution unavailable (parse failure),,,,,,,,,,,,,,,,,,,,,,,,,,,llama3.3:70b,fintradebench,none,committed
hqa_FTB_8315fbdd,T,screening_top1,1,10,hedgeqa_oracle,,False,,0.7,,True,0.5623351446188083,0.34657359027997264,0.21576155433883565,0.598049430333094,0.40907359027997264,0.18897584005312135,0.3493984702822971,0.21533827903669653,0.1340601912456006,0.3836885465963443,TEAM,0.0,0.0,0.0,"{""CMCSA"": 0.0, ""TEAM"": 0.75, ""KDP"": 0.25, ""TRI"": 0.0, ""none_clear"": 0.0}",0.6931471805599453,-0.0,4.0,10.0,0.0,False,1.625,2.70805020110221,0.0,0.0,llama3.3:70b,fintradebench,none,committed
hqa_FTB_8647404c,FT,supportive_judgment,0,10,hedgeqa_oracle,,False,,1.0,True,0.6881388137135884,0.1625414866957241,0.5255973270178643,0.7131388137135884,0.1875414866957241,0.5255973270178643,0.49638722699390414,0.11724889839732029,0.3791383285965838,0.7637954966984672,conditional,0.55,1.0,0.1,"{""supportive"": 0.0, ""unsupportive"": 0.45, ""conditional"": 0.55, ""insufficient_data"": 0.0}",-0.0,0.3250829733914482,10,10,0.55,True,0.40499999999999997,0.7985076962177716,1.0,0.1,,llama3.3:70b,fintradebench,none,noncommitted
hqa_FTB_8647404c,FT,supportive_judgment,1,10,hedgeqa_oracle,,False,,1.0,True,-0.0,0.0,-0.0,0.0,0.0,0.0,-0.0,0.0,-0.0,0.0,conditional,1.0,1.0,1.0,"{""supportive"": 0.0, ""unsupportive"": 0.0, ""conditional"": 1.0, ""insufficient_data"": 0.0}",-0.0,-0.0,10,10,1.0,True,0.0,0.2876820724517809,1.0,1.0,,llama3.3:70b,fintradebench,none,noncommitted
hqa_FTB_869351e8,F,open_summary_with_canonical_claim,0,10,hedgeqa_oracle,,False,,1.0,True,-0.0,0.0,-0.0,0.0,0.0,0.0,-0.0,0.0,-0.0,0.0,claim_true,0.0,0.0,0.0,"{""claim_true"": 1.0, ""claim_false"": 0.0, ""mixed"": 0.0}",-0.0,-0.0,10,10,1.0,True,0.0,0.25131442828090605,1.0,1.0,,llama3.3:70b,fintradebench,none,committed
hqa_FTB_869351e8,F,open_summary_with_canonical_claim,1,10,hedgeqa_oracle,,False,,1.0,True,-0.0,0.0,-0.0,0.0,0.0,0.0,-0.0,0.0,-0.0,0.0,claim_true,0.0,0.0,0.0,"{""claim_true"": 1.0, ""claim_false"": 0.0, ""mixed"": 0.0}",-0.0,-0.0,10,10,1.0,True,0.0,0.25131442828090605,1.0,1.0,,llama3.3:70b,fintradebench,none,committed
hqa_FTB_88541c51,FT,supportive_judgment,0,10,hedgeqa_oracle,,False,,1.0,True,0.6881388137135884,0.1625414866957241,0.5255973270178643,0.7131388137135884,0.1875414866957241,0.5255973270178643,0.49638722699390414,0.11724889839732029,0.3791383285965838,0.7637954966984672,conditional,0.55,0.1,1.0,"{""supportive"": 0.0, ""unsupportive"": 0.45, ""conditional"": 0.55, ""insufficient_data"": 0.0}",0.3250829733914482,-0.0,10,10,0.45,False,0.6050000000000001,0.9588503462929511,0.9,0.0,,llama3.3:70b,fintradebench,none,committed
hqa_FTB_88541c51,FT,supportive_judgment,1,10,hedgeqa_oracle,,False,,1.0,True,0.6881388137135884,0.1625414866957241,0.5255973270178643,0.7131388137135884,0.1875414866957241,0.5255973270178643,0.49638722699390414,0.11724889839732029,0.3791383285965838,0.7637954966984672,unsupportive,0.45,0.0,0.9,"{""supportive"": 0.0, ""unsupportive"": 0.55, ""conditional"": 0.45, ""insufficient_data"": 0.0}",-0.0,0.3250829733914482,10,10,0.55,True,0.40499999999999997,0.7985076962177716,1.0,0.1,,llama3.3:70b,fintradebench,none,committed
hqa_FTB_8c3f38fa,FT,yes_no_mixed,0,10,hedgeqa_oracle,,False,,1.0,True,-0.0,0.0,-0.0,0.0,0.0,0.0,-0.0,0.0,-0.0,0.0,mixed,1.0,1.0,1.0,"{""yes"": 0.0, ""no"": 0.0, ""mixed"": 1.0, ""insufficient_data"": 0.0}",-0.0,-0.0,10,10,1.0,True,0.0,0.2876820724517809,1.0,1.0,,llama3.3:70b,fintradebench,none,noncommitted
hqa_FTB_8c3f38fa,FT,yes_no_mixed,1,10,hedgeqa_oracle,,False,,1.0,True,-0.0,0.0,-0.0,0.0,0.0,0.0,-0.0,0.0,-0.0,0.0,mixed,1.0,1.0,1.0,"{""yes"": 0.0, ""no"": 0.0, ""mixed"": 1.0, ""insufficient_data"": 0.0}",-0.0,-0.0,10,10,1.0,True,0.0,0.2876820724517809,1.0,1.0,,llama3.3:70b,fintradebench,none,noncommitted
hqa_FTB_8ed2e330,F,category_choice,0,10,hedgeqa_oracle,,False,,1.0,True,-0.0,0.0,-0.0,0.0,0.0,0.0,-0.0,0.0,-0.0,0.0,productive,0.0,0.0,0.0,"{""productive"": 1.0, ""aging"": 0.0, ""mixed"": 0.0, ""insufficient_data"": 0.0}",-0.0,-0.0,10,10,0.0,False,2.0,2.4849066497880004,0.0,0.0,,llama3.3:70b,fintradebench,none,committed
hqa_FTB_8ed2e330,F,category_choice,1,10,hedgeqa_oracle,,False,,1.0,True,-0.0,0.0,-0.0,0.0,0.0,0.0,-0.0,0.0,-0.0,0.0,productive,0.0,0.0,0.0,"{""productive"": 1.0, ""aging"": 0.0, ""mixed"": 0.0, ""insufficient_data"": 0.0}",-0.0,-0.0,10,10,0.0,False,2.0,2.4849066497880004,0.0,0.0,,llama3.3:70b,fintradebench,none,committed
hqa_FTB_90f40b4c,F,open_summary_with_canonical_claim,0,10,hedgeqa_oracle,,False,,1.0,True,0.6881388137135884,0.641937984532075,0.04620082918151347,0.7131388137135884,0.691937984532075,0.021200829181513448,0.626370941606566,0.5843171345828666,0.04205380702369944,0.06713882179118413,mixed,0.55,0.7,0.4,"{""claim_true"": 0.0, ""claim_false"": 0.45, ""mixed"": 0.55}",0.6108643020548935,0.6730116670092565,10,10,0.55,True,0.4049999999999999,0.7386095546367025,0.7,0.4,,llama3.3:70b,fintradebench,none,noncommitted
hqa_FTB_90f40b4c,F,open_summary_with_canonical_claim,1,10,hedgeqa_oracle,,False,,1.0,True,0.6931471805599453,0.0,0.6931471805599453,0.7181471805599453,0.0,0.7181471805599453,0.6309297535714574,0.0,0.6309297535714574,1.0,claim_false,0.5,0.0,1.0,"{""claim_true"": 0.0, ""claim_false"": 0.5, ""mixed"": 0.5}",-0.0,-0.0,10,10,0.5,False,0.5,0.8109302162163288,0.0,1.0,,llama3.3:70b,fintradebench,none,noncommitted
hqa_FTB_9175a3ca,T,screening_top1,0,10,hedgeqa_oracle,,False,,1.0,True,-0.0,0.0,-0.0,0.0,0.0,0.0,-0.0,0.0,-0.0,0.0,TRI,0.0,0.0,0.0,"{""INTC"": 0.0, ""ASML"": 0.0, ""TRI"": 1.0, ""MRVL"": 0.0, ""none_clear"": 0.0}",-0.0,-0.0,10,10,0.0,False,2.0,2.70805020110221,0.0,0.0,,llama3.3:70b,fintradebench,none,committed
hqa_FTB_9175a3ca,T,screening_top1,1,10,hedgeqa_oracle,,False,,1.0,True,-0.0,0.0,-0.0,0.0,0.0,0.0,-0.0,0.0,-0.0,0.0,TRI,0.0,0.0,0.0,"{""INTC"": 0.0, ""ASML"": 0.0, ""TRI"": 1.0, ""MRVL"": 0.0, ""none_clear"": 0.0}",-0.0,-0.0,10,10,0.0,False,2.0,2.70805020110221,0.0,0.0,,llama3.3:70b,fintradebench,none,committed
hqa_FTB_9216ec7b,F,open_summary_with_canonical_claim,0,10,hedgeqa_oracle,,False,,1.0,True,0.6474466390346325,0.30543215102744675,0.34201448800718576,0.6724466390346325,0.3304321510274468,0.34201448800718576,0.589331327997029,0.2780163249381945,0.31131500305883447,0.5282512370705057,claim_true,0.35,0.0,0.7,"{""claim_true"": 0.65, ""claim_false"": 0.0, ""mixed"": 0.35}",-0.0,0.6108643020548935,10,10,0.65,True,0.24499999999999997,0.6079893722196383,1.0,0.3,,llama3.3:70b,fintradebench,none,committed
hqa_FTB_9216ec7b,F,open_summary_with_canonical_claim,1,10,hedgeqa_oracle,,False,,1.0,True,0.6931471805599453,0.0,0.6931471805599453,0.7181471805599453,0.0,0.7181471805599453,0.6309297535714574,0.0,0.6309297535714574,1.0,claim_true,0.5,1.0,0.0,"{""claim_true"": 0.5, ""claim_false"": 0.0, ""mixed"": 0.5}",-0.0,-0.0,10,10,0.5,True,0.5,0.8109302162163288,0.0,1.0,,llama3.3:70b,fintradebench,none,committed
hqa_FTB_921c1811,FT,yes_no_mixed,0,10,hedgeqa_oracle,,False,,1.0,True,0.5004024235381879,0.46797363772317085,0.032428785815017014,0.5254024235381879,0.5179736377231708,0.007428785815017047,0.36096404744368116,0.33757162320499345,0.023392424238687703,0.06480541318270061,mixed,0.8,0.9,0.7,"{""yes"": 0.0, ""no"": 0.2, ""mixed"": 0.8, ""insufficient_data"": 0.0}",0.3250829733914482,0.6108643020548935,10,10,0.8,True,0.07999999999999999,0.4834266495778762,0.9,0.7,,llama3.3:70b,fintradebench,none,noncommitted
hqa_FTB_921c1811,FT,yes_no_mixed,1,10,hedgeqa_oracle,,False,,1.0,True,-0.0,0.0,-0.0,0.0,0.0,0.0,-0.0,0.0,-0.0,0.0,mixed,1.0,1.0,1.0,"{""yes"": 0.0, ""no"": 0.0, ""mixed"": 1.0, ""insufficient_data"": 0.0}",-0.0,-0.0,10,10,1.0,True,0.0,0.2876820724517809,1.0,1.0,,llama3.3:70b,fintradebench,none,noncommitted
hqa_FTB_94705863,F,open_summary_with_canonical_claim,0,10,hedgeqa_oracle,,False,,1.0,True,0.8237197315118312,0.40090927627166867,0.42281045524016253,0.8737197315118312,0.45090927627166866,0.4228104552401626,0.7497820113685953,0.3649233495810488,0.3848586617875466,0.5132940720797698,claim_true,0.35,0.0,0.7,"{""claim_true"": 0.6, ""claim_false"": 0.05, ""mixed"": 0.35}",-0.0,0.8018185525433373,10,10,0.6,True,0.28500000000000003,0.6711682738411702,1.0,0.2,,llama3.3:70b,fintradebench,none,committed
hqa_FTB_94705863,F,open_summary_with_canonical_claim,1,10,hedgeqa_oracle,,False,,1.0,True,-0.0,0.0,-0.0,0.0,0.0,0.0,-0.0,0.0,-0.0,0.0,claim_true,0.0,0.0,0.0,"{""claim_true"": 1.0, ""claim_false"": 0.0, ""mixed"": 0.0}",-0.0,-0.0,10,10,1.0,True,0.0,0.25131442828090605,1.0,1.0,,llama3.3:70b,fintradebench,none,committed
hqa_FTB_9a70a1f9,F,category_choice,0,10,hedgeqa_oracle,,False,,1.0,True,-0.0,0.0,-0.0,0.0,0.0,0.0,-0.0,0.0,-0.0,0.0,growth,0.0,0.0,0.0,"{""growth"": 1.0, ""value"": 0.0, ""mixed"": 0.0, ""insufficient_data"": 0.0}",-0.0,-0.0,10,10,1.0,True,0.0,0.2876820724517809,1.0,1.0,,llama3.3:70b,fintradebench,none,committed
hqa_FTB_9a70a1f9,F,category_choice,1,10,hedgeqa_oracle,,False,,1.0,True,0.8864644756797975,0.5444499876726119,0.3420144880071856,0.9364644756797975,0.5944499876726119,0.3420144880071856,0.6394489514937395,0.3927376486136672,0.24671130288007226,0.38581860569754595,growth,0.2,0.4,0.0,"{""growth"": 0.65, ""value"": 0.15, ""mixed"": 0.2, ""insufficient_data"": 0.0}",1.0888999753452238,-0.0,10,10,0.65,True,0.185,0.6603573577369544,0.3,1.0,,llama3.3:70b,fintradebench,none,committed
hqa_FTB_a0c0d5cc,FT,supportive_judgment,0,10,hedgeqa_oracle,,False,,1.0,True,-0.0,0.0,-0.0,0.0,0.0,0.0,-0.0,0.0,-0.0,0.0,unsupportive,0.0,0.0,0.0,"{""supportive"": 0.0, ""unsupportive"": 1.0, ""conditional"": 0.0, ""insufficient_data"": 0.0}",-0.0,-0.0,10,10,1.0,True,0.0,0.2876820724517809,1.0,1.0,,llama3.3:70b,fintradebench,none,committed
hqa_FTB_a0c0d5cc,FT,supportive_judgment,1,10,hedgeqa_oracle,,False,,1.0,True,-0.0,0.0,-0.0,0.0,0.0,0.0,-0.0,0.0,-0.0,0.0,unsupportive,0.0,0.0,0.0,"{""supportive"": 0.0, ""unsupportive"": 1.0, ""conditional"": 0.0, ""insufficient_data"": 0.0}",-0.0,-0.0,10,10,1.0,True,0.0,0.2876820724517809,1.0,1.0,,llama3.3:70b,fintradebench,none,committed
hqa_FTB_a14e5de6,F,premise_check,0,10,hedgeqa_oracle,,False,,1.0,True,0.42270908780599087,0.30543215102744675,0.11727693677854412,0.4477090878059909,0.3304321510274468,0.11727693677854412,0.384766393172661,0.2780163249381945,0.10675006823446649,0.2774412478029577,premise_false,0.15,0.0,0.3,"{""premise_false"": 0.85, ""premise_true_explained"": 0.0, ""insufficient_data"": 0.15}",-0.0,0.6108643020548935,10,10,0.85,True,0.045000000000000005,0.3889358061569538,1.0,0.7,,llama3.3:70b,fintradebench,none,committed
hqa_FTB_a14e5de6,F,premise_check,1,10,hedgeqa_oracle,,False,,1.0,True,-0.0,0.0,-0.0,0.0,0.0,0.0,-0.0,0.0,-0.0,0.0,premise_false,0.0,0.0,0.0,"{""premise_false"": 1.0, ""premise_true_explained"": 0.0, ""insufficient_data"": 0.0}",-0.0,-0.0,10,10,1.0,True,0.0,0.25131442828090605,1.0,1.0,,llama3.3:70b,fintradebench,none,committed
hqa_FTB_a32e1559,FT,yes_no_mixed,0,10,hedgeqa_oracle,,False,,1.0,True,-0.0,0.0,-0.0,0.0,0.0,0.0,-0.0,0.0,-0.0,0.0,mixed,1.0,1.0,1.0,"{""yes"": 0.0, ""no"": 0.0, ""mixed"": 1.0, ""insufficient_data"": 0.0}",-0.0,-0.0,10,10,0.0,False,2.0,2.4849066497880004,0.0,0.0,,llama3.3:70b,fintradebench,none,committed
hqa_FTB_a32e1559,FT,yes_no_mixed,1,10,hedgeqa_oracle,,False,,1.0,True,-0.0,0.0,-0.0,0.0,0.0,0.0,-0.0,0.0,-0.0,0.0,mixed,1.0,1.0,1.0,"{""yes"": 0.0, ""no"": 0.0, ""mixed"": 1.0, ""insufficient_data"": 0.0}",-0.0,-0.0,10,10,0.0,False,2.0,2.4849066497880004,0.0,0.0,,llama3.3:70b,fintradebench,none,committed
hqa_FTB_a5c1c626,T,screening_top1,0,10,hedgeqa_oracle,,False,,1.0,True,-0.0,0.0,-0.0,0.0,0.0,0.0,-0.0,0.0,-0.0,0.0,APP,0.0,0.0,0.0,"{""APP"": 1.0, ""LRCX"": 0.0, ""MNST"": 0.0, ""INTC"": 0.0, ""none_clear"": 0.0}",-0.0,-0.0,10,10,1.0,True,0.0,0.31015492830383945,1.0,1.0,,llama3.3:70b,fintradebench,none,committed
hqa_FTB_a5c1c626,T,screening_top1,1,10,hedgeqa_oracle,,False,,1.0,True,-0.0,0.0,-0.0,0.0,0.0,0.0,-0.0,0.0,-0.0,0.0,APP,0.0,0.0,0.0,"{""APP"": 1.0, ""LRCX"": 0.0, ""MNST"": 0.0, ""INTC"": 0.0, ""none_clear"": 0.0}",-0.0,-0.0,10,10,1.0,True,0.0,0.31015492830383945,1.0,1.0,,llama3.3:70b,fintradebench,none,committed
hqa_FTB_a6d883cc,FT,supportive_judgment,0,10,hedgeqa_oracle,,False,,1.0,True,-0.0,0.0,-0.0,0.0,0.0,0.0,-0.0,0.0,-0.0,0.0,conditional,1.0,1.0,1.0,"{""supportive"": 0.0, ""unsupportive"": 0.0, ""conditional"": 1.0, ""insufficient_data"": 0.0}",-0.0,-0.0,10,10,0.0,False,2.0,2.4849066497880004,0.0,0.0,,llama3.3:70b,fintradebench,none,committed
hqa_FTB_a6d883cc,FT,supportive_judgment,1,10,hedgeqa_oracle,,False,,1.0,True,-0.0,0.0,-0.0,0.0,0.0,0.0,-0.0,0.0,-0.0,0.0,conditional,1.0,1.0,1.0,"{""supportive"": 0.0, ""unsupportive"": 0.0, ""conditional"": 1.0, ""insufficient_data"": 0.0}",-0.0,-0.0,10,10,0.0,False,2.0,2.4849066497880004,0.0,0.0,,llama3.3:70b,fintradebench,none,committed
hqa_FTB_a6f3790c,FT,category_choice,0,10,hedgeqa_oracle,,False,,1.0,True,-0.0,0.0,-0.0,0.0,0.0,0.0,-0.0,0.0,-0.0,0.0,take_profits,0.0,0.0,0.0,"{""sustainable"": 0.0, ""take_profits"": 1.0, ""mixed"": 0.0, ""insufficient_data"": 0.0}",-0.0,-0.0,10,10,1.0,True,0.0,0.2876820724517809,1.0,1.0,,llama3.3:70b,fintradebench,none,committed
hqa_FTB_a6f3790c,FT,category_choice,1,10,hedgeqa_oracle,,False,,1.0,True,-0.0,0.0,-0.0,0.0,0.0,0.0,-0.0,0.0,-0.0,0.0,mixed,1.0,1.0,1.0,"{""sustainable"": 0.0, ""take_profits"": 0.0, ""mixed"": 1.0, ""insufficient_data"": 0.0}",-0.0,-0.0,10,10,0.0,False,2.0,2.4849066497880004,0.0,0.0,,llama3.3:70b,fintradebench,none,committed
hqa_FTB_a809667e,FT,category_choice,0,10,hedgeqa_oracle,,False,,1.0,True,0.5181862130502127,0.4820574165208126,0.03612879652940015,0.5681862130502128,0.5570574165208125,0.011128796529400242,0.3737923399122869,0.3477309221191609,0.026061417793126,0.06972164758443553,mixed,0.9000000000000001,0.9,0.9,"{""exposure_limits"": 0.0, ""diversification_offsets"": 0.1, ""mixed"": 0.85, ""insufficient_data"": 0.05}",0.639031859650177,0.3250829733914482,10,10,0.1,False,1.5350000000000001,1.8971199848858813,0.1,0.1,,llama3.3:70b,fintradebench,none,committed
hqa_FTB_a809667e,FT,category_choice,1,10,hedgeqa_oracle,,False,,1.0,True,-0.0,0.0,-0.0,0.0,0.0,0.0,-0.0,0.0,-0.0,0.0,mixed,1.0,1.0,1.0,"{""exposure_limits"": 0.0, ""diversification_offsets"": 0.0, ""mixed"": 1.0, ""insufficient_data"": 0.0}",-0.0,-0.0,10,10,0.0,False,2.0,2.4849066497880004,0.0,0.0,,llama3.3:70b,fintradebench,none,committed
hqa_FTB_b1c0ad1d,F,category_choice,0,10,hedgeqa_oracle,,False,,1.0,True,0.6931471805599453,0.0,0.6931471805599453,0.7181471805599453,0.0,0.7181471805599453,0.5,0.0,0.5,1.0,smart_allocation,0.5,0.0,1.0,"{""red_flag"": 0.0, ""smart_allocation"": 0.5, ""mixed"": 0.0, ""insufficient_data"": 0.5}",-0.0,-0.0,10,10,0.5,True,0.5,0.8754687373538999,1.0,0.0,,llama3.3:70b,fintradebench,none,committed
hqa_FTB_b1c0ad1d,F,category_choice,1,10,hedgeqa_oracle,,False,,1.0,True,-0.0,0.0,-0.0,0.0,0.0,0.0,-0.0,0.0,-0.0,0.0,smart_allocation,0.0,0.0,0.0,"{""red_flag"": 0.0, ""smart_allocation"": 1.0, ""mixed"": 0.0, ""insufficient_data"": 0.0}",-0.0,-0.0,10,10,1.0,True,0.0,0.2876820724517809,1.0,1.0,,llama3.3:70b,fintradebench,none,committed
hqa_FTB_b538ab74,FT,yes_no_mixed,0,10,hedgeqa_oracle,,False,,1.0,True,-0.0,0.0,-0.0,0.0,0.0,0.0,-0.0,0.0,-0.0,0.0,mixed,1.0,1.0,1.0,"{""yes"": 0.0, ""no"": 0.0, ""mixed"": 1.0, ""insufficient_data"": 0.0}",-0.0,-0.0,10,10,1.0,True,0.0,0.2876820724517809,1.0,1.0,,llama3.3:70b,fintradebench,none,noncommitted
hqa_FTB_b538ab74,FT,yes_no_mixed,1,10,hedgeqa_oracle,,False,,1.0,True,-0.0,0.0,-0.0,0.0,0.0,0.0,-0.0,0.0,-0.0,0.0,mixed,1.0,1.0,1.0,"{""yes"": 0.0, ""no"": 0.0, ""mixed"": 1.0, ""insufficient_data"": 0.0}",-0.0,-0.0,10,10,1.0,True,0.0,0.2876820724517809,1.0,1.0,,llama3.3:70b,fintradebench,none,noncommitted
hqa_FTB_b6b11beb,FT,yes_no_mixed,0,10,hedgeqa_oracle,,False,,1.0,True,-0.0,0.0,-0.0,0.0,0.0,0.0,-0.0,0.0,-0.0,0.0,mixed,1.0,1.0,1.0,"{""yes"": 0.0, ""no"": 0.0, ""mixed"": 1.0, ""insufficient_data"": 0.0}",-0.0,-0.0,10,10,1.0,True,0.0,0.2876820724517809,1.0,1.0,,llama3.3:70b,fintradebench,none,noncommitted
hqa_FTB_b6b11beb,FT,yes_no_mixed,1,10,hedgeqa_oracle,,False,,1.0,True,-0.0,0.0,-0.0,0.0,0.0,0.0,-0.0,0.0,-0.0,0.0,mixed,1.0,1.0,1.0,"{""yes"": 0.0, ""no"": 0.0, ""mixed"": 1.0, ""insufficient_data"": 0.0}",-0.0,-0.0,10,10,1.0,True,0.0,0.2876820724517809,1.0,1.0,,llama3.3:70b,fintradebench,none,noncommitted
hqa_FTB_bcda6815,F,yes_no_mixed,0,10,hedgeqa_oracle,,False,,1.0,True,0.6730116670092565,0.25020121176909393,0.4228104552401626,0.6980116670092565,0.27520121176909396,0.4228104552401626,0.4854752972273344,0.18048202372184058,0.3049932735054938,0.6282364421987758,mixed,0.6,0.2,1.0,"{""yes"": 0.4, ""no"": 0.0, ""mixed"": 0.6, ""insufficient_data"": 0.0}",0.5004024235381879,-0.0,10,10,0.6,True,0.32000000000000006,0.7270487322356266,0.2,1.0,,llama3.3:70b,fintradebench,none,noncommitted
hqa_FTB_bcda6815,F,yes_no_mixed,1,10,hedgeqa_oracle,,False,,1.0,True,0.6730116670092565,0.25020121176909393,0.4228104552401626,0.6980116670092565,0.27520121176909396,0.4228104552401626,0.4854752972273344,0.18048202372184058,0.3049932735054938,0.6282364421987758,mixed,0.6,1.0,0.2,"{""yes"": 0.4, ""no"": 0.0, ""mixed"": 0.6, ""insufficient_data"": 0.0}",-0.0,0.5004024235381879,10,10,0.6,True,0.32000000000000006,0.7270487322356266,1.0,0.2,,llama3.3:70b,fintradebench,none,noncommitted
hqa_FTB_bd71b8fa,F,yes_no_mixed,0,10,hedgeqa_oracle,,False,,1.0,True,-0.0,0.0,-0.0,0.0,0.0,0.0,-0.0,0.0,-0.0,0.0,mixed,1.0,1.0,1.0,"{""yes"": 0.0, ""no"": 0.0, ""mixed"": 1.0, ""insufficient_data"": 0.0}",-0.0,-0.0,10,10,1.0,True,0.0,0.2876820724517809,1.0,1.0,,llama3.3:70b,fintradebench,none,noncommitted
hqa_FTB_bd71b8fa,F,yes_no_mixed,1,10,hedgeqa_oracle,,False,,1.0,True,-0.0,0.0,-0.0,0.0,0.0,0.0,-0.0,0.0,-0.0,0.0,mixed,1.0,1.0,1.0,"{""yes"": 0.0, ""no"": 0.0, ""mixed"": 1.0, ""insufficient_data"": 0.0}",-0.0,-0.0,10,10,1.0,True,0.0,0.2876820724517809,1.0,1.0,,llama3.3:70b,fintradebench,none,noncommitted
hqa_FTB_be3741f7,FT,supportive_judgment,0,10,hedgeqa_oracle,,False,,1.0,True,-0.0,0.0,-0.0,0.0,0.0,0.0,-0.0,0.0,-0.0,0.0,conditional,1.0,1.0,1.0,"{""supportive"": 0.0, ""unsupportive"": 0.0, ""conditional"": 1.0, ""insufficient_data"": 0.0}",-0.0,-0.0,10,10,0.0,False,2.0,2.4849066497880004,0.0,0.0,,llama3.3:70b,fintradebench,none,committed
hqa_FTB_be3741f7,FT,supportive_judgment,1,10,hedgeqa_oracle,,False,,1.0,True,-0.0,0.0,-0.0,0.0,0.0,0.0,-0.0,0.0,-0.0,0.0,conditional,1.0,1.0,1.0,"{""supportive"": 0.0, ""unsupportive"": 0.0, ""conditional"": 1.0, ""insufficient_data"": 0.0}",-0.0,-0.0,10,10,0.0,False,2.0,2.4849066497880004,0.0,0.0,,llama3.3:70b,fintradebench,none,committed
hqa_FTB_be575006,FT,yes_no_mixed,0,10,hedgeqa_oracle,,False,,1.0,True,-0.0,0.0,-0.0,0.0,0.0,0.0,-0.0,0.0,-0.0,0.0,mixed,1.0,1.0,1.0,"{""yes"": 0.0, ""no"": 0.0, ""mixed"": 1.0, ""insufficient_data"": 0.0}",-0.0,-0.0,10,10,1.0,True,0.0,0.2876820724517809,1.0,1.0,,llama3.3:70b,fintradebench,none,noncommitted
hqa_FTB_be575006,FT,yes_no_mixed,1,10,hedgeqa_oracle,,False,,1.0,True,-0.0,0.0,-0.0,0.0,0.0,0.0,-0.0,0.0,-0.0,0.0,mixed,1.0,1.0,1.0,"{""yes"": 0.0, ""no"": 0.0, ""mixed"": 1.0, ""insufficient_data"": 0.0}",-0.0,-0.0,10,10,1.0,True,0.0,0.2876820724517809,1.0,1.0,,llama3.3:70b,fintradebench,none,noncommitted
hqa_FTB_bfc189ce,F,company_choice,0,10,hedgeqa_oracle,,False,,1.0,True,-0.0,0.0,-0.0,0.0,0.0,0.0,-0.0,0.0,-0.0,0.0,AMD,0.0,0.0,0.0,"{""AMD"": 1.0, ""INTC"": 0.0, ""insufficient_data"": 0.0}",-0.0,-0.0,10,10,1.0,True,0.0,0.25131442828090605,1.0,1.0,,llama3.3:70b,fintradebench,none,committed
hqa_FTB_bfc189ce,F,company_choice,1,10,hedgeqa_oracle,,False,,1.0,True,-0.0,0.0,-0.0,0.0,0.0,0.0,-0.0,0.0,-0.0,0.0,AMD,0.0,0.0,0.0,"{""AMD"": 1.0, ""INTC"": 0.0, ""insufficient_data"": 0.0}",-0.0,-0.0,10,10,1.0,True,0.0,0.25131442828090605,1.0,1.0,,llama3.3:70b,fintradebench,none,committed
hqa_FTB_c14e66f4,T,screening_top1,0,10,hedgeqa_oracle,,False,,1.0,True,0.5623351446188083,0.34657359027997264,0.21576155433883565,0.5873351446188083,0.37157359027997267,0.21576155433883565,0.3493984702822971,0.21533827903669653,0.1340601912456006,0.3836885465963443,TTD,0.0,0.0,0.0,"{""APP"": 0.25, ""TSLA"": 0.0, ""COST"": 0.0, ""TTD"": 0.75, ""none_clear"": 0.0}",-0.0,0.6931471805599453,10,10,0.25,False,1.125,1.455287232606842,0.0,0.5,,llama3.3:70b,fintradebench,none,committed
hqa_FTB_c14e66f4,T,screening_top1,1,10,hedgeqa_oracle,,False,,1.0,True,0.6931471805599453,0.0,0.6931471805599453,0.7181471805599453,0.0,0.7181471805599453,0.43067655807339306,0.0,0.43067655807339306,1.0,APP,0.0,0.0,0.0,"{""APP"": 0.5, ""TSLA"": 0.0, ""COST"": 0.0, ""TTD"": 0.5, ""none_clear"": 0.0}",-0.0,-0.0,10,10,0.5,True,0.5,0.916290731874155,1.0,0.0,,llama3.3:70b,fintradebench,none,committed
hqa_FTB_c63078f2,FT,category_choice,0,10,hedgeqa_oracle,,False,,1.0,True,-0.0,0.0,-0.0,0.0,0.0,0.0,-0.0,0.0,-0.0,0.0,wait,0.0,0.0,0.0,"{""buy_now"": 0.0, ""wait"": 1.0, ""insufficient_data"": 0.0}",-0.0,-0.0,10,10,1.0,True,0.0,0.25131442828090605,1.0,1.0,,llama3.3:70b,fintradebench,none,committed
hqa_FTB_c63078f2,FT,category_choice,1,10,hedgeqa_oracle,,False,,1.0,True,-0.0,0.0,-0.0,0.0,0.0,0.0,-0.0,0.0,-0.0,0.0,wait,0.0,0.0,0.0,"{""buy_now"": 0.0, ""wait"": 1.0, ""insufficient_data"": 0.0}",-0.0,-0.0,10,10,1.0,True,0.0,0.25131442828090605,1.0,1.0,,llama3.3:70b,fintradebench,none,committed
hqa_FTB_c71bc114,F,company_choice,0,10,hedgeqa_oracle,,False,,1.0,True,-0.0,0.0,-0.0,0.0,0.0,0.0,-0.0,0.0,-0.0,0.0,AAPL,0.0,0.0,0.0,"{""NFLX"": 0.0, ""AAPL"": 1.0, ""insufficient_data"": 0.0}",-0.0,-0.0,10,10,1.0,True,0.0,0.25131442828090605,1.0,1.0,,llama3.3:70b,fintradebench,none,committed
hqa_FTB_c71bc114,F,company_choice,1,10,hedgeqa_oracle,,False,,1.0,True,-0.0,0.0,-0.0,0.0,0.0,0.0,-0.0,0.0,-0.0,0.0,AAPL,0.0,0.0,0.0,"{""NFLX"": 0.0, ""AAPL"": 1.0, ""insufficient_data"": 0.0}",-0.0,-0.0,10,10,1.0,True,0.0,0.25131442828090605,1.0,1.0,,llama3.3:70b,fintradebench,none,committed
hqa_FTB_c99d1421,F,yes_no_mixed,0,10,hedgeqa_oracle,,False,,1.0,True,0.5623351446188083,0.34657359027997264,0.21576155433883565,0.5873351446188083,0.37157359027997267,0.21576155433883565,0.4056390622295664,0.25,0.15563906222956642,0.3836885465963443,insufficient_data,0.75,0.5,1.0,"{""yes"": 0.0, ""no"": 0.25, ""mixed"": 0.0, ""insufficient_data"": 0.75}",0.6931471805599453,-0.0,10,10,0.25,False,1.125,1.3862943611198906,0.5,0.0,,llama3.3:70b,fintradebench,none,committed
hqa_FTB_c99d1421,F,yes_no_mixed,1,10,hedgeqa_oracle,,False,,1.0,True,-0.0,0.0,-0.0,0.0,0.0,0.0,-0.0,0.0,-0.0,0.0,insufficient_data,1.0,1.0,1.0,"{""yes"": 0.0, ""no"": 0.0, ""mixed"": 0.0, ""insufficient_data"": 1.0}",-0.0,-0.0,10,10,0.0,False,2.0,2.4849066497880004,0.0,0.0,,llama3.3:70b,fintradebench,none,committed
hqa_FTB_ce7df44f,F,screening_top1,0,10,hedgeqa_oracle,,False,,1.0,True,-0.0,0.0,-0.0,0.0,0.0,0.0,-0.0,0.0,-0.0,0.0,KHC,0.0,0.0,0.0,"{""KHC"": 1.0, ""CCEP"": 0.0, ""CSCO"": 0.0, ""TXN"": 0.0, ""none_clear"": 0.0}",-0.0,-0.0,10,10,1.0,True,0.0,0.31015492830383945,1.0,1.0,,llama3.3:70b,fintradebench,none,committed
hqa_FTB_ce7df44f,F,screening_top1,1,10,hedgeqa_oracle,,False,,1.0,True,-0.0,0.0,-0.0,0.0,0.0,0.0,-0.0,0.0,-0.0,0.0,KHC,0.0,0.0,0.0,"{""KHC"": 1.0, ""CCEP"": 0.0, ""CSCO"": 0.0, ""TXN"": 0.0, ""none_clear"": 0.0}",-0.0,-0.0,10,10,1.0,True,0.0,0.31015492830383945,1.0,1.0,,llama3.3:70b,fintradebench,none,committed
hqa_FTB_cf81aaf3,FT,yes_no_mixed,0,10,hedgeqa_oracle,,False,,1.0,True,-0.0,0.0,-0.0,0.0,0.0,0.0,-0.0,0.0,-0.0,0.0,mixed,1.0,1.0,1.0,"{""yes"": 0.0, ""no"": 0.0, ""mixed"": 1.0, ""insufficient_data"": 0.0}",-0.0,-0.0,10,10,0.0,False,2.0,2.4849066497880004,0.0,0.0,,llama3.3:70b,fintradebench,none,committed
hqa_FTB_cf81aaf3,FT,yes_no_mixed,1,10,hedgeqa_oracle,,False,,1.0,True,-0.0,0.0,-0.0,0.0,0.0,0.0,-0.0,0.0,-0.0,0.0,mixed,1.0,1.0,1.0,"{""yes"": 0.0, ""no"": 0.0, ""mixed"": 1.0, ""insufficient_data"": 0.0}",-0.0,-0.0,10,10,0.0,False,2.0,2.4849066497880004,0.0,0.0,,llama3.3:70b,fintradebench,none,committed
hqa_FTB_d1f8a434,FT,yes_no_mixed,0,10,hedgeqa_oracle,,False,,1.0,True,-0.0,0.0,-0.0,0.0,0.0,0.0,-0.0,0.0,-0.0,0.0,mixed,1.0,1.0,1.0,"{""yes"": 0.0, ""no"": 0.0, ""mixed"": 1.0, ""insufficient_data"": 0.0}",-0.0,-0.0,10,10,0.0,False,2.0,2.4849066497880004,0.0,0.0,,llama3.3:70b,fintradebench,none,committed
hqa_FTB_d1f8a434,FT,yes_no_mixed,1,10,hedgeqa_oracle,,False,,1.0,True,-0.0,0.0,-0.0,0.0,0.0,0.0,-0.0,0.0,-0.0,0.0,mixed,1.0,1.0,1.0,"{""yes"": 0.0, ""no"": 0.0, ""mixed"": 1.0, ""insufficient_data"": 0.0}",-0.0,-0.0,10,10,0.0,False,2.0,2.4849066497880004,0.0,0.0,,llama3.3:70b,fintradebench,none,committed
hqa_FTB_d23c5d4b,F,yes_no_mixed,0,10,hedgeqa_oracle,,False,,1.0,True,0.1985152433458726,0.1625414866957241,0.035973756650148486,0.22351524334587258,0.1875414866957241,0.035973756650148486,0.1431984785579781,0.11724889839732029,0.025949580160657796,0.18121407728610292,insufficient_data,1.0,1.0,1.0,"{""yes"": 0.0, ""no"": 0.0, ""mixed"": 0.05, ""insufficient_data"": 0.95}",0.3250829733914482,-0.0,10,10,0.0,False,1.9049999999999998,2.4849066497880004,0.0,0.0,,llama3.3:70b,fintradebench,none,committed
hqa_FTB_d23c5d4b,F,yes_no_mixed,1,10,hedgeqa_oracle,,False,,1.0,True,-0.0,0.0,-0.0,0.0,0.0,0.0,-0.0,0.0,-0.0,0.0,insufficient_data,1.0,1.0,1.0,"{""yes"": 0.0, ""no"": 0.0, ""mixed"": 0.0, ""insufficient_data"": 1.0}",-0.0,-0.0,10,10,0.0,False,2.0,2.4849066497880004,0.0,0.0,,llama3.3:70b,fintradebench,none,committed
hqa_FTB_d25b3c9a,T,screening_top1,0,10,hedgeqa_oracle,,False,,1.0,True,-0.0,0.0,-0.0,0.0,0.0,0.0,-0.0,0.0,-0.0,0.0,LRCX,0.0,0.0,0.0,"{""LRCX"": 1.0, ""AMAT"": 0.0, ""MU"": 0.0, ""WBD"": 0.0, ""APP"": 0.0, ""none_clear"": 0.0}",-0.0,-0.0,10,10,1.0,True,0.0,0.325422400434628,1.0,1.0,,llama3.3:70b,fintradebench,none,committed
hqa_FTB_d25b3c9a,T,screening_top1,1,10,hedgeqa_oracle,,False,,1.0,True,0.3250829733914482,0.25020121176909393,0.07488176162235427,0.3500829733914482,0.27520121176909396,0.07488176162235427,0.1814322619606436,0.13963995506433033,0.04179230689631328,0.23034661225454434,APP,0.0,0.0,0.0,"{""LRCX"": 0.1, ""AMAT"": 0.0, ""MU"": 0.0, ""WBD"": 0.0, ""APP"": 0.9, ""none_clear"": 0.0}",0.5004024235381879,-0.0,10,10,0.1,False,1.62,2.1019143975318944,0.2,0.0,,llama3.3:70b,fintradebench,none,committed
hqa_FTB_d3935030,F,company_choice,0,10,hedgeqa_oracle,,False,,1.0,True,-0.0,0.0,-0.0,0.0,0.0,0.0,-0.0,0.0,-0.0,0.0,COST,0.0,0.0,0.0,"{""AMZN"": 0.0, ""WMT"": 0.0, ""COST"": 1.0, ""insufficient_data"": 0.0}",-0.0,-0.0,10,10,1.0,True,0.0,0.2876820724517809,1.0,1.0,,llama3.3:70b,fintradebench,none,committed
hqa_FTB_d3935030,F,company_choice,1,10,hedgeqa_oracle,,False,,1.0,True,-0.0,0.0,-0.0,0.0,0.0,0.0,-0.0,0.0,-0.0,0.0,COST,0.0,0.0,0.0,"{""AMZN"": 0.0, ""WMT"": 0.0, ""COST"": 1.0, ""insufficient_data"": 0.0}",-0.0,-0.0,10,10,1.0,True,0.0,0.2876820724517809,1.0,1.0,,llama3.3:70b,fintradebench,none,committed
hqa_FTB_d78b28a8,F,yes_no_mixed,0,10,hedgeqa_oracle,,False,,1.0,True,0.6931471805599453,0.0,0.6931471805599453,0.7181471805599453,0.0,0.7181471805599453,0.5,0.0,0.5,1.0,no,0.5,0.0,1.0,"{""yes"": 0.0, ""no"": 0.5, ""mixed"": 0.0, ""insufficient_data"": 0.5}",-0.0,-0.0,10,10,0.5,True,0.5,0.8754687373538999,1.0,0.0,,llama3.3:70b,fintradebench,none,committed
hqa_FTB_d78b28a8,F,yes_no_mixed,1,10,hedgeqa_oracle,,False,,1.0,True,0.6931471805599453,0.0,0.6931471805599453,0.7181471805599453,0.0,0.7181471805599453,0.5,0.0,0.5,1.0,no,0.5,1.0,0.0,"{""yes"": 0.0, ""no"": 0.5, ""mixed"": 0.0, ""insufficient_data"": 0.5}",-0.0,-0.0,10,10,0.5,True,0.5,0.8754687373538999,0.0,1.0,,llama3.3:70b,fintradebench,none,committed
hqa_FTB_d83f425e,F,yes_no_mixed,0,10,hedgeqa_oracle,,False,,1.0,True,0.6931471805599453,0.0,0.6931471805599453,0.7181471805599453,0.0,0.7181471805599453,0.5,0.0,0.5,1.0,mixed,1.0,1.0,1.0,"{""yes"": 0.0, ""no"": 0.0, ""mixed"": 0.5, ""insufficient_data"": 0.5}",-0.0,-0.0,10,10,0.0,False,1.5,2.4849066497880004,0.0,0.0,,llama3.3:70b,fintradebench,none,committed
hqa_FTB_d83f425e,F,yes_no_mixed,1,10,hedgeqa_oracle,,False,,1.0,True,0.6931471805599453,0.0,0.6931471805599453,0.7181471805599453,0.0,0.7181471805599453,0.5,0.0,0.5,1.0,mixed,1.0,1.0,1.0,"{""yes"": 0.0, ""no"": 0.0, ""mixed"": 0.5, ""insufficient_data"": 0.5}",-0.0,-0.0,10,10,0.0,False,1.5,2.4849066497880004,0.0,0.0,,llama3.3:70b,fintradebench,none,committed
hqa_FTB_db4e96c8,FT,yes_no_mixed,0,10,hedgeqa_oracle,,False,,1.0,True,-0.0,0.0,-0.0,0.0,0.0,0.0,-0.0,0.0,-0.0,0.0,mixed,1.0,1.0,1.0,"{""yes"": 0.0, ""no"": 0.0, ""mixed"": 1.0, ""insufficient_data"": 0.0}",-0.0,-0.0,10,10,0.0,False,2.0,2.4849066497880004,0.0,0.0,,llama3.3:70b,fintradebench,none,committed
hqa_FTB_db4e96c8,FT,yes_no_mixed,1,10,hedgeqa_oracle,,False,,1.0,True,-0.0,0.0,-0.0,0.0,0.0,0.0,-0.0,0.0,-0.0,0.0,mixed,1.0,1.0,1.0,"{""yes"": 0.0, ""no"": 0.0, ""mixed"": 1.0, ""insufficient_data"": 0.0}",-0.0,-0.0,10,10,0.0,False,2.0,2.4849066497880004,0.0,0.0,,llama3.3:70b,fintradebench,none,committed
hqa_FTB_dbf9cd4e,T,screening_top1,0,10,hedgeqa_oracle,,False,,1.0,True,-0.0,0.0,-0.0,0.0,0.0,0.0,-0.0,0.0,-0.0,0.0,LRCX,0.0,0.0,0.0,"{""INTC"": 0.0, ""MU"": 0.0, ""LRCX"": 1.0, ""AMAT"": 0.0, ""MRVL"": 0.0, ""none_clear"": 0.0}",-0.0,-0.0,10,10,0.0,False,2.0,2.890371757896165,0.0,0.0,,llama3.3:70b,fintradebench,none,committed
hqa_FTB_dbf9cd4e,T,screening_top1,1,10,hedgeqa_oracle,,False,,1.0,True,-0.0,0.0,-0.0,0.0,0.0,0.0,-0.0,0.0,-0.0,0.0,LRCX,0.0,0.0,0.0,"{""INTC"": 0.0, ""MU"": 0.0, ""LRCX"": 1.0, ""AMAT"": 0.0, ""MRVL"": 0.0, ""none_clear"": 0.0}",-0.0,-0.0,10,10,0.0,False,2.0,2.890371757896165,0.0,0.0,,llama3.3:70b,fintradebench,none,committed
hqa_FTB_e105af3a,T,screening_top1,0,10,hedgeqa_oracle,,False,,1.0,True,-0.0,0.0,-0.0,0.0,0.0,0.0,-0.0,0.0,-0.0,0.0,TRI,0.0,0.0,0.0,"{""INTC"": 0.0, ""MRVL"": 0.0, ""TRI"": 1.0, ""COST"": 0.0, ""none_clear"": 0.0}",-0.0,-0.0,10,10,0.0,False,2.0,2.70805020110221,0.0,0.0,,llama3.3:70b,fintradebench,none,committed
hqa_FTB_e105af3a,T,screening_top1,1,10,hedgeqa_oracle,,False,,1.0,True,-0.0,0.0,-0.0,0.0,0.0,0.0,-0.0,0.0,-0.0,0.0,TRI,0.0,0.0,0.0,"{""INTC"": 0.0, ""MRVL"": 0.0, ""TRI"": 1.0, ""COST"": 0.0, ""none_clear"": 0.0}",-0.0,-0.0,10,10,0.0,False,2.0,2.70805020110221,0.0,0.0,,llama3.3:70b,fintradebench,none,committed
hqa_FTB_e67cda66,F,yes_no_mixed,0,10,hedgeqa_oracle,,False,,1.0,True,0.6931471805599453,0.0,0.6931471805599453,0.7181471805599453,0.0,0.7181471805599453,0.5,0.0,0.5,1.0,yes,0.5,0.0,1.0,"{""yes"": 0.5, ""no"": 0.0, ""mixed"": 0.5, ""insufficient_data"": 0.0}",-0.0,-0.0,10,10,0.5,True,0.5,0.8754687373538999,1.0,0.0,,llama3.3:70b,fintradebench,none,committed
hqa_FTB_e67cda66,F,yes_no_mixed,1,10,hedgeqa_oracle,,False,,1.0,True,0.6931471805599453,0.0,0.6931471805599453,0.7181471805599453,0.0,0.7181471805599453,0.5,0.0,0.5,1.0,yes,0.5,1.0,0.0,"{""yes"": 0.5, ""no"": 0.0, ""mixed"": 0.5, ""insufficient_data"": 0.0}",-0.0,-0.0,10,10,0.5,True,0.5,0.8754687373538999,0.0,1.0,,llama3.3:70b,fintradebench,none,committed
hqa_FTB_e86f8f22,F,company_choice,0,10,hedgeqa_oracle,,False,,1.0,True,-0.0,0.0,-0.0,0.0,0.0,0.0,-0.0,0.0,-0.0,0.0,insufficient_data,1.0,1.0,1.0,"{""NFLX"": 0.0, ""DIS"": 0.0, ""insufficient_data"": 1.0}",-0.0,-0.0,10,10,1.0,True,0.0,0.25131442828090605,1.0,1.0,,llama3.3:70b,fintradebench,none,noncommitted
hqa_FTB_e86f8f22,F,company_choice,1,10,hedgeqa_oracle,,False,,1.0,True,-0.0,0.0,-0.0,0.0,0.0,0.0,-0.0,0.0,-0.0,0.0,insufficient_data,1.0,1.0,1.0,"{""NFLX"": 0.0, ""DIS"": 0.0, ""insufficient_data"": 1.0}",-0.0,-0.0,10,10,1.0,True,0.0,0.25131442828090605,1.0,1.0,,llama3.3:70b,fintradebench,none,noncommitted
hqa_FTB_e8cac668,F,yes_no_mixed,0,10,hedgeqa_oracle,,False,,1.0,True,0.6881388137135884,0.1625414866957241,0.5255973270178643,0.7131388137135884,0.1875414866957241,0.5255973270178643,0.49638722699390414,0.11724889839732029,0.3791383285965838,0.7637954966984672,mixed,0.55,0.1,1.0,"{""yes"": 0.0, ""no"": 0.45, ""mixed"": 0.55, ""insufficient_data"": 0.0}",0.3250829733914482,-0.0,10,10,0.45,False,0.6050000000000001,0.9588503462929511,0.9,0.0,,llama3.3:70b,fintradebench,none,committed
hqa_FTB_e8cac668,F,yes_no_mixed,1,10,hedgeqa_oracle,,False,,1.0,True,0.6931471805599453,0.0,0.6931471805599453,0.7181471805599453,0.0,0.7181471805599453,0.5,0.0,0.5,1.0,no,0.5,1.0,0.0,"{""yes"": 0.0, ""no"": 0.5, ""mixed"": 0.5, ""insufficient_data"": 0.0}",-0.0,-0.0,10,10,0.5,True,0.5,0.8754687373538999,0.0,1.0,,llama3.3:70b,fintradebench,none,committed
hqa_FTB_eb2cbcf8,FT,category_choice,0,10,hedgeqa_oracle,,False,,1.0,True,0.1985152433458726,0.1625414866957241,0.035973756650148486,0.22351524334587258,0.1875414866957241,0.035973756650148486,0.1431984785579781,0.11724889839732029,0.025949580160657796,0.18121407728610292,insufficient_data,1.0,1.0,1.0,"{""drag"": 0.0, ""strategic_moats"": 0.0, ""mixed"": 0.05, ""insufficient_data"": 0.95}",0.3250829733914482,-0.0,10,10,0.0,False,1.9049999999999998,2.4849066497880004,0.0,0.0,,llama3.3:70b,fintradebench,none,committed
hqa_FTB_eb2cbcf8,FT,category_choice,1,10,hedgeqa_oracle,,False,,1.0,True,-0.0,0.0,-0.0,0.0,0.0,0.0,-0.0,0.0,-0.0,0.0,insufficient_data,1.0,1.0,1.0,"{""drag"": 0.0, ""strategic_moats"": 0.0, ""mixed"": 0.0, ""insufficient_data"": 1.0}",-0.0,-0.0,10,10,0.0,False,2.0,2.4849066497880004,0.0,0.0,,llama3.3:70b,fintradebench,none,committed
hqa_FTB_ec033720,F,yes_no_mixed,0,10,hedgeqa_oracle,,False,,1.0,True,-0.0,0.0,-0.0,0.0,0.0,0.0,-0.0,0.0,-0.0,0.0,mixed,1.0,1.0,1.0,"{""yes"": 0.0, ""no"": 0.0, ""mixed"": 1.0, ""insufficient_data"": 0.0}",-0.0,-0.0,10,10,0.0,False,2.0,2.4849066497880004,0.0,0.0,,llama3.3:70b,fintradebench,none,committed
hqa_FTB_ec033720,F,yes_no_mixed,1,10,hedgeqa_oracle,,False,,1.0,True,-0.0,0.0,-0.0,0.0,0.0,0.0,-0.0,0.0,-0.0,0.0,mixed,1.0,1.0,1.0,"{""yes"": 0.0, ""no"": 0.0, ""mixed"": 1.0, ""insufficient_data"": 0.0}",-0.0,-0.0,10,10,0.0,False,2.0,2.4849066497880004,0.0,0.0,,llama3.3:70b,fintradebench,none,committed
hqa_FTB_efa9dd7c,F,yes_no_mixed,0,10,hedgeqa_oracle,,False,,1.0,True,0.6730116670092565,0.25020121176909393,0.4228104552401626,0.6980116670092565,0.27520121176909396,0.4228104552401626,0.4854752972273344,0.18048202372184058,0.3049932735054938,0.6282364421987758,insufficient_data,0.6,0.2,1.0,"{""yes"": 0.0, ""no"": 0.4, ""mixed"": 0.0, ""insufficient_data"": 0.6}",0.5004024235381879,-0.0,10,10,0.4,False,0.72,1.0498221244986776,0.8,0.0,,llama3.3:70b,fintradebench,none,committed
hqa_FTB_efa9dd7c,F,yes_no_mixed,1,10,hedgeqa_oracle,,False,,1.0,True,0.6931471805599453,0.0,0.6931471805599453,0.7181471805599453,0.0,0.7181471805599453,0.5,0.0,0.5,1.0,yes,0.5,1.0,0.0,"{""yes"": 0.5, ""no"": 0.0, ""mixed"": 0.0, ""insufficient_data"": 0.5}",-0.0,-0.0,10,10,0.0,False,1.5,2.4849066497880004,0.0,0.0,,llama3.3:70b,fintradebench,none,committed
hqa_FTB_efef99db,FT,yes_no_mixed,0,10,hedgeqa_oracle,,False,,1.0,True,-0.0,0.0,-0.0,0.0,0.0,0.0,-0.0,0.0,-0.0,0.0,mixed,1.0,1.0,1.0,"{""yes"": 0.0, ""no"": 0.0, ""mixed"": 1.0, ""insufficient_data"": 0.0}",-0.0,-0.0,10,10,0.0,False,2.0,2.4849066497880004,0.0,0.0,,llama3.3:70b,fintradebench,none,committed
hqa_FTB_efef99db,FT,yes_no_mixed,1,10,hedgeqa_oracle,,False,,1.0,True,-0.0,0.0,-0.0,0.0,0.0,0.0,-0.0,0.0,-0.0,0.0,mixed,1.0,1.0,1.0,"{""yes"": 0.0, ""no"": 0.0, ""mixed"": 1.0, ""insufficient_data"": 0.0}",-0.0,-0.0,10,10,0.0,False,2.0,2.4849066497880004,0.0,0.0,,llama3.3:70b,fintradebench,none,committed
hqa_FTB_f22fb1fd,F,yes_no_mixed,0,10,hedgeqa_oracle,,False,,1.0,True,-0.0,0.0,-0.0,0.0,0.0,0.0,-0.0,0.0,-0.0,0.0,yes,0.0,0.0,0.0,"{""yes"": 1.0, ""no"": 0.0, ""mixed"": 0.0, ""insufficient_data"": 0.0}",-0.0,-0.0,10,10,1.0,True,0.0,0.2876820724517809,1.0,1.0,,llama3.3:70b,fintradebench,none,committed
hqa_FTB_f22fb1fd,F,yes_no_mixed,1,10,hedgeqa_oracle,,False,,1.0,True,-0.0,0.0,-0.0,0.0,0.0,0.0,-0.0,0.0,-0.0,0.0,yes,0.0,0.0,0.0,"{""yes"": 1.0, ""no"": 0.0, ""mixed"": 0.0, ""insufficient_data"": 0.0}",-0.0,-0.0,10,10,1.0,True,0.0,0.2876820724517809,1.0,1.0,,llama3.3:70b,fintradebench,none,committed
hqa_FTB_f305a77d,F,company_choice,0,10,hedgeqa_oracle,,False,,1.0,True,-0.0,0.0,-0.0,0.0,0.0,0.0,-0.0,0.0,-0.0,0.0,AAPL,0.0,0.0,0.0,"{""MSFT"": 0.0, ""AAPL"": 1.0, ""similar"": 0.0, ""insufficient_data"": 0.0}",-0.0,-0.0,10,10,0.0,False,2.0,2.4849066497880004,0.0,0.0,,llama3.3:70b,fintradebench,none,committed
hqa_FTB_f305a77d,F,company_choice,1,10,hedgeqa_oracle,,False,,1.0,True,-0.0,0.0,-0.0,0.0,0.0,0.0,-0.0,0.0,-0.0,0.0,AAPL,0.0,0.0,0.0,"{""MSFT"": 0.0, ""AAPL"": 1.0, ""similar"": 0.0, ""insufficient_data"": 0.0}",-0.0,-0.0,10,10,0.0,False,2.0,2.4849066497880004,0.0,0.0,,llama3.3:70b,fintradebench,none,committed
hqa_FTB_f88a6a4d,F,open_summary_with_canonical_claim,0,10,hedgeqa_oracle,,False,,1.0,True,0.4227090878059908,0.41274269846481804,0.009966389341172777,0.44770908780599084,0.4627426984648181,0.0,0.3847663931726609,0.3756945946464899,0.009071798526171062,0.0235774191487149,mixed,0.8500000000000001,0.8,0.9,"{""claim_true"": 0.0, ""claim_false"": 0.15, ""mixed"": 0.85}",0.5004024235381879,0.3250829733914482,10,10,0.0,False,1.745,2.1972245773362196,0.0,0.0,,llama3.3:70b,fintradebench,none,committed
hqa_FTB_f88a6a4d,F,open_summary_with_canonical_claim,1,10,hedgeqa_oracle,,False,,1.0,True,-0.0,0.0,-0.0,0.0,0.0,0.0,-0.0,0.0,-0.0,0.0,mixed,1.0,1.0,1.0,"{""claim_true"": 0.0, ""claim_false"": 0.0, ""mixed"": 1.0}",-0.0,-0.0,10,10,0.0,False,2.0,2.1972245773362196,0.0,0.0,,llama3.3:70b,fintradebench,none,committed
hqa_FTB_fbfe6a99,FT,yes_no_mixed,0,10,hedgeqa_oracle,,False,,1.0,True,-0.0,0.0,-0.0,0.0,0.0,0.0,-0.0,0.0,-0.0,0.0,insufficient_data,1.0,1.0,1.0,"{""yes"": 0.0, ""no"": 0.0, ""mixed"": 0.0, ""insufficient_data"": 1.0}",-0.0,-0.0,10,10,0.0,False,2.0,2.4849066497880004,0.0,0.0,,llama3.3:70b,fintradebench,none,committed
hqa_FTB_fbfe6a99,FT,yes_no_mixed,1,10,hedgeqa_oracle,,False,,1.0,True,-0.0,0.0,-0.0,0.0,0.0,0.0,-0.0,0.0,-0.0,0.0,insufficient_data,1.0,1.0,1.0,"{""yes"": 0.0, ""no"": 0.0, ""mixed"": 0.0, ""insufficient_data"": 1.0}",-0.0,-0.0,10,10,0.0,False,2.0,2.4849066497880004,0.0,0.0,,llama3.3:70b,fintradebench,none,committed
hqa_FTB_fd6ae1be,F,yes_no_mixed,0,10,hedgeqa_oracle,,False,,1.0,True,0.6108643020548935,0.33650583350462826,0.27435846855026524,0.6358643020548935,0.3615058335046283,0.27435846855026524,0.44064544961534635,0.2427376486136672,0.19790780100167915,0.4491316117627886,no,0.3,0.0,0.6,"{""yes"": 0.0, ""no"": 0.7, ""mixed"": 0.0, ""insufficient_data"": 0.3}",-0.0,0.6730116670092565,10,10,0.7,True,0.18000000000000002,0.5978370007556205,1.0,0.4,,llama3.3:70b,fintradebench,none,committed
hqa_FTB_fd6ae1be,F,yes_no_mixed,1,10,hedgeqa_oracle,,False,,1.0,True,0.6931471805599453,0.0,0.6931471805599453,0.7181471805599453,0.0,0.7181471805599453,0.5,0.0,0.5,1.0,no,0.5,1.0,0.0,"{""yes"": 0.0, ""no"": 0.5, ""mixed"": 0.0, ""insufficient_data"": 0.5}",-0.0,-0.0,10,10,0.5,True,0.5,0.8754687373538999,0.0,1.0,,llama3.3:70b,fintradebench,none,committed
hqa_FTB_fe6a9406,FT,category_choice,0,10,hedgeqa_oracle,,False,,1.0,True,0.1985152433458726,0.1625414866957241,0.035973756650148486,0.22351524334587258,0.1875414866957241,0.035973756650148486,0.1431984785579781,0.11724889839732029,0.025949580160657796,0.18121407728610292,insufficient_data,0.95,1.0,0.9,"{""underpriced"": 0.0, ""fully_priced"": 0.05, ""overpriced"": 0.0, ""insufficient_data"": 0.95}",-0.0,0.3250829733914482,10,10,0.05,False,1.805,2.1484344131667874,0.0,0.1,,llama3.3:70b,fintradebench,none,committed
hqa_FTB_fe6a9406,FT,category_choice,1,10,hedgeqa_oracle,,False,,1.0,True,-0.0,0.0,-0.0,0.0,0.0,0.0,-0.0,0.0,-0.0,0.0,insufficient_data,1.0,1.0,1.0,"{""underpriced"": 0.0, ""fully_priced"": 0.0, ""overpriced"": 0.0, ""insufficient_data"": 1.0}",-0.0,-0.0,10,10,0.0,False,2.0,2.4849066497880004,0.0,0.0,,llama3.3:70b,fintradebench,none,committed
hqa_TAT_0a4b6243,F,directional_change,0,10,hedgeqa_oracle,,False,,1.0,True,-0.0,0.0,-0.0,0.0,0.0,0.0,-0.0,0.0,-0.0,0.0,decreased,0.0,0.0,0.0,"{""increased"": 0.0, ""decreased"": 1.0, ""roughly_unchanged"": 0.0, ""insufficient_data"": 0.0}",-0.0,-0.0,10,10,1.0,True,0.0,0.2876820724517809,1.0,1.0,,llama3.3:70b,tatqa,numeric_to_directional,committed
hqa_TAT_0a4b6243,F,directional_change,1,10,hedgeqa_oracle,,False,,1.0,True,-0.0,0.0,-0.0,0.0,0.0,0.0,-0.0,0.0,-0.0,0.0,decreased,0.0,0.0,0.0,"{""increased"": 0.0, ""decreased"": 1.0, ""roughly_unchanged"": 0.0, ""insufficient_data"": 0.0}",-0.0,-0.0,10,10,1.0,True,0.0,0.2876820724517809,1.0,1.0,,llama3.3:70b,tatqa,numeric_to_directional,committed
hqa_TAT_10183a57,F,directional_change,0,10,hedgeqa_oracle,,False,,1.0,True,-0.0,0.0,-0.0,0.0,0.0,0.0,-0.0,0.0,-0.0,0.0,roughly_unchanged,0.0,0.0,0.0,"{""increased"": 0.0, ""decreased"": 0.0, ""roughly_unchanged"": 1.0, ""insufficient_data"": 0.0}",-0.0,-0.0,10,10,1.0,True,0.0,0.2876820724517809,1.0,1.0,,llama3.3:70b,tatqa,numeric_to_directional,committed
hqa_TAT_10183a57,F,directional_change,1,10,hedgeqa_oracle,,False,,1.0,True,-0.0,0.0,-0.0,0.0,0.0,0.0,-0.0,0.0,-0.0,0.0,roughly_unchanged,0.0,0.0,0.0,"{""increased"": 0.0, ""decreased"": 0.0, ""roughly_unchanged"": 1.0, ""insufficient_data"": 0.0}",-0.0,-0.0,10,10,1.0,True,0.0,0.2876820724517809,1.0,1.0,,llama3.3:70b,tatqa,numeric_to_directional,committed
hqa_TAT_12e27eaa,F,directional_change,0,10,hedgeqa_oracle,,False,,1.0,True,-0.0,0.0,-0.0,0.0,0.0,0.0,-0.0,0.0,-0.0,0.0,decreased,0.0,0.0,0.0,"{""increased"": 0.0, ""decreased"": 1.0, ""roughly_unchanged"": 0.0, ""insufficient_data"": 0.0}",-0.0,-0.0,10,10,1.0,True,0.0,0.2876820724517809,1.0,1.0,,llama3.3:70b,tatqa,numeric_to_directional,committed
hqa_TAT_12e27eaa,F,directional_change,1,10,hedgeqa_oracle,,False,,1.0,True,-0.0,0.0,-0.0,0.0,0.0,0.0,-0.0,0.0,-0.0,0.0,decreased,0.0,0.0,0.0,"{""increased"": 0.0, ""decreased"": 1.0, ""roughly_unchanged"": 0.0, ""insufficient_data"": 0.0}",-0.0,-0.0,10,10,1.0,True,0.0,0.2876820724517809,1.0,1.0,,llama3.3:70b,tatqa,numeric_to_directional,committed
hqa_TAT_261ad3a9,F,directional_change,0,10,hedgeqa_oracle,,False,,1.0,True,-0.0,0.0,-0.0,0.0,0.0,0.0,-0.0,0.0,-0.0,0.0,roughly_unchanged,0.0,0.0,0.0,"{""increased"": 0.0, ""decreased"": 0.0, ""roughly_unchanged"": 1.0, ""insufficient_data"": 0.0}",-0.0,-0.0,10,10,1.0,True,0.0,0.2876820724517809,1.0,1.0,,llama3.3:70b,tatqa,numeric_to_directional,committed
hqa_TAT_261ad3a9,F,directional_change,1,10,hedgeqa_oracle,,False,,1.0,True,-0.0,0.0,-0.0,0.0,0.0,0.0,-0.0,0.0,-0.0,0.0,roughly_unchanged,0.0,0.0,0.0,"{""increased"": 0.0, ""decreased"": 0.0, ""roughly_unchanged"": 1.0, ""insufficient_data"": 0.0}",-0.0,-0.0,10,10,1.0,True,0.0,0.2876820724517809,1.0,1.0,,llama3.3:70b,tatqa,numeric_to_directional,committed
hqa_TAT_2728a2bd,F,directional_change,0,10,hedgeqa_oracle,,False,,1.0,True,-0.0,0.0,-0.0,0.0,0.0,0.0,-0.0,0.0,-0.0,0.0,increased,0.0,0.0,0.0,"{""increased"": 1.0, ""decreased"": 0.0, ""roughly_unchanged"": 0.0, ""insufficient_data"": 0.0}",-0.0,-0.0,10,10,1.0,True,0.0,0.2876820724517809,1.0,1.0,,llama3.3:70b,tatqa,numeric_to_directional,committed
hqa_TAT_2728a2bd,F,directional_change,1,10,hedgeqa_oracle,,False,,1.0,True,-0.0,0.0,-0.0,0.0,0.0,0.0,-0.0,0.0,-0.0,0.0,increased,0.0,0.0,0.0,"{""increased"": 1.0, ""decreased"": 0.0, ""roughly_unchanged"": 0.0, ""insufficient_data"": 0.0}",-0.0,-0.0,10,10,1.0,True,0.0,0.2876820724517809,1.0,1.0,,llama3.3:70b,tatqa,numeric_to_directional,committed
hqa_TAT_28c0f57b,F,directional_change,0,10,hedgeqa_oracle,,False,,1.0,True,-0.0,0.0,-0.0,0.0,0.0,0.0,-0.0,0.0,-0.0,0.0,increased,0.0,0.0,0.0,"{""increased"": 1.0, ""decreased"": 0.0, ""roughly_unchanged"": 0.0, ""insufficient_data"": 0.0}",-0.0,-0.0,10,10,1.0,True,0.0,0.2876820724517809,1.0,1.0,,llama3.3:70b,tatqa,numeric_to_directional,committed
hqa_TAT_28c0f57b,F,directional_change,1,10,hedgeqa_oracle,,False,,1.0,True,-0.0,0.0,-0.0,0.0,0.0,0.0,-0.0,0.0,-0.0,0.0,increased,0.0,0.0,0.0,"{""increased"": 1.0, ""decreased"": 0.0, ""roughly_unchanged"": 0.0, ""insufficient_data"": 0.0}",-0.0,-0.0,10,10,1.0,True,0.0,0.2876820724517809,1.0,1.0,,llama3.3:70b,tatqa,numeric_to_directional,committed
hqa_TAT_37191d9a,F,directional_change,0,10,hedgeqa_oracle,,False,,1.0,True,0.1985152433458726,0.1625414866957241,0.035973756650148486,0.22351524334587258,0.1875414866957241,0.035973756650148486,0.1431984785579781,0.11724889839732029,0.025949580160657796,0.18121407728610292,decreased,0.0,0.0,0.0,"{""increased"": 0.0, ""decreased"": 0.95, ""roughly_unchanged"": 0.05, ""insufficient_data"": 0.0}",-0.0,0.3250829733914482,10,10,0.05,False,1.805,2.1484344131667874,0.0,0.1,,llama3.3:70b,tatqa,numeric_to_directional,committed
hqa_TAT_37191d9a,F,directional_change,1,10,hedgeqa_oracle,,False,,1.0,True,-0.0,0.0,-0.0,0.0,0.0,0.0,-0.0,0.0,-0.0,0.0,decreased,0.0,0.0,0.0,"{""increased"": 0.0, ""decreased"": 1.0, ""roughly_unchanged"": 0.0, ""insufficient_data"": 0.0}",-0.0,-0.0,10,10,0.0,False,2.0,2.4849066497880004,0.0,0.0,,llama3.3:70b,tatqa,numeric_to_directional,committed
hqa_TAT_37cd0c30,F,directional_change,0,10,hedgeqa_oracle,,False,,1.0,True,-0.0,0.0,-0.0,0.0,0.0,0.0,-0.0,0.0,-0.0,0.0,roughly_unchanged,0.0,0.0,0.0,"{""increased"": 0.0, ""decreased"": 0.0, ""roughly_unchanged"": 1.0, ""insufficient_data"": 0.0}",-0.0,-0.0,10,10,1.0,True,0.0,0.2876820724517809,1.0,1.0,,llama3.3:70b,tatqa,numeric_to_directional,committed
hqa_TAT_37cd0c30,F,directional_change,1,10,hedgeqa_oracle,,False,,1.0,True,-0.0,0.0,-0.0,0.0,0.0,0.0,-0.0,0.0,-0.0,0.0,roughly_unchanged,0.0,0.0,0.0,"{""increased"": 0.0, ""decreased"": 0.0, ""roughly_unchanged"": 1.0, ""insufficient_data"": 0.0}",-0.0,-0.0,10,10,1.0,True,0.0,0.2876820724517809,1.0,1.0,,llama3.3:70b,tatqa,numeric_to_directional,committed
hqa_TAT_37e855b0,F,directional_change,0,10,hedgeqa_oracle,,False,,1.0,True,-0.0,0.0,-0.0,0.0,0.0,0.0,-0.0,0.0,-0.0,0.0,decreased,0.0,0.0,0.0,"{""increased"": 0.0, ""decreased"": 1.0, ""roughly_unchanged"": 0.0, ""insufficient_data"": 0.0}",-0.0,-0.0,10,10,0.0,False,2.0,2.4849066497880004,0.0,0.0,,llama3.3:70b,tatqa,numeric_to_directional,committed
hqa_TAT_37e855b0,F,directional_change,1,10,hedgeqa_oracle,,False,,1.0,True,-0.0,0.0,-0.0,0.0,0.0,0.0,-0.0,0.0,-0.0,0.0,decreased,0.0,0.0,0.0,"{""increased"": 0.0, ""decreased"": 1.0, ""roughly_unchanged"": 0.0, ""insufficient_data"": 0.0}",-0.0,-0.0,10,10,0.0,False,2.0,2.4849066497880004,0.0,0.0,,llama3.3:70b,tatqa,numeric_to_directional,committed
hqa_TAT_3bfabcc3,F,directional_change,0,10,hedgeqa_oracle,,False,,1.0,True,-0.0,0.0,-0.0,0.0,0.0,0.0,-0.0,0.0,-0.0,0.0,insufficient_data,1.0,1.0,1.0,"{""increased"": 0.0, ""decreased"": 0.0, ""roughly_unchanged"": 0.0, ""insufficient_data"": 1.0}",-0.0,-0.0,10,10,0.0,False,2.0,2.4849066497880004,0.0,0.0,,llama3.3:70b,tatqa,numeric_to_directional,committed
hqa_TAT_3bfabcc3,F,directional_change,1,10,hedgeqa_oracle,,False,,1.0,True,-0.0,0.0,-0.0,0.0,0.0,0.0,-0.0,0.0,-0.0,0.0,insufficient_data,1.0,1.0,1.0,"{""increased"": 0.0, ""decreased"": 0.0, ""roughly_unchanged"": 0.0, ""insufficient_data"": 1.0}",-0.0,-0.0,10,10,0.0,False,2.0,2.4849066497880004,0.0,0.0,,llama3.3:70b,tatqa,numeric_to_directional,committed
hqa_TAT_439f70e0,F,directional_change,0,10,hedgeqa_oracle,,False,,1.0,True,-0.0,0.0,-0.0,0.0,0.0,0.0,-0.0,0.0,-0.0,0.0,increased,0.0,0.0,0.0,"{""increased"": 1.0, ""decreased"": 0.0, ""roughly_unchanged"": 0.0, ""insufficient_data"": 0.0}",-0.0,-0.0,10,10,1.0,True,0.0,0.2876820724517809,1.0,1.0,,llama3.3:70b,tatqa,numeric_to_directional,committed
hqa_TAT_439f70e0,F,directional_change,1,10,hedgeqa_oracle,,False,,1.0,True,-0.0,0.0,-0.0,0.0,0.0,0.0,-0.0,0.0,-0.0,0.0,increased,0.0,0.0,0.0,"{""increased"": 1.0, ""decreased"": 0.0, ""roughly_unchanged"": 0.0, ""insufficient_data"": 0.0}",-0.0,-0.0,10,10,1.0,True,0.0,0.2876820724517809,1.0,1.0,,llama3.3:70b,tatqa,numeric_to_directional,committed
hqa_TAT_4cc4b873,F,directional_change,0,10,hedgeqa_oracle,,False,,1.0,True,-0.0,0.0,-0.0,0.0,0.0,0.0,-0.0,0.0,-0.0,0.0,decreased,0.0,0.0,0.0,"{""increased"": 0.0, ""decreased"": 1.0, ""roughly_unchanged"": 0.0, ""insufficient_data"": 0.0}",-0.0,-0.0,10,10,0.0,False,2.0,2.4849066497880004,0.0,0.0,,llama3.3:70b,tatqa,numeric_to_directional,committed
hqa_TAT_4cc4b873,F,directional_change,1,10,hedgeqa_oracle,,False,,1.0,True,-0.0,0.0,-0.0,0.0,0.0,0.0,-0.0,0.0,-0.0,0.0,decreased,0.0,0.0,0.0,"{""increased"": 0.0, ""decreased"": 1.0, ""roughly_unchanged"": 0.0, ""insufficient_data"": 0.0}",-0.0,-0.0,10,10,0.0,False,2.0,2.4849066497880004,0.0,0.0,,llama3.3:70b,tatqa,numeric_to_directional,committed
hqa_TAT_513bf483,F,directional_change,0,10,hedgeqa_oracle,,False,,1.0,True,-0.0,0.0,-0.0,0.0,0.0,0.0,-0.0,0.0,-0.0,0.0,roughly_unchanged,0.0,0.0,0.0,"{""increased"": 0.0, ""decreased"": 0.0, ""roughly_unchanged"": 1.0, ""insufficient_data"": 0.0}",-0.0,-0.0,10,10,1.0,True,0.0,0.2876820724517809,1.0,1.0,,llama3.3:70b,tatqa,numeric_to_directional,committed
hqa_TAT_513bf483,F,directional_change,1,10,hedgeqa_oracle,,False,,1.0,True,-0.0,0.0,-0.0,0.0,0.0,0.0,-0.0,0.0,-0.0,0.0,roughly_unchanged,0.0,0.0,0.0,"{""increased"": 0.0, ""decreased"": 0.0, ""roughly_unchanged"": 1.0, ""insufficient_data"": 0.0}",-0.0,-0.0,10,10,1.0,True,0.0,0.2876820724517809,1.0,1.0,,llama3.3:70b,tatqa,numeric_to_directional,committed
hqa_TAT_52236d86,F,directional_change,0,10,hedgeqa_oracle,,False,,1.0,True,-0.0,0.0,-0.0,0.0,0.0,0.0,-0.0,0.0,-0.0,0.0,decreased,0.0,0.0,0.0,"{""increased"": 0.0, ""decreased"": 1.0, ""roughly_unchanged"": 0.0, ""insufficient_data"": 0.0}",-0.0,-0.0,10,10,1.0,True,0.0,0.2876820724517809,1.0,1.0,,llama3.3:70b,tatqa,numeric_to_directional,committed
hqa_TAT_52236d86,F,directional_change,1,10,hedgeqa_oracle,,False,,1.0,True,-0.0,0.0,-0.0,0.0,0.0,0.0,-0.0,0.0,-0.0,0.0,decreased,0.0,0.0,0.0,"{""increased"": 0.0, ""decreased"": 1.0, ""roughly_unchanged"": 0.0, ""insufficient_data"": 0.0}",-0.0,-0.0,10,10,1.0,True,0.0,0.2876820724517809,1.0,1.0,,llama3.3:70b,tatqa,numeric_to_directional,committed
hqa_TAT_55755d65_masked,F,directional_change,0,10,hedgeqa_oracle,,False,,1.0,True,-0.0,0.0,-0.0,0.0,0.0,0.0,-0.0,0.0,-0.0,0.0,insufficient_data,1.0,1.0,1.0,"{""increased"": 0.0, ""decreased"": 0.0, ""roughly_unchanged"": 0.0, ""insufficient_data"": 1.0}",-0.0,-0.0,10,10,1.0,True,0.0,0.2876820724517809,1.0,1.0,,llama3.3:70b,tatqa,evidence_masked_insufficient,noncommitted
hqa_TAT_55755d65_masked,F,directional_change,1,10,hedgeqa_oracle,,False,,1.0,True,-0.0,0.0,-0.0,0.0,0.0,0.0,-0.0,0.0,-0.0,0.0,insufficient_data,1.0,1.0,1.0,"{""increased"": 0.0, ""decreased"": 0.0, ""roughly_unchanged"": 0.0, ""insufficient_data"": 1.0}",-0.0,-0.0,10,10,1.0,True,0.0,0.2876820724517809,1.0,1.0,,llama3.3:70b,tatqa,evidence_masked_insufficient,noncommitted
hqa_TAT_5706ce12,F,directional_change,0,10,hedgeqa_oracle,,False,,1.0,True,-0.0,0.0,-0.0,0.0,0.0,0.0,-0.0,0.0,-0.0,0.0,insufficient_data,1.0,1.0,1.0,"{""increased"": 0.0, ""decreased"": 0.0, ""roughly_unchanged"": 0.0, ""insufficient_data"": 1.0}",-0.0,-0.0,10,10,0.0,False,2.0,2.4849066497880004,0.0,0.0,,llama3.3:70b,tatqa,numeric_to_directional,committed
hqa_TAT_5706ce12,F,directional_change,1,10,hedgeqa_oracle,,False,,1.0,True,-0.0,0.0,-0.0,0.0,0.0,0.0,-0.0,0.0,-0.0,0.0,insufficient_data,1.0,1.0,1.0,"{""increased"": 0.0, ""decreased"": 0.0, ""roughly_unchanged"": 0.0, ""insufficient_data"": 1.0}",-0.0,-0.0,10,10,0.0,False,2.0,2.4849066497880004,0.0,0.0,,llama3.3:70b,tatqa,numeric_to_directional,committed
hqa_TAT_59cb702e,F,directional_change,0,10,hedgeqa_oracle,,False,,1.0,True,-0.0,0.0,-0.0,0.0,0.0,0.0,-0.0,0.0,-0.0,0.0,roughly_unchanged,0.0,0.0,0.0,"{""increased"": 0.0, ""decreased"": 0.0, ""roughly_unchanged"": 1.0, ""insufficient_data"": 0.0}",-0.0,-0.0,10,10,1.0,True,0.0,0.2876820724517809,1.0,1.0,,llama3.3:70b,tatqa,numeric_to_directional,committed
hqa_TAT_59cb702e,F,directional_change,1,10,hedgeqa_oracle,,False,,1.0,True,-0.0,0.0,-0.0,0.0,0.0,0.0,-0.0,0.0,-0.0,0.0,roughly_unchanged,0.0,0.0,0.0,"{""increased"": 0.0, ""decreased"": 0.0, ""roughly_unchanged"": 1.0, ""insufficient_data"": 0.0}",-0.0,-0.0,10,10,1.0,True,0.0,0.2876820724517809,1.0,1.0,,llama3.3:70b,tatqa,numeric_to_directional,committed
hqa_TAT_5ce27434_masked,F,directional_change,0,10,hedgeqa_oracle,,False,,1.0,True,0.5004024235381879,0.33650583350462826,0.1638965900335596,0.5254024235381879,0.3615058335046283,0.1638965900335596,0.36096404744368116,0.2427376486136672,0.11822639883001398,0.3275295688512027,insufficient_data,0.8,0.6,1.0,"{""increased"": 0.2, ""decreased"": 0.0, ""roughly_unchanged"": 0.0, ""insufficient_data"": 0.8}",0.6730116670092565,-0.0,10,10,0.8,True,0.07999999999999999,0.4834266495778762,0.6,1.0,,llama3.3:70b,tatqa,evidence_masked_insufficient,noncommitted
hqa_TAT_5ce27434_masked,F,directional_change,1,10,hedgeqa_oracle,,False,,1.0,True,-0.0,0.0,-0.0,0.0,0.0,0.0,-0.0,0.0,-0.0,0.0,insufficient_data,1.0,1.0,1.0,"{""increased"": 0.0, ""decreased"": 0.0, ""roughly_unchanged"": 0.0, ""insufficient_data"": 1.0}",-0.0,-0.0,10,10,1.0,True,0.0,0.2876820724517809,1.0,1.0,,llama3.3:70b,tatqa,evidence_masked_insufficient,noncommitted
hqa_TAT_5f5bf97c,F,directional_change,0,10,hedgeqa_oracle,,False,,1.0,True,-0.0,0.0,-0.0,0.0,0.0,0.0,-0.0,0.0,-0.0,0.0,decreased,0.0,0.0,0.0,"{""increased"": 0.0, ""decreased"": 1.0, ""roughly_unchanged"": 0.0, ""insufficient_data"": 0.0}",-0.0,-0.0,10,10,0.0,False,2.0,2.4849066497880004,0.0,0.0,,llama3.3:70b,tatqa,numeric_to_directional,committed
hqa_TAT_5f5bf97c,F,directional_change,1,10,hedgeqa_oracle,,False,,1.0,True,-0.0,0.0,-0.0,0.0,0.0,0.0,-0.0,0.0,-0.0,0.0,decreased,0.0,0.0,0.0,"{""increased"": 0.0, ""decreased"": 1.0, ""roughly_unchanged"": 0.0, ""insufficient_data"": 0.0}",-0.0,-0.0,10,10,0.0,False,2.0,2.4849066497880004,0.0,0.0,,llama3.3:70b,tatqa,numeric_to_directional,committed
hqa_TAT_60e1712c,F,directional_change,0,10,hedgeqa_oracle,,False,,1.0,True,-0.0,0.0,-0.0,0.0,0.0,0.0,-0.0,0.0,-0.0,0.0,decreased,0.0,0.0,0.0,"{""increased"": 0.0, ""decreased"": 1.0, ""roughly_unchanged"": 0.0, ""insufficient_data"": 0.0}",-0.0,-0.0,10,10,1.0,True,0.0,0.2876820724517809,1.0,1.0,,llama3.3:70b,tatqa,numeric_to_directional,committed
hqa_TAT_60e1712c,F,directional_change,1,10,hedgeqa_oracle,,False,,1.0,True,-0.0,0.0,-0.0,0.0,0.0,0.0,-0.0,0.0,-0.0,0.0,decreased,0.0,0.0,0.0,"{""increased"": 0.0, ""decreased"": 1.0, ""roughly_unchanged"": 0.0, ""insufficient_data"": 0.0}",-0.0,-0.0,10,10,1.0,True,0.0,0.2876820724517809,1.0,1.0,,llama3.3:70b,tatqa,numeric_to_directional,committed
hqa_TAT_62bbb05f,F,directional_change,0,10,hedgeqa_oracle,,False,,1.0,True,-0.0,0.0,-0.0,0.0,0.0,0.0,-0.0,0.0,-0.0,0.0,decreased,0.0,0.0,0.0,"{""increased"": 0.0, ""decreased"": 1.0, ""roughly_unchanged"": 0.0, ""insufficient_data"": 0.0}",-0.0,-0.0,10,10,0.0,False,2.0,2.4849066497880004,0.0,0.0,,llama3.3:70b,tatqa,numeric_to_directional,committed
hqa_TAT_62bbb05f,F,directional_change,1,10,hedgeqa_oracle,,False,,1.0,True,-0.0,0.0,-0.0,0.0,0.0,0.0,-0.0,0.0,-0.0,0.0,decreased,0.0,0.0,0.0,"{""increased"": 0.0, ""decreased"": 1.0, ""roughly_unchanged"": 0.0, ""insufficient_data"": 0.0}",-0.0,-0.0,10,10,0.0,False,2.0,2.4849066497880004,0.0,0.0,,llama3.3:70b,tatqa,numeric_to_directional,committed
hqa_TAT_66ae5834,F,directional_change,0,10,hedgeqa_oracle,,False,,1.0,True,-0.0,0.0,-0.0,0.0,0.0,0.0,-0.0,0.0,-0.0,0.0,increased,0.0,0.0,0.0,"{""increased"": 1.0, ""decreased"": 0.0, ""roughly_unchanged"": 0.0, ""insufficient_data"": 0.0}",-0.0,-0.0,10,10,1.0,True,0.0,0.2876820724517809,1.0,1.0,,llama3.3:70b,tatqa,numeric_to_directional,committed
hqa_TAT_66ae5834,F,directional_change,1,10,hedgeqa_oracle,,False,,1.0,True,-0.0,0.0,-0.0,0.0,0.0,0.0,-0.0,0.0,-0.0,0.0,increased,0.0,0.0,0.0,"{""increased"": 1.0, ""decreased"": 0.0, ""roughly_unchanged"": 0.0, ""insufficient_data"": 0.0}",-0.0,-0.0,10,10,1.0,True,0.0,0.2876820724517809,1.0,1.0,,llama3.3:70b,tatqa,numeric_to_directional,committed
hqa_TAT_6ada4621_masked,F,directional_change,0,10,hedgeqa_oracle,,False,,1.0,True,-0.0,0.0,-0.0,0.0,0.0,0.0,-0.0,0.0,-0.0,0.0,insufficient_data,1.0,1.0,1.0,"{""increased"": 0.0, ""decreased"": 0.0, ""roughly_unchanged"": 0.0, ""insufficient_data"": 1.0}",-0.0,-0.0,10,10,1.0,True,0.0,0.2876820724517809,1.0,1.0,,llama3.3:70b,tatqa,evidence_masked_insufficient,noncommitted
hqa_TAT_6ada4621_masked,F,directional_change,1,10,hedgeqa_oracle,,False,,1.0,True,-0.0,0.0,-0.0,0.0,0.0,0.0,-0.0,0.0,-0.0,0.0,insufficient_data,1.0,1.0,1.0,"{""increased"": 0.0, ""decreased"": 0.0, ""roughly_unchanged"": 0.0, ""insufficient_data"": 1.0}",-0.0,-0.0,10,10,1.0,True,0.0,0.2876820724517809,1.0,1.0,,llama3.3:70b,tatqa,evidence_masked_insufficient,noncommitted
hqa_TAT_6b50f4c7,F,directional_change,0,10,hedgeqa_oracle,,False,,1.0,True,-0.0,0.0,-0.0,0.0,0.0,0.0,-0.0,0.0,-0.0,0.0,increased,0.0,0.0,0.0,"{""increased"": 1.0, ""decreased"": 0.0, ""roughly_unchanged"": 0.0, ""insufficient_data"": 0.0}",-0.0,-0.0,10,10,0.0,False,2.0,2.4849066497880004,0.0,0.0,,llama3.3:70b,tatqa,numeric_to_directional,committed
hqa_TAT_6b50f4c7,F,directional_change,1,10,hedgeqa_oracle,,False,,1.0,True,-0.0,0.0,-0.0,0.0,0.0,0.0,-0.0,0.0,-0.0,0.0,increased,0.0,0.0,0.0,"{""increased"": 1.0, ""decreased"": 0.0, ""roughly_unchanged"": 0.0, ""insufficient_data"": 0.0}",-0.0,-0.0,10,10,0.0,False,2.0,2.4849066497880004,0.0,0.0,,llama3.3:70b,tatqa,numeric_to_directional,committed
hqa_TAT_73a33378,F,directional_change,0,10,hedgeqa_oracle,,False,,1.0,True,-0.0,0.0,-0.0,0.0,0.0,0.0,-0.0,0.0,-0.0,0.0,increased,0.0,0.0,0.0,"{""increased"": 1.0, ""decreased"": 0.0, ""roughly_unchanged"": 0.0, ""insufficient_data"": 0.0}",-0.0,-0.0,10,10,1.0,True,0.0,0.2876820724517809,1.0,1.0,,llama3.3:70b,tatqa,numeric_to_directional,committed
hqa_TAT_73a33378,F,directional_change,1,10,hedgeqa_oracle,,False,,1.0,True,-0.0,0.0,-0.0,0.0,0.0,0.0,-0.0,0.0,-0.0,0.0,increased,0.0,0.0,0.0,"{""increased"": 1.0, ""decreased"": 0.0, ""roughly_unchanged"": 0.0, ""insufficient_data"": 0.0}",-0.0,-0.0,10,10,1.0,True,0.0,0.2876820724517809,1.0,1.0,,llama3.3:70b,tatqa,numeric_to_directional,committed
hqa_TAT_76519d33,F,directional_change,0,10,hedgeqa_oracle,,False,,1.0,True,-0.0,0.0,-0.0,0.0,0.0,0.0,-0.0,0.0,-0.0,0.0,decreased,0.0,0.0,0.0,"{""increased"": 0.0, ""decreased"": 1.0, ""roughly_unchanged"": 0.0, ""insufficient_data"": 0.0}",-0.0,-0.0,10,10,1.0,True,0.0,0.2876820724517809,1.0,1.0,,llama3.3:70b,tatqa,numeric_to_directional,committed
hqa_TAT_76519d33,F,directional_change,1,10,hedgeqa_oracle,,False,,1.0,True,-0.0,0.0,-0.0,0.0,0.0,0.0,-0.0,0.0,-0.0,0.0,decreased,0.0,0.0,0.0,"{""increased"": 0.0, ""decreased"": 1.0, ""roughly_unchanged"": 0.0, ""insufficient_data"": 0.0}",-0.0,-0.0,10,10,1.0,True,0.0,0.2876820724517809,1.0,1.0,,llama3.3:70b,tatqa,numeric_to_directional,committed
hqa_TAT_767d5782,F,directional_change,0,10,hedgeqa_oracle,,False,,1.0,True,-0.0,0.0,-0.0,0.0,0.0,0.0,-0.0,0.0,-0.0,0.0,increased,0.0,0.0,0.0,"{""increased"": 1.0, ""decreased"": 0.0, ""roughly_unchanged"": 0.0, ""insufficient_data"": 0.0}",-0.0,-0.0,10,10,0.0,False,2.0,2.4849066497880004,0.0,0.0,,llama3.3:70b,tatqa,numeric_to_directional,committed
hqa_TAT_767d5782,F,directional_change,1,10,hedgeqa_oracle,,False,,1.0,True,-0.0,0.0,-0.0,0.0,0.0,0.0,-0.0,0.0,-0.0,0.0,increased,0.0,0.0,0.0,"{""increased"": 1.0, ""decreased"": 0.0, ""roughly_unchanged"": 0.0, ""insufficient_data"": 0.0}",-0.0,-0.0,10,10,0.0,False,2.0,2.4849066497880004,0.0,0.0,,llama3.3:70b,tatqa,numeric_to_directional,committed
hqa_TAT_7c2f5eca,F,directional_change,0,10,hedgeqa_oracle,,False,,1.0,True,-0.0,0.0,-0.0,0.0,0.0,0.0,-0.0,0.0,-0.0,0.0,increased,0.0,0.0,0.0,"{""increased"": 1.0, ""decreased"": 0.0, ""roughly_unchanged"": 0.0, ""insufficient_data"": 0.0}",-0.0,-0.0,10,10,1.0,True,0.0,0.2876820724517809,1.0,1.0,,llama3.3:70b,tatqa,numeric_to_directional,committed
hqa_TAT_7c2f5eca,F,directional_change,1,10,hedgeqa_oracle,,False,,1.0,True,-0.0,0.0,-0.0,0.0,0.0,0.0,-0.0,0.0,-0.0,0.0,increased,0.0,0.0,0.0,"{""increased"": 1.0, ""decreased"": 0.0, ""roughly_unchanged"": 0.0, ""insufficient_data"": 0.0}",-0.0,-0.0,10,10,1.0,True,0.0,0.2876820724517809,1.0,1.0,,llama3.3:70b,tatqa,numeric_to_directional,committed
hqa_TAT_82619ad4,F,directional_change,0,10,hedgeqa_oracle,,False,,1.0,True,-0.0,0.0,-0.0,0.0,0.0,0.0,-0.0,0.0,-0.0,0.0,decreased,0.0,0.0,0.0,"{""increased"": 0.0, ""decreased"": 1.0, ""roughly_unchanged"": 0.0, ""insufficient_data"": 0.0}",-0.0,-0.0,10,10,0.0,False,2.0,2.4849066497880004,0.0,0.0,,llama3.3:70b,tatqa,numeric_to_directional,committed
hqa_TAT_82619ad4,F,directional_change,1,10,hedgeqa_oracle,,False,,1.0,True,0.3250829733914482,0.25020121176909393,0.07488176162235427,0.3500829733914482,0.27520121176909396,0.07488176162235427,0.23449779679464058,0.18048202372184058,0.054015773072800005,0.23034661225454434,decreased,0.0,0.0,0.0,"{""increased"": 0.1, ""decreased"": 0.9, ""roughly_unchanged"": 0.0, ""insufficient_data"": 0.0}",0.5004024235381879,-0.0,10,10,0.0,False,1.82,2.4849066497880004,0.0,0.0,,llama3.3:70b,tatqa,numeric_to_directional,committed
hqa_TAT_8267829d,F,directional_change,0,10,hedgeqa_oracle,,False,,1.0,True,-0.0,0.0,-0.0,0.0,0.0,0.0,-0.0,0.0,-0.0,0.0,increased,0.0,0.0,0.0,"{""increased"": 1.0, ""decreased"": 0.0, ""roughly_unchanged"": 0.0, ""insufficient_data"": 0.0}",-0.0,-0.0,10,10,1.0,True,0.0,0.2876820724517809,1.0,1.0,,llama3.3:70b,tatqa,numeric_to_directional,committed
hqa_TAT_8267829d,F,directional_change,1,10,hedgeqa_oracle,,False,,1.0,True,-0.0,0.0,-0.0,0.0,0.0,0.0,-0.0,0.0,-0.0,0.0,increased,0.0,0.0,0.0,"{""increased"": 1.0, ""decreased"": 0.0, ""roughly_unchanged"": 0.0, ""insufficient_data"": 0.0}",-0.0,-0.0,10,10,1.0,True,0.0,0.2876820724517809,1.0,1.0,,llama3.3:70b,tatqa,numeric_to_directional,committed
hqa_TAT_84d7e537,F,directional_change,0,10,hedgeqa_oracle,,False,,1.0,True,-0.0,0.0,-0.0,0.0,0.0,0.0,-0.0,0.0,-0.0,0.0,increased,0.0,0.0,0.0,"{""increased"": 1.0, ""decreased"": 0.0, ""roughly_unchanged"": 0.0, ""insufficient_data"": 0.0}",-0.0,-0.0,10,10,1.0,True,0.0,0.2876820724517809,1.0,1.0,,llama3.3:70b,tatqa,numeric_to_directional,committed
hqa_TAT_84d7e537,F,directional_change,1,10,hedgeqa_oracle,,False,,1.0,True,-0.0,0.0,-0.0,0.0,0.0,0.0,-0.0,0.0,-0.0,0.0,increased,0.0,0.0,0.0,"{""increased"": 1.0, ""decreased"": 0.0, ""roughly_unchanged"": 0.0, ""insufficient_data"": 0.0}",-0.0,-0.0,10,10,1.0,True,0.0,0.2876820724517809,1.0,1.0,,llama3.3:70b,tatqa,numeric_to_directional,committed
hqa_TAT_8b28da38,F,directional_change,0,10,hedgeqa_oracle,,False,,1.0,True,-0.0,0.0,-0.0,0.0,0.0,0.0,-0.0,0.0,-0.0,0.0,decreased,0.0,0.0,0.0,"{""increased"": 0.0, ""decreased"": 1.0, ""roughly_unchanged"": 0.0, ""insufficient_data"": 0.0}",-0.0,-0.0,10,10,1.0,True,0.0,0.2876820724517809,1.0,1.0,,llama3.3:70b,tatqa,numeric_to_directional,committed
hqa_TAT_8b28da38,F,directional_change,1,10,hedgeqa_oracle,,False,,1.0,True,-0.0,0.0,-0.0,0.0,0.0,0.0,-0.0,0.0,-0.0,0.0,decreased,0.0,0.0,0.0,"{""increased"": 0.0, ""decreased"": 1.0, ""roughly_unchanged"": 0.0, ""insufficient_data"": 0.0}",-0.0,-0.0,10,10,1.0,True,0.0,0.2876820724517809,1.0,1.0,,llama3.3:70b,tatqa,numeric_to_directional,committed
hqa_TAT_8f757617,F,directional_change,0,10,hedgeqa_oracle,,False,,1.0,True,-0.0,0.0,-0.0,0.0,0.0,0.0,-0.0,0.0,-0.0,0.0,decreased,0.0,0.0,0.0,"{""increased"": 0.0, ""decreased"": 1.0, ""roughly_unchanged"": 0.0, ""insufficient_data"": 0.0}",-0.0,-0.0,10,10,1.0,True,0.0,0.2876820724517809,1.0,1.0,,llama3.3:70b,tatqa,numeric_to_directional,committed
hqa_TAT_8f757617,F,directional_change,1,10,hedgeqa_oracle,,False,,1.0,True,-0.0,0.0,-0.0,0.0,0.0,0.0,-0.0,0.0,-0.0,0.0,decreased,0.0,0.0,0.0,"{""increased"": 0.0, ""decreased"": 1.0, ""roughly_unchanged"": 0.0, ""insufficient_data"": 0.0}",-0.0,-0.0,10,10,1.0,True,0.0,0.2876820724517809,1.0,1.0,,llama3.3:70b,tatqa,numeric_to_directional,committed
hqa_TAT_924db34b_masked,F,directional_change,0,10,hedgeqa_oracle,,False,,1.0,True,-0.0,0.0,-0.0,0.0,0.0,0.0,-0.0,0.0,-0.0,0.0,insufficient_data,1.0,1.0,1.0,"{""increased"": 0.0, ""decreased"": 0.0, ""roughly_unchanged"": 0.0, ""insufficient_data"": 1.0}",-0.0,-0.0,10,10,1.0,True,0.0,0.2876820724517809,1.0,1.0,,llama3.3:70b,tatqa,evidence_masked_insufficient,noncommitted
hqa_TAT_924db34b_masked,F,directional_change,1,10,hedgeqa_oracle,,False,,1.0,True,-0.0,0.0,-0.0,0.0,0.0,0.0,-0.0,0.0,-0.0,0.0,insufficient_data,1.0,1.0,1.0,"{""increased"": 0.0, ""decreased"": 0.0, ""roughly_unchanged"": 0.0, ""insufficient_data"": 1.0}",-0.0,-0.0,10,10,1.0,True,0.0,0.2876820724517809,1.0,1.0,,llama3.3:70b,tatqa,evidence_masked_insufficient,noncommitted
hqa_TAT_9335454b,F,directional_change,0,10,hedgeqa_oracle,,False,,1.0,True,-0.0,0.0,-0.0,0.0,0.0,0.0,-0.0,0.0,-0.0,0.0,decreased,0.0,0.0,0.0,"{""increased"": 0.0, ""decreased"": 1.0, ""roughly_unchanged"": 0.0, ""insufficient_data"": 0.0}",-0.0,-0.0,10,10,1.0,True,0.0,0.2876820724517809,1.0,1.0,,llama3.3:70b,tatqa,numeric_to_directional,committed
hqa_TAT_9335454b,F,directional_change,1,10,hedgeqa_oracle,,False,,1.0,True,-0.0,0.0,-0.0,0.0,0.0,0.0,-0.0,0.0,-0.0,0.0,decreased,0.0,0.0,0.0,"{""increased"": 0.0, ""decreased"": 1.0, ""roughly_unchanged"": 0.0, ""insufficient_data"": 0.0}",-0.0,-0.0,10,10,1.0,True,0.0,0.2876820724517809,1.0,1.0,,llama3.3:70b,tatqa,numeric_to_directional,committed
hqa_TAT_96ec3b97,F,directional_change,0,10,hedgeqa_oracle,,False,,1.0,True,-0.0,0.0,-0.0,0.0,0.0,0.0,-0.0,0.0,-0.0,0.0,decreased,0.0,0.0,0.0,"{""increased"": 0.0, ""decreased"": 1.0, ""roughly_unchanged"": 0.0, ""insufficient_data"": 0.0}",-0.0,-0.0,10,10,1.0,True,0.0,0.2876820724517809,1.0,1.0,,llama3.3:70b,tatqa,numeric_to_directional,committed
hqa_TAT_96ec3b97,F,directional_change,1,10,hedgeqa_oracle,,False,,1.0,True,-0.0,0.0,-0.0,0.0,0.0,0.0,-0.0,0.0,-0.0,0.0,decreased,0.0,0.0,0.0,"{""increased"": 0.0, ""decreased"": 1.0, ""roughly_unchanged"": 0.0, ""insufficient_data"": 0.0}",-0.0,-0.0,10,10,1.0,True,0.0,0.2876820724517809,1.0,1.0,,llama3.3:70b,tatqa,numeric_to_directional,committed
hqa_TAT_9d3bed67,F,directional_change,0,10,hedgeqa_oracle,,False,,1.0,True,-0.0,0.0,-0.0,0.0,0.0,0.0,-0.0,0.0,-0.0,0.0,decreased,0.0,0.0,0.0,"{""increased"": 0.0, ""decreased"": 1.0, ""roughly_unchanged"": 0.0, ""insufficient_data"": 0.0}",-0.0,-0.0,10,10,1.0,True,0.0,0.2876820724517809,1.0,1.0,,llama3.3:70b,tatqa,numeric_to_directional,committed
hqa_TAT_9d3bed67,F,directional_change,1,10,hedgeqa_oracle,,False,,1.0,True,-0.0,0.0,-0.0,0.0,0.0,0.0,-0.0,0.0,-0.0,0.0,decreased,0.0,0.0,0.0,"{""increased"": 0.0, ""decreased"": 1.0, ""roughly_unchanged"": 0.0, ""insufficient_data"": 0.0}",-0.0,-0.0,10,10,1.0,True,0.0,0.2876820724517809,1.0,1.0,,llama3.3:70b,tatqa,numeric_to_directional,committed
hqa_TAT_a4e3f89a,F,directional_change,0,10,hedgeqa_oracle,,False,,1.0,True,-0.0,0.0,-0.0,0.0,0.0,0.0,-0.0,0.0,-0.0,0.0,increased,0.0,0.0,0.0,"{""increased"": 1.0, ""decreased"": 0.0, ""roughly_unchanged"": 0.0, ""insufficient_data"": 0.0}",-0.0,-0.0,10,10,1.0,True,0.0,0.2876820724517809,1.0,1.0,,llama3.3:70b,tatqa,numeric_to_directional,committed
hqa_TAT_a4e3f89a,F,directional_change,1,10,hedgeqa_oracle,,False,,1.0,True,-0.0,0.0,-0.0,0.0,0.0,0.0,-0.0,0.0,-0.0,0.0,increased,0.0,0.0,0.0,"{""increased"": 1.0, ""decreased"": 0.0, ""roughly_unchanged"": 0.0, ""insufficient_data"": 0.0}",-0.0,-0.0,10,10,1.0,True,0.0,0.2876820724517809,1.0,1.0,,llama3.3:70b,tatqa,numeric_to_directional,committed
hqa_TAT_a727c9c8,F,directional_change,0,10,hedgeqa_oracle,,False,,1.0,True,-0.0,0.0,-0.0,0.0,0.0,0.0,-0.0,0.0,-0.0,0.0,increased,0.0,0.0,0.0,"{""increased"": 1.0, ""decreased"": 0.0, ""roughly_unchanged"": 0.0, ""insufficient_data"": 0.0}",-0.0,-0.0,10,10,1.0,True,0.0,0.2876820724517809,1.0,1.0,,llama3.3:70b,tatqa,numeric_to_directional,committed
hqa_TAT_a727c9c8,F,directional_change,1,10,hedgeqa_oracle,,False,,1.0,True,-0.0,0.0,-0.0,0.0,0.0,0.0,-0.0,0.0,-0.0,0.0,increased,0.0,0.0,0.0,"{""increased"": 1.0, ""decreased"": 0.0, ""roughly_unchanged"": 0.0, ""insufficient_data"": 0.0}",-0.0,-0.0,10,10,1.0,True,0.0,0.2876820724517809,1.0,1.0,,llama3.3:70b,tatqa,numeric_to_directional,committed
hqa_TAT_a757ebed_masked,F,directional_change,0,10,hedgeqa_oracle,,False,,1.0,True,-0.0,0.0,-0.0,0.0,0.0,0.0,-0.0,0.0,-0.0,0.0,increased,0.0,0.0,0.0,"{""increased"": 1.0, ""decreased"": 0.0, ""roughly_unchanged"": 0.0, ""insufficient_data"": 0.0}",-0.0,-0.0,10,10,0.0,False,2.0,2.4849066497880004,0.0,0.0,,llama3.3:70b,tatqa,evidence_masked_insufficient,noncommitted
hqa_TAT_a757ebed_masked,F,directional_change,1,10,hedgeqa_oracle,,False,,1.0,True,-0.0,0.0,-0.0,0.0,0.0,0.0,-0.0,0.0,-0.0,0.0,increased,0.0,0.0,0.0,"{""increased"": 1.0, ""decreased"": 0.0, ""roughly_unchanged"": 0.0, ""insufficient_data"": 0.0}",-0.0,-0.0,10,10,0.0,False,2.0,2.4849066497880004,0.0,0.0,,llama3.3:70b,tatqa,evidence_masked_insufficient,noncommitted
hqa_TAT_b1f0677c_masked,F,directional_change,0,10,hedgeqa_oracle,,False,,1.0,True,-0.0,0.0,-0.0,0.0,0.0,0.0,-0.0,0.0,-0.0,0.0,increased,0.0,0.0,0.0,"{""increased"": 1.0, ""decreased"": 0.0, ""roughly_unchanged"": 0.0, ""insufficient_data"": 0.0}",-0.0,-0.0,10,10,0.0,False,2.0,2.4849066497880004,0.0,0.0,,llama3.3:70b,tatqa,evidence_masked_insufficient,noncommitted
hqa_TAT_b1f0677c_masked,F,directional_change,1,10,hedgeqa_oracle,,False,,1.0,True,-0.0,0.0,-0.0,0.0,0.0,0.0,-0.0,0.0,-0.0,0.0,increased,0.0,0.0,0.0,"{""increased"": 1.0, ""decreased"": 0.0, ""roughly_unchanged"": 0.0, ""insufficient_data"": 0.0}",-0.0,-0.0,10,10,0.0,False,2.0,2.4849066497880004,0.0,0.0,,llama3.3:70b,tatqa,evidence_masked_insufficient,noncommitted
hqa_TAT_b3f27ae7,F,directional_change,0,10,hedgeqa_oracle,,False,,1.0,True,-0.0,0.0,-0.0,0.0,0.0,0.0,-0.0,0.0,-0.0,0.0,roughly_unchanged,0.0,0.0,0.0,"{""increased"": 0.0, ""decreased"": 0.0, ""roughly_unchanged"": 1.0, ""insufficient_data"": 0.0}",-0.0,-0.0,10,10,1.0,True,0.0,0.2876820724517809,1.0,1.0,,llama3.3:70b,tatqa,numeric_to_directional,committed
hqa_TAT_b3f27ae7,F,directional_change,1,10,hedgeqa_oracle,,False,,1.0,True,-0.0,0.0,-0.0,0.0,0.0,0.0,-0.0,0.0,-0.0,0.0,roughly_unchanged,0.0,0.0,0.0,"{""increased"": 0.0, ""decreased"": 0.0, ""roughly_unchanged"": 1.0, ""insufficient_data"": 0.0}",-0.0,-0.0,10,10,1.0,True,0.0,0.2876820724517809,1.0,1.0,,llama3.3:70b,tatqa,numeric_to_directional,committed
hqa_TAT_b6be3a9e,F,directional_change,0,10,hedgeqa_oracle,,False,,1.0,True,-0.0,0.0,-0.0,0.0,0.0,0.0,-0.0,0.0,-0.0,0.0,decreased,0.0,0.0,0.0,"{""increased"": 0.0, ""decreased"": 1.0, ""roughly_unchanged"": 0.0, ""insufficient_data"": 0.0}",-0.0,-0.0,10,10,1.0,True,0.0,0.2876820724517809,1.0,1.0,,llama3.3:70b,tatqa,numeric_to_directional,committed
hqa_TAT_b6be3a9e,F,directional_change,1,10,hedgeqa_oracle,,False,,1.0,True,-0.0,0.0,-0.0,0.0,0.0,0.0,-0.0,0.0,-0.0,0.0,decreased,0.0,0.0,0.0,"{""increased"": 0.0, ""decreased"": 1.0, ""roughly_unchanged"": 0.0, ""insufficient_data"": 0.0}",-0.0,-0.0,10,10,1.0,True,0.0,0.2876820724517809,1.0,1.0,,llama3.3:70b,tatqa,numeric_to_directional,committed
hqa_TAT_bff37d29,F,directional_change,0,10,hedgeqa_oracle,,False,,1.0,True,-0.0,0.0,-0.0,0.0,0.0,0.0,-0.0,0.0,-0.0,0.0,decreased,0.0,0.0,0.0,"{""increased"": 0.0, ""decreased"": 1.0, ""roughly_unchanged"": 0.0, ""insufficient_data"": 0.0}",-0.0,-0.0,10,10,1.0,True,0.0,0.2876820724517809,1.0,1.0,,llama3.3:70b,tatqa,numeric_to_directional,committed
hqa_TAT_bff37d29,F,directional_change,1,10,hedgeqa_oracle,,False,,1.0,True,-0.0,0.0,-0.0,0.0,0.0,0.0,-0.0,0.0,-0.0,0.0,decreased,0.0,0.0,0.0,"{""increased"": 0.0, ""decreased"": 1.0, ""roughly_unchanged"": 0.0, ""insufficient_data"": 0.0}",-0.0,-0.0,10,10,1.0,True,0.0,0.2876820724517809,1.0,1.0,,llama3.3:70b,tatqa,numeric_to_directional,committed
hqa_TAT_c29146e1,F,directional_change,0,10,hedgeqa_oracle,,False,,1.0,True,-0.0,0.0,-0.0,0.0,0.0,0.0,-0.0,0.0,-0.0,0.0,increased,0.0,0.0,0.0,"{""increased"": 1.0, ""decreased"": 0.0, ""roughly_unchanged"": 0.0, ""insufficient_data"": 0.0}",-0.0,-0.0,10,10,1.0,True,0.0,0.2876820724517809,1.0,1.0,,llama3.3:70b,tatqa,numeric_to_directional,committed
hqa_TAT_c29146e1,F,directional_change,1,10,hedgeqa_oracle,,False,,1.0,True,-0.0,0.0,-0.0,0.0,0.0,0.0,-0.0,0.0,-0.0,0.0,increased,0.0,0.0,0.0,"{""increased"": 1.0, ""decreased"": 0.0, ""roughly_unchanged"": 0.0, ""insufficient_data"": 0.0}",-0.0,-0.0,10,10,1.0,True,0.0,0.2876820724517809,1.0,1.0,,llama3.3:70b,tatqa,numeric_to_directional,committed
hqa_TAT_c2ecf8bd,F,directional_change,0,10,hedgeqa_oracle,,False,,1.0,True,-0.0,0.0,-0.0,0.0,0.0,0.0,-0.0,0.0,-0.0,0.0,decreased,0.0,0.0,0.0,"{""increased"": 0.0, ""decreased"": 1.0, ""roughly_unchanged"": 0.0, ""insufficient_data"": 0.0}",-0.0,-0.0,10,10,1.0,True,0.0,0.2876820724517809,1.0,1.0,,llama3.3:70b,tatqa,numeric_to_directional,committed
hqa_TAT_c2ecf8bd,F,directional_change,1,10,hedgeqa_oracle,,False,,1.0,True,-0.0,0.0,-0.0,0.0,0.0,0.0,-0.0,0.0,-0.0,0.0,decreased,0.0,0.0,0.0,"{""increased"": 0.0, ""decreased"": 1.0, ""roughly_unchanged"": 0.0, ""insufficient_data"": 0.0}",-0.0,-0.0,10,10,1.0,True,0.0,0.2876820724517809,1.0,1.0,,llama3.3:70b,tatqa,numeric_to_directional,committed
hqa_TAT_d223a6ae,F,directional_change,0,10,hedgeqa_oracle,,False,,1.0,True,-0.0,0.0,-0.0,0.0,0.0,0.0,-0.0,0.0,-0.0,0.0,decreased,0.0,0.0,0.0,"{""increased"": 0.0, ""decreased"": 1.0, ""roughly_unchanged"": 0.0, ""insufficient_data"": 0.0}",-0.0,-0.0,10,10,1.0,True,0.0,0.2876820724517809,1.0,1.0,,llama3.3:70b,tatqa,numeric_to_directional,committed
hqa_TAT_d223a6ae,F,directional_change,1,10,hedgeqa_oracle,,False,,1.0,True,-0.0,0.0,-0.0,0.0,0.0,0.0,-0.0,0.0,-0.0,0.0,decreased,0.0,0.0,0.0,"{""increased"": 0.0, ""decreased"": 1.0, ""roughly_unchanged"": 0.0, ""insufficient_data"": 0.0}",-0.0,-0.0,10,10,1.0,True,0.0,0.2876820724517809,1.0,1.0,,llama3.3:70b,tatqa,numeric_to_directional,committed
hqa_TAT_d24aae82_masked,F,directional_change,0,10,hedgeqa_oracle,,False,,1.0,True,-0.0,0.0,-0.0,0.0,0.0,0.0,-0.0,0.0,-0.0,0.0,increased,0.0,0.0,0.0,"{""increased"": 1.0, ""decreased"": 0.0, ""roughly_unchanged"": 0.0, ""insufficient_data"": 0.0}",-0.0,-0.0,10,10,0.0,False,2.0,2.4849066497880004,0.0,0.0,,llama3.3:70b,tatqa,evidence_masked_insufficient,noncommitted
hqa_TAT_d24aae82_masked,F,directional_change,1,10,hedgeqa_oracle,,False,,1.0,True,-0.0,0.0,-0.0,0.0,0.0,0.0,-0.0,0.0,-0.0,0.0,increased,0.0,0.0,0.0,"{""increased"": 1.0, ""decreased"": 0.0, ""roughly_unchanged"": 0.0, ""insufficient_data"": 0.0}",-0.0,-0.0,10,10,0.0,False,2.0,2.4849066497880004,0.0,0.0,,llama3.3:70b,tatqa,evidence_masked_insufficient,noncommitted
hqa_TAT_d510edb9,F,directional_change,0,10,hedgeqa_oracle,,False,,1.0,True,-0.0,0.0,-0.0,0.0,0.0,0.0,-0.0,0.0,-0.0,0.0,increased,0.0,0.0,0.0,"{""increased"": 1.0, ""decreased"": 0.0, ""roughly_unchanged"": 0.0, ""insufficient_data"": 0.0}",-0.0,-0.0,10,10,1.0,True,0.0,0.2876820724517809,1.0,1.0,,llama3.3:70b,tatqa,numeric_to_directional,committed
hqa_TAT_d510edb9,F,directional_change,1,10,hedgeqa_oracle,,False,,1.0,True,-0.0,0.0,-0.0,0.0,0.0,0.0,-0.0,0.0,-0.0,0.0,increased,0.0,0.0,0.0,"{""increased"": 1.0, ""decreased"": 0.0, ""roughly_unchanged"": 0.0, ""insufficient_data"": 0.0}",-0.0,-0.0,10,10,1.0,True,0.0,0.2876820724517809,1.0,1.0,,llama3.3:70b,tatqa,numeric_to_directional,committed
hqa_TAT_d8c5f9a6,F,directional_change,0,10,hedgeqa_oracle,,False,,1.0,True,-0.0,0.0,-0.0,0.0,0.0,0.0,-0.0,0.0,-0.0,0.0,roughly_unchanged,0.0,0.0,0.0,"{""increased"": 0.0, ""decreased"": 0.0, ""roughly_unchanged"": 1.0, ""insufficient_data"": 0.0}",-0.0,-0.0,10,10,1.0,True,0.0,0.2876820724517809,1.0,1.0,,llama3.3:70b,tatqa,numeric_to_directional,committed
hqa_TAT_d8c5f9a6,F,directional_change,1,10,hedgeqa_oracle,,False,,1.0,True,-0.0,0.0,-0.0,0.0,0.0,0.0,-0.0,0.0,-0.0,0.0,roughly_unchanged,0.0,0.0,0.0,"{""increased"": 0.0, ""decreased"": 0.0, ""roughly_unchanged"": 1.0, ""insufficient_data"": 0.0}",-0.0,-0.0,10,10,1.0,True,0.0,0.2876820724517809,1.0,1.0,,llama3.3:70b,tatqa,numeric_to_directional,committed
hqa_TAT_df2b4702,F,directional_change,0,10,hedgeqa_oracle,,False,,1.0,True,-0.0,0.0,-0.0,0.0,0.0,0.0,-0.0,0.0,-0.0,0.0,decreased,0.0,0.0,0.0,"{""increased"": 0.0, ""decreased"": 1.0, ""roughly_unchanged"": 0.0, ""insufficient_data"": 0.0}",-0.0,-0.0,10,10,1.0,True,0.0,0.2876820724517809,1.0,1.0,,llama3.3:70b,tatqa,numeric_to_directional,committed
hqa_TAT_df2b4702,F,directional_change,1,10,hedgeqa_oracle,,False,,1.0,True,-0.0,0.0,-0.0,0.0,0.0,0.0,-0.0,0.0,-0.0,0.0,decreased,0.0,0.0,0.0,"{""increased"": 0.0, ""decreased"": 1.0, ""roughly_unchanged"": 0.0, ""insufficient_data"": 0.0}",-0.0,-0.0,10,10,1.0,True,0.0,0.2876820724517809,1.0,1.0,,llama3.3:70b,tatqa,numeric_to_directional,committed
hqa_TAT_e3e6cc0b,F,directional_change,0,10,hedgeqa_oracle,,False,,1.0,True,-0.0,0.0,-0.0,0.0,0.0,0.0,-0.0,0.0,-0.0,0.0,increased,0.0,0.0,0.0,"{""increased"": 1.0, ""decreased"": 0.0, ""roughly_unchanged"": 0.0, ""insufficient_data"": 0.0}",-0.0,-0.0,10,10,1.0,True,0.0,0.2876820724517809,1.0,1.0,,llama3.3:70b,tatqa,numeric_to_directional,committed
hqa_TAT_e3e6cc0b,F,directional_change,1,10,hedgeqa_oracle,,False,,1.0,True,-0.0,0.0,-0.0,0.0,0.0,0.0,-0.0,0.0,-0.0,0.0,increased,0.0,0.0,0.0,"{""increased"": 1.0, ""decreased"": 0.0, ""roughly_unchanged"": 0.0, ""insufficient_data"": 0.0}",-0.0,-0.0,10,10,1.0,True,0.0,0.2876820724517809,1.0,1.0,,llama3.3:70b,tatqa,numeric_to_directional,committed
hqa_TAT_e6ab76b6,F,directional_change,0,10,hedgeqa_oracle,,False,,1.0,True,-0.0,0.0,-0.0,0.0,0.0,0.0,-0.0,0.0,-0.0,0.0,increased,0.0,0.0,0.0,"{""increased"": 1.0, ""decreased"": 0.0, ""roughly_unchanged"": 0.0, ""insufficient_data"": 0.0}",-0.0,-0.0,10,10,1.0,True,0.0,0.2876820724517809,1.0,1.0,,llama3.3:70b,tatqa,numeric_to_directional,committed
hqa_TAT_e6ab76b6,F,directional_change,1,10,hedgeqa_oracle,,False,,1.0,True,-0.0,0.0,-0.0,0.0,0.0,0.0,-0.0,0.0,-0.0,0.0,increased,0.0,0.0,0.0,"{""increased"": 1.0, ""decreased"": 0.0, ""roughly_unchanged"": 0.0, ""insufficient_data"": 0.0}",-0.0,-0.0,10,10,1.0,True,0.0,0.2876820724517809,1.0,1.0,,llama3.3:70b,tatqa,numeric_to_directional,committed
hqa_TAT_eefe67af,F,directional_change,0,10,hedgeqa_oracle,,False,,1.0,True,-0.0,0.0,-0.0,0.0,0.0,0.0,-0.0,0.0,-0.0,0.0,roughly_unchanged,0.0,0.0,0.0,"{""increased"": 0.0, ""decreased"": 0.0, ""roughly_unchanged"": 1.0, ""insufficient_data"": 0.0}",-0.0,-0.0,10,10,1.0,True,0.0,0.2876820724517809,1.0,1.0,,llama3.3:70b,tatqa,numeric_to_directional,committed
hqa_TAT_eefe67af,F,directional_change,1,10,hedgeqa_oracle,,False,,1.0,True,0.1985152433458726,0.1625414866957241,0.035973756650148486,0.22351524334587258,0.1875414866957241,0.035973756650148486,0.1431984785579781,0.11724889839732029,0.025949580160657796,0.18121407728610292,roughly_unchanged,0.0,0.0,0.0,"{""increased"": 0.0, ""decreased"": 0.05, ""roughly_unchanged"": 0.95, ""insufficient_data"": 0.0}",0.3250829733914482,-0.0,10,10,0.95,True,0.0050000000000000044,0.33314444652853825,0.9,1.0,,llama3.3:70b,tatqa,numeric_to_directional,committed
hqa_TAT_f0b19718_masked,F,directional_change,0,10,hedgeqa_oracle,,False,,1.0,True,0.6108643020548935,0.5867070452737222,0.02415725678117131,0.6358643020548935,0.6367070452737222,0.0,0.44064544961534635,0.4232196723355078,0.017425777279838565,0.03954602798020515,decreased,0.0,0.0,0.0,"{""increased"": 0.3, ""decreased"": 0.7, ""roughly_unchanged"": 0.0, ""insufficient_data"": 0.0}",0.6730116670092565,0.5004024235381879,10,10,0.0,False,1.58,2.4849066497880004,0.0,0.0,,llama3.3:70b,tatqa,evidence_masked_insufficient,noncommitted
hqa_TAT_f0b19718_masked,F,directional_change,1,10,hedgeqa_oracle,,False,,1.0,True,-0.0,0.0,-0.0,0.0,0.0,0.0,-0.0,0.0,-0.0,0.0,increased,0.0,0.0,0.0,"{""increased"": 1.0, ""decreased"": 0.0, ""roughly_unchanged"": 0.0, ""insufficient_data"": 0.0}",-0.0,-0.0,10,10,0.0,False,2.0,2.4849066497880004,0.0,0.0,,llama3.3:70b,tatqa,evidence_masked_insufficient,noncommitted
hqa_TAT_f18ac7c4,F,directional_change,0,10,hedgeqa_oracle,,False,,1.0,True,-0.0,0.0,-0.0,0.0,0.0,0.0,-0.0,0.0,-0.0,0.0,decreased,0.0,0.0,0.0,"{""increased"": 0.0, ""decreased"": 1.0, ""roughly_unchanged"": 0.0, ""insufficient_data"": 0.0}",-0.0,-0.0,10,10,1.0,True,0.0,0.2876820724517809,1.0,1.0,,llama3.3:70b,tatqa,numeric_to_directional,committed
hqa_TAT_f18ac7c4,F,directional_change,1,10,hedgeqa_oracle,,False,,1.0,True,-0.0,0.0,-0.0,0.0,0.0,0.0,-0.0,0.0,-0.0,0.0,decreased,0.0,0.0,0.0,"{""increased"": 0.0, ""decreased"": 1.0, ""roughly_unchanged"": 0.0, ""insufficient_data"": 0.0}",-0.0,-0.0,10,10,1.0,True,0.0,0.2876820724517809,1.0,1.0,,llama3.3:70b,tatqa,numeric_to_directional,committed
hqa_TAT_f37c7794,F,directional_change,0,10,hedgeqa_oracle,,False,,1.0,True,-0.0,0.0,-0.0,0.0,0.0,0.0,-0.0,0.0,-0.0,0.0,roughly_unchanged,0.0,0.0,0.0,"{""increased"": 0.0, ""decreased"": 0.0, ""roughly_unchanged"": 1.0, ""insufficient_data"": 0.0}",-0.0,-0.0,10,10,1.0,True,0.0,0.2876820724517809,1.0,1.0,,llama3.3:70b,tatqa,numeric_to_directional,committed
hqa_TAT_f37c7794,F,directional_change,1,10,hedgeqa_oracle,,False,,1.0,True,-0.0,0.0,-0.0,0.0,0.0,0.0,-0.0,0.0,-0.0,0.0,roughly_unchanged,0.0,0.0,0.0,"{""increased"": 0.0, ""decreased"": 0.0, ""roughly_unchanged"": 1.0, ""insufficient_data"": 0.0}",-0.0,-0.0,10,10,1.0,True,0.0,0.2876820724517809,1.0,1.0,,llama3.3:70b,tatqa,numeric_to_directional,committed
hqa_TAT_f553c037,F,directional_change,0,10,hedgeqa_oracle,,False,,1.0,True,-0.0,0.0,-0.0,0.0,0.0,0.0,-0.0,0.0,-0.0,0.0,decreased,0.0,0.0,0.0,"{""increased"": 0.0, ""decreased"": 1.0, ""roughly_unchanged"": 0.0, ""insufficient_data"": 0.0}",-0.0,-0.0,10,10,1.0,True,0.0,0.2876820724517809,1.0,1.0,,llama3.3:70b,tatqa,numeric_to_directional,committed
hqa_TAT_f553c037,F,directional_change,1,10,hedgeqa_oracle,,False,,1.0,True,-0.0,0.0,-0.0,0.0,0.0,0.0,-0.0,0.0,-0.0,0.0,decreased,0.0,0.0,0.0,"{""increased"": 0.0, ""decreased"": 1.0, ""roughly_unchanged"": 0.0, ""insufficient_data"": 0.0}",-0.0,-0.0,10,10,1.0,True,0.0,0.2876820724517809,1.0,1.0,,llama3.3:70b,tatqa,numeric_to_directional,committed
