question_id,lane,answer_type,round,K,evidence_mode,intervention,coverage_incomplete,tickers,parse_rate,gold_scoreable,tu,au,eu,tu_mm,au_mm,eu_mm,tu_norm,au_norm,eu_norm,eu_tu_ratio,predicted,p_noncommit,p_noncommit_fundamental,p_noncommit_trading,p_sys,agent_entropy_fundamental,agent_entropy_trading,k_eff_fundamental,k_eff_trading,gold_prob,correct,brier,nll,agent_gold_prob_fundamental,agent_gold_prob_trading,error,model,source_benchmark,hedgeqa_transformation,gold_commitment
hqa_CFQ_05f42dea,F,directional_change,0,10,hedgeqa_oracle,,False,,1.0,True,-0.0,0.0,-0.0,0.0,0.0,0.0,-0.0,0.0,-0.0,0.0,decreased,0.0,0.0,0.0,"{""increased"": 0.0, ""decreased"": 1.0, ""roughly_unchanged"": 0.0, ""insufficient_data"": 0.0}",-0.0,-0.0,10,10,1.0,True,0.0,0.2876820724517809,1.0,1.0,,qwen3:8b,convfinqa,numeric_to_directional,committed
hqa_CFQ_05f42dea,F,directional_change,1,10,hedgeqa_oracle,,False,,1.0,True,-0.0,0.0,-0.0,0.0,0.0,0.0,-0.0,0.0,-0.0,0.0,decreased,0.0,0.0,0.0,"{""increased"": 0.0, ""decreased"": 1.0, ""roughly_unchanged"": 0.0, ""insufficient_data"": 0.0}",-0.0,-0.0,10,10,1.0,True,0.0,0.2876820724517809,1.0,1.0,,qwen3:8b,convfinqa,numeric_to_directional,committed
hqa_CFQ_07480310,F,directional_change,0,10,hedgeqa_oracle,,False,,1.0,True,-0.0,0.0,-0.0,0.0,0.0,0.0,-0.0,0.0,-0.0,0.0,decreased,0.0,0.0,0.0,"{""increased"": 0.0, ""decreased"": 1.0, ""roughly_unchanged"": 0.0, ""insufficient_data"": 0.0}",-0.0,-0.0,10,10,1.0,True,0.0,0.2876820724517809,1.0,1.0,,qwen3:8b,convfinqa,numeric_to_directional,committed
hqa_CFQ_07480310,F,directional_change,1,10,hedgeqa_oracle,,False,,1.0,True,-0.0,0.0,-0.0,0.0,0.0,0.0,-0.0,0.0,-0.0,0.0,decreased,0.0,0.0,0.0,"{""increased"": 0.0, ""decreased"": 1.0, ""roughly_unchanged"": 0.0, ""insufficient_data"": 0.0}",-0.0,-0.0,10,10,1.0,True,0.0,0.2876820724517809,1.0,1.0,,qwen3:8b,convfinqa,numeric_to_directional,committed
hqa_CFQ_08d45061,F,directional_change,0,10,hedgeqa_oracle,,False,,1.0,True,-0.0,0.0,-0.0,0.0,0.0,0.0,-0.0,0.0,-0.0,0.0,decreased,0.0,0.0,0.0,"{""increased"": 0.0, ""decreased"": 1.0, ""roughly_unchanged"": 0.0, ""insufficient_data"": 0.0}",-0.0,-0.0,10,10,1.0,True,0.0,0.2876820724517809,1.0,1.0,,qwen3:8b,convfinqa,numeric_to_directional,committed
hqa_CFQ_08d45061,F,directional_change,1,10,hedgeqa_oracle,,False,,1.0,True,-0.0,0.0,-0.0,0.0,0.0,0.0,-0.0,0.0,-0.0,0.0,decreased,0.0,0.0,0.0,"{""increased"": 0.0, ""decreased"": 1.0, ""roughly_unchanged"": 0.0, ""insufficient_data"": 0.0}",-0.0,-0.0,10,10,1.0,True,0.0,0.2876820724517809,1.0,1.0,,qwen3:8b,convfinqa,numeric_to_directional,committed
hqa_CFQ_1279a468_masked,F,directional_change,0,10,hedgeqa_oracle,,False,,1.0,True,0.6931471805599453,0.0,0.6931471805599453,0.7181471805599453,0.0,0.7181471805599453,0.5,0.0,0.5,1.0,increased,0.5,1.0,0.0,"{""increased"": 0.5, ""decreased"": 0.0, ""roughly_unchanged"": 0.0, ""insufficient_data"": 0.5}",-0.0,-0.0,10,10,0.5,False,0.5,0.8754687373538999,1.0,0.0,,qwen3:8b,convfinqa,evidence_masked_insufficient,noncommitted
hqa_CFQ_1279a468_masked,F,directional_change,1,10,hedgeqa_oracle,,False,,1.0,True,-0.0,0.0,-0.0,0.0,0.0,0.0,-0.0,0.0,-0.0,0.0,insufficient_data,1.0,1.0,1.0,"{""increased"": 0.0, ""decreased"": 0.0, ""roughly_unchanged"": 0.0, ""insufficient_data"": 1.0}",-0.0,-0.0,10,10,1.0,True,0.0,0.2876820724517809,1.0,1.0,,qwen3:8b,convfinqa,evidence_masked_insufficient,noncommitted
hqa_CFQ_13c20530_masked,F,directional_change,0,10,hedgeqa_oracle,,False,,1.0,True,0.6931471805599453,0.0,0.6931471805599453,0.7181471805599453,0.0,0.7181471805599453,0.5,0.0,0.5,1.0,increased,0.0,0.0,0.0,"{""increased"": 0.5, ""decreased"": 0.5, ""roughly_unchanged"": 0.0, ""insufficient_data"": 0.0}",-0.0,-0.0,10,10,0.0,False,1.5,2.4849066497880004,0.0,0.0,,qwen3:8b,convfinqa,evidence_masked_insufficient,noncommitted
hqa_CFQ_13c20530_masked,F,directional_change,1,10,hedgeqa_oracle,,False,,1.0,True,0.5004024235381879,0.33650583350462826,0.1638965900335596,0.5254024235381879,0.3615058335046283,0.1638965900335596,0.36096404744368116,0.2427376486136672,0.11822639883001398,0.3275295688512027,increased,0.0,0.0,0.0,"{""increased"": 0.8, ""decreased"": 0.2, ""roughly_unchanged"": 0.0, ""insufficient_data"": 0.0}",-0.0,0.6730116670092565,10,10,0.0,False,1.6800000000000002,2.4849066497880004,0.0,0.0,,qwen3:8b,convfinqa,evidence_masked_insufficient,noncommitted
hqa_CFQ_1d1128f4_masked,F,directional_change,0,10,hedgeqa_oracle,,False,,1.0,True,-0.0,0.0,-0.0,0.0,0.0,0.0,-0.0,0.0,-0.0,0.0,insufficient_data,1.0,1.0,1.0,"{""increased"": 0.0, ""decreased"": 0.0, ""roughly_unchanged"": 0.0, ""insufficient_data"": 1.0}",-0.0,-0.0,10,10,1.0,True,0.0,0.2876820724517809,1.0,1.0,,qwen3:8b,convfinqa,evidence_masked_insufficient,noncommitted
hqa_CFQ_1d1128f4_masked,F,directional_change,1,10,hedgeqa_oracle,,False,,1.0,True,-0.0,0.0,-0.0,0.0,0.0,0.0,-0.0,0.0,-0.0,0.0,insufficient_data,1.0,1.0,1.0,"{""increased"": 0.0, ""decreased"": 0.0, ""roughly_unchanged"": 0.0, ""insufficient_data"": 1.0}",-0.0,-0.0,10,10,1.0,True,0.0,0.2876820724517809,1.0,1.0,,qwen3:8b,convfinqa,evidence_masked_insufficient,noncommitted
hqa_CFQ_3240be6a_masked,F,directional_change,0,10,hedgeqa_oracle,,False,,1.0,True,-0.0,0.0,-0.0,0.0,0.0,0.0,-0.0,0.0,-0.0,0.0,increased,0.0,0.0,0.0,"{""increased"": 1.0, ""decreased"": 0.0, ""roughly_unchanged"": 0.0, ""insufficient_data"": 0.0}",-0.0,-0.0,10,10,0.0,False,2.0,2.4849066497880004,0.0,0.0,,qwen3:8b,convfinqa,evidence_masked_insufficient,noncommitted
hqa_CFQ_3240be6a_masked,F,directional_change,1,10,hedgeqa_oracle,,False,,1.0,True,-0.0,0.0,-0.0,0.0,0.0,0.0,-0.0,0.0,-0.0,0.0,increased,0.0,0.0,0.0,"{""increased"": 1.0, ""decreased"": 0.0, ""roughly_unchanged"": 0.0, ""insufficient_data"": 0.0}",-0.0,-0.0,10,10,0.0,False,2.0,2.4849066497880004,0.0,0.0,,qwen3:8b,convfinqa,evidence_masked_insufficient,noncommitted
hqa_CFQ_378d381c_masked,F,directional_change,0,10,hedgeqa_oracle,,False,,1.0,True,-0.0,0.0,-0.0,0.0,0.0,0.0,-0.0,0.0,-0.0,0.0,insufficient_data,1.0,1.0,1.0,"{""increased"": 0.0, ""decreased"": 0.0, ""roughly_unchanged"": 0.0, ""insufficient_data"": 1.0}",-0.0,-0.0,10,10,1.0,True,0.0,0.2876820724517809,1.0,1.0,,qwen3:8b,convfinqa,evidence_masked_insufficient,noncommitted
hqa_CFQ_378d381c_masked,F,directional_change,1,10,hedgeqa_oracle,,False,,1.0,True,-0.0,0.0,-0.0,0.0,0.0,0.0,-0.0,0.0,-0.0,0.0,insufficient_data,1.0,1.0,1.0,"{""increased"": 0.0, ""decreased"": 0.0, ""roughly_unchanged"": 0.0, ""insufficient_data"": 1.0}",-0.0,-0.0,10,10,1.0,True,0.0,0.2876820724517809,1.0,1.0,,qwen3:8b,convfinqa,evidence_masked_insufficient,noncommitted
hqa_CFQ_3cabceab,F,directional_change,0,10,hedgeqa_oracle,,False,,1.0,True,0.4227090878059908,0.41274269846481804,0.009966389341172777,0.44770908780599084,0.4627426984648181,0.0,0.3049201523582002,0.2977309221191609,0.007189230239039294,0.0235774191487149,increased,0.0,0.0,0.0,"{""increased"": 0.85, ""decreased"": 0.15, ""roughly_unchanged"": 0.0, ""insufficient_data"": 0.0}",0.5004024235381879,0.3250829733914482,10,10,0.8500000000000001,True,0.044999999999999984,0.4307829160924542,0.8,0.9,,qwen3:8b,convfinqa,numeric_to_directional,committed
hqa_CFQ_3cabceab,F,directional_change,1,10,hedgeqa_oracle,,False,,1.0,True,-0.0,0.0,-0.0,0.0,0.0,0.0,-0.0,0.0,-0.0,0.0,increased,0.0,0.0,0.0,"{""increased"": 1.0, ""decreased"": 0.0, ""roughly_unchanged"": 0.0, ""insufficient_data"": 0.0}",-0.0,-0.0,10,10,1.0,True,0.0,0.2876820724517809,1.0,1.0,,qwen3:8b,convfinqa,numeric_to_directional,committed
hqa_CFQ_421f4e3d,F,directional_change,0,10,hedgeqa_oracle,,False,,1.0,True,-0.0,0.0,-0.0,0.0,0.0,0.0,-0.0,0.0,-0.0,0.0,decreased,0.0,0.0,0.0,"{""increased"": 0.0, ""decreased"": 1.0, ""roughly_unchanged"": 0.0, ""insufficient_data"": 0.0}",-0.0,-0.0,10,10,0.0,False,2.0,2.4849066497880004,0.0,0.0,,qwen3:8b,convfinqa,numeric_to_directional,committed
hqa_CFQ_421f4e3d,F,directional_change,1,10,hedgeqa_oracle,,False,,1.0,True,-0.0,0.0,-0.0,0.0,0.0,0.0,-0.0,0.0,-0.0,0.0,decreased,0.0,0.0,0.0,"{""increased"": 0.0, ""decreased"": 1.0, ""roughly_unchanged"": 0.0, ""insufficient_data"": 0.0}",-0.0,-0.0,10,10,0.0,False,2.0,2.4849066497880004,0.0,0.0,,qwen3:8b,convfinqa,numeric_to_directional,committed
hqa_CFQ_446ed3a5_masked,F,directional_change,0,10,hedgeqa_oracle,,False,,1.0,True,-0.0,0.0,-0.0,0.0,0.0,0.0,-0.0,0.0,-0.0,0.0,increased,0.0,0.0,0.0,"{""increased"": 1.0, ""decreased"": 0.0, ""roughly_unchanged"": 0.0, ""insufficient_data"": 0.0}",-0.0,-0.0,10,10,0.0,False,2.0,2.4849066497880004,0.0,0.0,,qwen3:8b,convfinqa,evidence_masked_insufficient,noncommitted
hqa_CFQ_446ed3a5_masked,F,directional_change,1,10,hedgeqa_oracle,,False,,1.0,True,-0.0,0.0,-0.0,0.0,0.0,0.0,-0.0,0.0,-0.0,0.0,increased,0.0,0.0,0.0,"{""increased"": 1.0, ""decreased"": 0.0, ""roughly_unchanged"": 0.0, ""insufficient_data"": 0.0}",-0.0,-0.0,10,10,0.0,False,2.0,2.4849066497880004,0.0,0.0,,qwen3:8b,convfinqa,evidence_masked_insufficient,noncommitted
hqa_CFQ_4613f27f,F,directional_change,0,10,hedgeqa_oracle,,False,,1.0,True,-0.0,0.0,-0.0,0.0,0.0,0.0,-0.0,0.0,-0.0,0.0,increased,0.0,0.0,0.0,"{""increased"": 1.0, ""decreased"": 0.0, ""roughly_unchanged"": 0.0, ""insufficient_data"": 0.0}",-0.0,-0.0,10,10,1.0,True,0.0,0.2876820724517809,1.0,1.0,,qwen3:8b,convfinqa,numeric_to_directional,committed
hqa_CFQ_4613f27f,F,directional_change,1,10,hedgeqa_oracle,,False,,1.0,True,-0.0,0.0,-0.0,0.0,0.0,0.0,-0.0,0.0,-0.0,0.0,increased,0.0,0.0,0.0,"{""increased"": 1.0, ""decreased"": 0.0, ""roughly_unchanged"": 0.0, ""insufficient_data"": 0.0}",-0.0,-0.0,10,10,1.0,True,0.0,0.2876820724517809,1.0,1.0,,qwen3:8b,convfinqa,numeric_to_directional,committed
hqa_CFQ_4846cde1,F,directional_change,0,10,hedgeqa_oracle,,False,,1.0,True,0.42270908780599087,0.30543215102744675,0.11727693677854412,0.4477090878059909,0.3304321510274468,0.11727693677854412,0.30492015235820025,0.22032272480767318,0.08459742755052704,0.2774412478029577,decreased,0.0,0.0,0.0,"{""increased"": 0.15, ""decreased"": 0.85, ""roughly_unchanged"": 0.0, ""insufficient_data"": 0.0}",0.6108643020548935,-0.0,10,10,0.85,True,0.045000000000000005,0.4307829160924542,0.7,1.0,,qwen3:8b,convfinqa,numeric_to_directional,committed
hqa_CFQ_4846cde1,F,directional_change,1,10,hedgeqa_oracle,,False,,1.0,True,-0.0,0.0,-0.0,0.0,0.0,0.0,-0.0,0.0,-0.0,0.0,decreased,0.0,0.0,0.0,"{""increased"": 0.0, ""decreased"": 1.0, ""roughly_unchanged"": 0.0, ""insufficient_data"": 0.0}",-0.0,-0.0,10,10,1.0,True,0.0,0.2876820724517809,1.0,1.0,,qwen3:8b,convfinqa,numeric_to_directional,committed
hqa_CFQ_4b27112b_masked,F,directional_change,0,10,hedgeqa_oracle,,False,,1.0,True,-0.0,0.0,-0.0,0.0,0.0,0.0,-0.0,0.0,-0.0,0.0,increased,0.0,0.0,0.0,"{""increased"": 1.0, ""decreased"": 0.0, ""roughly_unchanged"": 0.0, ""insufficient_data"": 0.0}",-0.0,-0.0,10,10,0.0,False,2.0,2.4849066497880004,0.0,0.0,,qwen3:8b,convfinqa,evidence_masked_insufficient,noncommitted
hqa_CFQ_4b27112b_masked,F,directional_change,1,10,hedgeqa_oracle,,False,,1.0,True,0.42270908780599087,0.30543215102744675,0.11727693677854412,0.4477090878059909,0.3304321510274468,0.11727693677854412,0.30492015235820025,0.22032272480767318,0.08459742755052704,0.2774412478029577,increased,0.15,0.3,0.0,"{""increased"": 0.85, ""decreased"": 0.0, ""roughly_unchanged"": 0.0, ""insufficient_data"": 0.15}",0.6108643020548935,-0.0,10,10,0.15,False,1.4449999999999998,1.69644928942373,0.3,0.0,,qwen3:8b,convfinqa,evidence_masked_insufficient,noncommitted
hqa_CFQ_525e330f,F,directional_change,0,10,hedgeqa_oracle,,False,,1.0,True,-0.0,0.0,-0.0,0.0,0.0,0.0,-0.0,0.0,-0.0,0.0,decreased,0.0,0.0,0.0,"{""increased"": 0.0, ""decreased"": 1.0, ""roughly_unchanged"": 0.0, ""insufficient_data"": 0.0}",-0.0,-0.0,10,10,1.0,True,0.0,0.2876820724517809,1.0,1.0,,qwen3:8b,convfinqa,numeric_to_directional,committed
hqa_CFQ_525e330f,F,directional_change,1,10,hedgeqa_oracle,,False,,1.0,True,-0.0,0.0,-0.0,0.0,0.0,0.0,-0.0,0.0,-0.0,0.0,decreased,0.0,0.0,0.0,"{""increased"": 0.0, ""decreased"": 1.0, ""roughly_unchanged"": 0.0, ""insufficient_data"": 0.0}",-0.0,-0.0,10,10,1.0,True,0.0,0.2876820724517809,1.0,1.0,,qwen3:8b,convfinqa,numeric_to_directional,committed
hqa_CFQ_52cedb59,F,directional_change,0,10,hedgeqa_oracle,,False,,1.0,True,-0.0,0.0,-0.0,0.0,0.0,0.0,-0.0,0.0,-0.0,0.0,increased,0.0,0.0,0.0,"{""increased"": 1.0, ""decreased"": 0.0, ""roughly_unchanged"": 0.0, ""insufficient_data"": 0.0}",-0.0,-0.0,10,10,0.0,False,2.0,2.4849066497880004,0.0,0.0,,qwen3:8b,convfinqa,numeric_to_directional,committed
hqa_CFQ_52cedb59,F,directional_change,1,10,hedgeqa_oracle,,False,,1.0,True,-0.0,0.0,-0.0,0.0,0.0,0.0,-0.0,0.0,-0.0,0.0,increased,0.0,0.0,0.0,"{""increased"": 1.0, ""decreased"": 0.0, ""roughly_unchanged"": 0.0, ""insufficient_data"": 0.0}",-0.0,-0.0,10,10,0.0,False,2.0,2.4849066497880004,0.0,0.0,,qwen3:8b,convfinqa,numeric_to_directional,committed
hqa_CFQ_5310207f,F,directional_change,0,10,hedgeqa_oracle,,False,,1.0,True,-0.0,0.0,-0.0,0.0,0.0,0.0,-0.0,0.0,-0.0,0.0,increased,0.0,0.0,0.0,"{""increased"": 1.0, ""decreased"": 0.0, ""roughly_unchanged"": 0.0, ""insufficient_data"": 0.0}",-0.0,-0.0,10,10,1.0,True,0.0,0.2876820724517809,1.0,1.0,,qwen3:8b,convfinqa,numeric_to_directional,committed
hqa_CFQ_5310207f,F,directional_change,1,10,hedgeqa_oracle,,False,,1.0,True,-0.0,0.0,-0.0,0.0,0.0,0.0,-0.0,0.0,-0.0,0.0,increased,0.0,0.0,0.0,"{""increased"": 1.0, ""decreased"": 0.0, ""roughly_unchanged"": 0.0, ""insufficient_data"": 0.0}",-0.0,-0.0,10,10,1.0,True,0.0,0.2876820724517809,1.0,1.0,,qwen3:8b,convfinqa,numeric_to_directional,committed
hqa_CFQ_5572c7eb,F,directional_change,0,10,hedgeqa_oracle,,False,,1.0,True,-0.0,0.0,-0.0,0.0,0.0,0.0,-0.0,0.0,-0.0,0.0,decreased,0.0,0.0,0.0,"{""increased"": 0.0, ""decreased"": 1.0, ""roughly_unchanged"": 0.0, ""insufficient_data"": 0.0}",-0.0,-0.0,10,10,1.0,True,0.0,0.2876820724517809,1.0,1.0,,qwen3:8b,convfinqa,numeric_to_directional,committed
hqa_CFQ_5572c7eb,F,directional_change,1,10,hedgeqa_oracle,,False,,1.0,True,-0.0,0.0,-0.0,0.0,0.0,0.0,-0.0,0.0,-0.0,0.0,decreased,0.0,0.0,0.0,"{""increased"": 0.0, ""decreased"": 1.0, ""roughly_unchanged"": 0.0, ""insufficient_data"": 0.0}",-0.0,-0.0,10,10,1.0,True,0.0,0.2876820724517809,1.0,1.0,,qwen3:8b,convfinqa,numeric_to_directional,committed
hqa_CFQ_57d9a4fe,F,directional_change,0,10,hedgeqa_oracle,,False,,1.0,True,-0.0,0.0,-0.0,0.0,0.0,0.0,-0.0,0.0,-0.0,0.0,decreased,0.0,0.0,0.0,"{""increased"": 0.0, ""decreased"": 1.0, ""roughly_unchanged"": 0.0, ""insufficient_data"": 0.0}",-0.0,-0.0,10,10,1.0,True,0.0,0.2876820724517809,1.0,1.0,,qwen3:8b,convfinqa,numeric_to_directional,committed
hqa_CFQ_57d9a4fe,F,directional_change,1,10,hedgeqa_oracle,,False,,1.0,True,-0.0,0.0,-0.0,0.0,0.0,0.0,-0.0,0.0,-0.0,0.0,decreased,0.0,0.0,0.0,"{""increased"": 0.0, ""decreased"": 1.0, ""roughly_unchanged"": 0.0, ""insufficient_data"": 0.0}",-0.0,-0.0,10,10,1.0,True,0.0,0.2876820724517809,1.0,1.0,,qwen3:8b,convfinqa,numeric_to_directional,committed
hqa_CFQ_5c6f8a33,F,directional_change,0,10,hedgeqa_oracle,,False,,1.0,True,-0.0,0.0,-0.0,0.0,0.0,0.0,-0.0,0.0,-0.0,0.0,increased,0.0,0.0,0.0,"{""increased"": 1.0, ""decreased"": 0.0, ""roughly_unchanged"": 0.0, ""insufficient_data"": 0.0}",-0.0,-0.0,10,10,0.0,False,2.0,2.4849066497880004,0.0,0.0,,qwen3:8b,convfinqa,numeric_to_directional,committed
hqa_CFQ_5c6f8a33,F,directional_change,1,10,hedgeqa_oracle,,False,,1.0,True,-0.0,0.0,-0.0,0.0,0.0,0.0,-0.0,0.0,-0.0,0.0,decreased,0.0,0.0,0.0,"{""increased"": 0.0, ""decreased"": 1.0, ""roughly_unchanged"": 0.0, ""insufficient_data"": 0.0}",-0.0,-0.0,10,10,1.0,True,0.0,0.2876820724517809,1.0,1.0,,qwen3:8b,convfinqa,numeric_to_directional,committed
hqa_CFQ_61e3612e,F,directional_change,0,10,hedgeqa_oracle,,False,,1.0,True,-0.0,0.0,-0.0,0.0,0.0,0.0,-0.0,0.0,-0.0,0.0,decreased,0.0,0.0,0.0,"{""increased"": 0.0, ""decreased"": 1.0, ""roughly_unchanged"": 0.0, ""insufficient_data"": 0.0}",-0.0,-0.0,10,10,1.0,True,0.0,0.2876820724517809,1.0,1.0,,qwen3:8b,convfinqa,numeric_to_directional,committed
hqa_CFQ_61e3612e,F,directional_change,1,10,hedgeqa_oracle,,False,,1.0,True,-0.0,0.0,-0.0,0.0,0.0,0.0,-0.0,0.0,-0.0,0.0,decreased,0.0,0.0,0.0,"{""increased"": 0.0, ""decreased"": 1.0, ""roughly_unchanged"": 0.0, ""insufficient_data"": 0.0}",-0.0,-0.0,10,10,1.0,True,0.0,0.2876820724517809,1.0,1.0,,qwen3:8b,convfinqa,numeric_to_directional,committed
hqa_CFQ_62332dc6,F,directional_change,0,10,hedgeqa_oracle,,False,,1.0,True,-0.0,0.0,-0.0,0.0,0.0,0.0,-0.0,0.0,-0.0,0.0,decreased,0.0,0.0,0.0,"{""increased"": 0.0, ""decreased"": 1.0, ""roughly_unchanged"": 0.0, ""insufficient_data"": 0.0}",-0.0,-0.0,10,10,1.0,True,0.0,0.2876820724517809,1.0,1.0,,qwen3:8b,convfinqa,numeric_to_directional,committed
hqa_CFQ_62332dc6,F,directional_change,1,10,hedgeqa_oracle,,False,,1.0,True,-0.0,0.0,-0.0,0.0,0.0,0.0,-0.0,0.0,-0.0,0.0,decreased,0.0,0.0,0.0,"{""increased"": 0.0, ""decreased"": 1.0, ""roughly_unchanged"": 0.0, ""insufficient_data"": 0.0}",-0.0,-0.0,10,10,1.0,True,0.0,0.2876820724517809,1.0,1.0,,qwen3:8b,convfinqa,numeric_to_directional,committed
hqa_CFQ_642330e7,F,directional_change,0,10,hedgeqa_oracle,,False,,1.0,True,-0.0,0.0,-0.0,0.0,0.0,0.0,-0.0,0.0,-0.0,0.0,decreased,0.0,0.0,0.0,"{""increased"": 0.0, ""decreased"": 1.0, ""roughly_unchanged"": 0.0, ""insufficient_data"": 0.0}",-0.0,-0.0,10,10,0.0,False,2.0,2.4849066497880004,0.0,0.0,,qwen3:8b,convfinqa,numeric_to_directional,committed
hqa_CFQ_642330e7,F,directional_change,1,10,hedgeqa_oracle,,False,,1.0,True,-0.0,0.0,-0.0,0.0,0.0,0.0,-0.0,0.0,-0.0,0.0,decreased,0.0,0.0,0.0,"{""increased"": 0.0, ""decreased"": 1.0, ""roughly_unchanged"": 0.0, ""insufficient_data"": 0.0}",-0.0,-0.0,10,10,0.0,False,2.0,2.4849066497880004,0.0,0.0,,qwen3:8b,convfinqa,numeric_to_directional,committed
hqa_CFQ_64646a26_masked,F,directional_change,0,10,hedgeqa_oracle,,False,,1.0,True,-0.0,0.0,-0.0,0.0,0.0,0.0,-0.0,0.0,-0.0,0.0,increased,0.0,0.0,0.0,"{""increased"": 1.0, ""decreased"": 0.0, ""roughly_unchanged"": 0.0, ""insufficient_data"": 0.0}",-0.0,-0.0,10,10,0.0,False,2.0,2.4849066497880004,0.0,0.0,,qwen3:8b,convfinqa,evidence_masked_insufficient,noncommitted
hqa_CFQ_64646a26_masked,F,directional_change,1,10,hedgeqa_oracle,,False,,1.0,True,-0.0,0.0,-0.0,0.0,0.0,0.0,-0.0,0.0,-0.0,0.0,increased,0.0,0.0,0.0,"{""increased"": 1.0, ""decreased"": 0.0, ""roughly_unchanged"": 0.0, ""insufficient_data"": 0.0}",-0.0,-0.0,10,10,0.0,False,2.0,2.4849066497880004,0.0,0.0,,qwen3:8b,convfinqa,evidence_masked_insufficient,noncommitted
hqa_CFQ_654d0297,F,directional_change,0,10,hedgeqa_oracle,,False,,1.0,True,-0.0,0.0,-0.0,0.0,0.0,0.0,-0.0,0.0,-0.0,0.0,increased,0.0,0.0,0.0,"{""increased"": 1.0, ""decreased"": 0.0, ""roughly_unchanged"": 0.0, ""insufficient_data"": 0.0}",-0.0,-0.0,10,10,1.0,True,0.0,0.2876820724517809,1.0,1.0,,qwen3:8b,convfinqa,numeric_to_directional,committed
hqa_CFQ_654d0297,F,directional_change,1,10,hedgeqa_oracle,,False,,1.0,True,-0.0,0.0,-0.0,0.0,0.0,0.0,-0.0,0.0,-0.0,0.0,increased,0.0,0.0,0.0,"{""increased"": 1.0, ""decreased"": 0.0, ""roughly_unchanged"": 0.0, ""insufficient_data"": 0.0}",-0.0,-0.0,10,10,1.0,True,0.0,0.2876820724517809,1.0,1.0,,qwen3:8b,convfinqa,numeric_to_directional,committed
hqa_CFQ_66b29a53_masked,F,directional_change,0,10,hedgeqa_oracle,,False,,1.0,True,-0.0,0.0,-0.0,0.0,0.0,0.0,-0.0,0.0,-0.0,0.0,insufficient_data,1.0,1.0,1.0,"{""increased"": 0.0, ""decreased"": 0.0, ""roughly_unchanged"": 0.0, ""insufficient_data"": 1.0}",-0.0,-0.0,10,10,1.0,True,0.0,0.2876820724517809,1.0,1.0,,qwen3:8b,convfinqa,evidence_masked_insufficient,noncommitted
hqa_CFQ_66b29a53_masked,F,directional_change,1,10,hedgeqa_oracle,,False,,1.0,True,-0.0,0.0,-0.0,0.0,0.0,0.0,-0.0,0.0,-0.0,0.0,insufficient_data,1.0,1.0,1.0,"{""increased"": 0.0, ""decreased"": 0.0, ""roughly_unchanged"": 0.0, ""insufficient_data"": 1.0}",-0.0,-0.0,10,10,1.0,True,0.0,0.2876820724517809,1.0,1.0,,qwen3:8b,convfinqa,evidence_masked_insufficient,noncommitted
hqa_CFQ_6aedbd76_masked,F,directional_change,0,10,hedgeqa_oracle,,False,,1.0,True,-0.0,0.0,-0.0,0.0,0.0,0.0,-0.0,0.0,-0.0,0.0,insufficient_data,1.0,1.0,1.0,"{""increased"": 0.0, ""decreased"": 0.0, ""roughly_unchanged"": 0.0, ""insufficient_data"": 1.0}",-0.0,-0.0,10,10,1.0,True,0.0,0.2876820724517809,1.0,1.0,,qwen3:8b,convfinqa,evidence_masked_insufficient,noncommitted
hqa_CFQ_6aedbd76_masked,F,directional_change,1,10,hedgeqa_oracle,,False,,1.0,True,-0.0,0.0,-0.0,0.0,0.0,0.0,-0.0,0.0,-0.0,0.0,insufficient_data,1.0,1.0,1.0,"{""increased"": 0.0, ""decreased"": 0.0, ""roughly_unchanged"": 0.0, ""insufficient_data"": 1.0}",-0.0,-0.0,10,10,1.0,True,0.0,0.2876820724517809,1.0,1.0,,qwen3:8b,convfinqa,evidence_masked_insufficient,noncommitted
hqa_CFQ_6e99706b_masked,F,directional_change,0,10,hedgeqa_oracle,,False,,1.0,True,-0.0,0.0,-0.0,0.0,0.0,0.0,-0.0,0.0,-0.0,0.0,insufficient_data,1.0,1.0,1.0,"{""increased"": 0.0, ""decreased"": 0.0, ""roughly_unchanged"": 0.0, ""insufficient_data"": 1.0}",-0.0,-0.0,10,10,1.0,True,0.0,0.2876820724517809,1.0,1.0,,qwen3:8b,convfinqa,evidence_masked_insufficient,noncommitted
hqa_CFQ_6e99706b_masked,F,directional_change,1,10,hedgeqa_oracle,,False,,1.0,True,-0.0,0.0,-0.0,0.0,0.0,0.0,-0.0,0.0,-0.0,0.0,insufficient_data,1.0,1.0,1.0,"{""increased"": 0.0, ""decreased"": 0.0, ""roughly_unchanged"": 0.0, ""insufficient_data"": 1.0}",-0.0,-0.0,10,10,1.0,True,0.0,0.2876820724517809,1.0,1.0,,qwen3:8b,convfinqa,evidence_masked_insufficient,noncommitted
hqa_CFQ_72ebe479,F,directional_change,0,10,hedgeqa_oracle,,False,,1.0,True,-0.0,0.0,-0.0,0.0,0.0,0.0,-0.0,0.0,-0.0,0.0,increased,0.0,0.0,0.0,"{""increased"": 1.0, ""decreased"": 0.0, ""roughly_unchanged"": 0.0, ""insufficient_data"": 0.0}",-0.0,-0.0,10,10,1.0,True,0.0,0.2876820724517809,1.0,1.0,,qwen3:8b,convfinqa,numeric_to_directional,committed
hqa_CFQ_72ebe479,F,directional_change,1,10,hedgeqa_oracle,,False,,1.0,True,-0.0,0.0,-0.0,0.0,0.0,0.0,-0.0,0.0,-0.0,0.0,increased,0.0,0.0,0.0,"{""increased"": 1.0, ""decreased"": 0.0, ""roughly_unchanged"": 0.0, ""insufficient_data"": 0.0}",-0.0,-0.0,10,10,1.0,True,0.0,0.2876820724517809,1.0,1.0,,qwen3:8b,convfinqa,numeric_to_directional,committed
hqa_CFQ_76164f50,F,directional_change,0,10,hedgeqa_oracle,,False,,1.0,True,-0.0,0.0,-0.0,0.0,0.0,0.0,-0.0,0.0,-0.0,0.0,increased,0.0,0.0,0.0,"{""increased"": 1.0, ""decreased"": 0.0, ""roughly_unchanged"": 0.0, ""insufficient_data"": 0.0}",-0.0,-0.0,10,10,1.0,True,0.0,0.2876820724517809,1.0,1.0,,qwen3:8b,convfinqa,numeric_to_directional,committed
hqa_CFQ_76164f50,F,directional_change,1,10,hedgeqa_oracle,,False,,1.0,True,-0.0,0.0,-0.0,0.0,0.0,0.0,-0.0,0.0,-0.0,0.0,increased,0.0,0.0,0.0,"{""increased"": 1.0, ""decreased"": 0.0, ""roughly_unchanged"": 0.0, ""insufficient_data"": 0.0}",-0.0,-0.0,10,10,1.0,True,0.0,0.2876820724517809,1.0,1.0,,qwen3:8b,convfinqa,numeric_to_directional,committed
hqa_CFQ_782828a3_masked,F,directional_change,0,10,hedgeqa_oracle,,False,,1.0,True,-0.0,0.0,-0.0,0.0,0.0,0.0,-0.0,0.0,-0.0,0.0,decreased,0.0,0.0,0.0,"{""increased"": 0.0, ""decreased"": 1.0, ""roughly_unchanged"": 0.0, ""insufficient_data"": 0.0}",-0.0,-0.0,10,10,0.0,False,2.0,2.4849066497880004,0.0,0.0,,qwen3:8b,convfinqa,evidence_masked_insufficient,noncommitted
hqa_CFQ_782828a3_masked,F,directional_change,1,10,hedgeqa_oracle,,False,,1.0,True,-0.0,0.0,-0.0,0.0,0.0,0.0,-0.0,0.0,-0.0,0.0,decreased,0.0,0.0,0.0,"{""increased"": 0.0, ""decreased"": 1.0, ""roughly_unchanged"": 0.0, ""insufficient_data"": 0.0}",-0.0,-0.0,10,10,0.0,False,2.0,2.4849066497880004,0.0,0.0,,qwen3:8b,convfinqa,evidence_masked_insufficient,noncommitted
hqa_CFQ_7897a7cc_masked,F,directional_change,0,10,hedgeqa_oracle,,False,,1.0,True,-0.0,0.0,-0.0,0.0,0.0,0.0,-0.0,0.0,-0.0,0.0,increased,0.0,0.0,0.0,"{""increased"": 1.0, ""decreased"": 0.0, ""roughly_unchanged"": 0.0, ""insufficient_data"": 0.0}",-0.0,-0.0,10,10,0.0,False,2.0,2.4849066497880004,0.0,0.0,,qwen3:8b,convfinqa,evidence_masked_insufficient,noncommitted
hqa_CFQ_7897a7cc_masked,F,directional_change,1,10,hedgeqa_oracle,,False,,1.0,True,-0.0,0.0,-0.0,0.0,0.0,0.0,-0.0,0.0,-0.0,0.0,increased,0.0,0.0,0.0,"{""increased"": 1.0, ""decreased"": 0.0, ""roughly_unchanged"": 0.0, ""insufficient_data"": 0.0}",-0.0,-0.0,10,10,0.0,False,2.0,2.4849066497880004,0.0,0.0,,qwen3:8b,convfinqa,evidence_masked_insufficient,noncommitted
hqa_CFQ_7f731a74_masked,F,directional_change,0,10,hedgeqa_oracle,,False,,1.0,True,-0.0,0.0,-0.0,0.0,0.0,0.0,-0.0,0.0,-0.0,0.0,insufficient_data,1.0,1.0,1.0,"{""increased"": 0.0, ""decreased"": 0.0, ""roughly_unchanged"": 0.0, ""insufficient_data"": 1.0}",-0.0,-0.0,10,10,1.0,True,0.0,0.2876820724517809,1.0,1.0,,qwen3:8b,convfinqa,evidence_masked_insufficient,noncommitted
hqa_CFQ_7f731a74_masked,F,directional_change,1,10,hedgeqa_oracle,,False,,1.0,True,-0.0,0.0,-0.0,0.0,0.0,0.0,-0.0,0.0,-0.0,0.0,insufficient_data,1.0,1.0,1.0,"{""increased"": 0.0, ""decreased"": 0.0, ""roughly_unchanged"": 0.0, ""insufficient_data"": 1.0}",-0.0,-0.0,10,10,1.0,True,0.0,0.2876820724517809,1.0,1.0,,qwen3:8b,convfinqa,evidence_masked_insufficient,noncommitted
hqa_CFQ_847e456a,F,directional_change,0,10,hedgeqa_oracle,,False,,1.0,True,-0.0,0.0,-0.0,0.0,0.0,0.0,-0.0,0.0,-0.0,0.0,decreased,0.0,0.0,0.0,"{""increased"": 0.0, ""decreased"": 1.0, ""roughly_unchanged"": 0.0, ""insufficient_data"": 0.0}",-0.0,-0.0,10,10,1.0,True,0.0,0.2876820724517809,1.0,1.0,,qwen3:8b,convfinqa,numeric_to_directional,committed
hqa_CFQ_847e456a,F,directional_change,1,10,hedgeqa_oracle,,False,,1.0,True,-0.0,0.0,-0.0,0.0,0.0,0.0,-0.0,0.0,-0.0,0.0,decreased,0.0,0.0,0.0,"{""increased"": 0.0, ""decreased"": 1.0, ""roughly_unchanged"": 0.0, ""insufficient_data"": 0.0}",-0.0,-0.0,10,10,1.0,True,0.0,0.2876820724517809,1.0,1.0,,qwen3:8b,convfinqa,numeric_to_directional,committed
hqa_CFQ_84869786,F,directional_change,0,10,hedgeqa_oracle,,False,,1.0,True,-0.0,0.0,-0.0,0.0,0.0,0.0,-0.0,0.0,-0.0,0.0,decreased,0.0,0.0,0.0,"{""increased"": 0.0, ""decreased"": 1.0, ""roughly_unchanged"": 0.0, ""insufficient_data"": 0.0}",-0.0,-0.0,10,10,1.0,True,0.0,0.2876820724517809,1.0,1.0,,qwen3:8b,convfinqa,numeric_to_directional,committed
hqa_CFQ_84869786,F,directional_change,1,10,hedgeqa_oracle,,False,,1.0,True,-0.0,0.0,-0.0,0.0,0.0,0.0,-0.0,0.0,-0.0,0.0,decreased,0.0,0.0,0.0,"{""increased"": 0.0, ""decreased"": 1.0, ""roughly_unchanged"": 0.0, ""insufficient_data"": 0.0}",-0.0,-0.0,10,10,1.0,True,0.0,0.2876820724517809,1.0,1.0,,qwen3:8b,convfinqa,numeric_to_directional,committed
hqa_CFQ_870de807,F,directional_change,0,10,hedgeqa_oracle,,False,,1.0,True,-0.0,0.0,-0.0,0.0,0.0,0.0,-0.0,0.0,-0.0,0.0,increased,0.0,0.0,0.0,"{""increased"": 1.0, ""decreased"": 0.0, ""roughly_unchanged"": 0.0, ""insufficient_data"": 0.0}",-0.0,-0.0,10,10,1.0,True,0.0,0.2876820724517809,1.0,1.0,,qwen3:8b,convfinqa,numeric_to_directional,committed
hqa_CFQ_870de807,F,directional_change,1,10,hedgeqa_oracle,,False,,1.0,True,-0.0,0.0,-0.0,0.0,0.0,0.0,-0.0,0.0,-0.0,0.0,increased,0.0,0.0,0.0,"{""increased"": 1.0, ""decreased"": 0.0, ""roughly_unchanged"": 0.0, ""insufficient_data"": 0.0}",-0.0,-0.0,10,10,1.0,True,0.0,0.2876820724517809,1.0,1.0,,qwen3:8b,convfinqa,numeric_to_directional,committed
hqa_CFQ_893fb41a_masked,F,directional_change,0,10,hedgeqa_oracle,,False,,1.0,True,-0.0,0.0,-0.0,0.0,0.0,0.0,-0.0,0.0,-0.0,0.0,insufficient_data,1.0,1.0,1.0,"{""increased"": 0.0, ""decreased"": 0.0, ""roughly_unchanged"": 0.0, ""insufficient_data"": 1.0}",-0.0,-0.0,10,10,1.0,True,0.0,0.2876820724517809,1.0,1.0,,qwen3:8b,convfinqa,evidence_masked_insufficient,noncommitted
hqa_CFQ_893fb41a_masked,F,directional_change,1,10,hedgeqa_oracle,,False,,1.0,True,-0.0,0.0,-0.0,0.0,0.0,0.0,-0.0,0.0,-0.0,0.0,insufficient_data,1.0,1.0,1.0,"{""increased"": 0.0, ""decreased"": 0.0, ""roughly_unchanged"": 0.0, ""insufficient_data"": 1.0}",-0.0,-0.0,10,10,1.0,True,0.0,0.2876820724517809,1.0,1.0,,qwen3:8b,convfinqa,evidence_masked_insufficient,noncommitted
hqa_CFQ_8a8b8535,F,directional_change,0,10,hedgeqa_oracle,,False,,1.0,True,-0.0,0.0,-0.0,0.0,0.0,0.0,-0.0,0.0,-0.0,0.0,decreased,0.0,0.0,0.0,"{""increased"": 0.0, ""decreased"": 1.0, ""roughly_unchanged"": 0.0, ""insufficient_data"": 0.0}",-0.0,-0.0,10,10,1.0,True,0.0,0.2876820724517809,1.0,1.0,,qwen3:8b,convfinqa,numeric_to_directional,committed
hqa_CFQ_8a8b8535,F,directional_change,1,10,hedgeqa_oracle,,False,,1.0,True,-0.0,0.0,-0.0,0.0,0.0,0.0,-0.0,0.0,-0.0,0.0,decreased,0.0,0.0,0.0,"{""increased"": 0.0, ""decreased"": 1.0, ""roughly_unchanged"": 0.0, ""insufficient_data"": 0.0}",-0.0,-0.0,10,10,1.0,True,0.0,0.2876820724517809,1.0,1.0,,qwen3:8b,convfinqa,numeric_to_directional,committed
hqa_CFQ_8bd6d28a,F,directional_change,0,10,hedgeqa_oracle,,False,,1.0,True,-0.0,0.0,-0.0,0.0,0.0,0.0,-0.0,0.0,-0.0,0.0,increased,0.0,0.0,0.0,"{""increased"": 1.0, ""decreased"": 0.0, ""roughly_unchanged"": 0.0, ""insufficient_data"": 0.0}",-0.0,-0.0,10,10,1.0,True,0.0,0.2876820724517809,1.0,1.0,,qwen3:8b,convfinqa,numeric_to_directional,committed
hqa_CFQ_8bd6d28a,F,directional_change,1,10,hedgeqa_oracle,,False,,1.0,True,-0.0,0.0,-0.0,0.0,0.0,0.0,-0.0,0.0,-0.0,0.0,increased,0.0,0.0,0.0,"{""increased"": 1.0, ""decreased"": 0.0, ""roughly_unchanged"": 0.0, ""insufficient_data"": 0.0}",-0.0,-0.0,10,10,1.0,True,0.0,0.2876820724517809,1.0,1.0,,qwen3:8b,convfinqa,numeric_to_directional,committed
hqa_CFQ_8f75ba7a,F,directional_change,0,10,hedgeqa_oracle,,False,,1.0,True,-0.0,0.0,-0.0,0.0,0.0,0.0,-0.0,0.0,-0.0,0.0,increased,0.0,0.0,0.0,"{""increased"": 1.0, ""decreased"": 0.0, ""roughly_unchanged"": 0.0, ""insufficient_data"": 0.0}",-0.0,-0.0,10,10,0.0,False,2.0,2.4849066497880004,0.0,0.0,,qwen3:8b,convfinqa,numeric_to_directional,committed
hqa_CFQ_8f75ba7a,F,directional_change,1,10,hedgeqa_oracle,,False,,1.0,True,-0.0,0.0,-0.0,0.0,0.0,0.0,-0.0,0.0,-0.0,0.0,increased,0.0,0.0,0.0,"{""increased"": 1.0, ""decreased"": 0.0, ""roughly_unchanged"": 0.0, ""insufficient_data"": 0.0}",-0.0,-0.0,10,10,0.0,False,2.0,2.4849066497880004,0.0,0.0,,qwen3:8b,convfinqa,numeric_to_directional,committed
hqa_CFQ_9621ac0e,F,directional_change,0,10,hedgeqa_oracle,,False,,1.0,True,-0.0,0.0,-0.0,0.0,0.0,0.0,-0.0,0.0,-0.0,0.0,decreased,0.0,0.0,0.0,"{""increased"": 0.0, ""decreased"": 1.0, ""roughly_unchanged"": 0.0, ""insufficient_data"": 0.0}",-0.0,-0.0,10,10,1.0,True,0.0,0.2876820724517809,1.0,1.0,,qwen3:8b,convfinqa,numeric_to_directional,committed
hqa_CFQ_9621ac0e,F,directional_change,1,10,hedgeqa_oracle,,False,,1.0,True,-0.0,0.0,-0.0,0.0,0.0,0.0,-0.0,0.0,-0.0,0.0,decreased,0.0,0.0,0.0,"{""increased"": 0.0, ""decreased"": 1.0, ""roughly_unchanged"": 0.0, ""insufficient_data"": 0.0}",-0.0,-0.0,10,10,1.0,True,0.0,0.2876820724517809,1.0,1.0,,qwen3:8b,convfinqa,numeric_to_directional,committed
hqa_CFQ_9cddac48,F,directional_change,0,10,hedgeqa_oracle,,False,,1.0,True,-0.0,0.0,-0.0,0.0,0.0,0.0,-0.0,0.0,-0.0,0.0,increased,0.0,0.0,0.0,"{""increased"": 1.0, ""decreased"": 0.0, ""roughly_unchanged"": 0.0, ""insufficient_data"": 0.0}",-0.0,-0.0,10,10,1.0,True,0.0,0.2876820724517809,1.0,1.0,,qwen3:8b,convfinqa,numeric_to_directional,committed
hqa_CFQ_9cddac48,F,directional_change,1,10,hedgeqa_oracle,,False,,1.0,True,-0.0,0.0,-0.0,0.0,0.0,0.0,-0.0,0.0,-0.0,0.0,increased,0.0,0.0,0.0,"{""increased"": 1.0, ""decreased"": 0.0, ""roughly_unchanged"": 0.0, ""insufficient_data"": 0.0}",-0.0,-0.0,10,10,1.0,True,0.0,0.2876820724517809,1.0,1.0,,qwen3:8b,convfinqa,numeric_to_directional,committed
hqa_CFQ_ad675ca7_masked,F,directional_change,0,10,hedgeqa_oracle,,False,,1.0,True,0.6730116670092565,0.25020121176909393,0.4228104552401626,0.6980116670092565,0.27520121176909396,0.4228104552401626,0.4854752972273344,0.18048202372184058,0.3049932735054938,0.6282364421987758,increased,0.4,0.0,0.8,"{""increased"": 0.6, ""decreased"": 0.0, ""roughly_unchanged"": 0.0, ""insufficient_data"": 0.4}",-0.0,0.5004024235381879,10,10,0.4,False,0.72,1.0498221244986776,0.0,0.8,,qwen3:8b,convfinqa,evidence_masked_insufficient,noncommitted
hqa_CFQ_ad675ca7_masked,F,directional_change,1,10,hedgeqa_oracle,,False,,1.0,True,0.6931471805599453,0.0,0.6931471805599453,0.7181471805599453,0.0,0.7181471805599453,0.5,0.0,0.5,1.0,increased,0.5,1.0,0.0,"{""increased"": 0.5, ""decreased"": 0.0, ""roughly_unchanged"": 0.0, ""insufficient_data"": 0.5}",-0.0,-0.0,10,10,0.5,False,0.5,0.8754687373538999,1.0,0.0,,qwen3:8b,convfinqa,evidence_masked_insufficient,noncommitted
hqa_CFQ_b6555530,F,directional_change,0,10,hedgeqa_oracle,,False,,1.0,True,-0.0,0.0,-0.0,0.0,0.0,0.0,-0.0,0.0,-0.0,0.0,increased,0.0,0.0,0.0,"{""increased"": 1.0, ""decreased"": 0.0, ""roughly_unchanged"": 0.0, ""insufficient_data"": 0.0}",-0.0,-0.0,10,10,0.0,False,2.0,2.4849066497880004,0.0,0.0,,qwen3:8b,convfinqa,numeric_to_directional,committed
hqa_CFQ_b6555530,F,directional_change,1,10,hedgeqa_oracle,,False,,1.0,True,0.6881388137135884,0.1625414866957241,0.5255973270178643,0.7131388137135884,0.1875414866957241,0.5255973270178643,0.49638722699390414,0.11724889839732029,0.3791383285965838,0.7637954966984672,roughly_unchanged,0.0,0.0,0.0,"{""increased"": 0.45, ""decreased"": 0.0, ""roughly_unchanged"": 0.55, ""insufficient_data"": 0.0}",-0.0,0.3250829733914482,10,10,0.55,True,0.40499999999999997,0.7985076962177716,1.0,0.1,,qwen3:8b,convfinqa,numeric_to_directional,committed
hqa_CFQ_ba327bc7,F,directional_change,0,10,hedgeqa_oracle,,False,,1.0,True,-0.0,0.0,-0.0,0.0,0.0,0.0,-0.0,0.0,-0.0,0.0,increased,0.0,0.0,0.0,"{""increased"": 1.0, ""decreased"": 0.0, ""roughly_unchanged"": 0.0, ""insufficient_data"": 0.0}",-0.0,-0.0,10,10,1.0,True,0.0,0.2876820724517809,1.0,1.0,,qwen3:8b,convfinqa,numeric_to_directional,committed
hqa_CFQ_ba327bc7,F,directional_change,1,10,hedgeqa_oracle,,False,,1.0,True,-0.0,0.0,-0.0,0.0,0.0,0.0,-0.0,0.0,-0.0,0.0,increased,0.0,0.0,0.0,"{""increased"": 1.0, ""decreased"": 0.0, ""roughly_unchanged"": 0.0, ""insufficient_data"": 0.0}",-0.0,-0.0,10,10,1.0,True,0.0,0.2876820724517809,1.0,1.0,,qwen3:8b,convfinqa,numeric_to_directional,committed
hqa_CFQ_bce1262b,F,directional_change,0,10,hedgeqa_oracle,,False,,1.0,True,-0.0,0.0,-0.0,0.0,0.0,0.0,-0.0,0.0,-0.0,0.0,increased,0.0,0.0,0.0,"{""increased"": 1.0, ""decreased"": 0.0, ""roughly_unchanged"": 0.0, ""insufficient_data"": 0.0}",-0.0,-0.0,10,10,1.0,True,0.0,0.2876820724517809,1.0,1.0,,qwen3:8b,convfinqa,numeric_to_directional,committed
hqa_CFQ_bce1262b,F,directional_change,1,10,hedgeqa_oracle,,False,,1.0,True,-0.0,0.0,-0.0,0.0,0.0,0.0,-0.0,0.0,-0.0,0.0,increased,0.0,0.0,0.0,"{""increased"": 1.0, ""decreased"": 0.0, ""roughly_unchanged"": 0.0, ""insufficient_data"": 0.0}",-0.0,-0.0,10,10,1.0,True,0.0,0.2876820724517809,1.0,1.0,,qwen3:8b,convfinqa,numeric_to_directional,committed
hqa_CFQ_c80d1d26,F,directional_change,0,10,hedgeqa_oracle,,False,,1.0,True,-0.0,0.0,-0.0,0.0,0.0,0.0,-0.0,0.0,-0.0,0.0,decreased,0.0,0.0,0.0,"{""increased"": 0.0, ""decreased"": 1.0, ""roughly_unchanged"": 0.0, ""insufficient_data"": 0.0}",-0.0,-0.0,10,10,1.0,True,0.0,0.2876820724517809,1.0,1.0,,qwen3:8b,convfinqa,numeric_to_directional,committed
hqa_CFQ_c80d1d26,F,directional_change,1,10,hedgeqa_oracle,,False,,1.0,True,-0.0,0.0,-0.0,0.0,0.0,0.0,-0.0,0.0,-0.0,0.0,decreased,0.0,0.0,0.0,"{""increased"": 0.0, ""decreased"": 1.0, ""roughly_unchanged"": 0.0, ""insufficient_data"": 0.0}",-0.0,-0.0,10,10,1.0,True,0.0,0.2876820724517809,1.0,1.0,,qwen3:8b,convfinqa,numeric_to_directional,committed
hqa_CFQ_ca7d7f01,F,directional_change,0,10,hedgeqa_oracle,,False,,1.0,True,-0.0,0.0,-0.0,0.0,0.0,0.0,-0.0,0.0,-0.0,0.0,increased,0.0,0.0,0.0,"{""increased"": 1.0, ""decreased"": 0.0, ""roughly_unchanged"": 0.0, ""insufficient_data"": 0.0}",-0.0,-0.0,10,10,1.0,True,0.0,0.2876820724517809,1.0,1.0,,qwen3:8b,convfinqa,numeric_to_directional,committed
hqa_CFQ_ca7d7f01,F,directional_change,1,10,hedgeqa_oracle,,False,,1.0,True,-0.0,0.0,-0.0,0.0,0.0,0.0,-0.0,0.0,-0.0,0.0,increased,0.0,0.0,0.0,"{""increased"": 1.0, ""decreased"": 0.0, ""roughly_unchanged"": 0.0, ""insufficient_data"": 0.0}",-0.0,-0.0,10,10,1.0,True,0.0,0.2876820724517809,1.0,1.0,,qwen3:8b,convfinqa,numeric_to_directional,committed
hqa_CFQ_dea5f1e8_masked,F,directional_change,0,10,hedgeqa_oracle,,False,,1.0,True,0.5004024235381879,0.33650583350462826,0.1638965900335596,0.5254024235381879,0.3615058335046283,0.1638965900335596,0.36096404744368116,0.2427376486136672,0.11822639883001398,0.3275295688512027,increased,0.2,0.4,0.0,"{""increased"": 0.8, ""decreased"": 0.0, ""roughly_unchanged"": 0.0, ""insufficient_data"": 0.2}",0.6730116670092565,-0.0,10,10,0.2,False,1.2800000000000002,1.529395204760564,0.4,0.0,,qwen3:8b,convfinqa,evidence_masked_insufficient,noncommitted
hqa_CFQ_dea5f1e8_masked,F,directional_change,1,10,hedgeqa_oracle,,False,,1.0,True,-0.0,0.0,-0.0,0.0,0.0,0.0,-0.0,0.0,-0.0,0.0,increased,0.0,0.0,0.0,"{""increased"": 1.0, ""decreased"": 0.0, ""roughly_unchanged"": 0.0, ""insufficient_data"": 0.0}",-0.0,-0.0,10,10,0.0,False,2.0,2.4849066497880004,0.0,0.0,,qwen3:8b,convfinqa,evidence_masked_insufficient,noncommitted
hqa_CFQ_e1fe26ff,F,directional_change,0,10,hedgeqa_oracle,,False,,1.0,True,-0.0,0.0,-0.0,0.0,0.0,0.0,-0.0,0.0,-0.0,0.0,increased,0.0,0.0,0.0,"{""increased"": 1.0, ""decreased"": 0.0, ""roughly_unchanged"": 0.0, ""insufficient_data"": 0.0}",-0.0,-0.0,10,10,1.0,True,0.0,0.2876820724517809,1.0,1.0,,qwen3:8b,convfinqa,numeric_to_directional,committed
hqa_CFQ_e1fe26ff,F,directional_change,1,10,hedgeqa_oracle,,False,,1.0,True,-0.0,0.0,-0.0,0.0,0.0,0.0,-0.0,0.0,-0.0,0.0,increased,0.0,0.0,0.0,"{""increased"": 1.0, ""decreased"": 0.0, ""roughly_unchanged"": 0.0, ""insufficient_data"": 0.0}",-0.0,-0.0,10,10,1.0,True,0.0,0.2876820724517809,1.0,1.0,,qwen3:8b,convfinqa,numeric_to_directional,committed
hqa_CFQ_e2dffb49,F,directional_change,0,10,hedgeqa_oracle,,False,,1.0,True,-0.0,0.0,-0.0,0.0,0.0,0.0,-0.0,0.0,-0.0,0.0,increased,0.0,0.0,0.0,"{""increased"": 1.0, ""decreased"": 0.0, ""roughly_unchanged"": 0.0, ""insufficient_data"": 0.0}",-0.0,-0.0,10,10,1.0,True,0.0,0.2876820724517809,1.0,1.0,,qwen3:8b,convfinqa,numeric_to_directional,committed
hqa_CFQ_e2dffb49,F,directional_change,1,10,hedgeqa_oracle,,False,,1.0,True,-0.0,0.0,-0.0,0.0,0.0,0.0,-0.0,0.0,-0.0,0.0,increased,0.0,0.0,0.0,"{""increased"": 1.0, ""decreased"": 0.0, ""roughly_unchanged"": 0.0, ""insufficient_data"": 0.0}",-0.0,-0.0,10,10,1.0,True,0.0,0.2876820724517809,1.0,1.0,,qwen3:8b,convfinqa,numeric_to_directional,committed
hqa_CFQ_e45ced5c,F,directional_change,0,10,hedgeqa_oracle,,False,,1.0,True,0.6108643020548935,0.5091150769756967,0.10174922507919681,0.6358643020548935,0.5591150769756967,0.07674922507919679,0.44064544961534635,0.3672488983973203,0.0733965512180261,0.16656600285353296,decreased,0.0,0.0,0.0,"{""increased"": 0.3, ""decreased"": 0.7, ""roughly_unchanged"": 0.0, ""insufficient_data"": 0.0}",0.6931471805599453,0.3250829733914482,10,10,0.7,True,0.18000000000000002,0.5978370007556205,0.5,0.9,,qwen3:8b,convfinqa,numeric_to_directional,committed
hqa_CFQ_e45ced5c,F,directional_change,1,10,hedgeqa_oracle,,False,,1.0,True,-0.0,0.0,-0.0,0.0,0.0,0.0,-0.0,0.0,-0.0,0.0,decreased,0.0,0.0,0.0,"{""increased"": 0.0, ""decreased"": 1.0, ""roughly_unchanged"": 0.0, ""insufficient_data"": 0.0}",-0.0,-0.0,10,10,1.0,True,0.0,0.2876820724517809,1.0,1.0,,qwen3:8b,convfinqa,numeric_to_directional,committed
hqa_CFQ_eaadc3af_masked,F,directional_change,0,10,hedgeqa_oracle,,False,,1.0,True,-0.0,0.0,-0.0,0.0,0.0,0.0,-0.0,0.0,-0.0,0.0,insufficient_data,1.0,1.0,1.0,"{""increased"": 0.0, ""decreased"": 0.0, ""roughly_unchanged"": 0.0, ""insufficient_data"": 1.0}",-0.0,-0.0,10,10,1.0,True,0.0,0.2876820724517809,1.0,1.0,,qwen3:8b,convfinqa,evidence_masked_insufficient,noncommitted
hqa_CFQ_eaadc3af_masked,F,directional_change,1,10,hedgeqa_oracle,,False,,1.0,True,-0.0,0.0,-0.0,0.0,0.0,0.0,-0.0,0.0,-0.0,0.0,insufficient_data,1.0,1.0,1.0,"{""increased"": 0.0, ""decreased"": 0.0, ""roughly_unchanged"": 0.0, ""insufficient_data"": 1.0}",-0.0,-0.0,10,10,1.0,True,0.0,0.2876820724517809,1.0,1.0,,qwen3:8b,convfinqa,evidence_masked_insufficient,noncommitted
hqa_CFQ_eaf13931,F,directional_change,0,10,hedgeqa_oracle,,False,,1.0,True,-0.0,0.0,-0.0,0.0,0.0,0.0,-0.0,0.0,-0.0,0.0,decreased,0.0,0.0,0.0,"{""increased"": 0.0, ""decreased"": 1.0, ""roughly_unchanged"": 0.0, ""insufficient_data"": 0.0}",-0.0,-0.0,10,10,1.0,True,0.0,0.2876820724517809,1.0,1.0,,qwen3:8b,convfinqa,numeric_to_directional,committed
hqa_CFQ_eaf13931,F,directional_change,1,10,hedgeqa_oracle,,False,,1.0,True,-0.0,0.0,-0.0,0.0,0.0,0.0,-0.0,0.0,-0.0,0.0,decreased,0.0,0.0,0.0,"{""increased"": 0.0, ""decreased"": 1.0, ""roughly_unchanged"": 0.0, ""insufficient_data"": 0.0}",-0.0,-0.0,10,10,1.0,True,0.0,0.2876820724517809,1.0,1.0,,qwen3:8b,convfinqa,numeric_to_directional,committed
hqa_CFQ_eb6cfd8c,F,directional_change,0,10,hedgeqa_oracle,,False,,1.0,True,-0.0,0.0,-0.0,0.0,0.0,0.0,-0.0,0.0,-0.0,0.0,increased,0.0,0.0,0.0,"{""increased"": 1.0, ""decreased"": 0.0, ""roughly_unchanged"": 0.0, ""insufficient_data"": 0.0}",-0.0,-0.0,10,10,1.0,True,0.0,0.2876820724517809,1.0,1.0,,qwen3:8b,convfinqa,numeric_to_directional,committed
hqa_CFQ_eb6cfd8c,F,directional_change,1,10,hedgeqa_oracle,,False,,1.0,True,-0.0,0.0,-0.0,0.0,0.0,0.0,-0.0,0.0,-0.0,0.0,increased,0.0,0.0,0.0,"{""increased"": 1.0, ""decreased"": 0.0, ""roughly_unchanged"": 0.0, ""insufficient_data"": 0.0}",-0.0,-0.0,10,10,1.0,True,0.0,0.2876820724517809,1.0,1.0,,qwen3:8b,convfinqa,numeric_to_directional,committed
hqa_CFQ_f1de8ce5,F,directional_change,0,10,hedgeqa_oracle,,False,,1.0,True,-0.0,0.0,-0.0,0.0,0.0,0.0,-0.0,0.0,-0.0,0.0,decreased,0.0,0.0,0.0,"{""increased"": 0.0, ""decreased"": 1.0, ""roughly_unchanged"": 0.0, ""insufficient_data"": 0.0}",-0.0,-0.0,10,10,0.0,False,2.0,2.4849066497880004,0.0,0.0,,qwen3:8b,convfinqa,numeric_to_directional,committed
hqa_CFQ_f1de8ce5,F,directional_change,1,10,hedgeqa_oracle,,False,,1.0,True,-0.0,0.0,-0.0,0.0,0.0,0.0,-0.0,0.0,-0.0,0.0,increased,0.0,0.0,0.0,"{""increased"": 1.0, ""decreased"": 0.0, ""roughly_unchanged"": 0.0, ""insufficient_data"": 0.0}",-0.0,-0.0,10,10,1.0,True,0.0,0.2876820724517809,1.0,1.0,,qwen3:8b,convfinqa,numeric_to_directional,committed
hqa_CFQ_f3666c8b,F,directional_change,0,10,hedgeqa_oracle,,False,,1.0,True,-0.0,0.0,-0.0,0.0,0.0,0.0,-0.0,0.0,-0.0,0.0,increased,0.0,0.0,0.0,"{""increased"": 1.0, ""decreased"": 0.0, ""roughly_unchanged"": 0.0, ""insufficient_data"": 0.0}",-0.0,-0.0,10,10,1.0,True,0.0,0.2876820724517809,1.0,1.0,,qwen3:8b,convfinqa,numeric_to_directional,committed
hqa_CFQ_f3666c8b,F,directional_change,1,10,hedgeqa_oracle,,False,,1.0,True,-0.0,0.0,-0.0,0.0,0.0,0.0,-0.0,0.0,-0.0,0.0,increased,0.0,0.0,0.0,"{""increased"": 1.0, ""decreased"": 0.0, ""roughly_unchanged"": 0.0, ""insufficient_data"": 0.0}",-0.0,-0.0,10,10,1.0,True,0.0,0.2876820724517809,1.0,1.0,,qwen3:8b,convfinqa,numeric_to_directional,committed
hqa_CFQ_f82e55fe,F,directional_change,0,10,hedgeqa_oracle,,False,,1.0,True,-0.0,0.0,-0.0,0.0,0.0,0.0,-0.0,0.0,-0.0,0.0,decreased,0.0,0.0,0.0,"{""increased"": 0.0, ""decreased"": 1.0, ""roughly_unchanged"": 0.0, ""insufficient_data"": 0.0}",-0.0,-0.0,10,10,1.0,True,0.0,0.2876820724517809,1.0,1.0,,qwen3:8b,convfinqa,numeric_to_directional,committed
hqa_CFQ_f82e55fe,F,directional_change,1,10,hedgeqa_oracle,,False,,1.0,True,-0.0,0.0,-0.0,0.0,0.0,0.0,-0.0,0.0,-0.0,0.0,decreased,0.0,0.0,0.0,"{""increased"": 0.0, ""decreased"": 1.0, ""roughly_unchanged"": 0.0, ""insufficient_data"": 0.0}",-0.0,-0.0,10,10,1.0,True,0.0,0.2876820724517809,1.0,1.0,,qwen3:8b,convfinqa,numeric_to_directional,committed
hqa_CFQ_f9c627e5_masked,F,directional_change,0,10,hedgeqa_oracle,,False,,1.0,True,-0.0,0.0,-0.0,0.0,0.0,0.0,-0.0,0.0,-0.0,0.0,insufficient_data,1.0,1.0,1.0,"{""increased"": 0.0, ""decreased"": 0.0, ""roughly_unchanged"": 0.0, ""insufficient_data"": 1.0}",-0.0,-0.0,10,10,1.0,True,0.0,0.2876820724517809,1.0,1.0,,qwen3:8b,convfinqa,evidence_masked_insufficient,noncommitted
hqa_CFQ_f9c627e5_masked,F,directional_change,1,10,hedgeqa_oracle,,False,,1.0,True,-0.0,0.0,-0.0,0.0,0.0,0.0,-0.0,0.0,-0.0,0.0,insufficient_data,1.0,1.0,1.0,"{""increased"": 0.0, ""decreased"": 0.0, ""roughly_unchanged"": 0.0, ""insufficient_data"": 1.0}",-0.0,-0.0,10,10,1.0,True,0.0,0.2876820724517809,1.0,1.0,,qwen3:8b,convfinqa,evidence_masked_insufficient,noncommitted
hqa_FB_04a83e7c,F,yes_no,0,10,hedgeqa_oracle,,False,,1.0,True,-0.0,0.0,-0.0,0.0,0.0,0.0,-0.0,0.0,-0.0,0.0,yes,0.0,0.0,0.0,"{""yes"": 1.0, ""no"": 0.0, ""insufficient_data"": 0.0}",-0.0,-0.0,10,10,1.0,True,0.0,0.25131442828090605,1.0,1.0,,qwen3:8b,financebench,none,committed
hqa_FB_04a83e7c,F,yes_no,1,10,hedgeqa_oracle,,False,,1.0,True,-0.0,0.0,-0.0,0.0,0.0,0.0,-0.0,0.0,-0.0,0.0,yes,0.0,0.0,0.0,"{""yes"": 1.0, ""no"": 0.0, ""insufficient_data"": 0.0}",-0.0,-0.0,10,10,1.0,True,0.0,0.25131442828090605,1.0,1.0,,qwen3:8b,financebench,none,committed
hqa_FB_11e71606,F,yes_no,0,10,hedgeqa_oracle,,False,,1.0,True,-0.0,0.0,-0.0,0.0,0.0,0.0,-0.0,0.0,-0.0,0.0,no,0.0,0.0,0.0,"{""yes"": 0.0, ""no"": 1.0, ""insufficient_data"": 0.0}",-0.0,-0.0,10,10,1.0,True,0.0,0.25131442828090605,1.0,1.0,,qwen3:8b,financebench,none,committed
hqa_FB_11e71606,F,yes_no,1,10,hedgeqa_oracle,,False,,1.0,True,-0.0,0.0,-0.0,0.0,0.0,0.0,-0.0,0.0,-0.0,0.0,no,0.0,0.0,0.0,"{""yes"": 0.0, ""no"": 1.0, ""insufficient_data"": 0.0}",-0.0,-0.0,10,10,1.0,True,0.0,0.25131442828090605,1.0,1.0,,qwen3:8b,financebench,none,committed
hqa_FB_17e73c78,F,yes_no,0,10,hedgeqa_oracle,,False,,1.0,True,0.1985152433458726,0.1625414866957241,0.035973756650148486,0.22351524334587258,0.1875414866957241,0.035973756650148486,0.18069636157678548,0.14795163714469228,0.032744724432093204,0.18121407728610292,no,0.0,0.0,0.0,"{""yes"": 0.05, ""no"": 0.95, ""insufficient_data"": 0.0}",0.3250829733914482,-0.0,10,10,0.05,False,1.805,1.9348603128687283,0.1,0.0,,qwen3:8b,financebench,none,committed
hqa_FB_17e73c78,F,yes_no,1,10,hedgeqa_oracle,,False,,1.0,True,-0.0,0.0,-0.0,0.0,0.0,0.0,-0.0,0.0,-0.0,0.0,no,0.0,0.0,0.0,"{""yes"": 0.0, ""no"": 1.0, ""insufficient_data"": 0.0}",-0.0,-0.0,10,10,0.0,False,2.0,2.1972245773362196,0.0,0.0,,qwen3:8b,financebench,none,committed
hqa_FB_1858a6da_masked,F,yes_no,0,10,hedgeqa_oracle,,False,,1.0,True,0.1985152433458726,0.1625414866957241,0.035973756650148486,0.22351524334587258,0.1875414866957241,0.035973756650148486,0.18069636157678548,0.14795163714469228,0.032744724432093204,0.18121407728610292,insufficient_data,0.95,0.9,1.0,"{""yes"": 0.0, ""no"": 0.05, ""insufficient_data"": 0.95}",0.3250829733914482,-0.0,10,10,0.95,True,0.0050000000000000044,0.29511705093929896,0.9,1.0,,qwen3:8b,financebench,evidence_masked_insufficient,noncommitted
hqa_FB_1858a6da_masked,F,yes_no,1,10,hedgeqa_oracle,,False,,1.0,True,-0.0,0.0,-0.0,0.0,0.0,0.0,-0.0,0.0,-0.0,0.0,insufficient_data,1.0,1.0,1.0,"{""yes"": 0.0, ""no"": 0.0, ""insufficient_data"": 1.0}",-0.0,-0.0,10,10,1.0,True,0.0,0.25131442828090605,1.0,1.0,,qwen3:8b,financebench,evidence_masked_insufficient,noncommitted
hqa_FB_1890c92b,F,yes_no,0,10,hedgeqa_oracle,,False,,1.0,True,-0.0,0.0,-0.0,0.0,0.0,0.0,-0.0,0.0,-0.0,0.0,yes,0.0,0.0,0.0,"{""yes"": 1.0, ""no"": 0.0, ""insufficient_data"": 0.0}",-0.0,-0.0,10,10,1.0,True,0.0,0.25131442828090605,1.0,1.0,,qwen3:8b,financebench,none,committed
hqa_FB_1890c92b,F,yes_no,1,10,hedgeqa_oracle,,False,,1.0,True,-0.0,0.0,-0.0,0.0,0.0,0.0,-0.0,0.0,-0.0,0.0,yes,0.0,0.0,0.0,"{""yes"": 1.0, ""no"": 0.0, ""insufficient_data"": 0.0}",-0.0,-0.0,10,10,1.0,True,0.0,0.25131442828090605,1.0,1.0,,qwen3:8b,financebench,none,committed
hqa_FB_1da93057_masked,F,yes_no,0,10,hedgeqa_oracle,,False,,1.0,True,-0.0,0.0,-0.0,0.0,0.0,0.0,-0.0,0.0,-0.0,0.0,insufficient_data,1.0,1.0,1.0,"{""yes"": 0.0, ""no"": 0.0, ""insufficient_data"": 1.0}",-0.0,-0.0,10,10,1.0,True,0.0,0.25131442828090605,1.0,1.0,,qwen3:8b,financebench,evidence_masked_insufficient,noncommitted
hqa_FB_1da93057_masked,F,yes_no,1,10,hedgeqa_oracle,,False,,1.0,True,-0.0,0.0,-0.0,0.0,0.0,0.0,-0.0,0.0,-0.0,0.0,insufficient_data,1.0,1.0,1.0,"{""yes"": 0.0, ""no"": 0.0, ""insufficient_data"": 1.0}",-0.0,-0.0,10,10,1.0,True,0.0,0.25131442828090605,1.0,1.0,,qwen3:8b,financebench,evidence_masked_insufficient,noncommitted
hqa_FB_26099d20,F,yes_no,0,10,hedgeqa_oracle,,False,,1.0,True,-0.0,0.0,-0.0,0.0,0.0,0.0,-0.0,0.0,-0.0,0.0,no,0.0,0.0,0.0,"{""yes"": 0.0, ""no"": 1.0, ""insufficient_data"": 0.0}",-0.0,-0.0,10,10,0.0,False,2.0,2.1972245773362196,0.0,0.0,,qwen3:8b,financebench,none,committed
hqa_FB_26099d20,F,yes_no,1,10,hedgeqa_oracle,,False,,1.0,True,-0.0,0.0,-0.0,0.0,0.0,0.0,-0.0,0.0,-0.0,0.0,no,0.0,0.0,0.0,"{""yes"": 0.0, ""no"": 1.0, ""insufficient_data"": 0.0}",-0.0,-0.0,10,10,0.0,False,2.0,2.1972245773362196,0.0,0.0,,qwen3:8b,financebench,none,committed
hqa_FB_379b82eb,F,yes_no,0,10,hedgeqa_oracle,,False,,1.0,True,0.42270908780599087,0.30543215102744675,0.11727693677854412,0.4477090878059909,0.3304321510274468,0.11727693677854412,0.384766393172661,0.2780163249381945,0.10675006823446649,0.2774412478029577,yes,0.0,0.0,0.0,"{""yes"": 0.85, ""no"": 0.15, ""insufficient_data"": 0.0}",0.6108643020548935,-0.0,10,10,0.15,False,1.4449999999999998,1.5553706911638245,0.3,0.0,,qwen3:8b,financebench,none,committed
hqa_FB_379b82eb,F,yes_no,1,10,hedgeqa_oracle,,False,,1.0,True,-0.0,0.0,-0.0,0.0,0.0,0.0,-0.0,0.0,-0.0,0.0,yes,0.0,0.0,0.0,"{""yes"": 1.0, ""no"": 0.0, ""insufficient_data"": 0.0}",-0.0,-0.0,10,10,0.0,False,2.0,2.1972245773362196,0.0,0.0,,qwen3:8b,financebench,none,committed
hqa_FB_38d1ec9b,F,yes_no,0,10,hedgeqa_oracle,,False,,1.0,True,-0.0,0.0,-0.0,0.0,0.0,0.0,-0.0,0.0,-0.0,0.0,no,0.0,0.0,0.0,"{""yes"": 0.0, ""no"": 1.0, ""insufficient_data"": 0.0}",-0.0,-0.0,10,10,0.0,False,2.0,2.1972245773362196,0.0,0.0,,qwen3:8b,financebench,none,committed
hqa_FB_38d1ec9b,F,yes_no,1,10,hedgeqa_oracle,,False,,1.0,True,-0.0,0.0,-0.0,0.0,0.0,0.0,-0.0,0.0,-0.0,0.0,no,0.0,0.0,0.0,"{""yes"": 0.0, ""no"": 1.0, ""insufficient_data"": 0.0}",-0.0,-0.0,10,10,0.0,False,2.0,2.1972245773362196,0.0,0.0,,qwen3:8b,financebench,none,committed
hqa_FB_3a8f6edf,F,yes_no,0,10,hedgeqa_oracle,,False,,1.0,True,-0.0,0.0,-0.0,0.0,0.0,0.0,-0.0,0.0,-0.0,0.0,yes,0.0,0.0,0.0,"{""yes"": 1.0, ""no"": 0.0, ""insufficient_data"": 0.0}",-0.0,-0.0,10,10,0.0,False,2.0,2.1972245773362196,0.0,0.0,,qwen3:8b,financebench,none,committed
hqa_FB_3a8f6edf,F,yes_no,1,10,hedgeqa_oracle,,False,,1.0,True,-0.0,0.0,-0.0,0.0,0.0,0.0,-0.0,0.0,-0.0,0.0,yes,0.0,0.0,0.0,"{""yes"": 1.0, ""no"": 0.0, ""insufficient_data"": 0.0}",-0.0,-0.0,10,10,0.0,False,2.0,2.1972245773362196,0.0,0.0,,qwen3:8b,financebench,none,committed
hqa_FB_3d960a52,F,yes_no,0,10,hedgeqa_oracle,,False,,1.0,True,-0.0,0.0,-0.0,0.0,0.0,0.0,-0.0,0.0,-0.0,0.0,no,0.0,0.0,0.0,"{""yes"": 0.0, ""no"": 1.0, ""insufficient_data"": 0.0}",-0.0,-0.0,10,10,0.0,False,2.0,2.1972245773362196,0.0,0.0,,qwen3:8b,financebench,none,committed
hqa_FB_3d960a52,F,yes_no,1,10,hedgeqa_oracle,,False,,1.0,True,-0.0,0.0,-0.0,0.0,0.0,0.0,-0.0,0.0,-0.0,0.0,no,0.0,0.0,0.0,"{""yes"": 0.0, ""no"": 1.0, ""insufficient_data"": 0.0}",-0.0,-0.0,10,10,0.0,False,2.0,2.1972245773362196,0.0,0.0,,qwen3:8b,financebench,none,committed
hqa_FB_4fcce970,F,yes_no,0,10,hedgeqa_oracle,,False,,1.0,True,-0.0,0.0,-0.0,0.0,0.0,0.0,-0.0,0.0,-0.0,0.0,yes,0.0,0.0,0.0,"{""yes"": 1.0, ""no"": 0.0, ""insufficient_data"": 0.0}",-0.0,-0.0,10,10,0.0,False,2.0,2.1972245773362196,0.0,0.0,,qwen3:8b,financebench,none,committed
hqa_FB_4fcce970,F,yes_no,1,10,hedgeqa_oracle,,False,,1.0,True,-0.0,0.0,-0.0,0.0,0.0,0.0,-0.0,0.0,-0.0,0.0,no,0.0,0.0,0.0,"{""yes"": 0.0, ""no"": 1.0, ""insufficient_data"": 0.0}",-0.0,-0.0,10,10,1.0,True,0.0,0.25131442828090605,1.0,1.0,,qwen3:8b,financebench,none,committed
hqa_FB_59653c84,F,yes_no,0,10,hedgeqa_oracle,,False,,1.0,True,-0.0,0.0,-0.0,0.0,0.0,0.0,-0.0,0.0,-0.0,0.0,yes,0.0,0.0,0.0,"{""yes"": 1.0, ""no"": 0.0, ""insufficient_data"": 0.0}",-0.0,-0.0,10,10,1.0,True,0.0,0.25131442828090605,1.0,1.0,,qwen3:8b,financebench,none,committed
hqa_FB_59653c84,F,yes_no,1,10,hedgeqa_oracle,,False,,1.0,True,-0.0,0.0,-0.0,0.0,0.0,0.0,-0.0,0.0,-0.0,0.0,yes,0.0,0.0,0.0,"{""yes"": 1.0, ""no"": 0.0, ""insufficient_data"": 0.0}",-0.0,-0.0,10,10,1.0,True,0.0,0.25131442828090605,1.0,1.0,,qwen3:8b,financebench,none,committed
hqa_FB_5aee2b1c,F,yes_no,0,10,hedgeqa_oracle,,False,,1.0,True,0.9433483923290391,0.25020121176909393,0.6931471805599452,0.9933483923290392,0.27520121176909396,0.7181471805599452,0.8586727110732548,0.2277429575017976,0.6309297535714573,0.7347732674337097,yes,0.1,0.0,0.2,"{""yes"": 0.5, ""no"": 0.4, ""insufficient_data"": 0.1}",-0.0,0.5004024235381879,10,10,0.5,True,0.42000000000000004,0.8109302162163288,1.0,0.0,,qwen3:8b,financebench,none,committed
hqa_FB_5aee2b1c,F,yes_no,1,10,hedgeqa_oracle,,False,,1.0,True,0.6730116670092565,0.25020121176909393,0.4228104552401626,0.6980116670092565,0.27520121176909396,0.4228104552401626,0.6126016192893442,0.2277429575017976,0.38485866178754663,0.6282364421987758,no,0.0,0.0,0.0,"{""yes"": 0.4, ""no"": 0.6, ""insufficient_data"": 0.0}",-0.0,0.5004024235381879,10,10,0.4,False,0.72,0.9734491457141036,0.0,0.8,,qwen3:8b,financebench,none,committed
hqa_FB_6103ef6a,F,yes_no,0,10,hedgeqa_oracle,,False,,1.0,True,-0.0,0.0,-0.0,0.0,0.0,0.0,-0.0,0.0,-0.0,0.0,yes,0.0,0.0,0.0,"{""yes"": 1.0, ""no"": 0.0, ""insufficient_data"": 0.0}",-0.0,-0.0,10,10,1.0,True,0.0,0.25131442828090605,1.0,1.0,,qwen3:8b,financebench,none,committed
hqa_FB_6103ef6a,F,yes_no,1,10,hedgeqa_oracle,,False,,1.0,True,-0.0,0.0,-0.0,0.0,0.0,0.0,-0.0,0.0,-0.0,0.0,yes,0.0,0.0,0.0,"{""yes"": 1.0, ""no"": 0.0, ""insufficient_data"": 0.0}",-0.0,-0.0,10,10,1.0,True,0.0,0.25131442828090605,1.0,1.0,,qwen3:8b,financebench,none,committed
hqa_FB_68e15a3f,F,yes_no,0,10,hedgeqa_oracle,,False,,1.0,True,-0.0,0.0,-0.0,0.0,0.0,0.0,-0.0,0.0,-0.0,0.0,no,0.0,0.0,0.0,"{""yes"": 0.0, ""no"": 1.0, ""insufficient_data"": 0.0}",-0.0,-0.0,10,10,1.0,True,0.0,0.25131442828090605,1.0,1.0,,qwen3:8b,financebench,none,committed
hqa_FB_68e15a3f,F,yes_no,1,10,hedgeqa_oracle,,False,,1.0,True,-0.0,0.0,-0.0,0.0,0.0,0.0,-0.0,0.0,-0.0,0.0,no,0.0,0.0,0.0,"{""yes"": 0.0, ""no"": 1.0, ""insufficient_data"": 0.0}",-0.0,-0.0,10,10,1.0,True,0.0,0.25131442828090605,1.0,1.0,,qwen3:8b,financebench,none,committed
hqa_FB_6c175812,F,yes_no,0,10,hedgeqa_oracle,,False,,1.0,True,0.6931471805599453,0.3250829733914482,0.3680642071684971,0.7181471805599453,0.3750829733914482,0.3430642071684971,0.6309297535714574,0.29590327428938457,0.3350264792820728,0.5310044064107188,yes,0.0,0.0,0.0,"{""yes"": 0.5, ""no"": 0.5, ""insufficient_data"": 0.0}",0.3250829733914482,0.3250829733914482,10,10,0.5,True,0.5,0.8109302162163288,0.9,0.1,,qwen3:8b,financebench,none,committed
hqa_FB_6c175812,F,yes_no,1,10,hedgeqa_oracle,,False,,1.0,True,0.6931471805599453,0.0,0.6931471805599453,0.7181471805599453,0.0,0.7181471805599453,0.6309297535714574,0.0,0.6309297535714574,1.0,yes,0.0,0.0,0.0,"{""yes"": 0.5, ""no"": 0.5, ""insufficient_data"": 0.0}",-0.0,-0.0,10,10,0.5,True,0.5,0.8109302162163288,0.0,1.0,,qwen3:8b,financebench,none,committed
hqa_FB_7aa81e67,F,yes_no,0,10,hedgeqa_oracle,,False,,1.0,True,0.42270908780599087,0.30543215102744675,0.11727693677854412,0.4477090878059909,0.3304321510274468,0.11727693677854412,0.384766393172661,0.2780163249381945,0.10675006823446649,0.2774412478029577,yes,0.0,0.0,0.0,"{""yes"": 0.85, ""no"": 0.15, ""insufficient_data"": 0.0}",0.6108643020548935,-0.0,10,10,0.85,True,0.045000000000000005,0.38893580615695394,0.7,1.0,,qwen3:8b,financebench,none,committed
hqa_FB_7aa81e67,F,yes_no,1,10,hedgeqa_oracle,,False,,1.0,True,-0.0,0.0,-0.0,0.0,0.0,0.0,-0.0,0.0,-0.0,0.0,yes,0.0,0.0,0.0,"{""yes"": 1.0, ""no"": 0.0, ""insufficient_data"": 0.0}",-0.0,-0.0,10,10,1.0,True,0.0,0.25131442828090605,1.0,1.0,,qwen3:8b,financebench,none,committed
hqa_FB_7cc358e4_masked,F,yes_no,0,10,hedgeqa_oracle,,False,,1.0,True,0.1985152433458726,0.1625414866957241,0.035973756650148486,0.22351524334587258,0.1875414866957241,0.035973756650148486,0.18069636157678548,0.14795163714469228,0.032744724432093204,0.18121407728610292,no,0.05,0.1,0.0,"{""yes"": 0.0, ""no"": 0.95, ""insufficient_data"": 0.05}",0.3250829733914482,-0.0,10,10,0.05,False,1.805,1.934860312868728,0.1,0.0,,qwen3:8b,financebench,evidence_masked_insufficient,noncommitted
hqa_FB_7cc358e4_masked,F,yes_no,1,10,hedgeqa_oracle,,False,,1.0,True,-0.0,0.0,-0.0,0.0,0.0,0.0,-0.0,0.0,-0.0,0.0,no,0.0,0.0,0.0,"{""yes"": 0.0, ""no"": 1.0, ""insufficient_data"": 0.0}",-0.0,-0.0,10,10,0.0,False,2.0,2.1972245773362196,0.0,0.0,,qwen3:8b,financebench,evidence_masked_insufficient,noncommitted
hqa_FB_83caee0d,F,yes_no,0,10,hedgeqa_oracle,,False,,1.0,True,-0.0,0.0,-0.0,0.0,0.0,0.0,-0.0,0.0,-0.0,0.0,no,0.0,0.0,0.0,"{""yes"": 0.0, ""no"": 1.0, ""insufficient_data"": 0.0}",-0.0,-0.0,10,10,1.0,True,0.0,0.25131442828090605,1.0,1.0,,qwen3:8b,financebench,none,committed
hqa_FB_83caee0d,F,yes_no,1,10,hedgeqa_oracle,,False,,1.0,True,-0.0,0.0,-0.0,0.0,0.0,0.0,-0.0,0.0,-0.0,0.0,no,0.0,0.0,0.0,"{""yes"": 0.0, ""no"": 1.0, ""insufficient_data"": 0.0}",-0.0,-0.0,10,10,1.0,True,0.0,0.25131442828090605,1.0,1.0,,qwen3:8b,financebench,none,committed
hqa_FB_86637d3d_masked,F,yes_no,0,10,hedgeqa_oracle,,False,,1.0,True,0.42270908780599087,0.30543215102744675,0.11727693677854412,0.4477090878059909,0.3304321510274468,0.11727693677854412,0.384766393172661,0.2780163249381945,0.10675006823446649,0.2774412478029577,no,0.15,0.3,0.0,"{""yes"": 0.0, ""no"": 0.85, ""insufficient_data"": 0.15}",0.6108643020548935,-0.0,10,10,0.15,False,1.4449999999999998,1.5553706911638245,0.3,0.0,,qwen3:8b,financebench,evidence_masked_insufficient,noncommitted
hqa_FB_86637d3d_masked,F,yes_no,1,10,hedgeqa_oracle,,False,,1.0,True,-0.0,0.0,-0.0,0.0,0.0,0.0,-0.0,0.0,-0.0,0.0,insufficient_data,1.0,1.0,1.0,"{""yes"": 0.0, ""no"": 0.0, ""insufficient_data"": 1.0}",-0.0,-0.0,10,10,1.0,True,0.0,0.25131442828090605,1.0,1.0,,qwen3:8b,financebench,evidence_masked_insufficient,noncommitted
hqa_FB_91b08071,F,yes_no,0,10,hedgeqa_oracle,,False,,1.0,True,-0.0,0.0,-0.0,0.0,0.0,0.0,-0.0,0.0,-0.0,0.0,no,0.0,0.0,0.0,"{""yes"": 0.0, ""no"": 1.0, ""insufficient_data"": 0.0}",-0.0,-0.0,10,10,1.0,True,0.0,0.25131442828090605,1.0,1.0,,qwen3:8b,financebench,none,committed
hqa_FB_91b08071,F,yes_no,1,10,hedgeqa_oracle,,False,,1.0,True,-0.0,0.0,-0.0,0.0,0.0,0.0,-0.0,0.0,-0.0,0.0,no,0.0,0.0,0.0,"{""yes"": 0.0, ""no"": 1.0, ""insufficient_data"": 0.0}",-0.0,-0.0,10,10,1.0,True,0.0,0.25131442828090605,1.0,1.0,,qwen3:8b,financebench,none,committed
hqa_FB_91c39cc9,F,yes_no,0,10,hedgeqa_oracle,,False,,1.0,True,-0.0,0.0,-0.0,0.0,0.0,0.0,-0.0,0.0,-0.0,0.0,yes,0.0,0.0,0.0,"{""yes"": 1.0, ""no"": 0.0, ""insufficient_data"": 0.0}",-0.0,-0.0,10,10,1.0,True,0.0,0.25131442828090605,1.0,1.0,,qwen3:8b,financebench,none,committed
hqa_FB_91c39cc9,F,yes_no,1,10,hedgeqa_oracle,,False,,1.0,True,-0.0,0.0,-0.0,0.0,0.0,0.0,-0.0,0.0,-0.0,0.0,yes,0.0,0.0,0.0,"{""yes"": 1.0, ""no"": 0.0, ""insufficient_data"": 0.0}",-0.0,-0.0,10,10,1.0,True,0.0,0.25131442828090605,1.0,1.0,,qwen3:8b,financebench,none,committed
hqa_FB_92610589,F,yes_no,0,10,hedgeqa_oracle,,False,,1.0,True,-0.0,0.0,-0.0,0.0,0.0,0.0,-0.0,0.0,-0.0,0.0,yes,0.0,0.0,0.0,"{""yes"": 1.0, ""no"": 0.0, ""insufficient_data"": 0.0}",-0.0,-0.0,10,10,1.0,True,0.0,0.25131442828090605,1.0,1.0,,qwen3:8b,financebench,none,committed
hqa_FB_92610589,F,yes_no,1,10,hedgeqa_oracle,,False,,1.0,True,-0.0,0.0,-0.0,0.0,0.0,0.0,-0.0,0.0,-0.0,0.0,yes,0.0,0.0,0.0,"{""yes"": 1.0, ""no"": 0.0, ""insufficient_data"": 0.0}",-0.0,-0.0,10,10,1.0,True,0.0,0.25131442828090605,1.0,1.0,,qwen3:8b,financebench,none,committed
hqa_FB_97a28182,F,yes_no,0,10,hedgeqa_oracle,,False,,1.0,True,0.8237197315118312,0.611514349124114,0.21220538238771725,0.8737197315118312,0.6865143491241139,0.18720538238771733,0.7497820113685953,0.5566243482179473,0.19315766315064803,0.2576184280522717,yes,0.35,0.6,0.1,"{""yes"": 0.6, ""no"": 0.05, ""insufficient_data"": 0.35}",0.8979457248567797,0.3250829733914482,10,10,0.6,True,0.28500000000000003,0.6711682738411702,0.3,0.9,,qwen3:8b,financebench,none,committed
hqa_FB_97a28182,F,yes_no,1,10,hedgeqa_oracle,,False,,1.0,True,0.6881388137135884,0.1625414866957241,0.5255973270178643,0.7131388137135884,0.1875414866957241,0.5255973270178643,0.626370941606566,0.14795163714469228,0.47841930446187375,0.7637954966984672,yes,0.45,0.0,0.9,"{""yes"": 0.55, ""no"": 0.0, ""insufficient_data"": 0.45}",-0.0,0.3250829733914482,10,10,0.55,True,0.40499999999999997,0.7386095546367027,1.0,0.1,,qwen3:8b,financebench,none,committed
hqa_FB_9954aa1f,F,yes_no,0,10,hedgeqa_oracle,,False,,1.0,True,-0.0,0.0,-0.0,0.0,0.0,0.0,-0.0,0.0,-0.0,0.0,yes,0.0,0.0,0.0,"{""yes"": 1.0, ""no"": 0.0, ""insufficient_data"": 0.0}",-0.0,-0.0,10,10,1.0,True,0.0,0.25131442828090605,1.0,1.0,,qwen3:8b,financebench,none,committed
hqa_FB_9954aa1f,F,yes_no,1,10,hedgeqa_oracle,,False,,1.0,True,-0.0,0.0,-0.0,0.0,0.0,0.0,-0.0,0.0,-0.0,0.0,yes,0.0,0.0,0.0,"{""yes"": 1.0, ""no"": 0.0, ""insufficient_data"": 0.0}",-0.0,-0.0,10,10,1.0,True,0.0,0.25131442828090605,1.0,1.0,,qwen3:8b,financebench,none,committed
hqa_FB_a1bda949,F,yes_no,0,10,hedgeqa_oracle,,False,,1.0,True,-0.0,0.0,-0.0,0.0,0.0,0.0,-0.0,0.0,-0.0,0.0,no,0.0,0.0,0.0,"{""yes"": 0.0, ""no"": 1.0, ""insufficient_data"": 0.0}",-0.0,-0.0,10,10,0.0,False,2.0,2.1972245773362196,0.0,0.0,,qwen3:8b,financebench,none,committed
hqa_FB_a1bda949,F,yes_no,1,10,hedgeqa_oracle,,False,,1.0,True,-0.0,0.0,-0.0,0.0,0.0,0.0,-0.0,0.0,-0.0,0.0,no,0.0,0.0,0.0,"{""yes"": 0.0, ""no"": 1.0, ""insufficient_data"": 0.0}",-0.0,-0.0,10,10,0.0,False,2.0,2.1972245773362196,0.0,0.0,,qwen3:8b,financebench,none,committed
hqa_FB_a3a1549b,F,yes_no,0,10,hedgeqa_oracle,,False,,1.0,True,-0.0,0.0,-0.0,0.0,0.0,0.0,-0.0,0.0,-0.0,0.0,yes,0.0,0.0,0.0,"{""yes"": 1.0, ""no"": 0.0, ""insufficient_data"": 0.0}",-0.0,-0.0,10,10,1.0,True,0.0,0.25131442828090605,1.0,1.0,,qwen3:8b,financebench,none,committed
hqa_FB_a3a1549b,F,yes_no,1,10,hedgeqa_oracle,,False,,1.0,True,-0.0,0.0,-0.0,0.0,0.0,0.0,-0.0,0.0,-0.0,0.0,yes,0.0,0.0,0.0,"{""yes"": 1.0, ""no"": 0.0, ""insufficient_data"": 0.0}",-0.0,-0.0,10,10,1.0,True,0.0,0.25131442828090605,1.0,1.0,,qwen3:8b,financebench,none,committed
hqa_FB_a4c22c57,F,yes_no,0,10,hedgeqa_oracle,,False,,1.0,True,-0.0,0.0,-0.0,0.0,0.0,0.0,-0.0,0.0,-0.0,0.0,yes,0.0,0.0,0.0,"{""yes"": 1.0, ""no"": 0.0, ""insufficient_data"": 0.0}",-0.0,-0.0,10,10,1.0,True,0.0,0.25131442828090605,1.0,1.0,,qwen3:8b,financebench,none,committed
hqa_FB_a4c22c57,F,yes_no,1,10,hedgeqa_oracle,,False,,1.0,True,-0.0,0.0,-0.0,0.0,0.0,0.0,-0.0,0.0,-0.0,0.0,yes,0.0,0.0,0.0,"{""yes"": 1.0, ""no"": 0.0, ""insufficient_data"": 0.0}",-0.0,-0.0,10,10,1.0,True,0.0,0.25131442828090605,1.0,1.0,,qwen3:8b,financebench,none,committed
hqa_FB_b2c048f7,F,yes_no,0,10,hedgeqa_oracle,,False,,1.0,True,-0.0,0.0,-0.0,0.0,0.0,0.0,-0.0,0.0,-0.0,0.0,no,0.0,0.0,0.0,"{""yes"": 0.0, ""no"": 1.0, ""insufficient_data"": 0.0}",-0.0,-0.0,10,10,1.0,True,0.0,0.25131442828090605,1.0,1.0,,qwen3:8b,financebench,none,committed
hqa_FB_b2c048f7,F,yes_no,1,10,hedgeqa_oracle,,False,,1.0,True,-0.0,0.0,-0.0,0.0,0.0,0.0,-0.0,0.0,-0.0,0.0,no,0.0,0.0,0.0,"{""yes"": 0.0, ""no"": 1.0, ""insufficient_data"": 0.0}",-0.0,-0.0,10,10,1.0,True,0.0,0.25131442828090605,1.0,1.0,,qwen3:8b,financebench,none,committed
hqa_FB_b7466219,F,yes_no,0,10,hedgeqa_oracle,,False,,1.0,True,-0.0,0.0,-0.0,0.0,0.0,0.0,-0.0,0.0,-0.0,0.0,yes,0.0,0.0,0.0,"{""yes"": 1.0, ""no"": 0.0, ""insufficient_data"": 0.0}",-0.0,-0.0,10,10,0.0,False,2.0,2.1972245773362196,0.0,0.0,,qwen3:8b,financebench,none,committed
hqa_FB_b7466219,F,yes_no,1,10,hedgeqa_oracle,,False,,1.0,True,-0.0,0.0,-0.0,0.0,0.0,0.0,-0.0,0.0,-0.0,0.0,no,0.0,0.0,0.0,"{""yes"": 0.0, ""no"": 1.0, ""insufficient_data"": 0.0}",-0.0,-0.0,10,10,1.0,True,0.0,0.25131442828090605,1.0,1.0,,qwen3:8b,financebench,none,committed
hqa_FB_bf8c0adf,F,yes_no,0,10,hedgeqa_oracle,,False,,1.0,True,-0.0,0.0,-0.0,0.0,0.0,0.0,-0.0,0.0,-0.0,0.0,yes,0.0,0.0,0.0,"{""yes"": 1.0, ""no"": 0.0, ""insufficient_data"": 0.0}",-0.0,-0.0,10,10,1.0,True,0.0,0.25131442828090605,1.0,1.0,,qwen3:8b,financebench,none,committed
hqa_FB_bf8c0adf,F,yes_no,1,10,hedgeqa_oracle,,False,,1.0,True,-0.0,0.0,-0.0,0.0,0.0,0.0,-0.0,0.0,-0.0,0.0,yes,0.0,0.0,0.0,"{""yes"": 1.0, ""no"": 0.0, ""insufficient_data"": 0.0}",-0.0,-0.0,10,10,1.0,True,0.0,0.25131442828090605,1.0,1.0,,qwen3:8b,financebench,none,committed
hqa_FB_bff75d9f,F,yes_no,0,10,hedgeqa_oracle,,False,,1.0,True,-0.0,0.0,-0.0,0.0,0.0,0.0,-0.0,0.0,-0.0,0.0,insufficient_data,1.0,1.0,1.0,"{""yes"": 0.0, ""no"": 0.0, ""insufficient_data"": 1.0}",-0.0,-0.0,10,10,0.0,False,2.0,2.1972245773362196,0.0,0.0,,qwen3:8b,financebench,none,committed
hqa_FB_bff75d9f,F,yes_no,1,10,hedgeqa_oracle,,False,,1.0,True,-0.0,0.0,-0.0,0.0,0.0,0.0,-0.0,0.0,-0.0,0.0,insufficient_data,1.0,1.0,1.0,"{""yes"": 0.0, ""no"": 0.0, ""insufficient_data"": 1.0}",-0.0,-0.0,10,10,0.0,False,2.0,2.1972245773362196,0.0,0.0,,qwen3:8b,financebench,none,committed
hqa_FB_c8a4f2a5,F,yes_no,0,10,hedgeqa_oracle,,False,,1.0,True,-0.0,0.0,-0.0,0.0,0.0,0.0,-0.0,0.0,-0.0,0.0,yes,0.0,0.0,0.0,"{""yes"": 1.0, ""no"": 0.0, ""insufficient_data"": 0.0}",-0.0,-0.0,10,10,1.0,True,0.0,0.25131442828090605,1.0,1.0,,qwen3:8b,financebench,none,committed
hqa_FB_c8a4f2a5,F,yes_no,1,10,hedgeqa_oracle,,False,,1.0,True,-0.0,0.0,-0.0,0.0,0.0,0.0,-0.0,0.0,-0.0,0.0,yes,0.0,0.0,0.0,"{""yes"": 1.0, ""no"": 0.0, ""insufficient_data"": 0.0}",-0.0,-0.0,10,10,1.0,True,0.0,0.25131442828090605,1.0,1.0,,qwen3:8b,financebench,none,committed
hqa_FB_d010da62,F,yes_no,0,10,hedgeqa_oracle,,False,,1.0,True,-0.0,0.0,-0.0,0.0,0.0,0.0,-0.0,0.0,-0.0,0.0,insufficient_data,1.0,1.0,1.0,"{""yes"": 0.0, ""no"": 0.0, ""insufficient_data"": 1.0}",-0.0,-0.0,10,10,0.0,False,2.0,2.1972245773362196,0.0,0.0,,qwen3:8b,financebench,none,committed
hqa_FB_d010da62,F,yes_no,1,10,hedgeqa_oracle,,False,,1.0,True,-0.0,0.0,-0.0,0.0,0.0,0.0,-0.0,0.0,-0.0,0.0,insufficient_data,1.0,1.0,1.0,"{""yes"": 0.0, ""no"": 0.0, ""insufficient_data"": 1.0}",-0.0,-0.0,10,10,0.0,False,2.0,2.1972245773362196,0.0,0.0,,qwen3:8b,financebench,none,committed
hqa_FB_d144e933,F,yes_no,0,10,hedgeqa_oracle,,False,,1.0,True,-0.0,0.0,-0.0,0.0,0.0,0.0,-0.0,0.0,-0.0,0.0,yes,0.0,0.0,0.0,"{""yes"": 1.0, ""no"": 0.0, ""insufficient_data"": 0.0}",-0.0,-0.0,10,10,1.0,True,0.0,0.25131442828090605,1.0,1.0,,qwen3:8b,financebench,none,committed
hqa_FB_d144e933,F,yes_no,1,10,hedgeqa_oracle,,False,,1.0,True,-0.0,0.0,-0.0,0.0,0.0,0.0,-0.0,0.0,-0.0,0.0,yes,0.0,0.0,0.0,"{""yes"": 1.0, ""no"": 0.0, ""insufficient_data"": 0.0}",-0.0,-0.0,10,10,1.0,True,0.0,0.25131442828090605,1.0,1.0,,qwen3:8b,financebench,none,committed
hqa_FB_d397e71d_masked,F,yes_no,0,10,hedgeqa_oracle,,False,,1.0,True,0.6931471805599453,0.0,0.6931471805599453,0.7181471805599453,0.0,0.7181471805599453,0.6309297535714574,0.0,0.6309297535714574,1.0,no,0.5,1.0,0.0,"{""yes"": 0.0, ""no"": 0.5, ""insufficient_data"": 0.5}",-0.0,-0.0,10,10,0.5,False,0.5,0.8109302162163288,1.0,0.0,,qwen3:8b,financebench,evidence_masked_insufficient,noncommitted
hqa_FB_d397e71d_masked,F,yes_no,1,10,hedgeqa_oracle,,False,,1.0,True,0.6931471805599453,0.0,0.6931471805599453,0.7181471805599453,0.0,0.7181471805599453,0.6309297535714574,0.0,0.6309297535714574,1.0,no,0.5,0.0,1.0,"{""yes"": 0.0, ""no"": 0.5, ""insufficient_data"": 0.5}",-0.0,-0.0,10,10,0.5,False,0.5,0.8109302162163288,0.0,1.0,,qwen3:8b,financebench,evidence_masked_insufficient,noncommitted
hqa_FB_d71a56a3,F,yes_no,0,10,hedgeqa_oracle,,False,,1.0,True,-0.0,0.0,-0.0,0.0,0.0,0.0,-0.0,0.0,-0.0,0.0,no,0.0,0.0,0.0,"{""yes"": 0.0, ""no"": 1.0, ""insufficient_data"": 0.0}",-0.0,-0.0,10,10,0.0,False,2.0,2.1972245773362196,0.0,0.0,,qwen3:8b,financebench,none,committed
hqa_FB_d71a56a3,F,yes_no,1,10,hedgeqa_oracle,,False,,1.0,True,-0.0,0.0,-0.0,0.0,0.0,0.0,-0.0,0.0,-0.0,0.0,no,0.0,0.0,0.0,"{""yes"": 0.0, ""no"": 1.0, ""insufficient_data"": 0.0}",-0.0,-0.0,10,10,0.0,False,2.0,2.1972245773362196,0.0,0.0,,qwen3:8b,financebench,none,committed
hqa_FB_dd6b6058,F,yes_no,0,10,hedgeqa_oracle,,False,,1.0,True,0.3250829733914482,0.25020121176909393,0.07488176162235427,0.3500829733914482,0.27520121176909396,0.07488176162235427,0.29590327428938457,0.2277429575017976,0.06816031678758694,0.23034661225454434,yes,0.0,0.0,0.0,"{""yes"": 0.9, ""no"": 0.1, ""insufficient_data"": 0.0}",-0.0,0.5004024235381879,10,10,0.9,True,0.019999999999999997,0.3409265869705932,1.0,0.8,,qwen3:8b,financebench,none,committed
hqa_FB_dd6b6058,F,yes_no,1,10,hedgeqa_oracle,,False,,1.0,True,0.6108643020548935,0.33650583350462826,0.27435846855026524,0.6358643020548935,0.3615058335046283,0.27435846855026524,0.556032649876389,0.3063008096446721,0.2497318402317169,0.4491316117627886,no,0.0,0.0,0.0,"{""yes"": 0.3, ""no"": 0.7, ""insufficient_data"": 0.0}",-0.0,0.6730116670092565,10,10,0.3,False,0.9799999999999999,1.1676051601550612,0.0,0.6,,qwen3:8b,financebench,none,committed
hqa_FB_f0d21fb5,F,yes_no,0,10,hedgeqa_oracle,,False,,1.0,True,-0.0,0.0,-0.0,0.0,0.0,0.0,-0.0,0.0,-0.0,0.0,yes,0.0,0.0,0.0,"{""yes"": 1.0, ""no"": 0.0, ""insufficient_data"": 0.0}",-0.0,-0.0,10,10,1.0,True,0.0,0.25131442828090605,1.0,1.0,,qwen3:8b,financebench,none,committed
hqa_FB_f0d21fb5,F,yes_no,1,10,hedgeqa_oracle,,False,,1.0,True,-0.0,0.0,-0.0,0.0,0.0,0.0,-0.0,0.0,-0.0,0.0,yes,0.0,0.0,0.0,"{""yes"": 1.0, ""no"": 0.0, ""insufficient_data"": 0.0}",-0.0,-0.0,10,10,1.0,True,0.0,0.25131442828090605,1.0,1.0,,qwen3:8b,financebench,none,committed
hqa_FB_f25bb18c,F,yes_no,0,10,hedgeqa_oracle,,False,,1.0,True,-0.0,0.0,-0.0,0.0,0.0,0.0,-0.0,0.0,-0.0,0.0,yes,0.0,0.0,0.0,"{""yes"": 1.0, ""no"": 0.0, ""insufficient_data"": 0.0}",-0.0,-0.0,10,10,1.0,True,0.0,0.25131442828090605,1.0,1.0,,qwen3:8b,financebench,none,committed
hqa_FB_f25bb18c,F,yes_no,1,10,hedgeqa_oracle,,False,,1.0,True,-0.0,0.0,-0.0,0.0,0.0,0.0,-0.0,0.0,-0.0,0.0,yes,0.0,0.0,0.0,"{""yes"": 1.0, ""no"": 0.0, ""insufficient_data"": 0.0}",-0.0,-0.0,10,10,1.0,True,0.0,0.25131442828090605,1.0,1.0,,qwen3:8b,financebench,none,committed
hqa_FQ_0921febd,F,directional_change,0,10,hedgeqa_oracle,,False,,1.0,True,-0.0,0.0,-0.0,0.0,0.0,0.0,-0.0,0.0,-0.0,0.0,decreased,0.0,0.0,0.0,"{""increased"": 0.0, ""decreased"": 1.0, ""roughly_unchanged"": 0.0, ""insufficient_data"": 0.0}",-0.0,-0.0,10,10,1.0,True,0.0,0.2876820724517809,1.0,1.0,,qwen3:8b,finqa,numeric_to_directional,committed
hqa_FQ_0921febd,F,directional_change,1,10,hedgeqa_oracle,,False,,1.0,True,-0.0,0.0,-0.0,0.0,0.0,0.0,-0.0,0.0,-0.0,0.0,decreased,0.0,0.0,0.0,"{""increased"": 0.0, ""decreased"": 1.0, ""roughly_unchanged"": 0.0, ""insufficient_data"": 0.0}",-0.0,-0.0,10,10,1.0,True,0.0,0.2876820724517809,1.0,1.0,,qwen3:8b,finqa,numeric_to_directional,committed
hqa_FQ_0bb282d6,F,directional_change,0,10,hedgeqa_oracle,,False,,1.0,True,-0.0,0.0,-0.0,0.0,0.0,0.0,-0.0,0.0,-0.0,0.0,decreased,0.0,0.0,0.0,"{""increased"": 0.0, ""decreased"": 1.0, ""roughly_unchanged"": 0.0, ""insufficient_data"": 0.0}",-0.0,-0.0,10,10,1.0,True,0.0,0.2876820724517809,1.0,1.0,,qwen3:8b,finqa,numeric_to_directional,committed
hqa_FQ_0bb282d6,F,directional_change,1,10,hedgeqa_oracle,,False,,1.0,True,-0.0,0.0,-0.0,0.0,0.0,0.0,-0.0,0.0,-0.0,0.0,decreased,0.0,0.0,0.0,"{""increased"": 0.0, ""decreased"": 1.0, ""roughly_unchanged"": 0.0, ""insufficient_data"": 0.0}",-0.0,-0.0,10,10,1.0,True,0.0,0.2876820724517809,1.0,1.0,,qwen3:8b,finqa,numeric_to_directional,committed
hqa_FQ_14d227e6,F,directional_change,0,10,hedgeqa_oracle,,False,,1.0,True,-0.0,0.0,-0.0,0.0,0.0,0.0,-0.0,0.0,-0.0,0.0,increased,0.0,0.0,0.0,"{""increased"": 1.0, ""decreased"": 0.0, ""roughly_unchanged"": 0.0, ""insufficient_data"": 0.0}",-0.0,-0.0,10,10,1.0,True,0.0,0.2876820724517809,1.0,1.0,,qwen3:8b,finqa,numeric_to_directional,committed
hqa_FQ_14d227e6,F,directional_change,1,10,hedgeqa_oracle,,False,,1.0,True,-0.0,0.0,-0.0,0.0,0.0,0.0,-0.0,0.0,-0.0,0.0,increased,0.0,0.0,0.0,"{""increased"": 1.0, ""decreased"": 0.0, ""roughly_unchanged"": 0.0, ""insufficient_data"": 0.0}",-0.0,-0.0,10,10,1.0,True,0.0,0.2876820724517809,1.0,1.0,,qwen3:8b,finqa,numeric_to_directional,committed
hqa_FQ_16a8661c,F,directional_change,0,10,hedgeqa_oracle,,False,,1.0,True,-0.0,0.0,-0.0,0.0,0.0,0.0,-0.0,0.0,-0.0,0.0,decreased,0.0,0.0,0.0,"{""increased"": 0.0, ""decreased"": 1.0, ""roughly_unchanged"": 0.0, ""insufficient_data"": 0.0}",-0.0,-0.0,10,10,0.0,False,2.0,2.4849066497880004,0.0,0.0,,qwen3:8b,finqa,numeric_to_directional,committed
hqa_FQ_16a8661c,F,directional_change,1,10,hedgeqa_oracle,,False,,1.0,True,-0.0,0.0,-0.0,0.0,0.0,0.0,-0.0,0.0,-0.0,0.0,decreased,0.0,0.0,0.0,"{""increased"": 0.0, ""decreased"": 1.0, ""roughly_unchanged"": 0.0, ""insufficient_data"": 0.0}",-0.0,-0.0,10,10,0.0,False,2.0,2.4849066497880004,0.0,0.0,,qwen3:8b,finqa,numeric_to_directional,committed
hqa_FQ_19f6d315,F,directional_change,0,10,hedgeqa_oracle,,False,,1.0,True,0.6474466390346325,0.49904732020035236,0.14839931883428015,0.6724466390346325,0.5490473202003524,0.12339931883428013,0.46703402768774555,0.3599865470109875,0.10704748067675807,0.22920702632042259,decreased,0.0,0.0,0.0,"{""increased"": 0.35, ""decreased"": 0.65, ""roughly_unchanged"": 0.0, ""insufficient_data"": 0.0}",0.6730116670092565,0.3250829733914482,10,10,0.65,True,0.24499999999999997,0.6603573577369544,0.4,0.9,,qwen3:8b,finqa,numeric_to_directional,committed
hqa_FQ_19f6d315,F,directional_change,1,10,hedgeqa_oracle,,False,,1.0,True,-0.0,0.0,-0.0,0.0,0.0,0.0,-0.0,0.0,-0.0,0.0,decreased,0.0,0.0,0.0,"{""increased"": 0.0, ""decreased"": 1.0, ""roughly_unchanged"": 0.0, ""insufficient_data"": 0.0}",-0.0,-0.0,10,10,1.0,True,0.0,0.2876820724517809,1.0,1.0,,qwen3:8b,finqa,numeric_to_directional,committed
hqa_FQ_1e05763b,F,directional_change,0,10,hedgeqa_oracle,,False,,1.0,True,-0.0,0.0,-0.0,0.0,0.0,0.0,-0.0,0.0,-0.0,0.0,decreased,0.0,0.0,0.0,"{""increased"": 0.0, ""decreased"": 1.0, ""roughly_unchanged"": 0.0, ""insufficient_data"": 0.0}",-0.0,-0.0,10,10,1.0,True,0.0,0.2876820724517809,1.0,1.0,,qwen3:8b,finqa,numeric_to_directional,committed
hqa_FQ_1e05763b,F,directional_change,1,10,hedgeqa_oracle,,False,,1.0,True,-0.0,0.0,-0.0,0.0,0.0,0.0,-0.0,0.0,-0.0,0.0,decreased,0.0,0.0,0.0,"{""increased"": 0.0, ""decreased"": 1.0, ""roughly_unchanged"": 0.0, ""insufficient_data"": 0.0}",-0.0,-0.0,10,10,1.0,True,0.0,0.2876820724517809,1.0,1.0,,qwen3:8b,finqa,numeric_to_directional,committed
hqa_FQ_23b54354_masked,F,directional_change,0,10,hedgeqa_oracle,,False,,1.0,True,-0.0,0.0,-0.0,0.0,0.0,0.0,-0.0,0.0,-0.0,0.0,insufficient_data,1.0,1.0,1.0,"{""increased"": 0.0, ""decreased"": 0.0, ""roughly_unchanged"": 0.0, ""insufficient_data"": 1.0}",-0.0,-0.0,10,10,1.0,True,0.0,0.2876820724517809,1.0,1.0,,qwen3:8b,finqa,evidence_masked_insufficient,noncommitted
hqa_FQ_23b54354_masked,F,directional_change,1,10,hedgeqa_oracle,,False,,1.0,True,-0.0,0.0,-0.0,0.0,0.0,0.0,-0.0,0.0,-0.0,0.0,insufficient_data,1.0,1.0,1.0,"{""increased"": 0.0, ""decreased"": 0.0, ""roughly_unchanged"": 0.0, ""insufficient_data"": 1.0}",-0.0,-0.0,10,10,1.0,True,0.0,0.2876820724517809,1.0,1.0,,qwen3:8b,finqa,evidence_masked_insufficient,noncommitted
hqa_FQ_23de6e2d_masked,F,directional_change,0,10,hedgeqa_oracle,,False,,1.0,True,-0.0,0.0,-0.0,0.0,0.0,0.0,-0.0,0.0,-0.0,0.0,insufficient_data,1.0,1.0,1.0,"{""increased"": 0.0, ""decreased"": 0.0, ""roughly_unchanged"": 0.0, ""insufficient_data"": 1.0}",-0.0,-0.0,10,10,1.0,True,0.0,0.2876820724517809,1.0,1.0,,qwen3:8b,finqa,evidence_masked_insufficient,noncommitted
hqa_FQ_23de6e2d_masked,F,directional_change,1,10,hedgeqa_oracle,,False,,1.0,True,-0.0,0.0,-0.0,0.0,0.0,0.0,-0.0,0.0,-0.0,0.0,insufficient_data,1.0,1.0,1.0,"{""increased"": 0.0, ""decreased"": 0.0, ""roughly_unchanged"": 0.0, ""insufficient_data"": 1.0}",-0.0,-0.0,10,10,1.0,True,0.0,0.2876820724517809,1.0,1.0,,qwen3:8b,finqa,evidence_masked_insufficient,noncommitted
hqa_FQ_294c3620,F,directional_change,0,10,hedgeqa_oracle,,False,,1.0,True,-0.0,0.0,-0.0,0.0,0.0,0.0,-0.0,0.0,-0.0,0.0,increased,0.0,0.0,0.0,"{""increased"": 1.0, ""decreased"": 0.0, ""roughly_unchanged"": 0.0, ""insufficient_data"": 0.0}",-0.0,-0.0,10,10,1.0,True,0.0,0.2876820724517809,1.0,1.0,,qwen3:8b,finqa,numeric_to_directional,committed
hqa_FQ_294c3620,F,directional_change,1,10,hedgeqa_oracle,,False,,1.0,True,-0.0,0.0,-0.0,0.0,0.0,0.0,-0.0,0.0,-0.0,0.0,increased,0.0,0.0,0.0,"{""increased"": 1.0, ""decreased"": 0.0, ""roughly_unchanged"": 0.0, ""insufficient_data"": 0.0}",-0.0,-0.0,10,10,1.0,True,0.0,0.2876820724517809,1.0,1.0,,qwen3:8b,finqa,numeric_to_directional,committed
hqa_FQ_2bcd94c6_masked,F,directional_change,0,10,hedgeqa_oracle,,False,,1.0,True,-0.0,0.0,-0.0,0.0,0.0,0.0,-0.0,0.0,-0.0,0.0,insufficient_data,1.0,1.0,1.0,"{""increased"": 0.0, ""decreased"": 0.0, ""roughly_unchanged"": 0.0, ""insufficient_data"": 1.0}",-0.0,-0.0,10,10,1.0,True,0.0,0.2876820724517809,1.0,1.0,,qwen3:8b,finqa,evidence_masked_insufficient,noncommitted
hqa_FQ_2bcd94c6_masked,F,directional_change,1,10,hedgeqa_oracle,,False,,1.0,True,-0.0,0.0,-0.0,0.0,0.0,0.0,-0.0,0.0,-0.0,0.0,insufficient_data,1.0,1.0,1.0,"{""increased"": 0.0, ""decreased"": 0.0, ""roughly_unchanged"": 0.0, ""insufficient_data"": 1.0}",-0.0,-0.0,10,10,1.0,True,0.0,0.2876820724517809,1.0,1.0,,qwen3:8b,finqa,evidence_masked_insufficient,noncommitted
hqa_FQ_32685ea4,F,directional_change,0,10,hedgeqa_oracle,,False,,1.0,True,-0.0,0.0,-0.0,0.0,0.0,0.0,-0.0,0.0,-0.0,0.0,increased,0.0,0.0,0.0,"{""increased"": 1.0, ""decreased"": 0.0, ""roughly_unchanged"": 0.0, ""insufficient_data"": 0.0}",-0.0,-0.0,10,10,1.0,True,0.0,0.2876820724517809,1.0,1.0,,qwen3:8b,finqa,numeric_to_directional,committed
hqa_FQ_32685ea4,F,directional_change,1,10,hedgeqa_oracle,,False,,1.0,True,-0.0,0.0,-0.0,0.0,0.0,0.0,-0.0,0.0,-0.0,0.0,increased,0.0,0.0,0.0,"{""increased"": 1.0, ""decreased"": 0.0, ""roughly_unchanged"": 0.0, ""insufficient_data"": 0.0}",-0.0,-0.0,10,10,1.0,True,0.0,0.2876820724517809,1.0,1.0,,qwen3:8b,finqa,numeric_to_directional,committed
hqa_FQ_35480d43,F,directional_change,0,10,hedgeqa_oracle,,False,,1.0,True,-0.0,0.0,-0.0,0.0,0.0,0.0,-0.0,0.0,-0.0,0.0,increased,0.0,0.0,0.0,"{""increased"": 1.0, ""decreased"": 0.0, ""roughly_unchanged"": 0.0, ""insufficient_data"": 0.0}",-0.0,-0.0,10,10,0.0,False,2.0,2.4849066497880004,0.0,0.0,,qwen3:8b,finqa,numeric_to_directional,committed
hqa_FQ_35480d43,F,directional_change,1,10,hedgeqa_oracle,,False,,1.0,True,0.6931471805599453,0.0,0.6931471805599453,0.7181471805599453,0.0,0.7181471805599453,0.5,0.0,0.5,1.0,roughly_unchanged,0.5,0.0,1.0,"{""increased"": 0.0, ""decreased"": 0.0, ""roughly_unchanged"": 0.5, ""insufficient_data"": 0.5}",-0.0,-0.0,10,10,0.5,True,0.5,0.8754687373538999,1.0,0.0,,qwen3:8b,finqa,numeric_to_directional,committed
hqa_FQ_37ff807a,F,directional_change,0,10,hedgeqa_oracle,,False,,1.0,True,-0.0,0.0,-0.0,0.0,0.0,0.0,-0.0,0.0,-0.0,0.0,increased,0.0,0.0,0.0,"{""increased"": 1.0, ""decreased"": 0.0, ""roughly_unchanged"": 0.0, ""insufficient_data"": 0.0}",-0.0,-0.0,10,10,1.0,True,0.0,0.2876820724517809,1.0,1.0,,qwen3:8b,finqa,numeric_to_directional,committed
hqa_FQ_37ff807a,F,directional_change,1,10,hedgeqa_oracle,,False,,1.0,True,-0.0,0.0,-0.0,0.0,0.0,0.0,-0.0,0.0,-0.0,0.0,increased,0.0,0.0,0.0,"{""increased"": 1.0, ""decreased"": 0.0, ""roughly_unchanged"": 0.0, ""insufficient_data"": 0.0}",-0.0,-0.0,10,10,1.0,True,0.0,0.2876820724517809,1.0,1.0,,qwen3:8b,finqa,numeric_to_directional,committed
hqa_FQ_38d63fd6,F,directional_change,0,10,hedgeqa_oracle,,False,,1.0,True,-0.0,0.0,-0.0,0.0,0.0,0.0,-0.0,0.0,-0.0,0.0,decreased,0.0,0.0,0.0,"{""increased"": 0.0, ""decreased"": 1.0, ""roughly_unchanged"": 0.0, ""insufficient_data"": 0.0}",-0.0,-0.0,10,10,1.0,True,0.0,0.2876820724517809,1.0,1.0,,qwen3:8b,finqa,numeric_to_directional,committed
hqa_FQ_38d63fd6,F,directional_change,1,10,hedgeqa_oracle,,False,,1.0,True,-0.0,0.0,-0.0,0.0,0.0,0.0,-0.0,0.0,-0.0,0.0,decreased,0.0,0.0,0.0,"{""increased"": 0.0, ""decreased"": 1.0, ""roughly_unchanged"": 0.0, ""insufficient_data"": 0.0}",-0.0,-0.0,10,10,1.0,True,0.0,0.2876820724517809,1.0,1.0,,qwen3:8b,finqa,numeric_to_directional,committed
hqa_FQ_3bd14ae7,F,directional_change,0,10,hedgeqa_oracle,,False,,1.0,True,-0.0,0.0,-0.0,0.0,0.0,0.0,-0.0,0.0,-0.0,0.0,decreased,0.0,0.0,0.0,"{""increased"": 0.0, ""decreased"": 1.0, ""roughly_unchanged"": 0.0, ""insufficient_data"": 0.0}",-0.0,-0.0,10,10,1.0,True,0.0,0.2876820724517809,1.0,1.0,,qwen3:8b,finqa,numeric_to_directional,committed
hqa_FQ_3bd14ae7,F,directional_change,1,10,hedgeqa_oracle,,False,,1.0,True,-0.0,0.0,-0.0,0.0,0.0,0.0,-0.0,0.0,-0.0,0.0,decreased,0.0,0.0,0.0,"{""increased"": 0.0, ""decreased"": 1.0, ""roughly_unchanged"": 0.0, ""insufficient_data"": 0.0}",-0.0,-0.0,10,10,1.0,True,0.0,0.2876820724517809,1.0,1.0,,qwen3:8b,finqa,numeric_to_directional,committed
hqa_FQ_3e5f5d64,F,directional_change,0,10,hedgeqa_oracle,,False,,1.0,True,-0.0,0.0,-0.0,0.0,0.0,0.0,-0.0,0.0,-0.0,0.0,increased,0.0,0.0,0.0,"{""increased"": 1.0, ""decreased"": 0.0, ""roughly_unchanged"": 0.0, ""insufficient_data"": 0.0}",-0.0,-0.0,10,10,0.0,False,2.0,2.4849066497880004,0.0,0.0,,qwen3:8b,finqa,numeric_to_directional,committed
hqa_FQ_3e5f5d64,F,directional_change,1,10,hedgeqa_oracle,,False,,1.0,True,0.6881388137135884,0.1625414866957241,0.5255973270178643,0.7131388137135884,0.1875414866957241,0.5255973270178643,0.49638722699390414,0.11724889839732029,0.3791383285965838,0.7637954966984672,increased,0.0,0.0,0.0,"{""increased"": 0.55, ""decreased"": 0.0, ""roughly_unchanged"": 0.45, ""insufficient_data"": 0.0}",-0.0,0.3250829733914482,10,10,0.45,False,0.6050000000000001,0.9588503462929511,0.0,0.9,,qwen3:8b,finqa,numeric_to_directional,committed
hqa_FQ_425a8ac9_masked,F,directional_change,0,10,hedgeqa_oracle,,False,,1.0,True,0.6931471805599453,0.0,0.6931471805599453,0.7181471805599453,0.0,0.7181471805599453,0.5,0.0,0.5,1.0,increased,0.5,0.0,1.0,"{""increased"": 0.5, ""decreased"": 0.0, ""roughly_unchanged"": 0.0, ""insufficient_data"": 0.5}",-0.0,-0.0,10,10,0.5,False,0.5,0.8754687373538999,0.0,1.0,,qwen3:8b,finqa,evidence_masked_insufficient,noncommitted
hqa_FQ_425a8ac9_masked,F,directional_change,1,10,hedgeqa_oracle,,False,,1.0,True,0.6931471805599453,0.0,0.6931471805599453,0.7181471805599453,0.0,0.7181471805599453,0.5,0.0,0.5,1.0,increased,0.5,1.0,0.0,"{""increased"": 0.5, ""decreased"": 0.0, ""roughly_unchanged"": 0.0, ""insufficient_data"": 0.5}",-0.0,-0.0,10,10,0.5,False,0.5,0.8754687373538999,1.0,0.0,,qwen3:8b,finqa,evidence_masked_insufficient,noncommitted
hqa_FQ_46ab258b,F,directional_change,0,10,hedgeqa_oracle,,False,,1.0,True,0.1985152433458726,0.1625414866957241,0.035973756650148486,0.22351524334587258,0.1875414866957241,0.035973756650148486,0.1431984785579781,0.11724889839732029,0.025949580160657796,0.18121407728610292,roughly_unchanged,0.0,0.0,0.0,"{""increased"": 0.05, ""decreased"": 0.0, ""roughly_unchanged"": 0.95, ""insufficient_data"": 0.0}",-0.0,0.3250829733914482,10,10,0.95,True,0.0050000000000000044,0.33314444652853825,1.0,0.9,,qwen3:8b,finqa,numeric_to_directional,committed
hqa_FQ_46ab258b,F,directional_change,1,10,hedgeqa_oracle,,False,,1.0,True,-0.0,0.0,-0.0,0.0,0.0,0.0,-0.0,0.0,-0.0,0.0,roughly_unchanged,0.0,0.0,0.0,"{""increased"": 0.0, ""decreased"": 0.0, ""roughly_unchanged"": 1.0, ""insufficient_data"": 0.0}",-0.0,-0.0,10,10,1.0,True,0.0,0.2876820724517809,1.0,1.0,,qwen3:8b,finqa,numeric_to_directional,committed
hqa_FQ_4b4abc53,F,directional_change,0,10,hedgeqa_oracle,,False,,1.0,True,-0.0,0.0,-0.0,0.0,0.0,0.0,-0.0,0.0,-0.0,0.0,increased,0.0,0.0,0.0,"{""increased"": 1.0, ""decreased"": 0.0, ""roughly_unchanged"": 0.0, ""insufficient_data"": 0.0}",-0.0,-0.0,10,10,1.0,True,0.0,0.2876820724517809,1.0,1.0,,qwen3:8b,finqa,numeric_to_directional,committed
hqa_FQ_4b4abc53,F,directional_change,1,10,hedgeqa_oracle,,False,,1.0,True,-0.0,0.0,-0.0,0.0,0.0,0.0,-0.0,0.0,-0.0,0.0,increased,0.0,0.0,0.0,"{""increased"": 1.0, ""decreased"": 0.0, ""roughly_unchanged"": 0.0, ""insufficient_data"": 0.0}",-0.0,-0.0,10,10,1.0,True,0.0,0.2876820724517809,1.0,1.0,,qwen3:8b,finqa,numeric_to_directional,committed
hqa_FQ_4f19e5e1,F,directional_change,0,10,hedgeqa_oracle,,False,,1.0,True,-0.0,0.0,-0.0,0.0,0.0,0.0,-0.0,0.0,-0.0,0.0,decreased,0.0,0.0,0.0,"{""increased"": 0.0, ""decreased"": 1.0, ""roughly_unchanged"": 0.0, ""insufficient_data"": 0.0}",-0.0,-0.0,10,10,1.0,True,0.0,0.2876820724517809,1.0,1.0,,qwen3:8b,finqa,numeric_to_directional,committed
hqa_FQ_4f19e5e1,F,directional_change,1,10,hedgeqa_oracle,,False,,1.0,True,-0.0,0.0,-0.0,0.0,0.0,0.0,-0.0,0.0,-0.0,0.0,decreased,0.0,0.0,0.0,"{""increased"": 0.0, ""decreased"": 1.0, ""roughly_unchanged"": 0.0, ""insufficient_data"": 0.0}",-0.0,-0.0,10,10,1.0,True,0.0,0.2876820724517809,1.0,1.0,,qwen3:8b,finqa,numeric_to_directional,committed
hqa_FQ_5708c95c,F,directional_change,0,10,hedgeqa_oracle,,False,,1.0,True,-0.0,0.0,-0.0,0.0,0.0,0.0,-0.0,0.0,-0.0,0.0,increased,0.0,0.0,0.0,"{""increased"": 1.0, ""decreased"": 0.0, ""roughly_unchanged"": 0.0, ""insufficient_data"": 0.0}",-0.0,-0.0,10,10,0.0,False,2.0,2.4849066497880004,0.0,0.0,,qwen3:8b,finqa,numeric_to_directional,committed
hqa_FQ_5708c95c,F,directional_change,1,10,hedgeqa_oracle,,False,,1.0,True,-0.0,0.0,-0.0,0.0,0.0,0.0,-0.0,0.0,-0.0,0.0,decreased,0.0,0.0,0.0,"{""increased"": 0.0, ""decreased"": 1.0, ""roughly_unchanged"": 0.0, ""insufficient_data"": 0.0}",-0.0,-0.0,10,10,1.0,True,0.0,0.2876820724517809,1.0,1.0,,qwen3:8b,finqa,numeric_to_directional,committed
hqa_FQ_582b6cb3,F,directional_change,0,10,hedgeqa_oracle,,False,,1.0,True,-0.0,0.0,-0.0,0.0,0.0,0.0,-0.0,0.0,-0.0,0.0,decreased,0.0,0.0,0.0,"{""increased"": 0.0, ""decreased"": 1.0, ""roughly_unchanged"": 0.0, ""insufficient_data"": 0.0}",-0.0,-0.0,10,10,1.0,True,0.0,0.2876820724517809,1.0,1.0,,qwen3:8b,finqa,numeric_to_directional,committed
hqa_FQ_582b6cb3,F,directional_change,1,10,hedgeqa_oracle,,False,,1.0,True,-0.0,0.0,-0.0,0.0,0.0,0.0,-0.0,0.0,-0.0,0.0,decreased,0.0,0.0,0.0,"{""increased"": 0.0, ""decreased"": 1.0, ""roughly_unchanged"": 0.0, ""insufficient_data"": 0.0}",-0.0,-0.0,10,10,1.0,True,0.0,0.2876820724517809,1.0,1.0,,qwen3:8b,finqa,numeric_to_directional,committed
hqa_FQ_583bec62,F,directional_change,0,10,hedgeqa_oracle,,False,,1.0,True,-0.0,0.0,-0.0,0.0,0.0,0.0,-0.0,0.0,-0.0,0.0,decreased,0.0,0.0,0.0,"{""increased"": 0.0, ""decreased"": 1.0, ""roughly_unchanged"": 0.0, ""insufficient_data"": 0.0}",-0.0,-0.0,10,10,1.0,True,0.0,0.2876820724517809,1.0,1.0,,qwen3:8b,finqa,numeric_to_directional,committed
hqa_FQ_583bec62,F,directional_change,1,10,hedgeqa_oracle,,False,,1.0,True,-0.0,0.0,-0.0,0.0,0.0,0.0,-0.0,0.0,-0.0,0.0,decreased,0.0,0.0,0.0,"{""increased"": 0.0, ""decreased"": 1.0, ""roughly_unchanged"": 0.0, ""insufficient_data"": 0.0}",-0.0,-0.0,10,10,1.0,True,0.0,0.2876820724517809,1.0,1.0,,qwen3:8b,finqa,numeric_to_directional,committed
hqa_FQ_5991646d_masked,F,directional_change,0,10,hedgeqa_oracle,,False,,1.0,True,-0.0,0.0,-0.0,0.0,0.0,0.0,-0.0,0.0,-0.0,0.0,insufficient_data,1.0,1.0,1.0,"{""increased"": 0.0, ""decreased"": 0.0, ""roughly_unchanged"": 0.0, ""insufficient_data"": 1.0}",-0.0,-0.0,10,10,1.0,True,0.0,0.2876820724517809,1.0,1.0,,qwen3:8b,finqa,evidence_masked_insufficient,noncommitted
hqa_FQ_5991646d_masked,F,directional_change,1,10,hedgeqa_oracle,,False,,1.0,True,-0.0,0.0,-0.0,0.0,0.0,0.0,-0.0,0.0,-0.0,0.0,insufficient_data,1.0,1.0,1.0,"{""increased"": 0.0, ""decreased"": 0.0, ""roughly_unchanged"": 0.0, ""insufficient_data"": 1.0}",-0.0,-0.0,10,10,1.0,True,0.0,0.2876820724517809,1.0,1.0,,qwen3:8b,finqa,evidence_masked_insufficient,noncommitted
hqa_FQ_59cacb14,F,directional_change,0,10,hedgeqa_oracle,,False,,0.75,True,0.615498282275913,0.568761392731814,0.046736889544098936,0.6488316156092463,0.6382058371762585,0.010625778432987842,0.4439881597575675,0.41027462037164414,0.03371353938592339,0.07593341994600063,increased,0.0,0.0,0.0,"{""increased"": 0.6944, ""decreased"": 0.3056, ""roughly_unchanged"": 0.0, ""insufficient_data"": 0.0}",0.6869615765973234,0.45056120886630463,9,6,0.0,False,1.5756172839506173,2.4849066497880004,0.0,0.0,,qwen3:8b,finqa,numeric_to_directional,committed
hqa_FQ_59cacb14,F,directional_change,1,10,hedgeqa_oracle,,False,,1.0,True,-0.0,0.0,-0.0,0.0,0.0,0.0,-0.0,0.0,-0.0,0.0,roughly_unchanged,0.0,0.0,0.0,"{""increased"": 0.0, ""decreased"": 0.0, ""roughly_unchanged"": 1.0, ""insufficient_data"": 0.0}",-0.0,-0.0,10,10,1.0,True,0.0,0.2876820724517809,1.0,1.0,,qwen3:8b,finqa,numeric_to_directional,committed
hqa_FQ_6f94db28,F,directional_change,0,10,hedgeqa_oracle,,False,,1.0,True,-0.0,0.0,-0.0,0.0,0.0,0.0,-0.0,0.0,-0.0,0.0,roughly_unchanged,0.0,0.0,0.0,"{""increased"": 0.0, ""decreased"": 0.0, ""roughly_unchanged"": 1.0, ""insufficient_data"": 0.0}",-0.0,-0.0,10,10,1.0,True,0.0,0.2876820724517809,1.0,1.0,,qwen3:8b,finqa,numeric_to_directional,committed
hqa_FQ_6f94db28,F,directional_change,1,10,hedgeqa_oracle,,False,,1.0,True,-0.0,0.0,-0.0,0.0,0.0,0.0,-0.0,0.0,-0.0,0.0,roughly_unchanged,0.0,0.0,0.0,"{""increased"": 0.0, ""decreased"": 0.0, ""roughly_unchanged"": 1.0, ""insufficient_data"": 0.0}",-0.0,-0.0,10,10,1.0,True,0.0,0.2876820724517809,1.0,1.0,,qwen3:8b,finqa,numeric_to_directional,committed
hqa_FQ_77dbe36f,F,directional_change,0,10,hedgeqa_oracle,,False,,1.0,True,-0.0,0.0,-0.0,0.0,0.0,0.0,-0.0,0.0,-0.0,0.0,decreased,0.0,0.0,0.0,"{""increased"": 0.0, ""decreased"": 1.0, ""roughly_unchanged"": 0.0, ""insufficient_data"": 0.0}",-0.0,-0.0,10,10,1.0,True,0.0,0.2876820724517809,1.0,1.0,,qwen3:8b,finqa,numeric_to_directional,committed
hqa_FQ_77dbe36f,F,directional_change,1,10,hedgeqa_oracle,,False,,1.0,True,-0.0,0.0,-0.0,0.0,0.0,0.0,-0.0,0.0,-0.0,0.0,decreased,0.0,0.0,0.0,"{""increased"": 0.0, ""decreased"": 1.0, ""roughly_unchanged"": 0.0, ""insufficient_data"": 0.0}",-0.0,-0.0,10,10,1.0,True,0.0,0.2876820724517809,1.0,1.0,,qwen3:8b,finqa,numeric_to_directional,committed
hqa_FQ_7bb9c736,F,directional_change,0,10,hedgeqa_oracle,,False,,1.0,True,-0.0,0.0,-0.0,0.0,0.0,0.0,-0.0,0.0,-0.0,0.0,increased,0.0,0.0,0.0,"{""increased"": 1.0, ""decreased"": 0.0, ""roughly_unchanged"": 0.0, ""insufficient_data"": 0.0}",-0.0,-0.0,10,10,1.0,True,0.0,0.2876820724517809,1.0,1.0,,qwen3:8b,finqa,numeric_to_directional,committed
hqa_FQ_7bb9c736,F,directional_change,1,10,hedgeqa_oracle,,False,,1.0,True,-0.0,0.0,-0.0,0.0,0.0,0.0,-0.0,0.0,-0.0,0.0,increased,0.0,0.0,0.0,"{""increased"": 1.0, ""decreased"": 0.0, ""roughly_unchanged"": 0.0, ""insufficient_data"": 0.0}",-0.0,-0.0,10,10,1.0,True,0.0,0.2876820724517809,1.0,1.0,,qwen3:8b,finqa,numeric_to_directional,committed
hqa_FQ_7f2fc914,F,directional_change,0,10,hedgeqa_oracle,,False,,1.0,True,-0.0,0.0,-0.0,0.0,0.0,0.0,-0.0,0.0,-0.0,0.0,increased,0.0,0.0,0.0,"{""increased"": 1.0, ""decreased"": 0.0, ""roughly_unchanged"": 0.0, ""insufficient_data"": 0.0}",-0.0,-0.0,10,10,1.0,True,0.0,0.2876820724517809,1.0,1.0,,qwen3:8b,finqa,numeric_to_directional,committed
hqa_FQ_7f2fc914,F,directional_change,1,10,hedgeqa_oracle,,False,,1.0,True,-0.0,0.0,-0.0,0.0,0.0,0.0,-0.0,0.0,-0.0,0.0,increased,0.0,0.0,0.0,"{""increased"": 1.0, ""decreased"": 0.0, ""roughly_unchanged"": 0.0, ""insufficient_data"": 0.0}",-0.0,-0.0,10,10,1.0,True,0.0,0.2876820724517809,1.0,1.0,,qwen3:8b,finqa,numeric_to_directional,committed
hqa_FQ_812860fd_masked,F,directional_change,0,10,hedgeqa_oracle,,False,,1.0,True,-0.0,0.0,-0.0,0.0,0.0,0.0,-0.0,0.0,-0.0,0.0,insufficient_data,1.0,1.0,1.0,"{""increased"": 0.0, ""decreased"": 0.0, ""roughly_unchanged"": 0.0, ""insufficient_data"": 1.0}",-0.0,-0.0,10,10,1.0,True,0.0,0.2876820724517809,1.0,1.0,,qwen3:8b,finqa,evidence_masked_insufficient,noncommitted
hqa_FQ_812860fd_masked,F,directional_change,1,10,hedgeqa_oracle,,False,,1.0,True,-0.0,0.0,-0.0,0.0,0.0,0.0,-0.0,0.0,-0.0,0.0,insufficient_data,1.0,1.0,1.0,"{""increased"": 0.0, ""decreased"": 0.0, ""roughly_unchanged"": 0.0, ""insufficient_data"": 1.0}",-0.0,-0.0,10,10,1.0,True,0.0,0.2876820724517809,1.0,1.0,,qwen3:8b,finqa,evidence_masked_insufficient,noncommitted
hqa_FQ_8462e4ce,F,directional_change,0,10,hedgeqa_oracle,,False,,1.0,True,-0.0,0.0,-0.0,0.0,0.0,0.0,-0.0,0.0,-0.0,0.0,increased,0.0,0.0,0.0,"{""increased"": 1.0, ""decreased"": 0.0, ""roughly_unchanged"": 0.0, ""insufficient_data"": 0.0}",-0.0,-0.0,10,10,1.0,True,0.0,0.2876820724517809,1.0,1.0,,qwen3:8b,finqa,numeric_to_directional,committed
hqa_FQ_8462e4ce,F,directional_change,1,10,hedgeqa_oracle,,False,,1.0,True,-0.0,0.0,-0.0,0.0,0.0,0.0,-0.0,0.0,-0.0,0.0,increased,0.0,0.0,0.0,"{""increased"": 1.0, ""decreased"": 0.0, ""roughly_unchanged"": 0.0, ""insufficient_data"": 0.0}",-0.0,-0.0,10,10,1.0,True,0.0,0.2876820724517809,1.0,1.0,,qwen3:8b,finqa,numeric_to_directional,committed
hqa_FQ_885e23fc_masked,F,directional_change,0,10,hedgeqa_oracle,,False,,1.0,True,-0.0,0.0,-0.0,0.0,0.0,0.0,-0.0,0.0,-0.0,0.0,insufficient_data,1.0,1.0,1.0,"{""increased"": 0.0, ""decreased"": 0.0, ""roughly_unchanged"": 0.0, ""insufficient_data"": 1.0}",-0.0,-0.0,10,10,1.0,True,0.0,0.2876820724517809,1.0,1.0,,qwen3:8b,finqa,evidence_masked_insufficient,noncommitted
hqa_FQ_885e23fc_masked,F,directional_change,1,10,hedgeqa_oracle,,False,,1.0,True,-0.0,0.0,-0.0,0.0,0.0,0.0,-0.0,0.0,-0.0,0.0,insufficient_data,1.0,1.0,1.0,"{""increased"": 0.0, ""decreased"": 0.0, ""roughly_unchanged"": 0.0, ""insufficient_data"": 1.0}",-0.0,-0.0,10,10,1.0,True,0.0,0.2876820724517809,1.0,1.0,,qwen3:8b,finqa,evidence_masked_insufficient,noncommitted
hqa_FQ_8f9f444a_masked,F,directional_change,0,10,hedgeqa_oracle,,False,,1.0,True,-0.0,0.0,-0.0,0.0,0.0,0.0,-0.0,0.0,-0.0,0.0,insufficient_data,1.0,1.0,1.0,"{""increased"": 0.0, ""decreased"": 0.0, ""roughly_unchanged"": 0.0, ""insufficient_data"": 1.0}",-0.0,-0.0,10,10,1.0,True,0.0,0.2876820724517809,1.0,1.0,,qwen3:8b,finqa,evidence_masked_insufficient,noncommitted
hqa_FQ_8f9f444a_masked,F,directional_change,1,10,hedgeqa_oracle,,False,,1.0,True,-0.0,0.0,-0.0,0.0,0.0,0.0,-0.0,0.0,-0.0,0.0,insufficient_data,1.0,1.0,1.0,"{""increased"": 0.0, ""decreased"": 0.0, ""roughly_unchanged"": 0.0, ""insufficient_data"": 1.0}",-0.0,-0.0,10,10,1.0,True,0.0,0.2876820724517809,1.0,1.0,,qwen3:8b,finqa,evidence_masked_insufficient,noncommitted
hqa_FQ_91e8b620_masked,F,directional_change,0,10,hedgeqa_oracle,,False,,1.0,True,0.3250829733914482,0.25020121176909393,0.07488176162235427,0.3500829733914482,0.27520121176909396,0.07488176162235427,0.23449779679464058,0.18048202372184058,0.054015773072800005,0.23034661225454434,decreased,0.1,0.0,0.2,"{""increased"": 0.0, ""decreased"": 0.9, ""roughly_unchanged"": 0.0, ""insufficient_data"": 0.1}",-0.0,0.5004024235381879,10,10,0.1,False,1.62,1.8971199848858813,0.0,0.2,,qwen3:8b,finqa,evidence_masked_insufficient,noncommitted
hqa_FQ_91e8b620_masked,F,directional_change,1,10,hedgeqa_oracle,,False,,1.0,True,-0.0,0.0,-0.0,0.0,0.0,0.0,-0.0,0.0,-0.0,0.0,insufficient_data,1.0,1.0,1.0,"{""increased"": 0.0, ""decreased"": 0.0, ""roughly_unchanged"": 0.0, ""insufficient_data"": 1.0}",-0.0,-0.0,10,10,1.0,True,0.0,0.2876820724517809,1.0,1.0,,qwen3:8b,finqa,evidence_masked_insufficient,noncommitted
hqa_FQ_9bfd2289,F,directional_change,0,10,hedgeqa_oracle,,False,,1.0,True,-0.0,0.0,-0.0,0.0,0.0,0.0,-0.0,0.0,-0.0,0.0,increased,0.0,0.0,0.0,"{""increased"": 1.0, ""decreased"": 0.0, ""roughly_unchanged"": 0.0, ""insufficient_data"": 0.0}",-0.0,-0.0,10,10,1.0,True,0.0,0.2876820724517809,1.0,1.0,,qwen3:8b,finqa,numeric_to_directional,committed
hqa_FQ_9bfd2289,F,directional_change,1,10,hedgeqa_oracle,,False,,1.0,True,-0.0,0.0,-0.0,0.0,0.0,0.0,-0.0,0.0,-0.0,0.0,increased,0.0,0.0,0.0,"{""increased"": 1.0, ""decreased"": 0.0, ""roughly_unchanged"": 0.0, ""insufficient_data"": 0.0}",-0.0,-0.0,10,10,1.0,True,0.0,0.2876820724517809,1.0,1.0,,qwen3:8b,finqa,numeric_to_directional,committed
hqa_FQ_a719583b,F,directional_change,0,10,hedgeqa_oracle,,False,,1.0,True,-0.0,0.0,-0.0,0.0,0.0,0.0,-0.0,0.0,-0.0,0.0,increased,0.0,0.0,0.0,"{""increased"": 1.0, ""decreased"": 0.0, ""roughly_unchanged"": 0.0, ""insufficient_data"": 0.0}",-0.0,-0.0,10,10,1.0,True,0.0,0.2876820724517809,1.0,1.0,,qwen3:8b,finqa,numeric_to_directional,committed
hqa_FQ_a719583b,F,directional_change,1,10,hedgeqa_oracle,,False,,1.0,True,-0.0,0.0,-0.0,0.0,0.0,0.0,-0.0,0.0,-0.0,0.0,increased,0.0,0.0,0.0,"{""increased"": 1.0, ""decreased"": 0.0, ""roughly_unchanged"": 0.0, ""insufficient_data"": 0.0}",-0.0,-0.0,10,10,1.0,True,0.0,0.2876820724517809,1.0,1.0,,qwen3:8b,finqa,numeric_to_directional,committed
hqa_FQ_a86cb433,F,directional_change,0,10,hedgeqa_oracle,,False,,1.0,True,-0.0,0.0,-0.0,0.0,0.0,0.0,-0.0,0.0,-0.0,0.0,increased,0.0,0.0,0.0,"{""increased"": 1.0, ""decreased"": 0.0, ""roughly_unchanged"": 0.0, ""insufficient_data"": 0.0}",-0.0,-0.0,10,10,0.0,False,2.0,2.4849066497880004,0.0,0.0,,qwen3:8b,finqa,numeric_to_directional,committed
hqa_FQ_a86cb433,F,directional_change,1,10,hedgeqa_oracle,,False,,1.0,True,-0.0,0.0,-0.0,0.0,0.0,0.0,-0.0,0.0,-0.0,0.0,increased,0.0,0.0,0.0,"{""increased"": 1.0, ""decreased"": 0.0, ""roughly_unchanged"": 0.0, ""insufficient_data"": 0.0}",-0.0,-0.0,10,10,0.0,False,2.0,2.4849066497880004,0.0,0.0,,qwen3:8b,finqa,numeric_to_directional,committed
hqa_FQ_ad4c0377_masked,F,directional_change,0,10,hedgeqa_oracle,,False,,1.0,True,0.3250829733914482,0.25020121176909393,0.07488176162235427,0.3500829733914482,0.27520121176909396,0.07488176162235427,0.23449779679464058,0.18048202372184058,0.054015773072800005,0.23034661225454434,insufficient_data,0.9,1.0,0.8,"{""increased"": 0.0, ""decreased"": 0.1, ""roughly_unchanged"": 0.0, ""insufficient_data"": 0.9}",-0.0,0.5004024235381879,10,10,0.9,True,0.019999999999999997,0.38077249551779285,1.0,0.8,,qwen3:8b,finqa,evidence_masked_insufficient,noncommitted
hqa_FQ_ad4c0377_masked,F,directional_change,1,10,hedgeqa_oracle,,False,,1.0,True,-0.0,0.0,-0.0,0.0,0.0,0.0,-0.0,0.0,-0.0,0.0,insufficient_data,1.0,1.0,1.0,"{""increased"": 0.0, ""decreased"": 0.0, ""roughly_unchanged"": 0.0, ""insufficient_data"": 1.0}",-0.0,-0.0,10,10,1.0,True,0.0,0.2876820724517809,1.0,1.0,,qwen3:8b,finqa,evidence_masked_insufficient,noncommitted
hqa_FQ_b111cf56_masked,F,directional_change,0,10,hedgeqa_oracle,,False,,1.0,True,-0.0,0.0,-0.0,0.0,0.0,0.0,-0.0,0.0,-0.0,0.0,insufficient_data,1.0,1.0,1.0,"{""increased"": 0.0, ""decreased"": 0.0, ""roughly_unchanged"": 0.0, ""insufficient_data"": 1.0}",-0.0,-0.0,10,10,1.0,True,0.0,0.2876820724517809,1.0,1.0,,qwen3:8b,finqa,evidence_masked_insufficient,noncommitted
hqa_FQ_b111cf56_masked,F,directional_change,1,10,hedgeqa_oracle,,False,,1.0,True,-0.0,0.0,-0.0,0.0,0.0,0.0,-0.0,0.0,-0.0,0.0,insufficient_data,1.0,1.0,1.0,"{""increased"": 0.0, ""decreased"": 0.0, ""roughly_unchanged"": 0.0, ""insufficient_data"": 1.0}",-0.0,-0.0,10,10,1.0,True,0.0,0.2876820724517809,1.0,1.0,,qwen3:8b,finqa,evidence_masked_insufficient,noncommitted
hqa_FQ_b1848266_masked,F,directional_change,0,10,hedgeqa_oracle,,False,,1.0,True,-0.0,0.0,-0.0,0.0,0.0,0.0,-0.0,0.0,-0.0,0.0,increased,0.0,0.0,0.0,"{""increased"": 1.0, ""decreased"": 0.0, ""roughly_unchanged"": 0.0, ""insufficient_data"": 0.0}",-0.0,-0.0,10,10,0.0,False,2.0,2.4849066497880004,0.0,0.0,,qwen3:8b,finqa,evidence_masked_insufficient,noncommitted
hqa_FQ_b1848266_masked,F,directional_change,1,10,hedgeqa_oracle,,False,,1.0,True,-0.0,0.0,-0.0,0.0,0.0,0.0,-0.0,0.0,-0.0,0.0,increased,0.0,0.0,0.0,"{""increased"": 1.0, ""decreased"": 0.0, ""roughly_unchanged"": 0.0, ""insufficient_data"": 0.0}",-0.0,-0.0,10,10,0.0,False,2.0,2.4849066497880004,0.0,0.0,,qwen3:8b,finqa,evidence_masked_insufficient,noncommitted
hqa_FQ_ba35f749_masked,F,directional_change,0,10,hedgeqa_oracle,,False,,1.0,True,-0.0,0.0,-0.0,0.0,0.0,0.0,-0.0,0.0,-0.0,0.0,insufficient_data,1.0,1.0,1.0,"{""increased"": 0.0, ""decreased"": 0.0, ""roughly_unchanged"": 0.0, ""insufficient_data"": 1.0}",-0.0,-0.0,10,10,1.0,True,0.0,0.2876820724517809,1.0,1.0,,qwen3:8b,finqa,evidence_masked_insufficient,noncommitted
hqa_FQ_ba35f749_masked,F,directional_change,1,10,hedgeqa_oracle,,False,,1.0,True,-0.0,0.0,-0.0,0.0,0.0,0.0,-0.0,0.0,-0.0,0.0,insufficient_data,1.0,1.0,1.0,"{""increased"": 0.0, ""decreased"": 0.0, ""roughly_unchanged"": 0.0, ""insufficient_data"": 1.0}",-0.0,-0.0,10,10,1.0,True,0.0,0.2876820724517809,1.0,1.0,,qwen3:8b,finqa,evidence_masked_insufficient,noncommitted
hqa_FQ_bcae6105,F,directional_change,0,10,hedgeqa_oracle,,False,,1.0,True,-0.0,0.0,-0.0,0.0,0.0,0.0,-0.0,0.0,-0.0,0.0,decreased,0.0,0.0,0.0,"{""increased"": 0.0, ""decreased"": 1.0, ""roughly_unchanged"": 0.0, ""insufficient_data"": 0.0}",-0.0,-0.0,10,10,0.0,False,2.0,2.4849066497880004,0.0,0.0,,qwen3:8b,finqa,numeric_to_directional,committed
hqa_FQ_bcae6105,F,directional_change,1,10,hedgeqa_oracle,,False,,1.0,True,-0.0,0.0,-0.0,0.0,0.0,0.0,-0.0,0.0,-0.0,0.0,decreased,0.0,0.0,0.0,"{""increased"": 0.0, ""decreased"": 1.0, ""roughly_unchanged"": 0.0, ""insufficient_data"": 0.0}",-0.0,-0.0,10,10,0.0,False,2.0,2.4849066497880004,0.0,0.0,,qwen3:8b,finqa,numeric_to_directional,committed
hqa_FQ_bf7cbc32,F,directional_change,0,10,hedgeqa_oracle,,False,,1.0,True,-0.0,0.0,-0.0,0.0,0.0,0.0,-0.0,0.0,-0.0,0.0,roughly_unchanged,0.0,0.0,0.0,"{""increased"": 0.0, ""decreased"": 0.0, ""roughly_unchanged"": 1.0, ""insufficient_data"": 0.0}",-0.0,-0.0,10,10,1.0,True,0.0,0.2876820724517809,1.0,1.0,,qwen3:8b,finqa,numeric_to_directional,committed
hqa_FQ_bf7cbc32,F,directional_change,1,10,hedgeqa_oracle,,False,,1.0,True,-0.0,0.0,-0.0,0.0,0.0,0.0,-0.0,0.0,-0.0,0.0,roughly_unchanged,0.0,0.0,0.0,"{""increased"": 0.0, ""decreased"": 0.0, ""roughly_unchanged"": 1.0, ""insufficient_data"": 0.0}",-0.0,-0.0,10,10,1.0,True,0.0,0.2876820724517809,1.0,1.0,,qwen3:8b,finqa,numeric_to_directional,committed
hqa_FQ_bfbf5888,F,directional_change,0,10,hedgeqa_oracle,,False,,1.0,True,-0.0,0.0,-0.0,0.0,0.0,0.0,-0.0,0.0,-0.0,0.0,decreased,0.0,0.0,0.0,"{""increased"": 0.0, ""decreased"": 1.0, ""roughly_unchanged"": 0.0, ""insufficient_data"": 0.0}",-0.0,-0.0,10,10,1.0,True,0.0,0.2876820724517809,1.0,1.0,,qwen3:8b,finqa,numeric_to_directional,committed
hqa_FQ_bfbf5888,F,directional_change,1,10,hedgeqa_oracle,,False,,1.0,True,-0.0,0.0,-0.0,0.0,0.0,0.0,-0.0,0.0,-0.0,0.0,decreased,0.0,0.0,0.0,"{""increased"": 0.0, ""decreased"": 1.0, ""roughly_unchanged"": 0.0, ""insufficient_data"": 0.0}",-0.0,-0.0,10,10,1.0,True,0.0,0.2876820724517809,1.0,1.0,,qwen3:8b,finqa,numeric_to_directional,committed
hqa_FQ_c868faac,F,directional_change,0,10,hedgeqa_oracle,,False,,1.0,True,-0.0,0.0,-0.0,0.0,0.0,0.0,-0.0,0.0,-0.0,0.0,increased,0.0,0.0,0.0,"{""increased"": 1.0, ""decreased"": 0.0, ""roughly_unchanged"": 0.0, ""insufficient_data"": 0.0}",-0.0,-0.0,10,10,1.0,True,0.0,0.2876820724517809,1.0,1.0,,qwen3:8b,finqa,numeric_to_directional,committed
hqa_FQ_c868faac,F,directional_change,1,10,hedgeqa_oracle,,False,,1.0,True,-0.0,0.0,-0.0,0.0,0.0,0.0,-0.0,0.0,-0.0,0.0,increased,0.0,0.0,0.0,"{""increased"": 1.0, ""decreased"": 0.0, ""roughly_unchanged"": 0.0, ""insufficient_data"": 0.0}",-0.0,-0.0,10,10,1.0,True,0.0,0.2876820724517809,1.0,1.0,,qwen3:8b,finqa,numeric_to_directional,committed
hqa_FQ_cb2951cf_masked,F,directional_change,0,10,hedgeqa_oracle,,False,,1.0,True,-0.0,0.0,-0.0,0.0,0.0,0.0,-0.0,0.0,-0.0,0.0,insufficient_data,1.0,1.0,1.0,"{""increased"": 0.0, ""decreased"": 0.0, ""roughly_unchanged"": 0.0, ""insufficient_data"": 1.0}",-0.0,-0.0,10,10,1.0,True,0.0,0.2876820724517809,1.0,1.0,,qwen3:8b,finqa,evidence_masked_insufficient,noncommitted
hqa_FQ_cb2951cf_masked,F,directional_change,1,10,hedgeqa_oracle,,False,,1.0,True,-0.0,0.0,-0.0,0.0,0.0,0.0,-0.0,0.0,-0.0,0.0,insufficient_data,1.0,1.0,1.0,"{""increased"": 0.0, ""decreased"": 0.0, ""roughly_unchanged"": 0.0, ""insufficient_data"": 1.0}",-0.0,-0.0,10,10,1.0,True,0.0,0.2876820724517809,1.0,1.0,,qwen3:8b,finqa,evidence_masked_insufficient,noncommitted
hqa_FQ_cb42aedc,F,directional_change,0,10,hedgeqa_oracle,,False,,1.0,True,-0.0,0.0,-0.0,0.0,0.0,0.0,-0.0,0.0,-0.0,0.0,increased,0.0,0.0,0.0,"{""increased"": 1.0, ""decreased"": 0.0, ""roughly_unchanged"": 0.0, ""insufficient_data"": 0.0}",-0.0,-0.0,10,10,1.0,True,0.0,0.2876820724517809,1.0,1.0,,qwen3:8b,finqa,numeric_to_directional,committed
hqa_FQ_cb42aedc,F,directional_change,1,10,hedgeqa_oracle,,False,,1.0,True,-0.0,0.0,-0.0,0.0,0.0,0.0,-0.0,0.0,-0.0,0.0,increased,0.0,0.0,0.0,"{""increased"": 1.0, ""decreased"": 0.0, ""roughly_unchanged"": 0.0, ""insufficient_data"": 0.0}",-0.0,-0.0,10,10,1.0,True,0.0,0.2876820724517809,1.0,1.0,,qwen3:8b,finqa,numeric_to_directional,committed
hqa_FQ_ccc2f20b,F,directional_change,0,10,hedgeqa_oracle,,False,,1.0,True,-0.0,0.0,-0.0,0.0,0.0,0.0,-0.0,0.0,-0.0,0.0,roughly_unchanged,0.0,0.0,0.0,"{""increased"": 0.0, ""decreased"": 0.0, ""roughly_unchanged"": 1.0, ""insufficient_data"": 0.0}",-0.0,-0.0,10,10,1.0,True,0.0,0.2876820724517809,1.0,1.0,,qwen3:8b,finqa,numeric_to_directional,committed
hqa_FQ_ccc2f20b,F,directional_change,1,10,hedgeqa_oracle,,False,,1.0,True,-0.0,0.0,-0.0,0.0,0.0,0.0,-0.0,0.0,-0.0,0.0,roughly_unchanged,0.0,0.0,0.0,"{""increased"": 0.0, ""decreased"": 0.0, ""roughly_unchanged"": 1.0, ""insufficient_data"": 0.0}",-0.0,-0.0,10,10,1.0,True,0.0,0.2876820724517809,1.0,1.0,,qwen3:8b,finqa,numeric_to_directional,committed
hqa_FQ_cccdd70f,F,directional_change,0,10,hedgeqa_oracle,,False,,1.0,True,-0.0,0.0,-0.0,0.0,0.0,0.0,-0.0,0.0,-0.0,0.0,increased,0.0,0.0,0.0,"{""increased"": 1.0, ""decreased"": 0.0, ""roughly_unchanged"": 0.0, ""insufficient_data"": 0.0}",-0.0,-0.0,10,10,1.0,True,0.0,0.2876820724517809,1.0,1.0,,qwen3:8b,finqa,numeric_to_directional,committed
hqa_FQ_cccdd70f,F,directional_change,1,10,hedgeqa_oracle,,False,,1.0,True,-0.0,0.0,-0.0,0.0,0.0,0.0,-0.0,0.0,-0.0,0.0,increased,0.0,0.0,0.0,"{""increased"": 1.0, ""decreased"": 0.0, ""roughly_unchanged"": 0.0, ""insufficient_data"": 0.0}",-0.0,-0.0,10,10,1.0,True,0.0,0.2876820724517809,1.0,1.0,,qwen3:8b,finqa,numeric_to_directional,committed
hqa_FQ_cdc17c89,F,directional_change,0,10,hedgeqa_oracle,,False,,1.0,True,-0.0,0.0,-0.0,0.0,0.0,0.0,-0.0,0.0,-0.0,0.0,increased,0.0,0.0,0.0,"{""increased"": 1.0, ""decreased"": 0.0, ""roughly_unchanged"": 0.0, ""insufficient_data"": 0.0}",-0.0,-0.0,10,10,0.0,False,2.0,2.4849066497880004,0.0,0.0,,qwen3:8b,finqa,numeric_to_directional,committed
hqa_FQ_cdc17c89,F,directional_change,1,10,hedgeqa_oracle,,False,,1.0,True,-0.0,0.0,-0.0,0.0,0.0,0.0,-0.0,0.0,-0.0,0.0,increased,0.0,0.0,0.0,"{""increased"": 1.0, ""decreased"": 0.0, ""roughly_unchanged"": 0.0, ""insufficient_data"": 0.0}",-0.0,-0.0,10,10,0.0,False,2.0,2.4849066497880004,0.0,0.0,,qwen3:8b,finqa,numeric_to_directional,committed
hqa_FQ_d04445bc,F,directional_change,0,10,hedgeqa_oracle,,False,,1.0,True,-0.0,0.0,-0.0,0.0,0.0,0.0,-0.0,0.0,-0.0,0.0,increased,0.0,0.0,0.0,"{""increased"": 1.0, ""decreased"": 0.0, ""roughly_unchanged"": 0.0, ""insufficient_data"": 0.0}",-0.0,-0.0,10,10,1.0,True,0.0,0.2876820724517809,1.0,1.0,,qwen3:8b,finqa,numeric_to_directional,committed
hqa_FQ_d04445bc,F,directional_change,1,10,hedgeqa_oracle,,False,,1.0,True,-0.0,0.0,-0.0,0.0,0.0,0.0,-0.0,0.0,-0.0,0.0,increased,0.0,0.0,0.0,"{""increased"": 1.0, ""decreased"": 0.0, ""roughly_unchanged"": 0.0, ""insufficient_data"": 0.0}",-0.0,-0.0,10,10,1.0,True,0.0,0.2876820724517809,1.0,1.0,,qwen3:8b,finqa,numeric_to_directional,committed
hqa_FQ_d99d6e5a,F,directional_change,0,10,hedgeqa_oracle,,False,,1.0,True,-0.0,0.0,-0.0,0.0,0.0,0.0,-0.0,0.0,-0.0,0.0,decreased,0.0,0.0,0.0,"{""increased"": 0.0, ""decreased"": 1.0, ""roughly_unchanged"": 0.0, ""insufficient_data"": 0.0}",-0.0,-0.0,10,10,1.0,True,0.0,0.2876820724517809,1.0,1.0,,qwen3:8b,finqa,numeric_to_directional,committed
hqa_FQ_d99d6e5a,F,directional_change,1,10,hedgeqa_oracle,,False,,1.0,True,-0.0,0.0,-0.0,0.0,0.0,0.0,-0.0,0.0,-0.0,0.0,decreased,0.0,0.0,0.0,"{""increased"": 0.0, ""decreased"": 1.0, ""roughly_unchanged"": 0.0, ""insufficient_data"": 0.0}",-0.0,-0.0,10,10,1.0,True,0.0,0.2876820724517809,1.0,1.0,,qwen3:8b,finqa,numeric_to_directional,committed
hqa_FQ_dc32fb1c,F,directional_change,0,10,hedgeqa_oracle,,False,,1.0,True,-0.0,0.0,-0.0,0.0,0.0,0.0,-0.0,0.0,-0.0,0.0,increased,0.0,0.0,0.0,"{""increased"": 1.0, ""decreased"": 0.0, ""roughly_unchanged"": 0.0, ""insufficient_data"": 0.0}",-0.0,-0.0,10,10,1.0,True,0.0,0.2876820724517809,1.0,1.0,,qwen3:8b,finqa,numeric_to_directional,committed
hqa_FQ_dc32fb1c,F,directional_change,1,10,hedgeqa_oracle,,False,,1.0,True,-0.0,0.0,-0.0,0.0,0.0,0.0,-0.0,0.0,-0.0,0.0,increased,0.0,0.0,0.0,"{""increased"": 1.0, ""decreased"": 0.0, ""roughly_unchanged"": 0.0, ""insufficient_data"": 0.0}",-0.0,-0.0,10,10,1.0,True,0.0,0.2876820724517809,1.0,1.0,,qwen3:8b,finqa,numeric_to_directional,committed
hqa_FQ_df7f0bda_masked,F,directional_change,0,10,hedgeqa_oracle,,False,,1.0,True,-0.0,0.0,-0.0,0.0,0.0,0.0,-0.0,0.0,-0.0,0.0,insufficient_data,1.0,1.0,1.0,"{""increased"": 0.0, ""decreased"": 0.0, ""roughly_unchanged"": 0.0, ""insufficient_data"": 1.0}",-0.0,-0.0,10,10,1.0,True,0.0,0.2876820724517809,1.0,1.0,,qwen3:8b,finqa,evidence_masked_insufficient,noncommitted
hqa_FQ_df7f0bda_masked,F,directional_change,1,10,hedgeqa_oracle,,False,,1.0,True,-0.0,0.0,-0.0,0.0,0.0,0.0,-0.0,0.0,-0.0,0.0,insufficient_data,1.0,1.0,1.0,"{""increased"": 0.0, ""decreased"": 0.0, ""roughly_unchanged"": 0.0, ""insufficient_data"": 1.0}",-0.0,-0.0,10,10,1.0,True,0.0,0.2876820724517809,1.0,1.0,,qwen3:8b,finqa,evidence_masked_insufficient,noncommitted
hqa_FQ_e6e1f02f,F,directional_change,0,10,hedgeqa_oracle,,False,,1.0,True,0.6474466390346325,0.30543215102744675,0.34201448800718576,0.6724466390346325,0.3304321510274468,0.34201448800718576,0.46703402768774555,0.22032272480767318,0.24671130288007237,0.5282512370705057,insufficient_data,0.65,0.3,1.0,"{""increased"": 0.0, ""decreased"": 0.35, ""roughly_unchanged"": 0.0, ""insufficient_data"": 0.65}",0.6108643020548935,-0.0,10,10,0.35,False,0.8450000000000001,1.1499055830556604,0.7,0.0,,qwen3:8b,finqa,numeric_to_directional,committed
hqa_FQ_e6e1f02f,F,directional_change,1,10,hedgeqa_oracle,,False,,1.0,True,-0.0,0.0,-0.0,0.0,0.0,0.0,-0.0,0.0,-0.0,0.0,insufficient_data,1.0,1.0,1.0,"{""increased"": 0.0, ""decreased"": 0.0, ""roughly_unchanged"": 0.0, ""insufficient_data"": 1.0}",-0.0,-0.0,10,10,0.0,False,2.0,2.4849066497880004,0.0,0.0,,qwen3:8b,finqa,numeric_to_directional,committed
hqa_FQ_e7c2edef,F,directional_change,0,10,hedgeqa_oracle,,False,,1.0,True,-0.0,0.0,-0.0,0.0,0.0,0.0,-0.0,0.0,-0.0,0.0,increased,0.0,0.0,0.0,"{""increased"": 1.0, ""decreased"": 0.0, ""roughly_unchanged"": 0.0, ""insufficient_data"": 0.0}",-0.0,-0.0,10,10,1.0,True,0.0,0.2876820724517809,1.0,1.0,,qwen3:8b,finqa,numeric_to_directional,committed
hqa_FQ_e7c2edef,F,directional_change,1,10,hedgeqa_oracle,,False,,1.0,True,-0.0,0.0,-0.0,0.0,0.0,0.0,-0.0,0.0,-0.0,0.0,increased,0.0,0.0,0.0,"{""increased"": 1.0, ""decreased"": 0.0, ""roughly_unchanged"": 0.0, ""insufficient_data"": 0.0}",-0.0,-0.0,10,10,1.0,True,0.0,0.2876820724517809,1.0,1.0,,qwen3:8b,finqa,numeric_to_directional,committed
hqa_FQ_e98c5e1e,F,directional_change,0,10,hedgeqa_oracle,,False,,1.0,True,-0.0,0.0,-0.0,0.0,0.0,0.0,-0.0,0.0,-0.0,0.0,decreased,0.0,0.0,0.0,"{""increased"": 0.0, ""decreased"": 1.0, ""roughly_unchanged"": 0.0, ""insufficient_data"": 0.0}",-0.0,-0.0,10,10,1.0,True,0.0,0.2876820724517809,1.0,1.0,,qwen3:8b,finqa,numeric_to_directional,committed
hqa_FQ_e98c5e1e,F,directional_change,1,10,hedgeqa_oracle,,False,,1.0,True,-0.0,0.0,-0.0,0.0,0.0,0.0,-0.0,0.0,-0.0,0.0,decreased,0.0,0.0,0.0,"{""increased"": 0.0, ""decreased"": 1.0, ""roughly_unchanged"": 0.0, ""insufficient_data"": 0.0}",-0.0,-0.0,10,10,1.0,True,0.0,0.2876820724517809,1.0,1.0,,qwen3:8b,finqa,numeric_to_directional,committed
hqa_FQ_e9d8aa67,F,directional_change,0,10,hedgeqa_oracle,,False,,1.0,True,-0.0,0.0,-0.0,0.0,0.0,0.0,-0.0,0.0,-0.0,0.0,increased,0.0,0.0,0.0,"{""increased"": 1.0, ""decreased"": 0.0, ""roughly_unchanged"": 0.0, ""insufficient_data"": 0.0}",-0.0,-0.0,10,10,1.0,True,0.0,0.2876820724517809,1.0,1.0,,qwen3:8b,finqa,numeric_to_directional,committed
hqa_FQ_e9d8aa67,F,directional_change,1,10,hedgeqa_oracle,,False,,1.0,True,-0.0,0.0,-0.0,0.0,0.0,0.0,-0.0,0.0,-0.0,0.0,increased,0.0,0.0,0.0,"{""increased"": 1.0, ""decreased"": 0.0, ""roughly_unchanged"": 0.0, ""insufficient_data"": 0.0}",-0.0,-0.0,10,10,1.0,True,0.0,0.2876820724517809,1.0,1.0,,qwen3:8b,finqa,numeric_to_directional,committed
hqa_FQ_ee6f94ed,F,directional_change,0,10,hedgeqa_oracle,,False,,1.0,True,0.6474466390346325,0.49904732020035236,0.14839931883428015,0.6724466390346325,0.5490473202003524,0.12339931883428013,0.46703402768774555,0.3599865470109875,0.10704748067675807,0.22920702632042259,decreased,0.0,0.0,0.0,"{""increased"": 0.35, ""decreased"": 0.65, ""roughly_unchanged"": 0.0, ""insufficient_data"": 0.0}",0.6730116670092565,0.3250829733914482,10,10,0.35,False,0.8450000000000001,1.1499055830556604,0.6,0.1,,qwen3:8b,finqa,numeric_to_directional,committed
hqa_FQ_ee6f94ed,F,directional_change,1,10,hedgeqa_oracle,,False,,1.0,True,-0.0,0.0,-0.0,0.0,0.0,0.0,-0.0,0.0,-0.0,0.0,increased,0.0,0.0,0.0,"{""increased"": 1.0, ""decreased"": 0.0, ""roughly_unchanged"": 0.0, ""insufficient_data"": 0.0}",-0.0,-0.0,10,10,1.0,True,0.0,0.2876820724517809,1.0,1.0,,qwen3:8b,finqa,numeric_to_directional,committed
hqa_FQ_ef8ca35e,F,directional_change,0,10,hedgeqa_oracle,,False,,1.0,True,-0.0,0.0,-0.0,0.0,0.0,0.0,-0.0,0.0,-0.0,0.0,increased,0.0,0.0,0.0,"{""increased"": 1.0, ""decreased"": 0.0, ""roughly_unchanged"": 0.0, ""insufficient_data"": 0.0}",-0.0,-0.0,10,10,1.0,True,0.0,0.2876820724517809,1.0,1.0,,qwen3:8b,finqa,numeric_to_directional,committed
hqa_FQ_ef8ca35e,F,directional_change,1,10,hedgeqa_oracle,,False,,1.0,True,-0.0,0.0,-0.0,0.0,0.0,0.0,-0.0,0.0,-0.0,0.0,increased,0.0,0.0,0.0,"{""increased"": 1.0, ""decreased"": 0.0, ""roughly_unchanged"": 0.0, ""insufficient_data"": 0.0}",-0.0,-0.0,10,10,1.0,True,0.0,0.2876820724517809,1.0,1.0,,qwen3:8b,finqa,numeric_to_directional,committed
hqa_FQ_efa45e04,F,directional_change,0,10,hedgeqa_oracle,,False,,1.0,True,-0.0,0.0,-0.0,0.0,0.0,0.0,-0.0,0.0,-0.0,0.0,increased,0.0,0.0,0.0,"{""increased"": 1.0, ""decreased"": 0.0, ""roughly_unchanged"": 0.0, ""insufficient_data"": 0.0}",-0.0,-0.0,10,10,0.0,False,2.0,2.4849066497880004,0.0,0.0,,qwen3:8b,finqa,numeric_to_directional,committed
hqa_FQ_efa45e04,F,directional_change,1,10,hedgeqa_oracle,,False,,1.0,True,-0.0,0.0,-0.0,0.0,0.0,0.0,-0.0,0.0,-0.0,0.0,decreased,0.0,0.0,0.0,"{""increased"": 0.0, ""decreased"": 1.0, ""roughly_unchanged"": 0.0, ""insufficient_data"": 0.0}",-0.0,-0.0,10,10,1.0,True,0.0,0.2876820724517809,1.0,1.0,,qwen3:8b,finqa,numeric_to_directional,committed
hqa_FQ_f6d8326c,F,directional_change,0,10,hedgeqa_oracle,,False,,1.0,True,-0.0,0.0,-0.0,0.0,0.0,0.0,-0.0,0.0,-0.0,0.0,increased,0.0,0.0,0.0,"{""increased"": 1.0, ""decreased"": 0.0, ""roughly_unchanged"": 0.0, ""insufficient_data"": 0.0}",-0.0,-0.0,10,10,1.0,True,0.0,0.2876820724517809,1.0,1.0,,qwen3:8b,finqa,numeric_to_directional,committed
hqa_FQ_f6d8326c,F,directional_change,1,10,hedgeqa_oracle,,False,,1.0,True,-0.0,0.0,-0.0,0.0,0.0,0.0,-0.0,0.0,-0.0,0.0,increased,0.0,0.0,0.0,"{""increased"": 1.0, ""decreased"": 0.0, ""roughly_unchanged"": 0.0, ""insufficient_data"": 0.0}",-0.0,-0.0,10,10,1.0,True,0.0,0.2876820724517809,1.0,1.0,,qwen3:8b,finqa,numeric_to_directional,committed
hqa_FQ_fab23070,F,directional_change,0,10,hedgeqa_oracle,,False,,1.0,True,-0.0,0.0,-0.0,0.0,0.0,0.0,-0.0,0.0,-0.0,0.0,decreased,0.0,0.0,0.0,"{""increased"": 0.0, ""decreased"": 1.0, ""roughly_unchanged"": 0.0, ""insufficient_data"": 0.0}",-0.0,-0.0,10,10,0.0,False,2.0,2.4849066497880004,0.0,0.0,,qwen3:8b,finqa,numeric_to_directional,committed
hqa_FQ_fab23070,F,directional_change,1,10,hedgeqa_oracle,,False,,1.0,True,0.6474466390346325,0.49904732020035236,0.14839931883428015,0.6724466390346325,0.5490473202003524,0.12339931883428013,0.46703402768774555,0.3599865470109875,0.10704748067675807,0.22920702632042259,roughly_unchanged,0.35,0.6,0.1,"{""increased"": 0.0, ""decreased"": 0.0, ""roughly_unchanged"": 0.65, ""insufficient_data"": 0.35}",0.6730116670092565,0.3250829733914482,10,10,0.65,True,0.24499999999999997,0.6603573577369544,0.4,0.9,,qwen3:8b,finqa,numeric_to_directional,committed
hqa_FTB_008bd6df,FT,category_choice,0,10,hedgeqa_oracle,,False,,1.0,True,0.1985152433458726,0.1625414866957241,0.035973756650148486,0.22351524334587258,0.1875414866957241,0.035973756650148486,0.1431984785579781,0.11724889839732029,0.025949580160657796,0.18121407728610292,sell,0.05,0.1,0.0,"{""sell"": 0.95, ""hold"": 0.0, ""conditional"": 0.05, ""insufficient_data"": 0.0}",0.3250829733914482,-0.0,10,10,0.05,False,1.805,2.1484344131667874,0.1,0.0,,qwen3:8b,fintradebench,none,noncommitted
hqa_FTB_008bd6df,FT,category_choice,1,10,hedgeqa_oracle,,False,,1.0,True,-0.0,0.0,-0.0,0.0,0.0,0.0,-0.0,0.0,-0.0,0.0,sell,0.0,0.0,0.0,"{""sell"": 1.0, ""hold"": 0.0, ""conditional"": 0.0, ""insufficient_data"": 0.0}",-0.0,-0.0,10,10,0.0,False,2.0,2.4849066497880004,0.0,0.0,,qwen3:8b,fintradebench,none,noncommitted
hqa_FTB_00a5559e,FT,supportive_judgment,0,10,hedgeqa_oracle,,False,,1.0,True,-0.0,0.0,-0.0,0.0,0.0,0.0,-0.0,0.0,-0.0,0.0,conditional,1.0,1.0,1.0,"{""supportive"": 0.0, ""unsupportive"": 0.0, ""conditional"": 1.0, ""insufficient_data"": 0.0}",-0.0,-0.0,10,10,1.0,True,0.0,0.2876820724517809,1.0,1.0,,qwen3:8b,fintradebench,none,noncommitted
hqa_FTB_00a5559e,FT,supportive_judgment,1,10,hedgeqa_oracle,,False,,1.0,True,-0.0,0.0,-0.0,0.0,0.0,0.0,-0.0,0.0,-0.0,0.0,conditional,1.0,1.0,1.0,"{""supportive"": 0.0, ""unsupportive"": 0.0, ""conditional"": 1.0, ""insufficient_data"": 0.0}",-0.0,-0.0,10,10,1.0,True,0.0,0.2876820724517809,1.0,1.0,,qwen3:8b,fintradebench,none,noncommitted
hqa_FTB_00e479ec,FT,yes_no_mixed,0,10,hedgeqa_oracle,,False,,1.0,True,0.6730116670092565,0.25020121176909393,0.4228104552401626,0.6980116670092565,0.27520121176909396,0.4228104552401626,0.4854752972273344,0.18048202372184058,0.3049932735054938,0.6282364421987758,no,0.4,0.0,0.8,"{""yes"": 0.0, ""no"": 0.6, ""mixed"": 0.4, ""insufficient_data"": 0.0}",-0.0,0.5004024235381879,10,10,0.4,False,0.72,1.0498221244986776,0.0,0.8,,qwen3:8b,fintradebench,none,noncommitted
hqa_FTB_00e479ec,FT,yes_no_mixed,1,10,hedgeqa_oracle,,False,,1.0,True,0.6931471805599453,0.0,0.6931471805599453,0.7181471805599453,0.0,0.7181471805599453,0.5,0.0,0.5,1.0,no,0.5,1.0,0.0,"{""yes"": 0.0, ""no"": 0.5, ""mixed"": 0.5, ""insufficient_data"": 0.0}",-0.0,-0.0,10,10,0.5,False,0.5,0.8754687373538999,1.0,0.0,,qwen3:8b,fintradebench,none,noncommitted
hqa_FTB_01c97f78,FT,category_choice,0,10,hedgeqa_oracle,,False,,1.0,True,0.8979457248567797,0.5867070452737222,0.3112386795830575,0.9479457248567797,0.6367070452737222,0.3112386795830575,0.6477309221191608,0.4232196723355078,0.22451124978365308,0.346611906452029,value_trap,0.1,0.0,0.2,"{""value_trap"": 0.6, ""genuine_opportunity"": 0.3, ""mixed"": 0.1, ""insufficient_data"": 0.0}",0.6730116670092565,0.5004024235381879,10,10,0.6,True,0.26,0.7270487322356266,0.4,0.8,,qwen3:8b,fintradebench,none,committed
hqa_FTB_01c97f78,FT,category_choice,1,10,hedgeqa_oracle,,False,,1.0,True,1.0296530140645737,0.33650583350462826,0.6931471805599454,1.0796530140645737,0.3615058335046283,0.7181471805599454,0.7427376486136673,0.2427376486136672,0.5000000000000001,0.6731852100580317,value_trap,0.2,0.0,0.4,"{""value_trap"": 0.5, ""genuine_opportunity"": 0.3, ""mixed"": 0.2, ""insufficient_data"": 0.0}",-0.0,0.6730116670092565,10,10,0.5,True,0.38,0.8754687373538999,1.0,0.0,,qwen3:8b,fintradebench,none,committed
hqa_FTB_06c86cd6,FT,category_choice,0,10,hedgeqa_oracle,,False,,1.0,True,-0.0,0.0,-0.0,0.0,0.0,0.0,-0.0,0.0,-0.0,0.0,reinvestment_opportunity,0.0,0.0,0.0,"{""reinvestment_opportunity"": 1.0, ""cash_flow_weakness"": 0.0, ""mixed"": 0.0, ""insufficient_data"": 0.0}",-0.0,-0.0,10,10,1.0,True,0.0,0.2876820724517809,1.0,1.0,,qwen3:8b,fintradebench,none,committed
hqa_FTB_06c86cd6,FT,category_choice,1,10,hedgeqa_oracle,,False,,1.0,True,-0.0,0.0,-0.0,0.0,0.0,0.0,-0.0,0.0,-0.0,0.0,reinvestment_opportunity,0.0,0.0,0.0,"{""reinvestment_opportunity"": 1.0, ""cash_flow_weakness"": 0.0, ""mixed"": 0.0, ""insufficient_data"": 0.0}",-0.0,-0.0,10,10,1.0,True,0.0,0.2876820724517809,1.0,1.0,,qwen3:8b,fintradebench,none,committed
hqa_FTB_10de0142,F,valuation_judgment,0,10,hedgeqa_oracle,,False,,1.0,True,0.3250829733914482,0.3250829733914482,0.0,0.3500829733914482,0.3750829733914482,0.0,0.23449779679464058,0.23449779679464058,0.0,0.0,fairly_priced,0.1,0.1,0.1,"{""undervalued"": 0.0, ""fairly_priced"": 0.9, ""overvalued"": 0.0, ""insufficient_data"": 0.1}",0.3250829733914482,0.3250829733914482,10,10,0.0,False,1.82,2.4849066497880004,0.0,0.0,,qwen3:8b,fintradebench,none,committed
hqa_FTB_10de0142,F,valuation_judgment,1,10,hedgeqa_oracle,,False,,1.0,True,-0.0,0.0,-0.0,0.0,0.0,0.0,-0.0,0.0,-0.0,0.0,fairly_priced,0.0,0.0,0.0,"{""undervalued"": 0.0, ""fairly_priced"": 1.0, ""overvalued"": 0.0, ""insufficient_data"": 0.0}",-0.0,-0.0,10,10,0.0,False,2.0,2.4849066497880004,0.0,0.0,,qwen3:8b,fintradebench,none,committed
hqa_FTB_124f7e99,FT,yes_no_mixed,0,10,hedgeqa_oracle,,False,,1.0,True,0.6730116670092565,0.25020121176909393,0.4228104552401626,0.6980116670092565,0.27520121176909396,0.4228104552401626,0.4854752972273344,0.18048202372184058,0.3049932735054938,0.6282364421987758,insufficient_data,1.0,1.0,1.0,"{""yes"": 0.0, ""no"": 0.0, ""mixed"": 0.4, ""insufficient_data"": 0.6}",0.5004024235381879,-0.0,10,10,0.4,False,0.72,1.0498221244986776,0.8,0.0,,qwen3:8b,fintradebench,none,noncommitted
hqa_FTB_124f7e99,FT,yes_no_mixed,1,10,hedgeqa_oracle,,False,,1.0,True,0.6931471805599453,0.0,0.6931471805599453,0.7181471805599453,0.0,0.7181471805599453,0.5,0.0,0.5,1.0,mixed,1.0,1.0,1.0,"{""yes"": 0.0, ""no"": 0.0, ""mixed"": 0.5, ""insufficient_data"": 0.5}",-0.0,-0.0,10,10,0.5,True,0.5,0.8754687373538999,0.0,1.0,,qwen3:8b,fintradebench,none,noncommitted
hqa_FTB_13290767,F,company_choice,0,10,hedgeqa_oracle,,False,,1.0,True,-0.0,0.0,-0.0,0.0,0.0,0.0,-0.0,0.0,-0.0,0.0,GOOGL,0.0,0.0,0.0,"{""AAPL"": 0.0, ""MSFT"": 0.0, ""GOOGL"": 1.0, ""insufficient_data"": 0.0}",-0.0,-0.0,10,10,1.0,True,0.0,0.2876820724517809,1.0,1.0,,qwen3:8b,fintradebench,none,committed
hqa_FTB_13290767,F,company_choice,1,10,hedgeqa_oracle,,False,,1.0,True,-0.0,0.0,-0.0,0.0,0.0,0.0,-0.0,0.0,-0.0,0.0,GOOGL,0.0,0.0,0.0,"{""AAPL"": 0.0, ""MSFT"": 0.0, ""GOOGL"": 1.0, ""insufficient_data"": 0.0}",-0.0,-0.0,10,10,1.0,True,0.0,0.2876820724517809,1.0,1.0,,qwen3:8b,fintradebench,none,committed
hqa_FTB_19c171bc,FT,yes_no_mixed,0,10,hedgeqa_oracle,,False,,1.0,True,-0.0,0.0,-0.0,0.0,0.0,0.0,-0.0,0.0,-0.0,0.0,mixed,1.0,1.0,1.0,"{""yes"": 0.0, ""no"": 0.0, ""mixed"": 1.0, ""insufficient_data"": 0.0}",-0.0,-0.0,10,10,0.0,False,2.0,2.4849066497880004,0.0,0.0,,qwen3:8b,fintradebench,none,committed
hqa_FTB_19c171bc,FT,yes_no_mixed,1,10,hedgeqa_oracle,,False,,1.0,True,-0.0,0.0,-0.0,0.0,0.0,0.0,-0.0,0.0,-0.0,0.0,mixed,1.0,1.0,1.0,"{""yes"": 0.0, ""no"": 0.0, ""mixed"": 1.0, ""insufficient_data"": 0.0}",-0.0,-0.0,10,10,0.0,False,2.0,2.4849066497880004,0.0,0.0,,qwen3:8b,fintradebench,none,committed
hqa_FTB_1c185a4a,T,screening_top1,0,10,hedgeqa_oracle,,False,,1.0,True,0.3250829733914482,0.25020121176909393,0.07488176162235427,0.3500829733914482,0.27520121176909396,0.07488176162235427,0.2019854079986195,0.15545875354128558,0.04652665445733394,0.23034661225454434,WBD,0.0,0.0,0.0,"{""TRI"": 0.0, ""TEAM"": 0.1, ""WBD"": 0.9, ""AVGO"": 0.0, ""none_clear"": 0.0}",-0.0,0.5004024235381879,10,10,0.0,False,1.82,2.70805020110221,0.0,0.0,,qwen3:8b,fintradebench,none,committed
hqa_FTB_1c185a4a,T,screening_top1,1,10,hedgeqa_oracle,,False,,1.0,True,-0.0,0.0,-0.0,0.0,0.0,0.0,-0.0,0.0,-0.0,0.0,WBD,0.0,0.0,0.0,"{""TRI"": 0.0, ""TEAM"": 0.0, ""WBD"": 1.0, ""AVGO"": 0.0, ""none_clear"": 0.0}",-0.0,-0.0,10,10,0.0,False,2.0,2.70805020110221,0.0,0.0,,qwen3:8b,fintradebench,none,committed
hqa_FTB_1f54d2f8,F,open_summary_with_canonical_claim,0,10,hedgeqa_oracle,,False,,1.0,True,-0.0,0.0,-0.0,0.0,0.0,0.0,-0.0,0.0,-0.0,0.0,claim_true,0.0,0.0,0.0,"{""claim_true"": 1.0, ""claim_false"": 0.0, ""mixed"": 0.0}",-0.0,-0.0,10,10,1.0,True,0.0,0.25131442828090605,1.0,1.0,,qwen3:8b,fintradebench,none,committed
hqa_FTB_1f54d2f8,F,open_summary_with_canonical_claim,1,10,hedgeqa_oracle,,False,,1.0,True,0.6108643020548935,0.5091150769756967,0.10174922507919681,0.6358643020548935,0.5591150769756967,0.07674922507919679,0.556032649876389,0.4634165139304209,0.09261613594596811,0.16656600285353296,claim_true,0.3,0.1,0.5,"{""claim_true"": 0.7, ""claim_false"": 0.0, ""mixed"": 0.3}",0.3250829733914482,0.6931471805599453,10,10,0.7,True,0.18000000000000002,0.5485659517488378,0.9,0.5,,qwen3:8b,fintradebench,none,committed
hqa_FTB_2aef23bd,FT,supportive_judgment,0,10,hedgeqa_oracle,,False,,1.0,True,0.1985152433458726,0.1625414866957241,0.035973756650148486,0.22351524334587258,0.1875414866957241,0.035973756650148486,0.1431984785579781,0.11724889839732029,0.025949580160657796,0.18121407728610292,conditional,0.95,1.0,0.9,"{""supportive"": 0.0, ""unsupportive"": 0.05, ""conditional"": 0.95, ""insufficient_data"": 0.0}",-0.0,0.3250829733914482,10,10,0.0,False,1.9049999999999998,2.4849066497880004,0.0,0.0,,qwen3:8b,fintradebench,none,committed
hqa_FTB_2aef23bd,FT,supportive_judgment,1,10,hedgeqa_oracle,,False,,1.0,True,-0.0,0.0,-0.0,0.0,0.0,0.0,-0.0,0.0,-0.0,0.0,conditional,1.0,1.0,1.0,"{""supportive"": 0.0, ""unsupportive"": 0.0, ""conditional"": 1.0, ""insufficient_data"": 0.0}",-0.0,-0.0,10,10,0.0,False,2.0,2.4849066497880004,0.0,0.0,,qwen3:8b,fintradebench,none,committed
hqa_FTB_30cfebd4,FT,category_choice,0,10,hedgeqa_oracle,,False,,1.0,True,-0.0,0.0,-0.0,0.0,0.0,0.0,-0.0,0.0,-0.0,0.0,wait_for_confirmation,0.0,0.0,0.0,"{""wait_for_confirmation"": 1.0, ""buy_on_fundamentals"": 0.0, ""insufficient_data"": 0.0}",-0.0,-0.0,10,10,1.0,True,0.0,0.25131442828090605,1.0,1.0,,qwen3:8b,fintradebench,none,committed
hqa_FTB_30cfebd4,FT,category_choice,1,10,hedgeqa_oracle,,False,,1.0,True,-0.0,0.0,-0.0,0.0,0.0,0.0,-0.0,0.0,-0.0,0.0,wait_for_confirmation,0.0,0.0,0.0,"{""wait_for_confirmation"": 1.0, ""buy_on_fundamentals"": 0.0, ""insufficient_data"": 0.0}",-0.0,-0.0,10,10,1.0,True,0.0,0.25131442828090605,1.0,1.0,,qwen3:8b,fintradebench,none,committed
hqa_FTB_38645c6c,F,yes_no_mixed,0,10,hedgeqa_oracle,,False,,1.0,True,-0.0,0.0,-0.0,0.0,0.0,0.0,-0.0,0.0,-0.0,0.0,mixed,1.0,1.0,1.0,"{""yes"": 0.0, ""no"": 0.0, ""mixed"": 1.0, ""insufficient_data"": 0.0}",-0.0,-0.0,10,10,0.0,False,2.0,2.4849066497880004,0.0,0.0,,qwen3:8b,fintradebench,none,committed
hqa_FTB_38645c6c,F,yes_no_mixed,1,10,hedgeqa_oracle,,False,,1.0,True,-0.0,0.0,-0.0,0.0,0.0,0.0,-0.0,0.0,-0.0,0.0,mixed,1.0,1.0,1.0,"{""yes"": 0.0, ""no"": 0.0, ""mixed"": 1.0, ""insufficient_data"": 0.0}",-0.0,-0.0,10,10,0.0,False,2.0,2.4849066497880004,0.0,0.0,,qwen3:8b,fintradebench,none,committed
hqa_FTB_3a7f797e,F,yes_no_mixed,0,10,hedgeqa_oracle,,False,,1.0,True,0.9433483923290391,0.25020121176909393,0.6931471805599452,0.9933483923290392,0.27520121176909396,0.7181471805599452,0.6804820237218405,0.18048202372184058,0.49999999999999994,0.7347732674337097,yes,0.1,0.0,0.2,"{""yes"": 0.5, ""no"": 0.4, ""mixed"": 0.1, ""insufficient_data"": 0.0}",-0.0,0.5004024235381879,10,10,0.4,False,0.62,1.0498221244986776,0.0,0.8,,qwen3:8b,fintradebench,none,committed
hqa_FTB_3a7f797e,F,yes_no_mixed,1,10,hedgeqa_oracle,,False,,1.0,True,-0.0,0.0,-0.0,0.0,0.0,0.0,-0.0,0.0,-0.0,0.0,no,0.0,0.0,0.0,"{""yes"": 0.0, ""no"": 1.0, ""mixed"": 0.0, ""insufficient_data"": 0.0}",-0.0,-0.0,10,10,1.0,True,0.0,0.2876820724517809,1.0,1.0,,qwen3:8b,fintradebench,none,committed
hqa_FTB_3ba66418,F,graded_judgment,0,10,hedgeqa_oracle,,False,,1.0,True,-0.0,0.0,-0.0,0.0,0.0,0.0,-0.0,0.0,-0.0,0.0,mixed,1.0,1.0,1.0,"{""sound"": 0.0, ""mixed"": 1.0, ""weak"": 0.0, ""insufficient_data"": 0.0}",-0.0,-0.0,10,10,0.0,False,2.0,2.4849066497880004,0.0,0.0,,qwen3:8b,fintradebench,none,committed
hqa_FTB_3ba66418,F,graded_judgment,1,10,hedgeqa_oracle,,False,,1.0,True,-0.0,0.0,-0.0,0.0,0.0,0.0,-0.0,0.0,-0.0,0.0,mixed,1.0,1.0,1.0,"{""sound"": 0.0, ""mixed"": 1.0, ""weak"": 0.0, ""insufficient_data"": 0.0}",-0.0,-0.0,10,10,0.0,False,2.0,2.4849066497880004,0.0,0.0,,qwen3:8b,fintradebench,none,committed
hqa_FTB_46b2b9ab,FT,yes_no_mixed,0,10,hedgeqa_oracle,,False,,1.0,True,-0.0,0.0,-0.0,0.0,0.0,0.0,-0.0,0.0,-0.0,0.0,mixed,1.0,1.0,1.0,"{""yes"": 0.0, ""no"": 0.0, ""mixed"": 1.0, ""insufficient_data"": 0.0}",-0.0,-0.0,10,10,0.0,False,2.0,2.4849066497880004,0.0,0.0,,qwen3:8b,fintradebench,none,committed
hqa_FTB_46b2b9ab,FT,yes_no_mixed,1,10,hedgeqa_oracle,,False,,1.0,True,-0.0,0.0,-0.0,0.0,0.0,0.0,-0.0,0.0,-0.0,0.0,mixed,1.0,1.0,1.0,"{""yes"": 0.0, ""no"": 0.0, ""mixed"": 1.0, ""insufficient_data"": 0.0}",-0.0,-0.0,10,10,0.0,False,2.0,2.4849066497880004,0.0,0.0,,qwen3:8b,fintradebench,none,committed
hqa_FTB_47429988,FT,category_choice,0,10,hedgeqa_oracle,,False,,1.0,True,-0.0,0.0,-0.0,0.0,0.0,0.0,-0.0,0.0,-0.0,0.0,attractive_stability,0.0,0.0,0.0,"{""attractive_stability"": 1.0, ""underperformance_ahead"": 0.0, ""mixed"": 0.0, ""insufficient_data"": 0.0}",-0.0,-0.0,10,10,0.0,False,2.0,2.4849066497880004,0.0,0.0,,qwen3:8b,fintradebench,none,committed
hqa_FTB_47429988,FT,category_choice,1,10,hedgeqa_oracle,,False,,1.0,True,-0.0,0.0,-0.0,0.0,0.0,0.0,-0.0,0.0,-0.0,0.0,attractive_stability,0.0,0.0,0.0,"{""attractive_stability"": 1.0, ""underperformance_ahead"": 0.0, ""mixed"": 0.0, ""insufficient_data"": 0.0}",-0.0,-0.0,10,10,0.0,False,2.0,2.4849066497880004,0.0,0.0,,qwen3:8b,fintradebench,none,committed
hqa_FTB_48b061cd,FT,yes_no_mixed,0,10,hedgeqa_oracle,,False,,1.0,True,-0.0,0.0,-0.0,0.0,0.0,0.0,-0.0,0.0,-0.0,0.0,mixed,1.0,1.0,1.0,"{""yes"": 0.0, ""no"": 0.0, ""mixed"": 1.0, ""insufficient_data"": 0.0}",-0.0,-0.0,10,10,0.0,False,2.0,2.4849066497880004,0.0,0.0,,qwen3:8b,fintradebench,none,committed
hqa_FTB_48b061cd,FT,yes_no_mixed,1,10,hedgeqa_oracle,,False,,1.0,True,-0.0,0.0,-0.0,0.0,0.0,0.0,-0.0,0.0,-0.0,0.0,mixed,1.0,1.0,1.0,"{""yes"": 0.0, ""no"": 0.0, ""mixed"": 1.0, ""insufficient_data"": 0.0}",-0.0,-0.0,10,10,0.0,False,2.0,2.4849066497880004,0.0,0.0,,qwen3:8b,fintradebench,none,committed
hqa_FTB_495324ab,FT,yes_no_mixed,0,10,hedgeqa_oracle,,False,,1.0,True,0.42270908780599087,0.30543215102744675,0.11727693677854412,0.4477090878059909,0.3304321510274468,0.11727693677854412,0.30492015235820025,0.22032272480767318,0.08459742755052704,0.2774412478029577,yes,0.0,0.0,0.0,"{""yes"": 0.85, ""no"": 0.15, ""mixed"": 0.0, ""insufficient_data"": 0.0}",0.6108643020548935,-0.0,10,10,0.85,True,0.045000000000000005,0.4307829160924542,0.7,1.0,,qwen3:8b,fintradebench,none,committed
hqa_FTB_495324ab,FT,yes_no_mixed,1,10,hedgeqa_oracle,,False,,1.0,True,-0.0,0.0,-0.0,0.0,0.0,0.0,-0.0,0.0,-0.0,0.0,yes,0.0,0.0,0.0,"{""yes"": 1.0, ""no"": 0.0, ""mixed"": 0.0, ""insufficient_data"": 0.0}",-0.0,-0.0,10,10,1.0,True,0.0,0.2876820724517809,1.0,1.0,,qwen3:8b,fintradebench,none,committed
hqa_FTB_4fb8ad99,FT,yes_no_mixed,0,10,hedgeqa_oracle,,False,,1.0,True,0.1985152433458726,0.1625414866957241,0.035973756650148486,0.22351524334587258,0.1875414866957241,0.035973756650148486,0.1431984785579781,0.11724889839732029,0.025949580160657796,0.18121407728610292,no,0.05,0.0,0.1,"{""yes"": 0.0, ""no"": 0.95, ""mixed"": 0.05, ""insufficient_data"": 0.0}",-0.0,0.3250829733914482,10,10,0.0,False,1.9049999999999998,2.4849066497880004,0.0,0.0,,qwen3:8b,fintradebench,none,committed
hqa_FTB_4fb8ad99,FT,yes_no_mixed,1,10,hedgeqa_oracle,,False,,1.0,True,0.3250829733914482,0.25020121176909393,0.07488176162235427,0.3500829733914482,0.27520121176909396,0.07488176162235427,0.23449779679464058,0.18048202372184058,0.054015773072800005,0.23034661225454434,no,0.1,0.2,0.0,"{""yes"": 0.0, ""no"": 0.9, ""mixed"": 0.1, ""insufficient_data"": 0.0}",0.5004024235381879,-0.0,10,10,0.0,False,1.82,2.4849066497880004,0.0,0.0,,qwen3:8b,fintradebench,none,committed
hqa_FTB_54b6da2c,FT,category_choice,0,10,hedgeqa_oracle,,False,,1.0,True,0.5004024235381879,0.33650583350462826,0.1638965900335596,0.5254024235381879,0.3615058335046283,0.1638965900335596,0.36096404744368116,0.2427376486136672,0.11822639883001398,0.3275295688512027,mixed,0.8,0.6,1.0,"{""buying_opportunity"": 0.0, ""structural_challenges"": 0.2, ""mixed"": 0.8, ""insufficient_data"": 0.0}",0.6730116670092565,-0.0,10,10,0.0,False,1.6800000000000002,2.4849066497880004,0.0,0.0,,qwen3:8b,fintradebench,none,committed
hqa_FTB_54b6da2c,FT,category_choice,1,10,hedgeqa_oracle,,False,,1.0,True,-0.0,0.0,-0.0,0.0,0.0,0.0,-0.0,0.0,-0.0,0.0,mixed,1.0,1.0,1.0,"{""buying_opportunity"": 0.0, ""structural_challenges"": 0.0, ""mixed"": 1.0, ""insufficient_data"": 0.0}",-0.0,-0.0,10,10,0.0,False,2.0,2.4849066497880004,0.0,0.0,,qwen3:8b,fintradebench,none,committed
hqa_FTB_54bc7248,FT,open_summary_with_canonical_claim,0,10,hedgeqa_oracle,,False,,1.0,True,-0.0,0.0,-0.0,0.0,0.0,0.0,-0.0,0.0,-0.0,0.0,mixed,1.0,1.0,1.0,"{""claim_true"": 0.0, ""claim_false"": 0.0, ""mixed"": 1.0}",-0.0,-0.0,10,10,0.0,False,2.0,2.1972245773362196,0.0,0.0,,qwen3:8b,fintradebench,none,committed
hqa_FTB_54bc7248,FT,open_summary_with_canonical_claim,1,10,hedgeqa_oracle,,False,,1.0,True,-0.0,0.0,-0.0,0.0,0.0,0.0,-0.0,0.0,-0.0,0.0,mixed,1.0,1.0,1.0,"{""claim_true"": 0.0, ""claim_false"": 0.0, ""mixed"": 1.0}",-0.0,-0.0,10,10,0.0,False,2.0,2.1972245773362196,0.0,0.0,,qwen3:8b,fintradebench,none,committed
hqa_FTB_5895e72d,T,screening_top1,0,10,hedgeqa_oracle,,False,,1.0,True,0.6931471805599453,0.0,0.6931471805599453,0.7181471805599453,0.0,0.7181471805599453,0.43067655807339306,0.0,0.43067655807339306,1.0,IDXX,0.0,0.0,0.0,"{""IDXX"": 0.5, ""SHOP"": 0.0, ""MRVL"": 0.5, ""AXON"": 0.0, ""none_clear"": 0.0}",-0.0,-0.0,10,10,0.5,True,0.5,0.916290731874155,1.0,0.0,,qwen3:8b,fintradebench,none,committed
hqa_FTB_5895e72d,T,screening_top1,1,10,hedgeqa_oracle,,False,,1.0,True,0.6931471805599453,0.0,0.6931471805599453,0.7181471805599453,0.0,0.7181471805599453,0.43067655807339306,0.0,0.43067655807339306,1.0,IDXX,0.0,0.0,0.0,"{""IDXX"": 0.5, ""SHOP"": 0.0, ""MRVL"": 0.5, ""AXON"": 0.0, ""none_clear"": 0.0}",-0.0,-0.0,10,10,0.5,True,0.5,0.916290731874155,0.0,1.0,,qwen3:8b,fintradebench,none,committed
hqa_FTB_599b11e3,T,screening_top1,0,10,hedgeqa_oracle,,False,,1.0,True,1.0296530140645737,0.6342156828602438,0.3954373312043299,1.0796530140645737,0.7092156828602438,0.37043733120432987,0.639759388112919,0.3940603598066491,0.24569902830626986,0.3840491173267526,TSLA,0.0,0.0,0.0,"{""TSLA"": 0.5, ""INTC"": 0.0, ""LRCX"": 0.2, ""NVDA"": 0.3, ""none_clear"": 0.0}",0.9433483923290393,0.3250829733914482,10,10,0.5,True,0.38,0.916290731874155,0.1,0.9,,qwen3:8b,fintradebench,none,committed
hqa_FTB_599b11e3,T,screening_top1,1,10,hedgeqa_oracle,,False,,1.0,True,0.6881388137135884,0.1625414866957241,0.5255973270178643,0.7131388137135884,0.1875414866957241,0.5255973270178643,0.4275646847866614,0.10099270399930975,0.3265719807873516,0.7637954966984672,NVDA,0.0,0.0,0.0,"{""TSLA"": 0.45, ""INTC"": 0.0, ""LRCX"": 0.0, ""NVDA"": 0.55, ""none_clear"": 0.0}",0.3250829733914482,-0.0,10,10,0.45,False,0.6050000000000001,1.0033021088637848,0.9,0.0,,qwen3:8b,fintradebench,none,committed
hqa_FTB_5a0e1efb,F,graded_judgment,0,10,hedgeqa_oracle,,False,,1.0,True,0.6474466390346325,0.30543215102744675,0.34201448800718576,0.6724466390346325,0.3304321510274468,0.34201448800718576,0.46703402768774555,0.22032272480767318,0.24671130288007237,0.5282512370705057,more_efficient,0.0,0.0,0.0,"{""more_efficient"": 0.65, ""similar"": 0.35, ""less_efficient"": 0.0, ""insufficient_data"": 0.0}",-0.0,0.6108643020548935,10,10,0.65,True,0.24499999999999997,0.6603573577369544,1.0,0.3,,qwen3:8b,fintradebench,none,committed
hqa_FTB_5a0e1efb,F,graded_judgment,1,10,hedgeqa_oracle,,False,,1.0,True,0.6881388137135884,0.1625414866957241,0.5255973270178643,0.7131388137135884,0.1875414866957241,0.5255973270178643,0.49638722699390414,0.11724889839732029,0.3791383285965838,0.7637954966984672,similar,0.45,0.9,0.0,"{""more_efficient"": 0.0, ""similar"": 0.55, ""less_efficient"": 0.0, ""insufficient_data"": 0.45}",0.3250829733914482,-0.0,10,10,0.0,False,1.505,2.4849066497880004,0.0,0.0,,qwen3:8b,fintradebench,none,committed
hqa_FTB_5d6ed0fa,FT,yes_no_mixed,0,10,hedgeqa_oracle,,False,,1.0,True,-0.0,0.0,-0.0,0.0,0.0,0.0,-0.0,0.0,-0.0,0.0,mixed,1.0,1.0,1.0,"{""yes"": 0.0, ""no"": 0.0, ""mixed"": 1.0, ""insufficient_data"": 0.0}",-0.0,-0.0,10,10,0.0,False,2.0,2.4849066497880004,0.0,0.0,,qwen3:8b,fintradebench,none,committed
hqa_FTB_5d6ed0fa,FT,yes_no_mixed,1,10,hedgeqa_oracle,,False,,1.0,True,-0.0,0.0,-0.0,0.0,0.0,0.0,-0.0,0.0,-0.0,0.0,mixed,1.0,1.0,1.0,"{""yes"": 0.0, ""no"": 0.0, ""mixed"": 1.0, ""insufficient_data"": 0.0}",-0.0,-0.0,10,10,0.0,False,2.0,2.4849066497880004,0.0,0.0,,qwen3:8b,fintradebench,none,committed
hqa_FTB_5db8c06c,T,screening_top1,0,10,hedgeqa_oracle,,False,,1.0,True,-0.0,0.0,-0.0,0.0,0.0,0.0,-0.0,0.0,-0.0,0.0,APP,0.0,0.0,0.0,"{""MU"": 0.0, ""WBD"": 0.0, ""APP"": 1.0, ""LRCX"": 0.0, ""none_clear"": 0.0}",-0.0,-0.0,10,10,0.0,False,2.0,2.70805020110221,0.0,0.0,,qwen3:8b,fintradebench,none,committed
hqa_FTB_5db8c06c,T,screening_top1,1,10,hedgeqa_oracle,,False,,1.0,True,-0.0,0.0,-0.0,0.0,0.0,0.0,-0.0,0.0,-0.0,0.0,APP,0.0,0.0,0.0,"{""MU"": 0.0, ""WBD"": 0.0, ""APP"": 1.0, ""LRCX"": 0.0, ""none_clear"": 0.0}",-0.0,-0.0,10,10,0.0,False,2.0,2.70805020110221,0.0,0.0,,qwen3:8b,fintradebench,none,committed
hqa_FTB_624fddfe,F,open_summary_with_canonical_claim,0,10,hedgeqa_oracle,,False,,1.0,True,0.6881388137135884,0.1625414866957241,0.5255973270178643,0.7131388137135884,0.1875414866957241,0.5255973270178643,0.626370941606566,0.14795163714469228,0.47841930446187375,0.7637954966984672,claim_true,0.45,0.0,0.9,"{""claim_true"": 0.55, ""claim_false"": 0.0, ""mixed"": 0.45}",-0.0,0.3250829733914482,10,10,0.55,True,0.40499999999999997,0.7386095546367027,1.0,0.1,,qwen3:8b,fintradebench,none,committed
hqa_FTB_624fddfe,F,open_summary_with_canonical_claim,1,10,hedgeqa_oracle,,False,,1.0,True,0.1985152433458726,0.1625414866957241,0.035973756650148486,0.22351524334587258,0.1875414866957241,0.035973756650148486,0.18069636157678548,0.14795163714469228,0.032744724432093204,0.18121407728610292,mixed,0.95,1.0,0.9,"{""claim_true"": 0.05, ""claim_false"": 0.0, ""mixed"": 0.95}",-0.0,0.3250829733914482,10,10,0.05,False,1.805,1.934860312868728,0.0,0.1,,qwen3:8b,fintradebench,none,committed
hqa_FTB_664ec26b,F,graded_judgment,0,10,hedgeqa_oracle,,False,,1.0,True,0.6931471805599453,0.0,0.6931471805599453,0.7181471805599453,0.0,0.7181471805599453,0.5,0.0,0.5,1.0,efficient,0.0,0.0,0.0,"{""efficient"": 0.5, ""moderate"": 0.5, ""inefficient"": 0.0, ""insufficient_data"": 0.0}",-0.0,-0.0,10,10,0.5,False,0.5,0.8754687373538999,1.0,0.0,,qwen3:8b,fintradebench,none,committed
hqa_FTB_664ec26b,F,graded_judgment,1,10,hedgeqa_oracle,,False,,1.0,True,0.6931471805599453,0.0,0.6931471805599453,0.7181471805599453,0.0,0.7181471805599453,0.5,0.0,0.5,1.0,efficient,0.0,0.0,0.0,"{""efficient"": 0.5, ""moderate"": 0.5, ""inefficient"": 0.0, ""insufficient_data"": 0.0}",-0.0,-0.0,10,10,0.5,False,0.5,0.8754687373538999,0.0,1.0,,qwen3:8b,fintradebench,none,committed
hqa_FTB_6b974835,F,yes_no_mixed,0,10,hedgeqa_oracle,,False,,1.0,True,0.9985793315873921,0.30543215102744675,0.6931471805599454,1.0485793315873921,0.3304321510274468,0.7181471805599453,0.7203227248076732,0.22032272480767318,0.5000000000000001,0.6941333138330469,no,0.5,0.0,1.0,"{""yes"": 0.0, ""no"": 0.5, ""mixed"": 0.35, ""insufficient_data"": 0.15}",-0.0,0.6108643020548935,10,10,0.35,False,0.6950000000000001,1.1499055830556604,0.0,0.7,,qwen3:8b,fintradebench,none,noncommitted
hqa_FTB_6b974835,F,yes_no_mixed,1,10,hedgeqa_oracle,,False,,1.0,True,0.6931471805599453,0.0,0.6931471805599453,0.7181471805599453,0.0,0.7181471805599453,0.5,0.0,0.5,1.0,no,0.5,1.0,0.0,"{""yes"": 0.0, ""no"": 0.5, ""mixed"": 0.5, ""insufficient_data"": 0.0}",-0.0,-0.0,10,10,0.5,False,0.5,0.8754687373538999,1.0,0.0,,qwen3:8b,fintradebench,none,noncommitted
hqa_FTB_6f71b24d,FT,supportive_judgment,0,10,hedgeqa_oracle,,False,,1.0,True,-0.0,0.0,-0.0,0.0,0.0,0.0,-0.0,0.0,-0.0,0.0,conditional,1.0,1.0,1.0,"{""supportive"": 0.0, ""unsupportive"": 0.0, ""conditional"": 1.0, ""insufficient_data"": 0.0}",-0.0,-0.0,10,10,0.0,False,2.0,2.4849066497880004,0.0,0.0,,qwen3:8b,fintradebench,none,committed
hqa_FTB_6f71b24d,FT,supportive_judgment,1,10,hedgeqa_oracle,,False,,1.0,True,-0.0,0.0,-0.0,0.0,0.0,0.0,-0.0,0.0,-0.0,0.0,conditional,1.0,1.0,1.0,"{""supportive"": 0.0, ""unsupportive"": 0.0, ""conditional"": 1.0, ""insufficient_data"": 0.0}",-0.0,-0.0,10,10,0.0,False,2.0,2.4849066497880004,0.0,0.0,,qwen3:8b,fintradebench,none,committed
hqa_FTB_6fa9f26d,FT,category_choice,0,10,hedgeqa_oracle,,False,,1.0,True,0.42270908780599087,0.30543215102744675,0.11727693677854412,0.4477090878059909,0.3304321510274468,0.11727693677854412,0.30492015235820025,0.22032272480767318,0.08459742755052704,0.2774412478029577,hold,0.15,0.3,0.0,"{""hold"": 0.85, ""sell"": 0.0, ""conditional"": 0.15, ""insufficient_data"": 0.0}",0.6108643020548935,-0.0,10,10,0.85,True,0.045000000000000005,0.4307829160924542,0.7,1.0,,qwen3:8b,fintradebench,none,committed
hqa_FTB_6fa9f26d,FT,category_choice,1,10,hedgeqa_oracle,,False,,1.0,True,-0.0,0.0,-0.0,0.0,0.0,0.0,-0.0,0.0,-0.0,0.0,hold,0.0,0.0,0.0,"{""hold"": 1.0, ""sell"": 0.0, ""conditional"": 0.0, ""insufficient_data"": 0.0}",-0.0,-0.0,10,10,1.0,True,0.0,0.2876820724517809,1.0,1.0,,qwen3:8b,fintradebench,none,committed
hqa_FTB_7199c7e7,FT,yes_no_mixed,0,10,hedgeqa_oracle,,False,,1.0,True,0.3250829733914482,0.25020121176909393,0.07488176162235427,0.3500829733914482,0.27520121176909396,0.07488176162235427,0.23449779679464058,0.18048202372184058,0.054015773072800005,0.23034661225454434,no,0.1,0.0,0.2,"{""yes"": 0.0, ""no"": 0.9, ""mixed"": 0.1, ""insufficient_data"": 0.0}",-0.0,0.5004024235381879,10,10,0.9,True,0.019999999999999997,0.380772495517793,1.0,0.8,,qwen3:8b,fintradebench,none,committed
hqa_FTB_7199c7e7,FT,yes_no_mixed,1,10,hedgeqa_oracle,,False,,1.0,True,-0.0,0.0,-0.0,0.0,0.0,0.0,-0.0,0.0,-0.0,0.0,no,0.0,0.0,0.0,"{""yes"": 0.0, ""no"": 1.0, ""mixed"": 0.0, ""insufficient_data"": 0.0}",-0.0,-0.0,10,10,1.0,True,0.0,0.2876820724517809,1.0,1.0,,qwen3:8b,fintradebench,none,committed
hqa_FTB_74433c22,FT,yes_no_mixed,0,10,hedgeqa_oracle,,False,,1.0,True,-0.0,0.0,-0.0,0.0,0.0,0.0,-0.0,0.0,-0.0,0.0,no,0.0,0.0,0.0,"{""yes"": 0.0, ""no"": 1.0, ""mixed"": 0.0, ""insufficient_data"": 0.0}",-0.0,-0.0,10,10,0.0,False,2.0,2.4849066497880004,0.0,0.0,,qwen3:8b,fintradebench,none,committed
hqa_FTB_74433c22,FT,yes_no_mixed,1,10,hedgeqa_oracle,,False,,1.0,True,-0.0,0.0,-0.0,0.0,0.0,0.0,-0.0,0.0,-0.0,0.0,no,0.0,0.0,0.0,"{""yes"": 0.0, ""no"": 1.0, ""mixed"": 0.0, ""insufficient_data"": 0.0}",-0.0,-0.0,10,10,0.0,False,2.0,2.4849066497880004,0.0,0.0,,qwen3:8b,fintradebench,none,committed
hqa_FTB_77a9fd58,FT,supportive_judgment,0,10,hedgeqa_oracle,,False,,1.0,True,0.3250829733914482,0.25020121176909393,0.07488176162235427,0.3500829733914482,0.27520121176909396,0.07488176162235427,0.23449779679464058,0.18048202372184058,0.054015773072800005,0.23034661225454434,supportive,0.1,0.0,0.2,"{""supportive"": 0.9, ""unsupportive"": 0.0, ""conditional"": 0.1, ""insufficient_data"": 0.0}",-0.0,0.5004024235381879,10,10,0.1,False,1.62,1.8971199848858813,0.0,0.2,,qwen3:8b,fintradebench,none,noncommitted
hqa_FTB_77a9fd58,FT,supportive_judgment,1,10,hedgeqa_oracle,,False,,1.0,True,0.6730116670092565,0.25020121176909393,0.4228104552401626,0.6980116670092565,0.27520121176909396,0.4228104552401626,0.4854752972273344,0.18048202372184058,0.3049932735054938,0.6282364421987758,supportive,0.4,0.0,0.8,"{""supportive"": 0.6, ""unsupportive"": 0.0, ""conditional"": 0.4, ""insufficient_data"": 0.0}",-0.0,0.5004024235381879,10,10,0.4,False,0.72,1.0498221244986776,0.0,0.8,,qwen3:8b,fintradebench,none,noncommitted
hqa_FTB_7b872c89,T,screening_top1,0,10,hedgeqa_oracle,,False,,1.0,True,0.5623351446188083,0.34657359027997264,0.21576155433883565,0.5873351446188083,0.37157359027997267,0.21576155433883565,0.3493984702822971,0.21533827903669653,0.1340601912456006,0.3836885465963443,TSLA,0.0,0.0,0.0,"{""NVDA"": 0.25, ""TSLA"": 0.75, ""MRVL"": 0.0, ""INTC"": 0.0, ""none_clear"": 0.0}",0.6931471805599453,-0.0,10,10,0.0,False,1.625,2.70805020110221,0.0,0.0,,qwen3:8b,fintradebench,none,noncommitted
hqa_FTB_7b872c89,T,screening_top1,1,10,hedgeqa_oracle,,False,,1.0,True,-0.0,0.0,-0.0,0.0,0.0,0.0,-0.0,0.0,-0.0,0.0,TSLA,0.0,0.0,0.0,"{""NVDA"": 0.0, ""TSLA"": 1.0, ""MRVL"": 0.0, ""INTC"": 0.0, ""none_clear"": 0.0}",-0.0,-0.0,10,10,0.0,False,2.0,2.70805020110221,0.0,0.0,,qwen3:8b,fintradebench,none,noncommitted
hqa_FTB_7c1b95b5,FT,category_choice,0,10,hedgeqa_oracle,,False,,1.0,True,0.6474466390346325,0.30543215102744675,0.34201448800718576,0.6724466390346325,0.3304321510274468,0.34201448800718576,0.46703402768774555,0.22032272480767318,0.24671130288007237,0.5282512370705057,contrarian_value_play,0.0,0.0,0.0,"{""contrarian_value_play"": 0.65, ""value_trap"": 0.35, ""mixed"": 0.0, ""insufficient_data"": 0.0}",0.6108643020548935,-0.0,10,10,0.65,True,0.24499999999999997,0.6603573577369544,0.3,1.0,,qwen3:8b,fintradebench,none,committed
hqa_FTB_7c1b95b5,FT,category_choice,1,10,hedgeqa_oracle,,False,,1.0,True,-0.0,0.0,-0.0,0.0,0.0,0.0,-0.0,0.0,-0.0,0.0,contrarian_value_play,0.0,0.0,0.0,"{""contrarian_value_play"": 1.0, ""value_trap"": 0.0, ""mixed"": 0.0, ""insufficient_data"": 0.0}",-0.0,-0.0,10,10,1.0,True,0.0,0.2876820724517809,1.0,1.0,,qwen3:8b,fintradebench,none,committed
hqa_FTB_7d9b0eea,F,yes_no_mixed,0,10,hedgeqa_oracle,,False,,1.0,True,0.6108643020548935,0.33650583350462826,0.27435846855026524,0.6358643020548935,0.3615058335046283,0.27435846855026524,0.44064544961534635,0.2427376486136672,0.19790780100167915,0.4491316117627886,mixed,1.0,1.0,1.0,"{""yes"": 0.0, ""no"": 0.0, ""mixed"": 0.7, ""insufficient_data"": 0.3}",-0.0,0.6730116670092565,10,10,0.0,False,1.58,2.4849066497880004,0.0,0.0,,qwen3:8b,fintradebench,none,committed
hqa_FTB_7d9b0eea,F,yes_no_mixed,1,10,hedgeqa_oracle,,False,,1.0,True,0.6931471805599453,0.0,0.6931471805599453,0.7181471805599453,0.0,0.7181471805599453,0.5,0.0,0.5,1.0,mixed,1.0,1.0,1.0,"{""yes"": 0.0, ""no"": 0.0, ""mixed"": 0.5, ""insufficient_data"": 0.5}",-0.0,-0.0,10,10,0.0,False,1.5,2.4849066497880004,0.0,0.0,,qwen3:8b,fintradebench,none,committed
hqa_FTB_7dbce4b0,F,open_summary_with_canonical_claim,0,10,hedgeqa_oracle,,False,,1.0,True,-0.0,0.0,-0.0,0.0,0.0,0.0,-0.0,0.0,-0.0,0.0,claim_true,0.0,0.0,0.0,"{""claim_true"": 1.0, ""claim_false"": 0.0, ""mixed"": 0.0}",-0.0,-0.0,10,10,1.0,True,0.0,0.25131442828090605,1.0,1.0,,qwen3:8b,fintradebench,none,committed
hqa_FTB_7dbce4b0,F,open_summary_with_canonical_claim,1,10,hedgeqa_oracle,,False,,1.0,True,0.3250829733914482,0.25020121176909393,0.07488176162235427,0.3500829733914482,0.27520121176909396,0.07488176162235427,0.29590327428938457,0.2277429575017976,0.06816031678758694,0.23034661225454434,mixed,0.9,1.0,0.8,"{""claim_true"": 0.1, ""claim_false"": 0.0, ""mixed"": 0.9}",-0.0,0.5004024235381879,10,10,0.1,False,1.62,1.7272209480904839,0.0,0.2,,qwen3:8b,fintradebench,none,committed
hqa_FTB_7ffcdb70,FT,supportive_judgment,0,10,hedgeqa_oracle,,False,,1.0,True,0.6108643020548935,0.33650583350462826,0.27435846855026524,0.6358643020548935,0.3615058335046283,0.27435846855026524,0.44064544961534635,0.2427376486136672,0.19790780100167915,0.4491316117627886,unsupportive,0.3,0.0,0.6,"{""supportive"": 0.0, ""unsupportive"": 0.7, ""conditional"": 0.3, ""insufficient_data"": 0.0}",-0.0,0.6730116670092565,10,10,0.7,True,0.18000000000000002,0.5978370007556205,1.0,0.4,,qwen3:8b,fintradebench,none,committed
hqa_FTB_7ffcdb70,FT,supportive_judgment,1,10,hedgeqa_oracle,,False,,1.0,True,0.6931471805599453,0.0,0.6931471805599453,0.7181471805599453,0.0,0.7181471805599453,0.5,0.0,0.5,1.0,unsupportive,0.5,1.0,0.0,"{""supportive"": 0.0, ""unsupportive"": 0.5, ""conditional"": 0.5, ""insufficient_data"": 0.0}",-0.0,-0.0,10,10,0.5,True,0.5,0.8754687373538999,0.0,1.0,,qwen3:8b,fintradebench,none,committed
hqa_FTB_8315fbdd,T,screening_top1,0,10,hedgeqa_oracle,,False,,1.0,True,0.3250829733914482,0.25020121176909393,0.07488176162235427,0.3500829733914482,0.27520121176909396,0.07488176162235427,0.2019854079986195,0.15545875354128558,0.04652665445733394,0.23034661225454434,TRI,0.0,0.0,0.0,"{""CMCSA"": 0.0, ""TEAM"": 0.1, ""KDP"": 0.0, ""TRI"": 0.9, ""none_clear"": 0.0}",-0.0,0.5004024235381879,10,10,0.0,False,1.82,2.70805020110221,0.0,0.0,,qwen3:8b,fintradebench,none,committed
hqa_FTB_8315fbdd,T,screening_top1,1,10,hedgeqa_oracle,,False,,1.0,True,-0.0,0.0,-0.0,0.0,0.0,0.0,-0.0,0.0,-0.0,0.0,TRI,0.0,0.0,0.0,"{""CMCSA"": 0.0, ""TEAM"": 0.0, ""KDP"": 0.0, ""TRI"": 1.0, ""none_clear"": 0.0}",-0.0,-0.0,10,10,0.0,False,2.0,2.70805020110221,0.0,0.0,,qwen3:8b,fintradebench,none,committed
hqa_FTB_8647404c,FT,supportive_judgment,0,10,hedgeqa_oracle,,False,,1.0,True,0.1985152433458726,0.1625414866957241,0.035973756650148486,0.22351524334587258,0.1875414866957241,0.035973756650148486,0.1431984785579781,0.11724889839732029,0.025949580160657796,0.18121407728610292,unsupportive,0.05,0.1,0.0,"{""supportive"": 0.0, ""unsupportive"": 0.95, ""conditional"": 0.05, ""insufficient_data"": 0.0}",0.3250829733914482,-0.0,10,10,0.05,False,1.805,2.1484344131667874,0.1,0.0,,qwen3:8b,fintradebench,none,noncommitted
hqa_FTB_8647404c,FT,supportive_judgment,1,10,hedgeqa_oracle,,False,,1.0,True,0.6474466390346325,0.30543215102744675,0.34201448800718576,0.6724466390346325,0.3304321510274468,0.34201448800718576,0.46703402768774555,0.22032272480767318,0.24671130288007237,0.5282512370705057,unsupportive,0.35,0.0,0.7,"{""supportive"": 0.0, ""unsupportive"": 0.65, ""conditional"": 0.35, ""insufficient_data"": 0.0}",-0.0,0.6108643020548935,10,10,0.35,False,0.8450000000000001,1.1499055830556604,0.0,0.7,,qwen3:8b,fintradebench,none,noncommitted
hqa_FTB_869351e8,F,open_summary_with_canonical_claim,0,10,hedgeqa_oracle,,False,,1.0,True,-0.0,0.0,-0.0,0.0,0.0,0.0,-0.0,0.0,-0.0,0.0,claim_true,0.0,0.0,0.0,"{""claim_true"": 1.0, ""claim_false"": 0.0, ""mixed"": 0.0}",-0.0,-0.0,10,10,1.0,True,0.0,0.25131442828090605,1.0,1.0,,qwen3:8b,fintradebench,none,committed
hqa_FTB_869351e8,F,open_summary_with_canonical_claim,1,10,hedgeqa_oracle,,False,,1.0,True,-0.0,0.0,-0.0,0.0,0.0,0.0,-0.0,0.0,-0.0,0.0,claim_true,0.0,0.0,0.0,"{""claim_true"": 1.0, ""claim_false"": 0.0, ""mixed"": 0.0}",-0.0,-0.0,10,10,1.0,True,0.0,0.25131442828090605,1.0,1.0,,qwen3:8b,fintradebench,none,committed
hqa_FTB_88541c51,FT,supportive_judgment,0,10,hedgeqa_oracle,,False,,1.0,True,-0.0,0.0,-0.0,0.0,0.0,0.0,-0.0,0.0,-0.0,0.0,conditional,1.0,1.0,1.0,"{""supportive"": 0.0, ""unsupportive"": 0.0, ""conditional"": 1.0, ""insufficient_data"": 0.0}",-0.0,-0.0,10,10,0.0,False,2.0,2.4849066497880004,0.0,0.0,,qwen3:8b,fintradebench,none,committed
hqa_FTB_88541c51,FT,supportive_judgment,1,10,hedgeqa_oracle,,False,,1.0,True,-0.0,0.0,-0.0,0.0,0.0,0.0,-0.0,0.0,-0.0,0.0,conditional,1.0,1.0,1.0,"{""supportive"": 0.0, ""unsupportive"": 0.0, ""conditional"": 1.0, ""insufficient_data"": 0.0}",-0.0,-0.0,10,10,0.0,False,2.0,2.4849066497880004,0.0,0.0,,qwen3:8b,fintradebench,none,committed
hqa_FTB_8c3f38fa,FT,yes_no_mixed,0,10,hedgeqa_oracle,,False,,1.0,True,-0.0,0.0,-0.0,0.0,0.0,0.0,-0.0,0.0,-0.0,0.0,yes,0.0,0.0,0.0,"{""yes"": 1.0, ""no"": 0.0, ""mixed"": 0.0, ""insufficient_data"": 0.0}",-0.0,-0.0,10,10,0.0,False,2.0,2.4849066497880004,0.0,0.0,,qwen3:8b,fintradebench,none,noncommitted
hqa_FTB_8c3f38fa,FT,yes_no_mixed,1,10,hedgeqa_oracle,,False,,1.0,True,0.6881388137135884,0.1625414866957241,0.5255973270178643,0.7131388137135884,0.1875414866957241,0.5255973270178643,0.49638722699390414,0.11724889839732029,0.3791383285965838,0.7637954966984672,mixed,0.55,0.1,1.0,"{""yes"": 0.45, ""no"": 0.0, ""mixed"": 0.55, ""insufficient_data"": 0.0}",0.3250829733914482,-0.0,10,10,0.55,True,0.40499999999999997,0.7985076962177716,0.1,1.0,,qwen3:8b,fintradebench,none,noncommitted
hqa_FTB_8ed2e330,F,category_choice,0,10,hedgeqa_oracle,,False,,1.0,True,-0.0,0.0,-0.0,0.0,0.0,0.0,-0.0,0.0,-0.0,0.0,productive,0.0,0.0,0.0,"{""productive"": 1.0, ""aging"": 0.0, ""mixed"": 0.0, ""insufficient_data"": 0.0}",-0.0,-0.0,10,10,0.0,False,2.0,2.4849066497880004,0.0,0.0,,qwen3:8b,fintradebench,none,committed
hqa_FTB_8ed2e330,F,category_choice,1,10,hedgeqa_oracle,,False,,1.0,True,0.6881388137135884,0.5556333627965406,0.1325054509170478,0.7131388137135884,0.6056333627965407,0.10750545091704777,0.49638722699390414,0.4008047485295137,0.0955824784643904,0.19255628119851723,mixed,0.55,0.8,0.3,"{""productive"": 0.45, ""aging"": 0.0, ""mixed"": 0.55, ""insufficient_data"": 0.0}",0.5004024235381879,0.6108643020548935,10,10,0.0,False,1.505,2.4849066497880004,0.0,0.0,,qwen3:8b,fintradebench,none,committed
hqa_FTB_90f40b4c,F,open_summary_with_canonical_claim,0,10,hedgeqa_oracle,,False,,1.0,True,0.3250829733914482,0.25020121176909393,0.07488176162235427,0.3500829733914482,0.27520121176909396,0.07488176162235427,0.29590327428938457,0.2277429575017976,0.06816031678758694,0.23034661225454434,mixed,0.9,0.8,1.0,"{""claim_true"": 0.1, ""claim_false"": 0.0, ""mixed"": 0.9}",0.5004024235381879,-0.0,10,10,0.9,True,0.019999999999999997,0.3409265869705932,0.8,1.0,,qwen3:8b,fintradebench,none,noncommitted
hqa_FTB_90f40b4c,F,open_summary_with_canonical_claim,1,10,hedgeqa_oracle,,False,,1.0,True,-0.0,0.0,-0.0,0.0,0.0,0.0,-0.0,0.0,-0.0,0.0,mixed,1.0,1.0,1.0,"{""claim_true"": 0.0, ""claim_false"": 0.0, ""mixed"": 1.0}",-0.0,-0.0,10,10,1.0,True,0.0,0.25131442828090605,1.0,1.0,,qwen3:8b,fintradebench,none,noncommitted
hqa_FTB_9175a3ca,T,screening_top1,0,10,hedgeqa_oracle,,False,,1.0,True,-0.0,0.0,-0.0,0.0,0.0,0.0,-0.0,0.0,-0.0,0.0,ASML,0.0,0.0,0.0,"{""INTC"": 0.0, ""ASML"": 1.0, ""TRI"": 0.0, ""MRVL"": 0.0, ""none_clear"": 0.0}",-0.0,-0.0,10,10,0.0,False,2.0,2.70805020110221,0.0,0.0,,qwen3:8b,fintradebench,none,committed
hqa_FTB_9175a3ca,T,screening_top1,1,10,hedgeqa_oracle,,False,,1.0,True,-0.0,0.0,-0.0,0.0,0.0,0.0,-0.0,0.0,-0.0,0.0,ASML,0.0,0.0,0.0,"{""INTC"": 0.0, ""ASML"": 1.0, ""TRI"": 0.0, ""MRVL"": 0.0, ""none_clear"": 0.0}",-0.0,-0.0,10,10,0.0,False,2.0,2.70805020110221,0.0,0.0,,qwen3:8b,fintradebench,none,committed
hqa_FTB_9216ec7b,F,open_summary_with_canonical_claim,0,10,hedgeqa_oracle,,False,,1.0,True,-0.0,0.0,-0.0,0.0,0.0,0.0,-0.0,0.0,-0.0,0.0,claim_true,0.0,0.0,0.0,"{""claim_true"": 1.0, ""claim_false"": 0.0, ""mixed"": 0.0}",-0.0,-0.0,10,10,1.0,True,0.0,0.25131442828090605,1.0,1.0,,qwen3:8b,fintradebench,none,committed
hqa_FTB_9216ec7b,F,open_summary_with_canonical_claim,1,10,hedgeqa_oracle,,False,,1.0,True,-0.0,0.0,-0.0,0.0,0.0,0.0,-0.0,0.0,-0.0,0.0,claim_true,0.0,0.0,0.0,"{""claim_true"": 1.0, ""claim_false"": 0.0, ""mixed"": 0.0}",-0.0,-0.0,10,10,1.0,True,0.0,0.25131442828090605,1.0,1.0,,qwen3:8b,fintradebench,none,committed
hqa_FTB_921c1811,FT,yes_no_mixed,0,10,hedgeqa_oracle,,False,,1.0,True,0.5623351446188083,0.49904732020035236,0.06328782441845593,0.5873351446188083,0.5490473202003524,0.03828782441845591,0.4056390622295664,0.3599865470109875,0.04565251521857891,0.11254467202357951,mixed,0.75,0.9,0.6,"{""yes"": 0.0, ""no"": 0.25, ""mixed"": 0.75, ""insufficient_data"": 0.0}",0.3250829733914482,0.6730116670092565,10,10,0.75,True,0.125,0.5389965007326869,0.9,0.6,,qwen3:8b,fintradebench,none,noncommitted
hqa_FTB_921c1811,FT,yes_no_mixed,1,10,hedgeqa_oracle,,False,,1.0,True,-0.0,0.0,-0.0,0.0,0.0,0.0,-0.0,0.0,-0.0,0.0,mixed,1.0,1.0,1.0,"{""yes"": 0.0, ""no"": 0.0, ""mixed"": 1.0, ""insufficient_data"": 0.0}",-0.0,-0.0,10,10,1.0,True,0.0,0.2876820724517809,1.0,1.0,,qwen3:8b,fintradebench,none,noncommitted
hqa_FTB_94705863,F,open_summary_with_canonical_claim,0,10,hedgeqa_oracle,,False,,1.0,True,-0.0,0.0,-0.0,0.0,0.0,0.0,-0.0,0.0,-0.0,0.0,mixed,1.0,1.0,1.0,"{""claim_true"": 0.0, ""claim_false"": 0.0, ""mixed"": 1.0}",-0.0,-0.0,10,10,0.0,False,2.0,2.1972245773362196,0.0,0.0,,qwen3:8b,fintradebench,none,committed
hqa_FTB_94705863,F,open_summary_with_canonical_claim,1,10,hedgeqa_oracle,,False,,1.0,True,-0.0,0.0,-0.0,0.0,0.0,0.0,-0.0,0.0,-0.0,0.0,mixed,1.0,1.0,1.0,"{""claim_true"": 0.0, ""claim_false"": 0.0, ""mixed"": 1.0}",-0.0,-0.0,10,10,0.0,False,2.0,2.1972245773362196,0.0,0.0,,qwen3:8b,fintradebench,none,committed
hqa_FTB_9a70a1f9,F,category_choice,0,10,hedgeqa_oracle,,False,,1.0,True,-0.0,0.0,-0.0,0.0,0.0,0.0,-0.0,0.0,-0.0,0.0,growth,0.0,0.0,0.0,"{""growth"": 1.0, ""value"": 0.0, ""mixed"": 0.0, ""insufficient_data"": 0.0}",-0.0,-0.0,10,10,1.0,True,0.0,0.2876820724517809,1.0,1.0,,qwen3:8b,fintradebench,none,committed
hqa_FTB_9a70a1f9,F,category_choice,1,10,hedgeqa_oracle,,False,,1.0,True,-0.0,0.0,-0.0,0.0,0.0,0.0,-0.0,0.0,-0.0,0.0,growth,0.0,0.0,0.0,"{""growth"": 1.0, ""value"": 0.0, ""mixed"": 0.0, ""insufficient_data"": 0.0}",-0.0,-0.0,10,10,1.0,True,0.0,0.2876820724517809,1.0,1.0,,qwen3:8b,fintradebench,none,committed
hqa_FTB_a0c0d5cc,FT,supportive_judgment,0,10,hedgeqa_oracle,,False,,1.0,True,0.5004024235381879,0.5004024235381879,0.0,0.5254024235381879,0.5504024235381879,0.0,0.36096404744368116,0.36096404744368116,0.0,0.0,conditional,0.8,0.8,0.8,"{""supportive"": 0.0, ""unsupportive"": 0.2, ""conditional"": 0.8, ""insufficient_data"": 0.0}",0.5004024235381879,0.5004024235381879,10,10,0.2,False,1.2800000000000002,1.529395204760564,0.2,0.2,,qwen3:8b,fintradebench,none,committed
hqa_FTB_a0c0d5cc,FT,supportive_judgment,1,10,hedgeqa_oracle,,False,,1.0,True,-0.0,0.0,-0.0,0.0,0.0,0.0,-0.0,0.0,-0.0,0.0,conditional,1.0,1.0,1.0,"{""supportive"": 0.0, ""unsupportive"": 0.0, ""conditional"": 1.0, ""insufficient_data"": 0.0}",-0.0,-0.0,10,10,0.0,False,2.0,2.4849066497880004,0.0,0.0,,qwen3:8b,fintradebench,none,committed
hqa_FTB_a14e5de6,F,premise_check,0,10,hedgeqa_oracle,,False,,1.0,True,-0.0,0.0,-0.0,0.0,0.0,0.0,-0.0,0.0,-0.0,0.0,insufficient_data,1.0,1.0,1.0,"{""premise_false"": 0.0, ""premise_true_explained"": 0.0, ""insufficient_data"": 1.0}",-0.0,-0.0,10,10,0.0,False,2.0,2.1972245773362196,0.0,0.0,,qwen3:8b,fintradebench,none,committed
hqa_FTB_a14e5de6,F,premise_check,1,10,hedgeqa_oracle,,False,,1.0,True,-0.0,0.0,-0.0,0.0,0.0,0.0,-0.0,0.0,-0.0,0.0,insufficient_data,1.0,1.0,1.0,"{""premise_false"": 0.0, ""premise_true_explained"": 0.0, ""insufficient_data"": 1.0}",-0.0,-0.0,10,10,0.0,False,2.0,2.1972245773362196,0.0,0.0,,qwen3:8b,fintradebench,none,committed
hqa_FTB_a32e1559,FT,yes_no_mixed,0,10,hedgeqa_oracle,,False,,1.0,True,-0.0,0.0,-0.0,0.0,0.0,0.0,-0.0,0.0,-0.0,0.0,mixed,1.0,1.0,1.0,"{""yes"": 0.0, ""no"": 0.0, ""mixed"": 1.0, ""insufficient_data"": 0.0}",-0.0,-0.0,10,10,0.0,False,2.0,2.4849066497880004,0.0,0.0,,qwen3:8b,fintradebench,none,committed
hqa_FTB_a32e1559,FT,yes_no_mixed,1,10,hedgeqa_oracle,,False,,1.0,True,-0.0,0.0,-0.0,0.0,0.0,0.0,-0.0,0.0,-0.0,0.0,mixed,1.0,1.0,1.0,"{""yes"": 0.0, ""no"": 0.0, ""mixed"": 1.0, ""insufficient_data"": 0.0}",-0.0,-0.0,10,10,0.0,False,2.0,2.4849066497880004,0.0,0.0,,qwen3:8b,fintradebench,none,committed
hqa_FTB_a5c1c626,T,screening_top1,0,10,hedgeqa_oracle,,False,,1.0,True,-0.0,0.0,-0.0,0.0,0.0,0.0,-0.0,0.0,-0.0,0.0,APP,0.0,0.0,0.0,"{""APP"": 1.0, ""LRCX"": 0.0, ""MNST"": 0.0, ""INTC"": 0.0, ""none_clear"": 0.0}",-0.0,-0.0,10,10,1.0,True,0.0,0.31015492830383945,1.0,1.0,,qwen3:8b,fintradebench,none,committed
hqa_FTB_a5c1c626,T,screening_top1,1,10,hedgeqa_oracle,,False,,1.0,True,-0.0,0.0,-0.0,0.0,0.0,0.0,-0.0,0.0,-0.0,0.0,APP,0.0,0.0,0.0,"{""APP"": 1.0, ""LRCX"": 0.0, ""MNST"": 0.0, ""INTC"": 0.0, ""none_clear"": 0.0}",-0.0,-0.0,10,10,1.0,True,0.0,0.31015492830383945,1.0,1.0,,qwen3:8b,fintradebench,none,committed
hqa_FTB_a6d883cc,FT,supportive_judgment,0,10,hedgeqa_oracle,,False,,1.0,True,-0.0,0.0,-0.0,0.0,0.0,0.0,-0.0,0.0,-0.0,0.0,conditional,1.0,1.0,1.0,"{""supportive"": 0.0, ""unsupportive"": 0.0, ""conditional"": 1.0, ""insufficient_data"": 0.0}",-0.0,-0.0,10,10,0.0,False,2.0,2.4849066497880004,0.0,0.0,,qwen3:8b,fintradebench,none,committed
hqa_FTB_a6d883cc,FT,supportive_judgment,1,10,hedgeqa_oracle,,False,,1.0,True,-0.0,0.0,-0.0,0.0,0.0,0.0,-0.0,0.0,-0.0,0.0,conditional,1.0,1.0,1.0,"{""supportive"": 0.0, ""unsupportive"": 0.0, ""conditional"": 1.0, ""insufficient_data"": 0.0}",-0.0,-0.0,10,10,0.0,False,2.0,2.4849066497880004,0.0,0.0,,qwen3:8b,fintradebench,none,committed
hqa_FTB_a6f3790c,FT,category_choice,0,10,hedgeqa_oracle,,False,,1.0,True,-0.0,0.0,-0.0,0.0,0.0,0.0,-0.0,0.0,-0.0,0.0,take_profits,0.0,0.0,0.0,"{""sustainable"": 0.0, ""take_profits"": 1.0, ""mixed"": 0.0, ""insufficient_data"": 0.0}",-0.0,-0.0,10,10,1.0,True,0.0,0.2876820724517809,1.0,1.0,,qwen3:8b,fintradebench,none,committed
hqa_FTB_a6f3790c,FT,category_choice,1,10,hedgeqa_oracle,,False,,1.0,True,-0.0,0.0,-0.0,0.0,0.0,0.0,-0.0,0.0,-0.0,0.0,take_profits,0.0,0.0,0.0,"{""sustainable"": 0.0, ""take_profits"": 1.0, ""mixed"": 0.0, ""insufficient_data"": 0.0}",-0.0,-0.0,10,10,1.0,True,0.0,0.2876820724517809,1.0,1.0,,qwen3:8b,fintradebench,none,committed
hqa_FTB_a809667e,FT,category_choice,0,10,hedgeqa_oracle,,False,,1.0,True,-0.0,0.0,-0.0,0.0,0.0,0.0,-0.0,0.0,-0.0,0.0,insufficient_data,1.0,1.0,1.0,"{""exposure_limits"": 0.0, ""diversification_offsets"": 0.0, ""mixed"": 0.0, ""insufficient_data"": 1.0}",-0.0,-0.0,10,10,0.0,False,2.0,2.4849066497880004,0.0,0.0,,qwen3:8b,fintradebench,none,committed
hqa_FTB_a809667e,FT,category_choice,1,10,hedgeqa_oracle,,False,,1.0,True,-0.0,0.0,-0.0,0.0,0.0,0.0,-0.0,0.0,-0.0,0.0,insufficient_data,1.0,1.0,1.0,"{""exposure_limits"": 0.0, ""diversification_offsets"": 0.0, ""mixed"": 0.0, ""insufficient_data"": 1.0}",-0.0,-0.0,10,10,0.0,False,2.0,2.4849066497880004,0.0,0.0,,qwen3:8b,fintradebench,none,committed
hqa_FTB_b1c0ad1d,F,category_choice,0,10,hedgeqa_oracle,,False,,1.0,True,-0.0,0.0,-0.0,0.0,0.0,0.0,-0.0,0.0,-0.0,0.0,smart_allocation,0.0,0.0,0.0,"{""red_flag"": 0.0, ""smart_allocation"": 1.0, ""mixed"": 0.0, ""insufficient_data"": 0.0}",-0.0,-0.0,10,10,1.0,True,0.0,0.2876820724517809,1.0,1.0,,qwen3:8b,fintradebench,none,committed
hqa_FTB_b1c0ad1d,F,category_choice,1,10,hedgeqa_oracle,,False,,1.0,True,-0.0,0.0,-0.0,0.0,0.0,0.0,-0.0,0.0,-0.0,0.0,smart_allocation,0.0,0.0,0.0,"{""red_flag"": 0.0, ""smart_allocation"": 1.0, ""mixed"": 0.0, ""insufficient_data"": 0.0}",-0.0,-0.0,10,10,1.0,True,0.0,0.2876820724517809,1.0,1.0,,qwen3:8b,fintradebench,none,committed
hqa_FTB_b538ab74,FT,yes_no_mixed,0,10,hedgeqa_oracle,,False,,1.0,True,0.5623351446188083,0.34657359027997264,0.21576155433883565,0.5873351446188083,0.37157359027997267,0.21576155433883565,0.4056390622295664,0.25,0.15563906222956642,0.3836885465963443,mixed,0.75,1.0,0.5,"{""yes"": 0.0, ""no"": 0.25, ""mixed"": 0.75, ""insufficient_data"": 0.0}",-0.0,0.6931471805599453,10,10,0.75,True,0.125,0.5389965007326869,1.0,0.5,,qwen3:8b,fintradebench,none,noncommitted
hqa_FTB_b538ab74,FT,yes_no_mixed,1,10,hedgeqa_oracle,,False,,1.0,True,0.6931471805599453,0.0,0.6931471805599453,0.7181471805599453,0.0,0.7181471805599453,0.5,0.0,0.5,1.0,no,0.5,0.0,1.0,"{""yes"": 0.0, ""no"": 0.5, ""mixed"": 0.5, ""insufficient_data"": 0.0}",-0.0,-0.0,10,10,0.5,False,0.5,0.8754687373538999,0.0,1.0,,qwen3:8b,fintradebench,none,noncommitted
hqa_FTB_b6b11beb,FT,yes_no_mixed,0,10,hedgeqa_oracle,,False,,1.0,True,-0.0,0.0,-0.0,0.0,0.0,0.0,-0.0,0.0,-0.0,0.0,mixed,1.0,1.0,1.0,"{""yes"": 0.0, ""no"": 0.0, ""mixed"": 1.0, ""insufficient_data"": 0.0}",-0.0,-0.0,10,10,1.0,True,0.0,0.2876820724517809,1.0,1.0,,qwen3:8b,fintradebench,none,noncommitted
hqa_FTB_b6b11beb,FT,yes_no_mixed,1,10,hedgeqa_oracle,,False,,1.0,True,-0.0,0.0,-0.0,0.0,0.0,0.0,-0.0,0.0,-0.0,0.0,mixed,1.0,1.0,1.0,"{""yes"": 0.0, ""no"": 0.0, ""mixed"": 1.0, ""insufficient_data"": 0.0}",-0.0,-0.0,10,10,1.0,True,0.0,0.2876820724517809,1.0,1.0,,qwen3:8b,fintradebench,none,noncommitted
hqa_FTB_bcda6815,F,yes_no_mixed,0,10,hedgeqa_oracle,,False,,1.0,True,-0.0,0.0,-0.0,0.0,0.0,0.0,-0.0,0.0,-0.0,0.0,mixed,1.0,1.0,1.0,"{""yes"": 0.0, ""no"": 0.0, ""mixed"": 1.0, ""insufficient_data"": 0.0}",-0.0,-0.0,10,10,1.0,True,0.0,0.2876820724517809,1.0,1.0,,qwen3:8b,fintradebench,none,noncommitted
hqa_FTB_bcda6815,F,yes_no_mixed,1,10,hedgeqa_oracle,,False,,1.0,True,-0.0,0.0,-0.0,0.0,0.0,0.0,-0.0,0.0,-0.0,0.0,mixed,1.0,1.0,1.0,"{""yes"": 0.0, ""no"": 0.0, ""mixed"": 1.0, ""insufficient_data"": 0.0}",-0.0,-0.0,10,10,1.0,True,0.0,0.2876820724517809,1.0,1.0,,qwen3:8b,fintradebench,none,noncommitted
hqa_FTB_bd71b8fa,F,yes_no_mixed,0,10,hedgeqa_oracle,,False,,1.0,True,-0.0,0.0,-0.0,0.0,0.0,0.0,-0.0,0.0,-0.0,0.0,mixed,1.0,1.0,1.0,"{""yes"": 0.0, ""no"": 0.0, ""mixed"": 1.0, ""insufficient_data"": 0.0}",-0.0,-0.0,10,10,1.0,True,0.0,0.2876820724517809,1.0,1.0,,qwen3:8b,fintradebench,none,noncommitted
hqa_FTB_bd71b8fa,F,yes_no_mixed,1,10,hedgeqa_oracle,,False,,1.0,True,-0.0,0.0,-0.0,0.0,0.0,0.0,-0.0,0.0,-0.0,0.0,mixed,1.0,1.0,1.0,"{""yes"": 0.0, ""no"": 0.0, ""mixed"": 1.0, ""insufficient_data"": 0.0}",-0.0,-0.0,10,10,1.0,True,0.0,0.2876820724517809,1.0,1.0,,qwen3:8b,fintradebench,none,noncommitted
hqa_FTB_be3741f7,FT,supportive_judgment,0,10,hedgeqa_oracle,,False,,1.0,True,0.6881388137135884,0.1625414866957241,0.5255973270178643,0.7131388137135884,0.1875414866957241,0.5255973270178643,0.49638722699390414,0.11724889839732029,0.3791383285965838,0.7637954966984672,supportive,0.45,0.9,0.0,"{""supportive"": 0.55, ""unsupportive"": 0.0, ""conditional"": 0.45, ""insufficient_data"": 0.0}",0.3250829733914482,-0.0,10,10,0.0,False,1.505,2.4849066497880004,0.0,0.0,,qwen3:8b,fintradebench,none,committed
hqa_FTB_be3741f7,FT,supportive_judgment,1,10,hedgeqa_oracle,,False,,1.0,True,-0.0,0.0,-0.0,0.0,0.0,0.0,-0.0,0.0,-0.0,0.0,conditional,1.0,1.0,1.0,"{""supportive"": 0.0, ""unsupportive"": 0.0, ""conditional"": 1.0, ""insufficient_data"": 0.0}",-0.0,-0.0,10,10,0.0,False,2.0,2.4849066497880004,0.0,0.0,,qwen3:8b,fintradebench,none,committed
hqa_FTB_be575006,FT,yes_no_mixed,0,10,hedgeqa_oracle,,False,,1.0,True,0.6881388137135884,0.641937984532075,0.04620082918151347,0.7131388137135884,0.691937984532075,0.021200829181513448,0.49638722699390414,0.4630603734213403,0.0333268535725638,0.06713882179118413,no,0.44999999999999996,0.3,0.6,"{""yes"": 0.0, ""no"": 0.55, ""mixed"": 0.45, ""insufficient_data"": 0.0}",0.6108643020548935,0.6730116670092565,10,10,0.44999999999999996,False,0.6050000000000001,0.9588503462929511,0.3,0.6,,qwen3:8b,fintradebench,none,noncommitted
hqa_FTB_be575006,FT,yes_no_mixed,1,10,hedgeqa_oracle,,False,,1.0,True,-0.0,0.0,-0.0,0.0,0.0,0.0,-0.0,0.0,-0.0,0.0,mixed,1.0,1.0,1.0,"{""yes"": 0.0, ""no"": 0.0, ""mixed"": 1.0, ""insufficient_data"": 0.0}",-0.0,-0.0,10,10,1.0,True,0.0,0.2876820724517809,1.0,1.0,,qwen3:8b,fintradebench,none,noncommitted
hqa_FTB_bfc189ce,F,company_choice,0,10,hedgeqa_oracle,,False,,1.0,True,-0.0,0.0,-0.0,0.0,0.0,0.0,-0.0,0.0,-0.0,0.0,AMD,0.0,0.0,0.0,"{""AMD"": 1.0, ""INTC"": 0.0, ""insufficient_data"": 0.0}",-0.0,-0.0,10,10,1.0,True,0.0,0.25131442828090605,1.0,1.0,,qwen3:8b,fintradebench,none,committed
hqa_FTB_bfc189ce,F,company_choice,1,10,hedgeqa_oracle,,False,,1.0,True,-0.0,0.0,-0.0,0.0,0.0,0.0,-0.0,0.0,-0.0,0.0,AMD,0.0,0.0,0.0,"{""AMD"": 1.0, ""INTC"": 0.0, ""insufficient_data"": 0.0}",-0.0,-0.0,10,10,1.0,True,0.0,0.25131442828090605,1.0,1.0,,qwen3:8b,fintradebench,none,committed
hqa_FTB_c14e66f4,T,screening_top1,0,10,hedgeqa_oracle,,False,,1.0,True,0.5623351446188083,0.5556333627965406,0.006701781822267661,0.5873351446188083,0.6056333627965407,0.0,0.3493984702822971,0.34523441911232566,0.004164051169971473,0.01191777161075468,none_clear,0.75,0.7,0.8,"{""APP"": 0.0, ""TSLA"": 0.0, ""COST"": 0.0, ""TTD"": 0.25, ""none_clear"": 0.75}",0.6108643020548935,0.5004024235381879,10,10,0.0,False,1.625,2.70805020110221,0.0,0.0,,qwen3:8b,fintradebench,none,committed
hqa_FTB_c14e66f4,T,screening_top1,1,10,hedgeqa_oracle,,False,,1.0,True,-0.0,0.0,-0.0,0.0,0.0,0.0,-0.0,0.0,-0.0,0.0,none_clear,1.0,1.0,1.0,"{""APP"": 0.0, ""TSLA"": 0.0, ""COST"": 0.0, ""TTD"": 0.0, ""none_clear"": 1.0}",-0.0,-0.0,10,10,0.0,False,2.0,2.70805020110221,0.0,0.0,,qwen3:8b,fintradebench,none,committed
hqa_FTB_c63078f2,FT,category_choice,0,10,hedgeqa_oracle,,False,,1.0,True,-0.0,0.0,-0.0,0.0,0.0,0.0,-0.0,0.0,-0.0,0.0,wait,0.0,0.0,0.0,"{""buy_now"": 0.0, ""wait"": 1.0, ""insufficient_data"": 0.0}",-0.0,-0.0,10,10,1.0,True,0.0,0.25131442828090605,1.0,1.0,,qwen3:8b,fintradebench,none,committed
hqa_FTB_c63078f2,FT,category_choice,1,10,hedgeqa_oracle,,False,,1.0,True,-0.0,0.0,-0.0,0.0,0.0,0.0,-0.0,0.0,-0.0,0.0,wait,0.0,0.0,0.0,"{""buy_now"": 0.0, ""wait"": 1.0, ""insufficient_data"": 0.0}",-0.0,-0.0,10,10,1.0,True,0.0,0.25131442828090605,1.0,1.0,,qwen3:8b,fintradebench,none,committed
hqa_FTB_c71bc114,F,company_choice,0,10,hedgeqa_oracle,,False,,1.0,True,-0.0,0.0,-0.0,0.0,0.0,0.0,-0.0,0.0,-0.0,0.0,AAPL,0.0,0.0,0.0,"{""NFLX"": 0.0, ""AAPL"": 1.0, ""insufficient_data"": 0.0}",-0.0,-0.0,10,10,1.0,True,0.0,0.25131442828090605,1.0,1.0,,qwen3:8b,fintradebench,none,committed
hqa_FTB_c71bc114,F,company_choice,1,10,hedgeqa_oracle,,False,,1.0,True,-0.0,0.0,-0.0,0.0,0.0,0.0,-0.0,0.0,-0.0,0.0,AAPL,0.0,0.0,0.0,"{""NFLX"": 0.0, ""AAPL"": 1.0, ""insufficient_data"": 0.0}",-0.0,-0.0,10,10,1.0,True,0.0,0.25131442828090605,1.0,1.0,,qwen3:8b,fintradebench,none,committed
hqa_FTB_c99d1421,F,yes_no_mixed,0,10,hedgeqa_oracle,,False,,1.0,True,0.6881388137135884,0.1625414866957241,0.5255973270178643,0.7131388137135884,0.1875414866957241,0.5255973270178643,0.49638722699390414,0.11724889839732029,0.3791383285965838,0.7637954966984672,no,0.45,0.0,0.9,"{""yes"": 0.0, ""no"": 0.55, ""mixed"": 0.0, ""insufficient_data"": 0.45}",-0.0,0.3250829733914482,10,10,0.55,True,0.40499999999999997,0.7985076962177716,1.0,0.1,,qwen3:8b,fintradebench,none,committed
hqa_FTB_c99d1421,F,yes_no_mixed,1,10,hedgeqa_oracle,,False,,1.0,True,0.6931471805599453,0.0,0.6931471805599453,0.7181471805599453,0.0,0.7181471805599453,0.5,0.0,0.5,1.0,no,0.5,1.0,0.0,"{""yes"": 0.0, ""no"": 0.5, ""mixed"": 0.0, ""insufficient_data"": 0.5}",-0.0,-0.0,10,10,0.5,True,0.5,0.8754687373538999,0.0,1.0,,qwen3:8b,fintradebench,none,committed
hqa_FTB_ce7df44f,F,screening_top1,0,10,hedgeqa_oracle,,False,,1.0,True,-0.0,0.0,-0.0,0.0,0.0,0.0,-0.0,0.0,-0.0,0.0,CCEP,0.0,0.0,0.0,"{""KHC"": 0.0, ""CCEP"": 1.0, ""CSCO"": 0.0, ""TXN"": 0.0, ""none_clear"": 0.0}",-0.0,-0.0,10,10,0.0,False,2.0,2.70805020110221,0.0,0.0,,qwen3:8b,fintradebench,none,committed
hqa_FTB_ce7df44f,F,screening_top1,1,10,hedgeqa_oracle,,False,,1.0,True,-0.0,0.0,-0.0,0.0,0.0,0.0,-0.0,0.0,-0.0,0.0,CCEP,0.0,0.0,0.0,"{""KHC"": 0.0, ""CCEP"": 1.0, ""CSCO"": 0.0, ""TXN"": 0.0, ""none_clear"": 0.0}",-0.0,-0.0,10,10,0.0,False,2.0,2.70805020110221,0.0,0.0,,qwen3:8b,fintradebench,none,committed
hqa_FTB_cf81aaf3,FT,yes_no_mixed,0,10,hedgeqa_oracle,,False,,1.0,True,0.6931471805599453,0.0,0.6931471805599453,0.7181471805599453,0.0,0.7181471805599453,0.5,0.0,0.5,1.0,yes,0.5,1.0,0.0,"{""yes"": 0.5, ""no"": 0.0, ""mixed"": 0.5, ""insufficient_data"": 0.0}",-0.0,-0.0,10,10,0.5,True,0.5,0.8754687373538999,0.0,1.0,,qwen3:8b,fintradebench,none,committed
hqa_FTB_cf81aaf3,FT,yes_no_mixed,1,10,hedgeqa_oracle,,False,,1.0,True,0.3250829733914482,0.25020121176909393,0.07488176162235427,0.3500829733914482,0.27520121176909396,0.07488176162235427,0.23449779679464058,0.18048202372184058,0.054015773072800005,0.23034661225454434,mixed,0.9,0.8,1.0,"{""yes"": 0.1, ""no"": 0.0, ""mixed"": 0.9, ""insufficient_data"": 0.0}",0.5004024235381879,-0.0,10,10,0.1,False,1.62,1.897119984885881,0.2,0.0,,qwen3:8b,fintradebench,none,committed
hqa_FTB_d1f8a434,FT,yes_no_mixed,0,10,hedgeqa_oracle,,False,,1.0,True,0.42270908780599087,0.30543215102744675,0.11727693677854412,0.4477090878059909,0.3304321510274468,0.11727693677854412,0.30492015235820025,0.22032272480767318,0.08459742755052704,0.2774412478029577,no,0.15,0.3,0.0,"{""yes"": 0.0, ""no"": 0.85, ""mixed"": 0.15, ""insufficient_data"": 0.0}",0.6108643020548935,-0.0,10,10,0.85,True,0.045000000000000005,0.4307829160924542,0.7,1.0,,qwen3:8b,fintradebench,none,committed
hqa_FTB_d1f8a434,FT,yes_no_mixed,1,10,hedgeqa_oracle,,False,,1.0,True,-0.0,0.0,-0.0,0.0,0.0,0.0,-0.0,0.0,-0.0,0.0,no,0.0,0.0,0.0,"{""yes"": 0.0, ""no"": 1.0, ""mixed"": 0.0, ""insufficient_data"": 0.0}",-0.0,-0.0,10,10,1.0,True,0.0,0.2876820724517809,1.0,1.0,,qwen3:8b,fintradebench,none,committed
hqa_FTB_d23c5d4b,F,yes_no_mixed,0,10,hedgeqa_oracle,,False,,1.0,True,0.1985152433458726,0.1625414866957241,0.035973756650148486,0.22351524334587258,0.1875414866957241,0.035973756650148486,0.1431984785579781,0.11724889839732029,0.025949580160657796,0.18121407728610292,mixed,1.0,1.0,1.0,"{""yes"": 0.0, ""no"": 0.0, ""mixed"": 0.95, ""insufficient_data"": 0.05}",-0.0,0.3250829733914482,10,10,0.0,False,1.9049999999999998,2.4849066497880004,0.0,0.0,,qwen3:8b,fintradebench,none,committed
hqa_FTB_d23c5d4b,F,yes_no_mixed,1,10,hedgeqa_oracle,,False,,1.0,True,-0.0,0.0,-0.0,0.0,0.0,0.0,-0.0,0.0,-0.0,0.0,mixed,1.0,1.0,1.0,"{""yes"": 0.0, ""no"": 0.0, ""mixed"": 1.0, ""insufficient_data"": 0.0}",-0.0,-0.0,10,10,0.0,False,2.0,2.4849066497880004,0.0,0.0,,qwen3:8b,fintradebench,none,committed
hqa_FTB_d25b3c9a,T,screening_top1,0,10,hedgeqa_oracle,,False,,1.0,True,0.6730116670092565,0.25020121176909393,0.4228104552401626,0.6980116670092565,0.27520121176909396,0.4228104552401626,0.37561496315083553,0.13963995506433033,0.23597500808650523,0.6282364421987758,LRCX,0.0,0.0,0.0,"{""LRCX"": 0.6, ""AMAT"": 0.0, ""MU"": 0.0, ""WBD"": 0.0, ""APP"": 0.4, ""none_clear"": 0.0}",-0.0,0.5004024235381879,10,10,0.6,True,0.32000000000000006,0.7862376036259574,1.0,0.2,,qwen3:8b,fintradebench,none,committed
hqa_FTB_d25b3c9a,T,screening_top1,1,10,hedgeqa_oracle,,False,,1.0,True,0.6474466390346325,0.30543215102744675,0.34201448800718576,0.6724466390346325,0.3304321510274468,0.34201448800718576,0.36134684937011796,0.1704649291788235,0.1908819201912945,0.5282512370705057,APP,0.0,0.0,0.0,"{""LRCX"": 0.35, ""AMAT"": 0.0, ""MU"": 0.0, ""WBD"": 0.0, ""APP"": 0.65, ""none_clear"": 0.0}",-0.0,0.6108643020548935,10,10,0.35,False,0.8450000000000001,1.241713132308783,0.0,0.7,,qwen3:8b,fintradebench,none,committed
hqa_FTB_d3935030,F,company_choice,0,10,hedgeqa_oracle,,False,,1.0,True,-0.0,0.0,-0.0,0.0,0.0,0.0,-0.0,0.0,-0.0,0.0,COST,0.0,0.0,0.0,"{""AMZN"": 0.0, ""WMT"": 0.0, ""COST"": 1.0, ""insufficient_data"": 0.0}",-0.0,-0.0,10,10,1.0,True,0.0,0.2876820724517809,1.0,1.0,,qwen3:8b,fintradebench,none,committed
hqa_FTB_d3935030,F,company_choice,1,10,hedgeqa_oracle,,False,,1.0,True,-0.0,0.0,-0.0,0.0,0.0,0.0,-0.0,0.0,-0.0,0.0,COST,0.0,0.0,0.0,"{""AMZN"": 0.0, ""WMT"": 0.0, ""COST"": 1.0, ""insufficient_data"": 0.0}",-0.0,-0.0,10,10,1.0,True,0.0,0.2876820724517809,1.0,1.0,,qwen3:8b,fintradebench,none,committed
hqa_FTB_d78b28a8,F,yes_no_mixed,0,10,hedgeqa_oracle,,False,,1.0,True,0.6881388137135884,0.1625414866957241,0.5255973270178643,0.7131388137135884,0.1875414866957241,0.5255973270178643,0.49638722699390414,0.11724889839732029,0.3791383285965838,0.7637954966984672,mixed,0.55,0.1,1.0,"{""yes"": 0.0, ""no"": 0.45, ""mixed"": 0.55, ""insufficient_data"": 0.0}",0.3250829733914482,-0.0,10,10,0.45,False,0.6050000000000001,0.9588503462929511,0.9,0.0,,qwen3:8b,fintradebench,none,committed
hqa_FTB_d78b28a8,F,yes_no_mixed,1,10,hedgeqa_oracle,,False,,1.0,True,0.6931471805599453,0.0,0.6931471805599453,0.7181471805599453,0.0,0.7181471805599453,0.5,0.0,0.5,1.0,no,0.5,1.0,0.0,"{""yes"": 0.0, ""no"": 0.5, ""mixed"": 0.5, ""insufficient_data"": 0.0}",-0.0,-0.0,10,10,0.5,True,0.5,0.8754687373538999,0.0,1.0,,qwen3:8b,fintradebench,none,committed
hqa_FTB_d83f425e,F,yes_no_mixed,0,10,hedgeqa_oracle,,False,,1.0,True,0.3250829733914482,0.25020121176909393,0.07488176162235427,0.3500829733914482,0.27520121176909396,0.07488176162235427,0.23449779679464058,0.18048202372184058,0.054015773072800005,0.23034661225454434,insufficient_data,0.9,0.8,1.0,"{""yes"": 0.0, ""no"": 0.1, ""mixed"": 0.0, ""insufficient_data"": 0.9}",0.5004024235381879,-0.0,10,10,0.1,False,1.62,1.897119984885881,0.2,0.0,,qwen3:8b,fintradebench,none,committed
hqa_FTB_d83f425e,F,yes_no_mixed,1,10,hedgeqa_oracle,,False,,1.0,True,-0.0,0.0,-0.0,0.0,0.0,0.0,-0.0,0.0,-0.0,0.0,insufficient_data,1.0,1.0,1.0,"{""yes"": 0.0, ""no"": 0.0, ""mixed"": 0.0, ""insufficient_data"": 1.0}",-0.0,-0.0,10,10,0.0,False,2.0,2.4849066497880004,0.0,0.0,,qwen3:8b,fintradebench,none,committed
hqa_FTB_db4e96c8,FT,yes_no_mixed,0,10,hedgeqa_oracle,,False,,1.0,True,-0.0,0.0,-0.0,0.0,0.0,0.0,-0.0,0.0,-0.0,0.0,yes,0.0,0.0,0.0,"{""yes"": 1.0, ""no"": 0.0, ""mixed"": 0.0, ""insufficient_data"": 0.0}",-0.0,-0.0,10,10,0.0,False,2.0,2.4849066497880004,0.0,0.0,,qwen3:8b,fintradebench,none,committed
hqa_FTB_db4e96c8,FT,yes_no_mixed,1,10,hedgeqa_oracle,,False,,1.0,True,-0.0,0.0,-0.0,0.0,0.0,0.0,-0.0,0.0,-0.0,0.0,mixed,1.0,1.0,1.0,"{""yes"": 0.0, ""no"": 0.0, ""mixed"": 1.0, ""insufficient_data"": 0.0}",-0.0,-0.0,10,10,0.0,False,2.0,2.4849066497880004,0.0,0.0,,qwen3:8b,fintradebench,none,committed
hqa_FTB_dbf9cd4e,T,screening_top1,0,10,hedgeqa_oracle,,False,,1.0,True,-0.0,0.0,-0.0,0.0,0.0,0.0,-0.0,0.0,-0.0,0.0,MRVL,0.0,0.0,0.0,"{""INTC"": 0.0, ""MU"": 0.0, ""LRCX"": 0.0, ""AMAT"": 0.0, ""MRVL"": 1.0, ""none_clear"": 0.0}",-0.0,-0.0,10,10,0.0,False,2.0,2.890371757896165,0.0,0.0,,qwen3:8b,fintradebench,none,committed
hqa_FTB_dbf9cd4e,T,screening_top1,1,10,hedgeqa_oracle,,False,,1.0,True,-0.0,0.0,-0.0,0.0,0.0,0.0,-0.0,0.0,-0.0,0.0,MRVL,0.0,0.0,0.0,"{""INTC"": 0.0, ""MU"": 0.0, ""LRCX"": 0.0, ""AMAT"": 0.0, ""MRVL"": 1.0, ""none_clear"": 0.0}",-0.0,-0.0,10,10,0.0,False,2.0,2.890371757896165,0.0,0.0,,qwen3:8b,fintradebench,none,committed
hqa_FTB_e105af3a,T,screening_top1,0,10,hedgeqa_oracle,,False,,1.0,True,0.9972715231823841,0.47167419616451967,0.5255973270178644,1.0472715231823841,0.5216741961645197,0.5255973270178644,0.619639636594691,0.29306765580733934,0.3265719807873517,0.5270353306997432,TRI,0.0,0.0,0.0,"{""INTC"": 0.0, ""MRVL"": 0.2, ""TRI"": 0.55, ""COST"": 0.25, ""none_clear"": 0.0}",0.9433483923290393,-0.0,10,10,0.0,False,1.405,2.70805020110221,0.0,0.0,,qwen3:8b,fintradebench,none,committed
hqa_FTB_e105af3a,T,screening_top1,1,10,hedgeqa_oracle,,False,,1.0,True,0.6931471805599453,0.0,0.6931471805599453,0.7181471805599453,0.0,0.7181471805599453,0.43067655807339306,0.0,0.43067655807339306,1.0,TRI,0.0,0.0,0.0,"{""INTC"": 0.0, ""MRVL"": 0.0, ""TRI"": 0.5, ""COST"": 0.5, ""none_clear"": 0.0}",-0.0,-0.0,10,10,0.0,False,1.5,2.70805020110221,0.0,0.0,,qwen3:8b,fintradebench,none,committed
hqa_FTB_e67cda66,F,yes_no_mixed,0,10,hedgeqa_oracle,,False,,1.0,True,0.5623351446188083,0.34657359027997264,0.21576155433883565,0.5873351446188083,0.37157359027997267,0.21576155433883565,0.4056390622295664,0.25,0.15563906222956642,0.3836885465963443,insufficient_data,0.75,0.5,1.0,"{""yes"": 0.25, ""no"": 0.0, ""mixed"": 0.0, ""insufficient_data"": 0.75}",0.6931471805599453,-0.0,10,10,0.25,False,1.125,1.3862943611198906,0.5,0.0,,qwen3:8b,fintradebench,none,committed
hqa_FTB_e67cda66,F,yes_no_mixed,1,10,hedgeqa_oracle,,False,,1.0,True,0.6931471805599453,0.0,0.6931471805599453,0.7181471805599453,0.0,0.7181471805599453,0.5,0.0,0.5,1.0,yes,0.5,1.0,0.0,"{""yes"": 0.5, ""no"": 0.0, ""mixed"": 0.0, ""insufficient_data"": 0.5}",-0.0,-0.0,10,10,0.5,True,0.5,0.8754687373538999,0.0,1.0,,qwen3:8b,fintradebench,none,committed
hqa_FTB_e86f8f22,F,company_choice,0,10,hedgeqa_oracle,,False,,1.0,True,-0.0,0.0,-0.0,0.0,0.0,0.0,-0.0,0.0,-0.0,0.0,NFLX,0.0,0.0,0.0,"{""NFLX"": 1.0, ""DIS"": 0.0, ""insufficient_data"": 0.0}",-0.0,-0.0,10,10,0.0,False,2.0,2.1972245773362196,0.0,0.0,,qwen3:8b,fintradebench,none,noncommitted
hqa_FTB_e86f8f22,F,company_choice,1,10,hedgeqa_oracle,,False,,1.0,True,-0.0,0.0,-0.0,0.0,0.0,0.0,-0.0,0.0,-0.0,0.0,insufficient_data,1.0,1.0,1.0,"{""NFLX"": 0.0, ""DIS"": 0.0, ""insufficient_data"": 1.0}",-0.0,-0.0,10,10,1.0,True,0.0,0.25131442828090605,1.0,1.0,,qwen3:8b,fintradebench,none,noncommitted
hqa_FTB_e8cac668,F,yes_no_mixed,0,10,hedgeqa_oracle,,False,,1.0,True,0.6931471805599453,0.0,0.6931471805599453,0.7181471805599453,0.0,0.7181471805599453,0.5,0.0,0.5,1.0,no,0.5,0.0,1.0,"{""yes"": 0.0, ""no"": 0.5, ""mixed"": 0.0, ""insufficient_data"": 0.5}",-0.0,-0.0,10,10,0.5,True,0.5,0.8754687373538999,1.0,0.0,,qwen3:8b,fintradebench,none,committed
hqa_FTB_e8cac668,F,yes_no_mixed,1,10,hedgeqa_oracle,,False,,1.0,True,0.6931471805599453,0.0,0.6931471805599453,0.7181471805599453,0.0,0.7181471805599453,0.5,0.0,0.5,1.0,no,0.5,1.0,0.0,"{""yes"": 0.0, ""no"": 0.5, ""mixed"": 0.0, ""insufficient_data"": 0.5}",-0.0,-0.0,10,10,0.5,True,0.5,0.8754687373538999,0.0,1.0,,qwen3:8b,fintradebench,none,committed
hqa_FTB_eb2cbcf8,FT,category_choice,0,10,hedgeqa_oracle,,False,,1.0,True,-0.0,0.0,-0.0,0.0,0.0,0.0,-0.0,0.0,-0.0,0.0,insufficient_data,1.0,1.0,1.0,"{""drag"": 0.0, ""strategic_moats"": 0.0, ""mixed"": 0.0, ""insufficient_data"": 1.0}",-0.0,-0.0,10,10,0.0,False,2.0,2.4849066497880004,0.0,0.0,,qwen3:8b,fintradebench,none,committed
hqa_FTB_eb2cbcf8,FT,category_choice,1,10,hedgeqa_oracle,,False,,1.0,True,-0.0,0.0,-0.0,0.0,0.0,0.0,-0.0,0.0,-0.0,0.0,insufficient_data,1.0,1.0,1.0,"{""drag"": 0.0, ""strategic_moats"": 0.0, ""mixed"": 0.0, ""insufficient_data"": 1.0}",-0.0,-0.0,10,10,0.0,False,2.0,2.4849066497880004,0.0,0.0,,qwen3:8b,fintradebench,none,committed
hqa_FTB_ec033720,F,yes_no_mixed,0,10,hedgeqa_oracle,,False,,1.0,True,1.080527626604172,0.6520057413074194,0.4285218852967525,1.130527626604172,0.7020057413074194,0.4285218852967525,0.7794359242226802,0.4703227248076732,0.30911319941500703,0.3965857741587687,mixed,0.75,0.5,1.0,"{""yes"": 0.0, ""no"": 0.25, ""mixed"": 0.4, ""insufficient_data"": 0.35}",0.6931471805599453,0.6108643020548935,10,10,0.0,False,1.3450000000000002,2.4849066497880004,0.0,0.0,,qwen3:8b,fintradebench,none,committed
hqa_FTB_ec033720,F,yes_no_mixed,1,10,hedgeqa_oracle,,False,,1.0,True,0.6931471805599453,0.0,0.6931471805599453,0.7181471805599453,0.0,0.7181471805599453,0.5,0.0,0.5,1.0,no,0.5,1.0,0.0,"{""yes"": 0.0, ""no"": 0.5, ""mixed"": 0.0, ""insufficient_data"": 0.5}",-0.0,-0.0,10,10,0.0,False,1.5,2.4849066497880004,0.0,0.0,,qwen3:8b,fintradebench,none,committed
hqa_FTB_efa9dd7c,F,yes_no_mixed,0,10,hedgeqa_oracle,,False,,1.0,True,-0.0,0.0,-0.0,0.0,0.0,0.0,-0.0,0.0,-0.0,0.0,no,0.0,0.0,0.0,"{""yes"": 0.0, ""no"": 1.0, ""mixed"": 0.0, ""insufficient_data"": 0.0}",-0.0,-0.0,10,10,1.0,True,0.0,0.2876820724517809,1.0,1.0,,qwen3:8b,fintradebench,none,committed
hqa_FTB_efa9dd7c,F,yes_no_mixed,1,10,hedgeqa_oracle,,False,,1.0,True,-0.0,0.0,-0.0,0.0,0.0,0.0,-0.0,0.0,-0.0,0.0,no,0.0,0.0,0.0,"{""yes"": 0.0, ""no"": 1.0, ""mixed"": 0.0, ""insufficient_data"": 0.0}",-0.0,-0.0,10,10,1.0,True,0.0,0.2876820724517809,1.0,1.0,,qwen3:8b,fintradebench,none,committed
hqa_FTB_efef99db,FT,yes_no_mixed,0,10,hedgeqa_oracle,,False,,1.0,True,0.1985152433458726,0.1625414866957241,0.035973756650148486,0.22351524334587258,0.1875414866957241,0.035973756650148486,0.1431984785579781,0.11724889839732029,0.025949580160657796,0.18121407728610292,mixed,0.95,1.0,0.9,"{""yes"": 0.05, ""no"": 0.0, ""mixed"": 0.95, ""insufficient_data"": 0.0}",-0.0,0.3250829733914482,10,10,0.05,False,1.805,2.1484344131667874,0.0,0.1,,qwen3:8b,fintradebench,none,committed
hqa_FTB_efef99db,FT,yes_no_mixed,1,10,hedgeqa_oracle,,False,,1.0,True,-0.0,0.0,-0.0,0.0,0.0,0.0,-0.0,0.0,-0.0,0.0,mixed,1.0,1.0,1.0,"{""yes"": 0.0, ""no"": 0.0, ""mixed"": 1.0, ""insufficient_data"": 0.0}",-0.0,-0.0,10,10,0.0,False,2.0,2.4849066497880004,0.0,0.0,,qwen3:8b,fintradebench,none,committed
hqa_FTB_f22fb1fd,F,yes_no_mixed,0,10,hedgeqa_oracle,,False,,1.0,True,-0.0,0.0,-0.0,0.0,0.0,0.0,-0.0,0.0,-0.0,0.0,yes,0.0,0.0,0.0,"{""yes"": 1.0, ""no"": 0.0, ""mixed"": 0.0, ""insufficient_data"": 0.0}",-0.0,-0.0,10,10,1.0,True,0.0,0.2876820724517809,1.0,1.0,,qwen3:8b,fintradebench,none,committed
hqa_FTB_f22fb1fd,F,yes_no_mixed,1,10,hedgeqa_oracle,,False,,1.0,True,-0.0,0.0,-0.0,0.0,0.0,0.0,-0.0,0.0,-0.0,0.0,yes,0.0,0.0,0.0,"{""yes"": 1.0, ""no"": 0.0, ""mixed"": 0.0, ""insufficient_data"": 0.0}",-0.0,-0.0,10,10,1.0,True,0.0,0.2876820724517809,1.0,1.0,,qwen3:8b,fintradebench,none,committed
hqa_FTB_f305a77d,F,company_choice,0,10,hedgeqa_oracle,,False,,1.0,True,0.9376369622724492,0.5148265070322868,0.42281045524016236,0.9876369622724492,0.5648265070322869,0.42281045524016236,0.6763620978123273,0.37136882430683366,0.30499327350549366,0.45093194088194055,AAPL,0.0,0.0,0.0,"{""MSFT"": 0.15, ""AAPL"": 0.6, ""similar"": 0.25, ""insufficient_data"": 0.0}",1.0296530140645737,-0.0,10,10,0.15,False,1.145,1.69644928942373,0.3,0.0,,qwen3:8b,fintradebench,none,committed
hqa_FTB_f305a77d,F,company_choice,1,10,hedgeqa_oracle,,False,,1.0,True,0.6931471805599453,0.0,0.6931471805599453,0.7181471805599453,0.0,0.7181471805599453,0.5,0.0,0.5,1.0,MSFT,0.0,0.0,0.0,"{""MSFT"": 0.5, ""AAPL"": 0.0, ""similar"": 0.5, ""insufficient_data"": 0.0}",-0.0,-0.0,10,10,0.5,True,0.5,0.8754687373538999,1.0,0.0,,qwen3:8b,fintradebench,none,committed
hqa_FTB_f88a6a4d,F,open_summary_with_canonical_claim,0,10,hedgeqa_oracle,,False,,1.0,True,-0.0,0.0,-0.0,0.0,0.0,0.0,-0.0,0.0,-0.0,0.0,mixed,1.0,1.0,1.0,"{""claim_true"": 0.0, ""claim_false"": 0.0, ""mixed"": 1.0}",-0.0,-0.0,10,10,0.0,False,2.0,2.1972245773362196,0.0,0.0,,qwen3:8b,fintradebench,none,committed
hqa_FTB_f88a6a4d,F,open_summary_with_canonical_claim,1,10,hedgeqa_oracle,,False,,1.0,True,-0.0,0.0,-0.0,0.0,0.0,0.0,-0.0,0.0,-0.0,0.0,mixed,1.0,1.0,1.0,"{""claim_true"": 0.0, ""claim_false"": 0.0, ""mixed"": 1.0}",-0.0,-0.0,10,10,0.0,False,2.0,2.1972245773362196,0.0,0.0,,qwen3:8b,fintradebench,none,committed
hqa_FTB_fbfe6a99,FT,yes_no_mixed,0,10,hedgeqa_oracle,,False,,1.0,True,0.6931471805599453,0.3250829733914482,0.3680642071684971,0.7181471805599453,0.3750829733914482,0.3430642071684971,0.5,0.23449779679464058,0.2655022032053594,0.5310044064107188,no,0.5,0.1,0.9,"{""yes"": 0.0, ""no"": 0.5, ""mixed"": 0.0, ""insufficient_data"": 0.5}",0.3250829733914482,0.3250829733914482,10,10,0.5,True,0.5,0.8754687373538999,0.9,0.1,,qwen3:8b,fintradebench,none,committed
hqa_FTB_fbfe6a99,FT,yes_no_mixed,1,10,hedgeqa_oracle,,False,,1.0,True,0.6931471805599453,0.0,0.6931471805599453,0.7181471805599453,0.0,0.7181471805599453,0.5,0.0,0.5,1.0,no,0.5,1.0,0.0,"{""yes"": 0.0, ""no"": 0.5, ""mixed"": 0.0, ""insufficient_data"": 0.5}",-0.0,-0.0,10,10,0.5,True,0.5,0.8754687373538999,0.0,1.0,,qwen3:8b,fintradebench,none,committed
hqa_FTB_fd6ae1be,F,yes_no_mixed,0,10,hedgeqa_oracle,,False,,1.0,True,-0.0,0.0,-0.0,0.0,0.0,0.0,-0.0,0.0,-0.0,0.0,no,0.0,0.0,0.0,"{""yes"": 0.0, ""no"": 1.0, ""mixed"": 0.0, ""insufficient_data"": 0.0}",-0.0,-0.0,10,10,1.0,True,0.0,0.2876820724517809,1.0,1.0,,qwen3:8b,fintradebench,none,committed
hqa_FTB_fd6ae1be,F,yes_no_mixed,1,10,hedgeqa_oracle,,False,,1.0,True,-0.0,0.0,-0.0,0.0,0.0,0.0,-0.0,0.0,-0.0,0.0,no,0.0,0.0,0.0,"{""yes"": 0.0, ""no"": 1.0, ""mixed"": 0.0, ""insufficient_data"": 0.0}",-0.0,-0.0,10,10,1.0,True,0.0,0.2876820724517809,1.0,1.0,,qwen3:8b,fintradebench,none,committed
hqa_FTB_fe6a9406,FT,category_choice,0,10,hedgeqa_oracle,,False,,1.0,True,-0.0,0.0,-0.0,0.0,0.0,0.0,-0.0,0.0,-0.0,0.0,underpriced,0.0,0.0,0.0,"{""underpriced"": 1.0, ""fully_priced"": 0.0, ""overpriced"": 0.0, ""insufficient_data"": 0.0}",-0.0,-0.0,10,10,0.0,False,2.0,2.4849066497880004,0.0,0.0,,qwen3:8b,fintradebench,none,committed
hqa_FTB_fe6a9406,FT,category_choice,1,10,hedgeqa_oracle,,False,,1.0,True,-0.0,0.0,-0.0,0.0,0.0,0.0,-0.0,0.0,-0.0,0.0,underpriced,0.0,0.0,0.0,"{""underpriced"": 1.0, ""fully_priced"": 0.0, ""overpriced"": 0.0, ""insufficient_data"": 0.0}",-0.0,-0.0,10,10,0.0,False,2.0,2.4849066497880004,0.0,0.0,,qwen3:8b,fintradebench,none,committed
hqa_TAT_0a4b6243,F,directional_change,0,10,hedgeqa_oracle,,False,,1.0,True,-0.0,0.0,-0.0,0.0,0.0,0.0,-0.0,0.0,-0.0,0.0,decreased,0.0,0.0,0.0,"{""increased"": 0.0, ""decreased"": 1.0, ""roughly_unchanged"": 0.0, ""insufficient_data"": 0.0}",-0.0,-0.0,10,10,1.0,True,0.0,0.2876820724517809,1.0,1.0,,qwen3:8b,tatqa,numeric_to_directional,committed
hqa_TAT_0a4b6243,F,directional_change,1,10,hedgeqa_oracle,,False,,1.0,True,-0.0,0.0,-0.0,0.0,0.0,0.0,-0.0,0.0,-0.0,0.0,decreased,0.0,0.0,0.0,"{""increased"": 0.0, ""decreased"": 1.0, ""roughly_unchanged"": 0.0, ""insufficient_data"": 0.0}",-0.0,-0.0,10,10,1.0,True,0.0,0.2876820724517809,1.0,1.0,,qwen3:8b,tatqa,numeric_to_directional,committed
hqa_TAT_10183a57,F,directional_change,0,10,hedgeqa_oracle,,False,,1.0,True,-0.0,0.0,-0.0,0.0,0.0,0.0,-0.0,0.0,-0.0,0.0,increased,0.0,0.0,0.0,"{""increased"": 1.0, ""decreased"": 0.0, ""roughly_unchanged"": 0.0, ""insufficient_data"": 0.0}",-0.0,-0.0,10,10,0.0,False,2.0,2.4849066497880004,0.0,0.0,,qwen3:8b,tatqa,numeric_to_directional,committed
hqa_TAT_10183a57,F,directional_change,1,10,hedgeqa_oracle,,False,,1.0,True,0.6730116670092565,0.25020121176909393,0.4228104552401626,0.6980116670092565,0.27520121176909396,0.4228104552401626,0.4854752972273344,0.18048202372184058,0.3049932735054938,0.6282364421987758,increased,0.0,0.0,0.0,"{""increased"": 0.6, ""decreased"": 0.0, ""roughly_unchanged"": 0.4, ""insufficient_data"": 0.0}",-0.0,0.5004024235381879,10,10,0.4,False,0.72,1.0498221244986776,0.0,0.8,,qwen3:8b,tatqa,numeric_to_directional,committed
hqa_TAT_12e27eaa,F,directional_change,0,10,hedgeqa_oracle,,False,,1.0,True,-0.0,0.0,-0.0,0.0,0.0,0.0,-0.0,0.0,-0.0,0.0,decreased,0.0,0.0,0.0,"{""increased"": 0.0, ""decreased"": 1.0, ""roughly_unchanged"": 0.0, ""insufficient_data"": 0.0}",-0.0,-0.0,10,10,1.0,True,0.0,0.2876820724517809,1.0,1.0,,qwen3:8b,tatqa,numeric_to_directional,committed
hqa_TAT_12e27eaa,F,directional_change,1,10,hedgeqa_oracle,,False,,1.0,True,-0.0,0.0,-0.0,0.0,0.0,0.0,-0.0,0.0,-0.0,0.0,decreased,0.0,0.0,0.0,"{""increased"": 0.0, ""decreased"": 1.0, ""roughly_unchanged"": 0.0, ""insufficient_data"": 0.0}",-0.0,-0.0,10,10,1.0,True,0.0,0.2876820724517809,1.0,1.0,,qwen3:8b,tatqa,numeric_to_directional,committed
hqa_TAT_261ad3a9,F,directional_change,0,10,hedgeqa_oracle,,False,,1.0,True,-0.0,0.0,-0.0,0.0,0.0,0.0,-0.0,0.0,-0.0,0.0,increased,0.0,0.0,0.0,"{""increased"": 1.0, ""decreased"": 0.0, ""roughly_unchanged"": 0.0, ""insufficient_data"": 0.0}",-0.0,-0.0,10,10,0.0,False,2.0,2.4849066497880004,0.0,0.0,,qwen3:8b,tatqa,numeric_to_directional,committed
hqa_TAT_261ad3a9,F,directional_change,1,10,hedgeqa_oracle,,False,,1.0,True,-0.0,0.0,-0.0,0.0,0.0,0.0,-0.0,0.0,-0.0,0.0,increased,0.0,0.0,0.0,"{""increased"": 1.0, ""decreased"": 0.0, ""roughly_unchanged"": 0.0, ""insufficient_data"": 0.0}",-0.0,-0.0,10,10,0.0,False,2.0,2.4849066497880004,0.0,0.0,,qwen3:8b,tatqa,numeric_to_directional,committed
hqa_TAT_2728a2bd,F,directional_change,0,10,hedgeqa_oracle,,False,,1.0,True,-0.0,0.0,-0.0,0.0,0.0,0.0,-0.0,0.0,-0.0,0.0,increased,0.0,0.0,0.0,"{""increased"": 1.0, ""decreased"": 0.0, ""roughly_unchanged"": 0.0, ""insufficient_data"": 0.0}",-0.0,-0.0,10,10,1.0,True,0.0,0.2876820724517809,1.0,1.0,,qwen3:8b,tatqa,numeric_to_directional,committed
hqa_TAT_2728a2bd,F,directional_change,1,10,hedgeqa_oracle,,False,,1.0,True,-0.0,0.0,-0.0,0.0,0.0,0.0,-0.0,0.0,-0.0,0.0,increased,0.0,0.0,0.0,"{""increased"": 1.0, ""decreased"": 0.0, ""roughly_unchanged"": 0.0, ""insufficient_data"": 0.0}",-0.0,-0.0,10,10,1.0,True,0.0,0.2876820724517809,1.0,1.0,,qwen3:8b,tatqa,numeric_to_directional,committed
hqa_TAT_28c0f57b,F,directional_change,0,10,hedgeqa_oracle,,False,,1.0,True,0.6931471805599453,0.0,0.6931471805599453,0.7181471805599453,0.0,0.7181471805599453,0.5,0.0,0.5,1.0,increased,0.0,0.0,0.0,"{""increased"": 0.5, ""decreased"": 0.5, ""roughly_unchanged"": 0.0, ""insufficient_data"": 0.0}",-0.0,-0.0,10,10,0.5,True,0.5,0.8754687373538999,1.0,0.0,,qwen3:8b,tatqa,numeric_to_directional,committed
hqa_TAT_28c0f57b,F,directional_change,1,10,hedgeqa_oracle,,False,,1.0,True,0.6730116670092565,0.25020121176909393,0.4228104552401626,0.6980116670092565,0.27520121176909396,0.4228104552401626,0.4854752972273344,0.18048202372184058,0.3049932735054938,0.6282364421987758,increased,0.0,0.0,0.0,"{""increased"": 0.6, ""decreased"": 0.4, ""roughly_unchanged"": 0.0, ""insufficient_data"": 0.0}",0.5004024235381879,-0.0,10,10,0.6,True,0.32000000000000006,0.7270487322356266,0.2,1.0,,qwen3:8b,tatqa,numeric_to_directional,committed
hqa_TAT_37191d9a,F,directional_change,0,10,hedgeqa_oracle,,False,,1.0,True,-0.0,0.0,-0.0,0.0,0.0,0.0,-0.0,0.0,-0.0,0.0,decreased,0.0,0.0,0.0,"{""increased"": 0.0, ""decreased"": 1.0, ""roughly_unchanged"": 0.0, ""insufficient_data"": 0.0}",-0.0,-0.0,10,10,0.0,False,2.0,2.4849066497880004,0.0,0.0,,qwen3:8b,tatqa,numeric_to_directional,committed
hqa_TAT_37191d9a,F,directional_change,1,10,hedgeqa_oracle,,False,,1.0,True,-0.0,0.0,-0.0,0.0,0.0,0.0,-0.0,0.0,-0.0,0.0,decreased,0.0,0.0,0.0,"{""increased"": 0.0, ""decreased"": 1.0, ""roughly_unchanged"": 0.0, ""insufficient_data"": 0.0}",-0.0,-0.0,10,10,0.0,False,2.0,2.4849066497880004,0.0,0.0,,qwen3:8b,tatqa,numeric_to_directional,committed
hqa_TAT_37cd0c30,F,directional_change,0,10,hedgeqa_oracle,,False,,1.0,True,-0.0,0.0,-0.0,0.0,0.0,0.0,-0.0,0.0,-0.0,0.0,roughly_unchanged,0.0,0.0,0.0,"{""increased"": 0.0, ""decreased"": 0.0, ""roughly_unchanged"": 1.0, ""insufficient_data"": 0.0}",-0.0,-0.0,10,10,1.0,True,0.0,0.2876820724517809,1.0,1.0,,qwen3:8b,tatqa,numeric_to_directional,committed
hqa_TAT_37cd0c30,F,directional_change,1,10,hedgeqa_oracle,,False,,1.0,True,-0.0,0.0,-0.0,0.0,0.0,0.0,-0.0,0.0,-0.0,0.0,roughly_unchanged,0.0,0.0,0.0,"{""increased"": 0.0, ""decreased"": 0.0, ""roughly_unchanged"": 1.0, ""insufficient_data"": 0.0}",-0.0,-0.0,10,10,1.0,True,0.0,0.2876820724517809,1.0,1.0,,qwen3:8b,tatqa,numeric_to_directional,committed
hqa_TAT_37e855b0,F,directional_change,0,10,hedgeqa_oracle,,False,,1.0,True,-0.0,0.0,-0.0,0.0,0.0,0.0,-0.0,0.0,-0.0,0.0,decreased,0.0,0.0,0.0,"{""increased"": 0.0, ""decreased"": 1.0, ""roughly_unchanged"": 0.0, ""insufficient_data"": 0.0}",-0.0,-0.0,10,10,0.0,False,2.0,2.4849066497880004,0.0,0.0,,qwen3:8b,tatqa,numeric_to_directional,committed
hqa_TAT_37e855b0,F,directional_change,1,10,hedgeqa_oracle,,False,,1.0,True,-0.0,0.0,-0.0,0.0,0.0,0.0,-0.0,0.0,-0.0,0.0,decreased,0.0,0.0,0.0,"{""increased"": 0.0, ""decreased"": 1.0, ""roughly_unchanged"": 0.0, ""insufficient_data"": 0.0}",-0.0,-0.0,10,10,0.0,False,2.0,2.4849066497880004,0.0,0.0,,qwen3:8b,tatqa,numeric_to_directional,committed
hqa_TAT_3bfabcc3,F,directional_change,0,10,hedgeqa_oracle,,False,,1.0,True,-0.0,0.0,-0.0,0.0,0.0,0.0,-0.0,0.0,-0.0,0.0,increased,0.0,0.0,0.0,"{""increased"": 1.0, ""decreased"": 0.0, ""roughly_unchanged"": 0.0, ""insufficient_data"": 0.0}",-0.0,-0.0,10,10,1.0,True,0.0,0.2876820724517809,1.0,1.0,,qwen3:8b,tatqa,numeric_to_directional,committed
hqa_TAT_3bfabcc3,F,directional_change,1,10,hedgeqa_oracle,,False,,1.0,True,-0.0,0.0,-0.0,0.0,0.0,0.0,-0.0,0.0,-0.0,0.0,increased,0.0,0.0,0.0,"{""increased"": 1.0, ""decreased"": 0.0, ""roughly_unchanged"": 0.0, ""insufficient_data"": 0.0}",-0.0,-0.0,10,10,1.0,True,0.0,0.2876820724517809,1.0,1.0,,qwen3:8b,tatqa,numeric_to_directional,committed
hqa_TAT_439f70e0,F,directional_change,0,10,hedgeqa_oracle,,False,,1.0,True,-0.0,0.0,-0.0,0.0,0.0,0.0,-0.0,0.0,-0.0,0.0,increased,0.0,0.0,0.0,"{""increased"": 1.0, ""decreased"": 0.0, ""roughly_unchanged"": 0.0, ""insufficient_data"": 0.0}",-0.0,-0.0,10,10,1.0,True,0.0,0.2876820724517809,1.0,1.0,,qwen3:8b,tatqa,numeric_to_directional,committed
hqa_TAT_439f70e0,F,directional_change,1,10,hedgeqa_oracle,,False,,1.0,True,-0.0,0.0,-0.0,0.0,0.0,0.0,-0.0,0.0,-0.0,0.0,increased,0.0,0.0,0.0,"{""increased"": 1.0, ""decreased"": 0.0, ""roughly_unchanged"": 0.0, ""insufficient_data"": 0.0}",-0.0,-0.0,10,10,1.0,True,0.0,0.2876820724517809,1.0,1.0,,qwen3:8b,tatqa,numeric_to_directional,committed
hqa_TAT_4cc4b873,F,directional_change,0,10,hedgeqa_oracle,,False,,1.0,True,0.3250829733914482,0.25020121176909393,0.07488176162235427,0.3500829733914482,0.27520121176909396,0.07488176162235427,0.23449779679464058,0.18048202372184058,0.054015773072800005,0.23034661225454434,decreased,0.0,0.0,0.0,"{""increased"": 0.1, ""decreased"": 0.9, ""roughly_unchanged"": 0.0, ""insufficient_data"": 0.0}",0.5004024235381879,-0.0,10,10,0.0,False,1.82,2.4849066497880004,0.0,0.0,,qwen3:8b,tatqa,numeric_to_directional,committed
hqa_TAT_4cc4b873,F,directional_change,1,10,hedgeqa_oracle,,False,,1.0,True,-0.0,0.0,-0.0,0.0,0.0,0.0,-0.0,0.0,-0.0,0.0,decreased,0.0,0.0,0.0,"{""increased"": 0.0, ""decreased"": 1.0, ""roughly_unchanged"": 0.0, ""insufficient_data"": 0.0}",-0.0,-0.0,10,10,0.0,False,2.0,2.4849066497880004,0.0,0.0,,qwen3:8b,tatqa,numeric_to_directional,committed
hqa_TAT_513bf483,F,directional_change,0,10,hedgeqa_oracle,,False,,1.0,True,-0.0,0.0,-0.0,0.0,0.0,0.0,-0.0,0.0,-0.0,0.0,roughly_unchanged,0.0,0.0,0.0,"{""increased"": 0.0, ""decreased"": 0.0, ""roughly_unchanged"": 1.0, ""insufficient_data"": 0.0}",-0.0,-0.0,10,10,1.0,True,0.0,0.2876820724517809,1.0,1.0,,qwen3:8b,tatqa,numeric_to_directional,committed
hqa_TAT_513bf483,F,directional_change,1,10,hedgeqa_oracle,,False,,1.0,True,-0.0,0.0,-0.0,0.0,0.0,0.0,-0.0,0.0,-0.0,0.0,roughly_unchanged,0.0,0.0,0.0,"{""increased"": 0.0, ""decreased"": 0.0, ""roughly_unchanged"": 1.0, ""insufficient_data"": 0.0}",-0.0,-0.0,10,10,1.0,True,0.0,0.2876820724517809,1.0,1.0,,qwen3:8b,tatqa,numeric_to_directional,committed
hqa_TAT_52236d86,F,directional_change,0,10,hedgeqa_oracle,,False,,1.0,True,-0.0,0.0,-0.0,0.0,0.0,0.0,-0.0,0.0,-0.0,0.0,decreased,0.0,0.0,0.0,"{""increased"": 0.0, ""decreased"": 1.0, ""roughly_unchanged"": 0.0, ""insufficient_data"": 0.0}",-0.0,-0.0,10,10,1.0,True,0.0,0.2876820724517809,1.0,1.0,,qwen3:8b,tatqa,numeric_to_directional,committed
hqa_TAT_52236d86,F,directional_change,1,10,hedgeqa_oracle,,False,,1.0,True,-0.0,0.0,-0.0,0.0,0.0,0.0,-0.0,0.0,-0.0,0.0,decreased,0.0,0.0,0.0,"{""increased"": 0.0, ""decreased"": 1.0, ""roughly_unchanged"": 0.0, ""insufficient_data"": 0.0}",-0.0,-0.0,10,10,1.0,True,0.0,0.2876820724517809,1.0,1.0,,qwen3:8b,tatqa,numeric_to_directional,committed
hqa_TAT_55755d65_masked,F,directional_change,0,10,hedgeqa_oracle,,False,,1.0,True,-0.0,0.0,-0.0,0.0,0.0,0.0,-0.0,0.0,-0.0,0.0,insufficient_data,1.0,1.0,1.0,"{""increased"": 0.0, ""decreased"": 0.0, ""roughly_unchanged"": 0.0, ""insufficient_data"": 1.0}",-0.0,-0.0,10,10,1.0,True,0.0,0.2876820724517809,1.0,1.0,,qwen3:8b,tatqa,evidence_masked_insufficient,noncommitted
hqa_TAT_55755d65_masked,F,directional_change,1,10,hedgeqa_oracle,,False,,1.0,True,-0.0,0.0,-0.0,0.0,0.0,0.0,-0.0,0.0,-0.0,0.0,insufficient_data,1.0,1.0,1.0,"{""increased"": 0.0, ""decreased"": 0.0, ""roughly_unchanged"": 0.0, ""insufficient_data"": 1.0}",-0.0,-0.0,10,10,1.0,True,0.0,0.2876820724517809,1.0,1.0,,qwen3:8b,tatqa,evidence_masked_insufficient,noncommitted
hqa_TAT_5706ce12,F,directional_change,0,10,hedgeqa_oracle,,False,,1.0,True,-0.0,0.0,-0.0,0.0,0.0,0.0,-0.0,0.0,-0.0,0.0,insufficient_data,1.0,1.0,1.0,"{""increased"": 0.0, ""decreased"": 0.0, ""roughly_unchanged"": 0.0, ""insufficient_data"": 1.0}",-0.0,-0.0,10,10,0.0,False,2.0,2.4849066497880004,0.0,0.0,,qwen3:8b,tatqa,numeric_to_directional,committed
hqa_TAT_5706ce12,F,directional_change,1,10,hedgeqa_oracle,,False,,1.0,True,-0.0,0.0,-0.0,0.0,0.0,0.0,-0.0,0.0,-0.0,0.0,insufficient_data,1.0,1.0,1.0,"{""increased"": 0.0, ""decreased"": 0.0, ""roughly_unchanged"": 0.0, ""insufficient_data"": 1.0}",-0.0,-0.0,10,10,0.0,False,2.0,2.4849066497880004,0.0,0.0,,qwen3:8b,tatqa,numeric_to_directional,committed
hqa_TAT_59cb702e,F,directional_change,0,10,hedgeqa_oracle,,False,,1.0,True,0.1985152433458726,0.1625414866957241,0.035973756650148486,0.22351524334587258,0.1875414866957241,0.035973756650148486,0.1431984785579781,0.11724889839732029,0.025949580160657796,0.18121407728610292,roughly_unchanged,0.05,0.1,0.0,"{""increased"": 0.0, ""decreased"": 0.0, ""roughly_unchanged"": 0.95, ""insufficient_data"": 0.05}",0.3250829733914482,-0.0,10,10,0.95,True,0.0050000000000000044,0.33314444652853825,0.9,1.0,,qwen3:8b,tatqa,numeric_to_directional,committed
hqa_TAT_59cb702e,F,directional_change,1,10,hedgeqa_oracle,,False,,1.0,True,-0.0,0.0,-0.0,0.0,0.0,0.0,-0.0,0.0,-0.0,0.0,roughly_unchanged,0.0,0.0,0.0,"{""increased"": 0.0, ""decreased"": 0.0, ""roughly_unchanged"": 1.0, ""insufficient_data"": 0.0}",-0.0,-0.0,10,10,1.0,True,0.0,0.2876820724517809,1.0,1.0,,qwen3:8b,tatqa,numeric_to_directional,committed
hqa_TAT_5ce27434_masked,F,directional_change,0,10,hedgeqa_oracle,,False,,1.0,True,-0.0,0.0,-0.0,0.0,0.0,0.0,-0.0,0.0,-0.0,0.0,insufficient_data,1.0,1.0,1.0,"{""increased"": 0.0, ""decreased"": 0.0, ""roughly_unchanged"": 0.0, ""insufficient_data"": 1.0}",-0.0,-0.0,10,10,1.0,True,0.0,0.2876820724517809,1.0,1.0,,qwen3:8b,tatqa,evidence_masked_insufficient,noncommitted
hqa_TAT_5ce27434_masked,F,directional_change,1,10,hedgeqa_oracle,,False,,1.0,True,-0.0,0.0,-0.0,0.0,0.0,0.0,-0.0,0.0,-0.0,0.0,insufficient_data,1.0,1.0,1.0,"{""increased"": 0.0, ""decreased"": 0.0, ""roughly_unchanged"": 0.0, ""insufficient_data"": 1.0}",-0.0,-0.0,10,10,1.0,True,0.0,0.2876820724517809,1.0,1.0,,qwen3:8b,tatqa,evidence_masked_insufficient,noncommitted
hqa_TAT_5f5bf97c,F,directional_change,0,10,hedgeqa_oracle,,False,,1.0,True,-0.0,0.0,-0.0,0.0,0.0,0.0,-0.0,0.0,-0.0,0.0,decreased,0.0,0.0,0.0,"{""increased"": 0.0, ""decreased"": 1.0, ""roughly_unchanged"": 0.0, ""insufficient_data"": 0.0}",-0.0,-0.0,10,10,0.0,False,2.0,2.4849066497880004,0.0,0.0,,qwen3:8b,tatqa,numeric_to_directional,committed
hqa_TAT_5f5bf97c,F,directional_change,1,10,hedgeqa_oracle,,False,,1.0,True,-0.0,0.0,-0.0,0.0,0.0,0.0,-0.0,0.0,-0.0,0.0,decreased,0.0,0.0,0.0,"{""increased"": 0.0, ""decreased"": 1.0, ""roughly_unchanged"": 0.0, ""insufficient_data"": 0.0}",-0.0,-0.0,10,10,0.0,False,2.0,2.4849066497880004,0.0,0.0,,qwen3:8b,tatqa,numeric_to_directional,committed
hqa_TAT_60e1712c,F,directional_change,0,10,hedgeqa_oracle,,False,,1.0,True,-0.0,0.0,-0.0,0.0,0.0,0.0,-0.0,0.0,-0.0,0.0,decreased,0.0,0.0,0.0,"{""increased"": 0.0, ""decreased"": 1.0, ""roughly_unchanged"": 0.0, ""insufficient_data"": 0.0}",-0.0,-0.0,10,10,1.0,True,0.0,0.2876820724517809,1.0,1.0,,qwen3:8b,tatqa,numeric_to_directional,committed
hqa_TAT_60e1712c,F,directional_change,1,10,hedgeqa_oracle,,False,,1.0,True,-0.0,0.0,-0.0,0.0,0.0,0.0,-0.0,0.0,-0.0,0.0,decreased,0.0,0.0,0.0,"{""increased"": 0.0, ""decreased"": 1.0, ""roughly_unchanged"": 0.0, ""insufficient_data"": 0.0}",-0.0,-0.0,10,10,1.0,True,0.0,0.2876820724517809,1.0,1.0,,qwen3:8b,tatqa,numeric_to_directional,committed
hqa_TAT_62bbb05f,F,directional_change,0,10,hedgeqa_oracle,,False,,1.0,True,-0.0,0.0,-0.0,0.0,0.0,0.0,-0.0,0.0,-0.0,0.0,decreased,0.0,0.0,0.0,"{""increased"": 0.0, ""decreased"": 1.0, ""roughly_unchanged"": 0.0, ""insufficient_data"": 0.0}",-0.0,-0.0,10,10,0.0,False,2.0,2.4849066497880004,0.0,0.0,,qwen3:8b,tatqa,numeric_to_directional,committed
hqa_TAT_62bbb05f,F,directional_change,1,10,hedgeqa_oracle,,False,,1.0,True,-0.0,0.0,-0.0,0.0,0.0,0.0,-0.0,0.0,-0.0,0.0,decreased,0.0,0.0,0.0,"{""increased"": 0.0, ""decreased"": 1.0, ""roughly_unchanged"": 0.0, ""insufficient_data"": 0.0}",-0.0,-0.0,10,10,0.0,False,2.0,2.4849066497880004,0.0,0.0,,qwen3:8b,tatqa,numeric_to_directional,committed
hqa_TAT_66ae5834,F,directional_change,0,10,hedgeqa_oracle,,False,,1.0,True,-0.0,0.0,-0.0,0.0,0.0,0.0,-0.0,0.0,-0.0,0.0,decreased,0.0,0.0,0.0,"{""increased"": 0.0, ""decreased"": 1.0, ""roughly_unchanged"": 0.0, ""insufficient_data"": 0.0}",-0.0,-0.0,10,10,0.0,False,2.0,2.4849066497880004,0.0,0.0,,qwen3:8b,tatqa,numeric_to_directional,committed
hqa_TAT_66ae5834,F,directional_change,1,10,hedgeqa_oracle,,False,,1.0,True,-0.0,0.0,-0.0,0.0,0.0,0.0,-0.0,0.0,-0.0,0.0,increased,0.0,0.0,0.0,"{""increased"": 1.0, ""decreased"": 0.0, ""roughly_unchanged"": 0.0, ""insufficient_data"": 0.0}",-0.0,-0.0,10,10,1.0,True,0.0,0.2876820724517809,1.0,1.0,,qwen3:8b,tatqa,numeric_to_directional,committed
hqa_TAT_6ada4621_masked,F,directional_change,0,10,hedgeqa_oracle,,False,,1.0,True,-0.0,0.0,-0.0,0.0,0.0,0.0,-0.0,0.0,-0.0,0.0,decreased,0.0,0.0,0.0,"{""increased"": 0.0, ""decreased"": 1.0, ""roughly_unchanged"": 0.0, ""insufficient_data"": 0.0}",-0.0,-0.0,10,10,0.0,False,2.0,2.4849066497880004,0.0,0.0,,qwen3:8b,tatqa,evidence_masked_insufficient,noncommitted
hqa_TAT_6ada4621_masked,F,directional_change,1,10,hedgeqa_oracle,,False,,1.0,True,-0.0,0.0,-0.0,0.0,0.0,0.0,-0.0,0.0,-0.0,0.0,decreased,0.0,0.0,0.0,"{""increased"": 0.0, ""decreased"": 1.0, ""roughly_unchanged"": 0.0, ""insufficient_data"": 0.0}",-0.0,-0.0,10,10,0.0,False,2.0,2.4849066497880004,0.0,0.0,,qwen3:8b,tatqa,evidence_masked_insufficient,noncommitted
hqa_TAT_6b50f4c7,F,directional_change,0,10,hedgeqa_oracle,,False,,1.0,True,0.6108643020548935,0.33650583350462826,0.27435846855026524,0.6358643020548935,0.3615058335046283,0.27435846855026524,0.44064544961534635,0.2427376486136672,0.19790780100167915,0.4491316117627886,increased,0.0,0.0,0.0,"{""increased"": 0.7, ""decreased"": 0.3, ""roughly_unchanged"": 0.0, ""insufficient_data"": 0.0}",-0.0,0.6730116670092565,10,10,0.0,False,1.58,2.4849066497880004,0.0,0.0,,qwen3:8b,tatqa,numeric_to_directional,committed
hqa_TAT_6b50f4c7,F,directional_change,1,10,hedgeqa_oracle,,False,,1.0,True,-0.0,0.0,-0.0,0.0,0.0,0.0,-0.0,0.0,-0.0,0.0,increased,0.0,0.0,0.0,"{""increased"": 1.0, ""decreased"": 0.0, ""roughly_unchanged"": 0.0, ""insufficient_data"": 0.0}",-0.0,-0.0,10,10,0.0,False,2.0,2.4849066497880004,0.0,0.0,,qwen3:8b,tatqa,numeric_to_directional,committed
hqa_TAT_73a33378,F,directional_change,0,10,hedgeqa_oracle,,False,,1.0,True,-0.0,0.0,-0.0,0.0,0.0,0.0,-0.0,0.0,-0.0,0.0,increased,0.0,0.0,0.0,"{""increased"": 1.0, ""decreased"": 0.0, ""roughly_unchanged"": 0.0, ""insufficient_data"": 0.0}",-0.0,-0.0,10,10,1.0,True,0.0,0.2876820724517809,1.0,1.0,,qwen3:8b,tatqa,numeric_to_directional,committed
hqa_TAT_73a33378,F,directional_change,1,10,hedgeqa_oracle,,False,,1.0,True,-0.0,0.0,-0.0,0.0,0.0,0.0,-0.0,0.0,-0.0,0.0,increased,0.0,0.0,0.0,"{""increased"": 1.0, ""decreased"": 0.0, ""roughly_unchanged"": 0.0, ""insufficient_data"": 0.0}",-0.0,-0.0,10,10,1.0,True,0.0,0.2876820724517809,1.0,1.0,,qwen3:8b,tatqa,numeric_to_directional,committed
hqa_TAT_76519d33,F,directional_change,0,10,hedgeqa_oracle,,False,,1.0,True,-0.0,0.0,-0.0,0.0,0.0,0.0,-0.0,0.0,-0.0,0.0,decreased,0.0,0.0,0.0,"{""increased"": 0.0, ""decreased"": 1.0, ""roughly_unchanged"": 0.0, ""insufficient_data"": 0.0}",-0.0,-0.0,10,10,1.0,True,0.0,0.2876820724517809,1.0,1.0,,qwen3:8b,tatqa,numeric_to_directional,committed
hqa_TAT_76519d33,F,directional_change,1,10,hedgeqa_oracle,,False,,1.0,True,-0.0,0.0,-0.0,0.0,0.0,0.0,-0.0,0.0,-0.0,0.0,decreased,0.0,0.0,0.0,"{""increased"": 0.0, ""decreased"": 1.0, ""roughly_unchanged"": 0.0, ""insufficient_data"": 0.0}",-0.0,-0.0,10,10,1.0,True,0.0,0.2876820724517809,1.0,1.0,,qwen3:8b,tatqa,numeric_to_directional,committed
hqa_TAT_767d5782,F,directional_change,0,10,hedgeqa_oracle,,False,,1.0,True,-0.0,0.0,-0.0,0.0,0.0,0.0,-0.0,0.0,-0.0,0.0,increased,0.0,0.0,0.0,"{""increased"": 1.0, ""decreased"": 0.0, ""roughly_unchanged"": 0.0, ""insufficient_data"": 0.0}",-0.0,-0.0,10,10,0.0,False,2.0,2.4849066497880004,0.0,0.0,,qwen3:8b,tatqa,numeric_to_directional,committed
hqa_TAT_767d5782,F,directional_change,1,10,hedgeqa_oracle,,False,,1.0,True,-0.0,0.0,-0.0,0.0,0.0,0.0,-0.0,0.0,-0.0,0.0,increased,0.0,0.0,0.0,"{""increased"": 1.0, ""decreased"": 0.0, ""roughly_unchanged"": 0.0, ""insufficient_data"": 0.0}",-0.0,-0.0,10,10,0.0,False,2.0,2.4849066497880004,0.0,0.0,,qwen3:8b,tatqa,numeric_to_directional,committed
hqa_TAT_7c2f5eca,F,directional_change,0,10,hedgeqa_oracle,,False,,1.0,True,-0.0,0.0,-0.0,0.0,0.0,0.0,-0.0,0.0,-0.0,0.0,decreased,0.0,0.0,0.0,"{""increased"": 0.0, ""decreased"": 1.0, ""roughly_unchanged"": 0.0, ""insufficient_data"": 0.0}",-0.0,-0.0,10,10,0.0,False,2.0,2.4849066497880004,0.0,0.0,,qwen3:8b,tatqa,numeric_to_directional,committed
hqa_TAT_7c2f5eca,F,directional_change,1,10,hedgeqa_oracle,,False,,1.0,True,0.6108643020548935,0.33650583350462826,0.27435846855026524,0.6358643020548935,0.3615058335046283,0.27435846855026524,0.44064544961534635,0.2427376486136672,0.19790780100167915,0.4491316117627886,decreased,0.0,0.0,0.0,"{""increased"": 0.3, ""decreased"": 0.7, ""roughly_unchanged"": 0.0, ""insufficient_data"": 0.0}",-0.0,0.6730116670092565,10,10,0.3,False,0.9799999999999999,1.2611312181658847,0.0,0.6,,qwen3:8b,tatqa,numeric_to_directional,committed
hqa_TAT_82619ad4,F,directional_change,0,10,hedgeqa_oracle,,False,,1.0,True,-0.0,0.0,-0.0,0.0,0.0,0.0,-0.0,0.0,-0.0,0.0,decreased,0.0,0.0,0.0,"{""increased"": 0.0, ""decreased"": 1.0, ""roughly_unchanged"": 0.0, ""insufficient_data"": 0.0}",-0.0,-0.0,10,10,0.0,False,2.0,2.4849066497880004,0.0,0.0,,qwen3:8b,tatqa,numeric_to_directional,committed
hqa_TAT_82619ad4,F,directional_change,1,10,hedgeqa_oracle,,False,,1.0,True,0.3250829733914482,0.3250829733914482,0.0,0.3500829733914482,0.3750829733914482,0.0,0.23449779679464058,0.23449779679464058,0.0,0.0,decreased,0.0,0.0,0.0,"{""increased"": 0.1, ""decreased"": 0.9, ""roughly_unchanged"": 0.0, ""insufficient_data"": 0.0}",0.3250829733914482,0.3250829733914482,10,10,0.0,False,1.82,2.4849066497880004,0.0,0.0,,qwen3:8b,tatqa,numeric_to_directional,committed
hqa_TAT_8267829d,F,directional_change,0,10,hedgeqa_oracle,,False,,1.0,True,-0.0,0.0,-0.0,0.0,0.0,0.0,-0.0,0.0,-0.0,0.0,increased,0.0,0.0,0.0,"{""increased"": 1.0, ""decreased"": 0.0, ""roughly_unchanged"": 0.0, ""insufficient_data"": 0.0}",-0.0,-0.0,10,10,1.0,True,0.0,0.2876820724517809,1.0,1.0,,qwen3:8b,tatqa,numeric_to_directional,committed
hqa_TAT_8267829d,F,directional_change,1,10,hedgeqa_oracle,,False,,1.0,True,-0.0,0.0,-0.0,0.0,0.0,0.0,-0.0,0.0,-0.0,0.0,increased,0.0,0.0,0.0,"{""increased"": 1.0, ""decreased"": 0.0, ""roughly_unchanged"": 0.0, ""insufficient_data"": 0.0}",-0.0,-0.0,10,10,1.0,True,0.0,0.2876820724517809,1.0,1.0,,qwen3:8b,tatqa,numeric_to_directional,committed
hqa_TAT_84d7e537,F,directional_change,0,10,hedgeqa_oracle,,False,,1.0,True,-0.0,0.0,-0.0,0.0,0.0,0.0,-0.0,0.0,-0.0,0.0,increased,0.0,0.0,0.0,"{""increased"": 1.0, ""decreased"": 0.0, ""roughly_unchanged"": 0.0, ""insufficient_data"": 0.0}",-0.0,-0.0,10,10,1.0,True,0.0,0.2876820724517809,1.0,1.0,,qwen3:8b,tatqa,numeric_to_directional,committed
hqa_TAT_84d7e537,F,directional_change,1,10,hedgeqa_oracle,,False,,1.0,True,-0.0,0.0,-0.0,0.0,0.0,0.0,-0.0,0.0,-0.0,0.0,increased,0.0,0.0,0.0,"{""increased"": 1.0, ""decreased"": 0.0, ""roughly_unchanged"": 0.0, ""insufficient_data"": 0.0}",-0.0,-0.0,10,10,1.0,True,0.0,0.2876820724517809,1.0,1.0,,qwen3:8b,tatqa,numeric_to_directional,committed
hqa_TAT_8b28da38,F,directional_change,0,10,hedgeqa_oracle,,False,,1.0,True,-0.0,0.0,-0.0,0.0,0.0,0.0,-0.0,0.0,-0.0,0.0,decreased,0.0,0.0,0.0,"{""increased"": 0.0, ""decreased"": 1.0, ""roughly_unchanged"": 0.0, ""insufficient_data"": 0.0}",-0.0,-0.0,10,10,1.0,True,0.0,0.2876820724517809,1.0,1.0,,qwen3:8b,tatqa,numeric_to_directional,committed
hqa_TAT_8b28da38,F,directional_change,1,10,hedgeqa_oracle,,False,,1.0,True,-0.0,0.0,-0.0,0.0,0.0,0.0,-0.0,0.0,-0.0,0.0,decreased,0.0,0.0,0.0,"{""increased"": 0.0, ""decreased"": 1.0, ""roughly_unchanged"": 0.0, ""insufficient_data"": 0.0}",-0.0,-0.0,10,10,1.0,True,0.0,0.2876820724517809,1.0,1.0,,qwen3:8b,tatqa,numeric_to_directional,committed
hqa_TAT_8f757617,F,directional_change,0,10,hedgeqa_oracle,,False,,1.0,True,-0.0,0.0,-0.0,0.0,0.0,0.0,-0.0,0.0,-0.0,0.0,decreased,0.0,0.0,0.0,"{""increased"": 0.0, ""decreased"": 1.0, ""roughly_unchanged"": 0.0, ""insufficient_data"": 0.0}",-0.0,-0.0,10,10,1.0,True,0.0,0.2876820724517809,1.0,1.0,,qwen3:8b,tatqa,numeric_to_directional,committed
hqa_TAT_8f757617,F,directional_change,1,10,hedgeqa_oracle,,False,,1.0,True,-0.0,0.0,-0.0,0.0,0.0,0.0,-0.0,0.0,-0.0,0.0,decreased,0.0,0.0,0.0,"{""increased"": 0.0, ""decreased"": 1.0, ""roughly_unchanged"": 0.0, ""insufficient_data"": 0.0}",-0.0,-0.0,10,10,1.0,True,0.0,0.2876820724517809,1.0,1.0,,qwen3:8b,tatqa,numeric_to_directional,committed
hqa_TAT_924db34b_masked,F,directional_change,0,10,hedgeqa_oracle,,False,,1.0,True,-0.0,0.0,-0.0,0.0,0.0,0.0,-0.0,0.0,-0.0,0.0,insufficient_data,1.0,1.0,1.0,"{""increased"": 0.0, ""decreased"": 0.0, ""roughly_unchanged"": 0.0, ""insufficient_data"": 1.0}",-0.0,-0.0,10,10,1.0,True,0.0,0.2876820724517809,1.0,1.0,,qwen3:8b,tatqa,evidence_masked_insufficient,noncommitted
hqa_TAT_924db34b_masked,F,directional_change,1,10,hedgeqa_oracle,,False,,1.0,True,-0.0,0.0,-0.0,0.0,0.0,0.0,-0.0,0.0,-0.0,0.0,insufficient_data,1.0,1.0,1.0,"{""increased"": 0.0, ""decreased"": 0.0, ""roughly_unchanged"": 0.0, ""insufficient_data"": 1.0}",-0.0,-0.0,10,10,1.0,True,0.0,0.2876820724517809,1.0,1.0,,qwen3:8b,tatqa,evidence_masked_insufficient,noncommitted
hqa_TAT_9335454b,F,directional_change,0,10,hedgeqa_oracle,,False,,1.0,True,-0.0,0.0,-0.0,0.0,0.0,0.0,-0.0,0.0,-0.0,0.0,decreased,0.0,0.0,0.0,"{""increased"": 0.0, ""decreased"": 1.0, ""roughly_unchanged"": 0.0, ""insufficient_data"": 0.0}",-0.0,-0.0,10,10,1.0,True,0.0,0.2876820724517809,1.0,1.0,,qwen3:8b,tatqa,numeric_to_directional,committed
hqa_TAT_9335454b,F,directional_change,1,10,hedgeqa_oracle,,False,,1.0,True,-0.0,0.0,-0.0,0.0,0.0,0.0,-0.0,0.0,-0.0,0.0,decreased,0.0,0.0,0.0,"{""increased"": 0.0, ""decreased"": 1.0, ""roughly_unchanged"": 0.0, ""insufficient_data"": 0.0}",-0.0,-0.0,10,10,1.0,True,0.0,0.2876820724517809,1.0,1.0,,qwen3:8b,tatqa,numeric_to_directional,committed
hqa_TAT_96ec3b97,F,directional_change,0,10,hedgeqa_oracle,,False,,1.0,True,-0.0,0.0,-0.0,0.0,0.0,0.0,-0.0,0.0,-0.0,0.0,decreased,0.0,0.0,0.0,"{""increased"": 0.0, ""decreased"": 1.0, ""roughly_unchanged"": 0.0, ""insufficient_data"": 0.0}",-0.0,-0.0,10,10,1.0,True,0.0,0.2876820724517809,1.0,1.0,,qwen3:8b,tatqa,numeric_to_directional,committed
hqa_TAT_96ec3b97,F,directional_change,1,10,hedgeqa_oracle,,False,,1.0,True,-0.0,0.0,-0.0,0.0,0.0,0.0,-0.0,0.0,-0.0,0.0,decreased,0.0,0.0,0.0,"{""increased"": 0.0, ""decreased"": 1.0, ""roughly_unchanged"": 0.0, ""insufficient_data"": 0.0}",-0.0,-0.0,10,10,1.0,True,0.0,0.2876820724517809,1.0,1.0,,qwen3:8b,tatqa,numeric_to_directional,committed
hqa_TAT_9d3bed67,F,directional_change,0,10,hedgeqa_oracle,,False,,1.0,True,-0.0,0.0,-0.0,0.0,0.0,0.0,-0.0,0.0,-0.0,0.0,decreased,0.0,0.0,0.0,"{""increased"": 0.0, ""decreased"": 1.0, ""roughly_unchanged"": 0.0, ""insufficient_data"": 0.0}",-0.0,-0.0,10,10,1.0,True,0.0,0.2876820724517809,1.0,1.0,,qwen3:8b,tatqa,numeric_to_directional,committed
hqa_TAT_9d3bed67,F,directional_change,1,10,hedgeqa_oracle,,False,,1.0,True,-0.0,0.0,-0.0,0.0,0.0,0.0,-0.0,0.0,-0.0,0.0,decreased,0.0,0.0,0.0,"{""increased"": 0.0, ""decreased"": 1.0, ""roughly_unchanged"": 0.0, ""insufficient_data"": 0.0}",-0.0,-0.0,10,10,1.0,True,0.0,0.2876820724517809,1.0,1.0,,qwen3:8b,tatqa,numeric_to_directional,committed
hqa_TAT_a4e3f89a,F,directional_change,0,10,hedgeqa_oracle,,False,,1.0,True,0.6881388137135884,0.41274269846481804,0.2753961152487704,0.7131388137135884,0.4627426984648181,0.25039611524877037,0.49638722699390414,0.2977309221191609,0.19865630487474326,0.40020430436495263,increased,0.0,0.0,0.0,"{""increased"": 0.55, ""decreased"": 0.45, ""roughly_unchanged"": 0.0, ""insufficient_data"": 0.0}",0.3250829733914482,0.5004024235381879,10,10,0.55,True,0.40499999999999997,0.7985076962177716,0.9,0.2,,qwen3:8b,tatqa,numeric_to_directional,committed
hqa_TAT_a4e3f89a,F,directional_change,1,10,hedgeqa_oracle,,False,,1.0,True,0.6931471805599453,0.0,0.6931471805599453,0.7181471805599453,0.0,0.7181471805599453,0.5,0.0,0.5,1.0,increased,0.0,0.0,0.0,"{""increased"": 0.5, ""decreased"": 0.5, ""roughly_unchanged"": 0.0, ""insufficient_data"": 0.0}",-0.0,-0.0,10,10,0.5,True,0.5,0.8754687373538999,0.0,1.0,,qwen3:8b,tatqa,numeric_to_directional,committed
hqa_TAT_a727c9c8,F,directional_change,0,10,hedgeqa_oracle,,False,,1.0,True,-0.0,0.0,-0.0,0.0,0.0,0.0,-0.0,0.0,-0.0,0.0,increased,0.0,0.0,0.0,"{""increased"": 1.0, ""decreased"": 0.0, ""roughly_unchanged"": 0.0, ""insufficient_data"": 0.0}",-0.0,-0.0,10,10,1.0,True,0.0,0.2876820724517809,1.0,1.0,,qwen3:8b,tatqa,numeric_to_directional,committed
hqa_TAT_a727c9c8,F,directional_change,1,10,hedgeqa_oracle,,False,,1.0,True,-0.0,0.0,-0.0,0.0,0.0,0.0,-0.0,0.0,-0.0,0.0,increased,0.0,0.0,0.0,"{""increased"": 1.0, ""decreased"": 0.0, ""roughly_unchanged"": 0.0, ""insufficient_data"": 0.0}",-0.0,-0.0,10,10,1.0,True,0.0,0.2876820724517809,1.0,1.0,,qwen3:8b,tatqa,numeric_to_directional,committed
hqa_TAT_a757ebed_masked,F,directional_change,0,10,hedgeqa_oracle,,False,,1.0,True,-0.0,0.0,-0.0,0.0,0.0,0.0,-0.0,0.0,-0.0,0.0,increased,0.0,0.0,0.0,"{""increased"": 1.0, ""decreased"": 0.0, ""roughly_unchanged"": 0.0, ""insufficient_data"": 0.0}",-0.0,-0.0,10,10,0.0,False,2.0,2.4849066497880004,0.0,0.0,,qwen3:8b,tatqa,evidence_masked_insufficient,noncommitted
hqa_TAT_a757ebed_masked,F,directional_change,1,10,hedgeqa_oracle,,False,,1.0,True,-0.0,0.0,-0.0,0.0,0.0,0.0,-0.0,0.0,-0.0,0.0,increased,0.0,0.0,0.0,"{""increased"": 1.0, ""decreased"": 0.0, ""roughly_unchanged"": 0.0, ""insufficient_data"": 0.0}",-0.0,-0.0,10,10,0.0,False,2.0,2.4849066497880004,0.0,0.0,,qwen3:8b,tatqa,evidence_masked_insufficient,noncommitted
hqa_TAT_b1f0677c_masked,F,directional_change,0,10,hedgeqa_oracle,,False,,1.0,True,-0.0,0.0,-0.0,0.0,0.0,0.0,-0.0,0.0,-0.0,0.0,insufficient_data,1.0,1.0,1.0,"{""increased"": 0.0, ""decreased"": 0.0, ""roughly_unchanged"": 0.0, ""insufficient_data"": 1.0}",-0.0,-0.0,10,10,1.0,True,0.0,0.2876820724517809,1.0,1.0,,qwen3:8b,tatqa,evidence_masked_insufficient,noncommitted
hqa_TAT_b1f0677c_masked,F,directional_change,1,10,hedgeqa_oracle,,False,,1.0,True,-0.0,0.0,-0.0,0.0,0.0,0.0,-0.0,0.0,-0.0,0.0,insufficient_data,1.0,1.0,1.0,"{""increased"": 0.0, ""decreased"": 0.0, ""roughly_unchanged"": 0.0, ""insufficient_data"": 1.0}",-0.0,-0.0,10,10,1.0,True,0.0,0.2876820724517809,1.0,1.0,,qwen3:8b,tatqa,evidence_masked_insufficient,noncommitted
hqa_TAT_b3f27ae7,F,directional_change,0,10,hedgeqa_oracle,,False,,1.0,True,0.8979457248567798,0.6773679937280109,0.22057773112876888,0.9479457248567799,0.752367993728011,0.19557773112876886,0.647730922119161,0.48861772270415393,0.159113199415007,0.24564706420752824,decreased,0.1,0.0,0.2,"{""increased"": 0.3, ""decreased"": 0.6, ""roughly_unchanged"": 0.0, ""insufficient_data"": 0.1}",0.3250829733914482,1.0296530140645737,10,10,0.0,False,1.4600000000000002,2.4849066497880004,0.0,0.0,,qwen3:8b,tatqa,numeric_to_directional,committed
hqa_TAT_b3f27ae7,F,directional_change,1,10,hedgeqa_oracle,,False,,1.0,True,0.42270908780599087,0.30543215102744675,0.11727693677854412,0.4477090878059909,0.3304321510274468,0.11727693677854412,0.30492015235820025,0.22032272480767318,0.08459742755052704,0.2774412478029577,roughly_unchanged,0.15,0.3,0.0,"{""increased"": 0.0, ""decreased"": 0.0, ""roughly_unchanged"": 0.85, ""insufficient_data"": 0.15}",0.6108643020548935,-0.0,10,10,0.85,True,0.045000000000000005,0.4307829160924542,0.7,1.0,,qwen3:8b,tatqa,numeric_to_directional,committed
hqa_TAT_b6be3a9e,F,directional_change,0,10,hedgeqa_oracle,,False,,1.0,True,-0.0,0.0,-0.0,0.0,0.0,0.0,-0.0,0.0,-0.0,0.0,decreased,0.0,0.0,0.0,"{""increased"": 0.0, ""decreased"": 1.0, ""roughly_unchanged"": 0.0, ""insufficient_data"": 0.0}",-0.0,-0.0,10,10,1.0,True,0.0,0.2876820724517809,1.0,1.0,,qwen3:8b,tatqa,numeric_to_directional,committed
hqa_TAT_b6be3a9e,F,directional_change,1,10,hedgeqa_oracle,,False,,1.0,True,-0.0,0.0,-0.0,0.0,0.0,0.0,-0.0,0.0,-0.0,0.0,decreased,0.0,0.0,0.0,"{""increased"": 0.0, ""decreased"": 1.0, ""roughly_unchanged"": 0.0, ""insufficient_data"": 0.0}",-0.0,-0.0,10,10,1.0,True,0.0,0.2876820724517809,1.0,1.0,,qwen3:8b,tatqa,numeric_to_directional,committed
hqa_TAT_bff37d29,F,directional_change,0,10,hedgeqa_oracle,,False,,1.0,True,-0.0,0.0,-0.0,0.0,0.0,0.0,-0.0,0.0,-0.0,0.0,decreased,0.0,0.0,0.0,"{""increased"": 0.0, ""decreased"": 1.0, ""roughly_unchanged"": 0.0, ""insufficient_data"": 0.0}",-0.0,-0.0,10,10,1.0,True,0.0,0.2876820724517809,1.0,1.0,,qwen3:8b,tatqa,numeric_to_directional,committed
hqa_TAT_bff37d29,F,directional_change,1,10,hedgeqa_oracle,,False,,1.0,True,-0.0,0.0,-0.0,0.0,0.0,0.0,-0.0,0.0,-0.0,0.0,decreased,0.0,0.0,0.0,"{""increased"": 0.0, ""decreased"": 1.0, ""roughly_unchanged"": 0.0, ""insufficient_data"": 0.0}",-0.0,-0.0,10,10,1.0,True,0.0,0.2876820724517809,1.0,1.0,,qwen3:8b,tatqa,numeric_to_directional,committed
hqa_TAT_c29146e1,F,directional_change,0,10,hedgeqa_oracle,,False,,1.0,True,-0.0,0.0,-0.0,0.0,0.0,0.0,-0.0,0.0,-0.0,0.0,increased,0.0,0.0,0.0,"{""increased"": 1.0, ""decreased"": 0.0, ""roughly_unchanged"": 0.0, ""insufficient_data"": 0.0}",-0.0,-0.0,10,10,1.0,True,0.0,0.2876820724517809,1.0,1.0,,qwen3:8b,tatqa,numeric_to_directional,committed
hqa_TAT_c29146e1,F,directional_change,1,10,hedgeqa_oracle,,False,,1.0,True,-0.0,0.0,-0.0,0.0,0.0,0.0,-0.0,0.0,-0.0,0.0,increased,0.0,0.0,0.0,"{""increased"": 1.0, ""decreased"": 0.0, ""roughly_unchanged"": 0.0, ""insufficient_data"": 0.0}",-0.0,-0.0,10,10,1.0,True,0.0,0.2876820724517809,1.0,1.0,,qwen3:8b,tatqa,numeric_to_directional,committed
hqa_TAT_c2ecf8bd,F,directional_change,0,10,hedgeqa_oracle,,False,,1.0,True,-0.0,0.0,-0.0,0.0,0.0,0.0,-0.0,0.0,-0.0,0.0,decreased,0.0,0.0,0.0,"{""increased"": 0.0, ""decreased"": 1.0, ""roughly_unchanged"": 0.0, ""insufficient_data"": 0.0}",-0.0,-0.0,10,10,1.0,True,0.0,0.2876820724517809,1.0,1.0,,qwen3:8b,tatqa,numeric_to_directional,committed
hqa_TAT_c2ecf8bd,F,directional_change,1,10,hedgeqa_oracle,,False,,1.0,True,-0.0,0.0,-0.0,0.0,0.0,0.0,-0.0,0.0,-0.0,0.0,decreased,0.0,0.0,0.0,"{""increased"": 0.0, ""decreased"": 1.0, ""roughly_unchanged"": 0.0, ""insufficient_data"": 0.0}",-0.0,-0.0,10,10,1.0,True,0.0,0.2876820724517809,1.0,1.0,,qwen3:8b,tatqa,numeric_to_directional,committed
hqa_TAT_d223a6ae,F,directional_change,0,10,hedgeqa_oracle,,False,,1.0,True,-0.0,0.0,-0.0,0.0,0.0,0.0,-0.0,0.0,-0.0,0.0,decreased,0.0,0.0,0.0,"{""increased"": 0.0, ""decreased"": 1.0, ""roughly_unchanged"": 0.0, ""insufficient_data"": 0.0}",-0.0,-0.0,10,10,1.0,True,0.0,0.2876820724517809,1.0,1.0,,qwen3:8b,tatqa,numeric_to_directional,committed
hqa_TAT_d223a6ae,F,directional_change,1,10,hedgeqa_oracle,,False,,1.0,True,-0.0,0.0,-0.0,0.0,0.0,0.0,-0.0,0.0,-0.0,0.0,decreased,0.0,0.0,0.0,"{""increased"": 0.0, ""decreased"": 1.0, ""roughly_unchanged"": 0.0, ""insufficient_data"": 0.0}",-0.0,-0.0,10,10,1.0,True,0.0,0.2876820724517809,1.0,1.0,,qwen3:8b,tatqa,numeric_to_directional,committed
hqa_TAT_d24aae82_masked,F,directional_change,0,10,hedgeqa_oracle,,False,,1.0,True,-0.0,0.0,-0.0,0.0,0.0,0.0,-0.0,0.0,-0.0,0.0,increased,0.0,0.0,0.0,"{""increased"": 1.0, ""decreased"": 0.0, ""roughly_unchanged"": 0.0, ""insufficient_data"": 0.0}",-0.0,-0.0,10,10,0.0,False,2.0,2.4849066497880004,0.0,0.0,,qwen3:8b,tatqa,evidence_masked_insufficient,noncommitted
hqa_TAT_d24aae82_masked,F,directional_change,1,10,hedgeqa_oracle,,False,,1.0,True,-0.0,0.0,-0.0,0.0,0.0,0.0,-0.0,0.0,-0.0,0.0,increased,0.0,0.0,0.0,"{""increased"": 1.0, ""decreased"": 0.0, ""roughly_unchanged"": 0.0, ""insufficient_data"": 0.0}",-0.0,-0.0,10,10,0.0,False,2.0,2.4849066497880004,0.0,0.0,,qwen3:8b,tatqa,evidence_masked_insufficient,noncommitted
hqa_TAT_d510edb9,F,directional_change,0,10,hedgeqa_oracle,,False,,1.0,True,-0.0,0.0,-0.0,0.0,0.0,0.0,-0.0,0.0,-0.0,0.0,increased,0.0,0.0,0.0,"{""increased"": 1.0, ""decreased"": 0.0, ""roughly_unchanged"": 0.0, ""insufficient_data"": 0.0}",-0.0,-0.0,10,10,1.0,True,0.0,0.2876820724517809,1.0,1.0,,qwen3:8b,tatqa,numeric_to_directional,committed
hqa_TAT_d510edb9,F,directional_change,1,10,hedgeqa_oracle,,False,,1.0,True,-0.0,0.0,-0.0,0.0,0.0,0.0,-0.0,0.0,-0.0,0.0,increased,0.0,0.0,0.0,"{""increased"": 1.0, ""decreased"": 0.0, ""roughly_unchanged"": 0.0, ""insufficient_data"": 0.0}",-0.0,-0.0,10,10,1.0,True,0.0,0.2876820724517809,1.0,1.0,,qwen3:8b,tatqa,numeric_to_directional,committed
hqa_TAT_d8c5f9a6,F,directional_change,0,10,hedgeqa_oracle,,False,,1.0,True,-0.0,0.0,-0.0,0.0,0.0,0.0,-0.0,0.0,-0.0,0.0,roughly_unchanged,0.0,0.0,0.0,"{""increased"": 0.0, ""decreased"": 0.0, ""roughly_unchanged"": 1.0, ""insufficient_data"": 0.0}",-0.0,-0.0,10,10,1.0,True,0.0,0.2876820724517809,1.0,1.0,,qwen3:8b,tatqa,numeric_to_directional,committed
hqa_TAT_d8c5f9a6,F,directional_change,1,10,hedgeqa_oracle,,False,,1.0,True,-0.0,0.0,-0.0,0.0,0.0,0.0,-0.0,0.0,-0.0,0.0,roughly_unchanged,0.0,0.0,0.0,"{""increased"": 0.0, ""decreased"": 0.0, ""roughly_unchanged"": 1.0, ""insufficient_data"": 0.0}",-0.0,-0.0,10,10,1.0,True,0.0,0.2876820724517809,1.0,1.0,,qwen3:8b,tatqa,numeric_to_directional,committed
hqa_TAT_df2b4702,F,directional_change,0,10,hedgeqa_oracle,,False,,1.0,True,-0.0,0.0,-0.0,0.0,0.0,0.0,-0.0,0.0,-0.0,0.0,decreased,0.0,0.0,0.0,"{""increased"": 0.0, ""decreased"": 1.0, ""roughly_unchanged"": 0.0, ""insufficient_data"": 0.0}",-0.0,-0.0,10,10,1.0,True,0.0,0.2876820724517809,1.0,1.0,,qwen3:8b,tatqa,numeric_to_directional,committed
hqa_TAT_df2b4702,F,directional_change,1,10,hedgeqa_oracle,,False,,1.0,True,-0.0,0.0,-0.0,0.0,0.0,0.0,-0.0,0.0,-0.0,0.0,decreased,0.0,0.0,0.0,"{""increased"": 0.0, ""decreased"": 1.0, ""roughly_unchanged"": 0.0, ""insufficient_data"": 0.0}",-0.0,-0.0,10,10,1.0,True,0.0,0.2876820724517809,1.0,1.0,,qwen3:8b,tatqa,numeric_to_directional,committed
hqa_TAT_e3e6cc0b,F,directional_change,0,10,hedgeqa_oracle,,False,,1.0,True,-0.0,0.0,-0.0,0.0,0.0,0.0,-0.0,0.0,-0.0,0.0,increased,0.0,0.0,0.0,"{""increased"": 1.0, ""decreased"": 0.0, ""roughly_unchanged"": 0.0, ""insufficient_data"": 0.0}",-0.0,-0.0,10,10,1.0,True,0.0,0.2876820724517809,1.0,1.0,,qwen3:8b,tatqa,numeric_to_directional,committed
hqa_TAT_e3e6cc0b,F,directional_change,1,10,hedgeqa_oracle,,False,,1.0,True,-0.0,0.0,-0.0,0.0,0.0,0.0,-0.0,0.0,-0.0,0.0,increased,0.0,0.0,0.0,"{""increased"": 1.0, ""decreased"": 0.0, ""roughly_unchanged"": 0.0, ""insufficient_data"": 0.0}",-0.0,-0.0,10,10,1.0,True,0.0,0.2876820724517809,1.0,1.0,,qwen3:8b,tatqa,numeric_to_directional,committed
hqa_TAT_e6ab76b6,F,directional_change,0,10,hedgeqa_oracle,,False,,1.0,True,-0.0,0.0,-0.0,0.0,0.0,0.0,-0.0,0.0,-0.0,0.0,increased,0.0,0.0,0.0,"{""increased"": 1.0, ""decreased"": 0.0, ""roughly_unchanged"": 0.0, ""insufficient_data"": 0.0}",-0.0,-0.0,10,10,1.0,True,0.0,0.2876820724517809,1.0,1.0,,qwen3:8b,tatqa,numeric_to_directional,committed
hqa_TAT_e6ab76b6,F,directional_change,1,10,hedgeqa_oracle,,False,,1.0,True,-0.0,0.0,-0.0,0.0,0.0,0.0,-0.0,0.0,-0.0,0.0,increased,0.0,0.0,0.0,"{""increased"": 1.0, ""decreased"": 0.0, ""roughly_unchanged"": 0.0, ""insufficient_data"": 0.0}",-0.0,-0.0,10,10,1.0,True,0.0,0.2876820724517809,1.0,1.0,,qwen3:8b,tatqa,numeric_to_directional,committed
hqa_TAT_eefe67af,F,directional_change,0,10,hedgeqa_oracle,,False,,1.0,True,-0.0,0.0,-0.0,0.0,0.0,0.0,-0.0,0.0,-0.0,0.0,decreased,0.0,0.0,0.0,"{""increased"": 0.0, ""decreased"": 1.0, ""roughly_unchanged"": 0.0, ""insufficient_data"": 0.0}",-0.0,-0.0,10,10,0.0,False,2.0,2.4849066497880004,0.0,0.0,,qwen3:8b,tatqa,numeric_to_directional,committed
hqa_TAT_eefe67af,F,directional_change,1,10,hedgeqa_oracle,,False,,1.0,True,-0.0,0.0,-0.0,0.0,0.0,0.0,-0.0,0.0,-0.0,0.0,decreased,0.0,0.0,0.0,"{""increased"": 0.0, ""decreased"": 1.0, ""roughly_unchanged"": 0.0, ""insufficient_data"": 0.0}",-0.0,-0.0,10,10,0.0,False,2.0,2.4849066497880004,0.0,0.0,,qwen3:8b,tatqa,numeric_to_directional,committed
hqa_TAT_f0b19718_masked,F,directional_change,0,10,hedgeqa_oracle,,False,,1.0,True,-0.0,0.0,-0.0,0.0,0.0,0.0,-0.0,0.0,-0.0,0.0,increased,0.0,0.0,0.0,"{""increased"": 1.0, ""decreased"": 0.0, ""roughly_unchanged"": 0.0, ""insufficient_data"": 0.0}",-0.0,-0.0,10,10,0.0,False,2.0,2.4849066497880004,0.0,0.0,,qwen3:8b,tatqa,evidence_masked_insufficient,noncommitted
hqa_TAT_f0b19718_masked,F,directional_change,1,10,hedgeqa_oracle,,False,,1.0,True,-0.0,0.0,-0.0,0.0,0.0,0.0,-0.0,0.0,-0.0,0.0,increased,0.0,0.0,0.0,"{""increased"": 1.0, ""decreased"": 0.0, ""roughly_unchanged"": 0.0, ""insufficient_data"": 0.0}",-0.0,-0.0,10,10,0.0,False,2.0,2.4849066497880004,0.0,0.0,,qwen3:8b,tatqa,evidence_masked_insufficient,noncommitted
hqa_TAT_f18ac7c4,F,directional_change,0,10,hedgeqa_oracle,,False,,1.0,True,0.6730116670092565,0.46797363772317085,0.20503802928608567,0.6980116670092565,0.5179736377231708,0.1800380292860857,0.4854752972273344,0.33757162320499345,0.14790367402234092,0.30465746633671004,increased,0.0,0.0,0.0,"{""increased"": 0.6, ""decreased"": 0.4, ""roughly_unchanged"": 0.0, ""insufficient_data"": 0.0}",0.6108643020548935,0.3250829733914482,10,10,0.39999999999999997,False,0.7200000000000001,1.0498221244986778,0.7,0.1,,qwen3:8b,tatqa,numeric_to_directional,committed
hqa_TAT_f18ac7c4,F,directional_change,1,10,hedgeqa_oracle,,False,,1.0,True,-0.0,0.0,-0.0,0.0,0.0,0.0,-0.0,0.0,-0.0,0.0,decreased,0.0,0.0,0.0,"{""increased"": 0.0, ""decreased"": 1.0, ""roughly_unchanged"": 0.0, ""insufficient_data"": 0.0}",-0.0,-0.0,10,10,1.0,True,0.0,0.2876820724517809,1.0,1.0,,qwen3:8b,tatqa,numeric_to_directional,committed
hqa_TAT_f37c7794,F,directional_change,0,10,hedgeqa_oracle,,False,,1.0,True,-0.0,0.0,-0.0,0.0,0.0,0.0,-0.0,0.0,-0.0,0.0,roughly_unchanged,0.0,0.0,0.0,"{""increased"": 0.0, ""decreased"": 0.0, ""roughly_unchanged"": 1.0, ""insufficient_data"": 0.0}",-0.0,-0.0,10,10,1.0,True,0.0,0.2876820724517809,1.0,1.0,,qwen3:8b,tatqa,numeric_to_directional,committed
hqa_TAT_f37c7794,F,directional_change,1,10,hedgeqa_oracle,,False,,1.0,True,-0.0,0.0,-0.0,0.0,0.0,0.0,-0.0,0.0,-0.0,0.0,roughly_unchanged,0.0,0.0,0.0,"{""increased"": 0.0, ""decreased"": 0.0, ""roughly_unchanged"": 1.0, ""insufficient_data"": 0.0}",-0.0,-0.0,10,10,1.0,True,0.0,0.2876820724517809,1.0,1.0,,qwen3:8b,tatqa,numeric_to_directional,committed
hqa_TAT_f553c037,F,directional_change,0,10,hedgeqa_oracle,,False,,1.0,True,-0.0,0.0,-0.0,0.0,0.0,0.0,-0.0,0.0,-0.0,0.0,decreased,0.0,0.0,0.0,"{""increased"": 0.0, ""decreased"": 1.0, ""roughly_unchanged"": 0.0, ""insufficient_data"": 0.0}",-0.0,-0.0,10,10,1.0,True,0.0,0.2876820724517809,1.0,1.0,,qwen3:8b,tatqa,numeric_to_directional,committed
hqa_TAT_f553c037,F,directional_change,1,10,hedgeqa_oracle,,False,,1.0,True,-0.0,0.0,-0.0,0.0,0.0,0.0,-0.0,0.0,-0.0,0.0,decreased,0.0,0.0,0.0,"{""increased"": 0.0, ""decreased"": 1.0, ""roughly_unchanged"": 0.0, ""insufficient_data"": 0.0}",-0.0,-0.0,10,10,1.0,True,0.0,0.2876820724517809,1.0,1.0,,qwen3:8b,tatqa,numeric_to_directional,committed
