question_id,lane,answer_type,round,K,evidence_mode,intervention,coverage_incomplete,tickers,parse_rate,gold_scoreable,tu,au,eu,tu_mm,au_mm,eu_mm,tu_norm,au_norm,eu_norm,eu_tu_ratio,predicted,p_noncommit,p_noncommit_fundamental,p_noncommit_trading,p_sys,agent_entropy_fundamental,agent_entropy_trading,k_eff_fundamental,k_eff_trading,gold_prob,correct,brier,nll,agent_gold_prob_fundamental,agent_gold_prob_trading,error,model,source_benchmark,hedgeqa_transformation,gold_commitment
hqa_CFQ_05f42dea,F,directional_change,0,10,hedgeqa_oracle,,False,,1.0,True,-0.0,0.0,-0.0,0.0,0.0,0.0,-0.0,0.0,-0.0,0.0,decreased,0.0,0.0,0.0,"{""increased"": 0.0, ""decreased"": 1.0, ""roughly_unchanged"": 0.0, ""insufficient_data"": 0.0}",-0.0,-0.0,10,10,1.0,True,0.0,0.2876820724517809,1.0,1.0,,qwen3.6:35b-a3b-q8_0,convfinqa,numeric_to_directional,committed
hqa_CFQ_05f42dea,F,directional_change,1,10,hedgeqa_oracle,,False,,1.0,True,-0.0,0.0,-0.0,0.0,0.0,0.0,-0.0,0.0,-0.0,0.0,decreased,0.0,0.0,0.0,"{""increased"": 0.0, ""decreased"": 1.0, ""roughly_unchanged"": 0.0, ""insufficient_data"": 0.0}",-0.0,-0.0,10,10,1.0,True,0.0,0.2876820724517809,1.0,1.0,,qwen3.6:35b-a3b-q8_0,convfinqa,numeric_to_directional,committed
hqa_CFQ_07480310,F,directional_change,0,10,hedgeqa_oracle,,False,,1.0,True,-0.0,0.0,-0.0,0.0,0.0,0.0,-0.0,0.0,-0.0,0.0,decreased,0.0,0.0,0.0,"{""increased"": 0.0, ""decreased"": 1.0, ""roughly_unchanged"": 0.0, ""insufficient_data"": 0.0}",-0.0,-0.0,10,10,1.0,True,0.0,0.2876820724517809,1.0,1.0,,qwen3.6:35b-a3b-q8_0,convfinqa,numeric_to_directional,committed
hqa_CFQ_07480310,F,directional_change,1,10,hedgeqa_oracle,,False,,1.0,True,-0.0,0.0,-0.0,0.0,0.0,0.0,-0.0,0.0,-0.0,0.0,decreased,0.0,0.0,0.0,"{""increased"": 0.0, ""decreased"": 1.0, ""roughly_unchanged"": 0.0, ""insufficient_data"": 0.0}",-0.0,-0.0,10,10,1.0,True,0.0,0.2876820724517809,1.0,1.0,,qwen3.6:35b-a3b-q8_0,convfinqa,numeric_to_directional,committed
hqa_CFQ_08d45061,F,directional_change,0,10,hedgeqa_oracle,,False,,1.0,True,-0.0,0.0,-0.0,0.0,0.0,0.0,-0.0,0.0,-0.0,0.0,decreased,0.0,0.0,0.0,"{""increased"": 0.0, ""decreased"": 1.0, ""roughly_unchanged"": 0.0, ""insufficient_data"": 0.0}",-0.0,-0.0,10,10,1.0,True,0.0,0.2876820724517809,1.0,1.0,,qwen3.6:35b-a3b-q8_0,convfinqa,numeric_to_directional,committed
hqa_CFQ_08d45061,F,directional_change,1,10,hedgeqa_oracle,,False,,1.0,True,-0.0,0.0,-0.0,0.0,0.0,0.0,-0.0,0.0,-0.0,0.0,decreased,0.0,0.0,0.0,"{""increased"": 0.0, ""decreased"": 1.0, ""roughly_unchanged"": 0.0, ""insufficient_data"": 0.0}",-0.0,-0.0,10,10,1.0,True,0.0,0.2876820724517809,1.0,1.0,,qwen3.6:35b-a3b-q8_0,convfinqa,numeric_to_directional,committed
hqa_CFQ_1279a468_masked,F,directional_change,0,10,hedgeqa_oracle,,False,,1.0,True,0.5004024235381879,0.5004024235381879,0.0,0.5254024235381879,0.5504024235381879,0.0,0.36096404744368116,0.36096404744368116,0.0,0.0,insufficient_data,0.8,0.8,0.8,"{""increased"": 0.2, ""decreased"": 0.0, ""roughly_unchanged"": 0.0, ""insufficient_data"": 0.8}",0.5004024235381879,0.5004024235381879,10,10,0.8,True,0.07999999999999999,0.4834266495778762,0.8,0.8,,qwen3.6:35b-a3b-q8_0,convfinqa,evidence_masked_insufficient,noncommitted
hqa_CFQ_1279a468_masked,F,directional_change,1,10,hedgeqa_oracle,,False,,1.0,True,0.6881388137135884,0.5556333627965406,0.1325054509170478,0.7131388137135884,0.6056333627965407,0.10750545091704777,0.49638722699390414,0.4008047485295137,0.0955824784643904,0.19255628119851723,insufficient_data,0.55,0.8,0.3,"{""increased"": 0.45, ""decreased"": 0.0, ""roughly_unchanged"": 0.0, ""insufficient_data"": 0.55}",0.5004024235381879,0.6108643020548935,10,10,0.55,True,0.4049999999999999,0.7985076962177716,0.8,0.3,,qwen3.6:35b-a3b-q8_0,convfinqa,evidence_masked_insufficient,noncommitted
hqa_CFQ_13c20530_masked,F,directional_change,0,10,hedgeqa_oracle,,False,,1.0,True,-0.0,0.0,-0.0,0.0,0.0,0.0,-0.0,0.0,-0.0,0.0,insufficient_data,1.0,1.0,1.0,"{""increased"": 0.0, ""decreased"": 0.0, ""roughly_unchanged"": 0.0, ""insufficient_data"": 1.0}",-0.0,-0.0,10,10,1.0,True,0.0,0.2876820724517809,1.0,1.0,,qwen3.6:35b-a3b-q8_0,convfinqa,evidence_masked_insufficient,noncommitted
hqa_CFQ_13c20530_masked,F,directional_change,1,10,hedgeqa_oracle,,False,,1.0,True,-0.0,0.0,-0.0,0.0,0.0,0.0,-0.0,0.0,-0.0,0.0,insufficient_data,1.0,1.0,1.0,"{""increased"": 0.0, ""decreased"": 0.0, ""roughly_unchanged"": 0.0, ""insufficient_data"": 1.0}",-0.0,-0.0,10,10,1.0,True,0.0,0.2876820724517809,1.0,1.0,,qwen3.6:35b-a3b-q8_0,convfinqa,evidence_masked_insufficient,noncommitted
hqa_CFQ_1d1128f4_masked,F,directional_change,0,10,hedgeqa_oracle,,False,,1.0,True,-0.0,0.0,-0.0,0.0,0.0,0.0,-0.0,0.0,-0.0,0.0,insufficient_data,1.0,1.0,1.0,"{""increased"": 0.0, ""decreased"": 0.0, ""roughly_unchanged"": 0.0, ""insufficient_data"": 1.0}",-0.0,-0.0,10,10,1.0,True,0.0,0.2876820724517809,1.0,1.0,,qwen3.6:35b-a3b-q8_0,convfinqa,evidence_masked_insufficient,noncommitted
hqa_CFQ_1d1128f4_masked,F,directional_change,1,10,hedgeqa_oracle,,False,,1.0,True,-0.0,0.0,-0.0,0.0,0.0,0.0,-0.0,0.0,-0.0,0.0,insufficient_data,1.0,1.0,1.0,"{""increased"": 0.0, ""decreased"": 0.0, ""roughly_unchanged"": 0.0, ""insufficient_data"": 1.0}",-0.0,-0.0,10,10,1.0,True,0.0,0.2876820724517809,1.0,1.0,,qwen3.6:35b-a3b-q8_0,convfinqa,evidence_masked_insufficient,noncommitted
hqa_CFQ_3240be6a_masked,F,directional_change,0,10,hedgeqa_oracle,,False,,1.0,True,-0.0,0.0,-0.0,0.0,0.0,0.0,-0.0,0.0,-0.0,0.0,increased,0.0,0.0,0.0,"{""increased"": 1.0, ""decreased"": 0.0, ""roughly_unchanged"": 0.0, ""insufficient_data"": 0.0}",-0.0,-0.0,10,10,0.0,False,2.0,2.4849066497880004,0.0,0.0,,qwen3.6:35b-a3b-q8_0,convfinqa,evidence_masked_insufficient,noncommitted
hqa_CFQ_3240be6a_masked,F,directional_change,1,10,hedgeqa_oracle,,False,,1.0,True,-0.0,0.0,-0.0,0.0,0.0,0.0,-0.0,0.0,-0.0,0.0,increased,0.0,0.0,0.0,"{""increased"": 1.0, ""decreased"": 0.0, ""roughly_unchanged"": 0.0, ""insufficient_data"": 0.0}",-0.0,-0.0,10,10,0.0,False,2.0,2.4849066497880004,0.0,0.0,,qwen3.6:35b-a3b-q8_0,convfinqa,evidence_masked_insufficient,noncommitted
hqa_CFQ_378d381c_masked,F,directional_change,0,10,hedgeqa_oracle,,False,,1.0,True,-0.0,0.0,-0.0,0.0,0.0,0.0,-0.0,0.0,-0.0,0.0,insufficient_data,1.0,1.0,1.0,"{""increased"": 0.0, ""decreased"": 0.0, ""roughly_unchanged"": 0.0, ""insufficient_data"": 1.0}",-0.0,-0.0,10,10,1.0,True,0.0,0.2876820724517809,1.0,1.0,,qwen3.6:35b-a3b-q8_0,convfinqa,evidence_masked_insufficient,noncommitted
hqa_CFQ_378d381c_masked,F,directional_change,1,10,hedgeqa_oracle,,False,,1.0,True,-0.0,0.0,-0.0,0.0,0.0,0.0,-0.0,0.0,-0.0,0.0,insufficient_data,1.0,1.0,1.0,"{""increased"": 0.0, ""decreased"": 0.0, ""roughly_unchanged"": 0.0, ""insufficient_data"": 1.0}",-0.0,-0.0,10,10,1.0,True,0.0,0.2876820724517809,1.0,1.0,,qwen3.6:35b-a3b-q8_0,convfinqa,evidence_masked_insufficient,noncommitted
hqa_CFQ_3cabceab,F,directional_change,0,10,hedgeqa_oracle,,False,,1.0,True,-0.0,0.0,-0.0,0.0,0.0,0.0,-0.0,0.0,-0.0,0.0,increased,0.0,0.0,0.0,"{""increased"": 1.0, ""decreased"": 0.0, ""roughly_unchanged"": 0.0, ""insufficient_data"": 0.0}",-0.0,-0.0,10,10,1.0,True,0.0,0.2876820724517809,1.0,1.0,,qwen3.6:35b-a3b-q8_0,convfinqa,numeric_to_directional,committed
hqa_CFQ_3cabceab,F,directional_change,1,10,hedgeqa_oracle,,False,,1.0,True,-0.0,0.0,-0.0,0.0,0.0,0.0,-0.0,0.0,-0.0,0.0,increased,0.0,0.0,0.0,"{""increased"": 1.0, ""decreased"": 0.0, ""roughly_unchanged"": 0.0, ""insufficient_data"": 0.0}",-0.0,-0.0,10,10,1.0,True,0.0,0.2876820724517809,1.0,1.0,,qwen3.6:35b-a3b-q8_0,convfinqa,numeric_to_directional,committed
hqa_CFQ_421f4e3d,F,directional_change,0,10,hedgeqa_oracle,,False,,1.0,True,-0.0,0.0,-0.0,0.0,0.0,0.0,-0.0,0.0,-0.0,0.0,decreased,0.0,0.0,0.0,"{""increased"": 0.0, ""decreased"": 1.0, ""roughly_unchanged"": 0.0, ""insufficient_data"": 0.0}",-0.0,-0.0,10,10,0.0,False,2.0,2.4849066497880004,0.0,0.0,,qwen3.6:35b-a3b-q8_0,convfinqa,numeric_to_directional,committed
hqa_CFQ_421f4e3d,F,directional_change,1,10,hedgeqa_oracle,,False,,1.0,True,-0.0,0.0,-0.0,0.0,0.0,0.0,-0.0,0.0,-0.0,0.0,decreased,0.0,0.0,0.0,"{""increased"": 0.0, ""decreased"": 1.0, ""roughly_unchanged"": 0.0, ""insufficient_data"": 0.0}",-0.0,-0.0,10,10,0.0,False,2.0,2.4849066497880004,0.0,0.0,,qwen3.6:35b-a3b-q8_0,convfinqa,numeric_to_directional,committed
hqa_CFQ_446ed3a5_masked,F,directional_change,0,10,hedgeqa_oracle,,False,,1.0,True,0.1985152433458726,0.1625414866957241,0.035973756650148486,0.22351524334587258,0.1875414866957241,0.035973756650148486,0.1431984785579781,0.11724889839732029,0.025949580160657796,0.18121407728610292,insufficient_data,0.95,1.0,0.9,"{""increased"": 0.05, ""decreased"": 0.0, ""roughly_unchanged"": 0.0, ""insufficient_data"": 0.95}",-0.0,0.3250829733914482,10,10,0.95,True,0.0050000000000000044,0.33314444652853825,1.0,0.9,,qwen3.6:35b-a3b-q8_0,convfinqa,evidence_masked_insufficient,noncommitted
hqa_CFQ_446ed3a5_masked,F,directional_change,1,10,hedgeqa_oracle,,False,,1.0,True,-0.0,0.0,-0.0,0.0,0.0,0.0,-0.0,0.0,-0.0,0.0,insufficient_data,1.0,1.0,1.0,"{""increased"": 0.0, ""decreased"": 0.0, ""roughly_unchanged"": 0.0, ""insufficient_data"": 1.0}",-0.0,-0.0,10,10,1.0,True,0.0,0.2876820724517809,1.0,1.0,,qwen3.6:35b-a3b-q8_0,convfinqa,evidence_masked_insufficient,noncommitted
hqa_CFQ_4613f27f,F,directional_change,0,10,hedgeqa_oracle,,False,,1.0,True,-0.0,0.0,-0.0,0.0,0.0,0.0,-0.0,0.0,-0.0,0.0,increased,0.0,0.0,0.0,"{""increased"": 1.0, ""decreased"": 0.0, ""roughly_unchanged"": 0.0, ""insufficient_data"": 0.0}",-0.0,-0.0,10,10,1.0,True,0.0,0.2876820724517809,1.0,1.0,,qwen3.6:35b-a3b-q8_0,convfinqa,numeric_to_directional,committed
hqa_CFQ_4613f27f,F,directional_change,1,10,hedgeqa_oracle,,False,,1.0,True,-0.0,0.0,-0.0,0.0,0.0,0.0,-0.0,0.0,-0.0,0.0,increased,0.0,0.0,0.0,"{""increased"": 1.0, ""decreased"": 0.0, ""roughly_unchanged"": 0.0, ""insufficient_data"": 0.0}",-0.0,-0.0,10,10,1.0,True,0.0,0.2876820724517809,1.0,1.0,,qwen3.6:35b-a3b-q8_0,convfinqa,numeric_to_directional,committed
hqa_CFQ_4846cde1,F,directional_change,0,10,hedgeqa_oracle,,False,,1.0,True,-0.0,0.0,-0.0,0.0,0.0,0.0,-0.0,0.0,-0.0,0.0,decreased,0.0,0.0,0.0,"{""increased"": 0.0, ""decreased"": 1.0, ""roughly_unchanged"": 0.0, ""insufficient_data"": 0.0}",-0.0,-0.0,10,10,1.0,True,0.0,0.2876820724517809,1.0,1.0,,qwen3.6:35b-a3b-q8_0,convfinqa,numeric_to_directional,committed
hqa_CFQ_4846cde1,F,directional_change,1,10,hedgeqa_oracle,,False,,1.0,True,-0.0,0.0,-0.0,0.0,0.0,0.0,-0.0,0.0,-0.0,0.0,decreased,0.0,0.0,0.0,"{""increased"": 0.0, ""decreased"": 1.0, ""roughly_unchanged"": 0.0, ""insufficient_data"": 0.0}",-0.0,-0.0,10,10,1.0,True,0.0,0.2876820724517809,1.0,1.0,,qwen3.6:35b-a3b-q8_0,convfinqa,numeric_to_directional,committed
hqa_CFQ_4b27112b_masked,F,directional_change,0,10,hedgeqa_oracle,,False,,1.0,True,0.1985152433458726,0.1625414866957241,0.035973756650148486,0.22351524334587258,0.1875414866957241,0.035973756650148486,0.1431984785579781,0.11724889839732029,0.025949580160657796,0.18121407728610292,insufficient_data,0.95,0.9,1.0,"{""increased"": 0.05, ""decreased"": 0.0, ""roughly_unchanged"": 0.0, ""insufficient_data"": 0.95}",0.3250829733914482,-0.0,10,10,0.95,True,0.0050000000000000044,0.33314444652853825,0.9,1.0,,qwen3.6:35b-a3b-q8_0,convfinqa,evidence_masked_insufficient,noncommitted
hqa_CFQ_4b27112b_masked,F,directional_change,1,10,hedgeqa_oracle,,False,,1.0,True,-0.0,0.0,-0.0,0.0,0.0,0.0,-0.0,0.0,-0.0,0.0,insufficient_data,1.0,1.0,1.0,"{""increased"": 0.0, ""decreased"": 0.0, ""roughly_unchanged"": 0.0, ""insufficient_data"": 1.0}",-0.0,-0.0,10,10,1.0,True,0.0,0.2876820724517809,1.0,1.0,,qwen3.6:35b-a3b-q8_0,convfinqa,evidence_masked_insufficient,noncommitted
hqa_CFQ_525e330f,F,directional_change,0,10,hedgeqa_oracle,,False,,1.0,True,0.6108643020548935,0.33650583350462826,0.27435846855026524,0.6358643020548935,0.3615058335046283,0.27435846855026524,0.44064544961534635,0.2427376486136672,0.19790780100167915,0.4491316117627886,decreased,0.0,0.0,0.0,"{""increased"": 0.3, ""decreased"": 0.7, ""roughly_unchanged"": 0.0, ""insufficient_data"": 0.0}",-0.0,0.6730116670092565,10,10,0.7,True,0.18000000000000002,0.5978370007556205,1.0,0.4,,qwen3.6:35b-a3b-q8_0,convfinqa,numeric_to_directional,committed
hqa_CFQ_525e330f,F,directional_change,1,10,hedgeqa_oracle,,False,,1.0,True,-0.0,0.0,-0.0,0.0,0.0,0.0,-0.0,0.0,-0.0,0.0,increased,0.0,0.0,0.0,"{""increased"": 1.0, ""decreased"": 0.0, ""roughly_unchanged"": 0.0, ""insufficient_data"": 0.0}",-0.0,-0.0,10,10,0.0,False,2.0,2.4849066497880004,0.0,0.0,,qwen3.6:35b-a3b-q8_0,convfinqa,numeric_to_directional,committed
hqa_CFQ_52cedb59,F,directional_change,0,10,hedgeqa_oracle,,False,,1.0,True,0.1985152433458726,0.1625414866957241,0.035973756650148486,0.22351524334587258,0.1875414866957241,0.035973756650148486,0.1431984785579781,0.11724889839732029,0.025949580160657796,0.18121407728610292,increased,0.0,0.0,0.0,"{""increased"": 0.95, ""decreased"": 0.05, ""roughly_unchanged"": 0.0, ""insufficient_data"": 0.0}",0.3250829733914482,-0.0,10,10,0.05,False,1.805,2.1484344131667874,0.1,0.0,,qwen3.6:35b-a3b-q8_0,convfinqa,numeric_to_directional,committed
hqa_CFQ_52cedb59,F,directional_change,1,10,hedgeqa_oracle,,False,,1.0,True,-0.0,0.0,-0.0,0.0,0.0,0.0,-0.0,0.0,-0.0,0.0,increased,0.0,0.0,0.0,"{""increased"": 1.0, ""decreased"": 0.0, ""roughly_unchanged"": 0.0, ""insufficient_data"": 0.0}",-0.0,-0.0,10,10,0.0,False,2.0,2.4849066497880004,0.0,0.0,,qwen3.6:35b-a3b-q8_0,convfinqa,numeric_to_directional,committed
hqa_CFQ_5310207f,F,directional_change,0,10,hedgeqa_oracle,,False,,1.0,True,-0.0,0.0,-0.0,0.0,0.0,0.0,-0.0,0.0,-0.0,0.0,increased,0.0,0.0,0.0,"{""increased"": 1.0, ""decreased"": 0.0, ""roughly_unchanged"": 0.0, ""insufficient_data"": 0.0}",-0.0,-0.0,10,10,1.0,True,0.0,0.2876820724517809,1.0,1.0,,qwen3.6:35b-a3b-q8_0,convfinqa,numeric_to_directional,committed
hqa_CFQ_5310207f,F,directional_change,1,10,hedgeqa_oracle,,False,,1.0,True,-0.0,0.0,-0.0,0.0,0.0,0.0,-0.0,0.0,-0.0,0.0,increased,0.0,0.0,0.0,"{""increased"": 1.0, ""decreased"": 0.0, ""roughly_unchanged"": 0.0, ""insufficient_data"": 0.0}",-0.0,-0.0,10,10,1.0,True,0.0,0.2876820724517809,1.0,1.0,,qwen3.6:35b-a3b-q8_0,convfinqa,numeric_to_directional,committed
hqa_CFQ_5572c7eb,F,directional_change,0,10,hedgeqa_oracle,,False,,1.0,True,-0.0,0.0,-0.0,0.0,0.0,0.0,-0.0,0.0,-0.0,0.0,decreased,0.0,0.0,0.0,"{""increased"": 0.0, ""decreased"": 1.0, ""roughly_unchanged"": 0.0, ""insufficient_data"": 0.0}",-0.0,-0.0,10,10,1.0,True,0.0,0.2876820724517809,1.0,1.0,,qwen3.6:35b-a3b-q8_0,convfinqa,numeric_to_directional,committed
hqa_CFQ_5572c7eb,F,directional_change,1,10,hedgeqa_oracle,,False,,1.0,True,-0.0,0.0,-0.0,0.0,0.0,0.0,-0.0,0.0,-0.0,0.0,decreased,0.0,0.0,0.0,"{""increased"": 0.0, ""decreased"": 1.0, ""roughly_unchanged"": 0.0, ""insufficient_data"": 0.0}",-0.0,-0.0,10,10,1.0,True,0.0,0.2876820724517809,1.0,1.0,,qwen3.6:35b-a3b-q8_0,convfinqa,numeric_to_directional,committed
hqa_CFQ_57d9a4fe,F,directional_change,0,10,hedgeqa_oracle,,False,,1.0,True,-0.0,0.0,-0.0,0.0,0.0,0.0,-0.0,0.0,-0.0,0.0,decreased,0.0,0.0,0.0,"{""increased"": 0.0, ""decreased"": 1.0, ""roughly_unchanged"": 0.0, ""insufficient_data"": 0.0}",-0.0,-0.0,10,10,1.0,True,0.0,0.2876820724517809,1.0,1.0,,qwen3.6:35b-a3b-q8_0,convfinqa,numeric_to_directional,committed
hqa_CFQ_57d9a4fe,F,directional_change,1,10,hedgeqa_oracle,,False,,1.0,True,-0.0,0.0,-0.0,0.0,0.0,0.0,-0.0,0.0,-0.0,0.0,decreased,0.0,0.0,0.0,"{""increased"": 0.0, ""decreased"": 1.0, ""roughly_unchanged"": 0.0, ""insufficient_data"": 0.0}",-0.0,-0.0,10,10,1.0,True,0.0,0.2876820724517809,1.0,1.0,,qwen3.6:35b-a3b-q8_0,convfinqa,numeric_to_directional,committed
hqa_CFQ_5c6f8a33,F,directional_change,0,10,hedgeqa_oracle,,False,,1.0,True,-0.0,0.0,-0.0,0.0,0.0,0.0,-0.0,0.0,-0.0,0.0,decreased,0.0,0.0,0.0,"{""increased"": 0.0, ""decreased"": 1.0, ""roughly_unchanged"": 0.0, ""insufficient_data"": 0.0}",-0.0,-0.0,10,10,1.0,True,0.0,0.2876820724517809,1.0,1.0,,qwen3.6:35b-a3b-q8_0,convfinqa,numeric_to_directional,committed
hqa_CFQ_5c6f8a33,F,directional_change,1,10,hedgeqa_oracle,,False,,1.0,True,0.1985152433458726,0.1625414866957241,0.035973756650148486,0.22351524334587258,0.1875414866957241,0.035973756650148486,0.1431984785579781,0.11724889839732029,0.025949580160657796,0.18121407728610292,decreased,0.0,0.0,0.0,"{""increased"": 0.05, ""decreased"": 0.95, ""roughly_unchanged"": 0.0, ""insufficient_data"": 0.0}",-0.0,0.3250829733914482,10,10,0.95,True,0.0050000000000000044,0.33314444652853825,1.0,0.9,,qwen3.6:35b-a3b-q8_0,convfinqa,numeric_to_directional,committed
hqa_CFQ_61e3612e,F,directional_change,0,10,hedgeqa_oracle,,False,,1.0,True,-0.0,0.0,-0.0,0.0,0.0,0.0,-0.0,0.0,-0.0,0.0,decreased,0.0,0.0,0.0,"{""increased"": 0.0, ""decreased"": 1.0, ""roughly_unchanged"": 0.0, ""insufficient_data"": 0.0}",-0.0,-0.0,10,10,1.0,True,0.0,0.2876820724517809,1.0,1.0,,qwen3.6:35b-a3b-q8_0,convfinqa,numeric_to_directional,committed
hqa_CFQ_61e3612e,F,directional_change,1,10,hedgeqa_oracle,,False,,1.0,True,-0.0,0.0,-0.0,0.0,0.0,0.0,-0.0,0.0,-0.0,0.0,decreased,0.0,0.0,0.0,"{""increased"": 0.0, ""decreased"": 1.0, ""roughly_unchanged"": 0.0, ""insufficient_data"": 0.0}",-0.0,-0.0,10,10,1.0,True,0.0,0.2876820724517809,1.0,1.0,,qwen3.6:35b-a3b-q8_0,convfinqa,numeric_to_directional,committed
hqa_CFQ_62332dc6,F,directional_change,0,10,hedgeqa_oracle,,False,,1.0,True,-0.0,0.0,-0.0,0.0,0.0,0.0,-0.0,0.0,-0.0,0.0,decreased,0.0,0.0,0.0,"{""increased"": 0.0, ""decreased"": 1.0, ""roughly_unchanged"": 0.0, ""insufficient_data"": 0.0}",-0.0,-0.0,10,10,1.0,True,0.0,0.2876820724517809,1.0,1.0,,qwen3.6:35b-a3b-q8_0,convfinqa,numeric_to_directional,committed
hqa_CFQ_62332dc6,F,directional_change,1,10,hedgeqa_oracle,,False,,1.0,True,-0.0,0.0,-0.0,0.0,0.0,0.0,-0.0,0.0,-0.0,0.0,decreased,0.0,0.0,0.0,"{""increased"": 0.0, ""decreased"": 1.0, ""roughly_unchanged"": 0.0, ""insufficient_data"": 0.0}",-0.0,-0.0,10,10,1.0,True,0.0,0.2876820724517809,1.0,1.0,,qwen3.6:35b-a3b-q8_0,convfinqa,numeric_to_directional,committed
hqa_CFQ_642330e7,F,directional_change,0,10,hedgeqa_oracle,,False,,1.0,True,-0.0,0.0,-0.0,0.0,0.0,0.0,-0.0,0.0,-0.0,0.0,decreased,0.0,0.0,0.0,"{""increased"": 0.0, ""decreased"": 1.0, ""roughly_unchanged"": 0.0, ""insufficient_data"": 0.0}",-0.0,-0.0,10,10,0.0,False,2.0,2.4849066497880004,0.0,0.0,,qwen3.6:35b-a3b-q8_0,convfinqa,numeric_to_directional,committed
hqa_CFQ_642330e7,F,directional_change,1,10,hedgeqa_oracle,,False,,1.0,True,-0.0,0.0,-0.0,0.0,0.0,0.0,-0.0,0.0,-0.0,0.0,increased,0.0,0.0,0.0,"{""increased"": 1.0, ""decreased"": 0.0, ""roughly_unchanged"": 0.0, ""insufficient_data"": 0.0}",-0.0,-0.0,10,10,1.0,True,0.0,0.2876820724517809,1.0,1.0,,qwen3.6:35b-a3b-q8_0,convfinqa,numeric_to_directional,committed
hqa_CFQ_64646a26_masked,F,directional_change,0,10,hedgeqa_oracle,,False,,1.0,True,0.6931471805599453,0.6108643020548935,0.08228287850505178,0.7181471805599453,0.6608643020548935,0.05728287850505176,0.5,0.44064544961534635,0.05935455038465365,0.1187091007693073,increased,0.5,0.7,0.3,"{""increased"": 0.5, ""decreased"": 0.0, ""roughly_unchanged"": 0.0, ""insufficient_data"": 0.5}",0.6108643020548935,0.6108643020548935,10,10,0.5,False,0.5,0.8754687373538999,0.7,0.3,,qwen3.6:35b-a3b-q8_0,convfinqa,evidence_masked_insufficient,noncommitted
hqa_CFQ_64646a26_masked,F,directional_change,1,10,hedgeqa_oracle,,False,,1.0,True,-0.0,0.0,-0.0,0.0,0.0,0.0,-0.0,0.0,-0.0,0.0,insufficient_data,1.0,1.0,1.0,"{""increased"": 0.0, ""decreased"": 0.0, ""roughly_unchanged"": 0.0, ""insufficient_data"": 1.0}",-0.0,-0.0,10,10,1.0,True,0.0,0.2876820724517809,1.0,1.0,,qwen3.6:35b-a3b-q8_0,convfinqa,evidence_masked_insufficient,noncommitted
hqa_CFQ_654d0297,F,directional_change,0,10,hedgeqa_oracle,,False,,1.0,True,0.1985152433458726,0.1625414866957241,0.035973756650148486,0.22351524334587258,0.1875414866957241,0.035973756650148486,0.1431984785579781,0.11724889839732029,0.025949580160657796,0.18121407728610292,increased,0.0,0.0,0.0,"{""increased"": 0.95, ""decreased"": 0.05, ""roughly_unchanged"": 0.0, ""insufficient_data"": 0.0}",0.3250829733914482,-0.0,10,10,0.95,True,0.0050000000000000044,0.33314444652853825,0.9,1.0,,qwen3.6:35b-a3b-q8_0,convfinqa,numeric_to_directional,committed
hqa_CFQ_654d0297,F,directional_change,1,10,hedgeqa_oracle,,False,,1.0,True,-0.0,0.0,-0.0,0.0,0.0,0.0,-0.0,0.0,-0.0,0.0,increased,0.0,0.0,0.0,"{""increased"": 1.0, ""decreased"": 0.0, ""roughly_unchanged"": 0.0, ""insufficient_data"": 0.0}",-0.0,-0.0,10,10,1.0,True,0.0,0.2876820724517809,1.0,1.0,,qwen3.6:35b-a3b-q8_0,convfinqa,numeric_to_directional,committed
hqa_CFQ_66b29a53_masked,F,directional_change,0,10,hedgeqa_oracle,,False,,1.0,True,-0.0,0.0,-0.0,0.0,0.0,0.0,-0.0,0.0,-0.0,0.0,insufficient_data,1.0,1.0,1.0,"{""increased"": 0.0, ""decreased"": 0.0, ""roughly_unchanged"": 0.0, ""insufficient_data"": 1.0}",-0.0,-0.0,10,10,1.0,True,0.0,0.2876820724517809,1.0,1.0,,qwen3.6:35b-a3b-q8_0,convfinqa,evidence_masked_insufficient,noncommitted
hqa_CFQ_66b29a53_masked,F,directional_change,1,10,hedgeqa_oracle,,False,,1.0,True,-0.0,0.0,-0.0,0.0,0.0,0.0,-0.0,0.0,-0.0,0.0,insufficient_data,1.0,1.0,1.0,"{""increased"": 0.0, ""decreased"": 0.0, ""roughly_unchanged"": 0.0, ""insufficient_data"": 1.0}",-0.0,-0.0,10,10,1.0,True,0.0,0.2876820724517809,1.0,1.0,,qwen3.6:35b-a3b-q8_0,convfinqa,evidence_masked_insufficient,noncommitted
hqa_CFQ_6aedbd76_masked,F,directional_change,0,10,hedgeqa_oracle,,False,,1.0,True,-0.0,0.0,-0.0,0.0,0.0,0.0,-0.0,0.0,-0.0,0.0,insufficient_data,1.0,1.0,1.0,"{""increased"": 0.0, ""decreased"": 0.0, ""roughly_unchanged"": 0.0, ""insufficient_data"": 1.0}",-0.0,-0.0,10,10,1.0,True,0.0,0.2876820724517809,1.0,1.0,,qwen3.6:35b-a3b-q8_0,convfinqa,evidence_masked_insufficient,noncommitted
hqa_CFQ_6aedbd76_masked,F,directional_change,1,10,hedgeqa_oracle,,False,,1.0,True,-0.0,0.0,-0.0,0.0,0.0,0.0,-0.0,0.0,-0.0,0.0,insufficient_data,1.0,1.0,1.0,"{""increased"": 0.0, ""decreased"": 0.0, ""roughly_unchanged"": 0.0, ""insufficient_data"": 1.0}",-0.0,-0.0,10,10,1.0,True,0.0,0.2876820724517809,1.0,1.0,,qwen3.6:35b-a3b-q8_0,convfinqa,evidence_masked_insufficient,noncommitted
hqa_CFQ_6e99706b_masked,F,directional_change,0,10,hedgeqa_oracle,,False,,1.0,True,-0.0,0.0,-0.0,0.0,0.0,0.0,-0.0,0.0,-0.0,0.0,insufficient_data,1.0,1.0,1.0,"{""increased"": 0.0, ""decreased"": 0.0, ""roughly_unchanged"": 0.0, ""insufficient_data"": 1.0}",-0.0,-0.0,10,10,1.0,True,0.0,0.2876820724517809,1.0,1.0,,qwen3.6:35b-a3b-q8_0,convfinqa,evidence_masked_insufficient,noncommitted
hqa_CFQ_6e99706b_masked,F,directional_change,1,10,hedgeqa_oracle,,False,,1.0,True,-0.0,0.0,-0.0,0.0,0.0,0.0,-0.0,0.0,-0.0,0.0,insufficient_data,1.0,1.0,1.0,"{""increased"": 0.0, ""decreased"": 0.0, ""roughly_unchanged"": 0.0, ""insufficient_data"": 1.0}",-0.0,-0.0,10,10,1.0,True,0.0,0.2876820724517809,1.0,1.0,,qwen3.6:35b-a3b-q8_0,convfinqa,evidence_masked_insufficient,noncommitted
hqa_CFQ_72ebe479,F,directional_change,0,10,hedgeqa_oracle,,False,,1.0,True,-0.0,0.0,-0.0,0.0,0.0,0.0,-0.0,0.0,-0.0,0.0,increased,0.0,0.0,0.0,"{""increased"": 1.0, ""decreased"": 0.0, ""roughly_unchanged"": 0.0, ""insufficient_data"": 0.0}",-0.0,-0.0,10,10,1.0,True,0.0,0.2876820724517809,1.0,1.0,,qwen3.6:35b-a3b-q8_0,convfinqa,numeric_to_directional,committed
hqa_CFQ_72ebe479,F,directional_change,1,10,hedgeqa_oracle,,False,,1.0,True,-0.0,0.0,-0.0,0.0,0.0,0.0,-0.0,0.0,-0.0,0.0,increased,0.0,0.0,0.0,"{""increased"": 1.0, ""decreased"": 0.0, ""roughly_unchanged"": 0.0, ""insufficient_data"": 0.0}",-0.0,-0.0,10,10,1.0,True,0.0,0.2876820724517809,1.0,1.0,,qwen3.6:35b-a3b-q8_0,convfinqa,numeric_to_directional,committed
hqa_CFQ_76164f50,F,directional_change,0,10,hedgeqa_oracle,,False,,1.0,True,-0.0,0.0,-0.0,0.0,0.0,0.0,-0.0,0.0,-0.0,0.0,increased,0.0,0.0,0.0,"{""increased"": 1.0, ""decreased"": 0.0, ""roughly_unchanged"": 0.0, ""insufficient_data"": 0.0}",-0.0,-0.0,10,10,1.0,True,0.0,0.2876820724517809,1.0,1.0,,qwen3.6:35b-a3b-q8_0,convfinqa,numeric_to_directional,committed
hqa_CFQ_76164f50,F,directional_change,1,10,hedgeqa_oracle,,False,,1.0,True,-0.0,0.0,-0.0,0.0,0.0,0.0,-0.0,0.0,-0.0,0.0,increased,0.0,0.0,0.0,"{""increased"": 1.0, ""decreased"": 0.0, ""roughly_unchanged"": 0.0, ""insufficient_data"": 0.0}",-0.0,-0.0,10,10,1.0,True,0.0,0.2876820724517809,1.0,1.0,,qwen3.6:35b-a3b-q8_0,convfinqa,numeric_to_directional,committed
hqa_CFQ_782828a3_masked,F,directional_change,0,10,hedgeqa_oracle,,False,,1.0,True,-0.0,0.0,-0.0,0.0,0.0,0.0,-0.0,0.0,-0.0,0.0,decreased,0.0,0.0,0.0,"{""increased"": 0.0, ""decreased"": 1.0, ""roughly_unchanged"": 0.0, ""insufficient_data"": 0.0}",-0.0,-0.0,10,10,0.0,False,2.0,2.4849066497880004,0.0,0.0,,qwen3.6:35b-a3b-q8_0,convfinqa,evidence_masked_insufficient,noncommitted
hqa_CFQ_782828a3_masked,F,directional_change,1,10,hedgeqa_oracle,,False,,1.0,True,0.6931471805599453,0.0,0.6931471805599453,0.7181471805599453,0.0,0.7181471805599453,0.5,0.0,0.5,1.0,decreased,0.5,0.0,1.0,"{""increased"": 0.0, ""decreased"": 0.5, ""roughly_unchanged"": 0.0, ""insufficient_data"": 0.5}",-0.0,-0.0,10,10,0.5,False,0.5,0.8754687373538999,0.0,1.0,,qwen3.6:35b-a3b-q8_0,convfinqa,evidence_masked_insufficient,noncommitted
hqa_CFQ_7897a7cc_masked,F,directional_change,0,10,hedgeqa_oracle,,False,,1.0,True,0.5004024235381879,0.33650583350462826,0.1638965900335596,0.5254024235381879,0.3615058335046283,0.1638965900335596,0.36096404744368116,0.2427376486136672,0.11822639883001398,0.3275295688512027,insufficient_data,0.8,1.0,0.6,"{""increased"": 0.2, ""decreased"": 0.0, ""roughly_unchanged"": 0.0, ""insufficient_data"": 0.8}",-0.0,0.6730116670092565,10,10,0.8,True,0.07999999999999999,0.4834266495778762,1.0,0.6,,qwen3.6:35b-a3b-q8_0,convfinqa,evidence_masked_insufficient,noncommitted
hqa_CFQ_7897a7cc_masked,F,directional_change,1,10,hedgeqa_oracle,,False,,1.0,True,0.3250829733914482,0.3250829733914482,0.0,0.3500829733914482,0.3750829733914482,0.0,0.23449779679464058,0.23449779679464058,0.0,0.0,insufficient_data,0.9,0.9,0.9,"{""increased"": 0.1, ""decreased"": 0.0, ""roughly_unchanged"": 0.0, ""insufficient_data"": 0.9}",0.3250829733914482,0.3250829733914482,10,10,0.9,True,0.019999999999999997,0.38077249551779285,0.9,0.9,,qwen3.6:35b-a3b-q8_0,convfinqa,evidence_masked_insufficient,noncommitted
hqa_CFQ_7f731a74_masked,F,directional_change,0,10,hedgeqa_oracle,,False,,1.0,True,-0.0,0.0,-0.0,0.0,0.0,0.0,-0.0,0.0,-0.0,0.0,insufficient_data,1.0,1.0,1.0,"{""increased"": 0.0, ""decreased"": 0.0, ""roughly_unchanged"": 0.0, ""insufficient_data"": 1.0}",-0.0,-0.0,10,10,1.0,True,0.0,0.2876820724517809,1.0,1.0,,qwen3.6:35b-a3b-q8_0,convfinqa,evidence_masked_insufficient,noncommitted
hqa_CFQ_7f731a74_masked,F,directional_change,1,10,hedgeqa_oracle,,False,,1.0,True,-0.0,0.0,-0.0,0.0,0.0,0.0,-0.0,0.0,-0.0,0.0,insufficient_data,1.0,1.0,1.0,"{""increased"": 0.0, ""decreased"": 0.0, ""roughly_unchanged"": 0.0, ""insufficient_data"": 1.0}",-0.0,-0.0,10,10,1.0,True,0.0,0.2876820724517809,1.0,1.0,,qwen3.6:35b-a3b-q8_0,convfinqa,evidence_masked_insufficient,noncommitted
hqa_CFQ_847e456a,F,directional_change,0,10,hedgeqa_oracle,,False,,1.0,True,-0.0,0.0,-0.0,0.0,0.0,0.0,-0.0,0.0,-0.0,0.0,decreased,0.0,0.0,0.0,"{""increased"": 0.0, ""decreased"": 1.0, ""roughly_unchanged"": 0.0, ""insufficient_data"": 0.0}",-0.0,-0.0,10,10,1.0,True,0.0,0.2876820724517809,1.0,1.0,,qwen3.6:35b-a3b-q8_0,convfinqa,numeric_to_directional,committed
hqa_CFQ_847e456a,F,directional_change,1,10,hedgeqa_oracle,,False,,1.0,True,-0.0,0.0,-0.0,0.0,0.0,0.0,-0.0,0.0,-0.0,0.0,decreased,0.0,0.0,0.0,"{""increased"": 0.0, ""decreased"": 1.0, ""roughly_unchanged"": 0.0, ""insufficient_data"": 0.0}",-0.0,-0.0,10,10,1.0,True,0.0,0.2876820724517809,1.0,1.0,,qwen3.6:35b-a3b-q8_0,convfinqa,numeric_to_directional,committed
hqa_CFQ_84869786,F,directional_change,0,10,hedgeqa_oracle,,False,,1.0,True,-0.0,0.0,-0.0,0.0,0.0,0.0,-0.0,0.0,-0.0,0.0,decreased,0.0,0.0,0.0,"{""increased"": 0.0, ""decreased"": 1.0, ""roughly_unchanged"": 0.0, ""insufficient_data"": 0.0}",-0.0,-0.0,10,10,1.0,True,0.0,0.2876820724517809,1.0,1.0,,qwen3.6:35b-a3b-q8_0,convfinqa,numeric_to_directional,committed
hqa_CFQ_84869786,F,directional_change,1,10,hedgeqa_oracle,,False,,1.0,True,-0.0,0.0,-0.0,0.0,0.0,0.0,-0.0,0.0,-0.0,0.0,decreased,0.0,0.0,0.0,"{""increased"": 0.0, ""decreased"": 1.0, ""roughly_unchanged"": 0.0, ""insufficient_data"": 0.0}",-0.0,-0.0,10,10,1.0,True,0.0,0.2876820724517809,1.0,1.0,,qwen3.6:35b-a3b-q8_0,convfinqa,numeric_to_directional,committed
hqa_CFQ_870de807,F,directional_change,0,10,hedgeqa_oracle,,False,,1.0,True,-0.0,0.0,-0.0,0.0,0.0,0.0,-0.0,0.0,-0.0,0.0,increased,0.0,0.0,0.0,"{""increased"": 1.0, ""decreased"": 0.0, ""roughly_unchanged"": 0.0, ""insufficient_data"": 0.0}",-0.0,-0.0,10,10,1.0,True,0.0,0.2876820724517809,1.0,1.0,,qwen3.6:35b-a3b-q8_0,convfinqa,numeric_to_directional,committed
hqa_CFQ_870de807,F,directional_change,1,10,hedgeqa_oracle,,False,,1.0,True,-0.0,0.0,-0.0,0.0,0.0,0.0,-0.0,0.0,-0.0,0.0,increased,0.0,0.0,0.0,"{""increased"": 1.0, ""decreased"": 0.0, ""roughly_unchanged"": 0.0, ""insufficient_data"": 0.0}",-0.0,-0.0,10,10,1.0,True,0.0,0.2876820724517809,1.0,1.0,,qwen3.6:35b-a3b-q8_0,convfinqa,numeric_to_directional,committed
hqa_CFQ_893fb41a_masked,F,directional_change,0,10,hedgeqa_oracle,,False,,1.0,True,0.4227090878059908,0.41274269846481804,0.009966389341172777,0.44770908780599084,0.4627426984648181,0.0,0.3049201523582002,0.2977309221191609,0.007189230239039294,0.0235774191487149,insufficient_data,0.8500000000000001,0.8,0.9,"{""increased"": 0.0, ""decreased"": 0.15, ""roughly_unchanged"": 0.0, ""insufficient_data"": 0.85}",0.5004024235381879,0.3250829733914482,10,10,0.8500000000000001,True,0.044999999999999984,0.4307829160924542,0.8,0.9,,qwen3.6:35b-a3b-q8_0,convfinqa,evidence_masked_insufficient,noncommitted
hqa_CFQ_893fb41a_masked,F,directional_change,1,10,hedgeqa_oracle,,False,,1.0,True,-0.0,0.0,-0.0,0.0,0.0,0.0,-0.0,0.0,-0.0,0.0,insufficient_data,1.0,1.0,1.0,"{""increased"": 0.0, ""decreased"": 0.0, ""roughly_unchanged"": 0.0, ""insufficient_data"": 1.0}",-0.0,-0.0,10,10,1.0,True,0.0,0.2876820724517809,1.0,1.0,,qwen3.6:35b-a3b-q8_0,convfinqa,evidence_masked_insufficient,noncommitted
hqa_CFQ_8a8b8535,F,directional_change,0,10,hedgeqa_oracle,,False,,1.0,True,-0.0,0.0,-0.0,0.0,0.0,0.0,-0.0,0.0,-0.0,0.0,decreased,0.0,0.0,0.0,"{""increased"": 0.0, ""decreased"": 1.0, ""roughly_unchanged"": 0.0, ""insufficient_data"": 0.0}",-0.0,-0.0,10,10,1.0,True,0.0,0.2876820724517809,1.0,1.0,,qwen3.6:35b-a3b-q8_0,convfinqa,numeric_to_directional,committed
hqa_CFQ_8a8b8535,F,directional_change,1,10,hedgeqa_oracle,,False,,1.0,True,-0.0,0.0,-0.0,0.0,0.0,0.0,-0.0,0.0,-0.0,0.0,decreased,0.0,0.0,0.0,"{""increased"": 0.0, ""decreased"": 1.0, ""roughly_unchanged"": 0.0, ""insufficient_data"": 0.0}",-0.0,-0.0,10,10,1.0,True,0.0,0.2876820724517809,1.0,1.0,,qwen3.6:35b-a3b-q8_0,convfinqa,numeric_to_directional,committed
hqa_CFQ_8bd6d28a,F,directional_change,0,10,hedgeqa_oracle,,False,,1.0,True,-0.0,0.0,-0.0,0.0,0.0,0.0,-0.0,0.0,-0.0,0.0,increased,0.0,0.0,0.0,"{""increased"": 1.0, ""decreased"": 0.0, ""roughly_unchanged"": 0.0, ""insufficient_data"": 0.0}",-0.0,-0.0,10,10,1.0,True,0.0,0.2876820724517809,1.0,1.0,,qwen3.6:35b-a3b-q8_0,convfinqa,numeric_to_directional,committed
hqa_CFQ_8bd6d28a,F,directional_change,1,10,hedgeqa_oracle,,False,,1.0,True,-0.0,0.0,-0.0,0.0,0.0,0.0,-0.0,0.0,-0.0,0.0,increased,0.0,0.0,0.0,"{""increased"": 1.0, ""decreased"": 0.0, ""roughly_unchanged"": 0.0, ""insufficient_data"": 0.0}",-0.0,-0.0,10,10,1.0,True,0.0,0.2876820724517809,1.0,1.0,,qwen3.6:35b-a3b-q8_0,convfinqa,numeric_to_directional,committed
hqa_CFQ_8f75ba7a,F,directional_change,0,10,hedgeqa_oracle,,False,,1.0,True,0.1985152433458726,0.1625414866957241,0.035973756650148486,0.22351524334587258,0.1875414866957241,0.035973756650148486,0.1431984785579781,0.11724889839732029,0.025949580160657796,0.18121407728610292,roughly_unchanged,0.0,0.0,0.0,"{""increased"": 0.05, ""decreased"": 0.0, ""roughly_unchanged"": 0.95, ""insufficient_data"": 0.0}",-0.0,0.3250829733914482,10,10,0.95,True,0.0050000000000000044,0.33314444652853825,1.0,0.9,,qwen3.6:35b-a3b-q8_0,convfinqa,numeric_to_directional,committed
hqa_CFQ_8f75ba7a,F,directional_change,1,10,hedgeqa_oracle,,False,,1.0,True,-0.0,0.0,-0.0,0.0,0.0,0.0,-0.0,0.0,-0.0,0.0,roughly_unchanged,0.0,0.0,0.0,"{""increased"": 0.0, ""decreased"": 0.0, ""roughly_unchanged"": 1.0, ""insufficient_data"": 0.0}",-0.0,-0.0,10,10,1.0,True,0.0,0.2876820724517809,1.0,1.0,,qwen3.6:35b-a3b-q8_0,convfinqa,numeric_to_directional,committed
hqa_CFQ_9621ac0e,F,directional_change,0,10,hedgeqa_oracle,,False,,1.0,True,0.1985152433458726,0.1625414866957241,0.035973756650148486,0.22351524334587258,0.1875414866957241,0.035973756650148486,0.1431984785579781,0.11724889839732029,0.025949580160657796,0.18121407728610292,increased,0.0,0.0,0.0,"{""increased"": 0.95, ""decreased"": 0.05, ""roughly_unchanged"": 0.0, ""insufficient_data"": 0.0}",0.3250829733914482,-0.0,10,10,0.05,False,1.805,2.1484344131667874,0.1,0.0,,qwen3.6:35b-a3b-q8_0,convfinqa,numeric_to_directional,committed
hqa_CFQ_9621ac0e,F,directional_change,1,10,hedgeqa_oracle,,False,,1.0,True,0.6931471805599453,0.0,0.6931471805599453,0.7181471805599453,0.0,0.7181471805599453,0.5,0.0,0.5,1.0,increased,0.0,0.0,0.0,"{""increased"": 0.5, ""decreased"": 0.5, ""roughly_unchanged"": 0.0, ""insufficient_data"": 0.0}",-0.0,-0.0,10,10,0.5,False,0.5,0.8754687373538999,0.0,1.0,,qwen3.6:35b-a3b-q8_0,convfinqa,numeric_to_directional,committed
hqa_CFQ_9cddac48,F,directional_change,0,10,hedgeqa_oracle,,False,,1.0,True,-0.0,0.0,-0.0,0.0,0.0,0.0,-0.0,0.0,-0.0,0.0,decreased,0.0,0.0,0.0,"{""increased"": 0.0, ""decreased"": 1.0, ""roughly_unchanged"": 0.0, ""insufficient_data"": 0.0}",-0.0,-0.0,10,10,0.0,False,2.0,2.4849066497880004,0.0,0.0,,qwen3.6:35b-a3b-q8_0,convfinqa,numeric_to_directional,committed
hqa_CFQ_9cddac48,F,directional_change,1,10,hedgeqa_oracle,,False,,1.0,True,-0.0,0.0,-0.0,0.0,0.0,0.0,-0.0,0.0,-0.0,0.0,decreased,0.0,0.0,0.0,"{""increased"": 0.0, ""decreased"": 1.0, ""roughly_unchanged"": 0.0, ""insufficient_data"": 0.0}",-0.0,-0.0,10,10,0.0,False,2.0,2.4849066497880004,0.0,0.0,,qwen3.6:35b-a3b-q8_0,convfinqa,numeric_to_directional,committed
hqa_CFQ_ad675ca7_masked,F,directional_change,0,10,hedgeqa_oracle,,False,,1.0,True,-0.0,0.0,-0.0,0.0,0.0,0.0,-0.0,0.0,-0.0,0.0,insufficient_data,1.0,1.0,1.0,"{""increased"": 0.0, ""decreased"": 0.0, ""roughly_unchanged"": 0.0, ""insufficient_data"": 1.0}",-0.0,-0.0,10,10,1.0,True,0.0,0.2876820724517809,1.0,1.0,,qwen3.6:35b-a3b-q8_0,convfinqa,evidence_masked_insufficient,noncommitted
hqa_CFQ_ad675ca7_masked,F,directional_change,1,10,hedgeqa_oracle,,False,,1.0,True,-0.0,0.0,-0.0,0.0,0.0,0.0,-0.0,0.0,-0.0,0.0,insufficient_data,1.0,1.0,1.0,"{""increased"": 0.0, ""decreased"": 0.0, ""roughly_unchanged"": 0.0, ""insufficient_data"": 1.0}",-0.0,-0.0,10,10,1.0,True,0.0,0.2876820724517809,1.0,1.0,,qwen3.6:35b-a3b-q8_0,convfinqa,evidence_masked_insufficient,noncommitted
hqa_CFQ_b6555530,F,directional_change,0,10,hedgeqa_oracle,,False,,1.0,True,0.3250829733914482,0.25020121176909393,0.07488176162235427,0.3500829733914482,0.27520121176909396,0.07488176162235427,0.23449779679464058,0.18048202372184058,0.054015773072800005,0.23034661225454434,roughly_unchanged,0.0,0.0,0.0,"{""increased"": 0.1, ""decreased"": 0.0, ""roughly_unchanged"": 0.9, ""insufficient_data"": 0.0}",-0.0,0.5004024235381879,10,10,0.9,True,0.019999999999999997,0.38077249551779285,1.0,0.8,,qwen3.6:35b-a3b-q8_0,convfinqa,numeric_to_directional,committed
hqa_CFQ_b6555530,F,directional_change,1,10,hedgeqa_oracle,,False,,1.0,True,-0.0,0.0,-0.0,0.0,0.0,0.0,-0.0,0.0,-0.0,0.0,roughly_unchanged,0.0,0.0,0.0,"{""increased"": 0.0, ""decreased"": 0.0, ""roughly_unchanged"": 1.0, ""insufficient_data"": 0.0}",-0.0,-0.0,10,10,1.0,True,0.0,0.2876820724517809,1.0,1.0,,qwen3.6:35b-a3b-q8_0,convfinqa,numeric_to_directional,committed
hqa_CFQ_ba327bc7,F,directional_change,0,10,hedgeqa_oracle,,False,,1.0,True,-0.0,0.0,-0.0,0.0,0.0,0.0,-0.0,0.0,-0.0,0.0,increased,0.0,0.0,0.0,"{""increased"": 1.0, ""decreased"": 0.0, ""roughly_unchanged"": 0.0, ""insufficient_data"": 0.0}",-0.0,-0.0,10,10,1.0,True,0.0,0.2876820724517809,1.0,1.0,,qwen3.6:35b-a3b-q8_0,convfinqa,numeric_to_directional,committed
hqa_CFQ_ba327bc7,F,directional_change,1,10,hedgeqa_oracle,,False,,1.0,True,-0.0,0.0,-0.0,0.0,0.0,0.0,-0.0,0.0,-0.0,0.0,increased,0.0,0.0,0.0,"{""increased"": 1.0, ""decreased"": 0.0, ""roughly_unchanged"": 0.0, ""insufficient_data"": 0.0}",-0.0,-0.0,10,10,1.0,True,0.0,0.2876820724517809,1.0,1.0,,qwen3.6:35b-a3b-q8_0,convfinqa,numeric_to_directional,committed
hqa_CFQ_bce1262b,F,directional_change,0,10,hedgeqa_oracle,,False,,1.0,True,-0.0,0.0,-0.0,0.0,0.0,0.0,-0.0,0.0,-0.0,0.0,increased,0.0,0.0,0.0,"{""increased"": 1.0, ""decreased"": 0.0, ""roughly_unchanged"": 0.0, ""insufficient_data"": 0.0}",-0.0,-0.0,10,10,1.0,True,0.0,0.2876820724517809,1.0,1.0,,qwen3.6:35b-a3b-q8_0,convfinqa,numeric_to_directional,committed
hqa_CFQ_bce1262b,F,directional_change,1,10,hedgeqa_oracle,,False,,1.0,True,-0.0,0.0,-0.0,0.0,0.0,0.0,-0.0,0.0,-0.0,0.0,increased,0.0,0.0,0.0,"{""increased"": 1.0, ""decreased"": 0.0, ""roughly_unchanged"": 0.0, ""insufficient_data"": 0.0}",-0.0,-0.0,10,10,1.0,True,0.0,0.2876820724517809,1.0,1.0,,qwen3.6:35b-a3b-q8_0,convfinqa,numeric_to_directional,committed
hqa_CFQ_c80d1d26,F,directional_change,0,10,hedgeqa_oracle,,False,,1.0,True,-0.0,0.0,-0.0,0.0,0.0,0.0,-0.0,0.0,-0.0,0.0,decreased,0.0,0.0,0.0,"{""increased"": 0.0, ""decreased"": 1.0, ""roughly_unchanged"": 0.0, ""insufficient_data"": 0.0}",-0.0,-0.0,10,10,1.0,True,0.0,0.2876820724517809,1.0,1.0,,qwen3.6:35b-a3b-q8_0,convfinqa,numeric_to_directional,committed
hqa_CFQ_c80d1d26,F,directional_change,1,10,hedgeqa_oracle,,False,,1.0,True,-0.0,0.0,-0.0,0.0,0.0,0.0,-0.0,0.0,-0.0,0.0,decreased,0.0,0.0,0.0,"{""increased"": 0.0, ""decreased"": 1.0, ""roughly_unchanged"": 0.0, ""insufficient_data"": 0.0}",-0.0,-0.0,10,10,1.0,True,0.0,0.2876820724517809,1.0,1.0,,qwen3.6:35b-a3b-q8_0,convfinqa,numeric_to_directional,committed
hqa_CFQ_ca7d7f01,F,directional_change,0,10,hedgeqa_oracle,,False,,1.0,True,-0.0,0.0,-0.0,0.0,0.0,0.0,-0.0,0.0,-0.0,0.0,increased,0.0,0.0,0.0,"{""increased"": 1.0, ""decreased"": 0.0, ""roughly_unchanged"": 0.0, ""insufficient_data"": 0.0}",-0.0,-0.0,10,10,1.0,True,0.0,0.2876820724517809,1.0,1.0,,qwen3.6:35b-a3b-q8_0,convfinqa,numeric_to_directional,committed
hqa_CFQ_ca7d7f01,F,directional_change,1,10,hedgeqa_oracle,,False,,1.0,True,-0.0,0.0,-0.0,0.0,0.0,0.0,-0.0,0.0,-0.0,0.0,increased,0.0,0.0,0.0,"{""increased"": 1.0, ""decreased"": 0.0, ""roughly_unchanged"": 0.0, ""insufficient_data"": 0.0}",-0.0,-0.0,10,10,1.0,True,0.0,0.2876820724517809,1.0,1.0,,qwen3.6:35b-a3b-q8_0,convfinqa,numeric_to_directional,committed
hqa_CFQ_dea5f1e8_masked,F,directional_change,0,10,hedgeqa_oracle,,False,,1.0,True,0.3250829733914482,0.25020121176909393,0.07488176162235427,0.3500829733914482,0.27520121176909396,0.07488176162235427,0.23449779679464058,0.18048202372184058,0.054015773072800005,0.23034661225454434,increased,0.1,0.0,0.2,"{""increased"": 0.9, ""decreased"": 0.0, ""roughly_unchanged"": 0.0, ""insufficient_data"": 0.1}",-0.0,0.5004024235381879,10,10,0.1,False,1.62,1.8971199848858813,0.0,0.2,,qwen3.6:35b-a3b-q8_0,convfinqa,evidence_masked_insufficient,noncommitted
hqa_CFQ_dea5f1e8_masked,F,directional_change,1,10,hedgeqa_oracle,,False,,1.0,True,0.6931471805599453,0.0,0.6931471805599453,0.7181471805599453,0.0,0.7181471805599453,0.5,0.0,0.5,1.0,increased,0.5,1.0,0.0,"{""increased"": 0.5, ""decreased"": 0.0, ""roughly_unchanged"": 0.0, ""insufficient_data"": 0.5}",-0.0,-0.0,10,10,0.5,False,0.5,0.8754687373538999,1.0,0.0,,qwen3.6:35b-a3b-q8_0,convfinqa,evidence_masked_insufficient,noncommitted
hqa_CFQ_e1fe26ff,F,directional_change,0,10,hedgeqa_oracle,,False,,1.0,True,-0.0,0.0,-0.0,0.0,0.0,0.0,-0.0,0.0,-0.0,0.0,increased,0.0,0.0,0.0,"{""increased"": 1.0, ""decreased"": 0.0, ""roughly_unchanged"": 0.0, ""insufficient_data"": 0.0}",-0.0,-0.0,10,10,1.0,True,0.0,0.2876820724517809,1.0,1.0,,qwen3.6:35b-a3b-q8_0,convfinqa,numeric_to_directional,committed
hqa_CFQ_e1fe26ff,F,directional_change,1,10,hedgeqa_oracle,,False,,1.0,True,-0.0,0.0,-0.0,0.0,0.0,0.0,-0.0,0.0,-0.0,0.0,increased,0.0,0.0,0.0,"{""increased"": 1.0, ""decreased"": 0.0, ""roughly_unchanged"": 0.0, ""insufficient_data"": 0.0}",-0.0,-0.0,10,10,1.0,True,0.0,0.2876820724517809,1.0,1.0,,qwen3.6:35b-a3b-q8_0,convfinqa,numeric_to_directional,committed
hqa_CFQ_e2dffb49,F,directional_change,0,10,hedgeqa_oracle,,False,,1.0,True,-0.0,0.0,-0.0,0.0,0.0,0.0,-0.0,0.0,-0.0,0.0,increased,0.0,0.0,0.0,"{""increased"": 1.0, ""decreased"": 0.0, ""roughly_unchanged"": 0.0, ""insufficient_data"": 0.0}",-0.0,-0.0,10,10,1.0,True,0.0,0.2876820724517809,1.0,1.0,,qwen3.6:35b-a3b-q8_0,convfinqa,numeric_to_directional,committed
hqa_CFQ_e2dffb49,F,directional_change,1,10,hedgeqa_oracle,,False,,1.0,True,-0.0,0.0,-0.0,0.0,0.0,0.0,-0.0,0.0,-0.0,0.0,increased,0.0,0.0,0.0,"{""increased"": 1.0, ""decreased"": 0.0, ""roughly_unchanged"": 0.0, ""insufficient_data"": 0.0}",-0.0,-0.0,10,10,1.0,True,0.0,0.2876820724517809,1.0,1.0,,qwen3.6:35b-a3b-q8_0,convfinqa,numeric_to_directional,committed
hqa_CFQ_e45ced5c,F,directional_change,0,10,hedgeqa_oracle,,False,,1.0,True,-0.0,0.0,-0.0,0.0,0.0,0.0,-0.0,0.0,-0.0,0.0,decreased,0.0,0.0,0.0,"{""increased"": 0.0, ""decreased"": 1.0, ""roughly_unchanged"": 0.0, ""insufficient_data"": 0.0}",-0.0,-0.0,10,10,1.0,True,0.0,0.2876820724517809,1.0,1.0,,qwen3.6:35b-a3b-q8_0,convfinqa,numeric_to_directional,committed
hqa_CFQ_e45ced5c,F,directional_change,1,10,hedgeqa_oracle,,False,,1.0,True,-0.0,0.0,-0.0,0.0,0.0,0.0,-0.0,0.0,-0.0,0.0,decreased,0.0,0.0,0.0,"{""increased"": 0.0, ""decreased"": 1.0, ""roughly_unchanged"": 0.0, ""insufficient_data"": 0.0}",-0.0,-0.0,10,10,1.0,True,0.0,0.2876820724517809,1.0,1.0,,qwen3.6:35b-a3b-q8_0,convfinqa,numeric_to_directional,committed
hqa_CFQ_eaadc3af_masked,F,directional_change,0,10,hedgeqa_oracle,,False,,1.0,True,-0.0,0.0,-0.0,0.0,0.0,0.0,-0.0,0.0,-0.0,0.0,insufficient_data,1.0,1.0,1.0,"{""increased"": 0.0, ""decreased"": 0.0, ""roughly_unchanged"": 0.0, ""insufficient_data"": 1.0}",-0.0,-0.0,10,10,1.0,True,0.0,0.2876820724517809,1.0,1.0,,qwen3.6:35b-a3b-q8_0,convfinqa,evidence_masked_insufficient,noncommitted
hqa_CFQ_eaadc3af_masked,F,directional_change,1,10,hedgeqa_oracle,,False,,1.0,True,-0.0,0.0,-0.0,0.0,0.0,0.0,-0.0,0.0,-0.0,0.0,insufficient_data,1.0,1.0,1.0,"{""increased"": 0.0, ""decreased"": 0.0, ""roughly_unchanged"": 0.0, ""insufficient_data"": 1.0}",-0.0,-0.0,10,10,1.0,True,0.0,0.2876820724517809,1.0,1.0,,qwen3.6:35b-a3b-q8_0,convfinqa,evidence_masked_insufficient,noncommitted
hqa_CFQ_eaf13931,F,directional_change,0,10,hedgeqa_oracle,,False,,1.0,True,-0.0,0.0,-0.0,0.0,0.0,0.0,-0.0,0.0,-0.0,0.0,decreased,0.0,0.0,0.0,"{""increased"": 0.0, ""decreased"": 1.0, ""roughly_unchanged"": 0.0, ""insufficient_data"": 0.0}",-0.0,-0.0,10,10,1.0,True,0.0,0.2876820724517809,1.0,1.0,,qwen3.6:35b-a3b-q8_0,convfinqa,numeric_to_directional,committed
hqa_CFQ_eaf13931,F,directional_change,1,10,hedgeqa_oracle,,False,,1.0,True,-0.0,0.0,-0.0,0.0,0.0,0.0,-0.0,0.0,-0.0,0.0,decreased,0.0,0.0,0.0,"{""increased"": 0.0, ""decreased"": 1.0, ""roughly_unchanged"": 0.0, ""insufficient_data"": 0.0}",-0.0,-0.0,10,10,1.0,True,0.0,0.2876820724517809,1.0,1.0,,qwen3.6:35b-a3b-q8_0,convfinqa,numeric_to_directional,committed
hqa_CFQ_eb6cfd8c,F,directional_change,0,10,hedgeqa_oracle,,False,,1.0,True,-0.0,0.0,-0.0,0.0,0.0,0.0,-0.0,0.0,-0.0,0.0,increased,0.0,0.0,0.0,"{""increased"": 1.0, ""decreased"": 0.0, ""roughly_unchanged"": 0.0, ""insufficient_data"": 0.0}",-0.0,-0.0,10,10,1.0,True,0.0,0.2876820724517809,1.0,1.0,,qwen3.6:35b-a3b-q8_0,convfinqa,numeric_to_directional,committed
hqa_CFQ_eb6cfd8c,F,directional_change,1,10,hedgeqa_oracle,,False,,1.0,True,-0.0,0.0,-0.0,0.0,0.0,0.0,-0.0,0.0,-0.0,0.0,increased,0.0,0.0,0.0,"{""increased"": 1.0, ""decreased"": 0.0, ""roughly_unchanged"": 0.0, ""insufficient_data"": 0.0}",-0.0,-0.0,10,10,1.0,True,0.0,0.2876820724517809,1.0,1.0,,qwen3.6:35b-a3b-q8_0,convfinqa,numeric_to_directional,committed
hqa_CFQ_f1de8ce5,F,directional_change,0,10,hedgeqa_oracle,,False,,1.0,True,-0.0,0.0,-0.0,0.0,0.0,0.0,-0.0,0.0,-0.0,0.0,increased,0.0,0.0,0.0,"{""increased"": 1.0, ""decreased"": 0.0, ""roughly_unchanged"": 0.0, ""insufficient_data"": 0.0}",-0.0,-0.0,10,10,1.0,True,0.0,0.2876820724517809,1.0,1.0,,qwen3.6:35b-a3b-q8_0,convfinqa,numeric_to_directional,committed
hqa_CFQ_f1de8ce5,F,directional_change,1,10,hedgeqa_oracle,,False,,1.0,True,-0.0,0.0,-0.0,0.0,0.0,0.0,-0.0,0.0,-0.0,0.0,increased,0.0,0.0,0.0,"{""increased"": 1.0, ""decreased"": 0.0, ""roughly_unchanged"": 0.0, ""insufficient_data"": 0.0}",-0.0,-0.0,10,10,1.0,True,0.0,0.2876820724517809,1.0,1.0,,qwen3.6:35b-a3b-q8_0,convfinqa,numeric_to_directional,committed
hqa_CFQ_f3666c8b,F,directional_change,0,10,hedgeqa_oracle,,False,,1.0,True,-0.0,0.0,-0.0,0.0,0.0,0.0,-0.0,0.0,-0.0,0.0,increased,0.0,0.0,0.0,"{""increased"": 1.0, ""decreased"": 0.0, ""roughly_unchanged"": 0.0, ""insufficient_data"": 0.0}",-0.0,-0.0,10,10,1.0,True,0.0,0.2876820724517809,1.0,1.0,,qwen3.6:35b-a3b-q8_0,convfinqa,numeric_to_directional,committed
hqa_CFQ_f3666c8b,F,directional_change,1,10,hedgeqa_oracle,,False,,1.0,True,-0.0,0.0,-0.0,0.0,0.0,0.0,-0.0,0.0,-0.0,0.0,increased,0.0,0.0,0.0,"{""increased"": 1.0, ""decreased"": 0.0, ""roughly_unchanged"": 0.0, ""insufficient_data"": 0.0}",-0.0,-0.0,10,10,1.0,True,0.0,0.2876820724517809,1.0,1.0,,qwen3.6:35b-a3b-q8_0,convfinqa,numeric_to_directional,committed
hqa_CFQ_f82e55fe,F,directional_change,0,10,hedgeqa_oracle,,False,,1.0,True,-0.0,0.0,-0.0,0.0,0.0,0.0,-0.0,0.0,-0.0,0.0,decreased,0.0,0.0,0.0,"{""increased"": 0.0, ""decreased"": 1.0, ""roughly_unchanged"": 0.0, ""insufficient_data"": 0.0}",-0.0,-0.0,10,10,1.0,True,0.0,0.2876820724517809,1.0,1.0,,qwen3.6:35b-a3b-q8_0,convfinqa,numeric_to_directional,committed
hqa_CFQ_f82e55fe,F,directional_change,1,10,hedgeqa_oracle,,False,,1.0,True,-0.0,0.0,-0.0,0.0,0.0,0.0,-0.0,0.0,-0.0,0.0,decreased,0.0,0.0,0.0,"{""increased"": 0.0, ""decreased"": 1.0, ""roughly_unchanged"": 0.0, ""insufficient_data"": 0.0}",-0.0,-0.0,10,10,1.0,True,0.0,0.2876820724517809,1.0,1.0,,qwen3.6:35b-a3b-q8_0,convfinqa,numeric_to_directional,committed
hqa_CFQ_f9c627e5_masked,F,directional_change,0,10,hedgeqa_oracle,,False,,1.0,True,-0.0,0.0,-0.0,0.0,0.0,0.0,-0.0,0.0,-0.0,0.0,insufficient_data,1.0,1.0,1.0,"{""increased"": 0.0, ""decreased"": 0.0, ""roughly_unchanged"": 0.0, ""insufficient_data"": 1.0}",-0.0,-0.0,10,10,1.0,True,0.0,0.2876820724517809,1.0,1.0,,qwen3.6:35b-a3b-q8_0,convfinqa,evidence_masked_insufficient,noncommitted
hqa_CFQ_f9c627e5_masked,F,directional_change,1,10,hedgeqa_oracle,,False,,1.0,True,-0.0,0.0,-0.0,0.0,0.0,0.0,-0.0,0.0,-0.0,0.0,insufficient_data,1.0,1.0,1.0,"{""increased"": 0.0, ""decreased"": 0.0, ""roughly_unchanged"": 0.0, ""insufficient_data"": 1.0}",-0.0,-0.0,10,10,1.0,True,0.0,0.2876820724517809,1.0,1.0,,qwen3.6:35b-a3b-q8_0,convfinqa,evidence_masked_insufficient,noncommitted
hqa_FB_04a83e7c,F,yes_no,0,10,hedgeqa_oracle,,False,,1.0,True,-0.0,0.0,-0.0,0.0,0.0,0.0,-0.0,0.0,-0.0,0.0,yes,0.0,0.0,0.0,"{""yes"": 1.0, ""no"": 0.0, ""insufficient_data"": 0.0}",-0.0,-0.0,10,10,1.0,True,0.0,0.25131442828090605,1.0,1.0,,qwen3.6:35b-a3b-q8_0,financebench,none,committed
hqa_FB_04a83e7c,F,yes_no,1,10,hedgeqa_oracle,,False,,1.0,True,-0.0,0.0,-0.0,0.0,0.0,0.0,-0.0,0.0,-0.0,0.0,yes,0.0,0.0,0.0,"{""yes"": 1.0, ""no"": 0.0, ""insufficient_data"": 0.0}",-0.0,-0.0,10,10,1.0,True,0.0,0.25131442828090605,1.0,1.0,,qwen3.6:35b-a3b-q8_0,financebench,none,committed
hqa_FB_11e71606,F,yes_no,0,10,hedgeqa_oracle,,False,,1.0,True,-0.0,0.0,-0.0,0.0,0.0,0.0,-0.0,0.0,-0.0,0.0,no,0.0,0.0,0.0,"{""yes"": 0.0, ""no"": 1.0, ""insufficient_data"": 0.0}",-0.0,-0.0,10,10,1.0,True,0.0,0.25131442828090605,1.0,1.0,,qwen3.6:35b-a3b-q8_0,financebench,none,committed
hqa_FB_11e71606,F,yes_no,1,10,hedgeqa_oracle,,False,,1.0,True,-0.0,0.0,-0.0,0.0,0.0,0.0,-0.0,0.0,-0.0,0.0,no,0.0,0.0,0.0,"{""yes"": 0.0, ""no"": 1.0, ""insufficient_data"": 0.0}",-0.0,-0.0,10,10,1.0,True,0.0,0.25131442828090605,1.0,1.0,,qwen3.6:35b-a3b-q8_0,financebench,none,committed
hqa_FB_17e73c78,F,yes_no,0,10,hedgeqa_oracle,,False,,1.0,True,0.6881388137135884,0.641937984532075,0.04620082918151347,0.7131388137135884,0.691937984532075,0.021200829181513448,0.626370941606566,0.5843171345828666,0.04205380702369944,0.06713882179118413,no,0.0,0.0,0.0,"{""yes"": 0.45, ""no"": 0.55, ""insufficient_data"": 0.0}",0.6730116670092565,0.6108643020548935,10,10,0.44999999999999996,False,0.6050000000000001,0.8888917576860407,0.6,0.3,,qwen3.6:35b-a3b-q8_0,financebench,none,committed
hqa_FB_17e73c78,F,yes_no,1,10,hedgeqa_oracle,,False,,1.0,True,0.6474466390346325,0.30543215102744675,0.34201448800718576,0.6724466390346325,0.3304321510274468,0.34201448800718576,0.589331327997029,0.2780163249381945,0.31131500305883447,0.5282512370705057,yes,0.0,0.0,0.0,"{""yes"": 0.65, ""no"": 0.35, ""insufficient_data"": 0.0}",0.6108643020548935,-0.0,10,10,0.65,True,0.24499999999999997,0.6079893722196383,0.3,1.0,,qwen3.6:35b-a3b-q8_0,financebench,none,committed
hqa_FB_1858a6da_masked,F,yes_no,0,10,hedgeqa_oracle,,False,,1.0,True,0.6881388137135884,0.641937984532075,0.04620082918151347,0.7131388137135884,0.691937984532075,0.021200829181513448,0.626370941606566,0.5843171345828666,0.04205380702369944,0.06713882179118413,yes,0.44999999999999996,0.6,0.3,"{""yes"": 0.55, ""no"": 0.0, ""insufficient_data"": 0.45}",0.6730116670092565,0.6108643020548935,10,10,0.44999999999999996,False,0.6050000000000001,0.8888917576860407,0.6,0.3,,qwen3.6:35b-a3b-q8_0,financebench,evidence_masked_insufficient,noncommitted
hqa_FB_1858a6da_masked,F,yes_no,1,10,hedgeqa_oracle,,False,,1.0,True,0.4227090878059908,0.41274269846481804,0.009966389341172777,0.44770908780599084,0.4627426984648181,0.0,0.3847663931726609,0.3756945946464899,0.009071798526171062,0.0235774191487149,yes,0.0,0.0,0.0,"{""yes"": 0.85, ""no"": 0.15, ""insufficient_data"": 0.0}",0.5004024235381879,0.3250829733914482,10,10,0.0,False,1.745,2.1972245773362196,0.0,0.0,,qwen3.6:35b-a3b-q8_0,financebench,evidence_masked_insufficient,noncommitted
hqa_FB_1890c92b,F,yes_no,0,10,hedgeqa_oracle,,False,,1.0,True,0.5004024235381879,0.33650583350462826,0.1638965900335596,0.5254024235381879,0.3615058335046283,0.1638965900335596,0.4554859150035952,0.3063008096446721,0.1491851053589231,0.3275295688512027,yes,0.2,0.4,0.0,"{""yes"": 0.8, ""no"": 0.0, ""insufficient_data"": 0.2}",0.6730116670092565,-0.0,10,10,0.8,True,0.07999999999999999,0.43936665978384565,0.6,1.0,,qwen3.6:35b-a3b-q8_0,financebench,none,committed
hqa_FB_1890c92b,F,yes_no,1,10,hedgeqa_oracle,,False,,1.0,True,-0.0,0.0,-0.0,0.0,0.0,0.0,-0.0,0.0,-0.0,0.0,yes,0.0,0.0,0.0,"{""yes"": 1.0, ""no"": 0.0, ""insufficient_data"": 0.0}",-0.0,-0.0,10,10,1.0,True,0.0,0.25131442828090605,1.0,1.0,,qwen3.6:35b-a3b-q8_0,financebench,none,committed
hqa_FB_1da93057_masked,F,yes_no,0,10,hedgeqa_oracle,,False,,1.0,True,-0.0,0.0,-0.0,0.0,0.0,0.0,-0.0,0.0,-0.0,0.0,insufficient_data,1.0,1.0,1.0,"{""yes"": 0.0, ""no"": 0.0, ""insufficient_data"": 1.0}",-0.0,-0.0,10,10,1.0,True,0.0,0.25131442828090605,1.0,1.0,,qwen3.6:35b-a3b-q8_0,financebench,evidence_masked_insufficient,noncommitted
hqa_FB_1da93057_masked,F,yes_no,1,10,hedgeqa_oracle,,False,,1.0,True,-0.0,0.0,-0.0,0.0,0.0,0.0,-0.0,0.0,-0.0,0.0,insufficient_data,1.0,1.0,1.0,"{""yes"": 0.0, ""no"": 0.0, ""insufficient_data"": 1.0}",-0.0,-0.0,10,10,1.0,True,0.0,0.25131442828090605,1.0,1.0,,qwen3.6:35b-a3b-q8_0,financebench,evidence_masked_insufficient,noncommitted
hqa_FB_26099d20,F,yes_no,0,10,hedgeqa_oracle,,False,,1.0,True,-0.0,0.0,-0.0,0.0,0.0,0.0,-0.0,0.0,-0.0,0.0,yes,0.0,0.0,0.0,"{""yes"": 1.0, ""no"": 0.0, ""insufficient_data"": 0.0}",-0.0,-0.0,10,10,1.0,True,0.0,0.25131442828090605,1.0,1.0,,qwen3.6:35b-a3b-q8_0,financebench,none,committed
hqa_FB_26099d20,F,yes_no,1,10,hedgeqa_oracle,,False,,1.0,True,-0.0,0.0,-0.0,0.0,0.0,0.0,-0.0,0.0,-0.0,0.0,yes,0.0,0.0,0.0,"{""yes"": 1.0, ""no"": 0.0, ""insufficient_data"": 0.0}",-0.0,-0.0,10,10,1.0,True,0.0,0.25131442828090605,1.0,1.0,,qwen3.6:35b-a3b-q8_0,financebench,none,committed
hqa_FB_379b82eb,F,yes_no,0,10,hedgeqa_oracle,,False,,1.0,True,0.6474466390346325,0.5967748020490666,0.05067183698556588,0.6724466390346325,0.6467748020490667,0.025671836985565855,0.589331327997029,0.5432078342875264,0.04612349370950265,0.07826411310300337,yes,0.0,0.0,0.0,"{""yes"": 0.65, ""no"": 0.35, ""insufficient_data"": 0.0}",0.5004024235381879,0.6931471805599453,10,10,0.35,False,0.8450000000000001,1.065822465845119,0.2,0.5,,qwen3.6:35b-a3b-q8_0,financebench,none,committed
hqa_FB_379b82eb,F,yes_no,1,10,hedgeqa_oracle,,False,,1.0,True,-0.0,0.0,-0.0,0.0,0.0,0.0,-0.0,0.0,-0.0,0.0,no,0.0,0.0,0.0,"{""yes"": 0.0, ""no"": 1.0, ""insufficient_data"": 0.0}",-0.0,-0.0,10,10,1.0,True,0.0,0.25131442828090605,1.0,1.0,,qwen3.6:35b-a3b-q8_0,financebench,none,committed
hqa_FB_38d1ec9b,F,yes_no,0,10,hedgeqa_oracle,,False,,1.0,True,0.6730116670092565,0.46797363772317085,0.20503802928608567,0.6980116670092565,0.5179736377231708,0.1800380292860857,0.6126016192893442,0.4259679620828868,0.18663365720645744,0.30465746633671004,yes,0.39999999999999997,0.7,0.1,"{""yes"": 0.6, ""no"": 0.0, ""insufficient_data"": 0.4}",0.6108643020548935,0.3250829733914482,10,10,0.6,True,0.32,0.6711682738411702,0.3,0.9,,qwen3.6:35b-a3b-q8_0,financebench,none,committed
hqa_FB_38d1ec9b,F,yes_no,1,10,hedgeqa_oracle,,False,,1.0,True,0.6881388137135884,0.1625414866957241,0.5255973270178643,0.7131388137135884,0.1875414866957241,0.5255973270178643,0.626370941606566,0.14795163714469228,0.47841930446187375,0.7637954966984672,yes,0.45,0.0,0.9,"{""yes"": 0.55, ""no"": 0.0, ""insufficient_data"": 0.45}",-0.0,0.3250829733914482,10,10,0.55,True,0.40499999999999997,0.7386095546367027,1.0,0.1,,qwen3.6:35b-a3b-q8_0,financebench,none,committed
hqa_FB_3a8f6edf,F,yes_no,0,10,hedgeqa_oracle,,False,,1.0,True,-0.0,0.0,-0.0,0.0,0.0,0.0,-0.0,0.0,-0.0,0.0,yes,0.0,0.0,0.0,"{""yes"": 1.0, ""no"": 0.0, ""insufficient_data"": 0.0}",-0.0,-0.0,10,10,0.0,False,2.0,2.1972245773362196,0.0,0.0,,qwen3.6:35b-a3b-q8_0,financebench,none,committed
hqa_FB_3a8f6edf,F,yes_no,1,10,hedgeqa_oracle,,False,,1.0,True,-0.0,0.0,-0.0,0.0,0.0,0.0,-0.0,0.0,-0.0,0.0,yes,0.0,0.0,0.0,"{""yes"": 1.0, ""no"": 0.0, ""insufficient_data"": 0.0}",-0.0,-0.0,10,10,0.0,False,2.0,2.1972245773362196,0.0,0.0,,qwen3.6:35b-a3b-q8_0,financebench,none,committed
hqa_FB_3d960a52,F,yes_no,0,10,hedgeqa_oracle,,False,,1.0,True,-0.0,0.0,-0.0,0.0,0.0,0.0,-0.0,0.0,-0.0,0.0,yes,0.0,0.0,0.0,"{""yes"": 1.0, ""no"": 0.0, ""insufficient_data"": 0.0}",-0.0,-0.0,10,10,1.0,True,0.0,0.25131442828090605,1.0,1.0,,qwen3.6:35b-a3b-q8_0,financebench,none,committed
hqa_FB_3d960a52,F,yes_no,1,10,hedgeqa_oracle,,False,,1.0,True,-0.0,0.0,-0.0,0.0,0.0,0.0,-0.0,0.0,-0.0,0.0,yes,0.0,0.0,0.0,"{""yes"": 1.0, ""no"": 0.0, ""insufficient_data"": 0.0}",-0.0,-0.0,10,10,1.0,True,0.0,0.25131442828090605,1.0,1.0,,qwen3.6:35b-a3b-q8_0,financebench,none,committed
hqa_FB_4fcce970,F,yes_no,0,10,hedgeqa_oracle,,False,,1.0,True,-0.0,0.0,-0.0,0.0,0.0,0.0,-0.0,0.0,-0.0,0.0,yes,0.0,0.0,0.0,"{""yes"": 1.0, ""no"": 0.0, ""insufficient_data"": 0.0}",-0.0,-0.0,10,10,0.0,False,2.0,2.1972245773362196,0.0,0.0,,qwen3.6:35b-a3b-q8_0,financebench,none,committed
hqa_FB_4fcce970,F,yes_no,1,10,hedgeqa_oracle,,False,,1.0,True,-0.0,0.0,-0.0,0.0,0.0,0.0,-0.0,0.0,-0.0,0.0,no,0.0,0.0,0.0,"{""yes"": 0.0, ""no"": 1.0, ""insufficient_data"": 0.0}",-0.0,-0.0,10,10,1.0,True,0.0,0.25131442828090605,1.0,1.0,,qwen3.6:35b-a3b-q8_0,financebench,none,committed
hqa_FB_59653c84,F,yes_no,0,10,hedgeqa_oracle,,False,,1.0,True,-0.0,0.0,-0.0,0.0,0.0,0.0,-0.0,0.0,-0.0,0.0,yes,0.0,0.0,0.0,"{""yes"": 1.0, ""no"": 0.0, ""insufficient_data"": 0.0}",-0.0,-0.0,10,10,1.0,True,0.0,0.25131442828090605,1.0,1.0,,qwen3.6:35b-a3b-q8_0,financebench,none,committed
hqa_FB_59653c84,F,yes_no,1,10,hedgeqa_oracle,,False,,1.0,True,-0.0,0.0,-0.0,0.0,0.0,0.0,-0.0,0.0,-0.0,0.0,yes,0.0,0.0,0.0,"{""yes"": 1.0, ""no"": 0.0, ""insufficient_data"": 0.0}",-0.0,-0.0,10,10,1.0,True,0.0,0.25131442828090605,1.0,1.0,,qwen3.6:35b-a3b-q8_0,financebench,none,committed
hqa_FB_5aee2b1c,F,yes_no,0,10,hedgeqa_oracle,,False,,1.0,True,0.1985152433458726,0.1625414866957241,0.035973756650148486,0.22351524334587258,0.1875414866957241,0.035973756650148486,0.18069636157678548,0.14795163714469228,0.032744724432093204,0.18121407728610292,yes,0.0,0.0,0.0,"{""yes"": 0.95, ""no"": 0.05, ""insufficient_data"": 0.0}",0.3250829733914482,-0.0,10,10,0.95,True,0.0050000000000000044,0.29511705093929913,0.9,1.0,,qwen3.6:35b-a3b-q8_0,financebench,none,committed
hqa_FB_5aee2b1c,F,yes_no,1,10,hedgeqa_oracle,,False,,1.0,True,-0.0,0.0,-0.0,0.0,0.0,0.0,-0.0,0.0,-0.0,0.0,yes,0.0,0.0,0.0,"{""yes"": 1.0, ""no"": 0.0, ""insufficient_data"": 0.0}",-0.0,-0.0,10,10,1.0,True,0.0,0.25131442828090605,1.0,1.0,,qwen3.6:35b-a3b-q8_0,financebench,none,committed
hqa_FB_6103ef6a,F,yes_no,0,10,hedgeqa_oracle,,False,,1.0,True,-0.0,0.0,-0.0,0.0,0.0,0.0,-0.0,0.0,-0.0,0.0,yes,0.0,0.0,0.0,"{""yes"": 1.0, ""no"": 0.0, ""insufficient_data"": 0.0}",-0.0,-0.0,10,10,1.0,True,0.0,0.25131442828090605,1.0,1.0,,qwen3.6:35b-a3b-q8_0,financebench,none,committed
hqa_FB_6103ef6a,F,yes_no,1,10,hedgeqa_oracle,,False,,1.0,True,0.1985152433458726,0.1625414866957241,0.035973756650148486,0.22351524334587258,0.1875414866957241,0.035973756650148486,0.18069636157678548,0.14795163714469228,0.032744724432093204,0.18121407728610292,yes,0.0,0.0,0.0,"{""yes"": 0.95, ""no"": 0.05, ""insufficient_data"": 0.0}",-0.0,0.3250829733914482,10,10,0.95,True,0.0050000000000000044,0.29511705093929913,1.0,0.9,,qwen3.6:35b-a3b-q8_0,financebench,none,committed
hqa_FB_68e15a3f,F,yes_no,0,10,hedgeqa_oracle,,False,,1.0,True,-0.0,0.0,-0.0,0.0,0.0,0.0,-0.0,0.0,-0.0,0.0,no,0.0,0.0,0.0,"{""yes"": 0.0, ""no"": 1.0, ""insufficient_data"": 0.0}",-0.0,-0.0,10,10,1.0,True,0.0,0.25131442828090605,1.0,1.0,,qwen3.6:35b-a3b-q8_0,financebench,none,committed
hqa_FB_68e15a3f,F,yes_no,1,10,hedgeqa_oracle,,False,,1.0,True,-0.0,0.0,-0.0,0.0,0.0,0.0,-0.0,0.0,-0.0,0.0,no,0.0,0.0,0.0,"{""yes"": 0.0, ""no"": 1.0, ""insufficient_data"": 0.0}",-0.0,-0.0,10,10,1.0,True,0.0,0.25131442828090605,1.0,1.0,,qwen3.6:35b-a3b-q8_0,financebench,none,committed
hqa_FB_6c175812,F,yes_no,0,10,hedgeqa_oracle,,False,,1.0,True,-0.0,0.0,-0.0,0.0,0.0,0.0,-0.0,0.0,-0.0,0.0,yes,0.0,0.0,0.0,"{""yes"": 1.0, ""no"": 0.0, ""insufficient_data"": 0.0}",-0.0,-0.0,10,10,1.0,True,0.0,0.25131442828090605,1.0,1.0,,qwen3.6:35b-a3b-q8_0,financebench,none,committed
hqa_FB_6c175812,F,yes_no,1,10,hedgeqa_oracle,,False,,1.0,True,-0.0,0.0,-0.0,0.0,0.0,0.0,-0.0,0.0,-0.0,0.0,yes,0.0,0.0,0.0,"{""yes"": 1.0, ""no"": 0.0, ""insufficient_data"": 0.0}",-0.0,-0.0,10,10,1.0,True,0.0,0.25131442828090605,1.0,1.0,,qwen3.6:35b-a3b-q8_0,financebench,none,committed
hqa_FB_7aa81e67,F,yes_no,0,10,hedgeqa_oracle,,False,,1.0,True,0.1985152433458726,0.1625414866957241,0.035973756650148486,0.22351524334587258,0.1875414866957241,0.035973756650148486,0.18069636157678548,0.14795163714469228,0.032744724432093204,0.18121407728610292,yes,0.0,0.0,0.0,"{""yes"": 0.95, ""no"": 0.05, ""insufficient_data"": 0.0}",0.3250829733914482,-0.0,10,10,0.95,True,0.0050000000000000044,0.29511705093929913,0.9,1.0,,qwen3.6:35b-a3b-q8_0,financebench,none,committed
hqa_FB_7aa81e67,F,yes_no,1,10,hedgeqa_oracle,,False,,1.0,True,-0.0,0.0,-0.0,0.0,0.0,0.0,-0.0,0.0,-0.0,0.0,yes,0.0,0.0,0.0,"{""yes"": 1.0, ""no"": 0.0, ""insufficient_data"": 0.0}",-0.0,-0.0,10,10,1.0,True,0.0,0.25131442828090605,1.0,1.0,,qwen3.6:35b-a3b-q8_0,financebench,none,committed
hqa_FB_7cc358e4_masked,F,yes_no,0,10,hedgeqa_oracle,,False,,1.0,True,0.3250829733914482,0.25020121176909393,0.07488176162235427,0.3500829733914482,0.27520121176909396,0.07488176162235427,0.29590327428938457,0.2277429575017976,0.06816031678758694,0.23034661225454434,insufficient_data,0.9,1.0,0.8,"{""yes"": 0.0, ""no"": 0.1, ""insufficient_data"": 0.9}",-0.0,0.5004024235381879,10,10,0.9,True,0.019999999999999997,0.3409265869705932,1.0,0.8,,qwen3.6:35b-a3b-q8_0,financebench,evidence_masked_insufficient,noncommitted
hqa_FB_7cc358e4_masked,F,yes_no,1,10,hedgeqa_oracle,,False,,1.0,True,0.5181862130502128,0.40090927627166867,0.11727693677854417,0.5681862130502129,0.45090927627166866,0.11727693677854423,0.4716734178155153,0.3649233495810488,0.10675006823446655,0.22632199357102523,insufficient_data,0.85,1.0,0.7,"{""yes"": 0.05, ""no"": 0.1, ""insufficient_data"": 0.85}",-0.0,0.8018185525433373,10,10,0.85,True,0.03500000000000001,0.38893580615695394,1.0,0.7,,qwen3.6:35b-a3b-q8_0,financebench,evidence_masked_insufficient,noncommitted
hqa_FB_83caee0d,F,yes_no,0,10,hedgeqa_oracle,,False,,1.0,True,-0.0,0.0,-0.0,0.0,0.0,0.0,-0.0,0.0,-0.0,0.0,no,0.0,0.0,0.0,"{""yes"": 0.0, ""no"": 1.0, ""insufficient_data"": 0.0}",-0.0,-0.0,10,10,1.0,True,0.0,0.25131442828090605,1.0,1.0,,qwen3.6:35b-a3b-q8_0,financebench,none,committed
hqa_FB_83caee0d,F,yes_no,1,10,hedgeqa_oracle,,False,,1.0,True,0.1985152433458726,0.1625414866957241,0.035973756650148486,0.22351524334587258,0.1875414866957241,0.035973756650148486,0.18069636157678548,0.14795163714469228,0.032744724432093204,0.18121407728610292,no,0.0,0.0,0.0,"{""yes"": 0.05, ""no"": 0.95, ""insufficient_data"": 0.0}",0.3250829733914482,-0.0,10,10,0.95,True,0.0050000000000000044,0.29511705093929913,0.9,1.0,,qwen3.6:35b-a3b-q8_0,financebench,none,committed
hqa_FB_86637d3d_masked,F,yes_no,0,10,hedgeqa_oracle,,False,,1.0,True,0.8864644756797977,0.876044545888286,0.01041992979151174,0.9364644756797977,0.976044545888286,0.0,0.8068947387749439,0.7974101099400123,0.009484628834931588,0.011754480949189837,yes,0.2,0.2,0.2,"{""yes"": 0.65, ""no"": 0.15, ""insufficient_data"": 0.2}",0.8018185525433373,0.9502705392332347,10,10,0.2,False,1.085,1.4087672169719492,0.2,0.2,,qwen3.6:35b-a3b-q8_0,financebench,evidence_masked_insufficient,noncommitted
hqa_FB_86637d3d_masked,F,yes_no,1,10,hedgeqa_oracle,,False,,1.0,True,0.8556886672556694,0.1625414866957241,0.6931471805599453,0.9056886672556694,0.1875414866957241,0.7181471805599453,0.7788813907161496,0.14795163714469228,0.6309297535714574,0.8100459981350219,yes,0.45,0.9,0.0,"{""yes"": 0.5, ""no"": 0.05, ""insufficient_data"": 0.45}",0.3250829733914482,-0.0,10,10,0.45,False,0.555,0.8888917576860406,0.9,0.0,,qwen3.6:35b-a3b-q8_0,financebench,evidence_masked_insufficient,noncommitted
hqa_FB_91b08071,F,yes_no,0,10,hedgeqa_oracle,,False,,1.0,True,-0.0,0.0,-0.0,0.0,0.0,0.0,-0.0,0.0,-0.0,0.0,no,0.0,0.0,0.0,"{""yes"": 0.0, ""no"": 1.0, ""insufficient_data"": 0.0}",-0.0,-0.0,10,10,1.0,True,0.0,0.25131442828090605,1.0,1.0,,qwen3.6:35b-a3b-q8_0,financebench,none,committed
hqa_FB_91b08071,F,yes_no,1,10,hedgeqa_oracle,,False,,1.0,True,-0.0,0.0,-0.0,0.0,0.0,0.0,-0.0,0.0,-0.0,0.0,no,0.0,0.0,0.0,"{""yes"": 0.0, ""no"": 1.0, ""insufficient_data"": 0.0}",-0.0,-0.0,10,10,1.0,True,0.0,0.25131442828090605,1.0,1.0,,qwen3.6:35b-a3b-q8_0,financebench,none,committed
hqa_FB_91c39cc9,F,yes_no,0,10,hedgeqa_oracle,,False,,1.0,True,-0.0,0.0,-0.0,0.0,0.0,0.0,-0.0,0.0,-0.0,0.0,yes,0.0,0.0,0.0,"{""yes"": 1.0, ""no"": 0.0, ""insufficient_data"": 0.0}",-0.0,-0.0,10,10,1.0,True,0.0,0.25131442828090605,1.0,1.0,,qwen3.6:35b-a3b-q8_0,financebench,none,committed
hqa_FB_91c39cc9,F,yes_no,1,10,hedgeqa_oracle,,False,,1.0,True,-0.0,0.0,-0.0,0.0,0.0,0.0,-0.0,0.0,-0.0,0.0,yes,0.0,0.0,0.0,"{""yes"": 1.0, ""no"": 0.0, ""insufficient_data"": 0.0}",-0.0,-0.0,10,10,1.0,True,0.0,0.25131442828090605,1.0,1.0,,qwen3.6:35b-a3b-q8_0,financebench,none,committed
hqa_FB_92610589,F,yes_no,0,10,hedgeqa_oracle,,False,,1.0,True,-0.0,0.0,-0.0,0.0,0.0,0.0,-0.0,0.0,-0.0,0.0,yes,0.0,0.0,0.0,"{""yes"": 1.0, ""no"": 0.0, ""insufficient_data"": 0.0}",-0.0,-0.0,10,10,1.0,True,0.0,0.25131442828090605,1.0,1.0,,qwen3.6:35b-a3b-q8_0,financebench,none,committed
hqa_FB_92610589,F,yes_no,1,10,hedgeqa_oracle,,False,,1.0,True,-0.0,0.0,-0.0,0.0,0.0,0.0,-0.0,0.0,-0.0,0.0,yes,0.0,0.0,0.0,"{""yes"": 1.0, ""no"": 0.0, ""insufficient_data"": 0.0}",-0.0,-0.0,10,10,1.0,True,0.0,0.25131442828090605,1.0,1.0,,qwen3.6:35b-a3b-q8_0,financebench,none,committed
hqa_FB_97a28182,F,yes_no,0,10,hedgeqa_oracle,,False,,1.0,True,-0.0,0.0,-0.0,0.0,0.0,0.0,-0.0,0.0,-0.0,0.0,yes,0.0,0.0,0.0,"{""yes"": 1.0, ""no"": 0.0, ""insufficient_data"": 0.0}",-0.0,-0.0,10,10,1.0,True,0.0,0.25131442828090605,1.0,1.0,,qwen3.6:35b-a3b-q8_0,financebench,none,committed
hqa_FB_97a28182,F,yes_no,1,10,hedgeqa_oracle,,False,,1.0,True,-0.0,0.0,-0.0,0.0,0.0,0.0,-0.0,0.0,-0.0,0.0,yes,0.0,0.0,0.0,"{""yes"": 1.0, ""no"": 0.0, ""insufficient_data"": 0.0}",-0.0,-0.0,10,10,1.0,True,0.0,0.25131442828090605,1.0,1.0,,qwen3.6:35b-a3b-q8_0,financebench,none,committed
hqa_FB_9954aa1f,F,yes_no,0,10,hedgeqa_oracle,,False,,1.0,True,-0.0,0.0,-0.0,0.0,0.0,0.0,-0.0,0.0,-0.0,0.0,yes,0.0,0.0,0.0,"{""yes"": 1.0, ""no"": 0.0, ""insufficient_data"": 0.0}",-0.0,-0.0,10,10,1.0,True,0.0,0.25131442828090605,1.0,1.0,,qwen3.6:35b-a3b-q8_0,financebench,none,committed
hqa_FB_9954aa1f,F,yes_no,1,10,hedgeqa_oracle,,False,,1.0,True,-0.0,0.0,-0.0,0.0,0.0,0.0,-0.0,0.0,-0.0,0.0,yes,0.0,0.0,0.0,"{""yes"": 1.0, ""no"": 0.0, ""insufficient_data"": 0.0}",-0.0,-0.0,10,10,1.0,True,0.0,0.25131442828090605,1.0,1.0,,qwen3.6:35b-a3b-q8_0,financebench,none,committed
hqa_FB_a1bda949,F,yes_no,0,10,hedgeqa_oracle,,False,,0.95,True,0.2145591551764051,0.17441604792151597,0.04014310725488912,0.2408749446500893,0.20219382569929373,0.03868111895079557,0.19530015947347854,0.15876032857139008,0.036539830902088455,0.18709575558257804,no,0.0,0.0,0.0,"{""yes"": 0.0556, ""no"": 0.9444, ""insufficient_data"": 0.0}",-0.0,0.34883209584303193,10,9,0.05555555555555555,False,1.7839506172839505,1.9095425048844386,0.0,0.1111111111111111,,qwen3.6:35b-a3b-q8_0,financebench,none,committed
hqa_FB_a1bda949,F,yes_no,1,10,hedgeqa_oracle,,False,,1.0,True,0.6474466390346325,0.30543215102744675,0.34201448800718576,0.6724466390346325,0.3304321510274468,0.34201448800718576,0.589331327997029,0.2780163249381945,0.31131500305883447,0.5282512370705057,no,0.0,0.0,0.0,"{""yes"": 0.35, ""no"": 0.65, ""insufficient_data"": 0.0}",0.6108643020548935,-0.0,10,10,0.35,False,0.8450000000000001,1.065822465845119,0.7,0.0,,qwen3.6:35b-a3b-q8_0,financebench,none,committed
hqa_FB_a3a1549b,F,yes_no,0,10,hedgeqa_oracle,,False,,1.0,True,-0.0,0.0,-0.0,0.0,0.0,0.0,-0.0,0.0,-0.0,0.0,yes,0.0,0.0,0.0,"{""yes"": 1.0, ""no"": 0.0, ""insufficient_data"": 0.0}",-0.0,-0.0,10,10,1.0,True,0.0,0.25131442828090605,1.0,1.0,,qwen3.6:35b-a3b-q8_0,financebench,none,committed
hqa_FB_a3a1549b,F,yes_no,1,10,hedgeqa_oracle,,False,,1.0,True,-0.0,0.0,-0.0,0.0,0.0,0.0,-0.0,0.0,-0.0,0.0,yes,0.0,0.0,0.0,"{""yes"": 1.0, ""no"": 0.0, ""insufficient_data"": 0.0}",-0.0,-0.0,10,10,1.0,True,0.0,0.25131442828090605,1.0,1.0,,qwen3.6:35b-a3b-q8_0,financebench,none,committed
hqa_FB_a4c22c57,F,yes_no,0,10,hedgeqa_oracle,,False,,1.0,True,-0.0,0.0,-0.0,0.0,0.0,0.0,-0.0,0.0,-0.0,0.0,yes,0.0,0.0,0.0,"{""yes"": 1.0, ""no"": 0.0, ""insufficient_data"": 0.0}",-0.0,-0.0,10,10,1.0,True,0.0,0.25131442828090605,1.0,1.0,,qwen3.6:35b-a3b-q8_0,financebench,none,committed
hqa_FB_a4c22c57,F,yes_no,1,10,hedgeqa_oracle,,False,,1.0,True,-0.0,0.0,-0.0,0.0,0.0,0.0,-0.0,0.0,-0.0,0.0,yes,0.0,0.0,0.0,"{""yes"": 1.0, ""no"": 0.0, ""insufficient_data"": 0.0}",-0.0,-0.0,10,10,1.0,True,0.0,0.25131442828090605,1.0,1.0,,qwen3.6:35b-a3b-q8_0,financebench,none,committed
hqa_FB_b2c048f7,F,yes_no,0,10,hedgeqa_oracle,,False,,1.0,True,0.6931471805599453,0.5004024235381879,0.19274475702175742,0.7181471805599453,0.5504024235381879,0.1677447570217574,0.6309297535714574,0.4554859150035952,0.17544383856786214,0.27807190511263763,yes,0.0,0.0,0.0,"{""yes"": 0.5, ""no"": 0.5, ""insufficient_data"": 0.0}",0.5004024235381879,0.5004024235381879,10,10,0.5,False,0.5,0.8109302162163288,0.8,0.2,,qwen3.6:35b-a3b-q8_0,financebench,none,committed
hqa_FB_b2c048f7,F,yes_no,1,10,hedgeqa_oracle,,False,,1.0,True,-0.0,0.0,-0.0,0.0,0.0,0.0,-0.0,0.0,-0.0,0.0,no,0.0,0.0,0.0,"{""yes"": 0.0, ""no"": 1.0, ""insufficient_data"": 0.0}",-0.0,-0.0,10,10,1.0,True,0.0,0.25131442828090605,1.0,1.0,,qwen3.6:35b-a3b-q8_0,financebench,none,committed
hqa_FB_b7466219,F,yes_no,0,10,hedgeqa_oracle,,False,,1.0,True,-0.0,0.0,-0.0,0.0,0.0,0.0,-0.0,0.0,-0.0,0.0,yes,0.0,0.0,0.0,"{""yes"": 1.0, ""no"": 0.0, ""insufficient_data"": 0.0}",-0.0,-0.0,10,10,0.0,False,2.0,2.1972245773362196,0.0,0.0,,qwen3.6:35b-a3b-q8_0,financebench,none,committed
hqa_FB_b7466219,F,yes_no,1,10,hedgeqa_oracle,,False,,1.0,True,-0.0,0.0,-0.0,0.0,0.0,0.0,-0.0,0.0,-0.0,0.0,no,0.0,0.0,0.0,"{""yes"": 0.0, ""no"": 1.0, ""insufficient_data"": 0.0}",-0.0,-0.0,10,10,1.0,True,0.0,0.25131442828090605,1.0,1.0,,qwen3.6:35b-a3b-q8_0,financebench,none,committed
hqa_FB_bf8c0adf,F,yes_no,0,10,hedgeqa_oracle,,False,,1.0,True,-0.0,0.0,-0.0,0.0,0.0,0.0,-0.0,0.0,-0.0,0.0,yes,0.0,0.0,0.0,"{""yes"": 1.0, ""no"": 0.0, ""insufficient_data"": 0.0}",-0.0,-0.0,10,10,1.0,True,0.0,0.25131442828090605,1.0,1.0,,qwen3.6:35b-a3b-q8_0,financebench,none,committed
hqa_FB_bf8c0adf,F,yes_no,1,10,hedgeqa_oracle,,False,,1.0,True,-0.0,0.0,-0.0,0.0,0.0,0.0,-0.0,0.0,-0.0,0.0,yes,0.0,0.0,0.0,"{""yes"": 1.0, ""no"": 0.0, ""insufficient_data"": 0.0}",-0.0,-0.0,10,10,1.0,True,0.0,0.25131442828090605,1.0,1.0,,qwen3.6:35b-a3b-q8_0,financebench,none,committed
hqa_FB_bff75d9f,F,yes_no,0,10,hedgeqa_oracle,,False,,1.0,True,0.8864644756797976,0.876044545888286,0.010419929791511628,0.9364644756797976,0.976044545888286,0.0,0.8068947387749438,0.7974101099400123,0.009484628834931487,0.011754480949189712,yes,0.15000000000000002,0.2,0.1,"{""yes"": 0.65, ""no"": 0.2, ""insufficient_data"": 0.15}",0.9502705392332347,0.8018185525433373,10,10,0.2,False,1.0850000000000002,1.4087672169719492,0.2,0.2,,qwen3.6:35b-a3b-q8_0,financebench,none,committed
hqa_FB_bff75d9f,F,yes_no,1,10,hedgeqa_oracle,,False,,1.0,True,0.3250829733914482,0.25020121176909393,0.07488176162235427,0.3500829733914482,0.27520121176909396,0.07488176162235427,0.29590327428938457,0.2277429575017976,0.06816031678758694,0.23034661225454434,no,0.0,0.0,0.0,"{""yes"": 0.1, ""no"": 0.9, ""insufficient_data"": 0.0}",0.5004024235381879,-0.0,10,10,0.9,True,0.019999999999999997,0.3409265869705932,0.8,1.0,,qwen3.6:35b-a3b-q8_0,financebench,none,committed
hqa_FB_c8a4f2a5,F,yes_no,0,10,hedgeqa_oracle,,False,,1.0,True,-0.0,0.0,-0.0,0.0,0.0,0.0,-0.0,0.0,-0.0,0.0,yes,0.0,0.0,0.0,"{""yes"": 1.0, ""no"": 0.0, ""insufficient_data"": 0.0}",-0.0,-0.0,10,10,1.0,True,0.0,0.25131442828090605,1.0,1.0,,qwen3.6:35b-a3b-q8_0,financebench,none,committed
hqa_FB_c8a4f2a5,F,yes_no,1,10,hedgeqa_oracle,,False,,1.0,True,-0.0,0.0,-0.0,0.0,0.0,0.0,-0.0,0.0,-0.0,0.0,yes,0.0,0.0,0.0,"{""yes"": 1.0, ""no"": 0.0, ""insufficient_data"": 0.0}",-0.0,-0.0,10,10,1.0,True,0.0,0.25131442828090605,1.0,1.0,,qwen3.6:35b-a3b-q8_0,financebench,none,committed
hqa_FB_d010da62,F,yes_no,0,10,hedgeqa_oracle,,False,,1.0,True,1.080527626604172,1.071910071665684,0.008617554938487926,1.130527626604172,1.171910071665684,0.0,0.9835386311891134,0.97569459464649,0.007844036542623532,0.00797532124705663,yes,0.35,0.3,0.4,"{""yes"": 0.4, ""no"": 0.25, ""insufficient_data"": 0.35}",1.0888999753452238,1.0549201679861442,10,10,0.25,False,0.845,1.2809338454620642,0.3,0.2,,qwen3.6:35b-a3b-q8_0,financebench,none,committed
hqa_FB_d010da62,F,yes_no,1,10,hedgeqa_oracle,,False,,1.0,True,0.8556886672556694,0.4820574165208126,0.3736312507348568,0.9056886672556694,0.5570574165208125,0.3486312507348569,0.7788813907161496,0.4387875700036356,0.340093820712514,0.43664391621914556,no,0.05,0.1,0.0,"{""yes"": 0.45, ""no"": 0.5, ""insufficient_data"": 0.05}",0.639031859650177,0.3250829733914482,10,10,0.5,True,0.455,0.8109302162163288,0.1,0.9,,qwen3.6:35b-a3b-q8_0,financebench,none,committed
hqa_FB_d144e933,F,yes_no,0,10,hedgeqa_oracle,,False,,1.0,True,-0.0,0.0,-0.0,0.0,0.0,0.0,-0.0,0.0,-0.0,0.0,yes,0.0,0.0,0.0,"{""yes"": 1.0, ""no"": 0.0, ""insufficient_data"": 0.0}",-0.0,-0.0,10,10,1.0,True,0.0,0.25131442828090605,1.0,1.0,,qwen3.6:35b-a3b-q8_0,financebench,none,committed
hqa_FB_d144e933,F,yes_no,1,10,hedgeqa_oracle,,False,,1.0,True,-0.0,0.0,-0.0,0.0,0.0,0.0,-0.0,0.0,-0.0,0.0,yes,0.0,0.0,0.0,"{""yes"": 1.0, ""no"": 0.0, ""insufficient_data"": 0.0}",-0.0,-0.0,10,10,1.0,True,0.0,0.25131442828090605,1.0,1.0,,qwen3.6:35b-a3b-q8_0,financebench,none,committed
hqa_FB_d397e71d_masked,F,yes_no,0,10,hedgeqa_oracle,,False,,1.0,True,0.1985152433458726,0.1625414866957241,0.035973756650148486,0.22351524334587258,0.1875414866957241,0.035973756650148486,0.18069636157678548,0.14795163714469228,0.032744724432093204,0.18121407728610292,insufficient_data,0.95,1.0,0.9,"{""yes"": 0.0, ""no"": 0.05, ""insufficient_data"": 0.95}",-0.0,0.3250829733914482,10,10,0.95,True,0.0050000000000000044,0.29511705093929896,1.0,0.9,,qwen3.6:35b-a3b-q8_0,financebench,evidence_masked_insufficient,noncommitted
hqa_FB_d397e71d_masked,F,yes_no,1,10,hedgeqa_oracle,,False,,1.0,True,-0.0,0.0,-0.0,0.0,0.0,0.0,-0.0,0.0,-0.0,0.0,insufficient_data,1.0,1.0,1.0,"{""yes"": 0.0, ""no"": 0.0, ""insufficient_data"": 1.0}",-0.0,-0.0,10,10,1.0,True,0.0,0.25131442828090605,1.0,1.0,,qwen3.6:35b-a3b-q8_0,financebench,evidence_masked_insufficient,noncommitted
hqa_FB_d71a56a3,F,yes_no,0,10,hedgeqa_oracle,,False,,1.0,True,0.4227090878059908,0.41274269846481804,0.009966389341172777,0.44770908780599084,0.4627426984648181,0.0,0.3847663931726609,0.3756945946464899,0.009071798526171062,0.0235774191487149,yes,0.0,0.0,0.0,"{""yes"": 0.85, ""no"": 0.15, ""insufficient_data"": 0.0}",0.3250829733914482,0.5004024235381879,10,10,0.8500000000000001,True,0.044999999999999984,0.3889358061569538,0.9,0.8,,qwen3.6:35b-a3b-q8_0,financebench,none,committed
hqa_FB_d71a56a3,F,yes_no,1,10,hedgeqa_oracle,,False,,1.0,True,0.6881388137135884,0.641937984532075,0.04620082918151347,0.7131388137135884,0.691937984532075,0.021200829181513448,0.626370941606566,0.5843171345828666,0.04205380702369944,0.06713882179118413,yes,0.0,0.0,0.0,"{""yes"": 0.55, ""no"": 0.45, ""insufficient_data"": 0.0}",0.6730116670092565,0.6108643020548935,10,10,0.55,True,0.4049999999999999,0.7386095546367025,0.4,0.7,,qwen3.6:35b-a3b-q8_0,financebench,none,committed
hqa_FB_dd6b6058,F,yes_no,0,10,hedgeqa_oracle,,False,,1.0,True,-0.0,0.0,-0.0,0.0,0.0,0.0,-0.0,0.0,-0.0,0.0,yes,0.0,0.0,0.0,"{""yes"": 1.0, ""no"": 0.0, ""insufficient_data"": 0.0}",-0.0,-0.0,10,10,1.0,True,0.0,0.25131442828090605,1.0,1.0,,qwen3.6:35b-a3b-q8_0,financebench,none,committed
hqa_FB_dd6b6058,F,yes_no,1,10,hedgeqa_oracle,,False,,1.0,True,-0.0,0.0,-0.0,0.0,0.0,0.0,-0.0,0.0,-0.0,0.0,yes,0.0,0.0,0.0,"{""yes"": 1.0, ""no"": 0.0, ""insufficient_data"": 0.0}",-0.0,-0.0,10,10,1.0,True,0.0,0.25131442828090605,1.0,1.0,,qwen3.6:35b-a3b-q8_0,financebench,none,committed
hqa_FB_f0d21fb5,F,yes_no,0,10,hedgeqa_oracle,,False,,1.0,True,-0.0,0.0,-0.0,0.0,0.0,0.0,-0.0,0.0,-0.0,0.0,yes,0.0,0.0,0.0,"{""yes"": 1.0, ""no"": 0.0, ""insufficient_data"": 0.0}",-0.0,-0.0,10,10,1.0,True,0.0,0.25131442828090605,1.0,1.0,,qwen3.6:35b-a3b-q8_0,financebench,none,committed
hqa_FB_f0d21fb5,F,yes_no,1,10,hedgeqa_oracle,,False,,1.0,True,-0.0,0.0,-0.0,0.0,0.0,0.0,-0.0,0.0,-0.0,0.0,yes,0.0,0.0,0.0,"{""yes"": 1.0, ""no"": 0.0, ""insufficient_data"": 0.0}",-0.0,-0.0,10,10,1.0,True,0.0,0.25131442828090605,1.0,1.0,,qwen3.6:35b-a3b-q8_0,financebench,none,committed
hqa_FB_f25bb18c,F,yes_no,0,10,hedgeqa_oracle,,False,,1.0,True,-0.0,0.0,-0.0,0.0,0.0,0.0,-0.0,0.0,-0.0,0.0,yes,0.0,0.0,0.0,"{""yes"": 1.0, ""no"": 0.0, ""insufficient_data"": 0.0}",-0.0,-0.0,10,10,1.0,True,0.0,0.25131442828090605,1.0,1.0,,qwen3.6:35b-a3b-q8_0,financebench,none,committed
hqa_FB_f25bb18c,F,yes_no,1,10,hedgeqa_oracle,,False,,1.0,True,-0.0,0.0,-0.0,0.0,0.0,0.0,-0.0,0.0,-0.0,0.0,yes,0.0,0.0,0.0,"{""yes"": 1.0, ""no"": 0.0, ""insufficient_data"": 0.0}",-0.0,-0.0,10,10,1.0,True,0.0,0.25131442828090605,1.0,1.0,,qwen3.6:35b-a3b-q8_0,financebench,none,committed
hqa_FQ_0921febd,F,directional_change,0,10,hedgeqa_oracle,,False,,1.0,True,-0.0,0.0,-0.0,0.0,0.0,0.0,-0.0,0.0,-0.0,0.0,decreased,0.0,0.0,0.0,"{""increased"": 0.0, ""decreased"": 1.0, ""roughly_unchanged"": 0.0, ""insufficient_data"": 0.0}",-0.0,-0.0,10,10,1.0,True,0.0,0.2876820724517809,1.0,1.0,,qwen3.6:35b-a3b-q8_0,finqa,numeric_to_directional,committed
hqa_FQ_0921febd,F,directional_change,1,10,hedgeqa_oracle,,False,,1.0,True,-0.0,0.0,-0.0,0.0,0.0,0.0,-0.0,0.0,-0.0,0.0,decreased,0.0,0.0,0.0,"{""increased"": 0.0, ""decreased"": 1.0, ""roughly_unchanged"": 0.0, ""insufficient_data"": 0.0}",-0.0,-0.0,10,10,1.0,True,0.0,0.2876820724517809,1.0,1.0,,qwen3.6:35b-a3b-q8_0,finqa,numeric_to_directional,committed
hqa_FQ_0bb282d6,F,directional_change,0,10,hedgeqa_oracle,,False,,1.0,True,-0.0,0.0,-0.0,0.0,0.0,0.0,-0.0,0.0,-0.0,0.0,decreased,0.0,0.0,0.0,"{""increased"": 0.0, ""decreased"": 1.0, ""roughly_unchanged"": 0.0, ""insufficient_data"": 0.0}",-0.0,-0.0,10,10,1.0,True,0.0,0.2876820724517809,1.0,1.0,,qwen3.6:35b-a3b-q8_0,finqa,numeric_to_directional,committed
hqa_FQ_0bb282d6,F,directional_change,1,10,hedgeqa_oracle,,False,,1.0,True,-0.0,0.0,-0.0,0.0,0.0,0.0,-0.0,0.0,-0.0,0.0,decreased,0.0,0.0,0.0,"{""increased"": 0.0, ""decreased"": 1.0, ""roughly_unchanged"": 0.0, ""insufficient_data"": 0.0}",-0.0,-0.0,10,10,1.0,True,0.0,0.2876820724517809,1.0,1.0,,qwen3.6:35b-a3b-q8_0,finqa,numeric_to_directional,committed
hqa_FQ_14d227e6,F,directional_change,0,10,hedgeqa_oracle,,False,,1.0,True,-0.0,0.0,-0.0,0.0,0.0,0.0,-0.0,0.0,-0.0,0.0,increased,0.0,0.0,0.0,"{""increased"": 1.0, ""decreased"": 0.0, ""roughly_unchanged"": 0.0, ""insufficient_data"": 0.0}",-0.0,-0.0,10,10,1.0,True,0.0,0.2876820724517809,1.0,1.0,,qwen3.6:35b-a3b-q8_0,finqa,numeric_to_directional,committed
hqa_FQ_14d227e6,F,directional_change,1,10,hedgeqa_oracle,,False,,1.0,True,-0.0,0.0,-0.0,0.0,0.0,0.0,-0.0,0.0,-0.0,0.0,increased,0.0,0.0,0.0,"{""increased"": 1.0, ""decreased"": 0.0, ""roughly_unchanged"": 0.0, ""insufficient_data"": 0.0}",-0.0,-0.0,10,10,1.0,True,0.0,0.2876820724517809,1.0,1.0,,qwen3.6:35b-a3b-q8_0,finqa,numeric_to_directional,committed
hqa_FQ_16a8661c,F,directional_change,0,10,hedgeqa_oracle,,False,,1.0,True,-0.0,0.0,-0.0,0.0,0.0,0.0,-0.0,0.0,-0.0,0.0,decreased,0.0,0.0,0.0,"{""increased"": 0.0, ""decreased"": 1.0, ""roughly_unchanged"": 0.0, ""insufficient_data"": 0.0}",-0.0,-0.0,10,10,0.0,False,2.0,2.4849066497880004,0.0,0.0,,qwen3.6:35b-a3b-q8_0,finqa,numeric_to_directional,committed
hqa_FQ_16a8661c,F,directional_change,1,10,hedgeqa_oracle,,False,,1.0,True,-0.0,0.0,-0.0,0.0,0.0,0.0,-0.0,0.0,-0.0,0.0,decreased,0.0,0.0,0.0,"{""increased"": 0.0, ""decreased"": 1.0, ""roughly_unchanged"": 0.0, ""insufficient_data"": 0.0}",-0.0,-0.0,10,10,0.0,False,2.0,2.4849066497880004,0.0,0.0,,qwen3.6:35b-a3b-q8_0,finqa,numeric_to_directional,committed
hqa_FQ_19f6d315,F,directional_change,0,10,hedgeqa_oracle,,False,,1.0,True,-0.0,0.0,-0.0,0.0,0.0,0.0,-0.0,0.0,-0.0,0.0,decreased,0.0,0.0,0.0,"{""increased"": 0.0, ""decreased"": 1.0, ""roughly_unchanged"": 0.0, ""insufficient_data"": 0.0}",-0.0,-0.0,10,10,1.0,True,0.0,0.2876820724517809,1.0,1.0,,qwen3.6:35b-a3b-q8_0,finqa,numeric_to_directional,committed
hqa_FQ_19f6d315,F,directional_change,1,10,hedgeqa_oracle,,False,,1.0,True,-0.0,0.0,-0.0,0.0,0.0,0.0,-0.0,0.0,-0.0,0.0,decreased,0.0,0.0,0.0,"{""increased"": 0.0, ""decreased"": 1.0, ""roughly_unchanged"": 0.0, ""insufficient_data"": 0.0}",-0.0,-0.0,10,10,1.0,True,0.0,0.2876820724517809,1.0,1.0,,qwen3.6:35b-a3b-q8_0,finqa,numeric_to_directional,committed
hqa_FQ_1e05763b,F,directional_change,0,10,hedgeqa_oracle,,False,,1.0,True,-0.0,0.0,-0.0,0.0,0.0,0.0,-0.0,0.0,-0.0,0.0,decreased,0.0,0.0,0.0,"{""increased"": 0.0, ""decreased"": 1.0, ""roughly_unchanged"": 0.0, ""insufficient_data"": 0.0}",-0.0,-0.0,10,10,1.0,True,0.0,0.2876820724517809,1.0,1.0,,qwen3.6:35b-a3b-q8_0,finqa,numeric_to_directional,committed
hqa_FQ_1e05763b,F,directional_change,1,10,hedgeqa_oracle,,False,,1.0,True,-0.0,0.0,-0.0,0.0,0.0,0.0,-0.0,0.0,-0.0,0.0,decreased,0.0,0.0,0.0,"{""increased"": 0.0, ""decreased"": 1.0, ""roughly_unchanged"": 0.0, ""insufficient_data"": 0.0}",-0.0,-0.0,10,10,1.0,True,0.0,0.2876820724517809,1.0,1.0,,qwen3.6:35b-a3b-q8_0,finqa,numeric_to_directional,committed
hqa_FQ_23b54354_masked,F,directional_change,0,10,hedgeqa_oracle,,False,,1.0,True,-0.0,0.0,-0.0,0.0,0.0,0.0,-0.0,0.0,-0.0,0.0,insufficient_data,1.0,1.0,1.0,"{""increased"": 0.0, ""decreased"": 0.0, ""roughly_unchanged"": 0.0, ""insufficient_data"": 1.0}",-0.0,-0.0,10,10,1.0,True,0.0,0.2876820724517809,1.0,1.0,,qwen3.6:35b-a3b-q8_0,finqa,evidence_masked_insufficient,noncommitted
hqa_FQ_23b54354_masked,F,directional_change,1,10,hedgeqa_oracle,,False,,1.0,True,-0.0,0.0,-0.0,0.0,0.0,0.0,-0.0,0.0,-0.0,0.0,insufficient_data,1.0,1.0,1.0,"{""increased"": 0.0, ""decreased"": 0.0, ""roughly_unchanged"": 0.0, ""insufficient_data"": 1.0}",-0.0,-0.0,10,10,1.0,True,0.0,0.2876820724517809,1.0,1.0,,qwen3.6:35b-a3b-q8_0,finqa,evidence_masked_insufficient,noncommitted
hqa_FQ_23de6e2d_masked,F,directional_change,0,10,hedgeqa_oracle,,False,,1.0,True,-0.0,0.0,-0.0,0.0,0.0,0.0,-0.0,0.0,-0.0,0.0,insufficient_data,1.0,1.0,1.0,"{""increased"": 0.0, ""decreased"": 0.0, ""roughly_unchanged"": 0.0, ""insufficient_data"": 1.0}",-0.0,-0.0,10,10,1.0,True,0.0,0.2876820724517809,1.0,1.0,,qwen3.6:35b-a3b-q8_0,finqa,evidence_masked_insufficient,noncommitted
hqa_FQ_23de6e2d_masked,F,directional_change,1,10,hedgeqa_oracle,,False,,1.0,True,-0.0,0.0,-0.0,0.0,0.0,0.0,-0.0,0.0,-0.0,0.0,insufficient_data,1.0,1.0,1.0,"{""increased"": 0.0, ""decreased"": 0.0, ""roughly_unchanged"": 0.0, ""insufficient_data"": 1.0}",-0.0,-0.0,10,10,1.0,True,0.0,0.2876820724517809,1.0,1.0,,qwen3.6:35b-a3b-q8_0,finqa,evidence_masked_insufficient,noncommitted
hqa_FQ_294c3620,F,directional_change,0,10,hedgeqa_oracle,,False,,1.0,True,-0.0,0.0,-0.0,0.0,0.0,0.0,-0.0,0.0,-0.0,0.0,increased,0.0,0.0,0.0,"{""increased"": 1.0, ""decreased"": 0.0, ""roughly_unchanged"": 0.0, ""insufficient_data"": 0.0}",-0.0,-0.0,10,10,1.0,True,0.0,0.2876820724517809,1.0,1.0,,qwen3.6:35b-a3b-q8_0,finqa,numeric_to_directional,committed
hqa_FQ_294c3620,F,directional_change,1,10,hedgeqa_oracle,,False,,1.0,True,-0.0,0.0,-0.0,0.0,0.0,0.0,-0.0,0.0,-0.0,0.0,increased,0.0,0.0,0.0,"{""increased"": 1.0, ""decreased"": 0.0, ""roughly_unchanged"": 0.0, ""insufficient_data"": 0.0}",-0.0,-0.0,10,10,1.0,True,0.0,0.2876820724517809,1.0,1.0,,qwen3.6:35b-a3b-q8_0,finqa,numeric_to_directional,committed
hqa_FQ_2bcd94c6_masked,F,directional_change,0,10,hedgeqa_oracle,,False,,1.0,True,-0.0,0.0,-0.0,0.0,0.0,0.0,-0.0,0.0,-0.0,0.0,insufficient_data,1.0,1.0,1.0,"{""increased"": 0.0, ""decreased"": 0.0, ""roughly_unchanged"": 0.0, ""insufficient_data"": 1.0}",-0.0,-0.0,10,10,1.0,True,0.0,0.2876820724517809,1.0,1.0,,qwen3.6:35b-a3b-q8_0,finqa,evidence_masked_insufficient,noncommitted
hqa_FQ_2bcd94c6_masked,F,directional_change,1,10,hedgeqa_oracle,,False,,1.0,True,-0.0,0.0,-0.0,0.0,0.0,0.0,-0.0,0.0,-0.0,0.0,insufficient_data,1.0,1.0,1.0,"{""increased"": 0.0, ""decreased"": 0.0, ""roughly_unchanged"": 0.0, ""insufficient_data"": 1.0}",-0.0,-0.0,10,10,1.0,True,0.0,0.2876820724517809,1.0,1.0,,qwen3.6:35b-a3b-q8_0,finqa,evidence_masked_insufficient,noncommitted
hqa_FQ_32685ea4,F,directional_change,0,10,hedgeqa_oracle,,False,,1.0,True,-0.0,0.0,-0.0,0.0,0.0,0.0,-0.0,0.0,-0.0,0.0,increased,0.0,0.0,0.0,"{""increased"": 1.0, ""decreased"": 0.0, ""roughly_unchanged"": 0.0, ""insufficient_data"": 0.0}",-0.0,-0.0,10,10,1.0,True,0.0,0.2876820724517809,1.0,1.0,,qwen3.6:35b-a3b-q8_0,finqa,numeric_to_directional,committed
hqa_FQ_32685ea4,F,directional_change,1,10,hedgeqa_oracle,,False,,1.0,True,-0.0,0.0,-0.0,0.0,0.0,0.0,-0.0,0.0,-0.0,0.0,increased,0.0,0.0,0.0,"{""increased"": 1.0, ""decreased"": 0.0, ""roughly_unchanged"": 0.0, ""insufficient_data"": 0.0}",-0.0,-0.0,10,10,1.0,True,0.0,0.2876820724517809,1.0,1.0,,qwen3.6:35b-a3b-q8_0,finqa,numeric_to_directional,committed
hqa_FQ_35480d43,F,directional_change,0,10,hedgeqa_oracle,,False,,1.0,True,0.1985152433458726,0.1625414866957241,0.035973756650148486,0.22351524334587258,0.1875414866957241,0.035973756650148486,0.1431984785579781,0.11724889839732029,0.025949580160657796,0.18121407728610292,roughly_unchanged,0.0,0.0,0.0,"{""increased"": 0.05, ""decreased"": 0.0, ""roughly_unchanged"": 0.95, ""insufficient_data"": 0.0}",0.3250829733914482,-0.0,10,10,0.95,True,0.0050000000000000044,0.33314444652853825,0.9,1.0,,qwen3.6:35b-a3b-q8_0,finqa,numeric_to_directional,committed
hqa_FQ_35480d43,F,directional_change,1,10,hedgeqa_oracle,,False,,1.0,True,-0.0,0.0,-0.0,0.0,0.0,0.0,-0.0,0.0,-0.0,0.0,roughly_unchanged,0.0,0.0,0.0,"{""increased"": 0.0, ""decreased"": 0.0, ""roughly_unchanged"": 1.0, ""insufficient_data"": 0.0}",-0.0,-0.0,10,10,1.0,True,0.0,0.2876820724517809,1.0,1.0,,qwen3.6:35b-a3b-q8_0,finqa,numeric_to_directional,committed
hqa_FQ_37ff807a,F,directional_change,0,10,hedgeqa_oracle,,False,,1.0,True,-0.0,0.0,-0.0,0.0,0.0,0.0,-0.0,0.0,-0.0,0.0,increased,0.0,0.0,0.0,"{""increased"": 1.0, ""decreased"": 0.0, ""roughly_unchanged"": 0.0, ""insufficient_data"": 0.0}",-0.0,-0.0,10,10,1.0,True,0.0,0.2876820724517809,1.0,1.0,,qwen3.6:35b-a3b-q8_0,finqa,numeric_to_directional,committed
hqa_FQ_37ff807a,F,directional_change,1,10,hedgeqa_oracle,,False,,1.0,True,-0.0,0.0,-0.0,0.0,0.0,0.0,-0.0,0.0,-0.0,0.0,increased,0.0,0.0,0.0,"{""increased"": 1.0, ""decreased"": 0.0, ""roughly_unchanged"": 0.0, ""insufficient_data"": 0.0}",-0.0,-0.0,10,10,1.0,True,0.0,0.2876820724517809,1.0,1.0,,qwen3.6:35b-a3b-q8_0,finqa,numeric_to_directional,committed
hqa_FQ_38d63fd6,F,directional_change,0,10,hedgeqa_oracle,,False,,1.0,True,-0.0,0.0,-0.0,0.0,0.0,0.0,-0.0,0.0,-0.0,0.0,decreased,0.0,0.0,0.0,"{""increased"": 0.0, ""decreased"": 1.0, ""roughly_unchanged"": 0.0, ""insufficient_data"": 0.0}",-0.0,-0.0,10,10,1.0,True,0.0,0.2876820724517809,1.0,1.0,,qwen3.6:35b-a3b-q8_0,finqa,numeric_to_directional,committed
hqa_FQ_38d63fd6,F,directional_change,1,10,hedgeqa_oracle,,False,,1.0,True,-0.0,0.0,-0.0,0.0,0.0,0.0,-0.0,0.0,-0.0,0.0,decreased,0.0,0.0,0.0,"{""increased"": 0.0, ""decreased"": 1.0, ""roughly_unchanged"": 0.0, ""insufficient_data"": 0.0}",-0.0,-0.0,10,10,1.0,True,0.0,0.2876820724517809,1.0,1.0,,qwen3.6:35b-a3b-q8_0,finqa,numeric_to_directional,committed
hqa_FQ_3bd14ae7,F,directional_change,0,10,hedgeqa_oracle,,False,,1.0,True,-0.0,0.0,-0.0,0.0,0.0,0.0,-0.0,0.0,-0.0,0.0,decreased,0.0,0.0,0.0,"{""increased"": 0.0, ""decreased"": 1.0, ""roughly_unchanged"": 0.0, ""insufficient_data"": 0.0}",-0.0,-0.0,10,10,1.0,True,0.0,0.2876820724517809,1.0,1.0,,qwen3.6:35b-a3b-q8_0,finqa,numeric_to_directional,committed
hqa_FQ_3bd14ae7,F,directional_change,1,10,hedgeqa_oracle,,False,,1.0,True,-0.0,0.0,-0.0,0.0,0.0,0.0,-0.0,0.0,-0.0,0.0,decreased,0.0,0.0,0.0,"{""increased"": 0.0, ""decreased"": 1.0, ""roughly_unchanged"": 0.0, ""insufficient_data"": 0.0}",-0.0,-0.0,10,10,1.0,True,0.0,0.2876820724517809,1.0,1.0,,qwen3.6:35b-a3b-q8_0,finqa,numeric_to_directional,committed
hqa_FQ_3e5f5d64,F,directional_change,0,10,hedgeqa_oracle,,False,,1.0,True,-0.0,0.0,-0.0,0.0,0.0,0.0,-0.0,0.0,-0.0,0.0,roughly_unchanged,0.0,0.0,0.0,"{""increased"": 0.0, ""decreased"": 0.0, ""roughly_unchanged"": 1.0, ""insufficient_data"": 0.0}",-0.0,-0.0,10,10,1.0,True,0.0,0.2876820724517809,1.0,1.0,,qwen3.6:35b-a3b-q8_0,finqa,numeric_to_directional,committed
hqa_FQ_3e5f5d64,F,directional_change,1,10,hedgeqa_oracle,,False,,1.0,True,-0.0,0.0,-0.0,0.0,0.0,0.0,-0.0,0.0,-0.0,0.0,roughly_unchanged,0.0,0.0,0.0,"{""increased"": 0.0, ""decreased"": 0.0, ""roughly_unchanged"": 1.0, ""insufficient_data"": 0.0}",-0.0,-0.0,10,10,1.0,True,0.0,0.2876820724517809,1.0,1.0,,qwen3.6:35b-a3b-q8_0,finqa,numeric_to_directional,committed
hqa_FQ_425a8ac9_masked,F,directional_change,0,10,hedgeqa_oracle,,False,,1.0,True,-0.0,0.0,-0.0,0.0,0.0,0.0,-0.0,0.0,-0.0,0.0,increased,0.0,0.0,0.0,"{""increased"": 1.0, ""decreased"": 0.0, ""roughly_unchanged"": 0.0, ""insufficient_data"": 0.0}",-0.0,-0.0,10,10,0.0,False,2.0,2.4849066497880004,0.0,0.0,,qwen3.6:35b-a3b-q8_0,finqa,evidence_masked_insufficient,noncommitted
hqa_FQ_425a8ac9_masked,F,directional_change,1,10,hedgeqa_oracle,,False,,1.0,True,-0.0,0.0,-0.0,0.0,0.0,0.0,-0.0,0.0,-0.0,0.0,increased,0.0,0.0,0.0,"{""increased"": 1.0, ""decreased"": 0.0, ""roughly_unchanged"": 0.0, ""insufficient_data"": 0.0}",-0.0,-0.0,10,10,0.0,False,2.0,2.4849066497880004,0.0,0.0,,qwen3.6:35b-a3b-q8_0,finqa,evidence_masked_insufficient,noncommitted
hqa_FQ_46ab258b,F,directional_change,0,10,hedgeqa_oracle,,False,,1.0,True,0.6931471805599453,0.0,0.6931471805599453,0.7181471805599453,0.0,0.7181471805599453,0.5,0.0,0.5,1.0,decreased,0.0,0.0,0.0,"{""increased"": 0.0, ""decreased"": 0.5, ""roughly_unchanged"": 0.5, ""insufficient_data"": 0.0}",-0.0,-0.0,10,10,0.5,False,0.5,0.8754687373538999,1.0,0.0,,qwen3.6:35b-a3b-q8_0,finqa,numeric_to_directional,committed
hqa_FQ_46ab258b,F,directional_change,1,10,hedgeqa_oracle,,False,,1.0,True,0.6730116670092565,0.25020121176909393,0.4228104552401626,0.6980116670092565,0.27520121176909396,0.4228104552401626,0.4854752972273344,0.18048202372184058,0.3049932735054938,0.6282364421987758,roughly_unchanged,0.0,0.0,0.0,"{""increased"": 0.0, ""decreased"": 0.4, ""roughly_unchanged"": 0.6, ""insufficient_data"": 0.0}",0.5004024235381879,-0.0,10,10,0.6,True,0.32000000000000006,0.7270487322356266,0.2,1.0,,qwen3.6:35b-a3b-q8_0,finqa,numeric_to_directional,committed
hqa_FQ_4b4abc53,F,directional_change,0,10,hedgeqa_oracle,,False,,1.0,True,-0.0,0.0,-0.0,0.0,0.0,0.0,-0.0,0.0,-0.0,0.0,increased,0.0,0.0,0.0,"{""increased"": 1.0, ""decreased"": 0.0, ""roughly_unchanged"": 0.0, ""insufficient_data"": 0.0}",-0.0,-0.0,10,10,1.0,True,0.0,0.2876820724517809,1.0,1.0,,qwen3.6:35b-a3b-q8_0,finqa,numeric_to_directional,committed
hqa_FQ_4b4abc53,F,directional_change,1,10,hedgeqa_oracle,,False,,1.0,True,-0.0,0.0,-0.0,0.0,0.0,0.0,-0.0,0.0,-0.0,0.0,increased,0.0,0.0,0.0,"{""increased"": 1.0, ""decreased"": 0.0, ""roughly_unchanged"": 0.0, ""insufficient_data"": 0.0}",-0.0,-0.0,10,10,1.0,True,0.0,0.2876820724517809,1.0,1.0,,qwen3.6:35b-a3b-q8_0,finqa,numeric_to_directional,committed
hqa_FQ_4f19e5e1,F,directional_change,0,10,hedgeqa_oracle,,False,,1.0,True,-0.0,0.0,-0.0,0.0,0.0,0.0,-0.0,0.0,-0.0,0.0,decreased,0.0,0.0,0.0,"{""increased"": 0.0, ""decreased"": 1.0, ""roughly_unchanged"": 0.0, ""insufficient_data"": 0.0}",-0.0,-0.0,10,10,1.0,True,0.0,0.2876820724517809,1.0,1.0,,qwen3.6:35b-a3b-q8_0,finqa,numeric_to_directional,committed
hqa_FQ_4f19e5e1,F,directional_change,1,10,hedgeqa_oracle,,False,,1.0,True,-0.0,0.0,-0.0,0.0,0.0,0.0,-0.0,0.0,-0.0,0.0,decreased,0.0,0.0,0.0,"{""increased"": 0.0, ""decreased"": 1.0, ""roughly_unchanged"": 0.0, ""insufficient_data"": 0.0}",-0.0,-0.0,10,10,1.0,True,0.0,0.2876820724517809,1.0,1.0,,qwen3.6:35b-a3b-q8_0,finqa,numeric_to_directional,committed
hqa_FQ_5708c95c,F,directional_change,0,10,hedgeqa_oracle,,False,,1.0,True,0.42270908780599087,0.30543215102744675,0.11727693677854412,0.4477090878059909,0.3304321510274468,0.11727693677854412,0.30492015235820025,0.22032272480767318,0.08459742755052704,0.2774412478029577,decreased,0.0,0.0,0.0,"{""increased"": 0.15, ""decreased"": 0.85, ""roughly_unchanged"": 0.0, ""insufficient_data"": 0.0}",0.6108643020548935,-0.0,10,10,0.85,True,0.045000000000000005,0.4307829160924542,0.7,1.0,,qwen3.6:35b-a3b-q8_0,finqa,numeric_to_directional,committed
hqa_FQ_5708c95c,F,directional_change,1,10,hedgeqa_oracle,,False,,1.0,True,-0.0,0.0,-0.0,0.0,0.0,0.0,-0.0,0.0,-0.0,0.0,decreased,0.0,0.0,0.0,"{""increased"": 0.0, ""decreased"": 1.0, ""roughly_unchanged"": 0.0, ""insufficient_data"": 0.0}",-0.0,-0.0,10,10,1.0,True,0.0,0.2876820724517809,1.0,1.0,,qwen3.6:35b-a3b-q8_0,finqa,numeric_to_directional,committed
hqa_FQ_582b6cb3,F,directional_change,0,10,hedgeqa_oracle,,False,,1.0,True,-0.0,0.0,-0.0,0.0,0.0,0.0,-0.0,0.0,-0.0,0.0,decreased,0.0,0.0,0.0,"{""increased"": 0.0, ""decreased"": 1.0, ""roughly_unchanged"": 0.0, ""insufficient_data"": 0.0}",-0.0,-0.0,10,10,1.0,True,0.0,0.2876820724517809,1.0,1.0,,qwen3.6:35b-a3b-q8_0,finqa,numeric_to_directional,committed
hqa_FQ_582b6cb3,F,directional_change,1,10,hedgeqa_oracle,,False,,1.0,True,-0.0,0.0,-0.0,0.0,0.0,0.0,-0.0,0.0,-0.0,0.0,decreased,0.0,0.0,0.0,"{""increased"": 0.0, ""decreased"": 1.0, ""roughly_unchanged"": 0.0, ""insufficient_data"": 0.0}",-0.0,-0.0,10,10,1.0,True,0.0,0.2876820724517809,1.0,1.0,,qwen3.6:35b-a3b-q8_0,finqa,numeric_to_directional,committed
hqa_FQ_583bec62,F,directional_change,0,10,hedgeqa_oracle,,False,,1.0,True,0.1985152433458726,0.1625414866957241,0.035973756650148486,0.22351524334587258,0.1875414866957241,0.035973756650148486,0.1431984785579781,0.11724889839732029,0.025949580160657796,0.18121407728610292,decreased,0.0,0.0,0.0,"{""increased"": 0.05, ""decreased"": 0.95, ""roughly_unchanged"": 0.0, ""insufficient_data"": 0.0}",-0.0,0.3250829733914482,10,10,0.95,True,0.0050000000000000044,0.33314444652853825,1.0,0.9,,qwen3.6:35b-a3b-q8_0,finqa,numeric_to_directional,committed
hqa_FQ_583bec62,F,directional_change,1,10,hedgeqa_oracle,,False,,1.0,True,-0.0,0.0,-0.0,0.0,0.0,0.0,-0.0,0.0,-0.0,0.0,decreased,0.0,0.0,0.0,"{""increased"": 0.0, ""decreased"": 1.0, ""roughly_unchanged"": 0.0, ""insufficient_data"": 0.0}",-0.0,-0.0,10,10,1.0,True,0.0,0.2876820724517809,1.0,1.0,,qwen3.6:35b-a3b-q8_0,finqa,numeric_to_directional,committed
hqa_FQ_5991646d_masked,F,directional_change,0,10,hedgeqa_oracle,,False,,1.0,True,0.6108643020548935,0.6108643020548935,0.0,0.6358643020548935,0.6608643020548935,0.0,0.44064544961534635,0.44064544961534635,0.0,0.0,insufficient_data,0.7,0.7,0.7,"{""increased"": 0.3, ""decreased"": 0.0, ""roughly_unchanged"": 0.0, ""insufficient_data"": 0.7}",0.6108643020548935,0.6108643020548935,10,10,0.7,True,0.18000000000000002,0.5978370007556204,0.7,0.7,,qwen3.6:35b-a3b-q8_0,finqa,evidence_masked_insufficient,noncommitted
hqa_FQ_5991646d_masked,F,directional_change,1,10,hedgeqa_oracle,,False,,1.0,True,0.1985152433458726,0.1625414866957241,0.035973756650148486,0.22351524334587258,0.1875414866957241,0.035973756650148486,0.1431984785579781,0.11724889839732029,0.025949580160657796,0.18121407728610292,insufficient_data,0.95,0.9,1.0,"{""increased"": 0.05, ""decreased"": 0.0, ""roughly_unchanged"": 0.0, ""insufficient_data"": 0.95}",0.3250829733914482,-0.0,10,10,0.95,True,0.0050000000000000044,0.33314444652853825,0.9,1.0,,qwen3.6:35b-a3b-q8_0,finqa,evidence_masked_insufficient,noncommitted
hqa_FQ_59cacb14,F,directional_change,0,10,hedgeqa_oracle,,False,,1.0,True,-0.0,0.0,-0.0,0.0,0.0,0.0,-0.0,0.0,-0.0,0.0,roughly_unchanged,0.0,0.0,0.0,"{""increased"": 0.0, ""decreased"": 0.0, ""roughly_unchanged"": 1.0, ""insufficient_data"": 0.0}",-0.0,-0.0,10,10,1.0,True,0.0,0.2876820724517809,1.0,1.0,,qwen3.6:35b-a3b-q8_0,finqa,numeric_to_directional,committed
hqa_FQ_59cacb14,F,directional_change,1,10,hedgeqa_oracle,,False,,1.0,True,-0.0,0.0,-0.0,0.0,0.0,0.0,-0.0,0.0,-0.0,0.0,roughly_unchanged,0.0,0.0,0.0,"{""increased"": 0.0, ""decreased"": 0.0, ""roughly_unchanged"": 1.0, ""insufficient_data"": 0.0}",-0.0,-0.0,10,10,1.0,True,0.0,0.2876820724517809,1.0,1.0,,qwen3.6:35b-a3b-q8_0,finqa,numeric_to_directional,committed
hqa_FQ_6f94db28,F,directional_change,0,10,hedgeqa_oracle,,False,,1.0,True,-0.0,0.0,-0.0,0.0,0.0,0.0,-0.0,0.0,-0.0,0.0,roughly_unchanged,0.0,0.0,0.0,"{""increased"": 0.0, ""decreased"": 0.0, ""roughly_unchanged"": 1.0, ""insufficient_data"": 0.0}",-0.0,-0.0,10,10,1.0,True,0.0,0.2876820724517809,1.0,1.0,,qwen3.6:35b-a3b-q8_0,finqa,numeric_to_directional,committed
hqa_FQ_6f94db28,F,directional_change,1,10,hedgeqa_oracle,,False,,1.0,True,-0.0,0.0,-0.0,0.0,0.0,0.0,-0.0,0.0,-0.0,0.0,roughly_unchanged,0.0,0.0,0.0,"{""increased"": 0.0, ""decreased"": 0.0, ""roughly_unchanged"": 1.0, ""insufficient_data"": 0.0}",-0.0,-0.0,10,10,1.0,True,0.0,0.2876820724517809,1.0,1.0,,qwen3.6:35b-a3b-q8_0,finqa,numeric_to_directional,committed
hqa_FQ_77dbe36f,F,directional_change,0,10,hedgeqa_oracle,,False,,1.0,True,-0.0,0.0,-0.0,0.0,0.0,0.0,-0.0,0.0,-0.0,0.0,decreased,0.0,0.0,0.0,"{""increased"": 0.0, ""decreased"": 1.0, ""roughly_unchanged"": 0.0, ""insufficient_data"": 0.0}",-0.0,-0.0,10,10,1.0,True,0.0,0.2876820724517809,1.0,1.0,,qwen3.6:35b-a3b-q8_0,finqa,numeric_to_directional,committed
hqa_FQ_77dbe36f,F,directional_change,1,10,hedgeqa_oracle,,False,,1.0,True,-0.0,0.0,-0.0,0.0,0.0,0.0,-0.0,0.0,-0.0,0.0,decreased,0.0,0.0,0.0,"{""increased"": 0.0, ""decreased"": 1.0, ""roughly_unchanged"": 0.0, ""insufficient_data"": 0.0}",-0.0,-0.0,10,10,1.0,True,0.0,0.2876820724517809,1.0,1.0,,qwen3.6:35b-a3b-q8_0,finqa,numeric_to_directional,committed
hqa_FQ_7bb9c736,F,directional_change,0,10,hedgeqa_oracle,,False,,1.0,True,-0.0,0.0,-0.0,0.0,0.0,0.0,-0.0,0.0,-0.0,0.0,increased,0.0,0.0,0.0,"{""increased"": 1.0, ""decreased"": 0.0, ""roughly_unchanged"": 0.0, ""insufficient_data"": 0.0}",-0.0,-0.0,10,10,1.0,True,0.0,0.2876820724517809,1.0,1.0,,qwen3.6:35b-a3b-q8_0,finqa,numeric_to_directional,committed
hqa_FQ_7bb9c736,F,directional_change,1,10,hedgeqa_oracle,,False,,1.0,True,-0.0,0.0,-0.0,0.0,0.0,0.0,-0.0,0.0,-0.0,0.0,increased,0.0,0.0,0.0,"{""increased"": 1.0, ""decreased"": 0.0, ""roughly_unchanged"": 0.0, ""insufficient_data"": 0.0}",-0.0,-0.0,10,10,1.0,True,0.0,0.2876820724517809,1.0,1.0,,qwen3.6:35b-a3b-q8_0,finqa,numeric_to_directional,committed
hqa_FQ_7f2fc914,F,directional_change,0,10,hedgeqa_oracle,,False,,1.0,True,-0.0,0.0,-0.0,0.0,0.0,0.0,-0.0,0.0,-0.0,0.0,increased,0.0,0.0,0.0,"{""increased"": 1.0, ""decreased"": 0.0, ""roughly_unchanged"": 0.0, ""insufficient_data"": 0.0}",-0.0,-0.0,10,10,1.0,True,0.0,0.2876820724517809,1.0,1.0,,qwen3.6:35b-a3b-q8_0,finqa,numeric_to_directional,committed
hqa_FQ_7f2fc914,F,directional_change,1,10,hedgeqa_oracle,,False,,1.0,True,-0.0,0.0,-0.0,0.0,0.0,0.0,-0.0,0.0,-0.0,0.0,increased,0.0,0.0,0.0,"{""increased"": 1.0, ""decreased"": 0.0, ""roughly_unchanged"": 0.0, ""insufficient_data"": 0.0}",-0.0,-0.0,10,10,1.0,True,0.0,0.2876820724517809,1.0,1.0,,qwen3.6:35b-a3b-q8_0,finqa,numeric_to_directional,committed
hqa_FQ_812860fd_masked,F,directional_change,0,10,hedgeqa_oracle,,False,,1.0,True,0.3250829733914482,0.25020121176909393,0.07488176162235427,0.3500829733914482,0.27520121176909396,0.07488176162235427,0.23449779679464058,0.18048202372184058,0.054015773072800005,0.23034661225454434,insufficient_data,0.9,1.0,0.8,"{""increased"": 0.1, ""decreased"": 0.0, ""roughly_unchanged"": 0.0, ""insufficient_data"": 0.9}",-0.0,0.5004024235381879,10,10,0.9,True,0.019999999999999997,0.38077249551779285,1.0,0.8,,qwen3.6:35b-a3b-q8_0,finqa,evidence_masked_insufficient,noncommitted
hqa_FQ_812860fd_masked,F,directional_change,1,10,hedgeqa_oracle,,False,,1.0,True,0.1985152433458726,0.1625414866957241,0.035973756650148486,0.22351524334587258,0.1875414866957241,0.035973756650148486,0.1431984785579781,0.11724889839732029,0.025949580160657796,0.18121407728610292,insufficient_data,0.95,1.0,0.9,"{""increased"": 0.05, ""decreased"": 0.0, ""roughly_unchanged"": 0.0, ""insufficient_data"": 0.95}",-0.0,0.3250829733914482,10,10,0.95,True,0.0050000000000000044,0.33314444652853825,1.0,0.9,,qwen3.6:35b-a3b-q8_0,finqa,evidence_masked_insufficient,noncommitted
hqa_FQ_8462e4ce,F,directional_change,0,10,hedgeqa_oracle,,False,,1.0,True,-0.0,0.0,-0.0,0.0,0.0,0.0,-0.0,0.0,-0.0,0.0,increased,0.0,0.0,0.0,"{""increased"": 1.0, ""decreased"": 0.0, ""roughly_unchanged"": 0.0, ""insufficient_data"": 0.0}",-0.0,-0.0,10,10,1.0,True,0.0,0.2876820724517809,1.0,1.0,,qwen3.6:35b-a3b-q8_0,finqa,numeric_to_directional,committed
hqa_FQ_8462e4ce,F,directional_change,1,10,hedgeqa_oracle,,False,,1.0,True,-0.0,0.0,-0.0,0.0,0.0,0.0,-0.0,0.0,-0.0,0.0,increased,0.0,0.0,0.0,"{""increased"": 1.0, ""decreased"": 0.0, ""roughly_unchanged"": 0.0, ""insufficient_data"": 0.0}",-0.0,-0.0,10,10,1.0,True,0.0,0.2876820724517809,1.0,1.0,,qwen3.6:35b-a3b-q8_0,finqa,numeric_to_directional,committed
hqa_FQ_885e23fc_masked,F,directional_change,0,10,hedgeqa_oracle,,False,,1.0,True,-0.0,0.0,-0.0,0.0,0.0,0.0,-0.0,0.0,-0.0,0.0,insufficient_data,1.0,1.0,1.0,"{""increased"": 0.0, ""decreased"": 0.0, ""roughly_unchanged"": 0.0, ""insufficient_data"": 1.0}",-0.0,-0.0,10,10,1.0,True,0.0,0.2876820724517809,1.0,1.0,,qwen3.6:35b-a3b-q8_0,finqa,evidence_masked_insufficient,noncommitted
hqa_FQ_885e23fc_masked,F,directional_change,1,10,hedgeqa_oracle,,False,,1.0,True,-0.0,0.0,-0.0,0.0,0.0,0.0,-0.0,0.0,-0.0,0.0,insufficient_data,1.0,1.0,1.0,"{""increased"": 0.0, ""decreased"": 0.0, ""roughly_unchanged"": 0.0, ""insufficient_data"": 1.0}",-0.0,-0.0,10,10,1.0,True,0.0,0.2876820724517809,1.0,1.0,,qwen3.6:35b-a3b-q8_0,finqa,evidence_masked_insufficient,noncommitted
hqa_FQ_8f9f444a_masked,F,directional_change,0,10,hedgeqa_oracle,,False,,1.0,True,-0.0,0.0,-0.0,0.0,0.0,0.0,-0.0,0.0,-0.0,0.0,insufficient_data,1.0,1.0,1.0,"{""increased"": 0.0, ""decreased"": 0.0, ""roughly_unchanged"": 0.0, ""insufficient_data"": 1.0}",-0.0,-0.0,10,10,1.0,True,0.0,0.2876820724517809,1.0,1.0,,qwen3.6:35b-a3b-q8_0,finqa,evidence_masked_insufficient,noncommitted
hqa_FQ_8f9f444a_masked,F,directional_change,1,10,hedgeqa_oracle,,False,,1.0,True,-0.0,0.0,-0.0,0.0,0.0,0.0,-0.0,0.0,-0.0,0.0,insufficient_data,1.0,1.0,1.0,"{""increased"": 0.0, ""decreased"": 0.0, ""roughly_unchanged"": 0.0, ""insufficient_data"": 1.0}",-0.0,-0.0,10,10,1.0,True,0.0,0.2876820724517809,1.0,1.0,,qwen3.6:35b-a3b-q8_0,finqa,evidence_masked_insufficient,noncommitted
hqa_FQ_91e8b620_masked,F,directional_change,0,10,hedgeqa_oracle,,False,,1.0,True,-0.0,0.0,-0.0,0.0,0.0,0.0,-0.0,0.0,-0.0,0.0,insufficient_data,1.0,1.0,1.0,"{""increased"": 0.0, ""decreased"": 0.0, ""roughly_unchanged"": 0.0, ""insufficient_data"": 1.0}",-0.0,-0.0,10,10,1.0,True,0.0,0.2876820724517809,1.0,1.0,,qwen3.6:35b-a3b-q8_0,finqa,evidence_masked_insufficient,noncommitted
hqa_FQ_91e8b620_masked,F,directional_change,1,10,hedgeqa_oracle,,False,,1.0,True,-0.0,0.0,-0.0,0.0,0.0,0.0,-0.0,0.0,-0.0,0.0,insufficient_data,1.0,1.0,1.0,"{""increased"": 0.0, ""decreased"": 0.0, ""roughly_unchanged"": 0.0, ""insufficient_data"": 1.0}",-0.0,-0.0,10,10,1.0,True,0.0,0.2876820724517809,1.0,1.0,,qwen3.6:35b-a3b-q8_0,finqa,evidence_masked_insufficient,noncommitted
hqa_FQ_9bfd2289,F,directional_change,0,10,hedgeqa_oracle,,False,,1.0,True,-0.0,0.0,-0.0,0.0,0.0,0.0,-0.0,0.0,-0.0,0.0,increased,0.0,0.0,0.0,"{""increased"": 1.0, ""decreased"": 0.0, ""roughly_unchanged"": 0.0, ""insufficient_data"": 0.0}",-0.0,-0.0,10,10,1.0,True,0.0,0.2876820724517809,1.0,1.0,,qwen3.6:35b-a3b-q8_0,finqa,numeric_to_directional,committed
hqa_FQ_9bfd2289,F,directional_change,1,10,hedgeqa_oracle,,False,,1.0,True,-0.0,0.0,-0.0,0.0,0.0,0.0,-0.0,0.0,-0.0,0.0,increased,0.0,0.0,0.0,"{""increased"": 1.0, ""decreased"": 0.0, ""roughly_unchanged"": 0.0, ""insufficient_data"": 0.0}",-0.0,-0.0,10,10,1.0,True,0.0,0.2876820724517809,1.0,1.0,,qwen3.6:35b-a3b-q8_0,finqa,numeric_to_directional,committed
hqa_FQ_a719583b,F,directional_change,0,10,hedgeqa_oracle,,False,,1.0,True,-0.0,0.0,-0.0,0.0,0.0,0.0,-0.0,0.0,-0.0,0.0,increased,0.0,0.0,0.0,"{""increased"": 1.0, ""decreased"": 0.0, ""roughly_unchanged"": 0.0, ""insufficient_data"": 0.0}",-0.0,-0.0,10,10,1.0,True,0.0,0.2876820724517809,1.0,1.0,,qwen3.6:35b-a3b-q8_0,finqa,numeric_to_directional,committed
hqa_FQ_a719583b,F,directional_change,1,10,hedgeqa_oracle,,False,,1.0,True,-0.0,0.0,-0.0,0.0,0.0,0.0,-0.0,0.0,-0.0,0.0,increased,0.0,0.0,0.0,"{""increased"": 1.0, ""decreased"": 0.0, ""roughly_unchanged"": 0.0, ""insufficient_data"": 0.0}",-0.0,-0.0,10,10,1.0,True,0.0,0.2876820724517809,1.0,1.0,,qwen3.6:35b-a3b-q8_0,finqa,numeric_to_directional,committed
hqa_FQ_a86cb433,F,directional_change,0,10,hedgeqa_oracle,,False,,1.0,True,-0.0,0.0,-0.0,0.0,0.0,0.0,-0.0,0.0,-0.0,0.0,increased,0.0,0.0,0.0,"{""increased"": 1.0, ""decreased"": 0.0, ""roughly_unchanged"": 0.0, ""insufficient_data"": 0.0}",-0.0,-0.0,10,10,0.0,False,2.0,2.4849066497880004,0.0,0.0,,qwen3.6:35b-a3b-q8_0,finqa,numeric_to_directional,committed
hqa_FQ_a86cb433,F,directional_change,1,10,hedgeqa_oracle,,False,,1.0,True,-0.0,0.0,-0.0,0.0,0.0,0.0,-0.0,0.0,-0.0,0.0,increased,0.0,0.0,0.0,"{""increased"": 1.0, ""decreased"": 0.0, ""roughly_unchanged"": 0.0, ""insufficient_data"": 0.0}",-0.0,-0.0,10,10,0.0,False,2.0,2.4849066497880004,0.0,0.0,,qwen3.6:35b-a3b-q8_0,finqa,numeric_to_directional,committed
hqa_FQ_ad4c0377_masked,F,directional_change,0,10,hedgeqa_oracle,,False,,1.0,True,-0.0,0.0,-0.0,0.0,0.0,0.0,-0.0,0.0,-0.0,0.0,insufficient_data,1.0,1.0,1.0,"{""increased"": 0.0, ""decreased"": 0.0, ""roughly_unchanged"": 0.0, ""insufficient_data"": 1.0}",-0.0,-0.0,10,10,1.0,True,0.0,0.2876820724517809,1.0,1.0,,qwen3.6:35b-a3b-q8_0,finqa,evidence_masked_insufficient,noncommitted
hqa_FQ_ad4c0377_masked,F,directional_change,1,10,hedgeqa_oracle,,False,,1.0,True,-0.0,0.0,-0.0,0.0,0.0,0.0,-0.0,0.0,-0.0,0.0,insufficient_data,1.0,1.0,1.0,"{""increased"": 0.0, ""decreased"": 0.0, ""roughly_unchanged"": 0.0, ""insufficient_data"": 1.0}",-0.0,-0.0,10,10,1.0,True,0.0,0.2876820724517809,1.0,1.0,,qwen3.6:35b-a3b-q8_0,finqa,evidence_masked_insufficient,noncommitted
hqa_FQ_b111cf56_masked,F,directional_change,0,10,hedgeqa_oracle,,False,,1.0,True,-0.0,0.0,-0.0,0.0,0.0,0.0,-0.0,0.0,-0.0,0.0,insufficient_data,1.0,1.0,1.0,"{""increased"": 0.0, ""decreased"": 0.0, ""roughly_unchanged"": 0.0, ""insufficient_data"": 1.0}",-0.0,-0.0,10,10,1.0,True,0.0,0.2876820724517809,1.0,1.0,,qwen3.6:35b-a3b-q8_0,finqa,evidence_masked_insufficient,noncommitted
hqa_FQ_b111cf56_masked,F,directional_change,1,10,hedgeqa_oracle,,False,,1.0,True,-0.0,0.0,-0.0,0.0,0.0,0.0,-0.0,0.0,-0.0,0.0,insufficient_data,1.0,1.0,1.0,"{""increased"": 0.0, ""decreased"": 0.0, ""roughly_unchanged"": 0.0, ""insufficient_data"": 1.0}",-0.0,-0.0,10,10,1.0,True,0.0,0.2876820724517809,1.0,1.0,,qwen3.6:35b-a3b-q8_0,finqa,evidence_masked_insufficient,noncommitted
hqa_FQ_b1848266_masked,F,directional_change,0,10,hedgeqa_oracle,,False,,1.0,True,0.9376369622724492,0.5148265070322868,0.42281045524016236,0.9876369622724492,0.5648265070322869,0.42281045524016236,0.6763620978123273,0.37136882430683366,0.30499327350549366,0.45093194088194055,insufficient_data,0.6,1.0,0.2,"{""increased"": 0.25, ""decreased"": 0.15, ""roughly_unchanged"": 0.0, ""insufficient_data"": 0.6}",-0.0,1.0296530140645737,10,10,0.6,True,0.24500000000000002,0.7270487322356266,1.0,0.2,,qwen3.6:35b-a3b-q8_0,finqa,evidence_masked_insufficient,noncommitted
hqa_FQ_b1848266_masked,F,directional_change,1,10,hedgeqa_oracle,,False,,1.0,True,-0.0,0.0,-0.0,0.0,0.0,0.0,-0.0,0.0,-0.0,0.0,insufficient_data,1.0,1.0,1.0,"{""increased"": 0.0, ""decreased"": 0.0, ""roughly_unchanged"": 0.0, ""insufficient_data"": 1.0}",-0.0,-0.0,10,10,1.0,True,0.0,0.2876820724517809,1.0,1.0,,qwen3.6:35b-a3b-q8_0,finqa,evidence_masked_insufficient,noncommitted
hqa_FQ_ba35f749_masked,F,directional_change,0,10,hedgeqa_oracle,,False,,1.0,True,-0.0,0.0,-0.0,0.0,0.0,0.0,-0.0,0.0,-0.0,0.0,insufficient_data,1.0,1.0,1.0,"{""increased"": 0.0, ""decreased"": 0.0, ""roughly_unchanged"": 0.0, ""insufficient_data"": 1.0}",-0.0,-0.0,10,10,1.0,True,0.0,0.2876820724517809,1.0,1.0,,qwen3.6:35b-a3b-q8_0,finqa,evidence_masked_insufficient,noncommitted
hqa_FQ_ba35f749_masked,F,directional_change,1,10,hedgeqa_oracle,,False,,1.0,True,-0.0,0.0,-0.0,0.0,0.0,0.0,-0.0,0.0,-0.0,0.0,insufficient_data,1.0,1.0,1.0,"{""increased"": 0.0, ""decreased"": 0.0, ""roughly_unchanged"": 0.0, ""insufficient_data"": 1.0}",-0.0,-0.0,10,10,1.0,True,0.0,0.2876820724517809,1.0,1.0,,qwen3.6:35b-a3b-q8_0,finqa,evidence_masked_insufficient,noncommitted
hqa_FQ_bcae6105,F,directional_change,0,10,hedgeqa_oracle,,False,,1.0,True,-0.0,0.0,-0.0,0.0,0.0,0.0,-0.0,0.0,-0.0,0.0,decreased,0.0,0.0,0.0,"{""increased"": 0.0, ""decreased"": 1.0, ""roughly_unchanged"": 0.0, ""insufficient_data"": 0.0}",-0.0,-0.0,10,10,0.0,False,2.0,2.4849066497880004,0.0,0.0,,qwen3.6:35b-a3b-q8_0,finqa,numeric_to_directional,committed
hqa_FQ_bcae6105,F,directional_change,1,10,hedgeqa_oracle,,False,,1.0,True,-0.0,0.0,-0.0,0.0,0.0,0.0,-0.0,0.0,-0.0,0.0,decreased,0.0,0.0,0.0,"{""increased"": 0.0, ""decreased"": 1.0, ""roughly_unchanged"": 0.0, ""insufficient_data"": 0.0}",-0.0,-0.0,10,10,0.0,False,2.0,2.4849066497880004,0.0,0.0,,qwen3.6:35b-a3b-q8_0,finqa,numeric_to_directional,committed
hqa_FQ_bf7cbc32,F,directional_change,0,10,hedgeqa_oracle,,False,,1.0,True,-0.0,0.0,-0.0,0.0,0.0,0.0,-0.0,0.0,-0.0,0.0,roughly_unchanged,0.0,0.0,0.0,"{""increased"": 0.0, ""decreased"": 0.0, ""roughly_unchanged"": 1.0, ""insufficient_data"": 0.0}",-0.0,-0.0,10,10,1.0,True,0.0,0.2876820724517809,1.0,1.0,,qwen3.6:35b-a3b-q8_0,finqa,numeric_to_directional,committed
hqa_FQ_bf7cbc32,F,directional_change,1,10,hedgeqa_oracle,,False,,1.0,True,-0.0,0.0,-0.0,0.0,0.0,0.0,-0.0,0.0,-0.0,0.0,roughly_unchanged,0.0,0.0,0.0,"{""increased"": 0.0, ""decreased"": 0.0, ""roughly_unchanged"": 1.0, ""insufficient_data"": 0.0}",-0.0,-0.0,10,10,1.0,True,0.0,0.2876820724517809,1.0,1.0,,qwen3.6:35b-a3b-q8_0,finqa,numeric_to_directional,committed
hqa_FQ_bfbf5888,F,directional_change,0,10,hedgeqa_oracle,,False,,1.0,True,-0.0,0.0,-0.0,0.0,0.0,0.0,-0.0,0.0,-0.0,0.0,decreased,0.0,0.0,0.0,"{""increased"": 0.0, ""decreased"": 1.0, ""roughly_unchanged"": 0.0, ""insufficient_data"": 0.0}",-0.0,-0.0,10,10,1.0,True,0.0,0.2876820724517809,1.0,1.0,,qwen3.6:35b-a3b-q8_0,finqa,numeric_to_directional,committed
hqa_FQ_bfbf5888,F,directional_change,1,10,hedgeqa_oracle,,False,,1.0,True,-0.0,0.0,-0.0,0.0,0.0,0.0,-0.0,0.0,-0.0,0.0,decreased,0.0,0.0,0.0,"{""increased"": 0.0, ""decreased"": 1.0, ""roughly_unchanged"": 0.0, ""insufficient_data"": 0.0}",-0.0,-0.0,10,10,1.0,True,0.0,0.2876820724517809,1.0,1.0,,qwen3.6:35b-a3b-q8_0,finqa,numeric_to_directional,committed
hqa_FQ_c868faac,F,directional_change,0,10,hedgeqa_oracle,,False,,1.0,True,-0.0,0.0,-0.0,0.0,0.0,0.0,-0.0,0.0,-0.0,0.0,increased,0.0,0.0,0.0,"{""increased"": 1.0, ""decreased"": 0.0, ""roughly_unchanged"": 0.0, ""insufficient_data"": 0.0}",-0.0,-0.0,10,10,1.0,True,0.0,0.2876820724517809,1.0,1.0,,qwen3.6:35b-a3b-q8_0,finqa,numeric_to_directional,committed
hqa_FQ_c868faac,F,directional_change,1,10,hedgeqa_oracle,,False,,1.0,True,-0.0,0.0,-0.0,0.0,0.0,0.0,-0.0,0.0,-0.0,0.0,increased,0.0,0.0,0.0,"{""increased"": 1.0, ""decreased"": 0.0, ""roughly_unchanged"": 0.0, ""insufficient_data"": 0.0}",-0.0,-0.0,10,10,1.0,True,0.0,0.2876820724517809,1.0,1.0,,qwen3.6:35b-a3b-q8_0,finqa,numeric_to_directional,committed
hqa_FQ_cb2951cf_masked,F,directional_change,0,10,hedgeqa_oracle,,False,,1.0,True,-0.0,0.0,-0.0,0.0,0.0,0.0,-0.0,0.0,-0.0,0.0,insufficient_data,1.0,1.0,1.0,"{""increased"": 0.0, ""decreased"": 0.0, ""roughly_unchanged"": 0.0, ""insufficient_data"": 1.0}",-0.0,-0.0,10,10,1.0,True,0.0,0.2876820724517809,1.0,1.0,,qwen3.6:35b-a3b-q8_0,finqa,evidence_masked_insufficient,noncommitted
hqa_FQ_cb2951cf_masked,F,directional_change,1,10,hedgeqa_oracle,,False,,1.0,True,-0.0,0.0,-0.0,0.0,0.0,0.0,-0.0,0.0,-0.0,0.0,insufficient_data,1.0,1.0,1.0,"{""increased"": 0.0, ""decreased"": 0.0, ""roughly_unchanged"": 0.0, ""insufficient_data"": 1.0}",-0.0,-0.0,10,10,1.0,True,0.0,0.2876820724517809,1.0,1.0,,qwen3.6:35b-a3b-q8_0,finqa,evidence_masked_insufficient,noncommitted
hqa_FQ_cb42aedc,F,directional_change,0,10,hedgeqa_oracle,,False,,1.0,True,-0.0,0.0,-0.0,0.0,0.0,0.0,-0.0,0.0,-0.0,0.0,increased,0.0,0.0,0.0,"{""increased"": 1.0, ""decreased"": 0.0, ""roughly_unchanged"": 0.0, ""insufficient_data"": 0.0}",-0.0,-0.0,10,10,1.0,True,0.0,0.2876820724517809,1.0,1.0,,qwen3.6:35b-a3b-q8_0,finqa,numeric_to_directional,committed
hqa_FQ_cb42aedc,F,directional_change,1,10,hedgeqa_oracle,,False,,1.0,True,-0.0,0.0,-0.0,0.0,0.0,0.0,-0.0,0.0,-0.0,0.0,increased,0.0,0.0,0.0,"{""increased"": 1.0, ""decreased"": 0.0, ""roughly_unchanged"": 0.0, ""insufficient_data"": 0.0}",-0.0,-0.0,10,10,1.0,True,0.0,0.2876820724517809,1.0,1.0,,qwen3.6:35b-a3b-q8_0,finqa,numeric_to_directional,committed
hqa_FQ_ccc2f20b,F,directional_change,0,10,hedgeqa_oracle,,False,,1.0,True,-0.0,0.0,-0.0,0.0,0.0,0.0,-0.0,0.0,-0.0,0.0,roughly_unchanged,0.0,0.0,0.0,"{""increased"": 0.0, ""decreased"": 0.0, ""roughly_unchanged"": 1.0, ""insufficient_data"": 0.0}",-0.0,-0.0,10,10,1.0,True,0.0,0.2876820724517809,1.0,1.0,,qwen3.6:35b-a3b-q8_0,finqa,numeric_to_directional,committed
hqa_FQ_ccc2f20b,F,directional_change,1,10,hedgeqa_oracle,,False,,1.0,True,-0.0,0.0,-0.0,0.0,0.0,0.0,-0.0,0.0,-0.0,0.0,roughly_unchanged,0.0,0.0,0.0,"{""increased"": 0.0, ""decreased"": 0.0, ""roughly_unchanged"": 1.0, ""insufficient_data"": 0.0}",-0.0,-0.0,10,10,1.0,True,0.0,0.2876820724517809,1.0,1.0,,qwen3.6:35b-a3b-q8_0,finqa,numeric_to_directional,committed
hqa_FQ_cccdd70f,F,directional_change,0,10,hedgeqa_oracle,,False,,1.0,True,-0.0,0.0,-0.0,0.0,0.0,0.0,-0.0,0.0,-0.0,0.0,increased,0.0,0.0,0.0,"{""increased"": 1.0, ""decreased"": 0.0, ""roughly_unchanged"": 0.0, ""insufficient_data"": 0.0}",-0.0,-0.0,10,10,1.0,True,0.0,0.2876820724517809,1.0,1.0,,qwen3.6:35b-a3b-q8_0,finqa,numeric_to_directional,committed
hqa_FQ_cccdd70f,F,directional_change,1,10,hedgeqa_oracle,,False,,1.0,True,-0.0,0.0,-0.0,0.0,0.0,0.0,-0.0,0.0,-0.0,0.0,increased,0.0,0.0,0.0,"{""increased"": 1.0, ""decreased"": 0.0, ""roughly_unchanged"": 0.0, ""insufficient_data"": 0.0}",-0.0,-0.0,10,10,1.0,True,0.0,0.2876820724517809,1.0,1.0,,qwen3.6:35b-a3b-q8_0,finqa,numeric_to_directional,committed
hqa_FQ_cdc17c89,F,directional_change,0,10,hedgeqa_oracle,,False,,1.0,True,-0.0,0.0,-0.0,0.0,0.0,0.0,-0.0,0.0,-0.0,0.0,decreased,0.0,0.0,0.0,"{""increased"": 0.0, ""decreased"": 1.0, ""roughly_unchanged"": 0.0, ""insufficient_data"": 0.0}",-0.0,-0.0,10,10,1.0,True,0.0,0.2876820724517809,1.0,1.0,,qwen3.6:35b-a3b-q8_0,finqa,numeric_to_directional,committed
hqa_FQ_cdc17c89,F,directional_change,1,10,hedgeqa_oracle,,False,,1.0,True,-0.0,0.0,-0.0,0.0,0.0,0.0,-0.0,0.0,-0.0,0.0,decreased,0.0,0.0,0.0,"{""increased"": 0.0, ""decreased"": 1.0, ""roughly_unchanged"": 0.0, ""insufficient_data"": 0.0}",-0.0,-0.0,10,10,1.0,True,0.0,0.2876820724517809,1.0,1.0,,qwen3.6:35b-a3b-q8_0,finqa,numeric_to_directional,committed
hqa_FQ_d04445bc,F,directional_change,0,10,hedgeqa_oracle,,False,,1.0,True,-0.0,0.0,-0.0,0.0,0.0,0.0,-0.0,0.0,-0.0,0.0,increased,0.0,0.0,0.0,"{""increased"": 1.0, ""decreased"": 0.0, ""roughly_unchanged"": 0.0, ""insufficient_data"": 0.0}",-0.0,-0.0,10,10,1.0,True,0.0,0.2876820724517809,1.0,1.0,,qwen3.6:35b-a3b-q8_0,finqa,numeric_to_directional,committed
hqa_FQ_d04445bc,F,directional_change,1,10,hedgeqa_oracle,,False,,1.0,True,-0.0,0.0,-0.0,0.0,0.0,0.0,-0.0,0.0,-0.0,0.0,increased,0.0,0.0,0.0,"{""increased"": 1.0, ""decreased"": 0.0, ""roughly_unchanged"": 0.0, ""insufficient_data"": 0.0}",-0.0,-0.0,10,10,1.0,True,0.0,0.2876820724517809,1.0,1.0,,qwen3.6:35b-a3b-q8_0,finqa,numeric_to_directional,committed
hqa_FQ_d99d6e5a,F,directional_change,0,10,hedgeqa_oracle,,False,,1.0,True,0.5004024235381879,0.5004024235381879,0.0,0.5254024235381879,0.5504024235381879,0.0,0.36096404744368116,0.36096404744368116,0.0,0.0,decreased,0.0,0.0,0.0,"{""increased"": 0.2, ""decreased"": 0.8, ""roughly_unchanged"": 0.0, ""insufficient_data"": 0.0}",0.5004024235381879,0.5004024235381879,10,10,0.8,True,0.07999999999999999,0.4834266495778762,0.8,0.8,,qwen3.6:35b-a3b-q8_0,finqa,numeric_to_directional,committed
hqa_FQ_d99d6e5a,F,directional_change,1,10,hedgeqa_oracle,,False,,1.0,True,-0.0,0.0,-0.0,0.0,0.0,0.0,-0.0,0.0,-0.0,0.0,decreased,0.0,0.0,0.0,"{""increased"": 0.0, ""decreased"": 1.0, ""roughly_unchanged"": 0.0, ""insufficient_data"": 0.0}",-0.0,-0.0,10,10,1.0,True,0.0,0.2876820724517809,1.0,1.0,,qwen3.6:35b-a3b-q8_0,finqa,numeric_to_directional,committed
hqa_FQ_dc32fb1c,F,directional_change,0,10,hedgeqa_oracle,,False,,1.0,True,-0.0,0.0,-0.0,0.0,0.0,0.0,-0.0,0.0,-0.0,0.0,increased,0.0,0.0,0.0,"{""increased"": 1.0, ""decreased"": 0.0, ""roughly_unchanged"": 0.0, ""insufficient_data"": 0.0}",-0.0,-0.0,10,10,1.0,True,0.0,0.2876820724517809,1.0,1.0,,qwen3.6:35b-a3b-q8_0,finqa,numeric_to_directional,committed
hqa_FQ_dc32fb1c,F,directional_change,1,10,hedgeqa_oracle,,False,,1.0,True,-0.0,0.0,-0.0,0.0,0.0,0.0,-0.0,0.0,-0.0,0.0,increased,0.0,0.0,0.0,"{""increased"": 1.0, ""decreased"": 0.0, ""roughly_unchanged"": 0.0, ""insufficient_data"": 0.0}",-0.0,-0.0,10,10,1.0,True,0.0,0.2876820724517809,1.0,1.0,,qwen3.6:35b-a3b-q8_0,finqa,numeric_to_directional,committed
hqa_FQ_df7f0bda_masked,F,directional_change,0,10,hedgeqa_oracle,,False,,1.0,True,-0.0,0.0,-0.0,0.0,0.0,0.0,-0.0,0.0,-0.0,0.0,insufficient_data,1.0,1.0,1.0,"{""increased"": 0.0, ""decreased"": 0.0, ""roughly_unchanged"": 0.0, ""insufficient_data"": 1.0}",-0.0,-0.0,10,10,1.0,True,0.0,0.2876820724517809,1.0,1.0,,qwen3.6:35b-a3b-q8_0,finqa,evidence_masked_insufficient,noncommitted
hqa_FQ_df7f0bda_masked,F,directional_change,1,10,hedgeqa_oracle,,False,,1.0,True,-0.0,0.0,-0.0,0.0,0.0,0.0,-0.0,0.0,-0.0,0.0,insufficient_data,1.0,1.0,1.0,"{""increased"": 0.0, ""decreased"": 0.0, ""roughly_unchanged"": 0.0, ""insufficient_data"": 1.0}",-0.0,-0.0,10,10,1.0,True,0.0,0.2876820724517809,1.0,1.0,,qwen3.6:35b-a3b-q8_0,finqa,evidence_masked_insufficient,noncommitted
hqa_FQ_e6e1f02f,F,directional_change,0,10,hedgeqa_oracle,,False,,1.0,True,1.0486537893593546,0.8740336742730448,0.1746201150863098,1.0986537893593546,0.9490336742730447,0.1496201150863099,0.7564438107590803,0.6304820237218407,0.12596178703723962,0.16651836560185324,insufficient_data,0.45,0.4,0.5,"{""increased"": 0.2, ""decreased"": 0.35, ""roughly_unchanged"": 0.0, ""insufficient_data"": 0.45}",1.0549201679861442,0.6931471805599453,10,10,0.35,False,0.665,1.1499055830556604,0.2,0.5,,qwen3.6:35b-a3b-q8_0,finqa,numeric_to_directional,committed
hqa_FQ_e6e1f02f,F,directional_change,1,10,hedgeqa_oracle,,False,,1.0,True,-0.0,0.0,-0.0,0.0,0.0,0.0,-0.0,0.0,-0.0,0.0,insufficient_data,1.0,1.0,1.0,"{""increased"": 0.0, ""decreased"": 0.0, ""roughly_unchanged"": 0.0, ""insufficient_data"": 1.0}",-0.0,-0.0,10,10,0.0,False,2.0,2.4849066497880004,0.0,0.0,,qwen3.6:35b-a3b-q8_0,finqa,numeric_to_directional,committed
hqa_FQ_e7c2edef,F,directional_change,0,10,hedgeqa_oracle,,False,,1.0,True,-0.0,0.0,-0.0,0.0,0.0,0.0,-0.0,0.0,-0.0,0.0,increased,0.0,0.0,0.0,"{""increased"": 1.0, ""decreased"": 0.0, ""roughly_unchanged"": 0.0, ""insufficient_data"": 0.0}",-0.0,-0.0,10,10,1.0,True,0.0,0.2876820724517809,1.0,1.0,,qwen3.6:35b-a3b-q8_0,finqa,numeric_to_directional,committed
hqa_FQ_e7c2edef,F,directional_change,1,10,hedgeqa_oracle,,False,,1.0,True,-0.0,0.0,-0.0,0.0,0.0,0.0,-0.0,0.0,-0.0,0.0,increased,0.0,0.0,0.0,"{""increased"": 1.0, ""decreased"": 0.0, ""roughly_unchanged"": 0.0, ""insufficient_data"": 0.0}",-0.0,-0.0,10,10,1.0,True,0.0,0.2876820724517809,1.0,1.0,,qwen3.6:35b-a3b-q8_0,finqa,numeric_to_directional,committed
hqa_FQ_e98c5e1e,F,directional_change,0,10,hedgeqa_oracle,,False,,1.0,True,-0.0,0.0,-0.0,0.0,0.0,0.0,-0.0,0.0,-0.0,0.0,decreased,0.0,0.0,0.0,"{""increased"": 0.0, ""decreased"": 1.0, ""roughly_unchanged"": 0.0, ""insufficient_data"": 0.0}",-0.0,-0.0,10,10,1.0,True,0.0,0.2876820724517809,1.0,1.0,,qwen3.6:35b-a3b-q8_0,finqa,numeric_to_directional,committed
hqa_FQ_e98c5e1e,F,directional_change,1,10,hedgeqa_oracle,,False,,1.0,True,-0.0,0.0,-0.0,0.0,0.0,0.0,-0.0,0.0,-0.0,0.0,decreased,0.0,0.0,0.0,"{""increased"": 0.0, ""decreased"": 1.0, ""roughly_unchanged"": 0.0, ""insufficient_data"": 0.0}",-0.0,-0.0,10,10,1.0,True,0.0,0.2876820724517809,1.0,1.0,,qwen3.6:35b-a3b-q8_0,finqa,numeric_to_directional,committed
hqa_FQ_e9d8aa67,F,directional_change,0,10,hedgeqa_oracle,,False,,1.0,True,-0.0,0.0,-0.0,0.0,0.0,0.0,-0.0,0.0,-0.0,0.0,increased,0.0,0.0,0.0,"{""increased"": 1.0, ""decreased"": 0.0, ""roughly_unchanged"": 0.0, ""insufficient_data"": 0.0}",-0.0,-0.0,10,10,1.0,True,0.0,0.2876820724517809,1.0,1.0,,qwen3.6:35b-a3b-q8_0,finqa,numeric_to_directional,committed
hqa_FQ_e9d8aa67,F,directional_change,1,10,hedgeqa_oracle,,False,,1.0,True,-0.0,0.0,-0.0,0.0,0.0,0.0,-0.0,0.0,-0.0,0.0,increased,0.0,0.0,0.0,"{""increased"": 1.0, ""decreased"": 0.0, ""roughly_unchanged"": 0.0, ""insufficient_data"": 0.0}",-0.0,-0.0,10,10,1.0,True,0.0,0.2876820724517809,1.0,1.0,,qwen3.6:35b-a3b-q8_0,finqa,numeric_to_directional,committed
hqa_FQ_ee6f94ed,F,directional_change,0,10,hedgeqa_oracle,,False,,1.0,True,-0.0,0.0,-0.0,0.0,0.0,0.0,-0.0,0.0,-0.0,0.0,increased,0.0,0.0,0.0,"{""increased"": 1.0, ""decreased"": 0.0, ""roughly_unchanged"": 0.0, ""insufficient_data"": 0.0}",-0.0,-0.0,10,10,1.0,True,0.0,0.2876820724517809,1.0,1.0,,qwen3.6:35b-a3b-q8_0,finqa,numeric_to_directional,committed
hqa_FQ_ee6f94ed,F,directional_change,1,10,hedgeqa_oracle,,False,,1.0,True,-0.0,0.0,-0.0,0.0,0.0,0.0,-0.0,0.0,-0.0,0.0,increased,0.0,0.0,0.0,"{""increased"": 1.0, ""decreased"": 0.0, ""roughly_unchanged"": 0.0, ""insufficient_data"": 0.0}",-0.0,-0.0,10,10,1.0,True,0.0,0.2876820724517809,1.0,1.0,,qwen3.6:35b-a3b-q8_0,finqa,numeric_to_directional,committed
hqa_FQ_ef8ca35e,F,directional_change,0,10,hedgeqa_oracle,,False,,1.0,True,-0.0,0.0,-0.0,0.0,0.0,0.0,-0.0,0.0,-0.0,0.0,increased,0.0,0.0,0.0,"{""increased"": 1.0, ""decreased"": 0.0, ""roughly_unchanged"": 0.0, ""insufficient_data"": 0.0}",-0.0,-0.0,10,10,1.0,True,0.0,0.2876820724517809,1.0,1.0,,qwen3.6:35b-a3b-q8_0,finqa,numeric_to_directional,committed
hqa_FQ_ef8ca35e,F,directional_change,1,10,hedgeqa_oracle,,False,,1.0,True,-0.0,0.0,-0.0,0.0,0.0,0.0,-0.0,0.0,-0.0,0.0,increased,0.0,0.0,0.0,"{""increased"": 1.0, ""decreased"": 0.0, ""roughly_unchanged"": 0.0, ""insufficient_data"": 0.0}",-0.0,-0.0,10,10,1.0,True,0.0,0.2876820724517809,1.0,1.0,,qwen3.6:35b-a3b-q8_0,finqa,numeric_to_directional,committed
hqa_FQ_efa45e04,F,directional_change,0,10,hedgeqa_oracle,,False,,1.0,True,-0.0,0.0,-0.0,0.0,0.0,0.0,-0.0,0.0,-0.0,0.0,decreased,0.0,0.0,0.0,"{""increased"": 0.0, ""decreased"": 1.0, ""roughly_unchanged"": 0.0, ""insufficient_data"": 0.0}",-0.0,-0.0,10,10,1.0,True,0.0,0.2876820724517809,1.0,1.0,,qwen3.6:35b-a3b-q8_0,finqa,numeric_to_directional,committed
hqa_FQ_efa45e04,F,directional_change,1,10,hedgeqa_oracle,,False,,1.0,True,-0.0,0.0,-0.0,0.0,0.0,0.0,-0.0,0.0,-0.0,0.0,decreased,0.0,0.0,0.0,"{""increased"": 0.0, ""decreased"": 1.0, ""roughly_unchanged"": 0.0, ""insufficient_data"": 0.0}",-0.0,-0.0,10,10,1.0,True,0.0,0.2876820724517809,1.0,1.0,,qwen3.6:35b-a3b-q8_0,finqa,numeric_to_directional,committed
hqa_FQ_f6d8326c,F,directional_change,0,10,hedgeqa_oracle,,False,,1.0,True,-0.0,0.0,-0.0,0.0,0.0,0.0,-0.0,0.0,-0.0,0.0,increased,0.0,0.0,0.0,"{""increased"": 1.0, ""decreased"": 0.0, ""roughly_unchanged"": 0.0, ""insufficient_data"": 0.0}",-0.0,-0.0,10,10,1.0,True,0.0,0.2876820724517809,1.0,1.0,,qwen3.6:35b-a3b-q8_0,finqa,numeric_to_directional,committed
hqa_FQ_f6d8326c,F,directional_change,1,10,hedgeqa_oracle,,False,,1.0,True,-0.0,0.0,-0.0,0.0,0.0,0.0,-0.0,0.0,-0.0,0.0,increased,0.0,0.0,0.0,"{""increased"": 1.0, ""decreased"": 0.0, ""roughly_unchanged"": 0.0, ""insufficient_data"": 0.0}",-0.0,-0.0,10,10,1.0,True,0.0,0.2876820724517809,1.0,1.0,,qwen3.6:35b-a3b-q8_0,finqa,numeric_to_directional,committed
hqa_FQ_fab23070,F,directional_change,0,10,hedgeqa_oracle,,False,,1.0,True,-0.0,0.0,-0.0,0.0,0.0,0.0,-0.0,0.0,-0.0,0.0,roughly_unchanged,0.0,0.0,0.0,"{""increased"": 0.0, ""decreased"": 0.0, ""roughly_unchanged"": 1.0, ""insufficient_data"": 0.0}",-0.0,-0.0,10,10,1.0,True,0.0,0.2876820724517809,1.0,1.0,,qwen3.6:35b-a3b-q8_0,finqa,numeric_to_directional,committed
hqa_FQ_fab23070,F,directional_change,1,10,hedgeqa_oracle,,False,,1.0,True,-0.0,0.0,-0.0,0.0,0.0,0.0,-0.0,0.0,-0.0,0.0,roughly_unchanged,0.0,0.0,0.0,"{""increased"": 0.0, ""decreased"": 0.0, ""roughly_unchanged"": 1.0, ""insufficient_data"": 0.0}",-0.0,-0.0,10,10,1.0,True,0.0,0.2876820724517809,1.0,1.0,,qwen3.6:35b-a3b-q8_0,finqa,numeric_to_directional,committed
hqa_FTB_008bd6df,FT,category_choice,0,10,hedgeqa_oracle,,False,,1.0,True,0.6874357505033554,0.49904732020035236,0.188388430303003,0.7374357505033554,0.5490473202003524,0.188388430303003,0.4958800740904868,0.3599865470109875,0.13589352707949928,0.27404514555005455,conditional,0.75,0.6,0.9,"{""sell"": 0.05, ""hold"": 0.2, ""conditional"": 0.75, ""insufficient_data"": 0.0}",0.6730116670092565,0.3250829733914482,10,10,0.75,True,0.10500000000000001,0.5389965007326869,0.6,0.9,,qwen3.6:35b-a3b-q8_0,fintradebench,none,noncommitted
hqa_FTB_008bd6df,FT,category_choice,1,10,hedgeqa_oracle,,False,,1.0,True,0.9985793315873921,0.6108643020548935,0.3877150295324986,1.0485793315873921,0.6608643020548935,0.3877150295324986,0.7203227248076732,0.44064544961534635,0.2796772751923269,0.3882666276660936,conditional,0.5,0.3,0.7,"{""sell"": 0.15, ""hold"": 0.35, ""conditional"": 0.5, ""insufficient_data"": 0.0}",0.6108643020548935,0.6108643020548935,10,10,0.5,True,0.395,0.8754687373538999,0.3,0.7,,qwen3.6:35b-a3b-q8_0,fintradebench,none,noncommitted
hqa_FTB_00a5559e,FT,supportive_judgment,0,10,hedgeqa_oracle,,False,,1.0,True,0.1985152433458726,0.1625414866957241,0.035973756650148486,0.22351524334587258,0.1875414866957241,0.035973756650148486,0.1431984785579781,0.11724889839732029,0.025949580160657796,0.18121407728610292,conditional,1.0,1.0,1.0,"{""supportive"": 0.0, ""unsupportive"": 0.0, ""conditional"": 0.95, ""insufficient_data"": 0.05}",0.3250829733914482,-0.0,10,10,0.95,True,0.0050000000000000044,0.33314444652853825,0.9,1.0,,qwen3.6:35b-a3b-q8_0,fintradebench,none,noncommitted
hqa_FTB_00a5559e,FT,supportive_judgment,1,10,hedgeqa_oracle,,False,,1.0,True,0.4227090878059908,0.41274269846481804,0.009966389341172777,0.44770908780599084,0.4627426984648181,0.0,0.3049201523582002,0.2977309221191609,0.007189230239039294,0.0235774191487149,conditional,0.8500000000000001,0.8,0.9,"{""supportive"": 0.0, ""unsupportive"": 0.15, ""conditional"": 0.85, ""insufficient_data"": 0.0}",0.5004024235381879,0.3250829733914482,10,10,0.8500000000000001,True,0.044999999999999984,0.4307829160924542,0.8,0.9,,qwen3.6:35b-a3b-q8_0,fintradebench,none,noncommitted
hqa_FTB_00e479ec,FT,yes_no_mixed,0,10,hedgeqa_oracle,,False,,1.0,True,-0.0,0.0,-0.0,0.0,0.0,0.0,-0.0,0.0,-0.0,0.0,insufficient_data,1.0,1.0,1.0,"{""yes"": 0.0, ""no"": 0.0, ""mixed"": 0.0, ""insufficient_data"": 1.0}",-0.0,-0.0,10,10,0.0,False,2.0,2.4849066497880004,0.0,0.0,,qwen3.6:35b-a3b-q8_0,fintradebench,none,noncommitted
hqa_FTB_00e479ec,FT,yes_no_mixed,1,10,hedgeqa_oracle,,False,,1.0,True,-0.0,0.0,-0.0,0.0,0.0,0.0,-0.0,0.0,-0.0,0.0,insufficient_data,1.0,1.0,1.0,"{""yes"": 0.0, ""no"": 0.0, ""mixed"": 0.0, ""insufficient_data"": 1.0}",-0.0,-0.0,10,10,0.0,False,2.0,2.4849066497880004,0.0,0.0,,qwen3.6:35b-a3b-q8_0,fintradebench,none,noncommitted
hqa_FTB_01c97f78,FT,category_choice,0,10,hedgeqa_oracle,,False,,1.0,True,-0.0,0.0,-0.0,0.0,0.0,0.0,-0.0,0.0,-0.0,0.0,mixed,1.0,1.0,1.0,"{""value_trap"": 0.0, ""genuine_opportunity"": 0.0, ""mixed"": 1.0, ""insufficient_data"": 0.0}",-0.0,-0.0,10,10,0.0,False,2.0,2.4849066497880004,0.0,0.0,,qwen3.6:35b-a3b-q8_0,fintradebench,none,committed
hqa_FTB_01c97f78,FT,category_choice,1,10,hedgeqa_oracle,,False,,1.0,True,-0.0,0.0,-0.0,0.0,0.0,0.0,-0.0,0.0,-0.0,0.0,mixed,1.0,1.0,1.0,"{""value_trap"": 0.0, ""genuine_opportunity"": 0.0, ""mixed"": 1.0, ""insufficient_data"": 0.0}",-0.0,-0.0,10,10,0.0,False,2.0,2.4849066497880004,0.0,0.0,,qwen3.6:35b-a3b-q8_0,fintradebench,none,committed
hqa_FTB_06c86cd6,FT,category_choice,0,10,hedgeqa_oracle,,False,,1.0,True,-0.0,0.0,-0.0,0.0,0.0,0.0,-0.0,0.0,-0.0,0.0,reinvestment_opportunity,0.0,0.0,0.0,"{""reinvestment_opportunity"": 1.0, ""cash_flow_weakness"": 0.0, ""mixed"": 0.0, ""insufficient_data"": 0.0}",-0.0,-0.0,10,10,1.0,True,0.0,0.2876820724517809,1.0,1.0,,qwen3.6:35b-a3b-q8_0,fintradebench,none,committed
hqa_FTB_06c86cd6,FT,category_choice,1,10,hedgeqa_oracle,,False,,1.0,True,-0.0,0.0,-0.0,0.0,0.0,0.0,-0.0,0.0,-0.0,0.0,reinvestment_opportunity,0.0,0.0,0.0,"{""reinvestment_opportunity"": 1.0, ""cash_flow_weakness"": 0.0, ""mixed"": 0.0, ""insufficient_data"": 0.0}",-0.0,-0.0,10,10,1.0,True,0.0,0.2876820724517809,1.0,1.0,,qwen3.6:35b-a3b-q8_0,fintradebench,none,committed
hqa_FTB_10de0142,F,valuation_judgment,0,10,hedgeqa_oracle,,False,,1.0,True,0.5004024235381879,0.33650583350462826,0.1638965900335596,0.5254024235381879,0.3615058335046283,0.1638965900335596,0.36096404744368116,0.2427376486136672,0.11822639883001398,0.3275295688512027,insufficient_data,0.8,0.6,1.0,"{""undervalued"": 0.0, ""fairly_priced"": 0.2, ""overvalued"": 0.0, ""insufficient_data"": 0.8}",0.6730116670092565,-0.0,10,10,0.0,False,1.6800000000000002,2.4849066497880004,0.0,0.0,,qwen3.6:35b-a3b-q8_0,fintradebench,none,committed
hqa_FTB_10de0142,F,valuation_judgment,1,10,hedgeqa_oracle,,False,,1.0,True,0.6474466390346325,0.641937984532075,0.005508654502557553,0.6724466390346325,0.691937984532075,0.0,0.46703402768774555,0.4630603734213403,0.003973654266405221,0.008508275694767935,insufficient_data,0.6499999999999999,0.6,0.7,"{""undervalued"": 0.0, ""fairly_priced"": 0.35, ""overvalued"": 0.0, ""insufficient_data"": 0.65}",0.6730116670092565,0.6108643020548935,10,10,0.0,False,1.5450000000000002,2.4849066497880004,0.0,0.0,,qwen3.6:35b-a3b-q8_0,fintradebench,none,committed
hqa_FTB_124f7e99,FT,yes_no_mixed,0,10,hedgeqa_oracle,,False,,1.0,True,-0.0,0.0,-0.0,0.0,0.0,0.0,-0.0,0.0,-0.0,0.0,insufficient_data,1.0,1.0,1.0,"{""yes"": 0.0, ""no"": 0.0, ""mixed"": 0.0, ""insufficient_data"": 1.0}",-0.0,-0.0,10,10,0.0,False,2.0,2.4849066497880004,0.0,0.0,,qwen3.6:35b-a3b-q8_0,fintradebench,none,noncommitted
hqa_FTB_124f7e99,FT,yes_no_mixed,1,10,hedgeqa_oracle,,False,,1.0,True,0.42270908780599087,0.30543215102744675,0.11727693677854412,0.4477090878059909,0.3304321510274468,0.11727693677854412,0.30492015235820025,0.22032272480767318,0.08459742755052704,0.2774412478029577,insufficient_data,1.0,1.0,1.0,"{""yes"": 0.0, ""no"": 0.0, ""mixed"": 0.15, ""insufficient_data"": 0.85}",0.6108643020548935,-0.0,10,10,0.15,False,1.4449999999999998,1.69644928942373,0.3,0.0,,qwen3.6:35b-a3b-q8_0,fintradebench,none,noncommitted
hqa_FTB_13290767,F,company_choice,0,10,hedgeqa_oracle,,False,,1.0,True,0.5623351446188083,0.49904732020035236,0.06328782441845593,0.5873351446188083,0.5490473202003524,0.03828782441845591,0.4056390622295664,0.3599865470109875,0.04565251521857891,0.11254467202357951,MSFT,0.0,0.0,0.0,"{""AAPL"": 0.0, ""MSFT"": 0.75, ""GOOGL"": 0.25, ""insufficient_data"": 0.0}",0.6730116670092565,0.3250829733914482,10,10,0.25,False,1.125,1.3862943611198906,0.4,0.1,,qwen3.6:35b-a3b-q8_0,fintradebench,none,committed
hqa_FTB_13290767,F,company_choice,1,10,hedgeqa_oracle,,False,,1.0,True,0.5004024235381879,0.33650583350462826,0.1638965900335596,0.5254024235381879,0.3615058335046283,0.1638965900335596,0.36096404744368116,0.2427376486136672,0.11822639883001398,0.3275295688512027,GOOGL,0.0,0.0,0.0,"{""AAPL"": 0.0, ""MSFT"": 0.2, ""GOOGL"": 0.8, ""insufficient_data"": 0.0}",-0.0,0.6730116670092565,10,10,0.8,True,0.07999999999999999,0.4834266495778762,1.0,0.6,,qwen3.6:35b-a3b-q8_0,fintradebench,none,committed
hqa_FTB_19c171bc,FT,yes_no_mixed,0,10,hedgeqa_oracle,,False,,1.0,True,0.5623351446188083,0.5556333627965406,0.006701781822267661,0.5873351446188083,0.6056333627965407,0.0,0.4056390622295664,0.4008047485295137,0.004834313700052677,0.01191777161075468,insufficient_data,1.0,1.0,1.0,"{""yes"": 0.0, ""no"": 0.0, ""mixed"": 0.25, ""insufficient_data"": 0.75}",0.6108643020548935,0.5004024235381879,10,10,0.0,False,1.625,2.4849066497880004,0.0,0.0,,qwen3.6:35b-a3b-q8_0,fintradebench,none,committed
hqa_FTB_19c171bc,FT,yes_no_mixed,1,10,hedgeqa_oracle,,False,,1.0,True,0.3250829733914482,0.25020121176909393,0.07488176162235427,0.3500829733914482,0.27520121176909396,0.07488176162235427,0.23449779679464058,0.18048202372184058,0.054015773072800005,0.23034661225454434,insufficient_data,1.0,1.0,1.0,"{""yes"": 0.0, ""no"": 0.0, ""mixed"": 0.1, ""insufficient_data"": 0.9}",0.5004024235381879,-0.0,10,10,0.0,False,1.82,2.4849066497880004,0.0,0.0,,qwen3.6:35b-a3b-q8_0,fintradebench,none,committed
hqa_FTB_1c185a4a,T,screening_top1,0,10,hedgeqa_oracle,,False,,1.0,True,0.3250829733914482,0.25020121176909393,0.07488176162235427,0.3500829733914482,0.27520121176909396,0.07488176162235427,0.2019854079986195,0.15545875354128558,0.04652665445733394,0.23034661225454434,TRI,0.0,0.0,0.0,"{""TRI"": 0.9, ""TEAM"": 0.0, ""WBD"": 0.1, ""AVGO"": 0.0, ""none_clear"": 0.0}",-0.0,0.5004024235381879,10,10,0.9,True,0.019999999999999997,0.4054651081081643,1.0,0.8,,qwen3.6:35b-a3b-q8_0,fintradebench,none,committed
hqa_FTB_1c185a4a,T,screening_top1,1,10,hedgeqa_oracle,,False,,1.0,True,0.1985152433458726,0.1625414866957241,0.035973756650148486,0.22351524334587258,0.1875414866957241,0.035973756650148486,0.12334445573339317,0.10099270399930975,0.02235175173408341,0.18121407728610292,TRI,0.05,0.0,0.1,"{""TRI"": 0.95, ""TEAM"": 0.0, ""WBD"": 0.0, ""AVGO"": 0.0, ""none_clear"": 0.05}",-0.0,0.3250829733914482,10,10,0.95,True,0.0050000000000000044,0.3566749439387323,1.0,0.9,,qwen3.6:35b-a3b-q8_0,fintradebench,none,committed
hqa_FTB_1f54d2f8,F,open_summary_with_canonical_claim,0,10,hedgeqa_oracle,,False,,1.0,True,0.1985152433458726,0.1625414866957241,0.035973756650148486,0.22351524334587258,0.1875414866957241,0.035973756650148486,0.18069636157678548,0.14795163714469228,0.032744724432093204,0.18121407728610292,claim_true,0.05,0.0,0.1,"{""claim_true"": 0.95, ""claim_false"": 0.0, ""mixed"": 0.05}",-0.0,0.3250829733914482,10,10,0.95,True,0.0050000000000000044,0.29511705093929896,1.0,0.9,,qwen3.6:35b-a3b-q8_0,fintradebench,none,committed
hqa_FTB_1f54d2f8,F,open_summary_with_canonical_claim,1,10,hedgeqa_oracle,,False,,1.0,True,0.5004024235381879,0.33650583350462826,0.1638965900335596,0.5254024235381879,0.3615058335046283,0.1638965900335596,0.4554859150035952,0.3063008096446721,0.1491851053589231,0.3275295688512027,claim_true,0.2,0.0,0.4,"{""claim_true"": 0.8, ""claim_false"": 0.0, ""mixed"": 0.2}",-0.0,0.6730116670092565,10,10,0.8,True,0.07999999999999999,0.43936665978384565,1.0,0.6,,qwen3.6:35b-a3b-q8_0,fintradebench,none,committed
hqa_FTB_2aef23bd,FT,supportive_judgment,0,10,hedgeqa_oracle,,False,,1.0,True,-0.0,0.0,-0.0,0.0,0.0,0.0,-0.0,0.0,-0.0,0.0,conditional,1.0,1.0,1.0,"{""supportive"": 0.0, ""unsupportive"": 0.0, ""conditional"": 1.0, ""insufficient_data"": 0.0}",-0.0,-0.0,10,10,0.0,False,2.0,2.4849066497880004,0.0,0.0,,qwen3.6:35b-a3b-q8_0,fintradebench,none,committed
hqa_FTB_2aef23bd,FT,supportive_judgment,1,10,hedgeqa_oracle,,False,,1.0,True,-0.0,0.0,-0.0,0.0,0.0,0.0,-0.0,0.0,-0.0,0.0,conditional,1.0,1.0,1.0,"{""supportive"": 0.0, ""unsupportive"": 0.0, ""conditional"": 1.0, ""insufficient_data"": 0.0}",-0.0,-0.0,10,10,0.0,False,2.0,2.4849066497880004,0.0,0.0,,qwen3.6:35b-a3b-q8_0,fintradebench,none,committed
hqa_FTB_30cfebd4,FT,category_choice,0,10,hedgeqa_oracle,,False,,1.0,True,-0.0,0.0,-0.0,0.0,0.0,0.0,-0.0,0.0,-0.0,0.0,wait_for_confirmation,0.0,0.0,0.0,"{""wait_for_confirmation"": 1.0, ""buy_on_fundamentals"": 0.0, ""insufficient_data"": 0.0}",-0.0,-0.0,10,10,1.0,True,0.0,0.25131442828090605,1.0,1.0,,qwen3.6:35b-a3b-q8_0,fintradebench,none,committed
hqa_FTB_30cfebd4,FT,category_choice,1,10,hedgeqa_oracle,,False,,1.0,True,0.6108643020548935,0.5091150769756967,0.10174922507919681,0.6358643020548935,0.5591150769756967,0.07674922507919679,0.556032649876389,0.4634165139304209,0.09261613594596811,0.16656600285353296,wait_for_confirmation,0.0,0.0,0.0,"{""wait_for_confirmation"": 0.7, ""buy_on_fundamentals"": 0.3, ""insufficient_data"": 0.0}",0.6931471805599453,0.3250829733914482,10,10,0.7,True,0.18000000000000002,0.5485659517488378,0.5,0.9,,qwen3.6:35b-a3b-q8_0,fintradebench,none,committed
hqa_FTB_38645c6c,F,yes_no_mixed,0,10,hedgeqa_oracle,,False,,1.0,True,0.6730116670092565,0.46797363772317085,0.20503802928608567,0.6980116670092565,0.5179736377231708,0.1800380292860857,0.4854752972273344,0.33757162320499345,0.14790367402234092,0.30465746633671004,yes,0.39999999999999997,0.1,0.7,"{""yes"": 0.6, ""no"": 0.0, ""mixed"": 0.4, ""insufficient_data"": 0.0}",0.3250829733914482,0.6108643020548935,10,10,0.6,True,0.32,0.7270487322356265,0.9,0.3,,qwen3.6:35b-a3b-q8_0,fintradebench,none,committed
hqa_FTB_38645c6c,F,yes_no_mixed,1,10,hedgeqa_oracle,,False,,1.0,True,0.6881388137135884,0.41274269846481804,0.2753961152487704,0.7131388137135884,0.4627426984648181,0.25039611524877037,0.49638722699390414,0.2977309221191609,0.19865630487474326,0.40020430436495263,mixed,0.55,0.9,0.2,"{""yes"": 0.45, ""no"": 0.0, ""mixed"": 0.55, ""insufficient_data"": 0.0}",0.3250829733914482,0.5004024235381879,10,10,0.45,False,0.6050000000000001,0.9588503462929511,0.1,0.8,,qwen3.6:35b-a3b-q8_0,fintradebench,none,committed
hqa_FTB_3a7f797e,F,yes_no_mixed,0,10,hedgeqa_oracle,,False,,1.0,True,-0.0,0.0,-0.0,0.0,0.0,0.0,-0.0,0.0,-0.0,0.0,no,0.0,0.0,0.0,"{""yes"": 0.0, ""no"": 1.0, ""mixed"": 0.0, ""insufficient_data"": 0.0}",-0.0,-0.0,10,10,1.0,True,0.0,0.2876820724517809,1.0,1.0,,qwen3.6:35b-a3b-q8_0,fintradebench,none,committed
hqa_FTB_3a7f797e,F,yes_no_mixed,1,10,hedgeqa_oracle,,False,,1.0,True,-0.0,0.0,-0.0,0.0,0.0,0.0,-0.0,0.0,-0.0,0.0,no,0.0,0.0,0.0,"{""yes"": 0.0, ""no"": 1.0, ""mixed"": 0.0, ""insufficient_data"": 0.0}",-0.0,-0.0,10,10,1.0,True,0.0,0.2876820724517809,1.0,1.0,,qwen3.6:35b-a3b-q8_0,fintradebench,none,committed
hqa_FTB_3ba66418,F,graded_judgment,0,10,hedgeqa_oracle,,False,,1.0,True,0.6108643020548935,0.5867070452737222,0.02415725678117131,0.6358643020548935,0.6367070452737222,0.0,0.44064544961534635,0.4232196723355078,0.017425777279838565,0.03954602798020515,sound,0.30000000000000004,0.4,0.2,"{""sound"": 0.7, ""mixed"": 0.3, ""weak"": 0.0, ""insufficient_data"": 0.0}",0.6730116670092565,0.5004024235381879,10,10,0.7,True,0.18000000000000005,0.5978370007556205,0.6,0.8,,qwen3.6:35b-a3b-q8_0,fintradebench,none,committed
hqa_FTB_3ba66418,F,graded_judgment,1,10,hedgeqa_oracle,,False,,1.0,True,0.5623351446188083,0.49904732020035236,0.06328782441845593,0.5873351446188083,0.5490473202003524,0.03828782441845591,0.4056390622295664,0.3599865470109875,0.04565251521857891,0.11254467202357951,sound,0.25,0.4,0.1,"{""sound"": 0.75, ""mixed"": 0.25, ""weak"": 0.0, ""insufficient_data"": 0.0}",0.6730116670092565,0.3250829733914482,10,10,0.75,True,0.125,0.5389965007326869,0.6,0.9,,qwen3.6:35b-a3b-q8_0,fintradebench,none,committed
hqa_FTB_46b2b9ab,FT,yes_no_mixed,0,10,hedgeqa_oracle,,False,,1.0,True,0.1985152433458726,0.1625414866957241,0.035973756650148486,0.22351524334587258,0.1875414866957241,0.035973756650148486,0.1431984785579781,0.11724889839732029,0.025949580160657796,0.18121407728610292,yes,0.05,0.0,0.1,"{""yes"": 0.95, ""no"": 0.0, ""mixed"": 0.05, ""insufficient_data"": 0.0}",-0.0,0.3250829733914482,10,10,0.95,True,0.0050000000000000044,0.33314444652853825,1.0,0.9,,qwen3.6:35b-a3b-q8_0,fintradebench,none,committed
hqa_FTB_46b2b9ab,FT,yes_no_mixed,1,10,hedgeqa_oracle,,False,,1.0,True,0.6730116670092563,0.5867070452737222,0.0863046217355341,0.6980116670092563,0.6367070452737222,0.06130462173553408,0.48547529722733423,0.4232196723355078,0.06225562489182645,0.12823644219877559,mixed,0.6000000000000001,0.4,0.8,"{""yes"": 0.4, ""no"": 0.0, ""mixed"": 0.6, ""insufficient_data"": 0.0}",0.6730116670092565,0.5004024235381879,10,10,0.4,False,0.7200000000000001,1.0498221244986776,0.6,0.2,,qwen3.6:35b-a3b-q8_0,fintradebench,none,committed
hqa_FTB_47429988,FT,category_choice,0,10,hedgeqa_oracle,,False,,1.0,True,0.8556886672556694,0.1625414866957241,0.6931471805599453,0.9056886672556694,0.1875414866957241,0.7181471805599453,0.6172488983973203,0.11724889839732029,0.5,0.8100459981350219,attractive_stability,0.45,0.0,0.9,"{""attractive_stability"": 0.5, ""underperformance_ahead"": 0.05, ""mixed"": 0.45, ""insufficient_data"": 0.0}",-0.0,0.3250829733914482,10,10,0.05,False,1.355,2.1484344131667874,0.0,0.1,,qwen3.6:35b-a3b-q8_0,fintradebench,none,committed
hqa_FTB_47429988,FT,category_choice,1,10,hedgeqa_oracle,,False,,1.0,True,0.9376369622724492,0.7218754079336136,0.2157615543388356,0.9876369622724492,0.7968754079336136,0.19076155433883568,0.6763620978123273,0.5207230355827609,0.15563906222956636,0.23011204018228726,mixed,0.6000000000000001,0.4,0.8,"{""attractive_stability"": 0.25, ""underperformance_ahead"": 0.15, ""mixed"": 0.6, ""insufficient_data"": 0.0}",0.9433483923290392,0.5004024235381879,10,10,0.15000000000000002,False,1.145,1.69644928942373,0.1,0.2,,qwen3.6:35b-a3b-q8_0,fintradebench,none,committed
hqa_FTB_48b061cd,FT,yes_no_mixed,0,10,hedgeqa_oracle,,False,,1.0,True,0.5004024235381879,0.33650583350462826,0.1638965900335596,0.5254024235381879,0.3615058335046283,0.1638965900335596,0.36096404744368116,0.2427376486136672,0.11822639883001398,0.3275295688512027,insufficient_data,1.0,1.0,1.0,"{""yes"": 0.0, ""no"": 0.0, ""mixed"": 0.2, ""insufficient_data"": 0.8}",-0.0,0.6730116670092565,10,10,0.0,False,1.6800000000000002,2.4849066497880004,0.0,0.0,,qwen3.6:35b-a3b-q8_0,fintradebench,none,committed
hqa_FTB_48b061cd,FT,yes_no_mixed,1,10,hedgeqa_oracle,,False,,1.0,True,0.6874357505033554,0.6249480808525352,0.0624876696508202,0.7374357505033554,0.6999480808525352,0.03748766965082018,0.4958800740904868,0.45080474852951374,0.045075325560973045,0.09089965077473112,insufficient_data,0.95,0.9,1.0,"{""yes"": 0.0, ""no"": 0.05, ""mixed"": 0.2, ""insufficient_data"": 0.75}",0.639031859650177,0.6108643020548935,10,10,0.05,False,1.505,2.1484344131667874,0.1,0.0,,qwen3.6:35b-a3b-q8_0,fintradebench,none,committed
hqa_FTB_495324ab,FT,yes_no_mixed,0,10,hedgeqa_oracle,,False,,1.0,True,-0.0,0.0,-0.0,0.0,0.0,0.0,-0.0,0.0,-0.0,0.0,yes,0.0,0.0,0.0,"{""yes"": 1.0, ""no"": 0.0, ""mixed"": 0.0, ""insufficient_data"": 0.0}",-0.0,-0.0,10,10,1.0,True,0.0,0.2876820724517809,1.0,1.0,,qwen3.6:35b-a3b-q8_0,fintradebench,none,committed
hqa_FTB_495324ab,FT,yes_no_mixed,1,10,hedgeqa_oracle,,False,,1.0,True,0.1985152433458726,0.1625414866957241,0.035973756650148486,0.22351524334587258,0.1875414866957241,0.035973756650148486,0.1431984785579781,0.11724889839732029,0.025949580160657796,0.18121407728610292,yes,0.05,0.1,0.0,"{""yes"": 0.95, ""no"": 0.0, ""mixed"": 0.05, ""insufficient_data"": 0.0}",0.3250829733914482,-0.0,10,10,0.95,True,0.0050000000000000044,0.33314444652853825,0.9,1.0,,qwen3.6:35b-a3b-q8_0,fintradebench,none,committed
hqa_FTB_4fb8ad99,FT,yes_no_mixed,0,10,hedgeqa_oracle,,False,,1.0,True,0.8568409950394724,0.5148265070322868,0.3420144880071856,0.9068409950394725,0.5648265070322869,0.3420144880071856,0.6180801271869059,0.37136882430683366,0.24671130288007226,0.39915747494251236,no,0.35,0.0,0.7,"{""yes"": 0.0, ""no"": 0.65, ""mixed"": 0.1, ""insufficient_data"": 0.25}",-0.0,1.0296530140645737,10,10,0.0,False,1.495,2.4849066497880004,0.0,0.0,,qwen3.6:35b-a3b-q8_0,fintradebench,none,committed
hqa_FTB_4fb8ad99,FT,yes_no_mixed,1,10,hedgeqa_oracle,,False,,1.0,True,0.39439769144744274,0.3250829733914482,0.06931471805599454,0.44439769144744273,0.3750829733914482,0.06931471805599454,0.2844977967946406,0.23449779679464058,0.05000000000000001,0.17574828544662358,no,0.05,0.1,0.0,"{""yes"": 0.05, ""no"": 0.9, ""mixed"": 0.0, ""insufficient_data"": 0.05}",0.3250829733914482,0.3250829733914482,10,10,0.05,False,1.7149999999999999,2.1484344131667874,0.0,0.1,,qwen3.6:35b-a3b-q8_0,fintradebench,none,committed
hqa_FTB_54b6da2c,FT,category_choice,0,10,hedgeqa_oracle,,False,,1.0,True,0.914285581467099,0.7466827117840054,0.16760286968309368,0.989285581467099,0.8466827117840053,0.14260286968309366,0.6595176371694331,0.5386177227041539,0.12089991446527923,0.1833156653462165,insufficient_data,0.85,0.9,0.8,"{""buying_opportunity"": 0.05, ""structural_challenges"": 0.1, ""mixed"": 0.15, ""insufficient_data"": 0.7}",0.3250829733914482,1.1682824501765625,10,10,0.05,False,1.4249999999999998,2.1484344131667874,0.0,0.1,,qwen3.6:35b-a3b-q8_0,fintradebench,none,committed
hqa_FTB_54b6da2c,FT,category_choice,1,10,hedgeqa_oracle,,False,,1.0,True,0.7305880613711225,0.6511104880407625,0.07947757333035999,0.7805880613711226,0.7261104880407626,0.05447757333035996,0.5270078865364001,0.46967693608360045,0.057330950452799644,0.1087857542884035,insufficient_data,0.85,0.8,0.8999999999999999,"{""buying_opportunity"": 0.0, ""structural_challenges"": 0.15, ""mixed"": 0.1, ""insufficient_data"": 0.75}",0.5004024235381879,0.8018185525433373,10,10,0.0,False,1.595,2.4849066497880004,0.0,0.0,,qwen3.6:35b-a3b-q8_0,fintradebench,none,committed
hqa_FTB_54bc7248,FT,open_summary_with_canonical_claim,0,10,hedgeqa_oracle,,False,,1.0,True,0.6474466390346325,0.30543215102744675,0.34201448800718576,0.6724466390346325,0.3304321510274468,0.34201448800718576,0.589331327997029,0.2780163249381945,0.31131500305883447,0.5282512370705057,mixed,0.65,0.3,1.0,"{""claim_true"": 0.35, ""claim_false"": 0.0, ""mixed"": 0.65}",0.6108643020548935,-0.0,10,10,0.35,False,0.8450000000000001,1.065822465845119,0.7,0.0,,qwen3.6:35b-a3b-q8_0,fintradebench,none,committed
hqa_FTB_54bc7248,FT,open_summary_with_canonical_claim,1,10,hedgeqa_oracle,,False,,1.0,True,0.6931471805599453,0.6931471805599453,0.0,0.7181471805599453,0.7431471805599453,0.0,0.6309297535714574,0.6309297535714574,0.0,0.0,claim_true,0.5,0.5,0.5,"{""claim_true"": 0.5, ""claim_false"": 0.0, ""mixed"": 0.5}",0.6931471805599453,0.6931471805599453,10,10,0.5,True,0.5,0.8109302162163288,0.5,0.5,,qwen3.6:35b-a3b-q8_0,fintradebench,none,committed
hqa_FTB_5895e72d,T,screening_top1,0,10,hedgeqa_oracle,,False,,1.0,True,-0.0,0.0,-0.0,0.0,0.0,0.0,-0.0,0.0,-0.0,0.0,MRVL,0.0,0.0,0.0,"{""IDXX"": 0.0, ""SHOP"": 0.0, ""MRVL"": 1.0, ""AXON"": 0.0, ""none_clear"": 0.0}",-0.0,-0.0,10,10,0.0,False,2.0,2.70805020110221,0.0,0.0,,qwen3.6:35b-a3b-q8_0,fintradebench,none,committed
hqa_FTB_5895e72d,T,screening_top1,1,10,hedgeqa_oracle,,False,,1.0,True,1.0397207708399179,0.34657359027997264,0.6931471805599452,1.089720770839918,0.37157359027997267,0.7181471805599453,0.6460148371100896,0.21533827903669653,0.430676558073393,0.6666666666666666,MRVL,0.25,0.0,0.5,"{""IDXX"": 0.25, ""SHOP"": 0.0, ""MRVL"": 0.5, ""AXON"": 0.0, ""none_clear"": 0.25}",-0.0,0.6931471805599453,10,10,0.25,False,0.875,1.455287232606842,0.0,0.5,,qwen3.6:35b-a3b-q8_0,fintradebench,none,committed
hqa_FTB_599b11e3,T,screening_top1,0,10,hedgeqa_oracle,,False,,1.0,True,-0.0,0.0,-0.0,0.0,0.0,0.0,-0.0,0.0,-0.0,0.0,NVDA,0.0,0.0,0.0,"{""TSLA"": 0.0, ""INTC"": 0.0, ""LRCX"": 0.0, ""NVDA"": 1.0, ""none_clear"": 0.0}",-0.0,-0.0,10,10,0.0,False,2.0,2.70805020110221,0.0,0.0,,qwen3.6:35b-a3b-q8_0,fintradebench,none,committed
hqa_FTB_599b11e3,T,screening_top1,1,10,hedgeqa_oracle,,False,,1.0,True,0.8237197315118311,0.7218754079336135,0.1018443235782176,0.8737197315118311,0.7968754079336136,0.07684432357821758,0.5118058454743646,0.44852640934862487,0.06327943612573976,0.12363953379057159,LRCX,0.05,0.0,0.1,"{""TSLA"": 0.35, ""INTC"": 0.0, ""LRCX"": 0.6, ""NVDA"": 0.0, ""none_clear"": 0.05}",0.5004024235381879,0.9433483923290391,10,10,0.35,False,0.7850000000000001,1.2039728043259361,0.2,0.5,,qwen3.6:35b-a3b-q8_0,fintradebench,none,committed
hqa_FTB_5a0e1efb,F,graded_judgment,0,10,hedgeqa_oracle,,False,,1.0,True,-0.0,0.0,-0.0,0.0,0.0,0.0,-0.0,0.0,-0.0,0.0,insufficient_data,1.0,1.0,1.0,"{""more_efficient"": 0.0, ""similar"": 0.0, ""less_efficient"": 0.0, ""insufficient_data"": 1.0}",-0.0,-0.0,10,10,0.0,False,2.0,2.4849066497880004,0.0,0.0,,qwen3.6:35b-a3b-q8_0,fintradebench,none,committed
hqa_FTB_5a0e1efb,F,graded_judgment,1,10,hedgeqa_oracle,,False,,1.0,True,-0.0,0.0,-0.0,0.0,0.0,0.0,-0.0,0.0,-0.0,0.0,insufficient_data,1.0,1.0,1.0,"{""more_efficient"": 0.0, ""similar"": 0.0, ""less_efficient"": 0.0, ""insufficient_data"": 1.0}",-0.0,-0.0,10,10,0.0,False,2.0,2.4849066497880004,0.0,0.0,,qwen3.6:35b-a3b-q8_0,fintradebench,none,committed
hqa_FTB_5d6ed0fa,FT,yes_no_mixed,0,10,hedgeqa_oracle,,False,,1.0,True,0.6730116670092565,0.6520057413074194,0.021005925701837125,0.6980116670092565,0.7020057413074194,0.0,0.4854752972273344,0.4703227248076732,0.01515257241966122,0.03121182994521284,mixed,1.0,1.0,1.0,"{""yes"": 0.0, ""no"": 0.0, ""mixed"": 0.6, ""insufficient_data"": 0.4}",0.6108643020548935,0.6931471805599453,10,10,0.0,False,1.52,2.4849066497880004,0.0,0.0,,qwen3.6:35b-a3b-q8_0,fintradebench,none,committed
hqa_FTB_5d6ed0fa,FT,yes_no_mixed,1,10,hedgeqa_oracle,,False,,1.0,True,0.8556886672556694,0.1625414866957241,0.6931471805599453,0.9056886672556694,0.1875414866957241,0.7181471805599453,0.6172488983973203,0.11724889839732029,0.5,0.8100459981350219,insufficient_data,0.95,1.0,0.9,"{""yes"": 0.0, ""no"": 0.05, ""mixed"": 0.45, ""insufficient_data"": 0.5}",-0.0,0.3250829733914482,10,10,0.05,False,1.355,2.1484344131667874,0.0,0.1,,qwen3.6:35b-a3b-q8_0,fintradebench,none,committed
hqa_FTB_5db8c06c,T,screening_top1,0,10,hedgeqa_oracle,,False,,1.0,True,0.8237197315118311,0.6560217633297167,0.16769796818211435,0.8737197315118311,0.7310217633297167,0.14269796818211444,0.5118058454743646,0.4076092393881507,0.1041966060862139,0.2035861977888115,LRCX,0.05,0.1,0.0,"{""MU"": 0.35, ""WBD"": 0.0, ""APP"": 0.0, ""LRCX"": 0.6, ""none_clear"": 0.05}",0.639031859650177,0.6730116670092565,10,10,0.35,False,0.7850000000000001,1.2039728043259361,0.1,0.6,,qwen3.6:35b-a3b-q8_0,fintradebench,none,committed
hqa_FTB_5db8c06c,T,screening_top1,1,10,hedgeqa_oracle,,False,,1.0,True,1.2870215789352992,0.8328922350205188,0.45412934391478044,1.3620215789352992,0.907892235020519,0.4541293439147802,0.7996714685245725,0.5175050423416829,0.28216642618288956,0.3528529368485517,APP,0.35,0.0,0.7,"{""MU"": 0.0, ""WBD"": 0.2, ""APP"": 0.35, ""LRCX"": 0.1, ""none_clear"": 0.35}",1.0549201679861442,0.6108643020548935,10,10,0.0,False,1.2950000000000002,2.70805020110221,0.0,0.0,,qwen3.6:35b-a3b-q8_0,fintradebench,none,committed
hqa_FTB_624fddfe,F,open_summary_with_canonical_claim,0,10,hedgeqa_oracle,,False,,1.0,True,0.9376369622724494,0.9157357833039554,0.021901178968493973,0.9876369622724495,1.0157357833039555,0.0,0.8534739433956114,0.8335386311891135,0.01993531220649791,0.02335784514660605,claim_true,0.25,0.2,0.3,"{""claim_true"": 0.6, ""claim_false"": 0.15, ""mixed"": 0.25}",0.8018185525433373,1.0296530140645737,10,10,0.6,True,0.24500000000000005,0.6711682738411702,0.7,0.5,,qwen3.6:35b-a3b-q8_0,fintradebench,none,committed
hqa_FTB_624fddfe,F,open_summary_with_canonical_claim,1,10,hedgeqa_oracle,,False,,1.0,True,0.7460326647147849,0.5091150769756967,0.23691758773908822,0.796032664714785,0.5591150769756967,0.23691758773908822,0.6790681957683444,0.4634165139304209,0.21565168183792355,0.31756999250115137,mixed,0.7,0.5,0.9,"{""claim_true"": 0.25, ""claim_false"": 0.05, ""mixed"": 0.7}",0.6931471805599453,0.3250829733914482,10,10,0.25,False,1.055,1.2809338454620642,0.5,0.0,,qwen3.6:35b-a3b-q8_0,fintradebench,none,committed
hqa_FTB_664ec26b,F,graded_judgment,0,10,hedgeqa_oracle,,False,,1.0,True,0.1985152433458726,0.1625414866957241,0.035973756650148486,0.22351524334587258,0.1875414866957241,0.035973756650148486,0.1431984785579781,0.11724889839732029,0.025949580160657796,0.18121407728610292,moderate,0.0,0.0,0.0,"{""efficient"": 0.05, ""moderate"": 0.95, ""inefficient"": 0.0, ""insufficient_data"": 0.0}",-0.0,0.3250829733914482,10,10,0.95,True,0.0050000000000000044,0.33314444652853825,1.0,0.9,,qwen3.6:35b-a3b-q8_0,fintradebench,none,committed
hqa_FTB_664ec26b,F,graded_judgment,1,10,hedgeqa_oracle,,False,,1.0,True,0.3250829733914482,0.25020121176909393,0.07488176162235427,0.3500829733914482,0.27520121176909396,0.07488176162235427,0.23449779679464058,0.18048202372184058,0.054015773072800005,0.23034661225454434,moderate,0.0,0.0,0.0,"{""efficient"": 0.1, ""moderate"": 0.9, ""inefficient"": 0.0, ""insufficient_data"": 0.0}",0.5004024235381879,-0.0,10,10,0.9,True,0.019999999999999997,0.380772495517793,0.8,1.0,,qwen3.6:35b-a3b-q8_0,fintradebench,none,committed
hqa_FTB_6b974835,F,yes_no_mixed,0,10,hedgeqa_oracle,,False,,1.0,True,0.6931471805599453,0.0,0.6931471805599453,0.7181471805599453,0.0,0.7181471805599453,0.5,0.0,0.5,1.0,no,0.5,0.0,1.0,"{""yes"": 0.0, ""no"": 0.5, ""mixed"": 0.5, ""insufficient_data"": 0.0}",-0.0,-0.0,10,10,0.5,False,0.5,0.8754687373538999,0.0,1.0,,qwen3.6:35b-a3b-q8_0,fintradebench,none,noncommitted
hqa_FTB_6b974835,F,yes_no_mixed,1,10,hedgeqa_oracle,,False,,1.0,True,0.42270908780599087,0.30543215102744675,0.11727693677854412,0.4477090878059909,0.3304321510274468,0.11727693677854412,0.30492015235820025,0.22032272480767318,0.08459742755052704,0.2774412478029577,no,0.15,0.0,0.3,"{""yes"": 0.0, ""no"": 0.85, ""mixed"": 0.15, ""insufficient_data"": 0.0}",-0.0,0.6108643020548935,10,10,0.15,False,1.4449999999999998,1.69644928942373,0.0,0.3,,qwen3.6:35b-a3b-q8_0,fintradebench,none,noncommitted
hqa_FTB_6f71b24d,FT,supportive_judgment,0,10,hedgeqa_oracle,,False,,1.0,True,-0.0,0.0,-0.0,0.0,0.0,0.0,-0.0,0.0,-0.0,0.0,conditional,1.0,1.0,1.0,"{""supportive"": 0.0, ""unsupportive"": 0.0, ""conditional"": 1.0, ""insufficient_data"": 0.0}",-0.0,-0.0,10,10,0.0,False,2.0,2.4849066497880004,0.0,0.0,,qwen3.6:35b-a3b-q8_0,fintradebench,none,committed
hqa_FTB_6f71b24d,FT,supportive_judgment,1,10,hedgeqa_oracle,,False,,1.0,True,-0.0,0.0,-0.0,0.0,0.0,0.0,-0.0,0.0,-0.0,0.0,conditional,1.0,1.0,1.0,"{""supportive"": 0.0, ""unsupportive"": 0.0, ""conditional"": 1.0, ""insufficient_data"": 0.0}",-0.0,-0.0,10,10,0.0,False,2.0,2.4849066497880004,0.0,0.0,,qwen3.6:35b-a3b-q8_0,fintradebench,none,committed
hqa_FTB_6fa9f26d,FT,category_choice,0,10,hedgeqa_oracle,,False,,1.0,True,0.4227090878059908,0.41274269846481804,0.009966389341172777,0.44770908780599084,0.4627426984648181,0.0,0.3049201523582002,0.2977309221191609,0.007189230239039294,0.0235774191487149,hold,0.15000000000000002,0.1,0.2,"{""hold"": 0.85, ""sell"": 0.0, ""conditional"": 0.15, ""insufficient_data"": 0.0}",0.3250829733914482,0.5004024235381879,10,10,0.8500000000000001,True,0.044999999999999984,0.4307829160924542,0.9,0.8,,qwen3.6:35b-a3b-q8_0,fintradebench,none,committed
hqa_FTB_6fa9f26d,FT,category_choice,1,10,hedgeqa_oracle,,False,,1.0,True,-0.0,0.0,-0.0,0.0,0.0,0.0,-0.0,0.0,-0.0,0.0,hold,0.0,0.0,0.0,"{""hold"": 1.0, ""sell"": 0.0, ""conditional"": 0.0, ""insufficient_data"": 0.0}",-0.0,-0.0,10,10,1.0,True,0.0,0.2876820724517809,1.0,1.0,,qwen3.6:35b-a3b-q8_0,fintradebench,none,committed
hqa_FTB_7199c7e7,FT,yes_no_mixed,0,10,hedgeqa_oracle,,False,,1.0,True,0.5623351446188083,0.49904732020035236,0.06328782441845593,0.5873351446188083,0.5490473202003524,0.03828782441845591,0.4056390622295664,0.3599865470109875,0.04565251521857891,0.11254467202357951,no,0.25,0.4,0.1,"{""yes"": 0.0, ""no"": 0.75, ""mixed"": 0.25, ""insufficient_data"": 0.0}",0.6730116670092565,0.3250829733914482,10,10,0.75,True,0.125,0.5389965007326869,0.6,0.9,,qwen3.6:35b-a3b-q8_0,fintradebench,none,committed
hqa_FTB_7199c7e7,FT,yes_no_mixed,1,10,hedgeqa_oracle,,False,,1.0,True,0.1985152433458726,0.1625414866957241,0.035973756650148486,0.22351524334587258,0.1875414866957241,0.035973756650148486,0.1431984785579781,0.11724889839732029,0.025949580160657796,0.18121407728610292,no,0.05,0.1,0.0,"{""yes"": 0.0, ""no"": 0.95, ""mixed"": 0.05, ""insufficient_data"": 0.0}",0.3250829733914482,-0.0,10,10,0.95,True,0.0050000000000000044,0.33314444652853825,0.9,1.0,,qwen3.6:35b-a3b-q8_0,fintradebench,none,committed
hqa_FTB_74433c22,FT,yes_no_mixed,0,10,hedgeqa_oracle,,False,,1.0,True,0.8451132568429528,0.6249480808525352,0.22016517599041763,0.8951132568429528,0.6999480808525352,0.1951651759904176,0.6096203523184245,0.45080474852951374,0.1588156037889107,0.26051558676629644,no,0.39999999999999997,0.1,0.7,"{""yes"": 0.05, ""no"": 0.55, ""mixed"": 0.4, ""insufficient_data"": 0.0}",0.639031859650177,0.6108643020548935,10,10,0.05,False,1.365,2.1484344131667874,0.1,0.0,,qwen3.6:35b-a3b-q8_0,fintradebench,none,committed
hqa_FTB_74433c22,FT,yes_no_mixed,1,10,hedgeqa_oracle,,False,,1.0,True,1.080527626604172,0.9991342801575918,0.08139334644658014,1.130527626604172,1.0991342801575916,0.03139334644658032,0.7794359242226802,0.720723035582761,0.058712888639919254,0.07532740898294205,mixed,0.4,0.4,0.4,"{""yes"": 0.25, ""no"": 0.35, ""mixed"": 0.4, ""insufficient_data"": 0.0}",1.0549201679861442,0.9433483923290392,10,10,0.25,False,0.845,1.3862943611198906,0.4,0.1,,qwen3.6:35b-a3b-q8_0,fintradebench,none,committed
hqa_FTB_77a9fd58,FT,supportive_judgment,0,10,hedgeqa_oracle,,False,,1.0,True,0.5004024235381879,0.33650583350462826,0.1638965900335596,0.5254024235381879,0.3615058335046283,0.1638965900335596,0.36096404744368116,0.2427376486136672,0.11822639883001398,0.3275295688512027,conditional,0.8,0.6,1.0,"{""supportive"": 0.2, ""unsupportive"": 0.0, ""conditional"": 0.8, ""insufficient_data"": 0.0}",0.6730116670092565,-0.0,10,10,0.8,True,0.07999999999999999,0.4834266495778762,0.6,1.0,,qwen3.6:35b-a3b-q8_0,fintradebench,none,noncommitted
hqa_FTB_77a9fd58,FT,supportive_judgment,1,10,hedgeqa_oracle,,False,,1.0,True,0.1985152433458726,0.1625414866957241,0.035973756650148486,0.22351524334587258,0.1875414866957241,0.035973756650148486,0.1431984785579781,0.11724889839732029,0.025949580160657796,0.18121407728610292,conditional,0.95,0.9,1.0,"{""supportive"": 0.05, ""unsupportive"": 0.0, ""conditional"": 0.95, ""insufficient_data"": 0.0}",0.3250829733914482,-0.0,10,10,0.95,True,0.0050000000000000044,0.33314444652853825,0.9,1.0,,qwen3.6:35b-a3b-q8_0,fintradebench,none,noncommitted
hqa_FTB_7b872c89,T,screening_top1,0,10,hedgeqa_oracle,,False,,1.0,True,-0.0,0.0,-0.0,0.0,0.0,0.0,-0.0,0.0,-0.0,0.0,TSLA,0.0,0.0,0.0,"{""NVDA"": 0.0, ""TSLA"": 1.0, ""MRVL"": 0.0, ""INTC"": 0.0, ""none_clear"": 0.0}",-0.0,-0.0,10,10,0.0,False,2.0,2.70805020110221,0.0,0.0,,qwen3.6:35b-a3b-q8_0,fintradebench,none,noncommitted
hqa_FTB_7b872c89,T,screening_top1,1,10,hedgeqa_oracle,,False,,1.0,True,-0.0,0.0,-0.0,0.0,0.0,0.0,-0.0,0.0,-0.0,0.0,TSLA,0.0,0.0,0.0,"{""NVDA"": 0.0, ""TSLA"": 1.0, ""MRVL"": 0.0, ""INTC"": 0.0, ""none_clear"": 0.0}",-0.0,-0.0,10,10,0.0,False,2.0,2.70805020110221,0.0,0.0,,qwen3.6:35b-a3b-q8_0,fintradebench,none,noncommitted
hqa_FTB_7c1b95b5,FT,category_choice,0,10,hedgeqa_oracle,,False,,1.0,True,0.8556886672556694,0.4820574165208126,0.3736312507348568,0.9056886672556694,0.5570574165208125,0.3486312507348569,0.6172488983973203,0.3477309221191609,0.2695179762781594,0.43664391621914556,value_trap,0.45,0.1,0.8,"{""contrarian_value_play"": 0.05, ""value_trap"": 0.5, ""mixed"": 0.45, ""insufficient_data"": 0.0}",0.3250829733914482,0.639031859650177,10,10,0.05,False,1.355,2.1484344131667874,0.0,0.1,,qwen3.6:35b-a3b-q8_0,fintradebench,none,committed
hqa_FTB_7c1b95b5,FT,category_choice,1,10,hedgeqa_oracle,,False,,1.0,True,0.9502705392332347,0.706991474368336,0.2432790648648987,1.0002705392332347,0.781991474368336,0.21827906486489868,0.6854752972273345,0.5099865470109876,0.1754887502163469,0.2560103200307552,value_trap,0.2,0.1,0.3,"{""contrarian_value_play"": 0.2, ""value_trap"": 0.6, ""mixed"": 0.2, ""insufficient_data"": 0.0}",0.3250829733914482,1.0888999753452238,10,10,0.2,False,1.04,1.529395204760564,0.0,0.4,,qwen3.6:35b-a3b-q8_0,fintradebench,none,committed
hqa_FTB_7d9b0eea,F,yes_no_mixed,0,10,hedgeqa_oracle,,False,,1.0,True,0.9745701894462542,0.8513323405369151,0.12323784890933909,1.0245701894462542,0.9263323405369152,0.09823784890933906,0.7030037896561643,0.6141064729205008,0.08889731673566342,0.1264535384356074,mixed,0.8500000000000001,1.0,0.7,"{""yes"": 0.15, ""no"": 0.0, ""mixed"": 0.55, ""insufficient_data"": 0.3}",0.6730116670092565,1.0296530140645737,10,10,0.15,False,1.115,1.69644928942373,0.0,0.3,,qwen3.6:35b-a3b-q8_0,fintradebench,none,committed
hqa_FTB_7d9b0eea,F,yes_no_mixed,1,10,hedgeqa_oracle,,False,,1.0,True,-0.0,0.0,-0.0,0.0,0.0,0.0,-0.0,0.0,-0.0,0.0,mixed,1.0,1.0,1.0,"{""yes"": 0.0, ""no"": 0.0, ""mixed"": 1.0, ""insufficient_data"": 0.0}",-0.0,-0.0,10,10,0.0,False,2.0,2.4849066497880004,0.0,0.0,,qwen3.6:35b-a3b-q8_0,fintradebench,none,committed
hqa_FTB_7dbce4b0,F,open_summary_with_canonical_claim,0,10,hedgeqa_oracle,,False,,1.0,True,-0.0,0.0,-0.0,0.0,0.0,0.0,-0.0,0.0,-0.0,0.0,mixed,1.0,1.0,1.0,"{""claim_true"": 0.0, ""claim_false"": 0.0, ""mixed"": 1.0}",-0.0,-0.0,10,10,0.0,False,2.0,2.1972245773362196,0.0,0.0,,qwen3.6:35b-a3b-q8_0,fintradebench,none,committed
hqa_FTB_7dbce4b0,F,open_summary_with_canonical_claim,1,10,hedgeqa_oracle,,False,,1.0,True,0.1985152433458726,0.1625414866957241,0.035973756650148486,0.22351524334587258,0.1875414866957241,0.035973756650148486,0.18069636157678548,0.14795163714469228,0.032744724432093204,0.18121407728610292,mixed,0.95,0.9,1.0,"{""claim_true"": 0.0, ""claim_false"": 0.05, ""mixed"": 0.95}",0.3250829733914482,-0.0,10,10,0.0,False,1.9049999999999998,2.197224577336219,0.0,0.0,,qwen3.6:35b-a3b-q8_0,fintradebench,none,committed
hqa_FTB_7ffcdb70,FT,supportive_judgment,0,10,hedgeqa_oracle,,False,,1.0,True,-0.0,0.0,-0.0,0.0,0.0,0.0,-0.0,0.0,-0.0,0.0,unsupportive,0.0,0.0,0.0,"{""supportive"": 0.0, ""unsupportive"": 1.0, ""conditional"": 0.0, ""insufficient_data"": 0.0}",-0.0,-0.0,10,10,1.0,True,0.0,0.2876820724517809,1.0,1.0,,qwen3.6:35b-a3b-q8_0,fintradebench,none,committed
hqa_FTB_7ffcdb70,FT,supportive_judgment,1,10,hedgeqa_oracle,,False,,1.0,True,-0.0,0.0,-0.0,0.0,0.0,0.0,-0.0,0.0,-0.0,0.0,unsupportive,0.0,0.0,0.0,"{""supportive"": 0.0, ""unsupportive"": 1.0, ""conditional"": 0.0, ""insufficient_data"": 0.0}",-0.0,-0.0,10,10,1.0,True,0.0,0.2876820724517809,1.0,1.0,,qwen3.6:35b-a3b-q8_0,fintradebench,none,committed
hqa_FTB_8315fbdd,T,screening_top1,0,10,hedgeqa_oracle,,False,,1.0,True,1.5217781873607308,1.4877983800016512,0.03397980735907957,1.6217781873607309,1.687798380001651,0.0,0.9455339504580244,0.9244211090762224,0.021112841381801924,0.022329014597069402,TRI,0.15000000000000002,0.2,0.1,"{""CMCSA"": 0.15, ""TEAM"": 0.1, ""KDP"": 0.3, ""TRI"": 0.3, ""none_clear"": 0.15}",1.5571130980576458,1.4184836619456564,10,10,0.15000000000000002,False,0.9349999999999998,1.791759469228055,0.2,0.1,,qwen3.6:35b-a3b-q8_0,fintradebench,none,committed
hqa_FTB_8315fbdd,T,screening_top1,1,10,hedgeqa_oracle,,False,,1.0,True,0.926506603289533,0.40090927627166867,0.5255973270178644,0.9765066032895331,0.45090927627166866,0.5255973270178644,0.5756709197239502,0.2490989389365986,0.3265719807873517,0.5672893481295733,CMCSA,0.1,0.2,0.0,"{""CMCSA"": 0.55, ""TEAM"": 0.35, ""KDP"": 0.0, ""TRI"": 0.0, ""none_clear"": 0.1}",0.8018185525433373,-0.0,10,10,0.55,True,0.33499999999999996,0.8362480242006186,0.1,1.0,,qwen3.6:35b-a3b-q8_0,fintradebench,none,committed
hqa_FTB_8647404c,FT,supportive_judgment,0,10,hedgeqa_oracle,,False,,1.0,True,0.5623351446188083,0.49904732020035236,0.06328782441845593,0.5873351446188083,0.5490473202003524,0.03828782441845591,0.4056390622295664,0.3599865470109875,0.04565251521857891,0.11254467202357951,conditional,0.75,0.9,0.6,"{""supportive"": 0.0, ""unsupportive"": 0.25, ""conditional"": 0.75, ""insufficient_data"": 0.0}",0.3250829733914482,0.6730116670092565,10,10,0.75,True,0.125,0.5389965007326869,0.9,0.6,,qwen3.6:35b-a3b-q8_0,fintradebench,none,noncommitted
hqa_FTB_8647404c,FT,supportive_judgment,1,10,hedgeqa_oracle,,False,,1.0,True,-0.0,0.0,-0.0,0.0,0.0,0.0,-0.0,0.0,-0.0,0.0,conditional,1.0,1.0,1.0,"{""supportive"": 0.0, ""unsupportive"": 0.0, ""conditional"": 1.0, ""insufficient_data"": 0.0}",-0.0,-0.0,10,10,1.0,True,0.0,0.2876820724517809,1.0,1.0,,qwen3.6:35b-a3b-q8_0,fintradebench,none,noncommitted
hqa_FTB_869351e8,F,open_summary_with_canonical_claim,0,10,hedgeqa_oracle,,False,,1.0,True,0.9376369622724492,0.7946511994417058,0.14298576283074338,0.9876369622724492,0.8696511994417059,0.11798576283074336,0.8534739433956112,0.723322693217907,0.13015125017770424,0.15249586842673551,claim_true,0.25,0.3,0.2,"{""claim_true"": 0.6, ""claim_false"": 0.15, ""mixed"": 0.25}",1.0888999753452238,0.5004024235381879,10,10,0.6000000000000001,True,0.2449999999999999,0.67116827384117,0.4,0.8,,qwen3.6:35b-a3b-q8_0,fintradebench,none,committed
hqa_FTB_869351e8,F,open_summary_with_canonical_claim,1,10,hedgeqa_oracle,,False,,1.0,True,0.1985152433458726,0.1625414866957241,0.035973756650148486,0.22351524334587258,0.1875414866957241,0.035973756650148486,0.18069636157678548,0.14795163714469228,0.032744724432093204,0.18121407728610292,claim_true,0.05,0.1,0.0,"{""claim_true"": 0.95, ""claim_false"": 0.0, ""mixed"": 0.05}",0.3250829733914482,-0.0,10,10,0.95,True,0.0050000000000000044,0.29511705093929896,0.9,1.0,,qwen3.6:35b-a3b-q8_0,fintradebench,none,committed
hqa_FTB_88541c51,FT,supportive_judgment,0,10,hedgeqa_oracle,,False,,1.0,True,0.6730116670092565,0.46797363772317085,0.20503802928608567,0.6980116670092565,0.5179736377231708,0.1800380292860857,0.4854752972273344,0.33757162320499345,0.14790367402234092,0.30465746633671004,conditional,0.6,0.3,0.9,"{""supportive"": 0.0, ""unsupportive"": 0.4, ""conditional"": 0.6, ""insufficient_data"": 0.0}",0.6108643020548935,0.3250829733914482,10,10,0.39999999999999997,False,0.7200000000000001,1.0498221244986778,0.7,0.1,,qwen3.6:35b-a3b-q8_0,fintradebench,none,committed
hqa_FTB_88541c51,FT,supportive_judgment,1,10,hedgeqa_oracle,,False,,1.0,True,0.6730116670092565,0.6730116670092565,0.0,0.6980116670092565,0.7230116670092566,0.0,0.4854752972273344,0.4854752972273344,0.0,0.0,conditional,0.6,0.6,0.6,"{""supportive"": 0.0, ""unsupportive"": 0.4, ""conditional"": 0.6, ""insufficient_data"": 0.0}",0.6730116670092565,0.6730116670092565,10,10,0.4,False,0.72,1.0498221244986776,0.4,0.4,,qwen3.6:35b-a3b-q8_0,fintradebench,none,committed
hqa_FTB_8c3f38fa,FT,yes_no_mixed,0,10,hedgeqa_oracle,,False,,1.0,True,-0.0,0.0,-0.0,0.0,0.0,0.0,-0.0,0.0,-0.0,0.0,mixed,1.0,1.0,1.0,"{""yes"": 0.0, ""no"": 0.0, ""mixed"": 1.0, ""insufficient_data"": 0.0}",-0.0,-0.0,10,10,1.0,True,0.0,0.2876820724517809,1.0,1.0,,qwen3.6:35b-a3b-q8_0,fintradebench,none,noncommitted
hqa_FTB_8c3f38fa,FT,yes_no_mixed,1,10,hedgeqa_oracle,,False,,1.0,True,0.1985152433458726,0.1625414866957241,0.035973756650148486,0.22351524334587258,0.1875414866957241,0.035973756650148486,0.1431984785579781,0.11724889839732029,0.025949580160657796,0.18121407728610292,mixed,0.95,0.9,1.0,"{""yes"": 0.0, ""no"": 0.05, ""mixed"": 0.95, ""insufficient_data"": 0.0}",0.3250829733914482,-0.0,10,10,0.95,True,0.0050000000000000044,0.33314444652853825,0.9,1.0,,qwen3.6:35b-a3b-q8_0,fintradebench,none,noncommitted
hqa_FTB_8ed2e330,F,category_choice,0,10,hedgeqa_oracle,,False,,1.0,True,0.39439769144744274,0.3195159298250885,0.07488176162235427,0.44439769144744273,0.36951592982508846,0.07488176162235427,0.2844977967946406,0.2304820237218406,0.054015773072800005,0.18986359009236994,productive,0.1,0.0,0.2,"{""productive"": 0.9, ""aging"": 0.0, ""mixed"": 0.05, ""insufficient_data"": 0.05}",-0.0,0.639031859650177,10,10,0.0,False,1.815,2.4849066497880004,0.0,0.0,,qwen3.6:35b-a3b-q8_0,fintradebench,none,committed
hqa_FTB_8ed2e330,F,category_choice,1,10,hedgeqa_oracle,,False,,1.0,True,-0.0,0.0,-0.0,0.0,0.0,0.0,-0.0,0.0,-0.0,0.0,productive,0.0,0.0,0.0,"{""productive"": 1.0, ""aging"": 0.0, ""mixed"": 0.0, ""insufficient_data"": 0.0}",-0.0,-0.0,10,10,0.0,False,2.0,2.4849066497880004,0.0,0.0,,qwen3.6:35b-a3b-q8_0,fintradebench,none,committed
hqa_FTB_90f40b4c,F,open_summary_with_canonical_claim,0,10,hedgeqa_oracle,,False,,1.0,True,0.1985152433458726,0.1625414866957241,0.035973756650148486,0.22351524334587258,0.1875414866957241,0.035973756650148486,0.18069636157678548,0.14795163714469228,0.032744724432093204,0.18121407728610292,mixed,0.95,0.9,1.0,"{""claim_true"": 0.05, ""claim_false"": 0.0, ""mixed"": 0.95}",0.3250829733914482,-0.0,10,10,0.95,True,0.0050000000000000044,0.29511705093929896,0.9,1.0,,qwen3.6:35b-a3b-q8_0,fintradebench,none,noncommitted
hqa_FTB_90f40b4c,F,open_summary_with_canonical_claim,1,10,hedgeqa_oracle,,False,,1.0,True,-0.0,0.0,-0.0,0.0,0.0,0.0,-0.0,0.0,-0.0,0.0,mixed,1.0,1.0,1.0,"{""claim_true"": 0.0, ""claim_false"": 0.0, ""mixed"": 1.0}",-0.0,-0.0,10,10,1.0,True,0.0,0.25131442828090605,1.0,1.0,,qwen3.6:35b-a3b-q8_0,fintradebench,none,noncommitted
hqa_FTB_9175a3ca,T,screening_top1,0,10,hedgeqa_oracle,,False,,1.0,True,-0.0,0.0,-0.0,0.0,0.0,0.0,-0.0,0.0,-0.0,0.0,TRI,0.0,0.0,0.0,"{""INTC"": 0.0, ""ASML"": 0.0, ""TRI"": 1.0, ""MRVL"": 0.0, ""none_clear"": 0.0}",-0.0,-0.0,10,10,0.0,False,2.0,2.70805020110221,0.0,0.0,,qwen3.6:35b-a3b-q8_0,fintradebench,none,committed
hqa_FTB_9175a3ca,T,screening_top1,1,10,hedgeqa_oracle,,False,,1.0,True,0.1985152433458726,0.1625414866957241,0.035973756650148486,0.22351524334587258,0.1875414866957241,0.035973756650148486,0.12334445573339317,0.10099270399930975,0.02235175173408341,0.18121407728610292,TRI,0.0,0.0,0.0,"{""INTC"": 0.0, ""ASML"": 0.0, ""TRI"": 0.95, ""MRVL"": 0.05, ""none_clear"": 0.0}",-0.0,0.3250829733914482,10,10,0.0,False,1.9049999999999998,2.70805020110221,0.0,0.0,,qwen3.6:35b-a3b-q8_0,fintradebench,none,committed
hqa_FTB_9216ec7b,F,open_summary_with_canonical_claim,0,10,hedgeqa_oracle,,False,,1.0,True,0.6730116670092563,0.5867070452737222,0.0863046217355341,0.6980116670092563,0.6367070452737222,0.06130462173553408,0.612601619289344,0.5340437671464697,0.0785578521428743,0.12823644219877559,mixed,0.6000000000000001,0.4,0.8,"{""claim_true"": 0.4, ""claim_false"": 0.0, ""mixed"": 0.6}",0.6730116670092565,0.5004024235381879,10,10,0.4,False,0.7200000000000001,0.9734491457141036,0.6,0.2,,qwen3.6:35b-a3b-q8_0,fintradebench,none,committed
hqa_FTB_9216ec7b,F,open_summary_with_canonical_claim,1,10,hedgeqa_oracle,,False,,1.0,True,0.6474466390346325,0.30543215102744675,0.34201448800718576,0.6724466390346325,0.3304321510274468,0.34201448800718576,0.589331327997029,0.2780163249381945,0.31131500305883447,0.5282512370705057,claim_true,0.35,0.7,0.0,"{""claim_true"": 0.65, ""claim_false"": 0.0, ""mixed"": 0.35}",0.6108643020548935,-0.0,10,10,0.65,True,0.24499999999999997,0.6079893722196383,0.3,1.0,,qwen3.6:35b-a3b-q8_0,fintradebench,none,committed
hqa_FTB_921c1811,FT,yes_no_mixed,0,10,hedgeqa_oracle,,False,,1.0,True,0.6108643020548935,0.33650583350462826,0.27435846855026524,0.6358643020548935,0.3615058335046283,0.27435846855026524,0.44064544961534635,0.2427376486136672,0.19790780100167915,0.4491316117627886,mixed,0.7,0.4,1.0,"{""yes"": 0.0, ""no"": 0.3, ""mixed"": 0.7, ""insufficient_data"": 0.0}",0.6730116670092565,-0.0,10,10,0.7,True,0.18000000000000002,0.5978370007556204,0.4,1.0,,qwen3.6:35b-a3b-q8_0,fintradebench,none,noncommitted
hqa_FTB_921c1811,FT,yes_no_mixed,1,10,hedgeqa_oracle,,False,,1.0,True,0.1985152433458726,0.1625414866957241,0.035973756650148486,0.22351524334587258,0.1875414866957241,0.035973756650148486,0.1431984785579781,0.11724889839732029,0.025949580160657796,0.18121407728610292,mixed,0.95,1.0,0.9,"{""yes"": 0.0, ""no"": 0.05, ""mixed"": 0.95, ""insufficient_data"": 0.0}",-0.0,0.3250829733914482,10,10,0.95,True,0.0050000000000000044,0.33314444652853825,1.0,0.9,,qwen3.6:35b-a3b-q8_0,fintradebench,none,noncommitted
hqa_FTB_94705863,F,open_summary_with_canonical_claim,0,10,hedgeqa_oracle,,False,,1.0,True,0.6474466390346325,0.641937984532075,0.005508654502557553,0.6724466390346325,0.691937984532075,0.0,0.589331327997029,0.5843171345828666,0.005014193414162432,0.008508275694767935,mixed,0.6499999999999999,0.7,0.6,"{""claim_true"": 0.35, ""claim_false"": 0.0, ""mixed"": 0.65}",0.6108643020548935,0.6730116670092565,10,10,0.35000000000000003,False,0.845,1.0658224658451187,0.3,0.4,,qwen3.6:35b-a3b-q8_0,fintradebench,none,committed
hqa_FTB_94705863,F,open_summary_with_canonical_claim,1,10,hedgeqa_oracle,,False,,1.0,True,0.6474466390346325,0.49904732020035236,0.14839931883428015,0.6724466390346325,0.5490473202003524,0.12339931883428013,0.589331327997029,0.4542524467893644,0.13507888120766462,0.22920702632042259,mixed,0.65,0.9,0.4,"{""claim_true"": 0.35, ""claim_false"": 0.0, ""mixed"": 0.65}",0.3250829733914482,0.6730116670092565,10,10,0.35,False,0.8450000000000001,1.065822465845119,0.1,0.6,,qwen3.6:35b-a3b-q8_0,fintradebench,none,committed
hqa_FTB_9a70a1f9,F,category_choice,0,10,hedgeqa_oracle,,False,,1.0,True,-0.0,0.0,-0.0,0.0,0.0,0.0,-0.0,0.0,-0.0,0.0,growth,0.0,0.0,0.0,"{""growth"": 1.0, ""value"": 0.0, ""mixed"": 0.0, ""insufficient_data"": 0.0}",-0.0,-0.0,10,10,1.0,True,0.0,0.2876820724517809,1.0,1.0,,qwen3.6:35b-a3b-q8_0,fintradebench,none,committed
hqa_FTB_9a70a1f9,F,category_choice,1,10,hedgeqa_oracle,,False,,1.0,True,-0.0,0.0,-0.0,0.0,0.0,0.0,-0.0,0.0,-0.0,0.0,growth,0.0,0.0,0.0,"{""growth"": 1.0, ""value"": 0.0, ""mixed"": 0.0, ""insufficient_data"": 0.0}",-0.0,-0.0,10,10,1.0,True,0.0,0.2876820724517809,1.0,1.0,,qwen3.6:35b-a3b-q8_0,fintradebench,none,committed
hqa_FTB_a0c0d5cc,FT,supportive_judgment,0,10,hedgeqa_oracle,,False,,1.0,True,0.5623351446188083,0.5556333627965406,0.006701781822267661,0.5873351446188083,0.6056333627965407,0.0,0.4056390622295664,0.4008047485295137,0.004834313700052677,0.01191777161075468,conditional,0.75,0.7,0.8,"{""supportive"": 0.0, ""unsupportive"": 0.25, ""conditional"": 0.75, ""insufficient_data"": 0.0}",0.6108643020548935,0.5004024235381879,10,10,0.25,False,1.125,1.3862943611198906,0.3,0.2,,qwen3.6:35b-a3b-q8_0,fintradebench,none,committed
hqa_FTB_a0c0d5cc,FT,supportive_judgment,1,10,hedgeqa_oracle,,False,,1.0,True,0.6730116670092565,0.6730116670092565,0.0,0.6980116670092565,0.7230116670092566,0.0,0.4854752972273344,0.4854752972273344,0.0,0.0,unsupportive,0.4,0.4,0.4,"{""supportive"": 0.0, ""unsupportive"": 0.6, ""conditional"": 0.4, ""insufficient_data"": 0.0}",0.6730116670092565,0.6730116670092565,10,10,0.6,True,0.32000000000000006,0.7270487322356266,0.6,0.6,,qwen3.6:35b-a3b-q8_0,fintradebench,none,committed
hqa_FTB_a14e5de6,F,premise_check,0,10,hedgeqa_oracle,,False,,1.0,True,0.1985152433458726,0.1625414866957241,0.035973756650148486,0.22351524334587258,0.1875414866957241,0.035973756650148486,0.18069636157678548,0.14795163714469228,0.032744724432093204,0.18121407728610292,premise_false,0.05,0.0,0.1,"{""premise_false"": 0.95, ""premise_true_explained"": 0.0, ""insufficient_data"": 0.05}",-0.0,0.3250829733914482,10,10,0.95,True,0.0050000000000000044,0.29511705093929896,1.0,0.9,,qwen3.6:35b-a3b-q8_0,fintradebench,none,committed
hqa_FTB_a14e5de6,F,premise_check,1,10,hedgeqa_oracle,,False,,1.0,True,-0.0,0.0,-0.0,0.0,0.0,0.0,-0.0,0.0,-0.0,0.0,premise_false,0.0,0.0,0.0,"{""premise_false"": 1.0, ""premise_true_explained"": 0.0, ""insufficient_data"": 0.0}",-0.0,-0.0,10,10,1.0,True,0.0,0.25131442828090605,1.0,1.0,,qwen3.6:35b-a3b-q8_0,fintradebench,none,committed
hqa_FTB_a32e1559,FT,yes_no_mixed,0,10,hedgeqa_oracle,,False,,1.0,True,-0.0,0.0,-0.0,0.0,0.0,0.0,-0.0,0.0,-0.0,0.0,mixed,1.0,1.0,1.0,"{""yes"": 0.0, ""no"": 0.0, ""mixed"": 1.0, ""insufficient_data"": 0.0}",-0.0,-0.0,10,10,0.0,False,2.0,2.4849066497880004,0.0,0.0,,qwen3.6:35b-a3b-q8_0,fintradebench,none,committed
hqa_FTB_a32e1559,FT,yes_no_mixed,1,10,hedgeqa_oracle,,False,,1.0,True,0.1985152433458726,0.1625414866957241,0.035973756650148486,0.22351524334587258,0.1875414866957241,0.035973756650148486,0.1431984785579781,0.11724889839732029,0.025949580160657796,0.18121407728610292,mixed,0.95,0.9,1.0,"{""yes"": 0.05, ""no"": 0.0, ""mixed"": 0.95, ""insufficient_data"": 0.0}",0.3250829733914482,-0.0,10,10,0.05,False,1.805,2.1484344131667874,0.1,0.0,,qwen3.6:35b-a3b-q8_0,fintradebench,none,committed
hqa_FTB_a5c1c626,T,screening_top1,0,10,hedgeqa_oracle,,False,,1.0,True,0.39439769144744274,0.3250829733914482,0.06931471805599454,0.44439769144744273,0.3750829733914482,0.06931471805599454,0.24505306380595882,0.2019854079986195,0.04306765580733931,0.17574828544662358,APP,0.05,0.1,0.0,"{""APP"": 0.9, ""LRCX"": 0.0, ""MNST"": 0.0, ""INTC"": 0.05, ""none_clear"": 0.05}",0.3250829733914482,0.3250829733914482,10,10,0.9,True,0.014999999999999996,0.4054651081081643,0.9,0.9,,qwen3.6:35b-a3b-q8_0,fintradebench,none,committed
hqa_FTB_a5c1c626,T,screening_top1,1,10,hedgeqa_oracle,,False,,1.0,True,0.6128694524619496,0.5697171415941824,0.04315231086776716,0.6628694524619496,0.6447171415941824,0.018152310867767252,0.3807972011390306,0.35398516288991044,0.026812038249120138,0.07041028182171684,APP,0.05,0.0,0.1,"{""APP"": 0.8, ""LRCX"": 0.15, ""MNST"": 0.0, ""INTC"": 0.0, ""none_clear"": 0.05}",0.5004024235381879,0.639031859650177,10,10,0.8,True,0.06499999999999999,0.5108256237659905,0.8,0.8,,qwen3.6:35b-a3b-q8_0,fintradebench,none,committed
hqa_FTB_a6d883cc,FT,supportive_judgment,0,10,hedgeqa_oracle,,False,,1.0,True,0.6474466390346325,0.641937984532075,0.005508654502557553,0.6724466390346325,0.691937984532075,0.0,0.46703402768774555,0.4630603734213403,0.003973654266405221,0.008508275694767935,conditional,0.6499999999999999,0.6,0.7,"{""supportive"": 0.35, ""unsupportive"": 0.0, ""conditional"": 0.65, ""insufficient_data"": 0.0}",0.6730116670092565,0.6108643020548935,10,10,0.35000000000000003,False,0.845,1.1499055830556602,0.4,0.3,,qwen3.6:35b-a3b-q8_0,fintradebench,none,committed
hqa_FTB_a6d883cc,FT,supportive_judgment,1,10,hedgeqa_oracle,,False,,1.0,True,0.3250829733914482,0.25020121176909393,0.07488176162235427,0.3500829733914482,0.27520121176909396,0.07488176162235427,0.23449779679464058,0.18048202372184058,0.054015773072800005,0.23034661225454434,conditional,0.9,0.8,1.0,"{""supportive"": 0.1, ""unsupportive"": 0.0, ""conditional"": 0.9, ""insufficient_data"": 0.0}",0.5004024235381879,-0.0,10,10,0.1,False,1.62,1.897119984885881,0.2,0.0,,qwen3.6:35b-a3b-q8_0,fintradebench,none,committed
hqa_FTB_a6f3790c,FT,category_choice,0,10,hedgeqa_oracle,,False,,1.0,True,0.5004024235381879,0.46797363772317085,0.032428785815017014,0.5254024235381879,0.5179736377231708,0.007428785815017047,0.36096404744368116,0.33757162320499345,0.023392424238687703,0.06480541318270061,take_profits,0.2,0.3,0.1,"{""sustainable"": 0.0, ""take_profits"": 0.8, ""mixed"": 0.2, ""insufficient_data"": 0.0}",0.6108643020548935,0.3250829733914482,10,10,0.8,True,0.07999999999999999,0.4834266495778762,0.7,0.9,,qwen3.6:35b-a3b-q8_0,fintradebench,none,committed
hqa_FTB_a6f3790c,FT,category_choice,1,10,hedgeqa_oracle,,False,,1.0,True,0.6108643020548935,0.5091150769756967,0.10174922507919681,0.6358643020548935,0.5591150769756967,0.07674922507919679,0.44064544961534635,0.3672488983973203,0.0733965512180261,0.16656600285353296,sustainable,0.3,0.5,0.1,"{""sustainable"": 0.7, ""take_profits"": 0.0, ""mixed"": 0.3, ""insufficient_data"": 0.0}",0.6931471805599453,0.3250829733914482,10,10,0.0,False,1.58,2.4849066497880004,0.0,0.0,,qwen3.6:35b-a3b-q8_0,fintradebench,none,committed
hqa_FTB_a809667e,FT,category_choice,0,10,hedgeqa_oracle,,False,,1.0,True,-0.0,0.0,-0.0,0.0,0.0,0.0,-0.0,0.0,-0.0,0.0,insufficient_data,1.0,1.0,1.0,"{""exposure_limits"": 0.0, ""diversification_offsets"": 0.0, ""mixed"": 0.0, ""insufficient_data"": 1.0}",-0.0,-0.0,10,10,0.0,False,2.0,2.4849066497880004,0.0,0.0,,qwen3.6:35b-a3b-q8_0,fintradebench,none,committed
hqa_FTB_a809667e,FT,category_choice,1,10,hedgeqa_oracle,,False,,1.0,True,-0.0,0.0,-0.0,0.0,0.0,0.0,-0.0,0.0,-0.0,0.0,insufficient_data,1.0,1.0,1.0,"{""exposure_limits"": 0.0, ""diversification_offsets"": 0.0, ""mixed"": 0.0, ""insufficient_data"": 1.0}",-0.0,-0.0,10,10,0.0,False,2.0,2.4849066497880004,0.0,0.0,,qwen3.6:35b-a3b-q8_0,fintradebench,none,committed
hqa_FTB_b1c0ad1d,F,category_choice,0,10,hedgeqa_oracle,,False,,1.0,True,0.5004024235381879,0.46797363772317085,0.032428785815017014,0.5254024235381879,0.5179736377231708,0.007428785815017047,0.36096404744368116,0.33757162320499345,0.023392424238687703,0.06480541318270061,smart_allocation,0.2,0.1,0.3,"{""red_flag"": 0.0, ""smart_allocation"": 0.8, ""mixed"": 0.2, ""insufficient_data"": 0.0}",0.3250829733914482,0.6108643020548935,10,10,0.8,True,0.07999999999999999,0.4834266495778762,0.9,0.7,,qwen3.6:35b-a3b-q8_0,fintradebench,none,committed
hqa_FTB_b1c0ad1d,F,category_choice,1,10,hedgeqa_oracle,,False,,1.0,True,0.6931471805599453,0.6931471805599453,0.0,0.7181471805599453,0.7431471805599453,0.0,0.5,0.5,0.0,0.0,smart_allocation,0.5,0.5,0.5,"{""red_flag"": 0.0, ""smart_allocation"": 0.5, ""mixed"": 0.5, ""insufficient_data"": 0.0}",0.6931471805599453,0.6931471805599453,10,10,0.5,True,0.5,0.8754687373538999,0.5,0.5,,qwen3.6:35b-a3b-q8_0,fintradebench,none,committed
hqa_FTB_b538ab74,FT,yes_no_mixed,0,10,hedgeqa_oracle,,False,,1.0,True,0.42270908780599087,0.30543215102744675,0.11727693677854412,0.4477090878059909,0.3304321510274468,0.11727693677854412,0.30492015235820025,0.22032272480767318,0.08459742755052704,0.2774412478029577,insufficient_data,1.0,1.0,1.0,"{""yes"": 0.0, ""no"": 0.0, ""mixed"": 0.15, ""insufficient_data"": 0.85}",-0.0,0.6108643020548935,10,10,0.15,False,1.4449999999999998,1.69644928942373,0.0,0.3,,qwen3.6:35b-a3b-q8_0,fintradebench,none,noncommitted
hqa_FTB_b538ab74,FT,yes_no_mixed,1,10,hedgeqa_oracle,,False,,1.0,True,0.9433483923290392,0.7063414272991154,0.2370069650299238,0.9933483923290393,0.7813414272991155,0.21200696502992378,0.6804820237218406,0.5095176371694331,0.17096438655240753,0.25124012184382455,mixed,0.6,0.3,0.8999999999999999,"{""yes"": 0.0, ""no"": 0.4, ""mixed"": 0.5, ""insufficient_data"": 0.1}",0.6108643020548935,0.8018185525433373,10,10,0.5000000000000001,True,0.41999999999999993,0.8754687373538997,0.3,0.7,,qwen3.6:35b-a3b-q8_0,fintradebench,none,noncommitted
hqa_FTB_b6b11beb,FT,yes_no_mixed,0,10,hedgeqa_oracle,,False,,1.0,True,0.7460326647147849,0.6342156828602438,0.11181698185454114,0.796032664714785,0.7092156828602438,0.08681698185454112,0.5381488128625995,0.45748991025824065,0.08065890260435886,0.1498821528106813,insufficient_data,0.95,1.0,0.9,"{""yes"": 0.05, ""no"": 0.0, ""mixed"": 0.25, ""insufficient_data"": 0.7}",0.3250829733914482,0.9433483923290393,10,10,0.25,False,1.055,1.3862943611198904,0.1,0.4,,qwen3.6:35b-a3b-q8_0,fintradebench,none,noncommitted
hqa_FTB_b6b11beb,FT,yes_no_mixed,1,10,hedgeqa_oracle,,False,,1.0,True,0.3250829733914482,0.3250829733914482,0.0,0.3500829733914482,0.3750829733914482,0.0,0.23449779679464058,0.23449779679464058,0.0,0.0,insufficient_data,0.9,0.9,0.9,"{""yes"": 0.0, ""no"": 0.1, ""mixed"": 0.0, ""insufficient_data"": 0.9}",0.3250829733914482,0.3250829733914482,10,10,0.0,False,1.82,2.4849066497880004,0.0,0.0,,qwen3.6:35b-a3b-q8_0,fintradebench,none,noncommitted
hqa_FTB_bcda6815,F,yes_no_mixed,0,10,hedgeqa_oracle,,False,,1.0,True,-0.0,0.0,-0.0,0.0,0.0,0.0,-0.0,0.0,-0.0,0.0,yes,0.0,0.0,0.0,"{""yes"": 1.0, ""no"": 0.0, ""mixed"": 0.0, ""insufficient_data"": 0.0}",-0.0,-0.0,10,10,0.0,False,2.0,2.4849066497880004,0.0,0.0,,qwen3.6:35b-a3b-q8_0,fintradebench,none,noncommitted
hqa_FTB_bcda6815,F,yes_no_mixed,1,10,hedgeqa_oracle,,False,,1.0,True,0.1985152433458726,0.1625414866957241,0.035973756650148486,0.22351524334587258,0.1875414866957241,0.035973756650148486,0.1431984785579781,0.11724889839732029,0.025949580160657796,0.18121407728610292,yes,0.05,0.0,0.1,"{""yes"": 0.95, ""no"": 0.0, ""mixed"": 0.05, ""insufficient_data"": 0.0}",-0.0,0.3250829733914482,10,10,0.05,False,1.805,2.1484344131667874,0.0,0.1,,qwen3.6:35b-a3b-q8_0,fintradebench,none,noncommitted
hqa_FTB_bd71b8fa,F,yes_no_mixed,0,10,hedgeqa_oracle,,False,,1.0,True,0.6881388137135884,0.41274269846481804,0.2753961152487704,0.7131388137135884,0.4627426984648181,0.25039611524877037,0.49638722699390414,0.2977309221191609,0.19865630487474326,0.40020430436495263,insufficient_data,1.0,1.0,1.0,"{""yes"": 0.0, ""no"": 0.0, ""mixed"": 0.45, ""insufficient_data"": 0.55}",0.3250829733914482,0.5004024235381879,10,10,0.45,False,0.6050000000000001,0.9588503462929511,0.1,0.8,,qwen3.6:35b-a3b-q8_0,fintradebench,none,noncommitted
hqa_FTB_bd71b8fa,F,yes_no_mixed,1,10,hedgeqa_oracle,,False,,1.0,True,0.6874357505033553,0.49904732020035236,0.1883884303030029,0.7374357505033553,0.5490473202003524,0.1883884303030029,0.4958800740904867,0.3599865470109875,0.1358935270794992,0.27404514555005444,mixed,0.95,0.9,1.0,"{""yes"": 0.0, ""no"": 0.05, ""mixed"": 0.75, ""insufficient_data"": 0.2}",0.3250829733914482,0.6730116670092565,10,10,0.75,True,0.10500000000000001,0.5389965007326869,0.9,0.6,,qwen3.6:35b-a3b-q8_0,fintradebench,none,noncommitted
hqa_FTB_be3741f7,FT,supportive_judgment,0,10,hedgeqa_oracle,,False,,1.0,True,-0.0,0.0,-0.0,0.0,0.0,0.0,-0.0,0.0,-0.0,0.0,conditional,1.0,1.0,1.0,"{""supportive"": 0.0, ""unsupportive"": 0.0, ""conditional"": 1.0, ""insufficient_data"": 0.0}",-0.0,-0.0,10,10,0.0,False,2.0,2.4849066497880004,0.0,0.0,,qwen3.6:35b-a3b-q8_0,fintradebench,none,committed
hqa_FTB_be3741f7,FT,supportive_judgment,1,10,hedgeqa_oracle,,False,,1.0,True,-0.0,0.0,-0.0,0.0,0.0,0.0,-0.0,0.0,-0.0,0.0,conditional,1.0,1.0,1.0,"{""supportive"": 0.0, ""unsupportive"": 0.0, ""conditional"": 1.0, ""insufficient_data"": 0.0}",-0.0,-0.0,10,10,0.0,False,2.0,2.4849066497880004,0.0,0.0,,qwen3.6:35b-a3b-q8_0,fintradebench,none,committed
hqa_FTB_be575006,FT,yes_no_mixed,0,10,hedgeqa_oracle,,False,,1.0,True,0.5623351446188083,0.34657359027997264,0.21576155433883565,0.5873351446188083,0.37157359027997267,0.21576155433883565,0.4056390622295664,0.25,0.15563906222956642,0.3836885465963443,mixed,0.75,0.5,1.0,"{""yes"": 0.0, ""no"": 0.25, ""mixed"": 0.75, ""insufficient_data"": 0.0}",0.6931471805599453,-0.0,10,10,0.75,True,0.125,0.5389965007326869,0.5,1.0,,qwen3.6:35b-a3b-q8_0,fintradebench,none,noncommitted
hqa_FTB_be575006,FT,yes_no_mixed,1,10,hedgeqa_oracle,,False,,1.0,True,0.5004024235381879,0.33650583350462826,0.1638965900335596,0.5254024235381879,0.3615058335046283,0.1638965900335596,0.36096404744368116,0.2427376486136672,0.11822639883001398,0.3275295688512027,mixed,0.8,0.6,1.0,"{""yes"": 0.0, ""no"": 0.2, ""mixed"": 0.8, ""insufficient_data"": 0.0}",0.6730116670092565,-0.0,10,10,0.8,True,0.07999999999999999,0.4834266495778762,0.6,1.0,,qwen3.6:35b-a3b-q8_0,fintradebench,none,noncommitted
hqa_FTB_bfc189ce,F,company_choice,0,10,hedgeqa_oracle,,False,,1.0,True,-0.0,0.0,-0.0,0.0,0.0,0.0,-0.0,0.0,-0.0,0.0,AMD,0.0,0.0,0.0,"{""AMD"": 1.0, ""INTC"": 0.0, ""insufficient_data"": 0.0}",-0.0,-0.0,10,10,1.0,True,0.0,0.25131442828090605,1.0,1.0,,qwen3.6:35b-a3b-q8_0,fintradebench,none,committed
hqa_FTB_bfc189ce,F,company_choice,1,10,hedgeqa_oracle,,False,,1.0,True,-0.0,0.0,-0.0,0.0,0.0,0.0,-0.0,0.0,-0.0,0.0,AMD,0.0,0.0,0.0,"{""AMD"": 1.0, ""INTC"": 0.0, ""insufficient_data"": 0.0}",-0.0,-0.0,10,10,1.0,True,0.0,0.25131442828090605,1.0,1.0,,qwen3.6:35b-a3b-q8_0,fintradebench,none,committed
hqa_FTB_c14e66f4,T,screening_top1,0,10,hedgeqa_oracle,,False,,1.0,True,0.6730116670092565,0.6520057413074194,0.021005925701837125,0.6980116670092565,0.7020057413074194,0.0,0.4181656600790517,0.40511394460773664,0.01305171547131504,0.03121182994521284,TTD,0.0,0.0,0.0,"{""APP"": 0.4, ""TSLA"": 0.0, ""COST"": 0.0, ""TTD"": 0.6, ""none_clear"": 0.0}",0.6108643020548935,0.6931471805599453,10,10,0.4,False,0.72,1.0986122886681098,0.3,0.5,,qwen3.6:35b-a3b-q8_0,fintradebench,none,committed
hqa_FTB_c14e66f4,T,screening_top1,1,10,hedgeqa_oracle,,False,,1.0,True,0.6881388137135884,0.641937984532075,0.04620082918151347,0.7131388137135884,0.691937984532075,0.021200829181513448,0.4275646847866614,0.3988584956105659,0.02870618917609548,0.06713882179118413,TTD,0.0,0.0,0.0,"{""APP"": 0.45, ""TSLA"": 0.0, ""COST"": 0.0, ""TTD"": 0.55, ""none_clear"": 0.0}",0.6108643020548935,0.6730116670092565,10,10,0.44999999999999996,False,0.6050000000000001,1.0033021088637848,0.3,0.6,,qwen3.6:35b-a3b-q8_0,fintradebench,none,committed
hqa_FTB_c63078f2,FT,category_choice,0,10,hedgeqa_oracle,,False,,1.0,True,-0.0,0.0,-0.0,0.0,0.0,0.0,-0.0,0.0,-0.0,0.0,wait,0.0,0.0,0.0,"{""buy_now"": 0.0, ""wait"": 1.0, ""insufficient_data"": 0.0}",-0.0,-0.0,10,10,1.0,True,0.0,0.25131442828090605,1.0,1.0,,qwen3.6:35b-a3b-q8_0,fintradebench,none,committed
hqa_FTB_c63078f2,FT,category_choice,1,10,hedgeqa_oracle,,False,,1.0,True,0.1985152433458726,0.1625414866957241,0.035973756650148486,0.22351524334587258,0.1875414866957241,0.035973756650148486,0.18069636157678548,0.14795163714469228,0.032744724432093204,0.18121407728610292,wait,0.0,0.0,0.0,"{""buy_now"": 0.05, ""wait"": 0.95, ""insufficient_data"": 0.0}",0.3250829733914482,-0.0,10,10,0.95,True,0.0050000000000000044,0.29511705093929913,0.9,1.0,,qwen3.6:35b-a3b-q8_0,fintradebench,none,committed
hqa_FTB_c71bc114,F,company_choice,0,10,hedgeqa_oracle,,False,,1.0,True,-0.0,0.0,-0.0,0.0,0.0,0.0,-0.0,0.0,-0.0,0.0,AAPL,0.0,0.0,0.0,"{""NFLX"": 0.0, ""AAPL"": 1.0, ""insufficient_data"": 0.0}",-0.0,-0.0,10,10,1.0,True,0.0,0.25131442828090605,1.0,1.0,,qwen3.6:35b-a3b-q8_0,fintradebench,none,committed
hqa_FTB_c71bc114,F,company_choice,1,10,hedgeqa_oracle,,False,,1.0,True,-0.0,0.0,-0.0,0.0,0.0,0.0,-0.0,0.0,-0.0,0.0,AAPL,0.0,0.0,0.0,"{""NFLX"": 0.0, ""AAPL"": 1.0, ""insufficient_data"": 0.0}",-0.0,-0.0,10,10,1.0,True,0.0,0.25131442828090605,1.0,1.0,,qwen3.6:35b-a3b-q8_0,fintradebench,none,committed
hqa_FTB_c99d1421,F,yes_no_mixed,0,10,hedgeqa_oracle,,False,,1.0,True,0.1985152433458726,0.1625414866957241,0.035973756650148486,0.22351524334587258,0.1875414866957241,0.035973756650148486,0.1431984785579781,0.11724889839732029,0.025949580160657796,0.18121407728610292,insufficient_data,0.95,1.0,0.9,"{""yes"": 0.0, ""no"": 0.05, ""mixed"": 0.0, ""insufficient_data"": 0.95}",-0.0,0.3250829733914482,10,10,0.05,False,1.805,2.1484344131667874,0.0,0.1,,qwen3.6:35b-a3b-q8_0,fintradebench,none,committed
hqa_FTB_c99d1421,F,yes_no_mixed,1,10,hedgeqa_oracle,,False,,1.0,True,-0.0,0.0,-0.0,0.0,0.0,0.0,-0.0,0.0,-0.0,0.0,insufficient_data,1.0,1.0,1.0,"{""yes"": 0.0, ""no"": 0.0, ""mixed"": 0.0, ""insufficient_data"": 1.0}",-0.0,-0.0,10,10,0.0,False,2.0,2.4849066497880004,0.0,0.0,,qwen3.6:35b-a3b-q8_0,fintradebench,none,committed
hqa_FTB_ce7df44f,F,screening_top1,0,10,hedgeqa_oracle,,False,,1.0,True,-0.0,0.0,-0.0,0.0,0.0,0.0,-0.0,0.0,-0.0,0.0,KHC,0.0,0.0,0.0,"{""KHC"": 1.0, ""CCEP"": 0.0, ""CSCO"": 0.0, ""TXN"": 0.0, ""none_clear"": 0.0}",-0.0,-0.0,10,10,1.0,True,0.0,0.31015492830383945,1.0,1.0,,qwen3.6:35b-a3b-q8_0,fintradebench,none,committed
hqa_FTB_ce7df44f,F,screening_top1,1,10,hedgeqa_oracle,,False,,1.0,True,0.1985152433458726,0.1625414866957241,0.035973756650148486,0.22351524334587258,0.1875414866957241,0.035973756650148486,0.12334445573339317,0.10099270399930975,0.02235175173408341,0.18121407728610292,KHC,0.05,0.1,0.0,"{""KHC"": 0.95, ""CCEP"": 0.0, ""CSCO"": 0.0, ""TXN"": 0.0, ""none_clear"": 0.05}",0.3250829733914482,-0.0,10,10,0.95,True,0.0050000000000000044,0.3566749439387323,0.9,1.0,,qwen3.6:35b-a3b-q8_0,fintradebench,none,committed
hqa_FTB_cf81aaf3,FT,yes_no_mixed,0,10,hedgeqa_oracle,,False,,1.0,True,0.1985152433458726,0.1625414866957241,0.035973756650148486,0.22351524334587258,0.1875414866957241,0.035973756650148486,0.1431984785579781,0.11724889839732029,0.025949580160657796,0.18121407728610292,mixed,0.95,1.0,0.9,"{""yes"": 0.05, ""no"": 0.0, ""mixed"": 0.95, ""insufficient_data"": 0.0}",-0.0,0.3250829733914482,10,10,0.05,False,1.805,2.1484344131667874,0.0,0.1,,qwen3.6:35b-a3b-q8_0,fintradebench,none,committed
hqa_FTB_cf81aaf3,FT,yes_no_mixed,1,10,hedgeqa_oracle,,False,,1.0,True,0.1985152433458726,0.1625414866957241,0.035973756650148486,0.22351524334587258,0.1875414866957241,0.035973756650148486,0.1431984785579781,0.11724889839732029,0.025949580160657796,0.18121407728610292,mixed,0.95,0.9,1.0,"{""yes"": 0.05, ""no"": 0.0, ""mixed"": 0.95, ""insufficient_data"": 0.0}",0.3250829733914482,-0.0,10,10,0.05,False,1.805,2.1484344131667874,0.1,0.0,,qwen3.6:35b-a3b-q8_0,fintradebench,none,committed
hqa_FTB_d1f8a434,FT,yes_no_mixed,0,10,hedgeqa_oracle,,False,,1.0,True,0.8979457248567798,0.7474828665516413,0.1504628583051385,0.9479457248567799,0.8224828665516413,0.1254628583051386,0.647730922119161,0.5391949123617599,0.10853600975740105,0.16756342186398512,mixed,0.7,0.8999999999999999,0.5,"{""yes"": 0.0, ""no"": 0.3, ""mixed"": 0.6, ""insufficient_data"": 0.1}",0.8018185525433373,0.6931471805599453,10,10,0.30000000000000004,False,0.8600000000000001,1.2611312181658845,0.1,0.5,,qwen3.6:35b-a3b-q8_0,fintradebench,none,committed
hqa_FTB_d1f8a434,FT,yes_no_mixed,1,10,hedgeqa_oracle,,False,,1.0,True,0.6881388137135884,0.5556333627965406,0.1325054509170478,0.7131388137135884,0.6056333627965407,0.10750545091704777,0.49638722699390414,0.4008047485295137,0.0955824784643904,0.19255628119851723,mixed,0.55,0.8,0.3,"{""yes"": 0.0, ""no"": 0.45, ""mixed"": 0.55, ""insufficient_data"": 0.0}",0.5004024235381879,0.6108643020548935,10,10,0.44999999999999996,False,0.6050000000000001,0.9588503462929511,0.2,0.7,,qwen3.6:35b-a3b-q8_0,fintradebench,none,committed
hqa_FTB_d23c5d4b,F,yes_no_mixed,0,10,hedgeqa_oracle,,False,,1.0,True,0.6881388137135884,0.683079423784601,0.005059389928987468,0.7131388137135884,0.733079423784601,0.0,0.49638722699390414,0.49273764861366726,0.0036495783802368924,0.007352281005171213,mixed,1.0,1.0,1.0,"{""yes"": 0.0, ""no"": 0.0, ""mixed"": 0.55, ""insufficient_data"": 0.45}",0.6730116670092565,0.6931471805599453,10,10,0.0,False,1.505,2.4849066497880004,0.0,0.0,,qwen3.6:35b-a3b-q8_0,fintradebench,none,committed
hqa_FTB_d23c5d4b,F,yes_no_mixed,1,10,hedgeqa_oracle,,False,,1.0,True,0.8864644756797977,0.641937984532075,0.24452649114772274,0.9364644756797977,0.691937984532075,0.24452649114772274,0.6394489514937396,0.4630603734213403,0.1763885780723993,0.2758446591559173,mixed,0.8499999999999999,0.7,1.0,"{""yes"": 0.15, ""no"": 0.0, ""mixed"": 0.65, ""insufficient_data"": 0.2}",0.6108643020548935,0.6730116670092565,10,10,0.0,False,1.4849999999999999,2.4849066497880004,0.0,0.0,,qwen3.6:35b-a3b-q8_0,fintradebench,none,committed
hqa_FTB_d25b3c9a,T,screening_top1,0,10,hedgeqa_oracle,,False,,1.0,True,0.6874357505033553,0.4716741961645196,0.21576155433883565,0.7374357505033553,0.5216741961645196,0.2157615543388357,0.3836651974271545,0.26324638114943594,0.12041881627771854,0.3138643199467738,AMAT,0.0,0.0,0.0,"{""LRCX"": 0.05, ""AMAT"": 0.75, ""MU"": 0.2, ""WBD"": 0.0, ""APP"": 0.0, ""none_clear"": 0.0}",-0.0,0.9433483923290392,10,10,0.05,False,1.505,2.4203681286504293,0.0,0.1,,qwen3.6:35b-a3b-q8_0,fintradebench,none,committed
hqa_FTB_d25b3c9a,T,screening_top1,1,10,hedgeqa_oracle,,False,,1.0,True,0.4227090878059908,0.41274269846481804,0.009966389341172777,0.44770908780599084,0.4627426984648181,0.0,0.23591843384430772,0.23035608604465213,0.00556234779965561,0.0235774191487149,LRCX,0.0,0.0,0.0,"{""LRCX"": 0.85, ""AMAT"": 0.15, ""MU"": 0.0, ""WBD"": 0.0, ""APP"": 0.0, ""none_clear"": 0.0}",0.5004024235381879,0.3250829733914482,10,10,0.8500000000000001,True,0.044999999999999984,0.4744579795951158,0.8,0.9,,qwen3.6:35b-a3b-q8_0,fintradebench,none,committed
hqa_FTB_d3935030,F,company_choice,0,10,hedgeqa_oracle,,False,,1.0,True,0.3250829733914482,0.3250829733914482,0.0,0.3500829733914482,0.3750829733914482,0.0,0.23449779679464058,0.23449779679464058,0.0,0.0,AMZN,0.0,0.0,0.0,"{""AMZN"": 0.9, ""WMT"": 0.0, ""COST"": 0.1, ""insufficient_data"": 0.0}",0.3250829733914482,0.3250829733914482,10,10,0.1,False,1.62,1.8971199848858813,0.1,0.1,,qwen3.6:35b-a3b-q8_0,fintradebench,none,committed
hqa_FTB_d3935030,F,company_choice,1,10,hedgeqa_oracle,,False,,1.0,True,-0.0,0.0,-0.0,0.0,0.0,0.0,-0.0,0.0,-0.0,0.0,COST,0.0,0.0,0.0,"{""AMZN"": 0.0, ""WMT"": 0.0, ""COST"": 1.0, ""insufficient_data"": 0.0}",-0.0,-0.0,10,10,1.0,True,0.0,0.2876820724517809,1.0,1.0,,qwen3.6:35b-a3b-q8_0,fintradebench,none,committed
hqa_FTB_d78b28a8,F,yes_no_mixed,0,10,hedgeqa_oracle,,False,,1.0,True,1.0296530140645737,0.6342156828602437,0.39543733120433,1.0796530140645737,0.7092156828602437,0.37043733120433,0.7427376486136673,0.45748991025824054,0.2852477383554267,0.38404911732675273,no,0.5,0.1,0.9,"{""yes"": 0.0, ""no"": 0.5, ""mixed"": 0.3, ""insufficient_data"": 0.2}",0.3250829733914482,0.9433483923290392,10,10,0.5,True,0.38,0.8754687373538999,0.9,0.1,,qwen3.6:35b-a3b-q8_0,fintradebench,none,committed
hqa_FTB_d78b28a8,F,yes_no_mixed,1,10,hedgeqa_oracle,,False,,1.0,True,0.5623351446188083,0.34657359027997264,0.21576155433883565,0.5873351446188083,0.37157359027997267,0.21576155433883565,0.4056390622295664,0.25,0.15563906222956642,0.3836885465963443,no,0.25,0.0,0.5,"{""yes"": 0.0, ""no"": 0.75, ""mixed"": 0.25, ""insufficient_data"": 0.0}",-0.0,0.6931471805599453,10,10,0.75,True,0.125,0.5389965007326869,1.0,0.5,,qwen3.6:35b-a3b-q8_0,fintradebench,none,committed
hqa_FTB_d83f425e,F,yes_no_mixed,0,10,hedgeqa_oracle,,False,,1.0,True,1.0486537893593546,0.7218754079336136,0.326778381425741,1.0986537893593546,0.7968754079336136,0.3017783814257411,0.7564438107590803,0.5207230355827609,0.23572077517631937,0.3116170319904885,no,0.55,0.2,0.9,"{""yes"": 0.0, ""no"": 0.45, ""mixed"": 0.35, ""insufficient_data"": 0.2}",0.5004024235381879,0.9433483923290392,10,10,0.45,True,0.4650000000000001,0.958850346292951,0.8,0.1,,qwen3.6:35b-a3b-q8_0,fintradebench,none,committed
hqa_FTB_d83f425e,F,yes_no_mixed,1,10,hedgeqa_oracle,,False,,1.0,True,0.6874357505033553,0.4716741961645196,0.21576155433883565,0.7374357505033553,0.5216741961645196,0.2157615543388357,0.4958800740904867,0.3402410118609203,0.15563906222956642,0.3138643199467738,no,0.2,0.0,0.4,"{""yes"": 0.05, ""no"": 0.75, ""mixed"": 0.2, ""insufficient_data"": 0.0}",-0.0,0.9433483923290392,10,10,0.75,True,0.10500000000000001,0.5389965007326869,1.0,0.5,,qwen3.6:35b-a3b-q8_0,fintradebench,none,committed
hqa_FTB_db4e96c8,FT,yes_no_mixed,0,10,hedgeqa_oracle,,False,,1.0,True,-0.0,0.0,-0.0,0.0,0.0,0.0,-0.0,0.0,-0.0,0.0,mixed,1.0,1.0,1.0,"{""yes"": 0.0, ""no"": 0.0, ""mixed"": 1.0, ""insufficient_data"": 0.0}",-0.0,-0.0,10,10,0.0,False,2.0,2.4849066497880004,0.0,0.0,,qwen3.6:35b-a3b-q8_0,fintradebench,none,committed
hqa_FTB_db4e96c8,FT,yes_no_mixed,1,10,hedgeqa_oracle,,False,,1.0,True,0.6730116670092565,0.25020121176909393,0.4228104552401626,0.6980116670092565,0.27520121176909396,0.4228104552401626,0.4854752972273344,0.18048202372184058,0.3049932735054938,0.6282364421987758,mixed,0.6,0.2,1.0,"{""yes"": 0.4, ""no"": 0.0, ""mixed"": 0.6, ""insufficient_data"": 0.0}",0.5004024235381879,-0.0,10,10,0.0,False,1.52,2.4849066497880004,0.0,0.0,,qwen3.6:35b-a3b-q8_0,fintradebench,none,committed
hqa_FTB_dbf9cd4e,T,screening_top1,0,10,hedgeqa_oracle,,False,,1.0,True,1.3195454632493369,1.306016633021895,0.01352883022744189,1.3945454632493368,1.4560166330218949,0.0,0.7364523452569433,0.7289017613422002,0.0075505839147430465,0.010252644265948666,MRVL,0.2,0.2,0.2,"{""INTC"": 0.0, ""MU"": 0.0, ""LRCX"": 0.15, ""AMAT"": 0.25, ""MRVL"": 0.4, ""none_clear"": 0.2}",1.3321790402101223,1.2798542258336674,10,10,0.0,False,1.2850000000000001,2.890371757896165,0.0,0.0,,qwen3.6:35b-a3b-q8_0,fintradebench,none,committed
hqa_FTB_dbf9cd4e,T,screening_top1,1,10,hedgeqa_oracle,,False,,1.0,True,1.224068338005115,1.0558154212528008,0.16825291675231413,1.299068338005115,1.1808154212528008,0.11825291675231409,0.6831655470655786,0.5892618062778697,0.09390374078770888,0.13745385901126958,LRCX,0.05,0.0,0.1,"{""INTC"": 0.0, ""MU"": 0.0, ""LRCX"": 0.4, ""AMAT"": 0.3, ""MRVL"": 0.25, ""none_clear"": 0.05}",0.9433483923290392,1.1682824501765625,10,10,0.0,False,1.3150000000000002,2.890371757896165,0.0,0.0,,qwen3.6:35b-a3b-q8_0,fintradebench,none,committed
hqa_FTB_e105af3a,T,screening_top1,0,10,hedgeqa_oracle,,False,,1.0,True,0.6474466390346325,0.641937984532075,0.005508654502557553,0.6724466390346325,0.691937984532075,0.0,0.402281215095424,0.3988584956105659,0.0034227194848581084,0.008508275694767935,TRI,0.0,0.0,0.0,"{""INTC"": 0.0, ""MRVL"": 0.0, ""TRI"": 0.65, ""COST"": 0.35, ""none_clear"": 0.0}",0.6108643020548935,0.6730116670092565,10,10,0.0,False,1.5450000000000002,2.70805020110221,0.0,0.0,,qwen3.6:35b-a3b-q8_0,fintradebench,none,committed
hqa_FTB_e105af3a,T,screening_top1,1,10,hedgeqa_oracle,,False,,1.0,True,0.6931471805599453,0.3250829733914482,0.3680642071684971,0.7181471805599453,0.3750829733914482,0.3430642071684971,0.43067655807339306,0.2019854079986195,0.22869115007477356,0.5310044064107188,TRI,0.0,0.0,0.0,"{""INTC"": 0.0, ""MRVL"": 0.0, ""TRI"": 0.5, ""COST"": 0.5, ""none_clear"": 0.0}",0.3250829733914482,0.3250829733914482,10,10,0.0,False,1.5,2.70805020110221,0.0,0.0,,qwen3.6:35b-a3b-q8_0,fintradebench,none,committed
hqa_FTB_e67cda66,F,yes_no_mixed,0,10,hedgeqa_oracle,,False,,1.0,True,-0.0,0.0,-0.0,0.0,0.0,0.0,-0.0,0.0,-0.0,0.0,yes,0.0,0.0,0.0,"{""yes"": 1.0, ""no"": 0.0, ""mixed"": 0.0, ""insufficient_data"": 0.0}",-0.0,-0.0,10,10,1.0,True,0.0,0.2876820724517809,1.0,1.0,,qwen3.6:35b-a3b-q8_0,fintradebench,none,committed
hqa_FTB_e67cda66,F,yes_no_mixed,1,10,hedgeqa_oracle,,False,,1.0,True,-0.0,0.0,-0.0,0.0,0.0,0.0,-0.0,0.0,-0.0,0.0,yes,0.0,0.0,0.0,"{""yes"": 1.0, ""no"": 0.0, ""mixed"": 0.0, ""insufficient_data"": 0.0}",-0.0,-0.0,10,10,1.0,True,0.0,0.2876820724517809,1.0,1.0,,qwen3.6:35b-a3b-q8_0,fintradebench,none,committed
hqa_FTB_e86f8f22,F,company_choice,0,10,hedgeqa_oracle,,False,,1.0,True,0.6730116670092565,0.6730116670092565,0.0,0.6980116670092565,0.7230116670092566,0.0,0.6126016192893442,0.6126016192893442,0.0,0.0,NFLX,0.4,0.4,0.4,"{""NFLX"": 0.6, ""DIS"": 0.0, ""insufficient_data"": 0.4}",0.6730116670092565,0.6730116670092565,10,10,0.4,False,0.72,0.9734491457141036,0.4,0.4,,qwen3.6:35b-a3b-q8_0,fintradebench,none,noncommitted
hqa_FTB_e86f8f22,F,company_choice,1,10,hedgeqa_oracle,,False,,1.0,True,0.6730116670092565,0.25020121176909393,0.4228104552401626,0.6980116670092565,0.27520121176909396,0.4228104552401626,0.6126016192893442,0.2277429575017976,0.38485866178754663,0.6282364421987758,NFLX,0.4,0.8,0.0,"{""NFLX"": 0.6, ""DIS"": 0.0, ""insufficient_data"": 0.4}",0.5004024235381879,-0.0,10,10,0.4,False,0.72,0.9734491457141036,0.8,0.0,,qwen3.6:35b-a3b-q8_0,fintradebench,none,noncommitted
hqa_FTB_e8cac668,F,yes_no_mixed,0,10,hedgeqa_oracle,,False,,1.0,True,-0.0,0.0,-0.0,0.0,0.0,0.0,-0.0,0.0,-0.0,0.0,no,0.0,0.0,0.0,"{""yes"": 0.0, ""no"": 1.0, ""mixed"": 0.0, ""insufficient_data"": 0.0}",-0.0,-0.0,10,10,1.0,True,0.0,0.2876820724517809,1.0,1.0,,qwen3.6:35b-a3b-q8_0,fintradebench,none,committed
hqa_FTB_e8cac668,F,yes_no_mixed,1,10,hedgeqa_oracle,,False,,1.0,True,-0.0,0.0,-0.0,0.0,0.0,0.0,-0.0,0.0,-0.0,0.0,no,0.0,0.0,0.0,"{""yes"": 0.0, ""no"": 1.0, ""mixed"": 0.0, ""insufficient_data"": 0.0}",-0.0,-0.0,10,10,1.0,True,0.0,0.2876820724517809,1.0,1.0,,qwen3.6:35b-a3b-q8_0,fintradebench,none,committed
hqa_FTB_eb2cbcf8,FT,category_choice,0,10,hedgeqa_oracle,,False,,1.0,True,0.1985152433458726,0.1625414866957241,0.035973756650148486,0.22351524334587258,0.1875414866957241,0.035973756650148486,0.1431984785579781,0.11724889839732029,0.025949580160657796,0.18121407728610292,insufficient_data,0.95,0.9,1.0,"{""drag"": 0.0, ""strategic_moats"": 0.05, ""mixed"": 0.0, ""insufficient_data"": 0.95}",0.3250829733914482,-0.0,10,10,0.05,False,1.805,2.1484344131667874,0.1,0.0,,qwen3.6:35b-a3b-q8_0,fintradebench,none,committed
hqa_FTB_eb2cbcf8,FT,category_choice,1,10,hedgeqa_oracle,,False,,1.0,True,0.9502705392332345,0.777661295762166,0.17260924347106843,1.0002705392332345,0.8526612957621661,0.1476092434710684,0.6854752972273342,0.5609640474436812,0.12451124978365306,0.18164221276432016,insufficient_data,0.8,0.8,0.8,"{""drag"": 0.0, ""strategic_moats"": 0.2, ""mixed"": 0.2, ""insufficient_data"": 0.6}",0.5004024235381879,1.0549201679861442,10,10,0.2,False,1.0400000000000003,1.529395204760564,0.2,0.2,,qwen3.6:35b-a3b-q8_0,fintradebench,none,committed
hqa_FTB_ec033720,F,yes_no_mixed,0,10,hedgeqa_oracle,,False,,1.0,True,0.3250829733914482,0.3250829733914482,0.0,0.3500829733914482,0.3750829733914482,0.0,0.23449779679464058,0.23449779679464058,0.0,0.0,yes,0.1,0.1,0.1,"{""yes"": 0.9, ""no"": 0.0, ""mixed"": 0.1, ""insufficient_data"": 0.0}",0.3250829733914482,0.3250829733914482,10,10,0.9,True,0.019999999999999997,0.380772495517793,0.9,0.9,,qwen3.6:35b-a3b-q8_0,fintradebench,none,committed
hqa_FTB_ec033720,F,yes_no_mixed,1,10,hedgeqa_oracle,,False,,1.0,True,0.1985152433458726,0.1625414866957241,0.035973756650148486,0.22351524334587258,0.1875414866957241,0.035973756650148486,0.1431984785579781,0.11724889839732029,0.025949580160657796,0.18121407728610292,yes,0.05,0.0,0.1,"{""yes"": 0.95, ""no"": 0.0, ""mixed"": 0.05, ""insufficient_data"": 0.0}",-0.0,0.3250829733914482,10,10,0.95,True,0.0050000000000000044,0.33314444652853825,1.0,0.9,,qwen3.6:35b-a3b-q8_0,fintradebench,none,committed
hqa_FTB_efa9dd7c,F,yes_no_mixed,0,10,hedgeqa_oracle,,False,,1.0,True,1.1421200429883354,0.9307148153682538,0.21140522762008152,1.2171200429883353,1.030714815368254,0.18640522762008138,0.8238654610595806,0.6713688243068335,0.15249663675274705,0.1850989560317528,yes,0.20000000000000004,0.0,0.4,"{""yes"": 0.5, ""no"": 0.3, ""mixed"": 0.15, ""insufficient_data"": 0.05}",0.6931471805599453,1.1682824501765625,10,10,0.3,False,0.7649999999999999,1.2611312181658847,0.5,0.1,,qwen3.6:35b-a3b-q8_0,fintradebench,none,committed
hqa_FTB_efa9dd7c,F,yes_no_mixed,1,10,hedgeqa_oracle,,False,,1.0,True,0.9985793315873921,0.30543215102744675,0.6931471805599454,1.0485793315873921,0.3304321510274468,0.7181471805599453,0.7203227248076732,0.22032272480767318,0.5000000000000001,0.6941333138330469,insufficient_data,0.65,1.0,0.3,"{""yes"": 0.0, ""no"": 0.35, ""mixed"": 0.15, ""insufficient_data"": 0.5}",-0.0,0.6108643020548935,10,10,0.35,False,0.6950000000000001,1.1499055830556604,0.0,0.7,,qwen3.6:35b-a3b-q8_0,fintradebench,none,committed
hqa_FTB_efef99db,FT,yes_no_mixed,0,10,hedgeqa_oracle,,False,,1.0,True,0.7305880613711224,0.7204252060967571,0.010162855274365334,0.7805880613711225,0.8204252060967572,0.0,0.5270078865364,0.5196769360836004,0.007330950452799557,0.01391051375147346,mixed,0.85,0.7999999999999999,0.9,"{""yes"": 0.15, ""no"": 0.0, ""mixed"": 0.75, ""insufficient_data"": 0.1}",0.8018185525433373,0.639031859650177,10,10,0.15000000000000002,False,1.295,1.69644928942373,0.2,0.1,,qwen3.6:35b-a3b-q8_0,fintradebench,none,committed
hqa_FTB_efef99db,FT,yes_no_mixed,1,10,hedgeqa_oracle,,False,,1.0,True,0.6931471805599453,0.5004024235381879,0.19274475702175742,0.7181471805599453,0.5504024235381879,0.1677447570217574,0.5,0.36096404744368116,0.13903595255631881,0.27807190511263763,yes,0.5,0.2,0.8,"{""yes"": 0.5, ""no"": 0.0, ""mixed"": 0.5, ""insufficient_data"": 0.0}",0.5004024235381879,0.5004024235381879,10,10,0.5,True,0.5,0.8754687373538999,0.8,0.2,,qwen3.6:35b-a3b-q8_0,fintradebench,none,committed
hqa_FTB_f22fb1fd,F,yes_no_mixed,0,10,hedgeqa_oracle,,False,,1.0,True,-0.0,0.0,-0.0,0.0,0.0,0.0,-0.0,0.0,-0.0,0.0,yes,0.0,0.0,0.0,"{""yes"": 1.0, ""no"": 0.0, ""mixed"": 0.0, ""insufficient_data"": 0.0}",-0.0,-0.0,10,10,1.0,True,0.0,0.2876820724517809,1.0,1.0,,qwen3.6:35b-a3b-q8_0,fintradebench,none,committed
hqa_FTB_f22fb1fd,F,yes_no_mixed,1,10,hedgeqa_oracle,,False,,1.0,True,-0.0,0.0,-0.0,0.0,0.0,0.0,-0.0,0.0,-0.0,0.0,yes,0.0,0.0,0.0,"{""yes"": 1.0, ""no"": 0.0, ""mixed"": 0.0, ""insufficient_data"": 0.0}",-0.0,-0.0,10,10,1.0,True,0.0,0.2876820724517809,1.0,1.0,,qwen3.6:35b-a3b-q8_0,fintradebench,none,committed
hqa_FTB_f305a77d,F,company_choice,0,10,hedgeqa_oracle,,False,,1.0,True,0.1985152433458726,0.1625414866957241,0.035973756650148486,0.22351524334587258,0.1875414866957241,0.035973756650148486,0.1431984785579781,0.11724889839732029,0.025949580160657796,0.18121407728610292,MSFT,0.05,0.1,0.0,"{""MSFT"": 0.95, ""AAPL"": 0.0, ""similar"": 0.0, ""insufficient_data"": 0.05}",0.3250829733914482,-0.0,10,10,0.95,True,0.0050000000000000044,0.33314444652853825,0.9,1.0,,qwen3.6:35b-a3b-q8_0,fintradebench,none,committed
hqa_FTB_f305a77d,F,company_choice,1,10,hedgeqa_oracle,,False,,1.0,True,0.39439769144744274,0.3195159298250885,0.07488176162235427,0.44439769144744273,0.36951592982508846,0.07488176162235427,0.2844977967946406,0.2304820237218406,0.054015773072800005,0.18986359009236994,MSFT,0.05,0.1,0.0,"{""MSFT"": 0.9, ""AAPL"": 0.05, ""similar"": 0.0, ""insufficient_data"": 0.05}",0.639031859650177,-0.0,10,10,0.9,True,0.014999999999999996,0.380772495517793,0.8,1.0,,qwen3.6:35b-a3b-q8_0,fintradebench,none,committed
hqa_FTB_f88a6a4d,F,open_summary_with_canonical_claim,0,10,hedgeqa_oracle,,False,,1.0,True,0.9376369622724492,0.8469760138181606,0.09066094845428863,0.9876369622724492,0.9469760138181607,0.04066094845428858,0.8534739433956112,0.7709507917893239,0.08252315160628725,0.09669088581423188,mixed,0.6000000000000001,0.4,0.8,"{""claim_true"": 0.25, ""claim_false"": 0.15, ""mixed"": 0.6}",1.0549201679861442,0.639031859650177,10,10,0.25,False,0.9450000000000001,1.2809338454620642,0.4,0.1,,qwen3.6:35b-a3b-q8_0,fintradebench,none,committed
hqa_FTB_f88a6a4d,F,open_summary_with_canonical_claim,1,10,hedgeqa_oracle,,False,,1.0,True,0.9502705392332347,0.5274600839930721,0.4228104552401626,1.0002705392332347,0.5774600839930721,0.4228104552401626,0.8649735207179272,0.4801148589303806,0.38485866178754663,0.4449369287838017,mixed,0.6,1.0,0.2,"{""claim_true"": 0.2, ""claim_false"": 0.2, ""mixed"": 0.6}",-0.0,1.0549201679861442,10,10,0.2,False,1.04,1.4087672169719492,0.0,0.4,,qwen3.6:35b-a3b-q8_0,fintradebench,none,committed
hqa_FTB_fbfe6a99,FT,yes_no_mixed,0,10,hedgeqa_oracle,,False,,1.0,True,-0.0,0.0,-0.0,0.0,0.0,0.0,-0.0,0.0,-0.0,0.0,insufficient_data,1.0,1.0,1.0,"{""yes"": 0.0, ""no"": 0.0, ""mixed"": 0.0, ""insufficient_data"": 1.0}",-0.0,-0.0,10,10,0.0,False,2.0,2.4849066497880004,0.0,0.0,,qwen3.6:35b-a3b-q8_0,fintradebench,none,committed
hqa_FTB_fbfe6a99,FT,yes_no_mixed,1,10,hedgeqa_oracle,,False,,1.0,True,0.6128694524619496,0.46797363772317085,0.14489581473877872,0.6628694524619496,0.5179736377231708,0.14489581473877877,0.4420918598895945,0.33757162320499345,0.10452023668460102,0.23642198865797553,insufficient_data,0.8500000000000001,0.7,1.0,"{""yes"": 0.0, ""no"": 0.15, ""mixed"": 0.05, ""insufficient_data"": 0.8}",0.6108643020548935,0.3250829733914482,10,10,0.15,False,1.365,1.69644928942373,0.3,0.0,,qwen3.6:35b-a3b-q8_0,fintradebench,none,committed
hqa_FTB_fd6ae1be,F,yes_no_mixed,0,10,hedgeqa_oracle,,False,,1.0,True,-0.0,0.0,-0.0,0.0,0.0,0.0,-0.0,0.0,-0.0,0.0,no,0.0,0.0,0.0,"{""yes"": 0.0, ""no"": 1.0, ""mixed"": 0.0, ""insufficient_data"": 0.0}",-0.0,-0.0,10,10,1.0,True,0.0,0.2876820724517809,1.0,1.0,,qwen3.6:35b-a3b-q8_0,fintradebench,none,committed
hqa_FTB_fd6ae1be,F,yes_no_mixed,1,10,hedgeqa_oracle,,False,,1.0,True,-0.0,0.0,-0.0,0.0,0.0,0.0,-0.0,0.0,-0.0,0.0,no,0.0,0.0,0.0,"{""yes"": 0.0, ""no"": 1.0, ""mixed"": 0.0, ""insufficient_data"": 0.0}",-0.0,-0.0,10,10,1.0,True,0.0,0.2876820724517809,1.0,1.0,,qwen3.6:35b-a3b-q8_0,fintradebench,none,committed
hqa_FTB_fe6a9406,FT,category_choice,0,10,hedgeqa_oracle,,False,,1.0,True,0.4227090878059908,0.41274269846481804,0.009966389341172777,0.44770908780599084,0.4627426984648181,0.0,0.3049201523582002,0.2977309221191609,0.007189230239039294,0.0235774191487149,insufficient_data,0.8500000000000001,0.9,0.8,"{""underpriced"": 0.0, ""fully_priced"": 0.15, ""overpriced"": 0.0, ""insufficient_data"": 0.85}",0.3250829733914482,0.5004024235381879,10,10,0.15000000000000002,False,1.445,1.69644928942373,0.1,0.2,,qwen3.6:35b-a3b-q8_0,fintradebench,none,committed
hqa_FTB_fe6a9406,FT,category_choice,1,10,hedgeqa_oracle,,False,,1.0,True,0.5004024235381879,0.33650583350462826,0.1638965900335596,0.5254024235381879,0.3615058335046283,0.1638965900335596,0.36096404744368116,0.2427376486136672,0.11822639883001398,0.3275295688512027,insufficient_data,0.8,0.6,1.0,"{""underpriced"": 0.0, ""fully_priced"": 0.2, ""overpriced"": 0.0, ""insufficient_data"": 0.8}",0.6730116670092565,-0.0,10,10,0.2,False,1.2800000000000002,1.529395204760564,0.4,0.0,,qwen3.6:35b-a3b-q8_0,fintradebench,none,committed
hqa_TAT_0a4b6243,F,directional_change,0,10,hedgeqa_oracle,,False,,1.0,True,-0.0,0.0,-0.0,0.0,0.0,0.0,-0.0,0.0,-0.0,0.0,decreased,0.0,0.0,0.0,"{""increased"": 0.0, ""decreased"": 1.0, ""roughly_unchanged"": 0.0, ""insufficient_data"": 0.0}",-0.0,-0.0,10,10,1.0,True,0.0,0.2876820724517809,1.0,1.0,,qwen3.6:35b-a3b-q8_0,tatqa,numeric_to_directional,committed
hqa_TAT_0a4b6243,F,directional_change,1,10,hedgeqa_oracle,,False,,1.0,True,-0.0,0.0,-0.0,0.0,0.0,0.0,-0.0,0.0,-0.0,0.0,decreased,0.0,0.0,0.0,"{""increased"": 0.0, ""decreased"": 1.0, ""roughly_unchanged"": 0.0, ""insufficient_data"": 0.0}",-0.0,-0.0,10,10,1.0,True,0.0,0.2876820724517809,1.0,1.0,,qwen3.6:35b-a3b-q8_0,tatqa,numeric_to_directional,committed
hqa_TAT_10183a57,F,directional_change,0,10,hedgeqa_oracle,,False,,1.0,True,-0.0,0.0,-0.0,0.0,0.0,0.0,-0.0,0.0,-0.0,0.0,roughly_unchanged,0.0,0.0,0.0,"{""increased"": 0.0, ""decreased"": 0.0, ""roughly_unchanged"": 1.0, ""insufficient_data"": 0.0}",-0.0,-0.0,10,10,1.0,True,0.0,0.2876820724517809,1.0,1.0,,qwen3.6:35b-a3b-q8_0,tatqa,numeric_to_directional,committed
hqa_TAT_10183a57,F,directional_change,1,10,hedgeqa_oracle,,False,,1.0,True,-0.0,0.0,-0.0,0.0,0.0,0.0,-0.0,0.0,-0.0,0.0,roughly_unchanged,0.0,0.0,0.0,"{""increased"": 0.0, ""decreased"": 0.0, ""roughly_unchanged"": 1.0, ""insufficient_data"": 0.0}",-0.0,-0.0,10,10,1.0,True,0.0,0.2876820724517809,1.0,1.0,,qwen3.6:35b-a3b-q8_0,tatqa,numeric_to_directional,committed
hqa_TAT_12e27eaa,F,directional_change,0,10,hedgeqa_oracle,,False,,1.0,True,-0.0,0.0,-0.0,0.0,0.0,0.0,-0.0,0.0,-0.0,0.0,decreased,0.0,0.0,0.0,"{""increased"": 0.0, ""decreased"": 1.0, ""roughly_unchanged"": 0.0, ""insufficient_data"": 0.0}",-0.0,-0.0,10,10,1.0,True,0.0,0.2876820724517809,1.0,1.0,,qwen3.6:35b-a3b-q8_0,tatqa,numeric_to_directional,committed
hqa_TAT_12e27eaa,F,directional_change,1,10,hedgeqa_oracle,,False,,1.0,True,-0.0,0.0,-0.0,0.0,0.0,0.0,-0.0,0.0,-0.0,0.0,decreased,0.0,0.0,0.0,"{""increased"": 0.0, ""decreased"": 1.0, ""roughly_unchanged"": 0.0, ""insufficient_data"": 0.0}",-0.0,-0.0,10,10,1.0,True,0.0,0.2876820724517809,1.0,1.0,,qwen3.6:35b-a3b-q8_0,tatqa,numeric_to_directional,committed
hqa_TAT_261ad3a9,F,directional_change,0,10,hedgeqa_oracle,,False,,1.0,True,0.5623351446188083,0.34657359027997264,0.21576155433883565,0.5873351446188083,0.37157359027997267,0.21576155433883565,0.4056390622295664,0.25,0.15563906222956642,0.3836885465963443,roughly_unchanged,0.0,0.0,0.0,"{""increased"": 0.25, ""decreased"": 0.0, ""roughly_unchanged"": 0.75, ""insufficient_data"": 0.0}",-0.0,0.6931471805599453,10,10,0.75,True,0.125,0.5389965007326869,1.0,0.5,,qwen3.6:35b-a3b-q8_0,tatqa,numeric_to_directional,committed
hqa_TAT_261ad3a9,F,directional_change,1,10,hedgeqa_oracle,,False,,1.0,True,0.1985152433458726,0.1625414866957241,0.035973756650148486,0.22351524334587258,0.1875414866957241,0.035973756650148486,0.1431984785579781,0.11724889839732029,0.025949580160657796,0.18121407728610292,roughly_unchanged,0.0,0.0,0.0,"{""increased"": 0.05, ""decreased"": 0.0, ""roughly_unchanged"": 0.95, ""insufficient_data"": 0.0}",0.3250829733914482,-0.0,10,10,0.95,True,0.0050000000000000044,0.33314444652853825,0.9,1.0,,qwen3.6:35b-a3b-q8_0,tatqa,numeric_to_directional,committed
hqa_TAT_2728a2bd,F,directional_change,0,10,hedgeqa_oracle,,False,,1.0,True,-0.0,0.0,-0.0,0.0,0.0,0.0,-0.0,0.0,-0.0,0.0,increased,0.0,0.0,0.0,"{""increased"": 1.0, ""decreased"": 0.0, ""roughly_unchanged"": 0.0, ""insufficient_data"": 0.0}",-0.0,-0.0,10,10,1.0,True,0.0,0.2876820724517809,1.0,1.0,,qwen3.6:35b-a3b-q8_0,tatqa,numeric_to_directional,committed
hqa_TAT_2728a2bd,F,directional_change,1,10,hedgeqa_oracle,,False,,1.0,True,-0.0,0.0,-0.0,0.0,0.0,0.0,-0.0,0.0,-0.0,0.0,increased,0.0,0.0,0.0,"{""increased"": 1.0, ""decreased"": 0.0, ""roughly_unchanged"": 0.0, ""insufficient_data"": 0.0}",-0.0,-0.0,10,10,1.0,True,0.0,0.2876820724517809,1.0,1.0,,qwen3.6:35b-a3b-q8_0,tatqa,numeric_to_directional,committed
hqa_TAT_28c0f57b,F,directional_change,0,10,hedgeqa_oracle,,False,,1.0,True,-0.0,0.0,-0.0,0.0,0.0,0.0,-0.0,0.0,-0.0,0.0,increased,0.0,0.0,0.0,"{""increased"": 1.0, ""decreased"": 0.0, ""roughly_unchanged"": 0.0, ""insufficient_data"": 0.0}",-0.0,-0.0,10,10,1.0,True,0.0,0.2876820724517809,1.0,1.0,,qwen3.6:35b-a3b-q8_0,tatqa,numeric_to_directional,committed
hqa_TAT_28c0f57b,F,directional_change,1,10,hedgeqa_oracle,,False,,1.0,True,-0.0,0.0,-0.0,0.0,0.0,0.0,-0.0,0.0,-0.0,0.0,increased,0.0,0.0,0.0,"{""increased"": 1.0, ""decreased"": 0.0, ""roughly_unchanged"": 0.0, ""insufficient_data"": 0.0}",-0.0,-0.0,10,10,1.0,True,0.0,0.2876820724517809,1.0,1.0,,qwen3.6:35b-a3b-q8_0,tatqa,numeric_to_directional,committed
hqa_TAT_37191d9a,F,directional_change,0,10,hedgeqa_oracle,,False,,1.0,True,0.42270908780599087,0.30543215102744675,0.11727693677854412,0.4477090878059909,0.3304321510274468,0.11727693677854412,0.30492015235820025,0.22032272480767318,0.08459742755052704,0.2774412478029577,decreased,0.0,0.0,0.0,"{""increased"": 0.0, ""decreased"": 0.85, ""roughly_unchanged"": 0.15, ""insufficient_data"": 0.0}",0.6108643020548935,-0.0,10,10,0.15,False,1.4449999999999998,1.69644928942373,0.3,0.0,,qwen3.6:35b-a3b-q8_0,tatqa,numeric_to_directional,committed
hqa_TAT_37191d9a,F,directional_change,1,10,hedgeqa_oracle,,False,,1.0,True,-0.0,0.0,-0.0,0.0,0.0,0.0,-0.0,0.0,-0.0,0.0,decreased,0.0,0.0,0.0,"{""increased"": 0.0, ""decreased"": 1.0, ""roughly_unchanged"": 0.0, ""insufficient_data"": 0.0}",-0.0,-0.0,10,10,0.0,False,2.0,2.4849066497880004,0.0,0.0,,qwen3.6:35b-a3b-q8_0,tatqa,numeric_to_directional,committed
hqa_TAT_37cd0c30,F,directional_change,0,10,hedgeqa_oracle,,False,,1.0,True,-0.0,0.0,-0.0,0.0,0.0,0.0,-0.0,0.0,-0.0,0.0,roughly_unchanged,0.0,0.0,0.0,"{""increased"": 0.0, ""decreased"": 0.0, ""roughly_unchanged"": 1.0, ""insufficient_data"": 0.0}",-0.0,-0.0,10,10,1.0,True,0.0,0.2876820724517809,1.0,1.0,,qwen3.6:35b-a3b-q8_0,tatqa,numeric_to_directional,committed
hqa_TAT_37cd0c30,F,directional_change,1,10,hedgeqa_oracle,,False,,1.0,True,-0.0,0.0,-0.0,0.0,0.0,0.0,-0.0,0.0,-0.0,0.0,roughly_unchanged,0.0,0.0,0.0,"{""increased"": 0.0, ""decreased"": 0.0, ""roughly_unchanged"": 1.0, ""insufficient_data"": 0.0}",-0.0,-0.0,10,10,1.0,True,0.0,0.2876820724517809,1.0,1.0,,qwen3.6:35b-a3b-q8_0,tatqa,numeric_to_directional,committed
hqa_TAT_37e855b0,F,directional_change,0,10,hedgeqa_oracle,,False,,1.0,True,-0.0,0.0,-0.0,0.0,0.0,0.0,-0.0,0.0,-0.0,0.0,decreased,0.0,0.0,0.0,"{""increased"": 0.0, ""decreased"": 1.0, ""roughly_unchanged"": 0.0, ""insufficient_data"": 0.0}",-0.0,-0.0,10,10,0.0,False,2.0,2.4849066497880004,0.0,0.0,,qwen3.6:35b-a3b-q8_0,tatqa,numeric_to_directional,committed
hqa_TAT_37e855b0,F,directional_change,1,10,hedgeqa_oracle,,False,,1.0,True,0.6474466390346325,0.30543215102744675,0.34201448800718576,0.6724466390346325,0.3304321510274468,0.34201448800718576,0.46703402768774555,0.22032272480767318,0.24671130288007237,0.5282512370705057,insufficient_data,0.65,1.0,0.3,"{""increased"": 0.0, ""decreased"": 0.35, ""roughly_unchanged"": 0.0, ""insufficient_data"": 0.65}",-0.0,0.6108643020548935,10,10,0.0,False,1.5450000000000002,2.4849066497880004,0.0,0.0,,qwen3.6:35b-a3b-q8_0,tatqa,numeric_to_directional,committed
hqa_TAT_3bfabcc3,F,directional_change,0,10,hedgeqa_oracle,,False,,1.0,True,-0.0,0.0,-0.0,0.0,0.0,0.0,-0.0,0.0,-0.0,0.0,increased,0.0,0.0,0.0,"{""increased"": 1.0, ""decreased"": 0.0, ""roughly_unchanged"": 0.0, ""insufficient_data"": 0.0}",-0.0,-0.0,10,10,1.0,True,0.0,0.2876820724517809,1.0,1.0,,qwen3.6:35b-a3b-q8_0,tatqa,numeric_to_directional,committed
hqa_TAT_3bfabcc3,F,directional_change,1,10,hedgeqa_oracle,,False,,1.0,True,-0.0,0.0,-0.0,0.0,0.0,0.0,-0.0,0.0,-0.0,0.0,increased,0.0,0.0,0.0,"{""increased"": 1.0, ""decreased"": 0.0, ""roughly_unchanged"": 0.0, ""insufficient_data"": 0.0}",-0.0,-0.0,10,10,1.0,True,0.0,0.2876820724517809,1.0,1.0,,qwen3.6:35b-a3b-q8_0,tatqa,numeric_to_directional,committed
hqa_TAT_439f70e0,F,directional_change,0,10,hedgeqa_oracle,,False,,1.0,True,-0.0,0.0,-0.0,0.0,0.0,0.0,-0.0,0.0,-0.0,0.0,increased,0.0,0.0,0.0,"{""increased"": 1.0, ""decreased"": 0.0, ""roughly_unchanged"": 0.0, ""insufficient_data"": 0.0}",-0.0,-0.0,10,10,1.0,True,0.0,0.2876820724517809,1.0,1.0,,qwen3.6:35b-a3b-q8_0,tatqa,numeric_to_directional,committed
hqa_TAT_439f70e0,F,directional_change,1,10,hedgeqa_oracle,,False,,1.0,True,-0.0,0.0,-0.0,0.0,0.0,0.0,-0.0,0.0,-0.0,0.0,increased,0.0,0.0,0.0,"{""increased"": 1.0, ""decreased"": 0.0, ""roughly_unchanged"": 0.0, ""insufficient_data"": 0.0}",-0.0,-0.0,10,10,1.0,True,0.0,0.2876820724517809,1.0,1.0,,qwen3.6:35b-a3b-q8_0,tatqa,numeric_to_directional,committed
hqa_TAT_4cc4b873,F,directional_change,0,10,hedgeqa_oracle,,False,,1.0,True,0.6730116670092565,0.6520057413074194,0.021005925701837125,0.6980116670092565,0.7020057413074194,0.0,0.4854752972273344,0.4703227248076732,0.01515257241966122,0.03121182994521284,decreased,0.0,0.0,0.0,"{""increased"": 0.0, ""decreased"": 0.6, ""roughly_unchanged"": 0.4, ""insufficient_data"": 0.0}",0.6931471805599453,0.6108643020548935,10,10,0.4,False,0.72,1.0498221244986776,0.5,0.3,,qwen3.6:35b-a3b-q8_0,tatqa,numeric_to_directional,committed
hqa_TAT_4cc4b873,F,directional_change,1,10,hedgeqa_oracle,,False,,1.0,True,0.6881388137135884,0.1625414866957241,0.5255973270178643,0.7131388137135884,0.1875414866957241,0.5255973270178643,0.49638722699390414,0.11724889839732029,0.3791383285965838,0.7637954966984672,roughly_unchanged,0.0,0.0,0.0,"{""increased"": 0.0, ""decreased"": 0.45, ""roughly_unchanged"": 0.55, ""insufficient_data"": 0.0}",0.3250829733914482,-0.0,10,10,0.55,True,0.40499999999999997,0.7985076962177716,0.1,1.0,,qwen3.6:35b-a3b-q8_0,tatqa,numeric_to_directional,committed
hqa_TAT_513bf483,F,directional_change,0,10,hedgeqa_oracle,,False,,1.0,True,-0.0,0.0,-0.0,0.0,0.0,0.0,-0.0,0.0,-0.0,0.0,roughly_unchanged,0.0,0.0,0.0,"{""increased"": 0.0, ""decreased"": 0.0, ""roughly_unchanged"": 1.0, ""insufficient_data"": 0.0}",-0.0,-0.0,10,10,1.0,True,0.0,0.2876820724517809,1.0,1.0,,qwen3.6:35b-a3b-q8_0,tatqa,numeric_to_directional,committed
hqa_TAT_513bf483,F,directional_change,1,10,hedgeqa_oracle,,False,,1.0,True,-0.0,0.0,-0.0,0.0,0.0,0.0,-0.0,0.0,-0.0,0.0,roughly_unchanged,0.0,0.0,0.0,"{""increased"": 0.0, ""decreased"": 0.0, ""roughly_unchanged"": 1.0, ""insufficient_data"": 0.0}",-0.0,-0.0,10,10,1.0,True,0.0,0.2876820724517809,1.0,1.0,,qwen3.6:35b-a3b-q8_0,tatqa,numeric_to_directional,committed
hqa_TAT_52236d86,F,directional_change,0,10,hedgeqa_oracle,,False,,1.0,True,-0.0,0.0,-0.0,0.0,0.0,0.0,-0.0,0.0,-0.0,0.0,decreased,0.0,0.0,0.0,"{""increased"": 0.0, ""decreased"": 1.0, ""roughly_unchanged"": 0.0, ""insufficient_data"": 0.0}",-0.0,-0.0,10,10,1.0,True,0.0,0.2876820724517809,1.0,1.0,,qwen3.6:35b-a3b-q8_0,tatqa,numeric_to_directional,committed
hqa_TAT_52236d86,F,directional_change,1,10,hedgeqa_oracle,,False,,1.0,True,-0.0,0.0,-0.0,0.0,0.0,0.0,-0.0,0.0,-0.0,0.0,decreased,0.0,0.0,0.0,"{""increased"": 0.0, ""decreased"": 1.0, ""roughly_unchanged"": 0.0, ""insufficient_data"": 0.0}",-0.0,-0.0,10,10,1.0,True,0.0,0.2876820724517809,1.0,1.0,,qwen3.6:35b-a3b-q8_0,tatqa,numeric_to_directional,committed
hqa_TAT_55755d65_masked,F,directional_change,0,10,hedgeqa_oracle,,False,,1.0,True,-0.0,0.0,-0.0,0.0,0.0,0.0,-0.0,0.0,-0.0,0.0,insufficient_data,1.0,1.0,1.0,"{""increased"": 0.0, ""decreased"": 0.0, ""roughly_unchanged"": 0.0, ""insufficient_data"": 1.0}",-0.0,-0.0,10,10,1.0,True,0.0,0.2876820724517809,1.0,1.0,,qwen3.6:35b-a3b-q8_0,tatqa,evidence_masked_insufficient,noncommitted
hqa_TAT_55755d65_masked,F,directional_change,1,10,hedgeqa_oracle,,False,,1.0,True,-0.0,0.0,-0.0,0.0,0.0,0.0,-0.0,0.0,-0.0,0.0,insufficient_data,1.0,1.0,1.0,"{""increased"": 0.0, ""decreased"": 0.0, ""roughly_unchanged"": 0.0, ""insufficient_data"": 1.0}",-0.0,-0.0,10,10,1.0,True,0.0,0.2876820724517809,1.0,1.0,,qwen3.6:35b-a3b-q8_0,tatqa,evidence_masked_insufficient,noncommitted
hqa_TAT_5706ce12,F,directional_change,0,10,hedgeqa_oracle,,False,,1.0,True,0.8864644756797976,0.6900015706887962,0.19646290499100139,0.9364644756797976,0.7650015706887963,0.17146290499100136,0.6394489514937396,0.4977309221191609,0.14171802937457864,0.2216252431777834,roughly_unchanged,0.15000000000000002,0.1,0.2,"{""increased"": 0.2, ""decreased"": 0.0, ""roughly_unchanged"": 0.65, ""insufficient_data"": 0.15}",0.3250829733914482,1.0549201679861442,10,10,0.65,True,0.185,0.6603573577369544,0.9,0.4,,qwen3.6:35b-a3b-q8_0,tatqa,numeric_to_directional,committed
hqa_TAT_5706ce12,F,directional_change,1,10,hedgeqa_oracle,,False,,1.0,True,0.6881388137135884,0.1625414866957241,0.5255973270178643,0.7131388137135884,0.1875414866957241,0.5255973270178643,0.49638722699390414,0.11724889839732029,0.3791383285965838,0.7637954966984672,increased,0.0,0.0,0.0,"{""increased"": 0.55, ""decreased"": 0.0, ""roughly_unchanged"": 0.45, ""insufficient_data"": 0.0}",-0.0,0.3250829733914482,10,10,0.45,False,0.6050000000000001,0.9588503462929511,0.0,0.9,,qwen3.6:35b-a3b-q8_0,tatqa,numeric_to_directional,committed
hqa_TAT_59cb702e,F,directional_change,0,10,hedgeqa_oracle,,False,,1.0,True,-0.0,0.0,-0.0,0.0,0.0,0.0,-0.0,0.0,-0.0,0.0,roughly_unchanged,0.0,0.0,0.0,"{""increased"": 0.0, ""decreased"": 0.0, ""roughly_unchanged"": 1.0, ""insufficient_data"": 0.0}",-0.0,-0.0,10,10,1.0,True,0.0,0.2876820724517809,1.0,1.0,,qwen3.6:35b-a3b-q8_0,tatqa,numeric_to_directional,committed
hqa_TAT_59cb702e,F,directional_change,1,10,hedgeqa_oracle,,False,,1.0,True,-0.0,0.0,-0.0,0.0,0.0,0.0,-0.0,0.0,-0.0,0.0,roughly_unchanged,0.0,0.0,0.0,"{""increased"": 0.0, ""decreased"": 0.0, ""roughly_unchanged"": 1.0, ""insufficient_data"": 0.0}",-0.0,-0.0,10,10,1.0,True,0.0,0.2876820724517809,1.0,1.0,,qwen3.6:35b-a3b-q8_0,tatqa,numeric_to_directional,committed
hqa_TAT_5ce27434_masked,F,directional_change,0,10,hedgeqa_oracle,,False,,1.0,True,-0.0,0.0,-0.0,0.0,0.0,0.0,-0.0,0.0,-0.0,0.0,insufficient_data,1.0,1.0,1.0,"{""increased"": 0.0, ""decreased"": 0.0, ""roughly_unchanged"": 0.0, ""insufficient_data"": 1.0}",-0.0,-0.0,10,10,1.0,True,0.0,0.2876820724517809,1.0,1.0,,qwen3.6:35b-a3b-q8_0,tatqa,evidence_masked_insufficient,noncommitted
hqa_TAT_5ce27434_masked,F,directional_change,1,10,hedgeqa_oracle,,False,,1.0,True,-0.0,0.0,-0.0,0.0,0.0,0.0,-0.0,0.0,-0.0,0.0,insufficient_data,1.0,1.0,1.0,"{""increased"": 0.0, ""decreased"": 0.0, ""roughly_unchanged"": 0.0, ""insufficient_data"": 1.0}",-0.0,-0.0,10,10,1.0,True,0.0,0.2876820724517809,1.0,1.0,,qwen3.6:35b-a3b-q8_0,tatqa,evidence_masked_insufficient,noncommitted
hqa_TAT_5f5bf97c,F,directional_change,0,10,hedgeqa_oracle,,False,,1.0,True,-0.0,0.0,-0.0,0.0,0.0,0.0,-0.0,0.0,-0.0,0.0,decreased,0.0,0.0,0.0,"{""increased"": 0.0, ""decreased"": 1.0, ""roughly_unchanged"": 0.0, ""insufficient_data"": 0.0}",-0.0,-0.0,10,10,0.0,False,2.0,2.4849066497880004,0.0,0.0,,qwen3.6:35b-a3b-q8_0,tatqa,numeric_to_directional,committed
hqa_TAT_5f5bf97c,F,directional_change,1,10,hedgeqa_oracle,,False,,1.0,True,-0.0,0.0,-0.0,0.0,0.0,0.0,-0.0,0.0,-0.0,0.0,decreased,0.0,0.0,0.0,"{""increased"": 0.0, ""decreased"": 1.0, ""roughly_unchanged"": 0.0, ""insufficient_data"": 0.0}",-0.0,-0.0,10,10,0.0,False,2.0,2.4849066497880004,0.0,0.0,,qwen3.6:35b-a3b-q8_0,tatqa,numeric_to_directional,committed
hqa_TAT_60e1712c,F,directional_change,0,10,hedgeqa_oracle,,False,,1.0,True,-0.0,0.0,-0.0,0.0,0.0,0.0,-0.0,0.0,-0.0,0.0,decreased,0.0,0.0,0.0,"{""increased"": 0.0, ""decreased"": 1.0, ""roughly_unchanged"": 0.0, ""insufficient_data"": 0.0}",-0.0,-0.0,10,10,1.0,True,0.0,0.2876820724517809,1.0,1.0,,qwen3.6:35b-a3b-q8_0,tatqa,numeric_to_directional,committed
hqa_TAT_60e1712c,F,directional_change,1,10,hedgeqa_oracle,,False,,1.0,True,-0.0,0.0,-0.0,0.0,0.0,0.0,-0.0,0.0,-0.0,0.0,decreased,0.0,0.0,0.0,"{""increased"": 0.0, ""decreased"": 1.0, ""roughly_unchanged"": 0.0, ""insufficient_data"": 0.0}",-0.0,-0.0,10,10,1.0,True,0.0,0.2876820724517809,1.0,1.0,,qwen3.6:35b-a3b-q8_0,tatqa,numeric_to_directional,committed
hqa_TAT_62bbb05f,F,directional_change,0,10,hedgeqa_oracle,,False,,1.0,True,-0.0,0.0,-0.0,0.0,0.0,0.0,-0.0,0.0,-0.0,0.0,decreased,0.0,0.0,0.0,"{""increased"": 0.0, ""decreased"": 1.0, ""roughly_unchanged"": 0.0, ""insufficient_data"": 0.0}",-0.0,-0.0,10,10,0.0,False,2.0,2.4849066497880004,0.0,0.0,,qwen3.6:35b-a3b-q8_0,tatqa,numeric_to_directional,committed
hqa_TAT_62bbb05f,F,directional_change,1,10,hedgeqa_oracle,,False,,1.0,True,-0.0,0.0,-0.0,0.0,0.0,0.0,-0.0,0.0,-0.0,0.0,decreased,0.0,0.0,0.0,"{""increased"": 0.0, ""decreased"": 1.0, ""roughly_unchanged"": 0.0, ""insufficient_data"": 0.0}",-0.0,-0.0,10,10,0.0,False,2.0,2.4849066497880004,0.0,0.0,,qwen3.6:35b-a3b-q8_0,tatqa,numeric_to_directional,committed
hqa_TAT_66ae5834,F,directional_change,0,10,hedgeqa_oracle,,False,,1.0,True,-0.0,0.0,-0.0,0.0,0.0,0.0,-0.0,0.0,-0.0,0.0,increased,0.0,0.0,0.0,"{""increased"": 1.0, ""decreased"": 0.0, ""roughly_unchanged"": 0.0, ""insufficient_data"": 0.0}",-0.0,-0.0,10,10,1.0,True,0.0,0.2876820724517809,1.0,1.0,,qwen3.6:35b-a3b-q8_0,tatqa,numeric_to_directional,committed
hqa_TAT_66ae5834,F,directional_change,1,10,hedgeqa_oracle,,False,,1.0,True,-0.0,0.0,-0.0,0.0,0.0,0.0,-0.0,0.0,-0.0,0.0,increased,0.0,0.0,0.0,"{""increased"": 1.0, ""decreased"": 0.0, ""roughly_unchanged"": 0.0, ""insufficient_data"": 0.0}",-0.0,-0.0,10,10,1.0,True,0.0,0.2876820724517809,1.0,1.0,,qwen3.6:35b-a3b-q8_0,tatqa,numeric_to_directional,committed
hqa_TAT_6ada4621_masked,F,directional_change,0,10,hedgeqa_oracle,,False,,1.0,True,-0.0,0.0,-0.0,0.0,0.0,0.0,-0.0,0.0,-0.0,0.0,insufficient_data,1.0,1.0,1.0,"{""increased"": 0.0, ""decreased"": 0.0, ""roughly_unchanged"": 0.0, ""insufficient_data"": 1.0}",-0.0,-0.0,10,10,1.0,True,0.0,0.2876820724517809,1.0,1.0,,qwen3.6:35b-a3b-q8_0,tatqa,evidence_masked_insufficient,noncommitted
hqa_TAT_6ada4621_masked,F,directional_change,1,10,hedgeqa_oracle,,False,,1.0,True,-0.0,0.0,-0.0,0.0,0.0,0.0,-0.0,0.0,-0.0,0.0,insufficient_data,1.0,1.0,1.0,"{""increased"": 0.0, ""decreased"": 0.0, ""roughly_unchanged"": 0.0, ""insufficient_data"": 1.0}",-0.0,-0.0,10,10,1.0,True,0.0,0.2876820724517809,1.0,1.0,,qwen3.6:35b-a3b-q8_0,tatqa,evidence_masked_insufficient,noncommitted
hqa_TAT_6b50f4c7,F,directional_change,0,10,hedgeqa_oracle,,False,,1.0,True,-0.0,0.0,-0.0,0.0,0.0,0.0,-0.0,0.0,-0.0,0.0,increased,0.0,0.0,0.0,"{""increased"": 1.0, ""decreased"": 0.0, ""roughly_unchanged"": 0.0, ""insufficient_data"": 0.0}",-0.0,-0.0,10,10,0.0,False,2.0,2.4849066497880004,0.0,0.0,,qwen3.6:35b-a3b-q8_0,tatqa,numeric_to_directional,committed
hqa_TAT_6b50f4c7,F,directional_change,1,10,hedgeqa_oracle,,False,,1.0,True,-0.0,0.0,-0.0,0.0,0.0,0.0,-0.0,0.0,-0.0,0.0,increased,0.0,0.0,0.0,"{""increased"": 1.0, ""decreased"": 0.0, ""roughly_unchanged"": 0.0, ""insufficient_data"": 0.0}",-0.0,-0.0,10,10,0.0,False,2.0,2.4849066497880004,0.0,0.0,,qwen3.6:35b-a3b-q8_0,tatqa,numeric_to_directional,committed
hqa_TAT_73a33378,F,directional_change,0,10,hedgeqa_oracle,,False,,1.0,True,-0.0,0.0,-0.0,0.0,0.0,0.0,-0.0,0.0,-0.0,0.0,increased,0.0,0.0,0.0,"{""increased"": 1.0, ""decreased"": 0.0, ""roughly_unchanged"": 0.0, ""insufficient_data"": 0.0}",-0.0,-0.0,10,10,1.0,True,0.0,0.2876820724517809,1.0,1.0,,qwen3.6:35b-a3b-q8_0,tatqa,numeric_to_directional,committed
hqa_TAT_73a33378,F,directional_change,1,10,hedgeqa_oracle,,False,,1.0,True,-0.0,0.0,-0.0,0.0,0.0,0.0,-0.0,0.0,-0.0,0.0,increased,0.0,0.0,0.0,"{""increased"": 1.0, ""decreased"": 0.0, ""roughly_unchanged"": 0.0, ""insufficient_data"": 0.0}",-0.0,-0.0,10,10,1.0,True,0.0,0.2876820724517809,1.0,1.0,,qwen3.6:35b-a3b-q8_0,tatqa,numeric_to_directional,committed
hqa_TAT_76519d33,F,directional_change,0,10,hedgeqa_oracle,,False,,1.0,True,-0.0,0.0,-0.0,0.0,0.0,0.0,-0.0,0.0,-0.0,0.0,decreased,0.0,0.0,0.0,"{""increased"": 0.0, ""decreased"": 1.0, ""roughly_unchanged"": 0.0, ""insufficient_data"": 0.0}",-0.0,-0.0,10,10,1.0,True,0.0,0.2876820724517809,1.0,1.0,,qwen3.6:35b-a3b-q8_0,tatqa,numeric_to_directional,committed
hqa_TAT_76519d33,F,directional_change,1,10,hedgeqa_oracle,,False,,1.0,True,-0.0,0.0,-0.0,0.0,0.0,0.0,-0.0,0.0,-0.0,0.0,decreased,0.0,0.0,0.0,"{""increased"": 0.0, ""decreased"": 1.0, ""roughly_unchanged"": 0.0, ""insufficient_data"": 0.0}",-0.0,-0.0,10,10,1.0,True,0.0,0.2876820724517809,1.0,1.0,,qwen3.6:35b-a3b-q8_0,tatqa,numeric_to_directional,committed
hqa_TAT_767d5782,F,directional_change,0,10,hedgeqa_oracle,,False,,1.0,True,-0.0,0.0,-0.0,0.0,0.0,0.0,-0.0,0.0,-0.0,0.0,increased,0.0,0.0,0.0,"{""increased"": 1.0, ""decreased"": 0.0, ""roughly_unchanged"": 0.0, ""insufficient_data"": 0.0}",-0.0,-0.0,10,10,0.0,False,2.0,2.4849066497880004,0.0,0.0,,qwen3.6:35b-a3b-q8_0,tatqa,numeric_to_directional,committed
hqa_TAT_767d5782,F,directional_change,1,10,hedgeqa_oracle,,False,,1.0,True,-0.0,0.0,-0.0,0.0,0.0,0.0,-0.0,0.0,-0.0,0.0,increased,0.0,0.0,0.0,"{""increased"": 1.0, ""decreased"": 0.0, ""roughly_unchanged"": 0.0, ""insufficient_data"": 0.0}",-0.0,-0.0,10,10,0.0,False,2.0,2.4849066497880004,0.0,0.0,,qwen3.6:35b-a3b-q8_0,tatqa,numeric_to_directional,committed
hqa_TAT_7c2f5eca,F,directional_change,0,10,hedgeqa_oracle,,False,,1.0,True,-0.0,0.0,-0.0,0.0,0.0,0.0,-0.0,0.0,-0.0,0.0,increased,0.0,0.0,0.0,"{""increased"": 1.0, ""decreased"": 0.0, ""roughly_unchanged"": 0.0, ""insufficient_data"": 0.0}",-0.0,-0.0,10,10,1.0,True,0.0,0.2876820724517809,1.0,1.0,,qwen3.6:35b-a3b-q8_0,tatqa,numeric_to_directional,committed
hqa_TAT_7c2f5eca,F,directional_change,1,10,hedgeqa_oracle,,False,,1.0,True,-0.0,0.0,-0.0,0.0,0.0,0.0,-0.0,0.0,-0.0,0.0,increased,0.0,0.0,0.0,"{""increased"": 1.0, ""decreased"": 0.0, ""roughly_unchanged"": 0.0, ""insufficient_data"": 0.0}",-0.0,-0.0,10,10,1.0,True,0.0,0.2876820724517809,1.0,1.0,,qwen3.6:35b-a3b-q8_0,tatqa,numeric_to_directional,committed
hqa_TAT_82619ad4,F,directional_change,0,10,hedgeqa_oracle,,False,,1.0,True,0.926506603289533,0.5556333627965406,0.3708732404929924,0.9765066032895331,0.6056333627965407,0.3708732404929924,0.6683332409583438,0.4008047485295137,0.26752849242883003,0.4002920639488358,decreased,0.0,0.0,0.0,"{""increased"": 0.1, ""decreased"": 0.55, ""roughly_unchanged"": 0.35, ""insufficient_data"": 0.0}",0.6108643020548935,0.5004024235381879,10,10,0.35,False,0.7350000000000001,1.1499055830556604,0.7,0.0,,qwen3.6:35b-a3b-q8_0,tatqa,numeric_to_directional,committed
hqa_TAT_82619ad4,F,directional_change,1,10,hedgeqa_oracle,,False,,1.0,True,0.6128694524619496,0.5697171415941824,0.04315231086776716,0.6628694524619496,0.6447171415941824,0.018152310867767252,0.4420918598895945,0.4109640474436812,0.031127812445913304,0.07041028182171684,decreased,0.0,0.0,0.0,"{""increased"": 0.15, ""decreased"": 0.8, ""roughly_unchanged"": 0.05, ""insufficient_data"": 0.0}",0.5004024235381879,0.639031859650177,10,10,0.05,False,1.565,2.1484344131667874,0.0,0.1,,qwen3.6:35b-a3b-q8_0,tatqa,numeric_to_directional,committed
hqa_TAT_8267829d,F,directional_change,0,10,hedgeqa_oracle,,False,,1.0,True,-0.0,0.0,-0.0,0.0,0.0,0.0,-0.0,0.0,-0.0,0.0,increased,0.0,0.0,0.0,"{""increased"": 1.0, ""decreased"": 0.0, ""roughly_unchanged"": 0.0, ""insufficient_data"": 0.0}",-0.0,-0.0,10,10,1.0,True,0.0,0.2876820724517809,1.0,1.0,,qwen3.6:35b-a3b-q8_0,tatqa,numeric_to_directional,committed
hqa_TAT_8267829d,F,directional_change,1,10,hedgeqa_oracle,,False,,1.0,True,-0.0,0.0,-0.0,0.0,0.0,0.0,-0.0,0.0,-0.0,0.0,increased,0.0,0.0,0.0,"{""increased"": 1.0, ""decreased"": 0.0, ""roughly_unchanged"": 0.0, ""insufficient_data"": 0.0}",-0.0,-0.0,10,10,1.0,True,0.0,0.2876820724517809,1.0,1.0,,qwen3.6:35b-a3b-q8_0,tatqa,numeric_to_directional,committed
hqa_TAT_84d7e537,F,directional_change,0,10,hedgeqa_oracle,,False,,1.0,True,-0.0,0.0,-0.0,0.0,0.0,0.0,-0.0,0.0,-0.0,0.0,increased,0.0,0.0,0.0,"{""increased"": 1.0, ""decreased"": 0.0, ""roughly_unchanged"": 0.0, ""insufficient_data"": 0.0}",-0.0,-0.0,10,10,1.0,True,0.0,0.2876820724517809,1.0,1.0,,qwen3.6:35b-a3b-q8_0,tatqa,numeric_to_directional,committed
hqa_TAT_84d7e537,F,directional_change,1,10,hedgeqa_oracle,,False,,1.0,True,-0.0,0.0,-0.0,0.0,0.0,0.0,-0.0,0.0,-0.0,0.0,increased,0.0,0.0,0.0,"{""increased"": 1.0, ""decreased"": 0.0, ""roughly_unchanged"": 0.0, ""insufficient_data"": 0.0}",-0.0,-0.0,10,10,1.0,True,0.0,0.2876820724517809,1.0,1.0,,qwen3.6:35b-a3b-q8_0,tatqa,numeric_to_directional,committed
hqa_TAT_8b28da38,F,directional_change,0,10,hedgeqa_oracle,,False,,1.0,True,0.6474466390346325,0.641937984532075,0.005508654502557553,0.6724466390346325,0.691937984532075,0.0,0.46703402768774555,0.4630603734213403,0.003973654266405221,0.008508275694767935,decreased,0.0,0.0,0.0,"{""increased"": 0.35, ""decreased"": 0.65, ""roughly_unchanged"": 0.0, ""insufficient_data"": 0.0}",0.6108643020548935,0.6730116670092565,10,10,0.65,True,0.245,0.6603573577369546,0.7,0.6,,qwen3.6:35b-a3b-q8_0,tatqa,numeric_to_directional,committed
hqa_TAT_8b28da38,F,directional_change,1,10,hedgeqa_oracle,,False,,1.0,True,-0.0,0.0,-0.0,0.0,0.0,0.0,-0.0,0.0,-0.0,0.0,decreased,0.0,0.0,0.0,"{""increased"": 0.0, ""decreased"": 1.0, ""roughly_unchanged"": 0.0, ""insufficient_data"": 0.0}",-0.0,-0.0,10,10,1.0,True,0.0,0.2876820724517809,1.0,1.0,,qwen3.6:35b-a3b-q8_0,tatqa,numeric_to_directional,committed
hqa_TAT_8f757617,F,directional_change,0,10,hedgeqa_oracle,,False,,1.0,True,-0.0,0.0,-0.0,0.0,0.0,0.0,-0.0,0.0,-0.0,0.0,decreased,0.0,0.0,0.0,"{""increased"": 0.0, ""decreased"": 1.0, ""roughly_unchanged"": 0.0, ""insufficient_data"": 0.0}",-0.0,-0.0,10,10,1.0,True,0.0,0.2876820724517809,1.0,1.0,,qwen3.6:35b-a3b-q8_0,tatqa,numeric_to_directional,committed
hqa_TAT_8f757617,F,directional_change,1,10,hedgeqa_oracle,,False,,1.0,True,-0.0,0.0,-0.0,0.0,0.0,0.0,-0.0,0.0,-0.0,0.0,decreased,0.0,0.0,0.0,"{""increased"": 0.0, ""decreased"": 1.0, ""roughly_unchanged"": 0.0, ""insufficient_data"": 0.0}",-0.0,-0.0,10,10,1.0,True,0.0,0.2876820724517809,1.0,1.0,,qwen3.6:35b-a3b-q8_0,tatqa,numeric_to_directional,committed
hqa_TAT_924db34b_masked,F,directional_change,0,10,hedgeqa_oracle,,False,,1.0,True,-0.0,0.0,-0.0,0.0,0.0,0.0,-0.0,0.0,-0.0,0.0,insufficient_data,1.0,1.0,1.0,"{""increased"": 0.0, ""decreased"": 0.0, ""roughly_unchanged"": 0.0, ""insufficient_data"": 1.0}",-0.0,-0.0,10,10,1.0,True,0.0,0.2876820724517809,1.0,1.0,,qwen3.6:35b-a3b-q8_0,tatqa,evidence_masked_insufficient,noncommitted
hqa_TAT_924db34b_masked,F,directional_change,1,10,hedgeqa_oracle,,False,,1.0,True,-0.0,0.0,-0.0,0.0,0.0,0.0,-0.0,0.0,-0.0,0.0,insufficient_data,1.0,1.0,1.0,"{""increased"": 0.0, ""decreased"": 0.0, ""roughly_unchanged"": 0.0, ""insufficient_data"": 1.0}",-0.0,-0.0,10,10,1.0,True,0.0,0.2876820724517809,1.0,1.0,,qwen3.6:35b-a3b-q8_0,tatqa,evidence_masked_insufficient,noncommitted
hqa_TAT_9335454b,F,directional_change,0,10,hedgeqa_oracle,,False,,1.0,True,-0.0,0.0,-0.0,0.0,0.0,0.0,-0.0,0.0,-0.0,0.0,decreased,0.0,0.0,0.0,"{""increased"": 0.0, ""decreased"": 1.0, ""roughly_unchanged"": 0.0, ""insufficient_data"": 0.0}",-0.0,-0.0,10,10,1.0,True,0.0,0.2876820724517809,1.0,1.0,,qwen3.6:35b-a3b-q8_0,tatqa,numeric_to_directional,committed
hqa_TAT_9335454b,F,directional_change,1,10,hedgeqa_oracle,,False,,1.0,True,-0.0,0.0,-0.0,0.0,0.0,0.0,-0.0,0.0,-0.0,0.0,decreased,0.0,0.0,0.0,"{""increased"": 0.0, ""decreased"": 1.0, ""roughly_unchanged"": 0.0, ""insufficient_data"": 0.0}",-0.0,-0.0,10,10,1.0,True,0.0,0.2876820724517809,1.0,1.0,,qwen3.6:35b-a3b-q8_0,tatqa,numeric_to_directional,committed
hqa_TAT_96ec3b97,F,directional_change,0,10,hedgeqa_oracle,,False,,1.0,True,-0.0,0.0,-0.0,0.0,0.0,0.0,-0.0,0.0,-0.0,0.0,decreased,0.0,0.0,0.0,"{""increased"": 0.0, ""decreased"": 1.0, ""roughly_unchanged"": 0.0, ""insufficient_data"": 0.0}",-0.0,-0.0,10,10,1.0,True,0.0,0.2876820724517809,1.0,1.0,,qwen3.6:35b-a3b-q8_0,tatqa,numeric_to_directional,committed
hqa_TAT_96ec3b97,F,directional_change,1,10,hedgeqa_oracle,,False,,1.0,True,-0.0,0.0,-0.0,0.0,0.0,0.0,-0.0,0.0,-0.0,0.0,decreased,0.0,0.0,0.0,"{""increased"": 0.0, ""decreased"": 1.0, ""roughly_unchanged"": 0.0, ""insufficient_data"": 0.0}",-0.0,-0.0,10,10,1.0,True,0.0,0.2876820724517809,1.0,1.0,,qwen3.6:35b-a3b-q8_0,tatqa,numeric_to_directional,committed
hqa_TAT_9d3bed67,F,directional_change,0,10,hedgeqa_oracle,,False,,1.0,True,-0.0,0.0,-0.0,0.0,0.0,0.0,-0.0,0.0,-0.0,0.0,decreased,0.0,0.0,0.0,"{""increased"": 0.0, ""decreased"": 1.0, ""roughly_unchanged"": 0.0, ""insufficient_data"": 0.0}",-0.0,-0.0,10,10,1.0,True,0.0,0.2876820724517809,1.0,1.0,,qwen3.6:35b-a3b-q8_0,tatqa,numeric_to_directional,committed
hqa_TAT_9d3bed67,F,directional_change,1,10,hedgeqa_oracle,,False,,1.0,True,-0.0,0.0,-0.0,0.0,0.0,0.0,-0.0,0.0,-0.0,0.0,decreased,0.0,0.0,0.0,"{""increased"": 0.0, ""decreased"": 1.0, ""roughly_unchanged"": 0.0, ""insufficient_data"": 0.0}",-0.0,-0.0,10,10,1.0,True,0.0,0.2876820724517809,1.0,1.0,,qwen3.6:35b-a3b-q8_0,tatqa,numeric_to_directional,committed
hqa_TAT_a4e3f89a,F,directional_change,0,10,hedgeqa_oracle,,False,,1.0,True,-0.0,0.0,-0.0,0.0,0.0,0.0,-0.0,0.0,-0.0,0.0,increased,0.0,0.0,0.0,"{""increased"": 1.0, ""decreased"": 0.0, ""roughly_unchanged"": 0.0, ""insufficient_data"": 0.0}",-0.0,-0.0,10,10,1.0,True,0.0,0.2876820724517809,1.0,1.0,,qwen3.6:35b-a3b-q8_0,tatqa,numeric_to_directional,committed
hqa_TAT_a4e3f89a,F,directional_change,1,10,hedgeqa_oracle,,False,,1.0,True,-0.0,0.0,-0.0,0.0,0.0,0.0,-0.0,0.0,-0.0,0.0,increased,0.0,0.0,0.0,"{""increased"": 1.0, ""decreased"": 0.0, ""roughly_unchanged"": 0.0, ""insufficient_data"": 0.0}",-0.0,-0.0,10,10,1.0,True,0.0,0.2876820724517809,1.0,1.0,,qwen3.6:35b-a3b-q8_0,tatqa,numeric_to_directional,committed
hqa_TAT_a727c9c8,F,directional_change,0,10,hedgeqa_oracle,,False,,1.0,True,-0.0,0.0,-0.0,0.0,0.0,0.0,-0.0,0.0,-0.0,0.0,increased,0.0,0.0,0.0,"{""increased"": 1.0, ""decreased"": 0.0, ""roughly_unchanged"": 0.0, ""insufficient_data"": 0.0}",-0.0,-0.0,10,10,1.0,True,0.0,0.2876820724517809,1.0,1.0,,qwen3.6:35b-a3b-q8_0,tatqa,numeric_to_directional,committed
hqa_TAT_a727c9c8,F,directional_change,1,10,hedgeqa_oracle,,False,,1.0,True,-0.0,0.0,-0.0,0.0,0.0,0.0,-0.0,0.0,-0.0,0.0,increased,0.0,0.0,0.0,"{""increased"": 1.0, ""decreased"": 0.0, ""roughly_unchanged"": 0.0, ""insufficient_data"": 0.0}",-0.0,-0.0,10,10,1.0,True,0.0,0.2876820724517809,1.0,1.0,,qwen3.6:35b-a3b-q8_0,tatqa,numeric_to_directional,committed
hqa_TAT_a757ebed_masked,F,directional_change,0,10,hedgeqa_oracle,,False,,1.0,True,-0.0,0.0,-0.0,0.0,0.0,0.0,-0.0,0.0,-0.0,0.0,increased,0.0,0.0,0.0,"{""increased"": 1.0, ""decreased"": 0.0, ""roughly_unchanged"": 0.0, ""insufficient_data"": 0.0}",-0.0,-0.0,10,10,0.0,False,2.0,2.4849066497880004,0.0,0.0,,qwen3.6:35b-a3b-q8_0,tatqa,evidence_masked_insufficient,noncommitted
hqa_TAT_a757ebed_masked,F,directional_change,1,10,hedgeqa_oracle,,False,,1.0,True,-0.0,0.0,-0.0,0.0,0.0,0.0,-0.0,0.0,-0.0,0.0,increased,0.0,0.0,0.0,"{""increased"": 1.0, ""decreased"": 0.0, ""roughly_unchanged"": 0.0, ""insufficient_data"": 0.0}",-0.0,-0.0,10,10,0.0,False,2.0,2.4849066497880004,0.0,0.0,,qwen3.6:35b-a3b-q8_0,tatqa,evidence_masked_insufficient,noncommitted
hqa_TAT_b1f0677c_masked,F,directional_change,0,10,hedgeqa_oracle,,False,,1.0,True,0.6474466390346325,0.49904732020035236,0.14839931883428015,0.6724466390346325,0.5490473202003524,0.12339931883428013,0.46703402768774555,0.3599865470109875,0.10704748067675807,0.22920702632042259,insufficient_data,0.65,0.9,0.4,"{""increased"": 0.35, ""decreased"": 0.0, ""roughly_unchanged"": 0.0, ""insufficient_data"": 0.65}",0.3250829733914482,0.6730116670092565,10,10,0.65,True,0.24499999999999997,0.6603573577369544,0.9,0.4,,qwen3.6:35b-a3b-q8_0,tatqa,evidence_masked_insufficient,noncommitted
hqa_TAT_b1f0677c_masked,F,directional_change,1,10,hedgeqa_oracle,,False,,1.0,True,1.0397207708399179,0.34657359027997264,0.6931471805599452,1.089720770839918,0.37157359027997267,0.7181471805599453,0.75,0.25,0.49999999999999994,0.6666666666666666,decreased,0.25,0.0,0.5,"{""increased"": 0.25, ""decreased"": 0.5, ""roughly_unchanged"": 0.0, ""insufficient_data"": 0.25}",-0.0,0.6931471805599453,10,10,0.25,False,0.875,1.3862943611198906,0.0,0.5,,qwen3.6:35b-a3b-q8_0,tatqa,evidence_masked_insufficient,noncommitted
hqa_TAT_b3f27ae7,F,directional_change,0,10,hedgeqa_oracle,,False,,1.0,True,-0.0,0.0,-0.0,0.0,0.0,0.0,-0.0,0.0,-0.0,0.0,roughly_unchanged,0.0,0.0,0.0,"{""increased"": 0.0, ""decreased"": 0.0, ""roughly_unchanged"": 1.0, ""insufficient_data"": 0.0}",-0.0,-0.0,10,10,1.0,True,0.0,0.2876820724517809,1.0,1.0,,qwen3.6:35b-a3b-q8_0,tatqa,numeric_to_directional,committed
hqa_TAT_b3f27ae7,F,directional_change,1,10,hedgeqa_oracle,,False,,1.0,True,-0.0,0.0,-0.0,0.0,0.0,0.0,-0.0,0.0,-0.0,0.0,roughly_unchanged,0.0,0.0,0.0,"{""increased"": 0.0, ""decreased"": 0.0, ""roughly_unchanged"": 1.0, ""insufficient_data"": 0.0}",-0.0,-0.0,10,10,1.0,True,0.0,0.2876820724517809,1.0,1.0,,qwen3.6:35b-a3b-q8_0,tatqa,numeric_to_directional,committed
hqa_TAT_b6be3a9e,F,directional_change,0,10,hedgeqa_oracle,,False,,1.0,True,-0.0,0.0,-0.0,0.0,0.0,0.0,-0.0,0.0,-0.0,0.0,decreased,0.0,0.0,0.0,"{""increased"": 0.0, ""decreased"": 1.0, ""roughly_unchanged"": 0.0, ""insufficient_data"": 0.0}",-0.0,-0.0,10,10,1.0,True,0.0,0.2876820724517809,1.0,1.0,,qwen3.6:35b-a3b-q8_0,tatqa,numeric_to_directional,committed
hqa_TAT_b6be3a9e,F,directional_change,1,10,hedgeqa_oracle,,False,,1.0,True,-0.0,0.0,-0.0,0.0,0.0,0.0,-0.0,0.0,-0.0,0.0,decreased,0.0,0.0,0.0,"{""increased"": 0.0, ""decreased"": 1.0, ""roughly_unchanged"": 0.0, ""insufficient_data"": 0.0}",-0.0,-0.0,10,10,1.0,True,0.0,0.2876820724517809,1.0,1.0,,qwen3.6:35b-a3b-q8_0,tatqa,numeric_to_directional,committed
hqa_TAT_bff37d29,F,directional_change,0,10,hedgeqa_oracle,,False,,1.0,True,0.6730116670092565,0.25020121176909393,0.4228104552401626,0.6980116670092565,0.27520121176909396,0.4228104552401626,0.4854752972273344,0.18048202372184058,0.3049932735054938,0.6282364421987758,increased,0.0,0.0,0.0,"{""increased"": 0.6, ""decreased"": 0.4, ""roughly_unchanged"": 0.0, ""insufficient_data"": 0.0}",0.5004024235381879,-0.0,10,10,0.4,False,0.72,1.0498221244986776,0.8,0.0,,qwen3.6:35b-a3b-q8_0,tatqa,numeric_to_directional,committed
hqa_TAT_bff37d29,F,directional_change,1,10,hedgeqa_oracle,,False,,1.0,True,1.0296530140645737,0.33650583350462826,0.6931471805599454,1.0796530140645737,0.3615058335046283,0.7181471805599454,0.7427376486136673,0.2427376486136672,0.5000000000000001,0.6731852100580317,decreased,0.2,0.4,0.0,"{""increased"": 0.3, ""decreased"": 0.5, ""roughly_unchanged"": 0.0, ""insufficient_data"": 0.2}",0.6730116670092565,-0.0,10,10,0.5,True,0.38,0.8754687373538999,0.0,1.0,,qwen3.6:35b-a3b-q8_0,tatqa,numeric_to_directional,committed
hqa_TAT_c29146e1,F,directional_change,0,10,hedgeqa_oracle,,False,,1.0,True,-0.0,0.0,-0.0,0.0,0.0,0.0,-0.0,0.0,-0.0,0.0,increased,0.0,0.0,0.0,"{""increased"": 1.0, ""decreased"": 0.0, ""roughly_unchanged"": 0.0, ""insufficient_data"": 0.0}",-0.0,-0.0,10,10,1.0,True,0.0,0.2876820724517809,1.0,1.0,,qwen3.6:35b-a3b-q8_0,tatqa,numeric_to_directional,committed
hqa_TAT_c29146e1,F,directional_change,1,10,hedgeqa_oracle,,False,,1.0,True,-0.0,0.0,-0.0,0.0,0.0,0.0,-0.0,0.0,-0.0,0.0,increased,0.0,0.0,0.0,"{""increased"": 1.0, ""decreased"": 0.0, ""roughly_unchanged"": 0.0, ""insufficient_data"": 0.0}",-0.0,-0.0,10,10,1.0,True,0.0,0.2876820724517809,1.0,1.0,,qwen3.6:35b-a3b-q8_0,tatqa,numeric_to_directional,committed
hqa_TAT_c2ecf8bd,F,directional_change,0,10,hedgeqa_oracle,,False,,1.0,True,-0.0,0.0,-0.0,0.0,0.0,0.0,-0.0,0.0,-0.0,0.0,decreased,0.0,0.0,0.0,"{""increased"": 0.0, ""decreased"": 1.0, ""roughly_unchanged"": 0.0, ""insufficient_data"": 0.0}",-0.0,-0.0,10,10,1.0,True,0.0,0.2876820724517809,1.0,1.0,,qwen3.6:35b-a3b-q8_0,tatqa,numeric_to_directional,committed
hqa_TAT_c2ecf8bd,F,directional_change,1,10,hedgeqa_oracle,,False,,1.0,True,-0.0,0.0,-0.0,0.0,0.0,0.0,-0.0,0.0,-0.0,0.0,decreased,0.0,0.0,0.0,"{""increased"": 0.0, ""decreased"": 1.0, ""roughly_unchanged"": 0.0, ""insufficient_data"": 0.0}",-0.0,-0.0,10,10,1.0,True,0.0,0.2876820724517809,1.0,1.0,,qwen3.6:35b-a3b-q8_0,tatqa,numeric_to_directional,committed
hqa_TAT_d223a6ae,F,directional_change,0,10,hedgeqa_oracle,,False,,1.0,True,0.3250829733914482,0.25020121176909393,0.07488176162235427,0.3500829733914482,0.27520121176909396,0.07488176162235427,0.23449779679464058,0.18048202372184058,0.054015773072800005,0.23034661225454434,decreased,0.0,0.0,0.0,"{""increased"": 0.1, ""decreased"": 0.9, ""roughly_unchanged"": 0.0, ""insufficient_data"": 0.0}",-0.0,0.5004024235381879,10,10,0.9,True,0.019999999999999997,0.380772495517793,1.0,0.8,,qwen3.6:35b-a3b-q8_0,tatqa,numeric_to_directional,committed
hqa_TAT_d223a6ae,F,directional_change,1,10,hedgeqa_oracle,,False,,1.0,True,-0.0,0.0,-0.0,0.0,0.0,0.0,-0.0,0.0,-0.0,0.0,decreased,0.0,0.0,0.0,"{""increased"": 0.0, ""decreased"": 1.0, ""roughly_unchanged"": 0.0, ""insufficient_data"": 0.0}",-0.0,-0.0,10,10,1.0,True,0.0,0.2876820724517809,1.0,1.0,,qwen3.6:35b-a3b-q8_0,tatqa,numeric_to_directional,committed
hqa_TAT_d24aae82_masked,F,directional_change,0,10,hedgeqa_oracle,,False,,1.0,True,-0.0,0.0,-0.0,0.0,0.0,0.0,-0.0,0.0,-0.0,0.0,increased,0.0,0.0,0.0,"{""increased"": 1.0, ""decreased"": 0.0, ""roughly_unchanged"": 0.0, ""insufficient_data"": 0.0}",-0.0,-0.0,10,10,0.0,False,2.0,2.4849066497880004,0.0,0.0,,qwen3.6:35b-a3b-q8_0,tatqa,evidence_masked_insufficient,noncommitted
hqa_TAT_d24aae82_masked,F,directional_change,1,10,hedgeqa_oracle,,False,,1.0,True,-0.0,0.0,-0.0,0.0,0.0,0.0,-0.0,0.0,-0.0,0.0,increased,0.0,0.0,0.0,"{""increased"": 1.0, ""decreased"": 0.0, ""roughly_unchanged"": 0.0, ""insufficient_data"": 0.0}",-0.0,-0.0,10,10,0.0,False,2.0,2.4849066497880004,0.0,0.0,,qwen3.6:35b-a3b-q8_0,tatqa,evidence_masked_insufficient,noncommitted
hqa_TAT_d510edb9,F,directional_change,0,10,hedgeqa_oracle,,False,,1.0,True,-0.0,0.0,-0.0,0.0,0.0,0.0,-0.0,0.0,-0.0,0.0,increased,0.0,0.0,0.0,"{""increased"": 1.0, ""decreased"": 0.0, ""roughly_unchanged"": 0.0, ""insufficient_data"": 0.0}",-0.0,-0.0,10,10,1.0,True,0.0,0.2876820724517809,1.0,1.0,,qwen3.6:35b-a3b-q8_0,tatqa,numeric_to_directional,committed
hqa_TAT_d510edb9,F,directional_change,1,10,hedgeqa_oracle,,False,,1.0,True,-0.0,0.0,-0.0,0.0,0.0,0.0,-0.0,0.0,-0.0,0.0,increased,0.0,0.0,0.0,"{""increased"": 1.0, ""decreased"": 0.0, ""roughly_unchanged"": 0.0, ""insufficient_data"": 0.0}",-0.0,-0.0,10,10,1.0,True,0.0,0.2876820724517809,1.0,1.0,,qwen3.6:35b-a3b-q8_0,tatqa,numeric_to_directional,committed
hqa_TAT_d8c5f9a6,F,directional_change,0,10,hedgeqa_oracle,,False,,1.0,True,-0.0,0.0,-0.0,0.0,0.0,0.0,-0.0,0.0,-0.0,0.0,roughly_unchanged,0.0,0.0,0.0,"{""increased"": 0.0, ""decreased"": 0.0, ""roughly_unchanged"": 1.0, ""insufficient_data"": 0.0}",-0.0,-0.0,10,10,1.0,True,0.0,0.2876820724517809,1.0,1.0,,qwen3.6:35b-a3b-q8_0,tatqa,numeric_to_directional,committed
hqa_TAT_d8c5f9a6,F,directional_change,1,10,hedgeqa_oracle,,False,,1.0,True,-0.0,0.0,-0.0,0.0,0.0,0.0,-0.0,0.0,-0.0,0.0,roughly_unchanged,0.0,0.0,0.0,"{""increased"": 0.0, ""decreased"": 0.0, ""roughly_unchanged"": 1.0, ""insufficient_data"": 0.0}",-0.0,-0.0,10,10,1.0,True,0.0,0.2876820724517809,1.0,1.0,,qwen3.6:35b-a3b-q8_0,tatqa,numeric_to_directional,committed
hqa_TAT_df2b4702,F,directional_change,0,10,hedgeqa_oracle,,False,,1.0,True,-0.0,0.0,-0.0,0.0,0.0,0.0,-0.0,0.0,-0.0,0.0,decreased,0.0,0.0,0.0,"{""increased"": 0.0, ""decreased"": 1.0, ""roughly_unchanged"": 0.0, ""insufficient_data"": 0.0}",-0.0,-0.0,10,10,1.0,True,0.0,0.2876820724517809,1.0,1.0,,qwen3.6:35b-a3b-q8_0,tatqa,numeric_to_directional,committed
hqa_TAT_df2b4702,F,directional_change,1,10,hedgeqa_oracle,,False,,1.0,True,-0.0,0.0,-0.0,0.0,0.0,0.0,-0.0,0.0,-0.0,0.0,decreased,0.0,0.0,0.0,"{""increased"": 0.0, ""decreased"": 1.0, ""roughly_unchanged"": 0.0, ""insufficient_data"": 0.0}",-0.0,-0.0,10,10,1.0,True,0.0,0.2876820724517809,1.0,1.0,,qwen3.6:35b-a3b-q8_0,tatqa,numeric_to_directional,committed
hqa_TAT_e3e6cc0b,F,directional_change,0,10,hedgeqa_oracle,,False,,1.0,True,-0.0,0.0,-0.0,0.0,0.0,0.0,-0.0,0.0,-0.0,0.0,increased,0.0,0.0,0.0,"{""increased"": 1.0, ""decreased"": 0.0, ""roughly_unchanged"": 0.0, ""insufficient_data"": 0.0}",-0.0,-0.0,10,10,1.0,True,0.0,0.2876820724517809,1.0,1.0,,qwen3.6:35b-a3b-q8_0,tatqa,numeric_to_directional,committed
hqa_TAT_e3e6cc0b,F,directional_change,1,10,hedgeqa_oracle,,False,,1.0,True,-0.0,0.0,-0.0,0.0,0.0,0.0,-0.0,0.0,-0.0,0.0,increased,0.0,0.0,0.0,"{""increased"": 1.0, ""decreased"": 0.0, ""roughly_unchanged"": 0.0, ""insufficient_data"": 0.0}",-0.0,-0.0,10,10,1.0,True,0.0,0.2876820724517809,1.0,1.0,,qwen3.6:35b-a3b-q8_0,tatqa,numeric_to_directional,committed
hqa_TAT_e6ab76b6,F,directional_change,0,10,hedgeqa_oracle,,False,,1.0,True,-0.0,0.0,-0.0,0.0,0.0,0.0,-0.0,0.0,-0.0,0.0,increased,0.0,0.0,0.0,"{""increased"": 1.0, ""decreased"": 0.0, ""roughly_unchanged"": 0.0, ""insufficient_data"": 0.0}",-0.0,-0.0,10,10,1.0,True,0.0,0.2876820724517809,1.0,1.0,,qwen3.6:35b-a3b-q8_0,tatqa,numeric_to_directional,committed
hqa_TAT_e6ab76b6,F,directional_change,1,10,hedgeqa_oracle,,False,,1.0,True,-0.0,0.0,-0.0,0.0,0.0,0.0,-0.0,0.0,-0.0,0.0,increased,0.0,0.0,0.0,"{""increased"": 1.0, ""decreased"": 0.0, ""roughly_unchanged"": 0.0, ""insufficient_data"": 0.0}",-0.0,-0.0,10,10,1.0,True,0.0,0.2876820724517809,1.0,1.0,,qwen3.6:35b-a3b-q8_0,tatqa,numeric_to_directional,committed
hqa_TAT_eefe67af,F,directional_change,0,10,hedgeqa_oracle,,False,,1.0,True,-0.0,0.0,-0.0,0.0,0.0,0.0,-0.0,0.0,-0.0,0.0,roughly_unchanged,0.0,0.0,0.0,"{""increased"": 0.0, ""decreased"": 0.0, ""roughly_unchanged"": 1.0, ""insufficient_data"": 0.0}",-0.0,-0.0,10,10,1.0,True,0.0,0.2876820724517809,1.0,1.0,,qwen3.6:35b-a3b-q8_0,tatqa,numeric_to_directional,committed
hqa_TAT_eefe67af,F,directional_change,1,10,hedgeqa_oracle,,False,,1.0,True,-0.0,0.0,-0.0,0.0,0.0,0.0,-0.0,0.0,-0.0,0.0,roughly_unchanged,0.0,0.0,0.0,"{""increased"": 0.0, ""decreased"": 0.0, ""roughly_unchanged"": 1.0, ""insufficient_data"": 0.0}",-0.0,-0.0,10,10,1.0,True,0.0,0.2876820724517809,1.0,1.0,,qwen3.6:35b-a3b-q8_0,tatqa,numeric_to_directional,committed
hqa_TAT_f0b19718_masked,F,directional_change,0,10,hedgeqa_oracle,,False,,1.0,True,0.7909873504355756,0.7218754079336136,0.06911194250196195,0.8409873504355756,0.7968754079336137,0.04411194250196193,0.5705767639396527,0.5207230355827609,0.04985372835689185,0.08737427022556538,insufficient_data,0.65,0.8,0.5,"{""increased"": 0.3, ""decreased"": 0.05, ""roughly_unchanged"": 0.0, ""insufficient_data"": 0.65}",0.5004024235381879,0.9433483923290393,10,10,0.65,True,0.21500000000000002,0.6603573577369544,0.8,0.5,,qwen3.6:35b-a3b-q8_0,tatqa,evidence_masked_insufficient,noncommitted
hqa_TAT_f0b19718_masked,F,directional_change,1,10,hedgeqa_oracle,,False,,1.0,True,1.0960673284468552,0.641937984532075,0.4541293439147802,1.1460673284468552,0.691937984532075,0.4541293439147802,0.7906454496153463,0.4630603734213403,0.327585076194006,0.41432613866731044,increased,0.35,0.7,0.0,"{""increased"": 0.35, ""decreased"": 0.3, ""roughly_unchanged"": 0.0, ""insufficient_data"": 0.35}",0.6108643020548935,0.6730116670092565,10,10,0.35000000000000003,False,0.6349999999999999,1.1499055830556604,0.7,0.0,,qwen3.6:35b-a3b-q8_0,tatqa,evidence_masked_insufficient,noncommitted
hqa_TAT_f18ac7c4,F,directional_change,0,10,hedgeqa_oracle,,False,,1.0,True,-0.0,0.0,-0.0,0.0,0.0,0.0,-0.0,0.0,-0.0,0.0,decreased,0.0,0.0,0.0,"{""increased"": 0.0, ""decreased"": 1.0, ""roughly_unchanged"": 0.0, ""insufficient_data"": 0.0}",-0.0,-0.0,10,10,1.0,True,0.0,0.2876820724517809,1.0,1.0,,qwen3.6:35b-a3b-q8_0,tatqa,numeric_to_directional,committed
hqa_TAT_f18ac7c4,F,directional_change,1,10,hedgeqa_oracle,,False,,1.0,True,-0.0,0.0,-0.0,0.0,0.0,0.0,-0.0,0.0,-0.0,0.0,decreased,0.0,0.0,0.0,"{""increased"": 0.0, ""decreased"": 1.0, ""roughly_unchanged"": 0.0, ""insufficient_data"": 0.0}",-0.0,-0.0,10,10,1.0,True,0.0,0.2876820724517809,1.0,1.0,,qwen3.6:35b-a3b-q8_0,tatqa,numeric_to_directional,committed
hqa_TAT_f37c7794,F,directional_change,0,10,hedgeqa_oracle,,False,,1.0,True,-0.0,0.0,-0.0,0.0,0.0,0.0,-0.0,0.0,-0.0,0.0,roughly_unchanged,0.0,0.0,0.0,"{""increased"": 0.0, ""decreased"": 0.0, ""roughly_unchanged"": 1.0, ""insufficient_data"": 0.0}",-0.0,-0.0,10,10,1.0,True,0.0,0.2876820724517809,1.0,1.0,,qwen3.6:35b-a3b-q8_0,tatqa,numeric_to_directional,committed
hqa_TAT_f37c7794,F,directional_change,1,10,hedgeqa_oracle,,False,,1.0,True,-0.0,0.0,-0.0,0.0,0.0,0.0,-0.0,0.0,-0.0,0.0,roughly_unchanged,0.0,0.0,0.0,"{""increased"": 0.0, ""decreased"": 0.0, ""roughly_unchanged"": 1.0, ""insufficient_data"": 0.0}",-0.0,-0.0,10,10,1.0,True,0.0,0.2876820724517809,1.0,1.0,,qwen3.6:35b-a3b-q8_0,tatqa,numeric_to_directional,committed
hqa_TAT_f553c037,F,directional_change,0,10,hedgeqa_oracle,,False,,1.0,True,-0.0,0.0,-0.0,0.0,0.0,0.0,-0.0,0.0,-0.0,0.0,decreased,0.0,0.0,0.0,"{""increased"": 0.0, ""decreased"": 1.0, ""roughly_unchanged"": 0.0, ""insufficient_data"": 0.0}",-0.0,-0.0,10,10,1.0,True,0.0,0.2876820724517809,1.0,1.0,,qwen3.6:35b-a3b-q8_0,tatqa,numeric_to_directional,committed
hqa_TAT_f553c037,F,directional_change,1,10,hedgeqa_oracle,,False,,1.0,True,-0.0,0.0,-0.0,0.0,0.0,0.0,-0.0,0.0,-0.0,0.0,decreased,0.0,0.0,0.0,"{""increased"": 0.0, ""decreased"": 1.0, ""roughly_unchanged"": 0.0, ""insufficient_data"": 0.0}",-0.0,-0.0,10,10,1.0,True,0.0,0.2876820724517809,1.0,1.0,,qwen3.6:35b-a3b-q8_0,tatqa,numeric_to_directional,committed
