question_id,lane,answer_type,round,K,evidence_mode,intervention,coverage_incomplete,tickers,parse_rate,gold_scoreable,tu,au,eu,tu_mm,au_mm,eu_mm,tu_norm,au_norm,eu_norm,eu_tu_ratio,predicted,p_noncommit,p_noncommit_fundamental,p_noncommit_trading,p_sys,agent_entropy_fundamental,agent_entropy_trading,k_eff_fundamental,k_eff_trading,gold_prob,correct,brier,nll,agent_gold_prob_fundamental,agent_gold_prob_trading,model
F1,F,yes_no_mixed,0,10,oracle_evidence,,True,AAPL,1.0,True,-0.0,0.0,-0.0,0.0,0.0,0.0,-0.0,0.0,-0.0,0.0,yes,0.0,0.0,0.0,"{""yes"": 1.0, ""no"": 0.0, ""mixed"": 0.0, ""insufficient_data"": 0.0}",-0.0,-0.0,10,10,0.0,False,2.0,2.4849066497880004,0.0,0.0,vllm:Qwen/Qwen3.6-27B-FP8
F1,F,yes_no_mixed,1,10,oracle_evidence,,True,AAPL,1.0,True,0.3250829733914482,0.25020121176909393,0.07488176162235427,0.3500829733914482,0.27520121176909396,0.07488176162235427,0.23449779679464058,0.18048202372184058,0.054015773072800005,0.23034661225454434,yes,0.1,0.0,0.2,"{""yes"": 0.9, ""no"": 0.0, ""mixed"": 0.1, ""insufficient_data"": 0.0}",-0.0,0.5004024235381879,10,10,0.1,False,1.62,1.8971199848858813,0.0,0.2,vllm:Qwen/Qwen3.6-27B-FP8
F10,F,open_summary_with_canonical_claim,0,10,oracle_evidence,,True,AVGO,1.0,True,1.080527626604172,0.8614000973122595,0.21912752929191237,1.130527626604172,0.9364000973122595,0.19412752929191246,0.9835386311891134,0.7840801583937935,0.19945847279531995,0.2027967854746809,claim_false,0.35,0.2,0.5,"{""claim_true"": 0.25, ""claim_false"": 0.4, ""mixed"": 0.35}",1.0296530140645737,0.6931471805599453,10,10,0.25,False,0.845,1.2809338454620642,0.5,0.0,vllm:Qwen/Qwen3.6-27B-FP8
F10,F,open_summary_with_canonical_claim,1,10,oracle_evidence,,True,AVGO,1.0,True,0.8556886672556694,0.3250829733914482,0.5306056938642212,0.9056886672556694,0.3750829733914482,0.5306056938642212,0.7788813907161496,0.29590327428938457,0.4829781164267651,0.6200919962700436,claim_true,0.05,0.0,0.1,"{""claim_true"": 0.5, ""claim_false"": 0.45, ""mixed"": 0.05}",0.3250829733914482,0.3250829733914482,10,10,0.5,True,0.455,0.8109302162163288,0.1,0.9,vllm:Qwen/Qwen3.6-27B-FP8
F11,F,yes_no_mixed,0,10,oracle_evidence,,True,TSLA,1.0,True,0.6874357505033553,0.611514349124114,0.0759214013792413,0.7374357505033553,0.686514349124114,0.05092140137924128,0.4958800740904867,0.44111435945690075,0.05476571463358597,0.11044145045358787,yes,0.25,0.1,0.4,"{""yes"": 0.75, ""no"": 0.0, ""mixed"": 0.2, ""insufficient_data"": 0.05}",0.3250829733914482,0.8979457248567798,10,10,0.75,True,0.10500000000000001,0.5389965007326869,0.9,0.6,vllm:Qwen/Qwen3.6-27B-FP8
F11,F,yes_no_mixed,1,10,oracle_evidence,,True,TSLA,1.0,True,0.1985152433458726,0.1625414866957241,0.035973756650148486,0.22351524334587258,0.1875414866957241,0.035973756650148486,0.1431984785579781,0.11724889839732029,0.025949580160657796,0.18121407728610292,yes,0.05,0.0,0.1,"{""yes"": 0.95, ""no"": 0.0, ""mixed"": 0.05, ""insufficient_data"": 0.0}",-0.0,0.3250829733914482,10,10,0.95,True,0.0050000000000000044,0.33314444652853825,1.0,0.9,vllm:Qwen/Qwen3.6-27B-FP8
F12,F,company_choice,0,10,oracle_evidence,,False,AAPL|MSFT|GOOGL,1.0,True,0.6108643020548935,0.33650583350462826,0.27435846855026524,0.6358643020548935,0.3615058335046283,0.27435846855026524,0.44064544961534635,0.2427376486136672,0.19790780100167915,0.4491316117627886,MSFT,0.0,0.0,0.0,"{""AAPL"": 0.0, ""MSFT"": 0.7, ""GOOGL"": 0.3, ""insufficient_data"": 0.0}",0.6730116670092565,-0.0,10,10,0.3,False,0.9799999999999999,1.2611312181658847,0.6,0.0,vllm:Qwen/Qwen3.6-27B-FP8
F12,F,company_choice,1,10,oracle_evidence,,False,AAPL|MSFT|GOOGL,1.0,True,-0.0,0.0,-0.0,0.0,0.0,0.0,-0.0,0.0,-0.0,0.0,GOOGL,0.0,0.0,0.0,"{""AAPL"": 0.0, ""MSFT"": 0.0, ""GOOGL"": 1.0, ""insufficient_data"": 0.0}",-0.0,-0.0,10,10,1.0,True,0.0,0.2876820724517809,1.0,1.0,vllm:Qwen/Qwen3.6-27B-FP8
F13,F,yes_no_mixed,0,10,oracle_evidence,,True,NFLX,1.0,True,-0.0,0.0,-0.0,0.0,0.0,0.0,-0.0,0.0,-0.0,0.0,no,0.0,0.0,0.0,"{""yes"": 0.0, ""no"": 1.0, ""mixed"": 0.0, ""insufficient_data"": 0.0}",-0.0,-0.0,10,10,1.0,True,0.0,0.2876820724517809,1.0,1.0,vllm:Qwen/Qwen3.6-27B-FP8
F13,F,yes_no_mixed,1,10,oracle_evidence,,True,NFLX,1.0,True,-0.0,0.0,-0.0,0.0,0.0,0.0,-0.0,0.0,-0.0,0.0,no,0.0,0.0,0.0,"{""yes"": 0.0, ""no"": 1.0, ""mixed"": 0.0, ""insufficient_data"": 0.0}",-0.0,-0.0,10,10,1.0,True,0.0,0.2876820724517809,1.0,1.0,vllm:Qwen/Qwen3.6-27B-FP8
F14,F,yes_no_mixed,0,10,oracle_evidence,,True,,1.0,True,0.42270908780599087,0.30543215102744675,0.11727693677854412,0.4477090878059909,0.3304321510274468,0.11727693677854412,0.30492015235820025,0.22032272480767318,0.08459742755052704,0.2774412478029577,insufficient_data,0.85,0.7,1.0,"{""yes"": 0.0, ""no"": 0.15, ""mixed"": 0.0, ""insufficient_data"": 0.85}",0.6108643020548935,-0.0,10,10,0.15,False,1.4449999999999998,1.69644928942373,0.3,0.0,vllm:Qwen/Qwen3.6-27B-FP8
F14,F,yes_no_mixed,1,10,oracle_evidence,,True,,1.0,True,-0.0,0.0,-0.0,0.0,0.0,0.0,-0.0,0.0,-0.0,0.0,insufficient_data,1.0,1.0,1.0,"{""yes"": 0.0, ""no"": 0.0, ""mixed"": 0.0, ""insufficient_data"": 1.0}",-0.0,-0.0,10,10,0.0,False,2.0,2.4849066497880004,0.0,0.0,vllm:Qwen/Qwen3.6-27B-FP8
F15,F,graded_judgment,0,10,oracle_evidence,,False,QCOM,1.0,True,0.6474466390346325,0.641937984532075,0.005508654502557553,0.6724466390346325,0.691937984532075,0.0,0.46703402768774555,0.4630603734213403,0.003973654266405221,0.008508275694767935,sound,0.35,0.4,0.3,"{""sound"": 0.65, ""mixed"": 0.35, ""weak"": 0.0, ""insufficient_data"": 0.0}",0.6730116670092565,0.6108643020548935,10,10,0.65,True,0.245,0.6603573577369546,0.6,0.7,vllm:Qwen/Qwen3.6-27B-FP8
F15,F,graded_judgment,1,10,oracle_evidence,,False,QCOM,1.0,True,0.3250829733914482,0.25020121176909393,0.07488176162235427,0.3500829733914482,0.27520121176909396,0.07488176162235427,0.23449779679464058,0.18048202372184058,0.054015773072800005,0.23034661225454434,sound,0.1,0.2,0.0,"{""sound"": 0.9, ""mixed"": 0.1, ""weak"": 0.0, ""insufficient_data"": 0.0}",0.5004024235381879,-0.0,10,10,0.9,True,0.019999999999999997,0.380772495517793,0.8,1.0,vllm:Qwen/Qwen3.6-27B-FP8
F16,F,yes_no_mixed,0,10,oracle_evidence,,False,AMZN,1.0,True,0.8556886672556694,0.4820574165208126,0.3736312507348568,0.9056886672556694,0.5570574165208125,0.3486312507348569,0.6172488983973203,0.3477309221191609,0.2695179762781594,0.43664391621914556,no,0.45,0.1,0.8,"{""yes"": 0.05, ""no"": 0.5, ""mixed"": 0.45, ""insufficient_data"": 0.0}",0.3250829733914482,0.639031859650177,10,10,0.5,True,0.455,0.8754687373538999,0.9,0.1,vllm:Qwen/Qwen3.6-27B-FP8
F16,F,yes_no_mixed,1,10,oracle_evidence,,False,AMZN,1.0,True,0.3250829733914482,0.25020121176909393,0.07488176162235427,0.3500829733914482,0.27520121176909396,0.07488176162235427,0.23449779679464058,0.18048202372184058,0.054015773072800005,0.23034661225454434,no,0.1,0.2,0.0,"{""yes"": 0.0, ""no"": 0.9, ""mixed"": 0.1, ""insufficient_data"": 0.0}",0.5004024235381879,-0.0,10,10,0.9,True,0.019999999999999997,0.380772495517793,0.8,1.0,vllm:Qwen/Qwen3.6-27B-FP8
F17,F,open_summary_with_canonical_claim,0,10,oracle_evidence,,True,,1.0,True,0.926506603289533,0.7684887922534784,0.1580178110360546,0.9765066032895331,0.8684887922534783,0.10801781103605479,0.8433426540429225,0.6995086439321985,0.14383401011072408,0.17055227720451993,claim_true,0.1,0.1,0.1,"{""claim_true"": 0.55, ""claim_false"": 0.35, ""mixed"": 0.1}",0.8979457248567798,0.639031859650177,10,10,0.5499999999999999,True,0.3350000000000001,0.7386095546367027,0.3,0.8,vllm:Qwen/Qwen3.6-27B-FP8
F17,F,open_summary_with_canonical_claim,1,10,oracle_evidence,,True,,1.0,True,0.7305880613711224,0.5148265070322868,0.2157615543388356,0.7805880613711225,0.5648265070322869,0.2157615543388356,0.6650099119652508,0.46861528160806476,0.19639463035718605,0.29532586931944615,claim_false,0.1,0.2,0.0,"{""claim_true"": 0.15, ""claim_false"": 0.75, ""mixed"": 0.1}",1.0296530140645737,-0.0,10,10,0.15,False,1.295,1.5553706911638245,0.3,0.0,vllm:Qwen/Qwen3.6-27B-FP8
F18,F,yes_no_mixed,0,10,oracle_evidence,,True,META,1.0,True,-0.0,0.0,-0.0,0.0,0.0,0.0,-0.0,0.0,-0.0,0.0,yes,0.0,0.0,0.0,"{""yes"": 1.0, ""no"": 0.0, ""mixed"": 0.0, ""insufficient_data"": 0.0}",-0.0,-0.0,10,10,1.0,True,0.0,0.2876820724517809,1.0,1.0,vllm:Qwen/Qwen3.6-27B-FP8
F18,F,yes_no_mixed,1,10,oracle_evidence,,True,META,1.0,True,-0.0,0.0,-0.0,0.0,0.0,0.0,-0.0,0.0,-0.0,0.0,yes,0.0,0.0,0.0,"{""yes"": 1.0, ""no"": 0.0, ""mixed"": 0.0, ""insufficient_data"": 0.0}",-0.0,-0.0,10,10,1.0,True,0.0,0.2876820724517809,1.0,1.0,vllm:Qwen/Qwen3.6-27B-FP8
F19,F,company_choice,0,10,oracle_evidence,,False,AMD|INTC,1.0,True,-0.0,0.0,-0.0,0.0,0.0,0.0,-0.0,0.0,-0.0,0.0,AMD,0.0,0.0,0.0,"{""AMD"": 1.0, ""INTC"": 0.0, ""insufficient_data"": 0.0}",-0.0,-0.0,10,10,1.0,True,0.0,0.25131442828090605,1.0,1.0,vllm:Qwen/Qwen3.6-27B-FP8
F19,F,company_choice,1,10,oracle_evidence,,False,AMD|INTC,1.0,True,-0.0,0.0,-0.0,0.0,0.0,0.0,-0.0,0.0,-0.0,0.0,AMD,0.0,0.0,0.0,"{""AMD"": 1.0, ""INTC"": 0.0, ""insufficient_data"": 0.0}",-0.0,-0.0,10,10,1.0,True,0.0,0.25131442828090605,1.0,1.0,vllm:Qwen/Qwen3.6-27B-FP8
F2,F,company_choice,0,10,oracle_evidence,,False,MSFT|GOOGL,1.0,True,0.7460326647147848,0.6342156828602437,0.11181698185454114,0.7960326647147848,0.7092156828602437,0.08681698185454112,0.6790681957683443,0.5772879926813197,0.10178020308702464,0.1498821528106813,GOOGL,0.05,0.1,0.0,"{""MSFT"": 0.25, ""GOOGL"": 0.7, ""insufficient_data"": 0.05}",0.9433483923290391,0.3250829733914482,10,10,0.7,True,0.15500000000000003,0.5485659517488378,0.5,0.9,vllm:Qwen/Qwen3.6-27B-FP8
F2,F,company_choice,1,10,oracle_evidence,,False,MSFT|GOOGL,1.0,True,0.5004024235381879,0.33650583350462826,0.1638965900335596,0.5254024235381879,0.3615058335046283,0.1638965900335596,0.4554859150035952,0.3063008096446721,0.1491851053589231,0.3275295688512027,GOOGL,0.0,0.0,0.0,"{""MSFT"": 0.2, ""GOOGL"": 0.8, ""insufficient_data"": 0.0}",-0.0,0.6730116670092565,10,10,0.8,True,0.07999999999999999,0.43936665978384565,1.0,0.6,vllm:Qwen/Qwen3.6-27B-FP8
F20,F,yes_no_mixed,0,10,oracle_evidence,,True,META,1.0,True,-0.0,0.0,-0.0,0.0,0.0,0.0,-0.0,0.0,-0.0,0.0,no,0.0,0.0,0.0,"{""yes"": 0.0, ""no"": 1.0, ""mixed"": 0.0, ""insufficient_data"": 0.0}",-0.0,-0.0,10,10,1.0,True,0.0,0.2876820724517809,1.0,1.0,vllm:Qwen/Qwen3.6-27B-FP8
F20,F,yes_no_mixed,1,10,oracle_evidence,,True,META,1.0,True,-0.0,0.0,-0.0,0.0,0.0,0.0,-0.0,0.0,-0.0,0.0,no,0.0,0.0,0.0,"{""yes"": 0.0, ""no"": 1.0, ""mixed"": 0.0, ""insufficient_data"": 0.0}",-0.0,-0.0,10,10,1.0,True,0.0,0.2876820724517809,1.0,1.0,vllm:Qwen/Qwen3.6-27B-FP8
F21,F,company_choice,0,10,oracle_evidence,,True,MSFT|AAPL,1.0,True,-0.0,0.0,-0.0,0.0,0.0,0.0,-0.0,0.0,-0.0,0.0,MSFT,0.0,0.0,0.0,"{""MSFT"": 1.0, ""AAPL"": 0.0, ""similar"": 0.0, ""insufficient_data"": 0.0}",-0.0,-0.0,10,10,1.0,True,0.0,0.2876820724517809,1.0,1.0,vllm:Qwen/Qwen3.6-27B-FP8
F21,F,company_choice,1,10,oracle_evidence,,True,MSFT|AAPL,1.0,True,0.1985152433458726,0.1625414866957241,0.035973756650148486,0.22351524334587258,0.1875414866957241,0.035973756650148486,0.1431984785579781,0.11724889839732029,0.025949580160657796,0.18121407728610292,MSFT,0.0,0.0,0.0,"{""MSFT"": 0.95, ""AAPL"": 0.05, ""similar"": 0.0, ""insufficient_data"": 0.0}",0.3250829733914482,-0.0,10,10,0.95,True,0.0050000000000000044,0.33314444652853825,0.9,1.0,vllm:Qwen/Qwen3.6-27B-FP8
F22,F,open_summary_with_canonical_claim,0,10,oracle_evidence,,True,TSLA,1.0,True,0.3250829733914482,0.25020121176909393,0.07488176162235427,0.3500829733914482,0.27520121176909396,0.07488176162235427,0.29590327428938457,0.2277429575017976,0.06816031678758694,0.23034661225454434,claim_true,0.1,0.0,0.2,"{""claim_true"": 0.9, ""claim_false"": 0.0, ""mixed"": 0.1}",-0.0,0.5004024235381879,10,10,0.9,True,0.019999999999999997,0.3409265869705932,1.0,0.8,vllm:Qwen/Qwen3.6-27B-FP8
F22,F,open_summary_with_canonical_claim,1,10,oracle_evidence,,True,TSLA,1.0,True,-0.0,0.0,-0.0,0.0,0.0,0.0,-0.0,0.0,-0.0,0.0,claim_true,0.0,0.0,0.0,"{""claim_true"": 1.0, ""claim_false"": 0.0, ""mixed"": 0.0}",-0.0,-0.0,10,10,1.0,True,0.0,0.25131442828090605,1.0,1.0,vllm:Qwen/Qwen3.6-27B-FP8
F23,F,valuation_judgment,0,10,oracle_evidence,,True,,1.0,True,-0.0,0.0,-0.0,0.0,0.0,0.0,-0.0,0.0,-0.0,0.0,insufficient_data,1.0,1.0,1.0,"{""expensive"": 0.0, ""fair"": 0.0, ""cheap"": 0.0, ""insufficient_data"": 1.0}",-0.0,-0.0,10,10,0.0,False,2.0,2.4849066497880004,0.0,0.0,vllm:Qwen/Qwen3.6-27B-FP8
F23,F,valuation_judgment,1,10,oracle_evidence,,True,,1.0,True,-0.0,0.0,-0.0,0.0,0.0,0.0,-0.0,0.0,-0.0,0.0,insufficient_data,1.0,1.0,1.0,"{""expensive"": 0.0, ""fair"": 0.0, ""cheap"": 0.0, ""insufficient_data"": 1.0}",-0.0,-0.0,10,10,0.0,False,2.0,2.4849066497880004,0.0,0.0,vllm:Qwen/Qwen3.6-27B-FP8
F24,F,category_choice,0,10,oracle_evidence,,True,AMZN,1.0,True,-0.0,0.0,-0.0,0.0,0.0,0.0,-0.0,0.0,-0.0,0.0,growth,0.0,0.0,0.0,"{""growth"": 1.0, ""value"": 0.0, ""mixed"": 0.0, ""insufficient_data"": 0.0}",-0.0,-0.0,10,10,1.0,True,0.0,0.2876820724517809,1.0,1.0,vllm:Qwen/Qwen3.6-27B-FP8
F24,F,category_choice,1,10,oracle_evidence,,True,AMZN,1.0,True,-0.0,0.0,-0.0,0.0,0.0,0.0,-0.0,0.0,-0.0,0.0,growth,0.0,0.0,0.0,"{""growth"": 1.0, ""value"": 0.0, ""mixed"": 0.0, ""insufficient_data"": 0.0}",-0.0,-0.0,10,10,1.0,True,0.0,0.2876820724517809,1.0,1.0,vllm:Qwen/Qwen3.6-27B-FP8
F25,F,company_choice,0,10,oracle_evidence,,True,NFLX|DIS,1.0,True,0.6474466390346325,0.641937984532075,0.005508654502557553,0.6724466390346325,0.691937984532075,0.0,0.589331327997029,0.5843171345828666,0.005014193414162432,0.008508275694767935,NFLX,0.35,0.3,0.4,"{""NFLX"": 0.65, ""DIS"": 0.0, ""insufficient_data"": 0.35}",0.6108643020548935,0.6730116670092565,10,10,0.35000000000000003,False,0.845,1.0658224658451187,0.3,0.4,vllm:Qwen/Qwen3.6-27B-FP8
F25,F,company_choice,1,10,oracle_evidence,,True,NFLX|DIS,1.0,True,0.1985152433458726,0.1625414866957241,0.035973756650148486,0.22351524334587258,0.1875414866957241,0.035973756650148486,0.18069636157678548,0.14795163714469228,0.032744724432093204,0.18121407728610292,NFLX,0.05,0.0,0.1,"{""NFLX"": 0.95, ""DIS"": 0.0, ""insufficient_data"": 0.05}",-0.0,0.3250829733914482,10,10,0.05,False,1.805,1.934860312868728,0.0,0.1,vllm:Qwen/Qwen3.6-27B-FP8
F26,F,valuation_judgment,0,10,oracle_evidence,,True,,1.0,True,0.3250829733914482,0.25020121176909393,0.07488176162235427,0.3500829733914482,0.27520121176909396,0.07488176162235427,0.23449779679464058,0.18048202372184058,0.054015773072800005,0.23034661225454434,insufficient_data,0.9,0.8,1.0,"{""undervalued"": 0.1, ""fairly_priced"": 0.0, ""overvalued"": 0.0, ""insufficient_data"": 0.9}",0.5004024235381879,-0.0,10,10,0.1,False,1.62,1.897119984885881,0.2,0.0,vllm:Qwen/Qwen3.6-27B-FP8
F26,F,valuation_judgment,1,10,oracle_evidence,,True,,1.0,True,-0.0,0.0,-0.0,0.0,0.0,0.0,-0.0,0.0,-0.0,0.0,insufficient_data,1.0,1.0,1.0,"{""undervalued"": 0.0, ""fairly_priced"": 0.0, ""overvalued"": 0.0, ""insufficient_data"": 1.0}",-0.0,-0.0,10,10,0.0,False,2.0,2.4849066497880004,0.0,0.0,vllm:Qwen/Qwen3.6-27B-FP8
F27,F,open_summary_with_canonical_claim,0,10,oracle_evidence,,True,NVDA,1.0,True,-0.0,0.0,-0.0,0.0,0.0,0.0,-0.0,0.0,-0.0,0.0,claim_true,0.0,0.0,0.0,"{""claim_true"": 1.0, ""claim_false"": 0.0, ""mixed"": 0.0}",-0.0,-0.0,10,10,1.0,True,0.0,0.25131442828090605,1.0,1.0,vllm:Qwen/Qwen3.6-27B-FP8
F27,F,open_summary_with_canonical_claim,1,10,oracle_evidence,,True,NVDA,1.0,True,0.1985152433458726,0.1625414866957241,0.035973756650148486,0.22351524334587258,0.1875414866957241,0.035973756650148486,0.18069636157678548,0.14795163714469228,0.032744724432093204,0.18121407728610292,claim_true,0.05,0.0,0.1,"{""claim_true"": 0.95, ""claim_false"": 0.0, ""mixed"": 0.05}",-0.0,0.3250829733914482,10,10,0.95,True,0.0050000000000000044,0.29511705093929896,1.0,0.9,vllm:Qwen/Qwen3.6-27B-FP8
F28,F,valuation_judgment,0,10,oracle_evidence,,True,,1.0,True,-0.0,0.0,-0.0,0.0,0.0,0.0,-0.0,0.0,-0.0,0.0,insufficient_data,1.0,1.0,1.0,"{""expensive"": 0.0, ""fair"": 0.0, ""cheap"": 0.0, ""insufficient_data"": 1.0}",-0.0,-0.0,10,10,0.0,False,2.0,2.4849066497880004,0.0,0.0,vllm:Qwen/Qwen3.6-27B-FP8
F28,F,valuation_judgment,1,10,oracle_evidence,,True,,1.0,True,-0.0,0.0,-0.0,0.0,0.0,0.0,-0.0,0.0,-0.0,0.0,insufficient_data,1.0,1.0,1.0,"{""expensive"": 0.0, ""fair"": 0.0, ""cheap"": 0.0, ""insufficient_data"": 1.0}",-0.0,-0.0,10,10,0.0,False,2.0,2.4849066497880004,0.0,0.0,vllm:Qwen/Qwen3.6-27B-FP8
F29,F,company_choice,0,10,oracle_evidence,,True,QCOM|INTC,1.0,True,-0.0,0.0,-0.0,0.0,0.0,0.0,-0.0,0.0,-0.0,0.0,QCOM,0.0,0.0,0.0,"{""QCOM"": 1.0, ""INTC"": 0.0, ""insufficient_data"": 0.0}",-0.0,-0.0,10,10,1.0,True,0.0,0.25131442828090605,1.0,1.0,vllm:Qwen/Qwen3.6-27B-FP8
F29,F,company_choice,1,10,oracle_evidence,,True,QCOM|INTC,1.0,True,-0.0,0.0,-0.0,0.0,0.0,0.0,-0.0,0.0,-0.0,0.0,QCOM,0.0,0.0,0.0,"{""QCOM"": 1.0, ""INTC"": 0.0, ""insufficient_data"": 0.0}",-0.0,-0.0,10,10,1.0,True,0.0,0.25131442828090605,1.0,1.0,vllm:Qwen/Qwen3.6-27B-FP8
F3,F,graded_judgment,0,10,oracle_evidence,,True,TSLA,1.0,True,0.6108643020548935,0.5091150769756967,0.10174922507919681,0.6358643020548935,0.5591150769756967,0.07674922507919679,0.44064544961534635,0.3672488983973203,0.0733965512180261,0.16656600285353296,insufficient_data,0.7,0.9,0.5,"{""higher"": 0.0, ""similar"": 0.0, ""lower"": 0.3, ""insufficient_data"": 0.7}",0.3250829733914482,0.6931471805599453,10,10,0.7,True,0.18000000000000002,0.5978370007556204,0.9,0.5,vllm:Qwen/Qwen3.6-27B-FP8
F3,F,graded_judgment,1,10,oracle_evidence,,True,TSLA,1.0,True,0.42270908780599087,0.30543215102744675,0.11727693677854412,0.4477090878059909,0.3304321510274468,0.11727693677854412,0.30492015235820025,0.22032272480767318,0.08459742755052704,0.2774412478029577,insufficient_data,0.85,0.7,1.0,"{""higher"": 0.0, ""similar"": 0.0, ""lower"": 0.15, ""insufficient_data"": 0.85}",0.6108643020548935,-0.0,10,10,0.85,True,0.045000000000000005,0.4307829160924542,0.7,1.0,vllm:Qwen/Qwen3.6-27B-FP8
F30,F,yes_no_mixed,0,10,oracle_evidence,,True,META,1.0,True,0.7083465777061715,0.639031859650177,0.06931471805599454,0.7833465777061714,0.7390318596501769,0.04431471805599452,0.5109640474436812,0.4609640474436812,0.05000000000000001,0.09785424287706082,mixed,0.9,0.9,0.9,"{""yes"": 0.05, ""no"": 0.05, ""mixed"": 0.8, ""insufficient_data"": 0.1}",0.639031859650177,0.639031859650177,10,10,0.8,True,0.054999999999999986,0.4834266495778762,0.8,0.8,vllm:Qwen/Qwen3.6-27B-FP8
F30,F,yes_no_mixed,1,10,oracle_evidence,,True,META,1.0,True,0.1985152433458726,0.1625414866957241,0.035973756650148486,0.22351524334587258,0.1875414866957241,0.035973756650148486,0.1431984785579781,0.11724889839732029,0.025949580160657796,0.18121407728610292,mixed,0.95,0.9,1.0,"{""yes"": 0.05, ""no"": 0.0, ""mixed"": 0.95, ""insufficient_data"": 0.0}",0.3250829733914482,-0.0,10,10,0.95,True,0.0050000000000000044,0.33314444652853825,0.9,1.0,vllm:Qwen/Qwen3.6-27B-FP8
F31,F,company_choice,0,10,oracle_evidence,,False,AMZN|WMT|COST,1.0,True,-0.0,0.0,-0.0,0.0,0.0,0.0,-0.0,0.0,-0.0,0.0,COST,0.0,0.0,0.0,"{""AMZN"": 0.0, ""WMT"": 0.0, ""COST"": 1.0, ""insufficient_data"": 0.0}",-0.0,-0.0,10,10,1.0,True,0.0,0.2876820724517809,1.0,1.0,vllm:Qwen/Qwen3.6-27B-FP8
F31,F,company_choice,1,10,oracle_evidence,,False,AMZN|WMT|COST,1.0,True,-0.0,0.0,-0.0,0.0,0.0,0.0,-0.0,0.0,-0.0,0.0,COST,0.0,0.0,0.0,"{""AMZN"": 0.0, ""WMT"": 0.0, ""COST"": 1.0, ""insufficient_data"": 0.0}",-0.0,-0.0,10,10,1.0,True,0.0,0.2876820724517809,1.0,1.0,vllm:Qwen/Qwen3.6-27B-FP8
F32,F,open_summary_with_canonical_claim,0,10,oracle_evidence,,False,NVDA,1.0,True,0.639031859650177,0.47513526961661734,0.1638965900335596,0.689031859650177,0.5251352696166174,0.1638965900335596,0.5816718657178868,0.4324867603589636,0.1491851053589231,0.2564763987249102,claim_true,0.1,0.2,0.0,"{""claim_true"": 0.8, ""claim_false"": 0.1, ""mixed"": 0.1}",0.9502705392332347,-0.0,10,10,0.8,True,0.059999999999999984,0.43936665978384565,0.6,1.0,vllm:Qwen/Qwen3.6-27B-FP8
F32,F,open_summary_with_canonical_claim,1,10,oracle_evidence,,False,NVDA,1.0,True,1.0960673284468552,0.6108643020548935,0.48520302639196167,1.1460673284468552,0.6608643020548935,0.48520302639196167,0.9976834773764092,0.556032649876389,0.4416508275000201,0.4426762971573125,claim_true,0.35,0.0,0.7,"{""claim_true"": 0.35, ""claim_false"": 0.3, ""mixed"": 0.35}",0.6108643020548935,0.6108643020548935,10,10,0.35000000000000003,True,0.635,1.0658224658451187,0.7,0.0,vllm:Qwen/Qwen3.6-27B-FP8
F33,F,yes_no_mixed,0,10,oracle_evidence,,True,TSLA,1.0,True,0.8018185525433372,0.7684887922534784,0.03332976028985879,0.8518185525433373,0.8684887922534783,0.0,0.5783898247235197,0.5543474847814212,0.02404233994209859,0.04156770903359381,no,0.30000000000000004,0.2,0.4,"{""yes"": 0.0, ""no"": 0.7, ""mixed"": 0.2, ""insufficient_data"": 0.1}",0.639031859650177,0.8979457248567798,10,10,0.7,True,0.14,0.5978370007556205,0.8,0.6,vllm:Qwen/Qwen3.6-27B-FP8
F33,F,yes_no_mixed,1,10,oracle_evidence,,True,TSLA,1.0,True,0.39439769144744274,0.3250829733914482,0.06931471805599454,0.44439769144744273,0.3750829733914482,0.06931471805599454,0.2844977967946406,0.23449779679464058,0.05000000000000001,0.17574828544662358,no,0.05,0.0,0.1,"{""yes"": 0.05, ""no"": 0.9, ""mixed"": 0.05, ""insufficient_data"": 0.0}",0.3250829733914482,0.3250829733914482,10,10,0.9,True,0.014999999999999996,0.380772495517793,0.9,0.9,vllm:Qwen/Qwen3.6-27B-FP8
F34,F,graded_judgment,0,10,oracle_evidence,,False,GOOGL,1.0,True,1.0888999753452238,1.0025953536096894,0.08630462173553433,1.1388999753452238,1.1025953536096895,0.03630462173553428,0.7854752972273344,0.7232196723355079,0.06225562489182661,0.0792585395257929,insufficient_data,0.4,0.6,0.2,"{""more_efficient"": 0.3, ""similar"": 0.3, ""less_efficient"": 0.0, ""insufficient_data"": 0.4}",0.9502705392332347,1.0549201679861442,10,10,0.30000000000000004,False,0.74,1.2611312181658847,0.2,0.4,vllm:Qwen/Qwen3.6-27B-FP8
F34,F,graded_judgment,1,10,oracle_evidence,,False,GOOGL,1.0,True,0.1985152433458726,0.1625414866957241,0.035973756650148486,0.22351524334587258,0.1875414866957241,0.035973756650148486,0.1431984785579781,0.11724889839732029,0.025949580160657796,0.18121407728610292,insufficient_data,0.95,0.9,1.0,"{""more_efficient"": 0.0, ""similar"": 0.05, ""less_efficient"": 0.0, ""insufficient_data"": 0.95}",0.3250829733914482,-0.0,10,10,0.0,False,1.9049999999999998,2.4849066497880004,0.0,0.0,vllm:Qwen/Qwen3.6-27B-FP8
F35,F,open_summary_with_canonical_claim,0,10,oracle_evidence,,False,AAPL,1.0,True,-0.0,0.0,-0.0,0.0,0.0,0.0,-0.0,0.0,-0.0,0.0,claim_true,0.0,0.0,0.0,"{""claim_true"": 1.0, ""claim_false"": 0.0, ""mixed"": 0.0}",-0.0,-0.0,10,10,1.0,True,0.0,0.25131442828090605,1.0,1.0,vllm:Qwen/Qwen3.6-27B-FP8
F35,F,open_summary_with_canonical_claim,1,10,oracle_evidence,,False,AAPL,1.0,True,0.3250829733914482,0.25020121176909393,0.07488176162235427,0.3500829733914482,0.27520121176909396,0.07488176162235427,0.29590327428938457,0.2277429575017976,0.06816031678758694,0.23034661225454434,claim_true,0.1,0.0,0.2,"{""claim_true"": 0.9, ""claim_false"": 0.0, ""mixed"": 0.1}",-0.0,0.5004024235381879,10,10,0.9,True,0.019999999999999997,0.3409265869705932,1.0,0.8,vllm:Qwen/Qwen3.6-27B-FP8
F36,F,yes_no_mixed,0,10,oracle_evidence,,False,AMD,1.0,True,0.6128694524619496,0.5634507629673928,0.049418689494556745,0.6628694524619496,0.6384507629673928,0.024418689494556833,0.4420918598895945,0.4064438107590802,0.03564804913051427,0.08063493668355895,no,0.2,0.1,0.30000000000000004,"{""yes"": 0.0, ""no"": 0.8, ""mixed"": 0.05, ""insufficient_data"": 0.15}",0.3250829733914482,0.8018185525433373,10,10,0.8,True,0.06499999999999999,0.4834266495778762,0.9,0.7,vllm:Qwen/Qwen3.6-27B-FP8
F36,F,yes_no_mixed,1,10,oracle_evidence,,False,AMD,1.0,True,0.39439769144744274,0.3250829733914482,0.06931471805599454,0.44439769144744273,0.3750829733914482,0.06931471805599454,0.2844977967946406,0.23449779679464058,0.05000000000000001,0.17574828544662358,no,0.05,0.0,0.1,"{""yes"": 0.05, ""no"": 0.9, ""mixed"": 0.0, ""insufficient_data"": 0.05}",0.3250829733914482,0.3250829733914482,10,10,0.9,True,0.014999999999999996,0.380772495517793,0.9,0.9,vllm:Qwen/Qwen3.6-27B-FP8
F37,F,company_choice,0,10,oracle_evidence,,False,NFLX|AAPL,1.0,True,-0.0,0.0,-0.0,0.0,0.0,0.0,-0.0,0.0,-0.0,0.0,AAPL,0.0,0.0,0.0,"{""NFLX"": 0.0, ""AAPL"": 1.0, ""insufficient_data"": 0.0}",-0.0,-0.0,10,10,1.0,True,0.0,0.25131442828090605,1.0,1.0,vllm:Qwen/Qwen3.6-27B-FP8
F37,F,company_choice,1,10,oracle_evidence,,False,NFLX|AAPL,1.0,True,-0.0,0.0,-0.0,0.0,0.0,0.0,-0.0,0.0,-0.0,0.0,AAPL,0.0,0.0,0.0,"{""NFLX"": 0.0, ""AAPL"": 1.0, ""insufficient_data"": 0.0}",-0.0,-0.0,10,10,1.0,True,0.0,0.25131442828090605,1.0,1.0,vllm:Qwen/Qwen3.6-27B-FP8
F38,F,category_choice,0,10,oracle_evidence,,True,,1.0,True,-0.0,0.0,-0.0,0.0,0.0,0.0,-0.0,0.0,-0.0,0.0,insufficient_data,1.0,1.0,1.0,"{""productive"": 0.0, ""aging"": 0.0, ""mixed"": 0.0, ""insufficient_data"": 1.0}",-0.0,-0.0,10,10,0.0,False,2.0,2.4849066497880004,0.0,0.0,vllm:Qwen/Qwen3.6-27B-FP8
F38,F,category_choice,1,10,oracle_evidence,,True,,1.0,True,-0.0,0.0,-0.0,0.0,0.0,0.0,-0.0,0.0,-0.0,0.0,insufficient_data,1.0,1.0,1.0,"{""productive"": 0.0, ""aging"": 0.0, ""mixed"": 0.0, ""insufficient_data"": 1.0}",-0.0,-0.0,10,10,0.0,False,2.0,2.4849066497880004,0.0,0.0,vllm:Qwen/Qwen3.6-27B-FP8
F39,F,graded_judgment,0,10,oracle_evidence,,False,AVGO,1.0,True,0.3250829733914482,0.3250829733914482,0.0,0.3500829733914482,0.3750829733914482,0.0,0.23449779679464058,0.23449779679464058,0.0,0.0,moderate,0.0,0.0,0.0,"{""efficient"": 0.1, ""moderate"": 0.9, ""inefficient"": 0.0, ""insufficient_data"": 0.0}",0.3250829733914482,0.3250829733914482,10,10,0.9,True,0.019999999999999997,0.380772495517793,0.9,0.9,vllm:Qwen/Qwen3.6-27B-FP8
F39,F,graded_judgment,1,10,oracle_evidence,,False,AVGO,1.0,True,0.1985152433458726,0.1625414866957241,0.035973756650148486,0.22351524334587258,0.1875414866957241,0.035973756650148486,0.1431984785579781,0.11724889839732029,0.025949580160657796,0.18121407728610292,moderate,0.0,0.0,0.0,"{""efficient"": 0.0, ""moderate"": 0.95, ""inefficient"": 0.05, ""insufficient_data"": 0.0}",0.3250829733914482,-0.0,10,10,0.95,True,0.0050000000000000044,0.33314444652853825,0.9,1.0,vllm:Qwen/Qwen3.6-27B-FP8
F4,F,yes_no_mixed,0,10,oracle_evidence,,True,NVDA,1.0,True,1.033114087516671,0.98505050135995,0.04806358615672113,1.108114087516671,1.1100505013599498,0.0,0.745234285366414,0.7105637366685935,0.034670548697820505,0.04652301883933563,mixed,0.65,0.6,0.7,"{""yes"": 0.25, ""no"": 0.1, ""mixed"": 0.6, ""insufficient_data"": 0.05}",1.1682824501765625,0.8018185525433373,10,10,0.25,False,0.9349999999999999,1.3862943611198906,0.3,0.2,vllm:Qwen/Qwen3.6-27B-FP8
F4,F,yes_no_mixed,1,10,oracle_evidence,,True,NVDA,1.0,True,0.3250829733914482,0.25020121176909393,0.07488176162235427,0.3500829733914482,0.27520121176909396,0.07488176162235427,0.23449779679464058,0.18048202372184058,0.054015773072800005,0.23034661225454434,mixed,0.9,0.8,1.0,"{""yes"": 0.1, ""no"": 0.0, ""mixed"": 0.9, ""insufficient_data"": 0.0}",0.5004024235381879,-0.0,10,10,0.1,False,1.62,1.897119984885881,0.2,0.0,vllm:Qwen/Qwen3.6-27B-FP8
F40,F,company_choice,0,10,oracle_evidence,,False,NFLX|ROKU,1.0,True,0.1985152433458726,0.1625414866957241,0.035973756650148486,0.22351524334587258,0.1875414866957241,0.035973756650148486,0.18069636157678548,0.14795163714469228,0.032744724432093204,0.18121407728610292,NFLX,0.05,0.1,0.0,"{""NFLX"": 0.95, ""ROKU"": 0.0, ""insufficient_data"": 0.05}",0.3250829733914482,-0.0,10,10,0.05,False,1.805,1.934860312868728,0.1,0.0,vllm:Qwen/Qwen3.6-27B-FP8
F40,F,company_choice,1,10,oracle_evidence,,False,NFLX|ROKU,1.0,True,-0.0,0.0,-0.0,0.0,0.0,0.0,-0.0,0.0,-0.0,0.0,NFLX,0.0,0.0,0.0,"{""NFLX"": 1.0, ""ROKU"": 0.0, ""insufficient_data"": 0.0}",-0.0,-0.0,10,10,0.0,False,2.0,2.1972245773362196,0.0,0.0,vllm:Qwen/Qwen3.6-27B-FP8
F41,F,screening_top1,0,10,oracle_evidence,,False,KHC|CCEP|CSCO|TXN,1.0,True,-0.0,0.0,-0.0,0.0,0.0,0.0,-0.0,0.0,-0.0,0.0,KHC,0.0,0.0,0.0,"{""KHC"": 1.0, ""CCEP"": 0.0, ""CSCO"": 0.0, ""TXN"": 0.0, ""none_clear"": 0.0}",-0.0,-0.0,10,10,1.0,True,0.0,0.31015492830383945,1.0,1.0,vllm:Qwen/Qwen3.6-27B-FP8
F41,F,screening_top1,1,10,oracle_evidence,,False,KHC|CCEP|CSCO|TXN,1.0,True,-0.0,0.0,-0.0,0.0,0.0,0.0,-0.0,0.0,-0.0,0.0,KHC,0.0,0.0,0.0,"{""KHC"": 1.0, ""CCEP"": 0.0, ""CSCO"": 0.0, ""TXN"": 0.0, ""none_clear"": 0.0}",-0.0,-0.0,10,10,1.0,True,0.0,0.31015492830383945,1.0,1.0,vllm:Qwen/Qwen3.6-27B-FP8
F42,F,yes_no_mixed,0,10,oracle_evidence,,False,AAPL|MSFT,1.0,True,0.6730116670092565,0.46797363772317085,0.20503802928608567,0.6980116670092565,0.5179736377231708,0.1800380292860857,0.4854752972273344,0.33757162320499345,0.14790367402234092,0.30465746633671004,no,0.0,0.0,0.0,"{""yes"": 0.4, ""no"": 0.6, ""mixed"": 0.0, ""insufficient_data"": 0.0}",0.3250829733914482,0.6108643020548935,10,10,0.6,True,0.32,0.7270487322356266,0.9,0.3,vllm:Qwen/Qwen3.6-27B-FP8
F42,F,yes_no_mixed,1,10,oracle_evidence,,False,AAPL|MSFT,1.0,True,0.8979457248567798,0.7474828665516413,0.1504628583051385,0.9479457248567799,0.8224828665516413,0.1254628583051386,0.647730922119161,0.5391949123617599,0.10853600975740105,0.16756342186398512,no,0.1,0.0,0.2,"{""yes"": 0.3, ""no"": 0.6, ""mixed"": 0.0, ""insufficient_data"": 0.1}",0.6931471805599453,0.8018185525433373,10,10,0.6000000000000001,True,0.25999999999999995,0.7270487322356267,0.5,0.7,vllm:Qwen/Qwen3.6-27B-FP8
F43,F,yes_no_mixed,0,10,oracle_evidence,,True,AAPL,1.0,True,0.3250829733914482,0.25020121176909393,0.07488176162235427,0.3500829733914482,0.27520121176909396,0.07488176162235427,0.23449779679464058,0.18048202372184058,0.054015773072800005,0.23034661225454434,yes,0.1,0.0,0.2,"{""yes"": 0.9, ""no"": 0.0, ""mixed"": 0.1, ""insufficient_data"": 0.0}",-0.0,0.5004024235381879,10,10,0.9,True,0.019999999999999997,0.380772495517793,1.0,0.8,vllm:Qwen/Qwen3.6-27B-FP8
F43,F,yes_no_mixed,1,10,oracle_evidence,,True,AAPL,1.0,True,0.3250829733914482,0.3250829733914482,0.0,0.3500829733914482,0.3750829733914482,0.0,0.23449779679464058,0.23449779679464058,0.0,0.0,yes,0.1,0.1,0.1,"{""yes"": 0.9, ""no"": 0.0, ""mixed"": 0.1, ""insufficient_data"": 0.0}",0.3250829733914482,0.3250829733914482,10,10,0.9,True,0.019999999999999997,0.380772495517793,0.9,0.9,vllm:Qwen/Qwen3.6-27B-FP8
F44,F,open_summary_with_canonical_claim,0,10,oracle_evidence,,False,AMZN|META,1.0,True,0.3250829733914482,0.25020121176909393,0.07488176162235427,0.3500829733914482,0.27520121176909396,0.07488176162235427,0.29590327428938457,0.2277429575017976,0.06816031678758694,0.23034661225454434,claim_true,0.0,0.0,0.0,"{""claim_true"": 0.9, ""claim_false"": 0.1, ""mixed"": 0.0}",0.5004024235381879,-0.0,10,10,0.9,True,0.019999999999999997,0.3409265869705932,0.8,1.0,vllm:Qwen/Qwen3.6-27B-FP8
F44,F,open_summary_with_canonical_claim,1,10,oracle_evidence,,False,AMZN|META,1.0,True,-0.0,0.0,-0.0,0.0,0.0,0.0,-0.0,0.0,-0.0,0.0,claim_true,0.0,0.0,0.0,"{""claim_true"": 1.0, ""claim_false"": 0.0, ""mixed"": 0.0}",-0.0,-0.0,10,10,1.0,True,0.0,0.25131442828090605,1.0,1.0,vllm:Qwen/Qwen3.6-27B-FP8
F45,F,category_choice,0,10,oracle_evidence,,True,,1.0,True,0.7305880613711224,0.5148265070322868,0.2157615543388356,0.7805880613711225,0.5648265070322869,0.2157615543388356,0.5270078865364,0.37136882430683366,0.15563906222956636,0.29532586931944615,insufficient_data,0.75,1.0,0.5,"{""high_dividends"": 0.0, ""high_buybacks"": 0.1, ""similar"": 0.15, ""insufficient_data"": 0.75}",-0.0,1.0296530140645737,10,10,0.1,False,1.395,1.8971199848858813,0.0,0.2,vllm:Qwen/Qwen3.6-27B-FP8
F45,F,category_choice,1,10,oracle_evidence,,True,,1.0,True,-0.0,0.0,-0.0,0.0,0.0,0.0,-0.0,0.0,-0.0,0.0,insufficient_data,1.0,1.0,1.0,"{""high_dividends"": 0.0, ""high_buybacks"": 0.0, ""similar"": 0.0, ""insufficient_data"": 1.0}",-0.0,-0.0,10,10,0.0,False,2.0,2.4849066497880004,0.0,0.0,vllm:Qwen/Qwen3.6-27B-FP8
F46,F,category_choice,0,10,oracle_evidence,,True,,1.0,True,0.4227090878059908,0.41274269846481804,0.009966389341172777,0.44770908780599084,0.4627426984648181,0.0,0.3049201523582002,0.2977309221191609,0.007189230239039294,0.0235774191487149,insufficient_data,0.8500000000000001,0.8,0.9,"{""red_flag"": 0.0, ""smart_allocation"": 0.15, ""mixed"": 0.0, ""insufficient_data"": 0.85}",0.5004024235381879,0.3250829733914482,10,10,0.15000000000000002,False,1.445,1.69644928942373,0.2,0.1,vllm:Qwen/Qwen3.6-27B-FP8
F46,F,category_choice,1,10,oracle_evidence,,True,,1.0,True,-0.0,0.0,-0.0,0.0,0.0,0.0,-0.0,0.0,-0.0,0.0,insufficient_data,1.0,1.0,1.0,"{""red_flag"": 0.0, ""smart_allocation"": 0.0, ""mixed"": 0.0, ""insufficient_data"": 1.0}",-0.0,-0.0,10,10,0.0,False,2.0,2.4849066497880004,0.0,0.0,vllm:Qwen/Qwen3.6-27B-FP8
F47,F,premise_check,0,10,oracle_evidence,,True,INTC,1.0,True,0.1985152433458726,0.1625414866957241,0.035973756650148486,0.22351524334587258,0.1875414866957241,0.035973756650148486,0.18069636157678548,0.14795163714469228,0.032744724432093204,0.18121407728610292,premise_false,0.05,0.0,0.1,"{""premise_false"": 0.95, ""premise_true_explained"": 0.0, ""insufficient_data"": 0.05}",-0.0,0.3250829733914482,10,10,0.95,True,0.0050000000000000044,0.29511705093929896,1.0,0.9,vllm:Qwen/Qwen3.6-27B-FP8
F47,F,premise_check,1,10,oracle_evidence,,True,INTC,1.0,True,-0.0,0.0,-0.0,0.0,0.0,0.0,-0.0,0.0,-0.0,0.0,premise_false,0.0,0.0,0.0,"{""premise_false"": 1.0, ""premise_true_explained"": 0.0, ""insufficient_data"": 0.0}",-0.0,-0.0,10,10,1.0,True,0.0,0.25131442828090605,1.0,1.0,vllm:Qwen/Qwen3.6-27B-FP8
F49,F,yes_no_mixed,0,10,oracle_evidence,,True,,1.0,True,0.997271523182384,0.9453592639442805,0.0519122592381035,1.047271523182384,1.0453592639442806,0.001912259238103342,0.7193793404575042,0.6819325609754271,0.0374467794820771,0.052054288156596275,insufficient_data,0.8,0.8999999999999999,0.7,"{""yes"": 0.0, ""no"": 0.2, ""mixed"": 0.25, ""insufficient_data"": 0.55}",0.8018185525433373,1.0888999753452238,10,10,0.2,False,1.0050000000000001,1.529395204760564,0.1,0.3,vllm:Qwen/Qwen3.6-27B-FP8
F49,F,yes_no_mixed,1,10,oracle_evidence,,True,,1.0,True,-0.0,0.0,-0.0,0.0,0.0,0.0,-0.0,0.0,-0.0,0.0,insufficient_data,1.0,1.0,1.0,"{""yes"": 0.0, ""no"": 0.0, ""mixed"": 0.0, ""insufficient_data"": 1.0}",-0.0,-0.0,10,10,0.0,False,2.0,2.4849066497880004,0.0,0.0,vllm:Qwen/Qwen3.6-27B-FP8
F5,F,yes_no_mixed,0,10,oracle_evidence,,True,AMZN,1.0,True,0.39439769144744274,0.3195159298250885,0.07488176162235427,0.44439769144744273,0.36951592982508846,0.07488176162235427,0.2844977967946406,0.2304820237218406,0.054015773072800005,0.18986359009236994,yes,0.1,0.0,0.2,"{""yes"": 0.9, ""no"": 0.0, ""mixed"": 0.05, ""insufficient_data"": 0.05}",-0.0,0.639031859650177,10,10,0.9,True,0.014999999999999996,0.380772495517793,1.0,0.8,vllm:Qwen/Qwen3.6-27B-FP8
F5,F,yes_no_mixed,1,10,oracle_evidence,,True,AMZN,1.0,True,-0.0,0.0,-0.0,0.0,0.0,0.0,-0.0,0.0,-0.0,0.0,yes,0.0,0.0,0.0,"{""yes"": 1.0, ""no"": 0.0, ""mixed"": 0.0, ""insufficient_data"": 0.0}",-0.0,-0.0,10,10,1.0,True,0.0,0.2876820724517809,1.0,1.0,vllm:Qwen/Qwen3.6-27B-FP8
F50,F,screening_top1,0,10,oracle_evidence,,True,APP|LRCX|KLAC|NVDA|AAPL,1.0,True,-0.0,0.0,-0.0,0.0,0.0,0.0,-0.0,0.0,-0.0,0.0,NVDA,0.0,0.0,0.0,"{""APP"": 0.0, ""LRCX"": 0.0, ""KLAC"": 0.0, ""NVDA"": 1.0, ""AAPL"": 0.0, ""none_clear"": 0.0}",-0.0,-0.0,10,10,0.0,False,2.0,2.890371757896165,0.0,0.0,vllm:Qwen/Qwen3.6-27B-FP8
F50,F,screening_top1,1,10,oracle_evidence,,True,APP|LRCX|KLAC|NVDA|AAPL,1.0,True,-0.0,0.0,-0.0,0.0,0.0,0.0,-0.0,0.0,-0.0,0.0,NVDA,0.0,0.0,0.0,"{""APP"": 0.0, ""LRCX"": 0.0, ""KLAC"": 0.0, ""NVDA"": 1.0, ""AAPL"": 0.0, ""none_clear"": 0.0}",-0.0,-0.0,10,10,0.0,False,2.0,2.890371757896165,0.0,0.0,vllm:Qwen/Qwen3.6-27B-FP8
F6,F,open_summary_with_canonical_claim,0,10,oracle_evidence,,False,NVDA,1.0,True,1.0888999753452238,0.6730116670092565,0.41588830833596724,1.1388999753452238,0.7230116670092566,0.41588830833596724,0.9911594714322187,0.6126016192893442,0.37855785214287446,0.3819343537078458,mixed,0.4,0.4,0.4,"{""claim_true"": 0.3, ""claim_false"": 0.3, ""mixed"": 0.4}",0.6730116670092565,0.6730116670092565,10,10,0.4,True,0.54,0.9734491457141036,0.4,0.4,vllm:Qwen/Qwen3.6-27B-FP8
F6,F,open_summary_with_canonical_claim,1,10,oracle_evidence,,False,NVDA,1.0,True,0.7460326647147848,0.47167419616451955,0.27435846855026524,0.7960326647147848,0.5216741961645196,0.27435846855026524,0.6790681957683443,0.4293363555366274,0.2497318402317169,0.36775664327667884,claim_false,0.05,0.1,0.0,"{""claim_true"": 0.25, ""claim_false"": 0.7, ""mixed"": 0.05}",0.9433483923290391,-0.0,10,10,0.05,False,1.455,1.9348603128687283,0.1,0.0,vllm:Qwen/Qwen3.6-27B-FP8
F7,F,yes_no_mixed,0,10,oracle_evidence,,True,INTC,1.0,True,0.4227090878059908,0.41274269846481804,0.009966389341172777,0.44770908780599084,0.4627426984648181,0.0,0.3049201523582002,0.2977309221191609,0.007189230239039294,0.0235774191487149,no,0.15000000000000002,0.2,0.1,"{""yes"": 0.0, ""no"": 0.85, ""mixed"": 0.15, ""insufficient_data"": 0.0}",0.5004024235381879,0.3250829733914482,10,10,0.15000000000000002,False,1.445,1.69644928942373,0.2,0.1,vllm:Qwen/Qwen3.6-27B-FP8
F7,F,yes_no_mixed,1,10,oracle_evidence,,True,INTC,1.0,True,-0.0,0.0,-0.0,0.0,0.0,0.0,-0.0,0.0,-0.0,0.0,no,0.0,0.0,0.0,"{""yes"": 0.0, ""no"": 1.0, ""mixed"": 0.0, ""insufficient_data"": 0.0}",-0.0,-0.0,10,10,0.0,False,2.0,2.4849066497880004,0.0,0.0,vllm:Qwen/Qwen3.6-27B-FP8
F8,F,graded_judgment,0,10,oracle_evidence,,True,NFLX,1.0,True,0.9433483923290393,0.8639659174977004,0.07938247483133898,0.9933483923290394,0.9389659174977004,0.054382474831338956,0.6804820237218406,0.6232196723355078,0.05726235138633285,0.084149690058146,insufficient_data,0.5,0.6,0.4,"{""higher"": 0.4, ""similar"": 0.1, ""lower"": 0.0, ""insufficient_data"": 0.5}",0.6730116670092565,1.0549201679861442,10,10,0.4,False,0.62,1.0498221244986776,0.4,0.4,vllm:Qwen/Qwen3.6-27B-FP8
F8,F,graded_judgment,1,10,oracle_evidence,,True,NFLX,1.0,True,0.3250829733914482,0.25020121176909393,0.07488176162235427,0.3500829733914482,0.27520121176909396,0.07488176162235427,0.23449779679464058,0.18048202372184058,0.054015773072800005,0.23034661225454434,insufficient_data,0.9,0.8,1.0,"{""higher"": 0.1, ""similar"": 0.0, ""lower"": 0.0, ""insufficient_data"": 0.9}",0.5004024235381879,-0.0,10,10,0.1,False,1.62,1.897119984885881,0.2,0.0,vllm:Qwen/Qwen3.6-27B-FP8
F9,F,yes_no_mixed,0,10,oracle_evidence,,True,META,1.0,True,1.1058898790247633,1.0112129085481774,0.09467697047658596,1.1808898790247633,1.1362129085481774,0.04467697047658592,0.7977309221191609,0.7294359242226802,0.06829499789648069,0.08561157152471412,mixed,0.7,0.7,0.7,"{""yes"": 0.15, ""no"": 0.15, ""mixed"": 0.6, ""insufficient_data"": 0.1}",1.2206072645530175,0.8018185525433373,10,10,0.15000000000000002,False,1.115,1.69644928942373,0.1,0.2,vllm:Qwen/Qwen3.6-27B-FP8
F9,F,yes_no_mixed,1,10,oracle_evidence,,True,META,1.0,True,0.8018185525433373,0.5274600839930721,0.27435846855026524,0.8518185525433374,0.5774600839930721,0.27435846855026524,0.5783898247235197,0.38048202372184065,0.19790780100167915,0.3421702674252308,mixed,0.7,0.4,1.0,"{""yes"": 0.2, ""no"": 0.1, ""mixed"": 0.7, ""insufficient_data"": 0.0}",1.0549201679861442,-0.0,10,10,0.1,False,1.34,1.8971199848858813,0.2,0.0,vllm:Qwen/Qwen3.6-27B-FP8
FT1,FT,supportive_judgment,0,10,oracle_evidence,,True,AAPL,1.0,True,0.6730116670092563,0.5867070452737222,0.0863046217355341,0.6980116670092563,0.6367070452737222,0.06130462173553408,0.48547529722733423,0.4232196723355078,0.06225562489182645,0.12823644219877559,conditional,0.6000000000000001,0.4,0.8,"{""supportive"": 0.4, ""unsupportive"": 0.0, ""conditional"": 0.6, ""insufficient_data"": 0.0}",0.6730116670092565,0.5004024235381879,10,10,0.6000000000000001,True,0.31999999999999995,0.7270487322356265,0.4,0.8,vllm:Qwen/Qwen3.6-27B-FP8
FT1,FT,supportive_judgment,1,10,oracle_evidence,,True,AAPL,1.0,True,-0.0,0.0,-0.0,0.0,0.0,0.0,-0.0,0.0,-0.0,0.0,conditional,1.0,1.0,1.0,"{""supportive"": 0.0, ""unsupportive"": 0.0, ""conditional"": 1.0, ""insufficient_data"": 0.0}",-0.0,-0.0,10,10,1.0,True,0.0,0.2876820724517809,1.0,1.0,vllm:Qwen/Qwen3.6-27B-FP8
FT10,FT,supportive_judgment,0,10,oracle_evidence,,True,QCOM,1.0,True,1.207973687592232,0.976432946421462,0.23154074117077006,1.282973687592232,1.076432946421462,0.20654074117077004,0.8713688243068336,0.7043474847814211,0.1670213395254125,0.1916769740508866,conditional,0.6,0.6000000000000001,0.6,"{""supportive"": 0.15, ""unsupportive"": 0.25, ""conditional"": 0.5, ""insufficient_data"": 0.1}",1.2798542258336674,0.6730116670092565,10,10,0.15,False,1.045,1.69644928942373,0.3,0.0,vllm:Qwen/Qwen3.6-27B-FP8
FT10,FT,supportive_judgment,1,10,oracle_evidence,,True,QCOM,1.0,True,0.1985152433458726,0.1625414866957241,0.035973756650148486,0.22351524334587258,0.1875414866957241,0.035973756650148486,0.1431984785579781,0.11724889839732029,0.025949580160657796,0.18121407728610292,conditional,0.95,1.0,0.9,"{""supportive"": 0.0, ""unsupportive"": 0.05, ""conditional"": 0.95, ""insufficient_data"": 0.0}",-0.0,0.3250829733914482,10,10,0.0,False,1.9049999999999998,2.4849066497880004,0.0,0.0,vllm:Qwen/Qwen3.6-27B-FP8
FT11,FT,supportive_judgment,0,10,oracle_evidence,,False,COST,1.0,True,-0.0,0.0,-0.0,0.0,0.0,0.0,-0.0,0.0,-0.0,0.0,unsupportive,0.0,0.0,0.0,"{""supportive"": 0.0, ""unsupportive"": 1.0, ""conditional"": 0.0, ""insufficient_data"": 0.0}",-0.0,-0.0,10,10,1.0,True,0.0,0.2876820724517809,1.0,1.0,vllm:Qwen/Qwen3.6-27B-FP8
FT11,FT,supportive_judgment,1,10,oracle_evidence,,False,COST,1.0,True,-0.0,0.0,-0.0,0.0,0.0,0.0,-0.0,0.0,-0.0,0.0,unsupportive,0.0,0.0,0.0,"{""supportive"": 0.0, ""unsupportive"": 1.0, ""conditional"": 0.0, ""insufficient_data"": 0.0}",-0.0,-0.0,10,10,1.0,True,0.0,0.2876820724517809,1.0,1.0,vllm:Qwen/Qwen3.6-27B-FP8
FT12,FT,yes_no_mixed,0,10,oracle_evidence,,False,AMD,1.0,True,-0.0,0.0,-0.0,0.0,0.0,0.0,-0.0,0.0,-0.0,0.0,yes,0.0,0.0,0.0,"{""yes"": 1.0, ""no"": 0.0, ""mixed"": 0.0, ""insufficient_data"": 0.0}",-0.0,-0.0,10,10,1.0,True,0.0,0.2876820724517809,1.0,1.0,vllm:Qwen/Qwen3.6-27B-FP8
FT12,FT,yes_no_mixed,1,10,oracle_evidence,,False,AMD,1.0,True,0.6474466390346325,0.5967748020490666,0.05067183698556588,0.6724466390346325,0.6467748020490667,0.025671836985565855,0.46703402768774555,0.43048202372184063,0.036552003965904925,0.07826411310300337,mixed,0.65,0.8,0.5,"{""yes"": 0.35, ""no"": 0.0, ""mixed"": 0.65, ""insufficient_data"": 0.0}",0.5004024235381879,0.6931471805599453,10,10,0.35,False,0.8450000000000001,1.1499055830556604,0.2,0.5,vllm:Qwen/Qwen3.6-27B-FP8
FT13,FT,supportive_judgment,0,10,oracle_evidence,,True,,1.0,True,-0.0,0.0,-0.0,0.0,0.0,0.0,-0.0,0.0,-0.0,0.0,insufficient_data,1.0,1.0,1.0,"{""supportive"": 0.0, ""unsupportive"": 0.0, ""conditional"": 0.0, ""insufficient_data"": 1.0}",-0.0,-0.0,10,10,0.0,False,2.0,2.4849066497880004,0.0,0.0,vllm:Qwen/Qwen3.6-27B-FP8
FT13,FT,supportive_judgment,1,10,oracle_evidence,,True,,1.0,True,-0.0,0.0,-0.0,0.0,0.0,0.0,-0.0,0.0,-0.0,0.0,insufficient_data,1.0,1.0,1.0,"{""supportive"": 0.0, ""unsupportive"": 0.0, ""conditional"": 0.0, ""insufficient_data"": 1.0}",-0.0,-0.0,10,10,0.0,False,2.0,2.4849066497880004,0.0,0.0,vllm:Qwen/Qwen3.6-27B-FP8
FT14,FT,category_choice,0,10,oracle_evidence,,False,AVGO,1.0,True,0.7909873504355757,0.6342156828602438,0.1567716675753319,0.8409873504355757,0.7092156828602438,0.13177166757533187,0.5705767639396528,0.45748991025824065,0.11308685368141222,0.19819743955323926,take_profits,0.3,0.5,0.1,"{""sustainable"": 0.05, ""take_profits"": 0.65, ""mixed"": 0.3, ""insufficient_data"": 0.0}",0.9433483923290393,0.3250829733914482,10,10,0.65,True,0.21499999999999997,0.6603573577369544,0.4,0.9,vllm:Qwen/Qwen3.6-27B-FP8
FT14,FT,category_choice,1,10,oracle_evidence,,False,AVGO,1.0,True,0.8237197315118312,0.7771063471919664,0.04661338431986484,0.8737197315118312,0.8521063471919665,0.021613384319864704,0.5941881858672536,0.5605637366685935,0.033624449198660186,0.05658888883760498,mixed,0.6,0.5,0.7,"{""sustainable"": 0.05, ""take_profits"": 0.35, ""mixed"": 0.6, ""insufficient_data"": 0.0}",0.9433483923290393,0.6108643020548935,10,10,0.35,False,0.785,1.1499055830556604,0.4,0.3,vllm:Qwen/Qwen3.6-27B-FP8
FT15,FT,category_choice,0,10,oracle_evidence,,True,,1.0,True,-0.0,0.0,-0.0,0.0,0.0,0.0,-0.0,0.0,-0.0,0.0,insufficient_data,1.0,1.0,1.0,"{""value_trap"": 0.0, ""genuine_opportunity"": 0.0, ""mixed"": 0.0, ""insufficient_data"": 1.0}",-0.0,-0.0,10,10,0.0,False,2.0,2.4849066497880004,0.0,0.0,vllm:Qwen/Qwen3.6-27B-FP8
FT15,FT,category_choice,1,10,oracle_evidence,,True,,1.0,True,-0.0,0.0,-0.0,0.0,0.0,0.0,-0.0,0.0,-0.0,0.0,insufficient_data,1.0,1.0,1.0,"{""value_trap"": 0.0, ""genuine_opportunity"": 0.0, ""mixed"": 0.0, ""insufficient_data"": 1.0}",-0.0,-0.0,10,10,0.0,False,2.0,2.4849066497880004,0.0,0.0,vllm:Qwen/Qwen3.6-27B-FP8
FT16,FT,supportive_judgment,0,10,oracle_evidence,,True,,1.0,True,-0.0,0.0,-0.0,0.0,0.0,0.0,-0.0,0.0,-0.0,0.0,insufficient_data,1.0,1.0,1.0,"{""supportive"": 0.0, ""unsupportive"": 0.0, ""conditional"": 0.0, ""insufficient_data"": 1.0}",-0.0,-0.0,10,10,0.0,False,2.0,2.4849066497880004,0.0,0.0,vllm:Qwen/Qwen3.6-27B-FP8
FT16,FT,supportive_judgment,1,10,oracle_evidence,,True,,1.0,True,-0.0,0.0,-0.0,0.0,0.0,0.0,-0.0,0.0,-0.0,0.0,insufficient_data,1.0,1.0,1.0,"{""supportive"": 0.0, ""unsupportive"": 0.0, ""conditional"": 0.0, ""insufficient_data"": 1.0}",-0.0,-0.0,10,10,0.0,False,2.0,2.4849066497880004,0.0,0.0,vllm:Qwen/Qwen3.6-27B-FP8
FT17,FT,yes_no_mixed,0,10,oracle_evidence,,True,INTC,1.0,True,-0.0,0.0,-0.0,0.0,0.0,0.0,-0.0,0.0,-0.0,0.0,mixed,1.0,1.0,1.0,"{""yes"": 0.0, ""no"": 0.0, ""mixed"": 1.0, ""insufficient_data"": 0.0}",-0.0,-0.0,10,10,1.0,True,0.0,0.2876820724517809,1.0,1.0,vllm:Qwen/Qwen3.6-27B-FP8
FT17,FT,yes_no_mixed,1,10,oracle_evidence,,True,INTC,1.0,True,0.5623351446188083,0.34657359027997264,0.21576155433883565,0.5873351446188083,0.37157359027997267,0.21576155433883565,0.4056390622295664,0.25,0.15563906222956642,0.3836885465963443,mixed,0.75,0.5,1.0,"{""yes"": 0.0, ""no"": 0.25, ""mixed"": 0.75, ""insufficient_data"": 0.0}",0.6931471805599453,-0.0,10,10,0.75,True,0.125,0.5389965007326869,0.5,1.0,vllm:Qwen/Qwen3.6-27B-FP8
FT18,FT,supportive_judgment,0,10,oracle_evidence,,True,,1.0,True,-0.0,0.0,-0.0,0.0,0.0,0.0,-0.0,0.0,-0.0,0.0,insufficient_data,1.0,1.0,1.0,"{""supportive"": 0.0, ""unsupportive"": 0.0, ""conditional"": 0.0, ""insufficient_data"": 1.0}",-0.0,-0.0,10,10,0.0,False,2.0,2.4849066497880004,0.0,0.0,vllm:Qwen/Qwen3.6-27B-FP8
FT18,FT,supportive_judgment,1,10,oracle_evidence,,True,,1.0,True,-0.0,0.0,-0.0,0.0,0.0,0.0,-0.0,0.0,-0.0,0.0,insufficient_data,1.0,1.0,1.0,"{""supportive"": 0.0, ""unsupportive"": 0.0, ""conditional"": 0.0, ""insufficient_data"": 1.0}",-0.0,-0.0,10,10,0.0,False,2.0,2.4849066497880004,0.0,0.0,vllm:Qwen/Qwen3.6-27B-FP8
FT19,FT,supportive_judgment,0,10,oracle_evidence,,True,,1.0,True,-0.0,0.0,-0.0,0.0,0.0,0.0,-0.0,0.0,-0.0,0.0,insufficient_data,1.0,1.0,1.0,"{""supportive"": 0.0, ""unsupportive"": 0.0, ""conditional"": 0.0, ""insufficient_data"": 1.0}",-0.0,-0.0,10,10,1.0,True,0.0,0.2876820724517809,1.0,1.0,vllm:Qwen/Qwen3.6-27B-FP8
FT19,FT,supportive_judgment,1,10,oracle_evidence,,True,,1.0,True,-0.0,0.0,-0.0,0.0,0.0,0.0,-0.0,0.0,-0.0,0.0,insufficient_data,1.0,1.0,1.0,"{""supportive"": 0.0, ""unsupportive"": 0.0, ""conditional"": 0.0, ""insufficient_data"": 1.0}",-0.0,-0.0,10,10,1.0,True,0.0,0.2876820724517809,1.0,1.0,vllm:Qwen/Qwen3.6-27B-FP8
FT2,FT,supportive_judgment,0,10,oracle_evidence,,False,TSLA,1.0,True,0.8556886672556694,0.8081800296691478,0.047508637586521574,0.9056886672556694,0.8831800296691479,0.02250863758652155,0.6172488983973203,0.5829786604745875,0.034270237922732844,0.05552093816888961,unsupportive,0.5,0.6,0.4,"{""supportive"": 0.0, ""unsupportive"": 0.5, ""conditional"": 0.45, ""insufficient_data"": 0.05}",0.9433483923290391,0.6730116670092565,10,10,0.5,True,0.455,0.8754687373538999,0.4,0.6,vllm:Qwen/Qwen3.6-27B-FP8
FT2,FT,supportive_judgment,1,10,oracle_evidence,,False,TSLA,1.0,True,0.6474466390346325,0.49904732020035236,0.14839931883428015,0.6724466390346325,0.5490473202003524,0.12339931883428013,0.46703402768774555,0.3599865470109875,0.10704748067675807,0.22920702632042259,unsupportive,0.35,0.1,0.6,"{""supportive"": 0.0, ""unsupportive"": 0.65, ""conditional"": 0.35, ""insufficient_data"": 0.0}",0.3250829733914482,0.6730116670092565,10,10,0.65,True,0.24499999999999997,0.6603573577369544,0.9,0.4,vllm:Qwen/Qwen3.6-27B-FP8
FT20,FT,yes_no_mixed,0,10,oracle_evidence,,False,AAPL,1.0,True,0.42270908780599087,0.30543215102744675,0.11727693677854412,0.4477090878059909,0.3304321510274468,0.11727693677854412,0.30492015235820025,0.22032272480767318,0.08459742755052704,0.2774412478029577,no,0.15,0.3,0.0,"{""yes"": 0.0, ""no"": 0.85, ""mixed"": 0.15, ""insufficient_data"": 0.0}",0.6108643020548935,-0.0,10,10,0.85,True,0.045000000000000005,0.4307829160924542,0.7,1.0,vllm:Qwen/Qwen3.6-27B-FP8
FT20,FT,yes_no_mixed,1,10,oracle_evidence,,False,AAPL,1.0,True,0.1985152433458726,0.1625414866957241,0.035973756650148486,0.22351524334587258,0.1875414866957241,0.035973756650148486,0.1431984785579781,0.11724889839732029,0.025949580160657796,0.18121407728610292,no,0.05,0.1,0.0,"{""yes"": 0.0, ""no"": 0.95, ""mixed"": 0.05, ""insufficient_data"": 0.0}",0.3250829733914482,-0.0,10,10,0.95,True,0.0050000000000000044,0.33314444652853825,0.9,1.0,vllm:Qwen/Qwen3.6-27B-FP8
FT21,FT,category_choice,0,10,oracle_evidence,,True,,1.0,True,-0.0,0.0,-0.0,0.0,0.0,0.0,-0.0,0.0,-0.0,0.0,insufficient_data,1.0,1.0,1.0,"{""buy_now"": 0.0, ""wait"": 0.0, ""insufficient_data"": 1.0}",-0.0,-0.0,10,10,0.0,False,2.0,2.1972245773362196,0.0,0.0,vllm:Qwen/Qwen3.6-27B-FP8
FT21,FT,category_choice,1,10,oracle_evidence,,True,,1.0,True,-0.0,0.0,-0.0,0.0,0.0,0.0,-0.0,0.0,-0.0,0.0,insufficient_data,1.0,1.0,1.0,"{""buy_now"": 0.0, ""wait"": 0.0, ""insufficient_data"": 1.0}",-0.0,-0.0,10,10,0.0,False,2.0,2.1972245773362196,0.0,0.0,vllm:Qwen/Qwen3.6-27B-FP8
FT22,FT,yes_no_mixed,0,10,oracle_evidence,,False,MU,1.0,True,0.3250829733914482,0.3250829733914482,0.0,0.3500829733914482,0.3750829733914482,0.0,0.23449779679464058,0.23449779679464058,0.0,0.0,mixed,0.9,0.9,0.9,"{""yes"": 0.0, ""no"": 0.1, ""mixed"": 0.9, ""insufficient_data"": 0.0}",0.3250829733914482,0.3250829733914482,10,10,0.9,True,0.019999999999999997,0.38077249551779285,0.9,0.9,vllm:Qwen/Qwen3.6-27B-FP8
FT22,FT,yes_no_mixed,1,10,oracle_evidence,,False,MU,1.0,True,-0.0,0.0,-0.0,0.0,0.0,0.0,-0.0,0.0,-0.0,0.0,mixed,1.0,1.0,1.0,"{""yes"": 0.0, ""no"": 0.0, ""mixed"": 1.0, ""insufficient_data"": 0.0}",-0.0,-0.0,10,10,1.0,True,0.0,0.2876820724517809,1.0,1.0,vllm:Qwen/Qwen3.6-27B-FP8
FT23,FT,category_choice,0,10,oracle_evidence,,True,,1.0,True,-0.0,0.0,-0.0,0.0,0.0,0.0,-0.0,0.0,-0.0,0.0,insufficient_data,1.0,1.0,1.0,"{""sell"": 0.0, ""hold"": 0.0, ""conditional"": 0.0, ""insufficient_data"": 1.0}",-0.0,-0.0,10,10,0.0,False,2.0,2.4849066497880004,0.0,0.0,vllm:Qwen/Qwen3.6-27B-FP8
FT23,FT,category_choice,1,10,oracle_evidence,,True,,1.0,True,-0.0,0.0,-0.0,0.0,0.0,0.0,-0.0,0.0,-0.0,0.0,insufficient_data,1.0,1.0,1.0,"{""sell"": 0.0, ""hold"": 0.0, ""conditional"": 0.0, ""insufficient_data"": 1.0}",-0.0,-0.0,10,10,0.0,False,2.0,2.4849066497880004,0.0,0.0,vllm:Qwen/Qwen3.6-27B-FP8
FT24,FT,yes_no_mixed,0,10,oracle_evidence,,True,,1.0,True,-0.0,0.0,-0.0,0.0,0.0,0.0,-0.0,0.0,-0.0,0.0,insufficient_data,1.0,1.0,1.0,"{""yes"": 0.0, ""no"": 0.0, ""mixed"": 0.0, ""insufficient_data"": 1.0}",-0.0,-0.0,10,10,0.0,False,2.0,2.4849066497880004,0.0,0.0,vllm:Qwen/Qwen3.6-27B-FP8
FT24,FT,yes_no_mixed,1,10,oracle_evidence,,True,,1.0,True,-0.0,0.0,-0.0,0.0,0.0,0.0,-0.0,0.0,-0.0,0.0,insufficient_data,1.0,1.0,1.0,"{""yes"": 0.0, ""no"": 0.0, ""mixed"": 0.0, ""insufficient_data"": 1.0}",-0.0,-0.0,10,10,0.0,False,2.0,2.4849066497880004,0.0,0.0,vllm:Qwen/Qwen3.6-27B-FP8
FT25,FT,supportive_judgment,0,10,oracle_evidence,,False,NFLX,1.0,True,0.6931471805599453,0.6108643020548935,0.08228287850505178,0.7181471805599453,0.6608643020548935,0.05728287850505176,0.5,0.44064544961534635,0.05935455038465365,0.1187091007693073,unsupportive,0.5,0.7,0.3,"{""supportive"": 0.0, ""unsupportive"": 0.5, ""conditional"": 0.5, ""insufficient_data"": 0.0}",0.6108643020548935,0.6108643020548935,10,10,0.5,False,0.5,0.8754687373538999,0.7,0.3,vllm:Qwen/Qwen3.6-27B-FP8
FT25,FT,supportive_judgment,1,10,oracle_evidence,,False,NFLX,1.0,True,0.5623351446188083,0.49904732020035236,0.06328782441845593,0.5873351446188083,0.5490473202003524,0.03828782441845591,0.4056390622295664,0.3599865470109875,0.04565251521857891,0.11254467202357951,conditional,0.75,0.9,0.6,"{""supportive"": 0.0, ""unsupportive"": 0.25, ""conditional"": 0.75, ""insufficient_data"": 0.0}",0.3250829733914482,0.6730116670092565,10,10,0.75,True,0.125,0.5389965007326869,0.9,0.6,vllm:Qwen/Qwen3.6-27B-FP8
FT26,FT,yes_no_mixed,0,10,oracle_evidence,,True,NVDA,1.0,True,0.1985152433458726,0.1625414866957241,0.035973756650148486,0.22351524334587258,0.1875414866957241,0.035973756650148486,0.1431984785579781,0.11724889839732029,0.025949580160657796,0.18121407728610292,mixed,0.95,0.9,1.0,"{""yes"": 0.05, ""no"": 0.0, ""mixed"": 0.95, ""insufficient_data"": 0.0}",0.3250829733914482,-0.0,10,10,0.05,False,1.805,2.1484344131667874,0.1,0.0,vllm:Qwen/Qwen3.6-27B-FP8
FT26,FT,yes_no_mixed,1,10,oracle_evidence,,True,NVDA,1.0,True,0.1985152433458726,0.1625414866957241,0.035973756650148486,0.22351524334587258,0.1875414866957241,0.035973756650148486,0.1431984785579781,0.11724889839732029,0.025949580160657796,0.18121407728610292,mixed,0.95,0.9,1.0,"{""yes"": 0.05, ""no"": 0.0, ""mixed"": 0.95, ""insufficient_data"": 0.0}",0.3250829733914482,-0.0,10,10,0.05,False,1.805,2.1484344131667874,0.1,0.0,vllm:Qwen/Qwen3.6-27B-FP8
FT27,FT,category_choice,0,10,oracle_evidence,,False,NVDA,1.0,True,-0.0,0.0,-0.0,0.0,0.0,0.0,-0.0,0.0,-0.0,0.0,aligned,0.0,0.0,0.0,"{""aligned"": 1.0, ""diverged"": 0.0, ""mixed"": 0.0, ""insufficient_data"": 0.0}",-0.0,-0.0,10,10,1.0,True,0.0,0.2876820724517809,1.0,1.0,vllm:Qwen/Qwen3.6-27B-FP8
FT27,FT,category_choice,1,10,oracle_evidence,,False,NVDA,1.0,True,-0.0,0.0,-0.0,0.0,0.0,0.0,-0.0,0.0,-0.0,0.0,aligned,0.0,0.0,0.0,"{""aligned"": 1.0, ""diverged"": 0.0, ""mixed"": 0.0, ""insufficient_data"": 0.0}",-0.0,-0.0,10,10,1.0,True,0.0,0.2876820724517809,1.0,1.0,vllm:Qwen/Qwen3.6-27B-FP8
FT28,FT,yes_no_mixed,0,10,oracle_evidence,,True,TSLA,1.0,True,0.7909873504355756,0.6342156828602437,0.1567716675753319,0.8409873504355756,0.7092156828602437,0.13177166757533187,0.5705767639396527,0.45748991025824054,0.11308685368141222,0.1981974395532393,insufficient_data,0.95,1.0,0.9,"{""yes"": 0.0, ""no"": 0.05, ""mixed"": 0.3, ""insufficient_data"": 0.65}",0.3250829733914482,0.9433483923290392,10,10,0.05,False,1.415,2.1484344131667874,0.0,0.1,vllm:Qwen/Qwen3.6-27B-FP8
FT28,FT,yes_no_mixed,1,10,oracle_evidence,,True,TSLA,1.0,True,1.0397207708399179,0.8081800296691479,0.23154074117076995,1.089720770839918,0.883180029669148,0.20654074117076993,0.75,0.5829786604745876,0.16702133952541243,0.2226951193672166,mixed,0.75,0.6,0.9,"{""yes"": 0.0, ""no"": 0.25, ""mixed"": 0.5, ""insufficient_data"": 0.25}",0.6730116670092565,0.9433483923290393,10,10,0.25,False,0.875,1.3862943611198906,0.4,0.1,vllm:Qwen/Qwen3.6-27B-FP8
FT29,FT,yes_no_mixed,0,10,oracle_evidence,,False,TSLA,1.0,True,1.296844129513207,1.2502307451933423,0.046613384319864615,1.371844129513207,1.4002307451933422,0.0,0.9354752972273341,0.9018508480286741,0.03362444919866003,0.03594370615484974,mixed,0.5499999999999999,0.4,0.7,"{""yes"": 0.15, ""no"": 0.3, ""mixed"": 0.4, ""insufficient_data"": 0.15}",1.2798542258336674,1.2206072645530175,10,10,0.15,False,0.9949999999999999,1.69644928942373,0.2,0.1,vllm:Qwen/Qwen3.6-27B-FP8
FT29,FT,yes_no_mixed,1,10,oracle_evidence,,False,TSLA,1.0,True,1.0296530140645737,0.8498821387000586,0.17977087536451508,1.0796530140645737,0.9248821387000588,0.15477087536451495,0.7427376486136673,0.6130603734213403,0.1296772751923269,0.1745936474801995,mixed,0.5,0.7,0.3,"{""yes"": 0.3, ""no"": 0.2, ""mixed"": 0.5, ""insufficient_data"": 0.0}",0.6108643020548935,1.0888999753452238,10,10,0.3,False,0.7799999999999999,1.2611312181658847,0.3,0.3,vllm:Qwen/Qwen3.6-27B-FP8
FT3,FT,yes_no_mixed,0,10,oracle_evidence,,True,MSFT,1.0,True,0.926155713095467,0.5841412250882813,0.3420144880071857,1.001155713095467,0.6591412250882812,0.3420144880071857,0.6680801271869059,0.4213688243068336,0.24671130288007234,0.36928400178419163,mixed,0.7000000000000001,0.4,1.0,"{""yes"": 0.05, ""no"": 0.25, ""mixed"": 0.65, ""insufficient_data"": 0.05}",1.1682824501765625,-0.0,10,10,0.25000000000000006,False,0.99,1.3862943611198906,0.5,0.0,vllm:Qwen/Qwen3.6-27B-FP8
FT3,FT,yes_no_mixed,1,10,oracle_evidence,,True,MSFT,1.0,True,0.6881388137135884,0.683079423784601,0.005059389928987468,0.7131388137135884,0.733079423784601,0.0,0.49638722699390414,0.49273764861366726,0.0036495783802368924,0.007352281005171213,mixed,0.55,0.5,0.6,"{""yes"": 0.0, ""no"": 0.45, ""mixed"": 0.55, ""insufficient_data"": 0.0}",0.6931471805599453,0.6730116670092565,10,10,0.45,False,0.6050000000000001,0.9588503462929511,0.5,0.4,vllm:Qwen/Qwen3.6-27B-FP8
FT30,FT,yes_no_mixed,0,10,oracle_evidence,,True,META,1.0,True,0.7460326647147848,0.6342156828602437,0.11181698185454114,0.7960326647147848,0.7092156828602437,0.08681698185454112,0.5381488128625994,0.45748991025824054,0.08065890260435886,0.1498821528106813,mixed,0.95,0.9,1.0,"{""yes"": 0.0, ""no"": 0.05, ""mixed"": 0.7, ""insufficient_data"": 0.25}",0.9433483923290392,0.3250829733914482,10,10,0.7,True,0.15500000000000003,0.5978370007556204,0.5,0.9,vllm:Qwen/Qwen3.6-27B-FP8
FT30,FT,yes_no_mixed,1,10,oracle_evidence,,True,META,1.0,True,-0.0,0.0,-0.0,0.0,0.0,0.0,-0.0,0.0,-0.0,0.0,mixed,1.0,1.0,1.0,"{""yes"": 0.0, ""no"": 0.0, ""mixed"": 1.0, ""insufficient_data"": 0.0}",-0.0,-0.0,10,10,1.0,True,0.0,0.2876820724517809,1.0,1.0,vllm:Qwen/Qwen3.6-27B-FP8
FT31,FT,supportive_judgment,0,10,oracle_evidence,,False,META,1.0,True,1.0670938948757507,0.9637993694606768,0.10329452541507389,1.1170938948757507,1.0637993694606767,0.05329452541507407,0.7697455351500672,0.6952342853664142,0.07451124978365305,0.09679984667806689,unsupportive,0.25,0.3,0.2,"{""supportive"": 0.3, ""unsupportive"": 0.45, ""conditional"": 0.25, ""insufficient_data"": 0.0}",0.8979457248567798,1.0296530140645737,10,10,0.25,False,0.855,1.3862943611198906,0.3,0.2,vllm:Qwen/Qwen3.6-27B-FP8
FT31,FT,supportive_judgment,1,10,oracle_evidence,,False,META,1.0,True,0.6128694524619496,0.4489728624283899,0.16389659003355966,0.6628694524619496,0.4989728624283899,0.16389659003355972,0.4420918598895945,0.3238654610595805,0.11822639883001403,0.26742496199667465,unsupportive,0.15,0.0,0.3,"{""supportive"": 0.05, ""unsupportive"": 0.8, ""conditional"": 0.15, ""insufficient_data"": 0.0}",-0.0,0.8979457248567798,10,10,0.15,False,1.365,1.69644928942373,0.0,0.3,vllm:Qwen/Qwen3.6-27B-FP8
FT32,FT,category_choice,0,10,oracle_evidence,,False,AAPL,1.0,True,0.8568409950394724,0.7374151097762969,0.11942588526317555,0.9068409950394725,0.8124151097762969,0.09442588526317552,0.6180801271869059,0.5319325609754271,0.08614756621147886,0.1393792850185394,mixed,0.6499999999999999,0.6,0.7,"{""attractive_stability"": 0.25, ""underperformance_ahead"": 0.1, ""mixed"": 0.65, ""insufficient_data"": 0.0}",0.6730116670092565,0.8018185525433373,10,10,0.10000000000000002,False,1.2950000000000002,1.897119984885881,0.0,0.2,vllm:Qwen/Qwen3.6-27B-FP8
FT32,FT,category_choice,1,10,oracle_evidence,,False,AAPL,1.0,True,0.1985152433458726,0.1625414866957241,0.035973756650148486,0.22351524334587258,0.1875414866957241,0.035973756650148486,0.1431984785579781,0.11724889839732029,0.025949580160657796,0.18121407728610292,mixed,0.95,0.9,1.0,"{""attractive_stability"": 0.05, ""underperformance_ahead"": 0.0, ""mixed"": 0.95, ""insufficient_data"": 0.0}",0.3250829733914482,-0.0,10,10,0.0,False,1.9049999999999998,2.4849066497880004,0.0,0.0,vllm:Qwen/Qwen3.6-27B-FP8
FT33,FT,category_choice,0,10,oracle_evidence,,True,AAPL,1.0,True,1.0486537893593546,1.042286591025359,0.006367198333995683,1.0986537893593546,1.142286591025359,0.0,0.7564438107590803,0.7518508480286743,0.004592962730406021,0.006071783079032731,mixed,0.8,0.8,0.8,"{""buying_opportunity"": 0.0, ""structural_challenges"": 0.2, ""mixed"": 0.45, ""insufficient_data"": 0.35}",1.0549201679861442,1.0296530140645737,10,10,0.0,False,1.3650000000000002,2.4849066497880004,0.0,0.0,vllm:Qwen/Qwen3.6-27B-FP8
FT33,FT,category_choice,1,10,oracle_evidence,,True,AAPL,1.0,True,0.7305880613711224,0.6511104880407625,0.07947757333035987,0.7805880613711225,0.7261104880407626,0.05447757333035985,0.5270078865364,0.46967693608360045,0.05733095045279957,0.10878575428840336,mixed,0.85,0.8999999999999999,0.8,"{""buying_opportunity"": 0.0, ""structural_challenges"": 0.15, ""mixed"": 0.75, ""insufficient_data"": 0.1}",0.8018185525433373,0.5004024235381879,10,10,0.0,False,1.595,2.4849066497880004,0.0,0.0,vllm:Qwen/Qwen3.6-27B-FP8
FT34,FT,open_summary_with_canonical_claim,0,10,oracle_evidence,,True,MSFT,1.0,True,0.6474466390346325,0.641937984532075,0.005508654502557553,0.6724466390346325,0.691937984532075,0.0,0.589331327997029,0.5843171345828666,0.005014193414162432,0.008508275694767935,mixed,0.6499999999999999,0.6,0.7,"{""claim_true"": 0.35, ""claim_false"": 0.0, ""mixed"": 0.65}",0.6730116670092565,0.6108643020548935,10,10,0.35000000000000003,False,0.845,1.0658224658451187,0.4,0.3,vllm:Qwen/Qwen3.6-27B-FP8
FT34,FT,open_summary_with_canonical_claim,1,10,oracle_evidence,,True,MSFT,1.0,True,0.6108643020548935,0.5867070452737222,0.02415725678117131,0.6358643020548935,0.6367070452737222,0.0,0.556032649876389,0.5340437671464697,0.021988882729919296,0.03954602798020515,mixed,0.7,0.8,0.6,"{""claim_true"": 0.3, ""claim_false"": 0.0, ""mixed"": 0.7}",0.5004024235381879,0.6730116670092565,10,10,0.30000000000000004,False,0.9799999999999999,1.1676051601550612,0.2,0.4,vllm:Qwen/Qwen3.6-27B-FP8
FT35,FT,yes_no_mixed,0,10,oracle_evidence,,True,MSFT,1.0,True,0.7460326647147848,0.6560217633297167,0.09001090138506807,0.7960326647147848,0.7310217633297167,0.06501090138506815,0.5381488128625994,0.47321967233550777,0.06492914052709162,0.12065276179224681,mixed,0.75,0.6,0.9,"{""yes"": 0.25, ""no"": 0.0, ""mixed"": 0.7, ""insufficient_data"": 0.05}",0.6730116670092565,0.639031859650177,10,10,0.25,False,1.055,1.3862943611198906,0.4,0.1,vllm:Qwen/Qwen3.6-27B-FP8
FT35,FT,yes_no_mixed,1,10,oracle_evidence,,True,MSFT,1.0,True,0.1985152433458726,0.1625414866957241,0.035973756650148486,0.22351524334587258,0.1875414866957241,0.035973756650148486,0.1431984785579781,0.11724889839732029,0.025949580160657796,0.18121407728610292,mixed,0.95,0.9,1.0,"{""yes"": 0.05, ""no"": 0.0, ""mixed"": 0.95, ""insufficient_data"": 0.0}",0.3250829733914482,-0.0,10,10,0.05,False,1.805,2.1484344131667874,0.1,0.0,vllm:Qwen/Qwen3.6-27B-FP8
FT36,FT,yes_no_mixed,0,10,oracle_evidence,,False,AMZN,1.0,True,0.7460326647147848,0.6560217633297167,0.09001090138506807,0.7960326647147848,0.7310217633297167,0.06501090138506815,0.5381488128625994,0.47321967233550777,0.06492914052709162,0.12065276179224681,mixed,0.95,0.9,1.0,"{""yes"": 0.05, ""no"": 0.0, ""mixed"": 0.7, ""insufficient_data"": 0.25}",0.639031859650177,0.6730116670092565,10,10,0.05,False,1.4549999999999998,2.1484344131667874,0.1,0.0,vllm:Qwen/Qwen3.6-27B-FP8
FT36,FT,yes_no_mixed,1,10,oracle_evidence,,False,AMZN,1.0,True,0.5004024235381879,0.33650583350462826,0.1638965900335596,0.5254024235381879,0.3615058335046283,0.1638965900335596,0.36096404744368116,0.2427376486136672,0.11822639883001398,0.3275295688512027,mixed,0.8,0.6,1.0,"{""yes"": 0.2, ""no"": 0.0, ""mixed"": 0.8, ""insufficient_data"": 0.0}",0.6730116670092565,-0.0,10,10,0.2,False,1.2800000000000002,1.529395204760564,0.4,0.0,vllm:Qwen/Qwen3.6-27B-FP8
FT37,FT,category_choice,0,10,oracle_evidence,,True,AMZN,1.0,True,1.0296530140645737,1.0025953536096894,0.027057660454884225,1.0796530140645737,1.1025953536096895,0.0,0.7427376486136673,0.7232196723355079,0.019517976278159443,0.026278425921440883,insufficient_data,0.8,0.8,0.8,"{""drag"": 0.0, ""strategic_moats"": 0.2, ""mixed"": 0.3, ""insufficient_data"": 0.5}",1.0549201679861442,0.9502705392332347,10,10,0.2,False,0.9800000000000002,1.529395204760564,0.2,0.2,vllm:Qwen/Qwen3.6-27B-FP8
FT37,FT,category_choice,1,10,oracle_evidence,,True,AMZN,1.0,True,0.3250829733914482,0.25020121176909393,0.07488176162235427,0.3500829733914482,0.27520121176909396,0.07488176162235427,0.23449779679464058,0.18048202372184058,0.054015773072800005,0.23034661225454434,insufficient_data,1.0,1.0,1.0,"{""drag"": 0.0, ""strategic_moats"": 0.0, ""mixed"": 0.1, ""insufficient_data"": 0.9}",-0.0,0.5004024235381879,10,10,0.0,False,1.82,2.4849066497880004,0.0,0.0,vllm:Qwen/Qwen3.6-27B-FP8
FT38,FT,yes_no_mixed,0,10,oracle_evidence,,False,GOOGL,1.0,True,1.0296530140645737,1.0025953536096894,0.027057660454884225,1.0796530140645737,1.1025953536096895,0.0,0.7427376486136673,0.7232196723355079,0.019517976278159443,0.026278425921440883,insufficient_data,0.7,0.6000000000000001,0.8,"{""yes"": 0.0, ""no"": 0.3, ""mixed"": 0.2, ""insufficient_data"": 0.5}",1.0549201679861442,0.9502705392332347,10,10,0.30000000000000004,False,0.7799999999999999,1.2611312181658845,0.4,0.2,vllm:Qwen/Qwen3.6-27B-FP8
FT38,FT,yes_no_mixed,1,10,oracle_evidence,,False,GOOGL,1.0,True,0.997271523182384,0.47167419616451955,0.5255973270178644,1.047271523182384,0.5216741961645196,0.5255973270178643,0.7193793404575042,0.34024101186092026,0.3791383285965839,0.5270353306997433,insufficient_data,0.75,1.0,0.5,"{""yes"": 0.0, ""no"": 0.25, ""mixed"": 0.2, ""insufficient_data"": 0.55}",-0.0,0.9433483923290391,10,10,0.25,False,0.905,1.3862943611198906,0.0,0.5,vllm:Qwen/Qwen3.6-27B-FP8
FT39,FT,yes_no_mixed,0,10,oracle_evidence,,True,GOOGL,1.0,True,0.8451132568429528,0.8081800296691479,0.03693322717380487,0.8951132568429528,0.883180029669148,0.01193322717380485,0.6096203523184245,0.5829786604745876,0.026641691843836898,0.04370210368226204,insufficient_data,0.6000000000000001,0.6,0.6,"{""yes"": 0.0, ""no"": 0.4, ""mixed"": 0.05, ""insufficient_data"": 0.55}",0.6730116670092565,0.9433483923290393,10,10,0.0,False,1.465,2.4849066497880004,0.0,0.0,vllm:Qwen/Qwen3.6-27B-FP8
FT39,FT,yes_no_mixed,1,10,oracle_evidence,,True,GOOGL,1.0,True,0.6874357505033554,0.6249480808525352,0.0624876696508202,0.7374357505033554,0.6999480808525352,0.03748766965082018,0.4958800740904868,0.45080474852951374,0.045075325560973045,0.09089965077473112,insufficient_data,0.8,0.7,0.9,"{""yes"": 0.0, ""no"": 0.2, ""mixed"": 0.05, ""insufficient_data"": 0.75}",0.6108643020548935,0.639031859650177,10,10,0.0,False,1.605,2.4849066497880004,0.0,0.0,vllm:Qwen/Qwen3.6-27B-FP8
FT4,FT,yes_no_mixed,0,10,oracle_evidence,,False,NVDA,1.0,True,0.5623351446188083,0.49904732020035236,0.06328782441845593,0.5873351446188083,0.5490473202003524,0.03828782441845591,0.4056390622295664,0.3599865470109875,0.04565251521857891,0.11254467202357951,mixed,0.75,0.6,0.9,"{""yes"": 0.25, ""no"": 0.0, ""mixed"": 0.75, ""insufficient_data"": 0.0}",0.6730116670092565,0.3250829733914482,10,10,0.25,False,1.125,1.3862943611198906,0.4,0.1,vllm:Qwen/Qwen3.6-27B-FP8
FT4,FT,yes_no_mixed,1,10,oracle_evidence,,False,NVDA,1.0,True,0.1985152433458726,0.1625414866957241,0.035973756650148486,0.22351524334587258,0.1875414866957241,0.035973756650148486,0.1431984785579781,0.11724889839732029,0.025949580160657796,0.18121407728610292,mixed,0.95,1.0,0.9,"{""yes"": 0.05, ""no"": 0.0, ""mixed"": 0.95, ""insufficient_data"": 0.0}",-0.0,0.3250829733914482,10,10,0.05,False,1.805,2.1484344131667874,0.0,0.1,vllm:Qwen/Qwen3.6-27B-FP8
FT40,FT,yes_no_mixed,0,10,oracle_evidence,,True,NFLX,1.0,True,0.6128694524619495,0.46797363772317085,0.1448958147387786,0.6628694524619495,0.5179736377231708,0.14489581473877866,0.44209185988959443,0.33757162320499345,0.10452023668460093,0.2364219886579754,mixed,0.8500000000000001,0.7,1.0,"{""yes"": 0.15, ""no"": 0.0, ""mixed"": 0.8, ""insufficient_data"": 0.05}",0.6108643020548935,0.3250829733914482,10,10,0.15,False,1.365,1.69644928942373,0.3,0.0,vllm:Qwen/Qwen3.6-27B-FP8
FT40,FT,yes_no_mixed,1,10,oracle_evidence,,True,NFLX,1.0,True,0.6108643020548935,0.33650583350462826,0.27435846855026524,0.6358643020548935,0.3615058335046283,0.27435846855026524,0.44064544961534635,0.2427376486136672,0.19790780100167915,0.4491316117627886,mixed,0.7,0.4,1.0,"{""yes"": 0.3, ""no"": 0.0, ""mixed"": 0.7, ""insufficient_data"": 0.0}",0.6730116670092565,-0.0,10,10,0.3,False,0.9799999999999999,1.2611312181658845,0.6,0.0,vllm:Qwen/Qwen3.6-27B-FP8
FT41,FT,category_choice,0,10,oracle_evidence,,False,NFLX,1.0,True,0.5004024235381879,0.46797363772317085,0.032428785815017014,0.5254024235381879,0.5179736377231708,0.007428785815017047,0.36096404744368116,0.33757162320499345,0.023392424238687703,0.06480541318270061,reinvestment_opportunity,0.2,0.1,0.3,"{""reinvestment_opportunity"": 0.8, ""cash_flow_weakness"": 0.0, ""mixed"": 0.2, ""insufficient_data"": 0.0}",0.3250829733914482,0.6108643020548935,10,10,0.8,True,0.07999999999999999,0.4834266495778762,0.9,0.7,vllm:Qwen/Qwen3.6-27B-FP8
FT41,FT,category_choice,1,10,oracle_evidence,,False,NFLX,1.0,True,0.6730116670092565,0.25020121176909393,0.4228104552401626,0.6980116670092565,0.27520121176909396,0.4228104552401626,0.4854752972273344,0.18048202372184058,0.3049932735054938,0.6282364421987758,reinvestment_opportunity,0.4,0.0,0.8,"{""reinvestment_opportunity"": 0.6, ""cash_flow_weakness"": 0.0, ""mixed"": 0.4, ""insufficient_data"": 0.0}",-0.0,0.5004024235381879,10,10,0.6,True,0.32000000000000006,0.7270487322356266,1.0,0.2,vllm:Qwen/Qwen3.6-27B-FP8
FT42,FT,yes_no_mixed,0,10,oracle_evidence,,True,,1.0,True,-0.0,0.0,-0.0,0.0,0.0,0.0,-0.0,0.0,-0.0,0.0,insufficient_data,1.0,1.0,1.0,"{""yes"": 0.0, ""no"": 0.0, ""mixed"": 0.0, ""insufficient_data"": 1.0}",-0.0,-0.0,10,10,0.0,False,2.0,2.4849066497880004,0.0,0.0,vllm:Qwen/Qwen3.6-27B-FP8
FT42,FT,yes_no_mixed,1,10,oracle_evidence,,True,,1.0,True,-0.0,0.0,-0.0,0.0,0.0,0.0,-0.0,0.0,-0.0,0.0,insufficient_data,1.0,1.0,1.0,"{""yes"": 0.0, ""no"": 0.0, ""mixed"": 0.0, ""insufficient_data"": 1.0}",-0.0,-0.0,10,10,0.0,False,2.0,2.4849066497880004,0.0,0.0,vllm:Qwen/Qwen3.6-27B-FP8
FT43,FT,category_choice,0,10,oracle_evidence,,True,,1.0,True,-0.0,0.0,-0.0,0.0,0.0,0.0,-0.0,0.0,-0.0,0.0,insufficient_data,1.0,1.0,1.0,"{""wait_for_confirmation"": 0.0, ""buy_on_fundamentals"": 0.0, ""insufficient_data"": 1.0}",-0.0,-0.0,10,10,0.0,False,2.0,2.1972245773362196,0.0,0.0,vllm:Qwen/Qwen3.6-27B-FP8
FT43,FT,category_choice,1,10,oracle_evidence,,True,,1.0,True,-0.0,0.0,-0.0,0.0,0.0,0.0,-0.0,0.0,-0.0,0.0,insufficient_data,1.0,1.0,1.0,"{""wait_for_confirmation"": 0.0, ""buy_on_fundamentals"": 0.0, ""insufficient_data"": 1.0}",-0.0,-0.0,10,10,0.0,False,2.0,2.1972245773362196,0.0,0.0,vllm:Qwen/Qwen3.6-27B-FP8
FT44,FT,yes_no_mixed,0,10,oracle_evidence,,True,INTC,1.0,True,-0.0,0.0,-0.0,0.0,0.0,0.0,-0.0,0.0,-0.0,0.0,mixed,1.0,1.0,1.0,"{""yes"": 0.0, ""no"": 0.0, ""mixed"": 1.0, ""insufficient_data"": 0.0}",-0.0,-0.0,10,10,1.0,True,0.0,0.2876820724517809,1.0,1.0,vllm:Qwen/Qwen3.6-27B-FP8
FT44,FT,yes_no_mixed,1,10,oracle_evidence,,True,INTC,1.0,True,0.3250829733914482,0.25020121176909393,0.07488176162235427,0.3500829733914482,0.27520121176909396,0.07488176162235427,0.23449779679464058,0.18048202372184058,0.054015773072800005,0.23034661225454434,mixed,0.9,0.8,1.0,"{""yes"": 0.0, ""no"": 0.1, ""mixed"": 0.9, ""insufficient_data"": 0.0}",0.5004024235381879,-0.0,10,10,0.9,True,0.019999999999999997,0.38077249551779285,0.8,1.0,vllm:Qwen/Qwen3.6-27B-FP8
FT45,FT,category_choice,0,10,oracle_evidence,,False,INTC,1.0,True,0.8556886672556694,0.7544050134558367,0.10128365379983273,0.9056886672556694,0.8294050134558366,0.07628365379983282,0.6172488983973203,0.5441881858672536,0.07306071253006664,0.11836507561174747,value_trap,0.44999999999999996,0.3,0.6,"{""contrarian_value_play"": 0.05, ""value_trap"": 0.5, ""mixed"": 0.45, ""insufficient_data"": 0.0}",0.6108643020548935,0.8979457248567797,10,10,0.05,False,1.3549999999999998,2.1484344131667874,0.0,0.1,vllm:Qwen/Qwen3.6-27B-FP8
FT45,FT,category_choice,1,10,oracle_evidence,,False,INTC,1.0,True,0.5004024235381879,0.46797363772317085,0.032428785815017014,0.5254024235381879,0.5179736377231708,0.007428785815017047,0.36096404744368116,0.33757162320499345,0.023392424238687703,0.06480541318270061,value_trap,0.2,0.1,0.3,"{""contrarian_value_play"": 0.0, ""value_trap"": 0.8, ""mixed"": 0.2, ""insufficient_data"": 0.0}",0.3250829733914482,0.6108643020548935,10,10,0.0,False,1.6800000000000002,2.4849066497880004,0.0,0.0,vllm:Qwen/Qwen3.6-27B-FP8
FT46,FT,category_choice,0,10,oracle_evidence,,False,QCOM,1.0,True,0.7909873504355756,0.6342156828602437,0.1567716675753319,0.8409873504355756,0.7092156828602437,0.13177166757533187,0.5705767639396527,0.45748991025824054,0.11308685368141222,0.1981974395532393,insufficient_data,0.95,1.0,0.9,"{""exposure_limits"": 0.0, ""diversification_offsets"": 0.05, ""mixed"": 0.3, ""insufficient_data"": 0.65}",0.3250829733914482,0.9433483923290392,10,10,0.05,False,1.415,2.1484344131667874,0.0,0.1,vllm:Qwen/Qwen3.6-27B-FP8
FT46,FT,category_choice,1,10,oracle_evidence,,False,QCOM,1.0,True,0.997271523182384,0.47167419616451955,0.5255973270178644,1.047271523182384,0.5216741961645196,0.5255973270178643,0.7193793404575042,0.34024101186092026,0.3791383285965839,0.5270353306997433,insufficient_data,0.75,0.5,1.0,"{""exposure_limits"": 0.0, ""diversification_offsets"": 0.25, ""mixed"": 0.2, ""insufficient_data"": 0.55}",0.9433483923290391,-0.0,10,10,0.25,False,0.905,1.3862943611198906,0.5,0.0,vllm:Qwen/Qwen3.6-27B-FP8
FT47,FT,category_choice,0,10,oracle_evidence,,True,AVGO|ROP,1.0,True,1.1421200429883354,1.0408363891885024,0.10128365379983295,1.2171200429883353,1.1658363891885024,0.05128365379983291,0.8238654610595806,0.7508047485295137,0.07306071253006681,0.08868039259238127,fully_priced,0.15000000000000002,0.1,0.2,"{""underpriced"": 0.3, ""fully_priced"": 0.5, ""overpriced"": 0.05, ""insufficient_data"": 0.15}",0.8018185525433373,1.2798542258336676,10,10,0.5,True,0.36500000000000005,0.8754687373538999,0.7,0.3,vllm:Qwen/Qwen3.6-27B-FP8
FT47,FT,category_choice,1,10,oracle_evidence,,True,AVGO|ROP,1.0,True,0.8568409950394724,0.6342156828602437,0.22262531217922876,0.9068409950394725,0.7092156828602437,0.19762531217922874,0.6180801271869059,0.45748991025824054,0.16059021692866535,0.2598210326864356,fully_priced,0.0,0.0,0.0,"{""underpriced"": 0.25, ""fully_priced"": 0.65, ""overpriced"": 0.1, ""insufficient_data"": 0.0}",0.9433483923290391,0.3250829733914482,10,10,0.65,True,0.195,0.6603573577369544,0.4,0.9,vllm:Qwen/Qwen3.6-27B-FP8
FT48,FT,yes_no_mixed,0,10,oracle_evidence,,True,COST,1.0,True,0.6874357505033553,0.6249480808525352,0.06248766965082009,0.7374357505033553,0.6999480808525352,0.037487669650820066,0.4958800740904867,0.45080474852951374,0.04507532556097296,0.09089965077473097,mixed,0.8,0.7,0.9,"{""yes"": 0.0, ""no"": 0.2, ""mixed"": 0.75, ""insufficient_data"": 0.05}",0.6108643020548935,0.639031859650177,10,10,0.2,False,1.205,1.529395204760564,0.3,0.1,vllm:Qwen/Qwen3.6-27B-FP8
FT48,FT,yes_no_mixed,1,10,oracle_evidence,,True,COST,1.0,True,0.5004024235381879,0.33650583350462826,0.1638965900335596,0.5254024235381879,0.3615058335046283,0.1638965900335596,0.36096404744368116,0.2427376486136672,0.11822639883001398,0.3275295688512027,mixed,0.8,0.6,1.0,"{""yes"": 0.0, ""no"": 0.2, ""mixed"": 0.8, ""insufficient_data"": 0.0}",0.6730116670092565,-0.0,10,10,0.2,False,1.2800000000000002,1.529395204760564,0.4,0.0,vllm:Qwen/Qwen3.6-27B-FP8
FT49,FT,yes_no_mixed,0,10,oracle_evidence,,False,AMZN|COST,1.0,True,1.0104127537805414,0.9865007031968065,0.023912050583734912,1.0604127537805415,1.0865007031968066,0.0,0.7288587345650742,0.711609836167754,0.0172488983973202,0.023665626244587703,insufficient_data,0.6000000000000001,0.5,0.7,"{""yes"": 0.0, ""no"": 0.4, ""mixed"": 0.15, ""insufficient_data"": 0.45}",0.9433483923290392,1.0296530140645737,10,10,0.15000000000000002,False,1.085,1.69644928942373,0.1,0.2,vllm:Qwen/Qwen3.6-27B-FP8
FT49,FT,yes_no_mixed,1,10,oracle_evidence,,False,AMZN|COST,1.0,True,1.080527626604172,0.5967748020490666,0.48375282455510527,1.130527626604172,0.6467748020490667,0.48375282455510527,0.7794359242226802,0.43048202372184063,0.3489539005008396,0.4477005609522631,insufficient_data,0.65,0.8,0.5,"{""yes"": 0.0, ""no"": 0.35, ""mixed"": 0.25, ""insufficient_data"": 0.4}",0.5004024235381879,0.6931471805599453,10,10,0.25,False,0.845,1.3862943611198906,0.0,0.5,vllm:Qwen/Qwen3.6-27B-FP8
FT5,FT,category_choice,0,10,oracle_evidence,,False,AMZN,1.0,True,0.3250829733914482,0.3250829733914482,0.0,0.3500829733914482,0.3750829733914482,0.0,0.23449779679464058,0.23449779679464058,0.0,0.0,hold,0.1,0.1,0.1,"{""hold"": 0.9, ""sell"": 0.0, ""conditional"": 0.1, ""insufficient_data"": 0.0}",0.3250829733914482,0.3250829733914482,10,10,0.9,True,0.019999999999999997,0.380772495517793,0.9,0.9,vllm:Qwen/Qwen3.6-27B-FP8
FT5,FT,category_choice,1,10,oracle_evidence,,False,AMZN,1.0,True,0.5623351446188083,0.34657359027997264,0.21576155433883565,0.5873351446188083,0.37157359027997267,0.21576155433883565,0.4056390622295664,0.25,0.15563906222956642,0.3836885465963443,hold,0.25,0.5,0.0,"{""hold"": 0.75, ""sell"": 0.0, ""conditional"": 0.25, ""insufficient_data"": 0.0}",0.6931471805599453,-0.0,10,10,0.75,True,0.125,0.5389965007326869,0.5,1.0,vllm:Qwen/Qwen3.6-27B-FP8
FT50,FT,yes_no_mixed,0,10,oracle_evidence,,True,,1.0,True,-0.0,0.0,-0.0,0.0,0.0,0.0,-0.0,0.0,-0.0,0.0,insufficient_data,1.0,1.0,1.0,"{""yes"": 0.0, ""no"": 0.0, ""mixed"": 0.0, ""insufficient_data"": 1.0}",-0.0,-0.0,10,10,0.0,False,2.0,2.4849066497880004,0.0,0.0,vllm:Qwen/Qwen3.6-27B-FP8
FT50,FT,yes_no_mixed,1,10,oracle_evidence,,True,,1.0,True,-0.0,0.0,-0.0,0.0,0.0,0.0,-0.0,0.0,-0.0,0.0,insufficient_data,1.0,1.0,1.0,"{""yes"": 0.0, ""no"": 0.0, ""mixed"": 0.0, ""insufficient_data"": 1.0}",-0.0,-0.0,10,10,0.0,False,2.0,2.4849066497880004,0.0,0.0,vllm:Qwen/Qwen3.6-27B-FP8
FT6,FT,yes_no_mixed,0,10,oracle_evidence,,False,GOOGL,1.0,True,0.1985152433458726,0.1625414866957241,0.035973756650148486,0.22351524334587258,0.1875414866957241,0.035973756650148486,0.1431984785579781,0.11724889839732029,0.025949580160657796,0.18121407728610292,mixed,0.95,0.9,1.0,"{""yes"": 0.05, ""no"": 0.0, ""mixed"": 0.95, ""insufficient_data"": 0.0}",0.3250829733914482,-0.0,10,10,0.0,False,1.9049999999999998,2.4849066497880004,0.0,0.0,vllm:Qwen/Qwen3.6-27B-FP8
FT6,FT,yes_no_mixed,1,10,oracle_evidence,,False,GOOGL,1.0,True,-0.0,0.0,-0.0,0.0,0.0,0.0,-0.0,0.0,-0.0,0.0,mixed,1.0,1.0,1.0,"{""yes"": 0.0, ""no"": 0.0, ""mixed"": 1.0, ""insufficient_data"": 0.0}",-0.0,-0.0,10,10,0.0,False,2.0,2.4849066497880004,0.0,0.0,vllm:Qwen/Qwen3.6-27B-FP8
FT7,FT,yes_no_mixed,0,10,oracle_evidence,,False,META,1.0,True,0.3250829733914482,0.25020121176909393,0.07488176162235427,0.3500829733914482,0.27520121176909396,0.07488176162235427,0.23449779679464058,0.18048202372184058,0.054015773072800005,0.23034661225454434,mixed,0.9,1.0,0.8,"{""yes"": 0.0, ""no"": 0.1, ""mixed"": 0.9, ""insufficient_data"": 0.0}",-0.0,0.5004024235381879,10,10,0.1,False,1.62,1.897119984885881,0.0,0.2,vllm:Qwen/Qwen3.6-27B-FP8
FT7,FT,yes_no_mixed,1,10,oracle_evidence,,False,META,1.0,True,-0.0,0.0,-0.0,0.0,0.0,0.0,-0.0,0.0,-0.0,0.0,mixed,1.0,1.0,1.0,"{""yes"": 0.0, ""no"": 0.0, ""mixed"": 1.0, ""insufficient_data"": 0.0}",-0.0,-0.0,10,10,0.0,False,2.0,2.4849066497880004,0.0,0.0,vllm:Qwen/Qwen3.6-27B-FP8
FT8,FT,supportive_judgment,0,10,oracle_evidence,,False,NFLX,1.0,True,0.6881388137135884,0.5556333627965406,0.1325054509170478,0.7131388137135884,0.6056333627965407,0.10750545091704777,0.49638722699390414,0.4008047485295137,0.0955824784643904,0.19255628119851723,unsupportive,0.44999999999999996,0.7,0.2,"{""supportive"": 0.0, ""unsupportive"": 0.55, ""conditional"": 0.45, ""insufficient_data"": 0.0}",0.6108643020548935,0.5004024235381879,10,10,0.55,True,0.4049999999999999,0.7985076962177716,0.3,0.8,vllm:Qwen/Qwen3.6-27B-FP8
FT8,FT,supportive_judgment,1,10,oracle_evidence,,False,NFLX,1.0,True,0.6730116670092565,0.46797363772317085,0.20503802928608567,0.6980116670092565,0.5179736377231708,0.1800380292860857,0.4854752972273344,0.33757162320499345,0.14790367402234092,0.30465746633671004,unsupportive,0.39999999999999997,0.1,0.7,"{""supportive"": 0.0, ""unsupportive"": 0.6, ""conditional"": 0.4, ""insufficient_data"": 0.0}",0.3250829733914482,0.6108643020548935,10,10,0.6,True,0.32,0.7270487322356265,0.9,0.3,vllm:Qwen/Qwen3.6-27B-FP8
FT9,FT,yes_no_mixed,0,10,oracle_evidence,,True,,1.0,True,-0.0,0.0,-0.0,0.0,0.0,0.0,-0.0,0.0,-0.0,0.0,insufficient_data,1.0,1.0,1.0,"{""yes"": 0.0, ""no"": 0.0, ""mixed"": 0.0, ""insufficient_data"": 1.0}",-0.0,-0.0,10,10,0.0,False,2.0,2.4849066497880004,0.0,0.0,vllm:Qwen/Qwen3.6-27B-FP8
FT9,FT,yes_no_mixed,1,10,oracle_evidence,,True,,1.0,True,-0.0,0.0,-0.0,0.0,0.0,0.0,-0.0,0.0,-0.0,0.0,insufficient_data,1.0,1.0,1.0,"{""yes"": 0.0, ""no"": 0.0, ""mixed"": 0.0, ""insufficient_data"": 1.0}",-0.0,-0.0,10,10,0.0,False,2.0,2.4849066497880004,0.0,0.0,vllm:Qwen/Qwen3.6-27B-FP8
T1,T,screening_top1,0,20,oracle_evidence,,False,APP|INTC|IDXX|SHOP|AAPL,1.0,True,0.3141230258900314,0.29645646739665765,0.01766655849337373,0.3391230258900314,0.33395646739665763,0.005166558493373774,0.1753153987936591,0.16545550476391802,0.009859894029741072,0.056240889833903684,APP,0.0,0.0,0.0,"{""APP"": 0.925, ""INTC"": 0.025, ""IDXX"": 0.0, ""SHOP"": 0.0, ""AAPL"": 0.05, ""none_clear"": 0.0}",0.39439769144744274,0.1985152433458726,20,20,0.925,True,0.008749999999999994,0.3971663052934692,0.9,0.95,vllm:Qwen/Qwen3.6-27B-FP8
T1,T,screening_top1,1,20,oracle_evidence,,False,APP|INTC|IDXX|SHOP|AAPL,1.0,True,-0.0,0.0,-0.0,0.0,0.0,0.0,-0.0,0.0,-0.0,0.0,APP,0.0,0.0,0.0,"{""APP"": 1.0, ""INTC"": 0.0, ""IDXX"": 0.0, ""SHOP"": 0.0, ""AAPL"": 0.0, ""none_clear"": 0.0}",-0.0,-0.0,20,20,1.0,True,0.0,0.325422400434628,1.0,1.0,vllm:Qwen/Qwen3.6-27B-FP8
T10,T,screening_top1,0,20,oracle_evidence,,False,AAPL|NVDA|INTC|MSFT|TSLA,1.0,True,1.0415600863219556,0.8991449604790427,0.14241512584291294,1.0790600863219557,0.9491449604790427,0.12991512584291298,0.5813057523679178,0.501822357253355,0.07948339511456287,0.13673251088741425,AAPL,0.025,0.0,0.05,"{""AAPL"": 0.575, ""NVDA"": 0.15, ""INTC"": 0.25, ""MSFT"": 0.0, ""TSLA"": 0.0, ""none_clear"": 0.025}",0.9745701894462542,0.8237197315118312,20,20,0.575,True,0.26625,0.8235089984231889,0.55,0.6,vllm:Qwen/Qwen3.6-27B-FP8
T10,T,screening_top1,1,20,oracle_evidence,,False,AAPL|NVDA|INTC|MSFT|TSLA,1.0,True,0.5181862130502128,0.4704476504281019,0.04773856262211096,0.5431862130502129,0.5079476504281019,0.035238562622111,0.2892052320356724,0.2625618329399901,0.0266433990956823,0.09212626932142064,AAPL,0.0,0.0,0.0,"{""AAPL"": 0.85, ""NVDA"": 0.05, ""INTC"": 0.1, ""MSFT"": 0.0, ""TSLA"": 0.0, ""none_clear"": 0.0}",0.42270908780599087,0.5181862130502128,20,20,0.85,True,0.03500000000000001,0.4744579795951158,0.85,0.85,vllm:Qwen/Qwen3.6-27B-FP8
T11,T,screening_top1,0,20,oracle_evidence,,False,GEHC|GFS|MRVL|KDP,1.0,True,-0.0,0.0,-0.0,0.0,0.0,0.0,-0.0,0.0,-0.0,0.0,GFS,0.0,0.0,0.0,"{""GEHC"": 0.0, ""GFS"": 1.0, ""MRVL"": 0.0, ""KDP"": 0.0, ""none_clear"": 0.0}",-0.0,-0.0,20,20,0.0,False,2.0,2.70805020110221,0.0,0.0,vllm:Qwen/Qwen3.6-27B-FP8
T11,T,screening_top1,1,20,oracle_evidence,,False,GEHC|GFS|MRVL|KDP,1.0,True,-0.0,0.0,-0.0,0.0,0.0,0.0,-0.0,0.0,-0.0,0.0,GFS,0.0,0.0,0.0,"{""GEHC"": 0.0, ""GFS"": 1.0, ""MRVL"": 0.0, ""KDP"": 0.0, ""none_clear"": 0.0}",-0.0,-0.0,20,20,0.0,False,2.0,2.70805020110221,0.0,0.0,vllm:Qwen/Qwen3.6-27B-FP8
T12,T,screening_top1,0,20,oracle_evidence,,False,NVDA|AAPL|GOOGL|TSLA|INTC,1.0,True,0.9096718251130578,0.7586387370758729,0.15103308803718485,0.9471718251130578,0.808638737075873,0.13853308803718478,0.5076975122698653,0.42340434087546236,0.08429317139440293,0.16603030221191453,NVDA,0.025,0.05,0.0,"{""NVDA"": 0.675, ""AAPL"": 0.0, ""GOOGL"": 0.2, ""TSLA"": 0.0, ""INTC"": 0.1, ""none_clear"": 0.025}",1.1921945007602976,0.3250829733914482,20,20,0.675,True,0.15624999999999997,0.6820973443733603,0.45,0.9,vllm:Qwen/Qwen3.6-27B-FP8
T12,T,screening_top1,1,20,oracle_evidence,,False,NVDA|AAPL|GOOGL|TSLA|INTC,1.0,True,-0.0,0.0,-0.0,0.0,0.0,0.0,-0.0,0.0,-0.0,0.0,NVDA,0.0,0.0,0.0,"{""NVDA"": 1.0, ""AAPL"": 0.0, ""GOOGL"": 0.0, ""TSLA"": 0.0, ""INTC"": 0.0, ""none_clear"": 0.0}",-0.0,-0.0,20,20,1.0,True,0.0,0.325422400434628,1.0,1.0,vllm:Qwen/Qwen3.6-27B-FP8
T13,T,screening_top1,0,20,oracle_evidence,,False,WBD|APP|MU|INTC|LRCX,1.0,True,-0.0,0.0,-0.0,0.0,0.0,0.0,-0.0,0.0,-0.0,0.0,WBD,0.0,0.0,0.0,"{""WBD"": 1.0, ""APP"": 0.0, ""MU"": 0.0, ""INTC"": 0.0, ""LRCX"": 0.0, ""none_clear"": 0.0}",-0.0,-0.0,20,20,1.0,True,0.0,0.325422400434628,1.0,1.0,vllm:Qwen/Qwen3.6-27B-FP8
T13,T,screening_top1,1,20,oracle_evidence,,False,WBD|APP|MU|INTC|LRCX,1.0,True,-0.0,0.0,-0.0,0.0,0.0,0.0,-0.0,0.0,-0.0,0.0,WBD,0.0,0.0,0.0,"{""WBD"": 1.0, ""APP"": 0.0, ""MU"": 0.0, ""INTC"": 0.0, ""LRCX"": 0.0, ""none_clear"": 0.0}",-0.0,-0.0,20,20,1.0,True,0.0,0.325422400434628,1.0,1.0,vllm:Qwen/Qwen3.6-27B-FP8
T14,T,screening_top1,0,20,oracle_evidence,,False,IDXX|SHOP|MRVL|AXON,1.0,True,-0.0,0.0,-0.0,0.0,0.0,0.0,-0.0,0.0,-0.0,0.0,MRVL,0.0,0.0,0.0,"{""IDXX"": 0.0, ""SHOP"": 0.0, ""MRVL"": 1.0, ""AXON"": 0.0, ""none_clear"": 0.0}",-0.0,-0.0,20,20,0.0,False,2.0,2.70805020110221,0.0,0.0,vllm:Qwen/Qwen3.6-27B-FP8
T14,T,screening_top1,1,20,oracle_evidence,,False,IDXX|SHOP|MRVL|AXON,1.0,True,-0.0,0.0,-0.0,0.0,0.0,0.0,-0.0,0.0,-0.0,0.0,MRVL,0.0,0.0,0.0,"{""IDXX"": 0.0, ""SHOP"": 0.0, ""MRVL"": 1.0, ""AXON"": 0.0, ""none_clear"": 0.0}",-0.0,-0.0,20,20,0.0,False,2.0,2.70805020110221,0.0,0.0,vllm:Qwen/Qwen3.6-27B-FP8
T16,T,screening_top1,0,20,oracle_evidence,,False,PLTR|APP|SHOP|DASH|AVGO,1.0,True,0.8146222818523512,0.7095880698291404,0.10503421202321084,0.8396222818523512,0.7470880698291404,0.09253421202321077,0.45464935212722246,0.3960286422456317,0.05862070988159075,0.1289360902139528,APP,0.0,0.0,0.0,"{""PLTR"": 0.175, ""APP"": 0.7, ""SHOP"": 0.0, ""DASH"": 0.125, ""AVGO"": 0.0, ""none_clear"": 0.0}",0.5623351446188083,0.8568409950394724,20,20,0.175,False,1.1862499999999998,1.7589696464050644,0.25,0.1,vllm:Qwen/Qwen3.6-27B-FP8
T16,T,screening_top1,1,20,oracle_evidence,,False,PLTR|APP|SHOP|DASH|AVGO,1.0,True,0.6116510623019807,0.4225566284214764,0.18909443388050434,0.6366510623019808,0.4475566284214764,0.18909443388050434,0.34136895761209446,0.23583334464169278,0.10553561297040168,0.30915410032778745,PLTR,0.025,0.05,0.0,"{""PLTR"": 0.775, ""APP"": 0.2, ""SHOP"": 0.0, ""DASH"": 0.0, ""AVGO"": 0.0, ""none_clear"": 0.025}",0.8451132568429528,-0.0,20,20,0.775,True,0.09125,0.5582278626605747,0.55,1.0,vllm:Qwen/Qwen3.6-27B-FP8
T17,T,screening_top1,0,20,oracle_evidence,,False,NVDA|TSLA|MRVL|INTC,1.0,True,0.11690684913753106,0.0992576216729363,0.01764922746459477,0.12940684913753106,0.11175762167293629,0.01764922746459477,0.07263830945843827,0.061672227866696586,0.010966081591741695,0.15096829308804602,TSLA,0.0,0.0,0.0,"{""NVDA"": 0.025, ""TSLA"": 0.975, ""MRVL"": 0.0, ""INTC"": 0.0, ""none_clear"": 0.0}",0.1985152433458726,-0.0,20,20,0.0,False,1.95125,2.70805020110221,0.0,0.0,vllm:Qwen/Qwen3.6-27B-FP8
T17,T,screening_top1,1,20,oracle_evidence,,False,NVDA|TSLA|MRVL|INTC,1.0,True,0.11690684913753106,0.0992576216729363,0.01764922746459477,0.12940684913753106,0.11175762167293629,0.01764922746459477,0.07263830945843827,0.061672227866696586,0.010966081591741695,0.15096829308804602,TSLA,0.0,0.0,0.0,"{""NVDA"": 0.025, ""TSLA"": 0.975, ""MRVL"": 0.0, ""INTC"": 0.0, ""none_clear"": 0.0}",0.1985152433458726,-0.0,20,20,0.0,False,1.95125,2.70805020110221,0.0,0.0,vllm:Qwen/Qwen3.6-27B-FP8
T19,T,screening_top1,0,20,oracle_evidence,,False,INTC|MRVL|TRI|COST,1.0,True,0.8556886672556694,0.8081800296691479,0.04750863758652146,0.8806886672556694,0.845680029669148,0.035008637586521396,0.5316692620727028,0.5021504858468652,0.02951877622583763,0.05552093816888948,TRI,0.0,0.0,0.0,"{""INTC"": 0.05, ""MRVL"": 0.0, ""TRI"": 0.5, ""COST"": 0.45, ""none_clear"": 0.0}",0.6730116670092565,0.9433483923290393,20,20,0.05,False,1.355,2.3025850929940455,0.0,0.1,vllm:Qwen/Qwen3.6-27B-FP8
T19,T,screening_top1,1,20,oracle_evidence,,False,INTC|MRVL|TRI|COST,1.0,True,0.6615632381579821,0.5942706186258881,0.06729261953209398,0.6740632381579821,0.6192706186258882,0.05479261953209391,0.4110523512879347,0.36924109593461624,0.04181125535331847,0.10171759198630746,TRI,0.0,0.0,0.0,"{""INTC"": 0.0, ""MRVL"": 0.0, ""TRI"": 0.625, ""COST"": 0.375, ""none_clear"": 0.0}",0.6881388137135884,0.5004024235381879,20,20,0.0,False,1.53125,2.70805020110221,0.0,0.0,vllm:Qwen/Qwen3.6-27B-FP8
T2,T,screening_top1,0,20,oracle_evidence,,False,INTC|MU|LRCX|APP|MRVL,1.0,True,1.3212972152970877,1.159413929023481,0.1618832862736066,1.3712972152970877,1.2344139290234808,0.1368832862736069,0.7374300166898758,0.6470812343595383,0.09034878233033751,0.12251844959592069,MRVL,0.0,0.0,0.0,"{""INTC"": 0.025, ""MU"": 0.325, ""LRCX"": 0.25, ""APP"": 0.05, ""MRVL"": 0.35, ""none_clear"": 0.0}",1.2487805433564858,1.070047314690476,20,20,0.025,False,1.24375,2.6280074934286737,0.0,0.05,vllm:Qwen/Qwen3.6-27B-FP8
T2,T,screening_top1,1,20,oracle_evidence,,False,INTC|MU|LRCX|APP|MRVL,1.0,True,0.6918966592050799,0.6602291530219445,0.03166750618313541,0.7043966592050799,0.6852291530219445,0.01916750618313534,0.38615487797766196,0.36848090626047675,0.0176739717171852,0.04576912716924838,LRCX,0.0,0.0,0.0,"{""INTC"": 0.0, ""MU"": 0.0, ""LRCX"": 0.525, ""APP"": 0.0, ""MRVL"": 0.475, ""none_clear"": 0.0}",0.6730116670092565,0.6474466390346325,20,20,0.0,False,1.50125,2.890371757896165,0.0,0.0,vllm:Qwen/Qwen3.6-27B-FP8
T20,T,screening_top1,0,20,oracle_evidence,,False,TXN|KDP|TTD|MRVL,1.0,True,0.5354967955198819,0.5062593619474018,0.029237433572480098,0.560496795519882,0.5437593619474018,0.016737433572480143,0.33272286640122767,0.3145566275257798,0.01816623887544792,0.05459870874501726,TTD,0.0,0.0,0.0,"{""TXN"": 0.025, ""KDP"": 0.15, ""TTD"": 0.825, ""MRVL"": 0.0, ""none_clear"": 0.0}",0.6874357505033554,0.3250829733914482,20,20,0.025,False,1.6537499999999998,2.4849066497880004,0.05,0.0,vllm:Qwen/Qwen3.6-27B-FP8
T20,T,screening_top1,1,20,oracle_evidence,,False,TXN|KDP|TTD|MRVL,1.0,True,0.5623351446188083,0.34657359027997264,0.21576155433883565,0.5748351446188082,0.35907359027997265,0.2157615543388356,0.3493984702822971,0.21533827903669653,0.1340601912456006,0.3836885465963443,TTD,0.0,0.0,0.0,"{""TXN"": 0.0, ""KDP"": 0.25, ""TTD"": 0.75, ""MRVL"": 0.0, ""none_clear"": 0.0}",-0.0,0.6931471805599453,20,20,0.0,False,1.625,2.70805020110221,0.0,0.0,vllm:Qwen/Qwen3.6-27B-FP8
T21,T,screening_top1,0,20,oracle_evidence,,False,INTC|MU|LRCX|AMAT|MRVL,1.0,True,0.959588551094546,0.8743852058781613,0.08520334521638473,0.997088551094546,0.9368852058781613,0.06020334521638471,0.5355565674827806,0.4880036750998019,0.0475528923829787,0.08879153999826103,MRVL,0.0,0.0,0.0,"{""INTC"": 0.05, ""MU"": 0.0, ""LRCX"": 0.15, ""AMAT"": 0.125, ""MRVL"": 0.675, ""none_clear"": 0.0}",1.135900959294373,0.6128694524619496,20,20,0.05,False,1.39625,2.4203681286504293,0.1,0.0,vllm:Qwen/Qwen3.6-27B-FP8
T21,T,screening_top1,1,20,oracle_evidence,,False,INTC|MU|LRCX|AMAT|MRVL,1.0,True,0.5744197275120936,0.5167147755488098,0.057704951963283735,0.6119197275120936,0.5667147755488099,0.04520495196328367,0.32058975402517126,0.28838400712983336,0.03220574689533791,0.10045781716657501,MRVL,0.0,0.0,0.0,"{""INTC"": 0.05, ""MU"": 0.0, ""LRCX"": 0.025, ""AMAT"": 0.075, ""MRVL"": 0.85, ""none_clear"": 0.0}",0.39439769144744274,0.639031859650177,20,20,0.05,False,1.63125,2.4203681286504293,0.0,0.1,vllm:Qwen/Qwen3.6-27B-FP8
T22,T,screening_top1,0,20,oracle_evidence,,False,APP|KLAC|ASML|LRCX|AAPL,1.0,True,0.2663844632679204,0.21135454390299543,0.05502991936492499,0.27888446326792043,0.22385454390299545,0.05502991936492499,0.1486719996979768,0.11795921692215389,0.0307127827758229,0.20658081439823978,APP,0.0,0.0,0.0,"{""APP"": 0.925, ""KLAC"": 0.0, ""ASML"": 0.075, ""LRCX"": 0.0, ""AAPL"": 0.0, ""none_clear"": 0.0}",0.42270908780599087,-0.0,20,20,0.925,True,0.011249999999999993,0.3971663052934692,0.85,1.0,vllm:Qwen/Qwen3.6-27B-FP8
T22,T,screening_top1,1,20,oracle_evidence,,False,APP|KLAC|ASML|LRCX|AAPL,1.0,True,-0.0,0.0,-0.0,0.0,0.0,0.0,-0.0,0.0,-0.0,0.0,APP,0.0,0.0,0.0,"{""APP"": 1.0, ""KLAC"": 0.0, ""ASML"": 0.0, ""LRCX"": 0.0, ""AAPL"": 0.0, ""none_clear"": 0.0}",-0.0,-0.0,20,20,1.0,True,0.0,0.325422400434628,1.0,1.0,vllm:Qwen/Qwen3.6-27B-FP8
T23,T,screening_top1,0,20,oracle_evidence,,False,MU|ISRG|INTC|KDP,0.975,True,0.336495757583516,0.2573265827144646,0.0791691748690514,0.34931627040402885,0.2704844774513067,0.07883179295272214,0.20907656951774095,0.1598859954313404,0.04919057408640051,0.23527540269033595,none_clear,0.8947368421052632,1.0,0.7894736842105263,"{""MU"": 0.1053, ""ISRG"": 0.0, ""INTC"": 0.0, ""KDP"": 0.0, ""none_clear"": 0.8947}",-0.0,0.5146531654289292,20,19,0.10526315789473684,False,1.6011080332409973,1.9889275341390042,0.0,0.21052631578947367,vllm:Qwen/Qwen3.6-27B-FP8
T23,T,screening_top1,1,20,oracle_evidence,,False,MU|ISRG|INTC|KDP,1.0,True,-0.0,0.0,-0.0,0.0,0.0,0.0,-0.0,0.0,-0.0,0.0,none_clear,1.0,1.0,1.0,"{""MU"": 0.0, ""ISRG"": 0.0, ""INTC"": 0.0, ""KDP"": 0.0, ""none_clear"": 1.0}",-0.0,-0.0,20,20,0.0,False,2.0,2.70805020110221,0.0,0.0,vllm:Qwen/Qwen3.6-27B-FP8
T24,T,screening_top1,0,20,oracle_evidence,,False,APP|LRCX|MNST|INTC,1.0,True,0.7534119982059704,0.5955989400297347,0.1578130581762357,0.7784119982059704,0.6330989400297347,0.14531305817623574,0.468121194601733,0.3700664284271494,0.09805476617458363,0.2094644876269839,APP,0.025,0.05,0.0,"{""APP"": 0.625, ""LRCX"": 0.0, ""MNST"": 0.0, ""INTC"": 0.35, ""none_clear"": 0.025}",0.5181862130502128,0.6730116670092565,20,20,0.625,True,0.26375,0.7270487322356266,0.85,0.4,vllm:Qwen/Qwen3.6-27B-FP8
T24,T,screening_top1,1,20,oracle_evidence,,False,APP|LRCX|MNST|INTC,1.0,True,0.5004024235381879,0.33650583350462826,0.1638965900335596,0.5129024235381878,0.34900583350462827,0.16389659003355955,0.31091750708257115,0.20908283003952585,0.10183467704304529,0.3275295688512027,APP,0.0,0.0,0.0,"{""APP"": 0.8, ""LRCX"": 0.0, ""MNST"": 0.0, ""INTC"": 0.2, ""none_clear"": 0.0}",0.6730116670092565,-0.0,20,20,0.8,True,0.07999999999999999,0.5108256237659907,0.6,1.0,vllm:Qwen/Qwen3.6-27B-FP8
T27,T,screening_top1,0,20,oracle_evidence,,False,MU|WBD|APP|LRCX,1.0,True,0.8451132568429528,0.8233380088456225,0.021775247997330327,0.8701132568429528,0.8733380088456225,0.0,0.5250983901359765,0.511568667846536,0.013529722289440558,0.02576607078520461,LRCX,0.05,0.05,0.05,"{""MU"": 0.4, ""WBD"": 0.0, ""APP"": 0.0, ""LRCX"": 0.55, ""none_clear"": 0.05}",0.7909873504355756,0.8556886672556694,20,20,0.4,False,0.665,1.0986122886681096,0.3,0.5,vllm:Qwen/Qwen3.6-27B-FP8
T27,T,screening_top1,1,20,oracle_evidence,,False,MU|WBD|APP|LRCX,1.0,True,1.2163404357752903,1.1091932206863868,0.10714721508890346,1.2538404357752904,1.1716932206863868,0.08214721508890355,0.7557548050646498,0.6891804971891412,0.06657430787550848,0.08808982414582664,LRCX,0.0,0.0,0.0,"{""MU"": 0.25, ""WBD"": 0.075, ""APP"": 0.2, ""LRCX"": 0.475, ""none_clear"": 0.0}",1.0104127537805414,1.207973687592232,20,20,0.25,False,0.83375,1.455287232606842,0.4,0.1,vllm:Qwen/Qwen3.6-27B-FP8
T29,T,screening_top1,0,20,oracle_evidence,,False,INTC|MU|LRCX|APP|MRVL,1.0,True,1.064182169435859,1.0084047427693927,0.055777426666466345,1.1016821694358592,1.0709047427693927,0.030777426666466434,0.5939313773485129,0.5628014028042752,0.031129974544237778,0.05241341968361949,APP,0.0,0.0,0.0,"{""INTC"": 0.05, ""MU"": 0.4, ""LRCX"": 0.075, ""APP"": 0.475, ""MRVL"": 0.0, ""none_clear"": 0.0}",0.8556886672556694,1.161120818283116,20,20,0.05,False,1.29375,2.4203681286504293,0.05,0.05,vllm:Qwen/Qwen3.6-27B-FP8
T29,T,screening_top1,1,20,oracle_evidence,,False,INTC|MU|LRCX|APP|MRVL,1.0,True,1.0667181876240546,0.9553044176209068,0.11141377000314778,1.0917181876240545,1.005304417620907,0.08641377000314754,0.595346756048472,0.5331655470655786,0.062181208982893366,0.10444536457309711,MU,0.0,0.0,0.0,"{""INTC"": 0.0, ""MU"": 0.425, ""LRCX"": 0.225, ""APP"": 0.35, ""MRVL"": 0.0, ""none_clear"": 0.0}",0.8556886672556694,1.0549201679861442,20,20,0.0,False,1.35375,2.890371757896165,0.0,0.0,vllm:Qwen/Qwen3.6-27B-FP8
T3,T,screening_top1,0,20,oracle_evidence,,False,PLTR|APP|DASH|WBD|CRWD,1.0,True,0.6305810283860147,0.557928134182968,0.07265289420304666,0.6430810283860147,0.5829281341829681,0.06015289420304659,0.35193397284384853,0.31138562053942465,0.04054835230442385,0.11521579453318356,APP,0.0,0.0,0.0,"{""PLTR"": 0.325, ""APP"": 0.675, ""DASH"": 0.0, ""WBD"": 0.0, ""CRWD"": 0.0, ""none_clear"": 0.0}",0.42270908780599087,0.6931471805599453,20,20,0.325,False,0.9112500000000001,1.301136552779584,0.15,0.5,vllm:Qwen/Qwen3.6-27B-FP8
T3,T,screening_top1,1,20,oracle_evidence,,False,PLTR|APP|DASH|WBD|CRWD,1.0,True,-0.0,0.0,-0.0,0.0,0.0,0.0,-0.0,0.0,-0.0,0.0,PLTR,0.0,0.0,0.0,"{""PLTR"": 1.0, ""APP"": 0.0, ""DASH"": 0.0, ""WBD"": 0.0, ""CRWD"": 0.0, ""none_clear"": 0.0}",-0.0,-0.0,20,20,1.0,True,0.0,0.325422400434628,1.0,1.0,vllm:Qwen/Qwen3.6-27B-FP8
T31,T,screening_top1,0,20,oracle_evidence,,False,APP|WBD|CMCSA|MU,1.0,True,0.7083465777061714,0.639031859650177,0.06931471805599443,0.7458465777061714,0.689031859650177,0.05681471805599436,0.440120474504589,0.39705281869724973,0.04306765580733925,0.09785424287706068,WBD,0.05,0.1,0.0,"{""APP"": 0.1, ""WBD"": 0.8, ""CMCSA"": 0.0, ""MU"": 0.05, ""none_clear"": 0.05}",0.639031859650177,0.639031859650177,20,20,0.1,False,1.455,2.0149030205422647,0.1,0.1,vllm:Qwen/Qwen3.6-27B-FP8
T31,T,screening_top1,1,20,oracle_evidence,,False,APP|WBD|CMCSA|MU,1.0,True,0.49029326913593657,0.3730163323573924,0.11727693677854417,0.5152932691359365,0.3980163323573924,0.11727693677854412,0.3046363362935953,0.23176807845494682,0.07286825783864848,0.23919752556510923,WBD,0.0,0.0,0.0,"{""APP"": 0.125, ""WBD"": 0.85, ""CMCSA"": 0.0, ""MU"": 0.025, ""none_clear"": 0.0}",-0.0,0.7460326647147848,20,20,0.125,False,1.48875,1.8971199848858813,0.0,0.25,vllm:Qwen/Qwen3.6-27B-FP8
T32,T,screening_top1,0,20,oracle_evidence,,False,APP|TSLA|INTC|PLTR|LRCX,1.0,True,0.8311846035483756,0.7583827723188025,0.07280183122957318,0.8561846035483757,0.8083827723188025,0.047801831229573155,0.463892959866134,0.42326148422451876,0.04063147564161525,0.08758804111478714,APP,0.0,0.0,0.0,"{""APP"": 0.675, ""TSLA"": 0.0, ""INTC"": 0.0, ""PLTR"": 0.225, ""LRCX"": 0.1, ""none_clear"": 0.0}",0.5181862130502128,0.9985793315873921,20,20,0.675,True,0.16624999999999995,0.6820973443733603,0.85,0.5,vllm:Qwen/Qwen3.6-27B-FP8
T32,T,screening_top1,1,20,oracle_evidence,,False,APP|TSLA|INTC|PLTR|LRCX,1.0,True,0.4393204641987103,0.4216345932208305,0.01768587097787977,0.4643204641987103,0.45913459322083056,0.0051858709778797585,0.24518941953072698,0.235318746998158,0.009870672532568998,0.04025733472292842,APP,0.0,0.0,0.0,"{""APP"": 0.875, ""TSLA"": 0.0, ""INTC"": 0.0, ""PLTR"": 0.025, ""LRCX"": 0.1, ""none_clear"": 0.0}",0.3250829733914482,0.5181862130502128,20,20,0.875,True,0.026250000000000002,0.4480247225269604,0.9,0.85,vllm:Qwen/Qwen3.6-27B-FP8
T33,T,screening_top1,0,20,oracle_evidence,,False,APP|GOOGL|IDXX|INTC,1.0,True,0.969789730621484,0.9065632797952677,0.06322645082621625,0.994789730621484,0.9565632797952678,0.03822645082621623,0.6025642388122834,0.5632794361257397,0.03928480268654359,0.06519604078061123,APP,0.0,0.0,0.0,"{""APP"": 0.575, ""GOOGL"": 0.25, ""IDXX"": 0.0, ""INTC"": 0.175, ""none_clear"": 0.0}",0.7460326647147848,1.0670938948757507,20,20,0.575,True,0.27375000000000005,0.7985076962177716,0.7,0.45,vllm:Qwen/Qwen3.6-27B-FP8
T33,T,screening_top1,1,20,oracle_evidence,,False,APP|GOOGL|IDXX|INTC,1.0,True,-0.0,0.0,-0.0,0.0,0.0,0.0,-0.0,0.0,-0.0,0.0,APP,0.0,0.0,0.0,"{""APP"": 1.0, ""GOOGL"": 0.0, ""IDXX"": 0.0, ""INTC"": 0.0, ""none_clear"": 0.0}",-0.0,-0.0,20,20,1.0,True,0.0,0.31015492830383945,1.0,1.0,vllm:Qwen/Qwen3.6-27B-FP8
T34,T,screening_top1,0,20,oracle_evidence,,False,CPRT|TSLA|ASML|APP,1.0,True,-0.0,0.0,-0.0,0.0,0.0,0.0,-0.0,0.0,-0.0,0.0,CPRT,0.0,0.0,0.0,"{""CPRT"": 1.0, ""TSLA"": 0.0, ""ASML"": 0.0, ""APP"": 0.0, ""none_clear"": 0.0}",-0.0,-0.0,20,20,1.0,True,0.0,0.31015492830383945,1.0,1.0,vllm:Qwen/Qwen3.6-27B-FP8
T34,T,screening_top1,1,20,oracle_evidence,,False,CPRT|TSLA|ASML|APP,1.0,True,0.1985152433458726,0.1625414866957241,0.035973756650148486,0.2110152433458726,0.1750414866957241,0.035973756650148486,0.12334445573339317,0.10099270399930975,0.02235175173408341,0.18121407728610292,CPRT,0.05,0.0,0.1,"{""CPRT"": 0.95, ""TSLA"": 0.0, ""ASML"": 0.0, ""APP"": 0.0, ""none_clear"": 0.05}",-0.0,0.3250829733914482,20,20,0.95,True,0.0050000000000000044,0.3566749439387323,1.0,0.9,vllm:Qwen/Qwen3.6-27B-FP8
T35,T,screening_top1,0,20,oracle_evidence,,False,TRI|TEAM|WBD|AVGO,1.0,True,0.9002560512685369,0.8972389786559608,0.0030170726125761105,0.9252560512685369,0.9472389786559609,0.0,0.559360534701831,0.5574859220875343,0.0018746126142965747,0.0033513494392232077,TEAM,0.0,0.0,0.0,"{""TRI"": 0.25, ""TEAM"": 0.625, ""WBD"": 0.125, ""AVGO"": 0.0, ""none_clear"": 0.0}",0.9376369622724492,0.8568409950394724,20,20,0.25,False,0.96875,1.455287232606842,0.25,0.25,vllm:Qwen/Qwen3.6-27B-FP8
T35,T,screening_top1,1,20,oracle_evidence,,False,TRI|TEAM|WBD|AVGO,1.0,True,0.6474466390346325,0.30543215102744675,0.34201448800718576,0.6599466390346325,0.31793215102744676,0.3420144880071857,0.402281215095424,0.18977566557104011,0.2125055495243839,0.5282512370705057,TRI,0.0,0.0,0.0,"{""TRI"": 0.65, ""TEAM"": 0.35, ""WBD"": 0.0, ""AVGO"": 0.0, ""none_clear"": 0.0}",0.6108643020548935,-0.0,20,20,0.65,True,0.24499999999999997,0.6931471805599453,0.3,1.0,vllm:Qwen/Qwen3.6-27B-FP8
T37,T,screening_top1,0,20,oracle_evidence,,False,KDP|MRVL|TXN|TTD,1.0,True,0.8311846035483758,0.8293297737914049,0.0018548297569708216,0.8561846035483758,0.879329773791405,0.0,0.516444031252687,0.5152915607270203,0.0011524705256666862,0.0022315497051466605,TTD,0.0,0.0,0.0,"{""KDP"": 0.1, ""MRVL"": 0.225, ""TXN"": 0.0, ""TTD"": 0.675, ""none_clear"": 0.0}",0.8568409950394724,0.8018185525433373,20,20,0.1,False,1.3162500000000001,2.0149030205422647,0.1,0.1,vllm:Qwen/Qwen3.6-27B-FP8
T37,T,screening_top1,1,20,oracle_evidence,,False,KDP|MRVL|TXN|TTD,1.0,True,-0.0,0.0,-0.0,0.0,0.0,0.0,-0.0,0.0,-0.0,0.0,TTD,0.0,0.0,0.0,"{""KDP"": 0.0, ""MRVL"": 0.0, ""TXN"": 0.0, ""TTD"": 1.0, ""none_clear"": 0.0}",-0.0,-0.0,20,20,0.0,False,2.0,2.70805020110221,0.0,0.0,vllm:Qwen/Qwen3.6-27B-FP8
T38,T,screening_top1,0,20,oracle_evidence,,False,APP|LRCX|INTC|MU,1.0,True,0.8570050648778207,0.8237197315118312,0.03328533336598949,0.8820050648778207,0.8737197315118312,0.008285333365989467,0.5324871859031166,0.5118058454743647,0.020681340428751943,0.03883913261438522,LRCX,0.0,0.0,0.0,"{""APP"": 0.05, ""LRCX"": 0.475, ""INTC"": 0.0, ""MU"": 0.475, ""none_clear"": 0.0}",0.8237197315118312,0.8237197315118312,20,20,0.05,False,1.35375,2.3025850929940455,0.05,0.05,vllm:Qwen/Qwen3.6-27B-FP8
T38,T,screening_top1,1,20,oracle_evidence,,False,APP|LRCX|INTC|MU,1.0,True,0.42270908780599087,0.30543215102744675,0.11727693677854412,0.4352090878059909,0.31793215102744676,0.11727693677854412,0.26264392340968856,0.18977566557104011,0.07286825783864845,0.2774412478029577,MU,0.0,0.0,0.0,"{""APP"": 0.0, ""LRCX"": 0.15, ""INTC"": 0.0, ""MU"": 0.85, ""none_clear"": 0.0}",-0.0,0.6108643020548935,20,20,0.0,False,1.7449999999999999,2.70805020110221,0.0,0.0,vllm:Qwen/Qwen3.6-27B-FP8
T4,T,screening_top1,0,20,oracle_evidence,,False,SHOP|WBD|XEL|INTC,1.0,True,0.1985152433458726,0.1985152433458726,0.0,0.2110152433458726,0.22351524334587258,0.0,0.12334445573339317,0.12334445573339317,0.0,0.0,WBD,0.0,0.0,0.0,"{""SHOP"": 0.05, ""WBD"": 0.95, ""XEL"": 0.0, ""INTC"": 0.0, ""none_clear"": 0.0}",0.1985152433458726,0.1985152433458726,20,20,0.05,False,1.805,2.3025850929940455,0.05,0.05,vllm:Qwen/Qwen3.6-27B-FP8
T4,T,screening_top1,1,20,oracle_evidence,,False,SHOP|WBD|XEL|INTC,1.0,True,-0.0,0.0,-0.0,0.0,0.0,0.0,-0.0,0.0,-0.0,0.0,WBD,0.0,0.0,0.0,"{""SHOP"": 0.0, ""WBD"": 1.0, ""XEL"": 0.0, ""INTC"": 0.0, ""none_clear"": 0.0}",-0.0,-0.0,20,20,0.0,False,2.0,2.70805020110221,0.0,0.0,vllm:Qwen/Qwen3.6-27B-FP8
T40,T,screening_top1,0,20,oracle_evidence,,False,PLTR|AMD|AVGO|LULU,1.0,True,0.9471373499198397,0.7904650250711799,0.15667232484865978,0.9721373499198397,0.8279650250711799,0.14417232484865983,0.5884895233314078,0.49114353462426347,0.09734598870714428,0.16541668941882573,none_clear,0.6000000000000001,0.4,0.8,"{""PLTR"": 0.225, ""AMD"": 0.0, ""AVGO"": 0.175, ""LULU"": 0.0, ""none_clear"": 0.6}",1.080527626604172,0.5004024235381879,20,20,0.225,False,0.9912500000000002,1.529395204760564,0.25,0.2,vllm:Qwen/Qwen3.6-27B-FP8
T40,T,screening_top1,1,20,oracle_evidence,,False,PLTR|AMD|AVGO|LULU,1.0,True,0.2663844632679204,0.21135454390299543,0.05502991936492499,0.27888446326792043,0.22385454390299545,0.05502991936492499,0.16551397305227067,0.13132196170484428,0.03419201134742639,0.20658081439823978,none_clear,0.925,1.0,0.85,"{""PLTR"": 0.075, ""AMD"": 0.0, ""AVGO"": 0.0, ""LULU"": 0.0, ""none_clear"": 0.925}",-0.0,0.42270908780599087,20,20,0.075,False,1.7112500000000002,2.1484344131667874,0.0,0.15,vllm:Qwen/Qwen3.6-27B-FP8
T41,T,screening_top1,0,20,oracle_evidence,,False,APP|INTC|MRVL|WBD,1.0,True,0.5004024235381879,0.4925221162123996,0.00788030732578826,0.5129024235381878,0.5175221162123996,0.0,0.31091750708257115,0.3060211968459928,0.004896310236578279,0.015747939968134228,WBD,0.0,0.0,0.0,"{""APP"": 0.2, ""INTC"": 0.0, ""MRVL"": 0.0, ""WBD"": 0.8, ""none_clear"": 0.0}",0.42270908780599087,0.5623351446188083,20,20,0.2,False,1.2800000000000002,1.6094379124341003,0.15,0.25,vllm:Qwen/Qwen3.6-27B-FP8
T41,T,screening_top1,1,20,oracle_evidence,,False,APP|INTC|MRVL|WBD,1.0,True,0.32508297339144826,0.31061216557593174,0.014470807815516518,0.33758297339144827,0.33561216557593176,0.0019708078155165065,0.20198540799861955,0.19299418957154088,0.008991218427078675,0.04451419791245576,WBD,0.0,0.0,0.0,"{""APP"": 0.1, ""INTC"": 0.0, ""MRVL"": 0.0, ""WBD"": 0.9, ""none_clear"": 0.0}",0.1985152433458726,0.42270908780599087,20,20,0.10000000000000002,False,1.62,2.0149030205422647,0.05,0.15,vllm:Qwen/Qwen3.6-27B-FP8
T42,T,screening_top1,0,20,oracle_evidence,,False,APP|MELI|GOOGL|INTC,1.0,True,1.2948329840344832,1.17141850009405,0.1234144839404332,1.3323329840344833,1.24641850009405,0.08591448394043333,0.8045249674006926,0.7278432370978553,0.07668173030283733,0.09531305231034067,INTC,0.125,0.15,0.1,"{""APP"": 0.225, ""MELI"": 0.0, ""GOOGL"": 0.225, ""INTC"": 0.425, ""none_clear"": 0.125}",1.248780543356486,1.094056456831614,20,20,0.22500000000000003,False,0.8474999999999999,1.5293952047605637,0.1,0.35,vllm:Qwen/Qwen3.6-27B-FP8
T42,T,screening_top1,1,20,oracle_evidence,,False,APP|MELI|GOOGL|INTC,1.0,True,1.3183841597261436,1.1091456714368761,0.2092384882892675,1.3558841597261437,1.1841456714368763,0.1717384882892674,0.8191581356078723,0.6891509531793082,0.13000718242856413,0.15870828449025873,GOOGL,0.125,0.05,0.2,"{""APP"": 0.275, ""MELI"": 0.0, ""GOOGL"": 0.375, ""INTC"": 0.225, ""none_clear"": 0.125}",1.0126631103850336,1.2056282324887189,20,20,0.275,False,0.7325,1.3862943611198906,0.5,0.05,vllm:Qwen/Qwen3.6-27B-FP8
T44,T,screening_top1,0,20,oracle_evidence,,False,INTC|ASML|TRI|MRVL,0.975,True,0.42724679935992677,0.41844909056085194,0.008797708799074822,0.4400673121804396,0.44410698529769405,0.0,0.2654633621211037,0.259997038300156,0.005466323820947676,0.0205916318442993,TRI,0.0,0.0,0.0,"{""INTC"": 0.1526, ""ASML"": 0.0, ""TRI"": 0.8474, ""MRVL"": 0.0, ""none_clear"": 0.0}",0.336495757583516,0.5004024235381879,19,20,0.15263157894736842,False,1.4360664819944597,1.7812881693607596,0.10526315789473684,0.2,vllm:Qwen/Qwen3.6-27B-FP8
T44,T,screening_top1,1,20,oracle_evidence,,False,INTC|ASML|TRI|MRVL,1.0,True,-0.0,0.0,-0.0,0.0,0.0,0.0,-0.0,0.0,-0.0,0.0,TRI,0.0,0.0,0.0,"{""INTC"": 0.0, ""ASML"": 0.0, ""TRI"": 1.0, ""MRVL"": 0.0, ""none_clear"": 0.0}",-0.0,-0.0,20,20,0.0,False,2.0,2.70805020110221,0.0,0.0,vllm:Qwen/Qwen3.6-27B-FP8
T45,T,screening_top1,0,20,oracle_evidence,,False,IDXX|SHOP|MRVL|AXON,1.0,True,0.37677016125643675,0.3494588334420302,0.02731132781440654,0.38927016125643676,0.37445883344203024,0.014811327814406527,0.23410046348828253,0.21713098140798215,0.016969482080300392,0.0724880328190797,MRVL,0.0,0.0,0.0,"{""IDXX"": 0.125, ""SHOP"": 0.0, ""MRVL"": 0.875, ""AXON"": 0.0, ""none_clear"": 0.0}",0.5004024235381879,0.1985152433458726,20,20,0.125,False,1.53125,1.8971199848858813,0.2,0.05,vllm:Qwen/Qwen3.6-27B-FP8
T45,T,screening_top1,1,20,oracle_evidence,,False,IDXX|SHOP|MRVL|AXON,1.0,True,0.38131648785332906,0.30643472623097473,0.07488176162235433,0.4063164878533291,0.33143472623097475,0.07488176162235433,0.23692525502684925,0.19039860056951527,0.04652665445733398,0.19637693099480427,MRVL,0.025,0.0,0.05,"{""IDXX"": 0.0, ""SHOP"": 0.075, ""MRVL"": 0.9, ""AXON"": 0.0, ""none_clear"": 0.025}",-0.0,0.6128694524619495,20,20,0.0,False,1.8162500000000001,2.70805020110221,0.0,0.0,vllm:Qwen/Qwen3.6-27B-FP8
T46,T,screening_top1,0,20,oracle_evidence,,False,WBD|APP|INTC|LRCX|MU,1.0,True,0.6730116670092565,0.5350778634203117,0.1379338035889448,0.6855116670092565,0.5600778634203117,0.12543380358894474,0.37561496315083553,0.29863264160721287,0.07698232154362267,0.2049500927701565,APP,0.0,0.0,0.0,"{""WBD"": 0.4, ""APP"": 0.6, ""INTC"": 0.0, ""LRCX"": 0.0, ""MU"": 0.0, ""none_clear"": 0.0}",0.6474466390346325,0.42270908780599087,20,20,0.4,False,0.72,1.1325138403437909,0.65,0.15,vllm:Qwen/Qwen3.6-27B-FP8
T46,T,screening_top1,1,20,oracle_evidence,,False,WBD|APP|INTC|LRCX|MU,1.0,True,-0.0,0.0,-0.0,0.0,0.0,0.0,-0.0,0.0,-0.0,0.0,APP,0.0,0.0,0.0,"{""WBD"": 0.0, ""APP"": 1.0, ""INTC"": 0.0, ""LRCX"": 0.0, ""MU"": 0.0, ""none_clear"": 0.0}",-0.0,-0.0,20,20,0.0,False,2.0,2.890371757896165,0.0,0.0,vllm:Qwen/Qwen3.6-27B-FP8
T47,T,screening_top1,0,20,oracle_evidence,,False,CMCSA|TEAM|KDP|TRI,1.0,True,0.8047683695414622,0.7555777410075932,0.04919062853386902,0.8422683695414622,0.8055777410075933,0.03669062853386895,0.5000307022246899,0.46946684626365226,0.03056385596103768,0.061123958639051214,KDP,0.0,0.0,0.0,"{""CMCSA"": 0.275, ""TEAM"": 0.025, ""KDP"": 0.675, ""TRI"": 0.025, ""none_clear"": 0.0}",0.6874357505033554,0.8237197315118312,20,20,0.275,False,0.9825,1.3862943611198908,0.2,0.35,vllm:Qwen/Qwen3.6-27B-FP8
T47,T,screening_top1,1,20,oracle_evidence,,False,CMCSA|TEAM|KDP|TRI,1.0,True,0.6523477355252709,0.5111174874288519,0.14123024809641904,0.6773477355252709,0.5486174874288519,0.1287302480964191,0.4053264375627052,0.3175751506038789,0.08775128695882627,0.2164953450519765,KDP,0.0,0.0,0.0,"{""CMCSA"": 0.175, ""TEAM"": 0.0, ""KDP"": 0.775, ""TRI"": 0.05, ""none_clear"": 0.0}",0.1985152433458726,0.8237197315118312,20,20,0.175,False,1.2837499999999997,1.6964492894237302,0.0,0.35,vllm:Qwen/Qwen3.6-27B-FP8
T48,T,screening_top1,0,20,oracle_evidence,,False,INTC|WBD|AMAT|CMCSA,1.0,True,0.49029326913593646,0.4689762129266989,0.021317056209237573,0.5152932691359364,0.5064762129266989,0.008817056209237562,0.30463633629359527,0.29139130456882506,0.013245031724770194,0.04347817429108394,AMAT,0.0,0.0,0.0,"{""INTC"": 0.025, ""WBD"": 0.125, ""AMAT"": 0.85, ""CMCSA"": 0.0, ""none_clear"": 0.0}",0.6128694524619496,0.3250829733914482,20,20,0.025,False,1.6887500000000002,2.4849066497880004,0.05,0.0,vllm:Qwen/Qwen3.6-27B-FP8
T48,T,screening_top1,1,20,oracle_evidence,,False,INTC|WBD|AMAT|CMCSA,1.0,True,0.2663844632679204,0.21135454390299543,0.05502991936492499,0.27888446326792043,0.22385454390299545,0.05502991936492499,0.16551397305227067,0.13132196170484428,0.03419201134742639,0.20658081439823978,AMAT,0.0,0.0,0.0,"{""INTC"": 0.0, ""WBD"": 0.075, ""AMAT"": 0.925, ""CMCSA"": 0.0, ""none_clear"": 0.0}",-0.0,0.42270908780599087,20,20,0.0,False,1.86125,2.70805020110221,0.0,0.0,vllm:Qwen/Qwen3.6-27B-FP8
T49,T,screening_top1,0,20,oracle_evidence,,False,NVDA|LRCX|KLAC|APP,1.0,True,0.9522402870850517,0.8910976352726012,0.06114265181245049,0.9897402870850517,0.9410976352726013,0.04864265181245042,0.5916601564610166,0.5536700908983265,0.03799006556269006,0.06420926801954283,NVDA,0.0,0.0,0.0,"{""NVDA"": 0.5, ""LRCX"": 0.425, ""KLAC"": 0.025, ""APP"": 0.05, ""none_clear"": 0.0}",0.926506603289533,0.8556886672556694,20,20,0.5,True,0.43374999999999997,0.916290731874155,0.55,0.45,vllm:Qwen/Qwen3.6-27B-FP8
T49,T,screening_top1,1,20,oracle_evidence,,False,NVDA|LRCX|KLAC|APP,1.0,True,0.7534119982059704,0.5744013524516397,0.17901064575433068,0.7784119982059704,0.6119013524516397,0.16651064575433072,0.468121194601733,0.3568956267364921,0.1112255678652409,0.2375999402459637,NVDA,0.0,0.0,0.0,"{""NVDA"": 0.625, ""LRCX"": 0.35, ""KLAC"": 0.0, ""APP"": 0.025, ""none_clear"": 0.0}",0.8237197315118312,0.3250829733914482,20,20,0.625,True,0.26375,0.7270487322356266,0.35,0.9,vllm:Qwen/Qwen3.6-27B-FP8
T50,T,screening_top1,0,20,oracle_evidence,,False,LRCX|AMAT|MU|WBD|APP,1.0,True,0.8864644756797975,0.7650277188013808,0.12143675687841671,0.9114644756797975,0.8025277188013809,0.10893675687841664,0.49474524393707464,0.42697009946931,0.06777514446776463,0.13698998686359232,LRCX,0.0,0.0,0.0,"{""LRCX"": 0.65, ""AMAT"": 0.2, ""MU"": 0.15, ""WBD"": 0.0, ""APP"": 0.0, ""none_clear"": 0.0}",0.5004024235381879,1.0296530140645737,20,20,0.65,True,0.18499999999999997,0.7156200364120038,0.8,0.5,vllm:Qwen/Qwen3.6-27B-FP8
T50,T,screening_top1,1,20,oracle_evidence,,False,LRCX|AMAT|MU|WBD|APP,1.0,True,0.5181862130502128,0.40090927627166867,0.11727693677854417,0.5431862130502129,0.4259092762716687,0.11727693677854417,0.2892052320356724,0.22375172737018809,0.0654535046654843,0.22632199357102523,LRCX,0.0,0.0,0.0,"{""LRCX"": 0.85, ""AMAT"": 0.0, ""MU"": 0.1, ""WBD"": 0.05, ""APP"": 0.0, ""none_clear"": 0.0}",-0.0,0.8018185525433373,20,20,0.8500000000000001,True,0.03499999999999998,0.4744579795951158,1.0,0.7,vllm:Qwen/Qwen3.6-27B-FP8
T6,T,screening_top1,0,20,oracle_evidence,,False,EA|INTC|MSTR|CPRT,1.0,True,0.37677016125643675,0.3494588334420302,0.02731132781440654,0.38927016125643676,0.37445883344203024,0.014811327814406527,0.23410046348828253,0.21713098140798215,0.016969482080300392,0.0724880328190797,EA,0.0,0.0,0.0,"{""EA"": 0.875, ""INTC"": 0.125, ""MSTR"": 0.0, ""CPRT"": 0.0, ""none_clear"": 0.0}",0.5004024235381879,0.1985152433458726,20,20,0.875,True,0.03125,0.4307829160924542,0.8,0.95,vllm:Qwen/Qwen3.6-27B-FP8
T6,T,screening_top1,1,20,oracle_evidence,,False,EA|INTC|MSTR|CPRT,1.0,True,-0.0,0.0,-0.0,0.0,0.0,0.0,-0.0,0.0,-0.0,0.0,EA,0.0,0.0,0.0,"{""EA"": 1.0, ""INTC"": 0.0, ""MSTR"": 0.0, ""CPRT"": 0.0, ""none_clear"": 0.0}",-0.0,-0.0,20,20,1.0,True,0.0,0.31015492830383945,1.0,1.0,vllm:Qwen/Qwen3.6-27B-FP8
T7,T,screening_top1,0,20,oracle_evidence,,False,ON|NVDA|AAPL|MSFT,1.0,True,0.4637264398194103,0.32372331951731625,0.14000312030209405,0.4762264398194103,0.33622331951731627,0.14000312030209405,0.2881294371387551,0.201140607547712,0.08698882959104308,0.30190885893117436,MSFT,0.0,0.0,0.0,"{""ON"": 0.0, ""NVDA"": 0.175, ""AAPL"": 0.0, ""MSFT"": 0.825, ""none_clear"": 0.0}",-0.0,0.6474466390346325,20,20,0.0,False,1.71125,2.70805020110221,0.0,0.0,vllm:Qwen/Qwen3.6-27B-FP8
T7,T,screening_top1,1,20,oracle_evidence,,False,ON|NVDA|AAPL|MSFT,1.0,True,0.1985152433458726,0.1625414866957241,0.035973756650148486,0.2110152433458726,0.1750414866957241,0.035973756650148486,0.12334445573339317,0.10099270399930975,0.02235175173408341,0.18121407728610292,MSFT,0.0,0.0,0.0,"{""ON"": 0.0, ""NVDA"": 0.05, ""AAPL"": 0.0, ""MSFT"": 0.95, ""none_clear"": 0.0}",0.3250829733914482,-0.0,20,20,0.0,False,1.9049999999999998,2.70805020110221,0.0,0.0,vllm:Qwen/Qwen3.6-27B-FP8
T8,T,screening_top1,0,20,oracle_evidence,,False,APP|TSLA|COST|TTD,1.0,True,0.9743147528693494,0.9617428126708266,0.012571940198522813,0.9993147528693495,1.0117428126708266,0.0,0.6053757932145416,0.5975644075740051,0.007811385640536525,0.01290336635209366,TTD,0.0,0.0,0.0,"{""APP"": 0.375, ""TSLA"": 0.125, ""COST"": 0.0, ""TTD"": 0.5, ""none_clear"": 0.0}",0.9489154358953991,0.9745701894462542,20,20,0.375,False,0.65625,1.1499055830556604,0.45,0.3,vllm:Qwen/Qwen3.6-27B-FP8
T8,T,screening_top1,1,20,oracle_evidence,,False,APP|TSLA|COST|TTD,1.0,True,0.1985152433458726,0.1625414866957241,0.035973756650148486,0.2110152433458726,0.1750414866957241,0.035973756650148486,0.12334445573339317,0.10099270399930975,0.02235175173408341,0.18121407728610292,TTD,0.0,0.0,0.0,"{""APP"": 0.05, ""TSLA"": 0.0, ""COST"": 0.0, ""TTD"": 0.95, ""none_clear"": 0.0}",-0.0,0.3250829733914482,20,20,0.05,False,1.805,2.3025850929940455,0.0,0.1,vllm:Qwen/Qwen3.6-27B-FP8
T9,T,screening_top1,0,20,oracle_evidence,,False,TSLA|INTC|LRCX|NVDA,1.0,True,0.3141230258900314,0.2617991083686604,0.052323917521371,0.3391230258900314,0.2867991083686604,0.052323917521371,0.1951756097350499,0.16266493186600633,0.032510677869043575,0.16657141695715305,NVDA,0.0,0.0,0.0,"{""TSLA"": 0.05, ""INTC"": 0.0, ""LRCX"": 0.025, ""NVDA"": 0.925, ""none_clear"": 0.0}",0.1985152433458726,0.3250829733914482,20,20,0.05,False,1.75875,2.3025850929940455,0.0,0.1,vllm:Qwen/Qwen3.6-27B-FP8
T9,T,screening_top1,1,20,oracle_evidence,,False,TSLA|INTC|LRCX|NVDA,1.0,True,0.23317260237386986,0.1985152433458726,0.03465735902799727,0.25817260237386985,0.22351524334587258,0.03465735902799727,0.14487828363706282,0.12334445573339317,0.021533827903669655,0.14863392471997,NVDA,0.0,0.0,0.0,"{""TSLA"": 0.025, ""INTC"": 0.0, ""LRCX"": 0.025, ""NVDA"": 0.95, ""none_clear"": 0.0}",0.1985152433458726,0.1985152433458726,20,20,0.025,False,1.8537499999999998,2.4849066497880004,0.05,0.0,vllm:Qwen/Qwen3.6-27B-FP8
