question_id,lane,answer_type,question,answer_space,gold_label_evidence,gold_final_answer_text,annotator_gold_label,annotator_gold_commitment,annotator_confidence,annotator_notes
F1,F,yes_no_mixed,"As of September 2025, is Apple really as profitable as everyone says it is?",yes|no|mixed|insufficient_data,"Apple is highly profitable regarding shareholder returns, but its market valuation suggests investor expectations may be outpacing its asset-based efficiency.","** As of September 2025, Apple is **highly profitable regarding shareholder returns**, but its market valuation suggests investor expectations may be outpacing its asset-based efficiency. Fundamentally, Apple is delivering a strong **Return on Equity (ROE) of 35.36%**, supported by healthy cash flow generation (**Cash Flow/Assets: 0.0841**). However, this profitability is leveraged, indicated by a **Debt/Equity ratio of 1.5449**, and its return on total assets is a more modest **7.11%**. Market sentiment confirms that ""everyone"" believes in this profitability, likely to an extreme degree. The stock surged **10.84%** in September, ending at **254.63**. Technical indicators show intense buying pressure with an **RSI of 82.77** (indicating overbought conditions) and strong momentum (**MACD: 7.4966**). Consequently, the market has priced Apple at a significant premium, with a **Book/Price ratio of 0.0220** (implying a Price-to-Book ratio of ~45x). While the company is fundamentally strong, the extreme technical readings and valuation premium indicate the stock is priced for perfection.",mixed,noncommitted,high,The conclusion balances strong shareholder return profitability with weak asset-based efficiency.
F10,F,open_summary_with_canonical_claim,Why is Broadcom's stock price so high in 2025 despite being in semiconductors?,claim_true|claim_false|mixed,"AVGO's price premium stems from exceptional medium/long-term momentum and cash-efficient operations signaling outsized growth, not current earnings.","**Broadcom's (AVGO) stock price reached $338.37 by late 2025 (up 36.61% from $247.69 in May), reflecting strong momentum and growth expectations despite its semiconductor exposure and mixed fundamentals:** ### Key Drivers from Volatility/Price Signals: - **Robust Momentum**: Medium-term momentum (2-12 months) at 0.7632 (+76.32%) and long-term reversal (13-60 months) at 3.8942 (+389.42%) indicate sustained upward trends, overpowering short-term weakness (e.g., oversold RSI at 23.35, price below MA_20 at 344.06 and EMA_20 at 334.71). - **Positive Underlying Strength**: Momentum_5D (1.15%) and Momentum_20D (1.22%) remain positive; high OBV (6.59B) signals strong buying volume; Mean_Reversal_60D (8.52%) and Short_Term_Reversal_1month (12.03%) suggest rebound potential. ### Supporting Fundamentals (Medians): - **Premium Valuation**: Low F_Book/Price (0.0521) implies a high P/B ratio (~19x), typical for growth stocks where market prices in future potential over current book value. - **Operational Resilience**: Positive F_Cash Flow/Assets (4.33%) and F_Sales/Assets (9.63%) show efficient cash generation and sales efficiency; moderate F_Debt/Assets (38.78%) and F_Debt/Equity (0.8765) indicate manageable leverage. - **Trade-offs**: Lower profitability (F_ROA 2.76%, F_ROE 5.96%) and negligible F_Dividend Yield (0.20%) reflect reinvestment in growth, common in semis amid AI/custom chip demand—offsetting F_Earnings/Price (NA, possibly due to high growth capex). **In semiconductors (often cyclical), AVGO's price premium stems from exceptional medium/long-term momentum and cash-efficient operations signaling outsized growth, not current earnings.** Current pullback (MACD below signal, oversold RSI) may be temporary noise.",claim_true,committed,high,Selects a single direction explaining the price premium.
F11,F,yes_no_mixed,"As of August 2025, is Tesla financially stable enough to weather an economic downturn?",yes|no|mixed|insufficient_data,"Tesla is financially stable enough to weather an economic downturn, primarily driven by its robust solvency position.","As of August 2025, Tesla is **financially stable enough to weather an economic downturn**, primarily driven by its robust solvency position rather than its current profitability efficiency. The most compelling evidence for this stability is the company's extremely low leverage, with a **Debt-to-Equity ratio of 0.0925** and **Debt-to-Assets of 0.0562**. In a recessionary environment, this lack of debt burden provides significant flexibility and protects the company from insolvency risk. While the company is structurally safe, its operational margins are thin, with a **Return on Assets of 0.59%** and **Return on Equity of 1.64%**. This suggests that while Tesla will likely survive a downturn, it may face periods of accounting losses if revenue contracts. Market sentiment supports a stable outlook, with the stock price appreciating **10.32%** in August 2025 and maintaining positive momentum (**MACD 5.94** vs Signal 5.18). However, investors should note the high **Long_Term_Reversal (0.7285)** metric, which indicates potential for future price volatility, even if the underlying business remains solvent.",yes,committed,high,Clearly selects 'yes' (is financially stable enough).
F12,F,company_choice,"As of September 2025, which tech giant has the strongest balance sheet: Apple, Microsoft, or Google?",AAPL|MSFT|GOOGL|insufficient_data,Google (GOOGL) has the strongest balance sheet among the three tech giants ... Debt/Equity ratio of 0.0980.,"** Based on the data from September 2025, **Google (GOOGL)** has the strongest balance sheet among the three tech giants. This conclusion is based on Google possessing the most conservative leverage profile, with a **Debt/Equity ratio of 0.0980** and **Debt/Assets of 0.0708**. This indicates that Google is funded almost entirely by equity with minimal reliance on external borrowing compared to its peers. **Microsoft (MSFT)** is a close runner-up with a very healthy **Debt/Equity ratio of 0.1764**. **Apple (AAPL)**, while generating the superior **Cash Flow/Assets (0.0841)**, has a significantly more leveraged structure with a **Debt/Equity ratio of 1.5449**. While Apple's high **RSI (82.77)** and price increase (**10.84%**) suggest strong investor confidence in its operational model, strictly speaking, Google's minimal debt burden constitutes the most robust financial foundation.",GOOGL,committed,high,Clearly selects GOOGL.
F13,F,yes_no_mixed,Should I worry about Netflix's debt levels in mid-2025?,yes|no|mixed|insufficient_data,there is no significant cause for worry regarding Netflix's debt levels.,"Based on the data from mid-to-late 2025, there is **no significant cause for worry regarding Netflix's debt levels**. Fundamentally, the company maintains a healthy leverage position with a **Debt-to-Equity ratio of 0.5792** and a **Debt-to-Assets ratio of 0.2722**. These metrics indicate that the company is not over-leveraged and retains a strong equity cushion. Additionally, a positive **Cash Flow/Assets ratio of 0.0456** suggests the company generates sufficient liquidity to manage its obligations. From a market perspective, while the stock experienced a short-term decline of **-4.81%** and shows bearish short-term signals (MACD: -12.53), this appears to be a correction within a strong uptrend rather than a reaction to credit risk. This is evidenced by the robust **Medium_Term_Momentum (0.6256)**, which shows the stock has performed very well over the prior year. The market is pricing in short-term weakness (RSI ~34), but not the distress typically associated with debt concerns.",no,committed,high,Clearly selects 'no' (no significant cause for worry).
F14,F,yes_no_mixed,Is PayPal overleveraged after its 2024-2025 acquisition spree?,yes|no|mixed|insufficient_data,PayPal is not overleveraged ... Debt-to-Assets ratio of 4.05% and a Debt-to-Equity ratio of 15.99%.,"** Based on the financial data provided for late 2025, **PayPal is not overleveraged.** The **Fundamental Data** explicitly contradicts the concern of high leverage. The company maintains a conservative balance sheet with a **Debt-to-Assets ratio of 4.05%** and a **Debt-to-Equity ratio of 15.99%**. These figures indicate that the vast majority of the company's assets are financed through equity rather than debt, suggesting that any acquisitions made in the 2024-2025 period were likely funded through cash reserves or equity issuance rather than excessive borrowing. The **Volatility Signals** support this assessment of financial stability. Although the stock price declined slightly by **3.12%** over the observed window, the stock closed at **69.25**, which is above its 20-day moving average of **67.68**. Additionally, the **RSI of 57.89** indicates neutral sentiment, devoid of the panic selling or extreme volatility typically associated with companies facing solvency issues. While the **On-Balance Volume (OBV)** is negative, suggesting some selling pressure, the technicals overall point to a stable asset, reinforcing the fundamental view that the company is not facing a leverage crisis.",no,committed,high,Clearly selects 'no' (not overleveraged).
F15,F,graded_judgment,"As of Q3 2025, how financially sound is Qualcomm compared to other chip companies?",sound|mixed|weak|insufficient_data,"Qualcomm (QCOM) appears financially sound and stable, exhibiting the characteristics of a mature industry incumbent.","** As of Q3 2025, Qualcomm (QCOM) appears **financially sound and stable**, exhibiting the characteristics of a mature industry incumbent recovering from medium-term weakness. Fundamentally, the company demonstrates **prudent leverage management** with a Debt-to-Equity ratio of **0.5435** and a Debt-to-Assets ratio of **0.2695**, indicating a balance sheet that is not overly burdened by debt. Profitability is positive and consistent, with a Return on Equity (ROE) of **10.28%** and Return on Assets (ROA) of **4.64%**. While the dividend yield is modest at **0.56%**, the company maintains positive operational liquidity with a Cash Flow/Assets ratio of **0.0524**. Market data for the quarter reinforces this assessment of stability. Despite negative medium-term momentum over the prior year (""Medium_Term_Momentum... -0.1357""), QCOM posted a **4.95% price increase** during Q3 2025. The stock finished the quarter at **166.36**, holding above its 20-day exponential moving average (**164.88**), with a Relative Strength Index (RSI) of **63.20**, signaling strong buying interest without being technically overextended. *Note: While the provided data does not allow for a direct statistical comparison to other specific chip companies, QCOM's leverage and profitability ratios are indicative of a solvent and competitive firm within the semiconductor sector.*",sound,committed,high,Clearly selects 'sound'.
F16,F,yes_no_mixed,Does Amazon's massive infrastructure create financial risk in the current 2025 economy?,yes|no|mixed|insufficient_data,"does not create a significant structural financial risk regarding solvency, but it does present efficiency challenges.","** Based on the data for late 2025, Amazon’s massive infrastructure does **not** create a significant structural financial risk regarding solvency, but it does present efficiency challenges that the market is currently penalizing. Fundamentally, the company is well-capitalized with a conservative **Debt/Assets ratio of 0.1963** and **Debt/Equity of 0.4013**, indicating that its infrastructure is not over-leveraged. However, the asset base is yielding a low **Return on Assets of 2.7%**, suggesting the infrastructure is expensive to maintain relative to the immediate profit it generates. Technically, the market reflects this efficiency concern. While the stock is up **6.55%** over the observed six-month period, recent momentum is negative, with the price (**219.51**) dropping below the 20-day Moving Average (**226.65**) and the **RSI (31.00)** approaching oversold territory. This indicates that while the company is financially stable, investors in the current 2025 economy are cautious, likely waiting for better returns on the company's massive capital investments.",mixed,noncommitted,medium,Balances lack of solvency risk with presence of efficiency challenges.
F17,F,open_summary_with_canonical_claim,"Why do dividend investors like Cisco as of July 2025, despite its slow growth?",claim_true|claim_false|mixed,"yield significantly superior to its high-growth peers, backed by steady fundamentals ... reliable yield compensating for lack of aggressive capital appreciation.",", positioning it as a superior income generator within the tech sector. **Sub-Question 3: What fundamental metrics suggest the dividend is supported by financial health?** **Answer:** The **[CSCO] Fundamentals** indicate a stable financial base to support payouts: * **Cash Flow:** Cisco generates positive cash flow relative to its size, with a **F_Cash Flow/Assets** ratio of **0.0339**. * **Profitability:** The company maintains positive profitability with a **F_Return on Equity** of **0.0543** and **F_Return on Assets** of **0.0223**. * **Leverage:** The **F_Debt/Equity** ratio is **0.6374**, suggesting a manageable capital structure that does not threaten the dividend distribution. --- ### Final Comprehensive Answer **Senior Financial Analyst Assessment:** As of July 2025, dividend investors favor Cisco Systems (CSCO) because it functions as a stable income generator within the technology sector, offering a yield significantly superior to its high-growth peers, backed by steady fundamentals. While the ""slow growth"" characterization is accurate—evidenced by a flat monthly price performance (**-0.89%**) and near-zero 20-day momentum (**-0.0016**)—this lack of volatility appeals to conservative investors seeking capital preservation. The primary draw is the **Dividend Yield of 0.0072**. In the provided dataset, this yield is substantially higher than major tech competitors such as **Apple (0.0013)**, **Microsoft (0.0017)**, and **Nvidia (0.0001)**. Furthermore, Cisco supports this payout with a healthy **Cash Flow/Assets ratio of 0.0339** and manageable leverage (**Debt/Equity of 0.6374**). For income-focused portfolios, Cisco provides a rare combination of tech-sector exposure and reliable yield, compensating for its lack of aggressive capital appreciation.",claim_true,committed,high,Supports the claim.
F18,F,yes_no_mixed,"As of September 2025, is Meta's debt from acquisitions manageable?",yes|no|mixed|insufficient_data,"Meta's debt from acquisitions is manageable ... Debt/Assets ratio of 16.81% and Debt/Equity of 25.41%, well within safe thresholds.","** As of September 2025, Meta’s debt from acquisitions is manageable. The company maintains a conservative capital structure with a Debt/Assets ratio of 16.81% and Debt/Equity of 25.41%, well within safe thresholds. It generates strong operating cash flow (Cash Flow/Assets = 8.67%) and maintains solid profitability (ROA = 6.95%, ROE = 10.42%), indicating ample capacity to service debt. Market signals further support this view: despite minor short-term weakness (MACD = -1.1662), the stock shows price stability (AdjClose change: -0.03%) and strong long-term momentum (Long_Term_Reversal_13month_to_60month = 1.0889), reflecting investor confidence. There is no evidence of financial distress or market concern over leverage. Therefore, Meta’s financial strength and market standing suggest its acquisition-related debt is sustainable and within manageable limits.",yes,committed,high,Clearly selects 'yes' (manageable).
F19,F,company_choice,"Based on data for the first half of 2025, which is more financially stable: AMD or Intel?",AMD|INTC|insufficient_data,AMD is clearly more financially stable than Intel ... minimal leverage ... positive profitability vs. Intel's negative.,"Based on the provided fundamental data (medians for 2025-05-30 to 2025-11-26), **AMD is clearly more financially stable than Intel**. AMD exhibits a pristine balance sheet with minimal leverage (Debt/Assets at 5.19% vs. Intel's 26.36%; Debt/Equity at 6.51% vs. 48.00%), superior cash flow generation (1.95% vs. 1.06%), higher asset efficiency (10.27% sales turnover vs. 6.68%), and positive profitability (ROA 1.93% and ROE 1.32% vs. Intel's negative -1.74% and -2.67%). Intel's higher debt and operating losses expose it to greater vulnerability during downturns. This assessment prioritizes balance sheet strength and profitability—hallmarks of financial stability—while secondary metrics like Book/Price offer no countervailing evidence favoring Intel. Investors seeking stability should favor AMD.",AMD,committed,high,Clearly selects AMD.
F2,F,company_choice,"Based on Q3 2025 data, which generates better returns for shareholders: Microsoft or Google?",MSFT|GOOGL|insufficient_data,Alphabet (GOOGL) generated significantly better returns for shareholders compared to Microsoft ... 38.41% dwarfed MSFT's 5.48%.,"(Comprehensive and Professional)** Based on the Q3 2025 data (July 1 to September 30, 2025), **Alphabet (GOOGL) generated significantly better returns for shareholders compared to Microsoft (MSFT)**. The primary driver was **exceptional price appreciation**: GOOGL’s adjusted closing price rose **38.38%** during the quarter, substantially outperforming MSFT’s **5.44%** gain. While MSFT offered a slightly higher dividend yield (0.17% vs. 0.12%), the income component contributed minimally to total returns over this short horizon. As a result, GOOGL’s total shareholder return of approximately **38.41%** dwarfed MSFT’s **5.48%**. Fundamentally, GOOGL demonstrated stronger asset efficiency, lower leverage, and more attractive valuation metrics, supporting its performance. Technically, GOOGL exhibited robust medium-term momentum despite a minor short-term pullback, while MSFT showed steady but muted price movement with limited volatility. In conclusion, **GOOGL delivered superior shareholder returns in Q3 2025**, driven overwhelmingly by capital appreciation, supported by solid fundamentals and favorable price momentum.",GOOGL,committed,high,Clearly selects GOOGL.
F20,F,yes_no_mixed,"As of August 2025, should I be concerned about Meta's acquisition debt?",yes|no|mixed|insufficient_data,no strong evidence to suggest significant concern about Meta's acquisition debt.,"** As of August 2025, there is **no strong evidence to suggest significant concern about Meta’s acquisition debt**. The company maintains a **conservative capital structure** with a Debt/Assets ratio of 16.81% and Debt/Equity of 0.2541, supported by robust cash flow generation (Cash Flow/Assets: 8.67%) and solid profitability (ROA: 6.95%, ROE: 10.42%). Market signals show mild short-term bearish momentum (price down 1.51%, negative 5D/20D momentum), but no signs of financial distress—RSI is not oversold, MACD divergence is moderate, and strong long-term reversal signals (0.7196) may indicate undervaluation rather than risk. Together, fundamental strength and absence of market panic suggest that Meta’s debt levels, including any from acquisitions, are **within manageable bounds** and not a material concern at this time.",no,committed,high,Clearly selects 'no' (no strong evidence).
F21,F,company_choice,Is Microsoft cheaper or more expensive than Apple in September 2025?,MSFT|AAPL|similar|insufficient_data,Microsoft is cheaper than Apple ... Book-to-Price ratio of 0.0929 compared to Apple's 0.0220.,"Based on the data for September 2025, **Microsoft is cheaper than Apple.** Fundamentally, Microsoft trades at a more attractive valuation relative to its net assets, with a **Book-to-Price ratio of 0.0929** compared to Apple's **0.0220** (indicating Apple trades at a significantly higher multiple of its book value). Microsoft also offers a marginally higher dividend yield (0.17% vs 0.13%). Technically, Apple appears ""expensive"" and potentially overextended. Apple's stock price surged **10.84%** during the month, pushing its Relative Strength Index (RSI) to **82.77**, a level indicative of being overbought. In contrast, Microsoft rose only **2.54%** with an RSI of **65.42**. However, analysts should note that Apple's premium valuation is supported by superior efficiency, as evidenced by a **Return on Equity (ROE) of 35.36%**, significantly outperforming Microsoft's ROE of **8.90%**.",MSFT,committed,high,Clearly selects MSFT.
F22,F,open_summary_with_canonical_claim,"As of Q3 2025, why is Tesla's stock price so high compared to its earnings?",claim_true|claim_false|mixed,the market is driving the valuation based on technical momentum and speculative accumulation rather than current profitability.,"** As of Q3 2025, Tesla’s stock price is high compared to its earnings because the market is driving the valuation based on **technical momentum and speculative accumulation** rather than current profitability. While the fundamental data shows weak efficiency—with **Return on Equity at only 1.64%** and an **Earnings/Price yield marked as NA** (implying negligible or negative earnings)—the stock price has surged **47.89%** in the quarter. This rise is fueled by strong buying pressure, evidenced by an **RSI of 78.43** (indicating overbought conditions) and a bullish **MACD**, suggesting investors are paying a significant premium (approx. **13x Book Value**) for future potential rather than current financial results.",claim_true,committed,medium,Provides the explanation for the claim.
F23,F,valuation_judgment,Are semiconductor stocks expensive or cheap in mid-2025?,expensive|fair|cheap|insufficient_data,"Semiconductor stocks in mid-2025 were broadly expensive, driven by strong price momentum and speculative enthusiasm.","** Semiconductor stocks in mid-2025 were **broadly expensive**, driven by strong price momentum and speculative enthusiasm, particularly in high-profile names like NVDA, MU, and INTC. While leaders such as NVDA, KLAC, and LRCX exhibited strong fundamentals—including high return on equity and cash flow generation—that partially justify elevated valuations, many others showed significant divergence between price performance and underlying business health. For instance, INTC surged 79% despite negative return on assets, and MU rose 95% with only modest profitability, suggesting overvaluation. Technical indicators further support this: elevated RSI levels (e.g., MRVL at 89.5, AMAT at 87.1) and strong momentum signals indicate overbought conditions across the sector. Conversely, firms like TXN and ADI showed stable fundamentals but muted price action, potentially indicating relative value. Overall, the sector’s average valuation appears stretched, with prices reflecting optimistic expectations that may not be fully supported by fundamentals across all constituents.",expensive,committed,high,Clearly selects 'expensive'.
F24,F,category_choice,Is Amazon a value or growth stock at its August 2025 prices?,growth|value|mixed|insufficient_data,"Amazon is classified as a Growth stock ... high valuation relative to book value, zero dividend yield, strong momentum.","** At its August 2025 prices, Amazon is classified as a **Growth stock**. This determination is supported by its high valuation relative to book value (Book/Price: 0.1427), zero dividend yield, and strong medium-term price momentum (+27.35%), all of which indicate investors are pricing in future expansion rather than current intrinsic asset value.",growth,committed,high,Clearly selects 'growth'.
F25,F,company_choice,"As of September 2025, which offers better value: Netflix or Disney?",NFLX|DIS|insufficient_data,insufficient data prevents a definitive determination of which stock—Netflix or Disney—offers better value as of September 2025.,"As a senior financial analyst, my conclusion is that **insufficient data prevents a definitive determination of which stock—Netflix or Disney—offers better value as of September 2025**. Netflix exhibits a premium valuation (Price/Book ≈ 22.8x, no earnings yield available, modest cash flow efficiency at 4.56% of assets) with moderate profitability (ROE = 13.28%) and manageable debt (Debt/Equity = 0.5792), alongside short-term technical value cues (RSI ≈ 37, price -1.25% below period start, below MA_20). However, without any corresponding metrics for Disney, no relative value judgment can be made. Investors should seek Disney's fundamentals and signals for a complete analysis; on available evidence alone, Netflix does not present as a clear value play. Recommend awaiting full comparative data.",insufficient_data,noncommitted,high,Explicitly declines to determine due to insufficient data.
F26,F,valuation_judgment,Is PayPal undervalued or appropriately priced based on 2025 data?,undervalued|fairly_priced|overvalued|insufficient_data,PayPal appears mildly undervalued ... current price may not fully reflect its intrinsic stability and potential for mean reversion.,"** Based on the 2025 data, PayPal appears **mildly undervalued**. While its profitability metrics (e.g., ROE = 0.0618, ROA = 0.0151) and Book/Price ratio (0.2831) do not indicate deep value, the significant long-term underperformance (Long_Term_Reversal_13month_to_60month = -0.6228) and strong balance sheet (Debt/Equity = 0.1599) suggest the current price may not fully reflect its intrinsic stability and potential for mean reversion.",undervalued,committed,high,Clearly selects 'undervalued'.
F27,F,open_summary_with_canonical_claim,What makes Nvidia so valuable to investors in July 2025?,claim_true|claim_false|mixed,aggressive short-term price momentum backed by superior operational efficiency ... ROE of 28.24% and strong liquidity generation.,"In July 2025, Nvidia is valuable to investors because it delivers a combination of **aggressive short-term price momentum** backed by **superior operational efficiency**. Technically, the stock is a high-performance asset, delivering a **16.03% return** in a single month with an **RSI of 70.02**, indicating strong, sustained buying pressure. This short-term performance is supported by a massive long-term growth trend (Long Term Reversal > 11.0). Fundamentally, this premium valuation is supported by the company's ability to generate returns on capital. Investors value the company's high profitability, evidenced by a **Return on Equity (ROE) of 28.24%** and strong liquidity generation (**Cash Flow/Assets of 21.89%**). Furthermore, the company presents low solvency risk with a **Debt/Equity ratio of only 11.91%**. The market's willingness to pay a high premium for these metrics is reflected in the low **Book/Price ratio of 0.0310**, suggesting investors value the company's future growth potential significantly higher than its tangible assets.",claim_true,committed,high,Explains the claim with clear direction.
F28,F,valuation_judgment,Is Adobe expensive or reasonably priced for the year-to-date 2025?,expensive|fair|cheap|insufficient_data,"Adobe (ADBE) appears to be expensive relative to its book value, despite becoming more reasonably priced relative to its recent trading history.","** For the year-to-date period observed in 2025, Adobe (ADBE) appears to be **expensive relative to its book value**, despite becoming **more reasonably priced relative to its recent trading history**. The stock experienced a significant correction, dropping **16.06%** from 413.10 to 346.74 between May and November. This negative momentum (""Medium_Term_Momentum... -0.3263"") suggests the market has adjusted its valuation downward, removing some speculative premium. However, fundamental metrics indicate the stock still commands a high premium. The **Book/Price ratio of 0.0646** implies a Price-to-Book ratio of roughly 15.5x, which is a high valuation multiple, particularly given a moderate **Return on Equity of 12.86%** and a lack of dividend yield. While the price entry point is more attractive than it was in May 2025, the fundamentals suggest the stock is priced for growth rather than value.",expensive,committed,high,Clearly selects 'expensive'.
F29,F,company_choice,"As of Q3 2025, which is a better value: Qualcomm or Intel?",QCOM|INTC|insufficient_data,Qualcomm (QCOM) represents a better value than Intel (INTC) when evaluated holistically.,"** As of Q3 2025, **Qualcomm (QCOM) represents a better value than Intel (INTC)** when evaluated holistically. While Intel appears cheaper on a Book/Price basis (0.9856 vs. 0.3114), its negative return on assets (-0.0174) and return on equity (-0.0267) indicate fundamental weaknesses that undermine its valuation appeal. Intel’s 46.83% price surge in Q3, coupled with an RSI of 73.83 and strong short-term momentum, suggests a technical re-rating that may not be fully supported by underlying profitability. In contrast, Qualcomm demonstrates superior fundamentals, including positive ROA (0.0464), ROE (0.1028), and cash flow generation (0.0524), alongside a stable balance sheet and a modest dividend yield. Although Qualcomm’s price appreciation was more muted (+4.95%), its positive long-term reversal signal (0.7029) reflects sustained investor confidence. Therefore, Qualcomm offers stronger value due to its combination of profitability, financial health, and relatively restrained valuation, whereas Intel’s apparent cheapness is offset by operational challenges and potentially overheated price momentum.",QCOM,committed,high,Clearly selects QCOM.
F3,F,graded_judgment,"As of August 2025, how does Tesla's profitability compare to traditional automakers?",higher|similar|lower|insufficient_data,"without corresponding fundamental metrics for traditional automakers in the dataset, a precise relative comparison cannot be made.","As a senior financial analyst, based solely on the provided August 2025 context, Tesla exhibits modest profitability with a median ROA of 0.59%, ROE of 1.64%, and Cash Flow to Assets of 1.98%—levels consistent with a high-growth, capital-intensive firm prioritizing reinvestment over immediate returns (notably, zero dividend yield and unavailable earnings yield). However, without corresponding fundamental metrics for traditional automakers in the dataset, a precise relative comparison cannot be made. In broader industry context (not provided here), traditional players often sustain higher ROA/ROE (e.g., 3-8%) due to scale and maturity; Tesla's figures appear subdued by comparison, signaling potential vulnerability to economic pressures despite positive price momentum (10.32% AdjClose gain). Investors should monitor for earnings recovery to affirm competitive positioning. Recommend awaiting peer benchmarks for fuller analysis.",insufficient_data,noncommitted,high,Declines to determine due to lack of metrics.
F30,F,yes_no_mixed,Does Meta's valuation make sense after its 2025 recovery?,yes|no|mixed|insufficient_data,a mixed picture where a strong medium-term price recovery has resulted in a premium valuation that is currently being corrected by the market.,"**Does Meta’s valuation make sense after its 2025 recovery?** Meta's valuation presents a mixed picture where a strong medium-term price recovery has resulted in a premium valuation that is currently being corrected by the market. From a **fundamental perspective**, the valuation is demanding. The stock trades at a high premium to its book value (Book/Price: **0.1050**), yet generates a moderate Return on Equity of **10.42%**. While the company is financially secure with low leverage (Debt/Equity: **0.2541**) and healthy cash flow generation (Cash Flow/Assets: **0.0867**), the current metrics suggest the price may be pricing in growth that exceeds current profitability efficiency. From a **technical perspective**, the ""recovery"" is evident with a **10.78%** price increase over the period. However, the valuation is currently facing significant resistance. The stock is trading below its 20-day moving average (**752.79**) and the RSI is deeply oversold at **27.88**. This indicates that the market views the recent peak valuation as overextended, resulting in a sharp short-term pullback. **Conclusion:** The valuation makes sense as a premium for a safe, low-debt, cash-generative asset, but the current technical breakdown suggests the price ran up too quickly relative to fundamentals, leading to the current correction.",mixed,noncommitted,high,Explicitly states a mixed picture and balances opposing factors.
F31,F,company_choice,"As of mid-2025, which company uses its assets most efficiently: Amazon, Walmart, or Costco?",AMZN|WMT|COST|insufficient_data,Costco (COST) uses its assets most efficiently ... asset turnover (F_Sales/Assets = 0.8374) is over 3x higher than Amazon's. No data is available for Walmart.,"As a senior financial analyst, based solely on the provided mid-2025 data, **Costco (COST) uses its assets most efficiently** among the comparable companies. Costco's asset turnover (F_Sales/Assets = 0.8374) is over 3x higher than Amazon's (0.2458), indicating superior revenue generation per asset dollar—despite marginally lower ROA (0.0260 vs. 0.0270) and Cash Flow/Assets (0.0458 vs. 0.0477). No data is available for Walmart, precluding its inclusion in the comparison. This positions Costco as the efficiency leader for asset utilization in the given context. Investors should monitor margins and volatility (e.g., COST's -13.27% price decline) for a holistic view.",COST,committed,high,Clearly selects COST based on available data.
F32,F,open_summary_with_canonical_claim,"Why do software companies (like Adobe, Nvidia) have such high profit margins in 2025?",claim_true|claim_false|mixed,"high margins are a result of high ROA relative to Sales/Assets ratios; Nvidia through pricing power and low debt costs, Adobe through asset turnover and moderate financial leverage.","d Nvidia (NVDA) are driven by exceptional asset utilization and distinct capital structures. **1. Nvidia (NVDA): Operational Dominance and Efficiency** Nvidia exhibits superior profitability metrics that suggest an implied net profit margin of approximately **64%** (derived from a Return on Assets of 21.31% divided by a Sales/Assets ratio of 0.3321). * **Pure Operational Efficiency:** Nvidia's high margins are not artificially inflated by debt. The company maintains a very low Debt/Equity ratio of 0.1028 and Debt/Assets of 0.0732. This indicates that its massive Return on Equity (33.38%) is derived almost exclusively from its ability to generate high sales and retain earnings from its asset base. * **Cash Generation:** With a Cash Flow/Assets ratio of 0.1092, Nvidia converts its asset base into cash highly effectively, supporting its 38.48% price appreciation during this period. **2. Adobe (ADBE): Solid Profitability with Moderate Leverage** Adobe demonstrates strong, albeit lower, profitability compared to Nvidia, with an implied net profit margin of approximately **27.9%** (derived from an ROA of 5.84% and Sales/Assets of 0.2090). * **Leveraged Returns:** Unlike Nvidia, Adobe utilizes more leverage to achieve its returns, evidenced by a Debt/Equity ratio of 0.5733 and Debt/Assets of 0.2335. While its Return on Equity is respectable at 12.86%, the lower ROA (5.84%) suggests that Adobe requires more assets and debt to generate its profit relative to Nvidia. **Conclusion** The ""high margins"" observed in 2025 are a result of high **Return on Assets (ROA)** relative to **Sales/Assets** ratios. Nvidia achieves this through pricing power and low debt costs, while Adobe maintains healthy margins through a combination of asset turnover and moderate financial leverage.",claim_true,committed,high,Explains why the claim is true.
F33,F,yes_no_mixed,Is Tesla's manufacturing as efficient as its September 2025 valuation suggests?,yes|no|mixed|insufficient_data,"No, Tesla's manufacturing efficiency is not as strong as its September 2025 valuation suggests.","** No, Tesla’s manufacturing efficiency is not as strong as its September 2025 valuation suggests. The stock's 35.03% price surge to 444.72 (with RSI=78.4302 and MACD=26.9521) reflects optimistic market pricing, but fundamentals indicate subdued efficiency: modest F_Sales/Assets=0.1750, very low F_ROA=0.0059 and F_ROE=0.0164, weak F_Cash Flow/Assets=0.0198, and absent earnings (F_Earnings/Price=NA), signaling valuation exceeds operational reality.",no,committed,high,Clearly selects 'no'.
F34,F,graded_judgment,"Based on Q2 2025 data, how efficiently does Google use its assets compared to other tech giants?",more_efficient|similar|less_efficient|insufficient_data,"GOOGL outperforms across all metrics, demonstrating superior asset efficiency.","ts: 0.0760 ($0.076 cash flow per $1 of assets). These indicate solid efficiency, supported by low debt (F_Debt/Assets: 0.0475) and positive returns. 3. **What are the comparison tech firm (ON)'s asset efficiency metrics in Q2 2025?** - F_Sales/Assets: 0.1091 (generates $0.11 in sales per $1 of assets). - F_Return on Assets: -0.0370 (-3.70% return per $1 of assets). - F_Cash Flow/Assets: 0.0454 ($0.045 cash flow per $1 of assets). These reflect lower efficiency, with negative ROA/ROE and higher debt (F_Debt/Assets: 0.2543), signaling strain. 4. **How do GOOGL's metrics compare to ON (proxy for other tech giants)?** | Metric | GOOGL | ON | Comparison | |---------------------|-----------|------------|-----------------------------| | F_Sales/Assets | 0.1898 | 0.1091 | GOOGL 74% higher turnover | | F_Return on Assets | 0.0573 | -0.0370 | GOOGL positive vs. negative| | F_Cash Flow/Assets | 0.0760 | 0.0454 | GOOGL 67% higher | GOOGL outperforms across all metrics, demonstrating superior asset efficiency. ### Final Comprehensive Answer Google (GOOGL) demonstrates significantly higher asset efficiency than the provided peer tech firm (ON Semiconductor) based on Q2 2025 median fundamental data. Key metrics—Sales/Assets (0.1898 vs. 0.1091), Return on Assets (5.73% vs. -3.70%), and Cash Flow/Assets (0.0760 vs. 0.0454)—show GOOGL generates more revenue, profitability, and cash per dollar of assets, bolstered by lower leverage. This positions Google as a more efficient operator relative to this tech comparator, though broader ""tech giant"" benchmarking would require additional peers. Investors should view GOOGL favorably for asset utilization in this period.",more_efficient,committed,high,Clearly selects 'more_efficient'.
F35,F,open_summary_with_canonical_claim,Why is Apple's return on equity so extraordinarily high in 2025?,claim_true|claim_false|mixed,primarily due to the company's aggressive use of financial leverage and a highly efficient capital structure ... lean equity base mathematically inflates the ROE metric.,"** Apple's Return on Equity (ROE) of **35.36%** is extraordinarily high primarily due to the company's aggressive use of **financial leverage** and a highly efficient **capital structure**. While Apple demonstrates strong operational performance with a **Return on Assets (ROA) of 7.11%**, the ROE is magnified by a **Debt-to-Equity ratio of 1.5449**, which indicates the company utilizes significant debt financing relative to shareholder equity. Additionally, the exceptionally low **Book-to-Price ratio of 0.0220** suggests a lean equity base (likely due to historical capital returns to shareholders), which mathematically inflates the ROE metric. This efficient use of capital is correlated with strong market sentiment, as reflected by a **29.02% price increase** and an **RSI of 79.64** during the observed period.",claim_true,committed,high,Explains the reason for the claim.
F36,F,yes_no_mixed,"Does AMD use its assets more efficiently after its recent investments, as of August 2025?",yes|no|mixed|insufficient_data,AMD does not appear to be using its assets efficiently in the current window.,"** Based on the data from August 2025, **AMD does not appear to be using its assets efficiently** in the current window. The **Fundamental Data** indicates a low conversion of assets into revenue and profit. The **Sales/Assets ratio of 0.1027** implies that the company generates only ~10 cents of revenue for every dollar of assets held. Additionally, the **Return on Assets (ROA)** is a meager **1.93%** (`0.0193`), and **Cash Flow/Assets** is similarly low at **1.95%**. These metrics suggest that if recent investments were made to expand the asset base, they have not yet translated into significant operational leverage or profitability. The **Volatility Data** reinforces this assessment, showing a lack of investor confidence. The stock price fell by **5.28%** during the month, ending at 162.63, with negative momentum (`Momentum_20D=-0.0528`) and a weak RSI of **40.80**. The market's bearish behavior aligns with the weak fundamental efficiency ratios, suggesting that investors do not currently view the company's asset utilization as a strength.",no,committed,high,Clearly selects 'no'.
F37,F,company_choice,"As of Q3 2025, which generates more cash per dollar of assets: Netflix or Apple?",NFLX|AAPL|insufficient_data,Apple generates more cash per dollar of assets than Netflix ... 0.0841 vs 0.0456.,"** As of Q3 2025, Apple generates more cash per dollar of assets than Netflix. According to the fundamental data, Apple's Cash Flow to Assets ratio is 0.0841, meaning it generates roughly 8.4 cents of cash for every dollar of assets. In contrast, Netflix's ratio is 0.0456, generating roughly 4.5 cents per dollar of assets. This superior fundamental efficiency for Apple is also reflected in its broader market performance during the quarter, where it saw a 22.66% increase in share price, compared to Netflix's 7.32% decline.",AAPL,committed,high,Clearly selects AAPL.
F38,F,category_choice,"In 2025, is Cisco's asset base productive or aging into obsolescence?",productive|aging|mixed|insufficient_data,Cisco's asset base in 2025 shows signs of aging into obsolescence rather than robust productivity.,"** **Cisco’s asset base in 2025 shows signs of aging into obsolescence rather than robust productivity.** While the company remains profitable and generates positive cash flows, its **low Return on Assets (2.13%) and weak Sales-to-Assets ratio (12%)** indicate **suboptimal utilization of its asset base**. These metrics suggest that Cisco is not efficiently converting its assets into revenue or profit, especially when benchmarked against high-growth technology peers. The **modest cash flow yield** further limits reinvestment potential. Although market indicators are mildly positive, they do not reflect a transformation in operational efficiency. Therefore, the evidence points toward an **asset base that is aging and facing productivity challenges**, potentially due to **slower innovation cycles, legacy infrastructure, or competitive pressures** in its core networking markets. > **Recommendation:** Investors and management should scrutinize asset renewal strategies, R&D efficiency, and potential divestitures or reallocations to reverse the trend of declining asset productivity.",aging,committed,high,Clearly selects 'aging'.
F39,F,graded_judgment,How efficiently does Broadcom generate in 2025?,efficient|moderate|inefficient|insufficient_data,Broadcom generates returns with moderate efficiency relative to its capital base ... ROA of 3.35% ... asset turnover relatively low.,"** Based on the provided data for 2025, Broadcom (AVGO) demonstrates a divergence between its fundamental operational efficiency and its market price returns. **Operational Efficiency:** Broadcom generates returns with moderate efficiency relative to its capital base. The company posted a **Return on Assets (ROA) of 3.35%** and a **Return on Equity (ROE) of 7.12%**. The disparity between ROA and ROE is partially explained by the company's leverage, evidenced by a **Debt/Equity ratio of 0.9669**. The company's asset turnover is relatively low, with a **Sales/Assets ratio of 0.0911**, indicating significant capital is required to generate revenue. Note that the **Earnings/Price** ratio was reported as ""NA,"" limiting a valuation-based efficiency assessment. **Shareholder Return Efficiency:** In terms of market performance, Broadcom was highly effective at generating shareholder value during the observed period (May 24, 2025, to November 20, 2025). The stock price appreciated by **44.18%**, moving from **234.69 to 338.37**. However, by the end of this period, technical efficiency appeared to wane; the stock closed below its 20-day moving average (**344.06**) and the **RSI of 23.35** suggests the stock is currently in oversold territory, potentially indicating a short-term pullback despite the strong multi-month trend.",moderate,committed,high,Clearly selects 'moderate'.
F4,F,yes_no_mixed,Is Nvidia's profitability sustainable with its valuation in September 2025?,yes|no|mixed|insufficient_data,"Nvidia's profitability is highly sustainable and supported by strong operational efficiency, though its valuation leaves little room for error.","Based on data from September 2025, Nvidia’s profitability is highly sustainable and supported by strong operational efficiency, though its valuation leaves little room for error. The company demonstrates exceptional financial health, characterized by a **Return on Equity of 33.38%** and a **Return on Assets of 21.31%**, achieved with low leverage (**Debt/Equity of 0.1028**). These metrics indicate that the underlying business is generating substantial returns on capital. The market has recognized this performance, driving the stock up **9.26%** for the month with strong bullish momentum (**MACD 1.8439 > Signal 0.9646**). However, the valuation is extremely premium, evidenced by a **Book/Price ratio of 0.0237** (implying a Price-to-Book of ~42x). While the profitability justifies a premium, the current valuation assumes that this high level of operational efficiency will continue indefinitely.",yes,committed,medium,Selects 'yes' but notes valuation caveats.
F40,F,company_choice,"As of mid-2025, which streaming company uses capital more efficiently: Netflix or Roku?",NFLX|ROKU|insufficient_data,a determination cannot be made due to the absence of financial or market data for Roku in the provided contexts.,"** As of mid-2025, a determination of which streaming company—Netflix or Roku—uses capital more efficiently **cannot be made** due to the absence of financial or market data for Roku in the provided contexts. While Netflix’s fundamental metrics indicate moderate to strong capital efficiency—evidenced by a Return on Assets (ROA) of 6.36%, Return on Equity (ROE) of 13.28%), and a Sales/Assets ratio of 0.2086—there are no comparable figures for Roku. Without data on Roku’s profitability, asset utilization, or leverage, any comparison would be speculative. Market-based volatility signals for Netflix, such as momentum and RSI, reflect price trends rather than capital efficiency and do not compensate for the missing fundamental data. Therefore, based on the available information, **only Netflix’s capital efficiency can be assessed, not the relative performance between the two firms.**",insufficient_data,noncommitted,high,Declines to determine due to insufficient data.
F41,F,screening_top1,"As of September 2025, which NASDAQ stocks are best for dividend income investors?",KHC|CCEP|CSCO|TXN|none_clear,Top Yield & Stability: The Kraft Heinz Company (KHC) ... Yield: 1.56% (Highest in the dataset).,"As of September 2025, the following stocks from the provided list are best suited for dividend income investors, categorized by their specific income profiles: 1. **Top Yield & Stability: The Kraft Heinz Company (KHC)** * **Yield:** 1.56% (Highest in the dataset). * **Performance:** KHC demonstrated exceptional stability during the period with a **0.08%** price change. * **Analyst Note:** While KHC offers the highest immediate income and price stability, investors should note the underlying fundamental weakness indicated by a negative Return on Equity (-17.28%). 2. **Balanced Income & Growth: Coca-Cola Europacific Partners (CCEP)** * **Yield:** 1.02% (Second highest). * **Performance:** CCEP provided a strong total return with a **3.41%** price increase. * **Analyst Note:** CCEP appears fundamentally stronger than KHC, boasting a robust Return on Equity of 39.19%, making it a potentially safer long-term hold despite the lower nominal yield. 3. **Secondary Options:** * **ASML (1.00% Yield):** Suitable only for income investors willing to accept high volatility, as the stock surged **33.37%** in one month. * **Exelon Corp (EXC):** Offers a **0.92%** yield with steady price appreciation of **3.78%**. **Stocks to Avoid for Income:** Investors seeking dividends should avoid the ""Bottom 10"" listed in the volatility context (including **TSLA, SNPS, SHOP, WDAY**), as they report a **0.0000** dividend yield. Additionally, **CMCSA** and **PAYX**, while paying dividends, suffered significant capital depreciation (-7.94% and -6.77% respectively) during the period.",KHC,committed,high,Clearly selects KHC.
F42,F,yes_no_mixed,"In 2025, does Microsoft return more capital to shareholders than Apple?",yes|no|mixed|insufficient_data,"No, Microsoft did not return more capital to shareholders than Apple in 2025.","** No, Microsoft did not return more capital to shareholders than Apple in 2025. While Microsoft had a higher dividend yield, Apple’s significantly stronger cash flow, return on equity, and market signals indicate a substantially larger share buyback program, resulting in greater total capital return to shareholders.",no,committed,high,Clearly selects 'no'.
F43,F,yes_no_mixed,Is Apple's dividend safe given its high debt load as of Q3 2025?,yes|no|mixed|insufficient_data,"Apple's dividend appears safe, and the 'high debt load' does not present an immediate threat to the payout.","** Based on the data from Q3 2025, Apple’s dividend appears **safe**, and the ""high debt load"" does not present an immediate threat to the payout. While the **F_Debt/Equity ratio of 1.5449** indicates significant leverage, this is offset by three factors: 1. **Manageable Asset Coverage:** The **F_Debt/Assets ratio of 0.3068** shows that the majority of the company's asset base is not debt-financed. 2. **Strong Profitability:** The company is generating a high **Return on Equity (0.3536)** and healthy **Cash Flow/Assets (0.0841)**, providing ample liquidity to service debt. 3. **Minimal Payout Burden:** With a **Dividend Yield of only 0.13%**, the financial obligation to maintain the dividend is extremely low relative to the company's cash generation. Furthermore, market sentiment strongly contradicts any distress thesis. The stock price appreciated **22.66%** during the quarter with an **RSI of 82.77**, indicating robust investor confidence in the company's financial health.",yes,committed,high,Clearly selects 'yes'.
F44,F,open_summary_with_canonical_claim,"Why don't high-growth tech companies (like Amazon, Meta) pay dividends in 2025?",claim_true|claim_false|mixed,shareholder value is better maximized through reinvestment rather than payouts ... capital gains derived from this reinvestment strategy over immediate income.,"**High-growth tech companies like Amazon and Meta do not pay significant dividends in 2025 because their internal financial metrics dictate that shareholder value is better maximized through reinvestment rather than payouts.** Based on the provided data: 1. **Amazon (Yield: 0.00%)** retains capital to support high-volume operations (`F_Sales/Assets: 0.2458`) and manage leverage (`F_Debt/Equity: 0.4013`). 2. **Meta (Yield: 0.07%)** retains capital because it generates a high Return on Equity (10.42%) and strong Cash Flow (8.67% of assets), which drives stock price appreciation (+10.78% over the period) that far exceeds the value of a potential dividend. Both companies exhibit strong medium-term momentum, signaling that investors prefer the capital gains derived from this reinvestment strategy over immediate income.",claim_true,committed,medium,Supports the claim of reinvestment being better.
F45,F,category_choice,"As of 2025, which is more shareholder-friendly: companies with high dividends or high buybacks?",high_dividends|high_buybacks|similar|insufficient_data,"companies prioritizing capital appreciation (zero or near-zero dividend yields, implying reinvestment or buybacks) were significantly more shareholder-friendly than high-dividend payers.","** As of the observation period ending November 20, 2025, companies prioritizing **capital appreciation** (characterized by zero or near-zero dividend yields, implying reinvestment or buybacks) were significantly more **shareholder-friendly** than high-dividend payers. The data reveals a stark divergence in Total Return. High-dividend issuers largely failed to protect shareholder value. For instance, **Kraft Heinz (KHC)** offered the highest yield in the dataset at **1.56%**, yet saw a price return of **-0.01%** and negative ROE. Similarly, **Comcast (CMCSA)** offered a **0.93%** yield but suffered a **9.82%** decline in share price, and **ADP** (0.90% yield) dropped **9.64%**. Conversely, companies retaining capital delivered exceptional returns. **AppLovin (APP)**, with a **0.00%** dividend yield, delivered a **79.24%** price increase supported by a massive **82.7% Return on Equity**. **Micron (MU)**, with a negligible **0.12%** yield, appreciated **95.19%**, and **Nvidia (NVDA)** rose **38.48%**. The market heavily rewarded high-ROE growth profiles over income strategies during this period.",high_buybacks,committed,high,Selects capital appreciation/buybacks over dividends.
F46,F,category_choice,Is PayPal's lack of dividend (as of August 2025) a red flag or smart capital allocation?,red_flag|smart_allocation|mixed|insufficient_data,"aligning with its profile as a fintech growth stock ... Red flags would require high debt, negative returns, or stagnation—none apply here.","**Smart capital allocation.** PayPal's 0.0000 dividend yield reflects a deliberate choice to prioritize growth over payouts, aligning with its profile as a fintech growth stock. Key supporting factors from the data: - **Low leverage** (F_Debt/Assets=0.0405, F_Debt/Equity=0.1599) provides ample balance sheet flexibility for reinvestment in tech, acquisitions, or buybacks without dividend pressure. - **Positive returns** (F_ROE=0.0618, F_ROA=0.0151) and recent price momentum (4.59% monthly gain, Momentum_20D=0.0459) indicate operational viability and market confidence in growth potential. - **No earnings drag evident** despite F_Earnings/Price=NA; low F_Cash Flow/Assets=0.0113 suggests cash is being deployed internally rather than distributed, common for high-growth firms avoiding the ""red flag"" of unsustainable dividends. This strategy avoids signaling weakness (e.g., via dividend cuts) and supports medium-term momentum (0.0517). Red flags would require high debt, negative returns, or stagnation—none apply here.",smart_allocation,committed,high,"Dismisses red flag, aligns with smart allocation."
F47,F,premise_check,Why does Intel maintain its dividend in 2025 despite its challenges?,premise_false|premise_true_explained|insufficient_data,"Intel does not maintain a dividend in 2025, as evidenced by a dividend yield of 0.0000 ... The premise is inconsistent with the data.","** Intel does not maintain a dividend in 2025, as evidenced by a dividend yield of 0.0000 in the Fundamental Data Context. This absence is justified by weak fundamentals, including negative returns on assets (-0.0174) and equity (-0.0267), and minimal cash flow generation (0.0106). Despite a 79.22% stock price increase and bullish technical signals such as an RSI of 78.36 (indicating overbought conditions) and strong 20-day momentum (0.5039), the rally appears driven by speculative or turnaround expectations rather than income distribution. Therefore, Intel’s decision to forgo a dividend aligns with its financial constraints, and the market’s behavior reflects a focus on capital appreciation, not yield. The premise that Intel ""maintains"" its dividend is inconsistent with the data.",premise_false,committed,high,Explicitly states the premise is false.
F49,F,yes_no_mixed,Should dividend investors avoid high P/E tech stocks entirely in 2025?,yes|no|mixed|insufficient_data,"No, dividend investors should not avoid high P/E tech stocks entirely in 2025 ... a Total Return approach is superior.","** **No, dividend investors should not avoid high P/E tech stocks entirely in 2025.** Based on the 2025 dataset, a ""Total Return"" approach is superior to a ""Yield Only"" approach. While ""High Growth"" tech stocks (e.g., **NVDA**, **AAPL**) offer negligible immediate yields, their massive price appreciation (29%–44%) and superior Return on Equity (ROE >30%) provide portfolio growth that offsets inflation better than stagnant high-yielders like **KHC**. Furthermore, the data supports an allocation to **""Mature Tech""** (e.g., **CSCO**, **TXN**, **QCOM**). These companies offer a compelling compromise, providing yields (`~0.6%` in this dataset) that rival traditional defensive sectors while maintaining healthier balance sheets (lower debt leverage) and better price momentum than Utilities. Investors should view these mature tech stocks as modern defensive income generators.",no,committed,high,Clearly selects 'no'.
F5,F,yes_no_mixed,"Does Amazon actually make money despite its low profit margins, based on 2025 data?",yes|no|mixed|insufficient_data,"Yes, based on the 2025 data, Amazon is actually making money ... positive Return on Assets of 2.70% and Return on Equity of 6.38%.","** **Yes, based on the 2025 data, Amazon is actually making money.** The data confirms profitability through a positive **Return on Assets of 2.70%** and **Return on Equity of 6.38%**. Furthermore, the company demonstrates strong liquidity generation with a **Cash Flow to Assets ratio of 4.77%**, which indicates that its actual cash generation exceeds its accounting profits. This financial performance is reflected in the stock's capital appreciation, showing a **6.55% increase** in share price over the observed period.",yes,committed,high,Clearly selects 'yes'.
F50,F,screening_top1,"As of September 2025, which tech company has the best overall fundamental profile?",APP|LRCX|KLAC|NVDA|AAPL|none_clear,AppLovin Corporation (APP) exhibits the best overall fundamental profile ... ROA at 14.89% (highest) and ROE at 82.70% (highest).,"ty=0.4547 (low-moderate), Book/Price=0.0799. - **KLAC**: ROA=0.0777 (3rd), ROE=0.2984 (2nd), Cash Flow/Assets=0.0725, Sales/Assets=0.1976 (strong), Debt/Equity=1.2540 (elevated), Book/Price=0.0397. - **AMAT**: ROA=0.0457, ROE=0.0928, Cash Flow/Assets=0.0770, Sales/Assets=0.2134 (strong), Debt/Equity=0.3211 (low). - **TXN**: ROA=0.0391, ROE=0.0770, Cash Flow/Assets=0.0532, Sales/Assets=0.1273, Debt/Equity=0.8561, Dividend=0.0066 (positive). - Others weaker: INTC/TEAM (negative ROA/ROE), TSLA/MRVL/SNPS/TTD/DXCM/MU (low ROA/ROE <0.05), ASML (negative Cash Flow/Assets). **Reasoning**: APP dominates profitability (unmatched ROA/ROE) and efficiency, signaling superior operations despite high leverage (common in high-growth tech). LRCX/KLAC are balanced runners-up but trail in raw returns. No other tech matches APP's profile. ### Final Comprehensive Answer As a senior financial analyst, my evaluation of the provided September 2025 fundamental data concludes that **AppLovin Corporation (APP)** exhibits the best overall fundamental profile among the tech companies. APP leads decisively in core profitability metrics—ROA at 14.89% (highest) and ROE at 82.70% (highest)—while delivering strong efficiency with Cash Flow/Assets at 12.96% and Sales/Assets at 21.12%. Although its Debt/Equity ratio of 3.01 indicates elevated leverage risk, this is offset by exceptional returns on assets (unlevered profitability), characteristic of high-growth ad tech firms. Comparables like LRCX (strong efficiency, moderate leverage) and KLAC (solid ROE) are commendable but inferior in magnitude of profitability. Investors should monitor leverage, but APP's metrics position it as the fundamental standout in this cohort. This assessment relies solely on the given medians and excludes volatility signals.",APP,committed,high,Clearly selects APP.
F6,F,open_summary_with_canonical_claim,"In mid-2025, why do investors love companies like Adobe and Nvidia?",claim_true|claim_false|mixed,"Nvidia is the primary beneficiary of investor enthusiasm ... Adobe, contrary to the premise of 'love', is actually facing negative market sentiment, though it retains fundamental stability.","In mid-2025, the data indicates a distinct divergence in why and how investors view these two companies. **Nvidia (NVDA)** is the primary beneficiary of investor enthusiasm. The ""love"" for NVDA is driven by a powerful combination of market performance and operational excellence. * **Market Performance:** Investors have driven the stock up **38.48%** during this period, supported by strong buying momentum (**Momentum_20D=0.1234**) and a bullish MACD (**3.1174**). * **Fundamental Drivers:** This sentiment is underpinned by exceptional efficiency, with NVDA boasting a Return on Equity (ROE) of **33.38%** and a Return on Assets (ROA) of **21.31%**. Additionally, the company is highly solvent with a low Debt/Assets ratio of **0.0732**, making it a low-risk, high-growth asset. **Adobe (ADBE)**, contrary to the premise of ""love,"" is actually facing negative market sentiment, though it retains fundamental stability. * **Market Performance:** The market has actively sold off ADBE, resulting in a **16.06%** decline and negative medium-term momentum (**-0.3263**). * **Fundamental Drivers:** Any remaining investor interest is likely anchored in fundamentals rather than price action. ADBE remains profitable with an ROE of **12.86%** and healthy Cash Flow/Assets of **0.0780**. However, its higher leverage (**Debt/Equity: 0.5733**) and lower asset turnover compared to NVDA may be contributing to its underperformance relative to the semiconductor giant.",mixed,noncommitted,high,"Indicates different conclusions for Nvidia and Adobe, making it mixed."
F7,F,yes_no_mixed,"As of Q3 2025, is Intel still a profitable investment despite losing market share?",yes|no|mixed|insufficient_data,"From a shareholder return perspective, it has been a highly profitable investment ... However, from a fundamental business perspective, the company is not profitable.","** As of Q3 2025, Intel presents a mixed profile. **From a shareholder return perspective, it has been a highly profitable investment** during this quarter, delivering a **46.83% return** driven by strong technical momentum and a rebound from long-term lows. However, **from a fundamental business perspective, the company is not profitable.** It is generating negative returns on equity and assets, has no reportable earnings (P/E is NA), and pays no dividend. The surge in share price appears to be a technical recovery from a valuation floor (trading near Book Value), rather than a reflection of current operational success. Investors are effectively betting on a future turnaround, as the current financials remain distressed.",mixed,noncommitted,high,Weights two opposing dimensions equally.
F8,F,graded_judgment,"For the first half of 2025, how profitable is Netflix compared to traditional media companies?",higher|similar|lower|insufficient_data,"Netflix is more profitable than traditional media companies in the first half of 2025, evidenced by superior ROA (6.36% vs. peers' 1-5%), ROE (13.28% vs. 3-10%).","Netflix is more profitable than traditional media companies in the first half of 2025, evidenced by superior ROA (6.36% vs. peers' 1–5%), ROE (13.28% vs. 3–10%), and cash flow efficiency, with volatility signals confirming short-term caution but long-term fundamental strength.",higher,committed,high,Clearly selects 'higher'.
F9,F,yes_no_mixed,Does Meta's profitability justify its stock price as of September 2025?,yes|no|mixed|insufficient_data,Meta's profitability does not fully justify its September 2025 stock price ... metrics fall short of supporting the implied premium valuation.,"As a senior financial analyst, my assessment concludes that **Meta’s profitability does not fully justify its September 2025 stock price of approximately $734 per share**. While fundamentals reflect moderate operational strength—highlighted by ROE of 10.42%, ROA of 6.95%, Cash Flow/Assets of 8.67%, and low leverage (Debt/Equity at 25.41%)—these metrics fall short of supporting the implied premium valuation (P/B ≈ 9.52x, Dividend Yield 0.07%). The absence of Earnings/Price data further undermines confidence in earnings-driven justification, positioning the stock as potentially overvalued relative to disclosed profitability. Investors should monitor earnings recovery and growth catalysts for sustained price support; a more conservative stance is warranted absent additional positive signals.",no,committed,high,Clearly selects 'no'.
FT1,FT,supportive_judgment,"As of August 2025, is Apple a good buy given its valuation and price trend?",supportive|unsupportive|conditional|insufficient_data,"Momentum favors holding/buying dips, but high valuation limits upside for value investors—wait for pullback to MA_20.","**No, Apple is not a strong buy as of August 2025, though the price trend supports short-term momentum plays.** ### Price Trend (Bullish Short-Term): - AdjClose rose +14.84% (202.15 → 232.14), with Momentum_20D at +14.84% and Momentum_5D at +1.92%. - Price > MA_20 (225.70) and EMA_20 (225.74), confirming uptrend. - RSI (60.39) neutral; MACD (4.85) near signal (4.95), mildly positive. - Short-term positives (Short_Term_Reversal_1month +11.37%, Mean_Reversal_60D +9.15%), but medium-term drag (-8.55%). ### Valuation (Expensive): - F_Book/Price at 0.022 (P/B ~45x) signals overvaluation vs. assets. - F_Earnings/Price NA; low F_Dividend Yield (0.13%) offers little income safety. - Solid profitability (ROE 35.36%, ROA 7.11%), but high F_Debt/Equity (1.54) adds risk. - Mediocre efficiency (F_Cash Flow/Assets 8.41%, F_Sales/Assets 28.37%). **Recommendation**: Momentum favors holding/buying dips, but high valuation limits upside for value investors—wait for pullback to MA_20 (~225).",conditional,noncommitted,high,Conditional on waiting for a pullback.
FT10,FT,supportive_judgment,Should I average down on my Qualcomm position that's losing money in Q3 2025?,supportive|unsupportive|conditional|insufficient_data,the environment for averaging down on Qualcomm (QCOM) appears favorable for an investor with a risk tolerance for potential short-term consolidation.,"** Based on the Q3 2025 data, the environment for averaging down on Qualcomm (QCOM) appears **favorable for an investor with a risk tolerance for potential short-term consolidation**. The rationale is threefold: 1. **Technical Reversal:** The stock has broken its immediate downtrend, closing Q3 up **4.95%** and trading above its 20-day moving average, signaling a potential end to the negative medium-term momentum. 2. **Fundamental Strength:** QCOM displays superior profitability (ROE 10.28%) and cash flow generation compared to sector peers (like ON), suggesting the underlying business remains healthy despite previous price declines. 3. **Momentum Shift:** Positive short-term momentum (+5.36% over 20 days) contrasts with the negative 12-month trend, often a signature of a ""bottoming"" process. *Note: Investors should monitor the MACD for a bullish crossover above the signal line to confirm the rally's longevity before committing significant additional capital.*",conditional,noncommitted,high,Conditional on the investor's risk tolerance.
FT11,FT,supportive_judgment,"As of August 2025, is Costco worth buying for dividend income?",supportive|unsupportive|conditional|insufficient_data,Costco (COST) is not suitable for an investment strategy primarily focused on dividend income ... yield is extremely low at 0.11%.,"** Based on the data from August 2025, Costco (COST) is **not suitable** for an investment strategy primarily focused on **dividend income**. While the company demonstrates strong financial health with a conservative `F_Debt/Equity` ratio of **0.3016** and positive cash flow, the `F_Dividend Yield` is extremely low at **0.11%** (`0.0011`). This yield is insufficient to generate meaningful income relative to the capital required. From a technical perspective, the stock appears to be in a short-term downtrend, trading below its 20-day moving average (`943.32` vs `966.80`) with negative momentum (`MACD=-4.8056`). However, the Relative Strength Index (`RSI=29.6978`) indicates the stock is **oversold** (below 30), which often precedes a price rebound. While this might make COST attractive for a value or growth investor looking for a discounted entry point, the lack of significant yield means it does not meet the requirements for an income-focused portfolio.",unsupportive,committed,high,Clearly selects 'unsupportive'.
FT12,FT,yes_no_mixed,Has AMD's momentum turned positive after the July 2025 selloff?,yes|no|mixed|insufficient_data,AMD's momentum has turned positive in the short term following the July 2025 period ... short-term signals affirm a positive momentum shift.,"As a senior financial analyst, my assessment based solely on the provided data concludes that **AMD's momentum has turned positive in the short term following the July 2025 period, despite no clear evidence of a broad selloff**. The stock delivered a robust +29.53% price gain from July 1 (136.11) to July 31 (176.31), with bullish short-term indicators (Momentum_5D at +8.75%, Momentum_20D at +27.28%, Short_Term_Reversal_1month at +26.50%, and MACD above its signal line) confirming upward traction. Price trading above the MA_20 (156.24) and EMA_20 (158.90), alongside elevated OBV, reinforces this. A slight One_Day_Reversal (-1.78%) and medium-term weakness (-20.77%) introduce caution, and RSI (81.10) flags overbought risks, but fundamentals remain stable (e.g., positive cash flow and ROE metrics). Investors should monitor for medium-term confirmation, but short-term signals affirm a positive momentum shift.",yes,committed,high,Clearly selects 'yes'.
FT13,FT,supportive_judgment,"In mid-2025, should I switch from bonds to Pepsi stock for income?",supportive|unsupportive|conditional|insufficient_data,you should not switch from bonds to Pepsi stock if your primary goal is income ... dividend yield of 0.0000 for PEP.,"** Based on the provided data for mid-to-late 2025, you should **not** switch from bonds to Pepsi stock if your primary goal is **income**. The fundamental data indicates a dividend yield of 0.0000 for PEP, meaning the stock would not provide the regular cash flow associated with bonds. While PEP demonstrated a positive price return of 10.32% during this period, this represents capital appreciation (growth) rather than income. Additionally, PEP's high Debt-to-Equity ratio (2.77) introduces a leverage risk that may exceed the risk tolerance of a conservative bond investor. The switch would effectively be a transition from an income strategy to a growth strategy, not a substitution of income sources.",unsupportive,committed,high,Clearly selects 'unsupportive'.
FT14,FT,category_choice,Is Broadcom's Q3 2025 rally sustainable or should I take profits?,sustainable|take_profits|mixed|insufficient_data,"appears unsustainable in the near term, warranting profit-taking.","Based solely on the provided volatility signals and fundamentals, Broadcom's Q3 2025 rally (24.83% gain) appears **unsustainable in the near term, warranting profit-taking**. Technicals reveal short-term downside risks—price below MA_20/EMA_20, oversold RSI (13.18), bearish MACD crossover, and negative 5-day momentum—despite some medium-term positives, compounded by extreme long-term reversal signals. Fundamentals further undermine durability, with low profitability (ROA 2.76%, ROE 5.96%), inefficient asset use, high debt burdens, and elevated valuations (low book/price). While a short-term oversold bounce is possible, the confluence of exhaustion signals and weak fundamentals recommends realizing gains to mitigate reversal risks. Investors should monitor for RSI stabilization above 30 or MACD bullish crossover before re-entering. This assessment prioritizes data-driven caution over rally euphoria.",take_profits,committed,high,Clearly selects 'take_profits'.
FT15,FT,category_choice,"As of September 2025, is PayPal a value trap or genuine opportunity?",value_trap|genuine_opportunity|mixed|insufficient_data,PayPal appears more likely to be a value trap than a genuine opportunity ... low valuation is a rational market assessment of diminished prospects.,"** As of September 2025, PayPal appears more likely to be a **value trap** than a genuine opportunity. Despite a modest Book/Price ratio and low leverage, the company exhibits weak profitability—evidenced by low Return on Assets (1.51%) and Return on Equity (6.18%)—and lacks a discernible Earnings/Price ratio, suggesting earnings instability or negativity. These fundamental shortcomings are mirrored in the price action: sustained negative momentum across 5-day to 60-month horizons, declining On-Balance Volume, and a deeply negative long-term reversal signal (-0.6058) reflect prolonged investor disengagement. The technical and fundamental data converge to suggest that PayPal’s low valuation is not an anomaly to be exploited, but a rational market assessment of diminished growth and profitability prospects.",value_trap,committed,high,Clearly selects 'value_trap'.
FT16,FT,supportive_judgment,Should I buy Starbucks during this August 2025 dip?,supportive|unsupportive|conditional|insufficient_data,"the setup for Starbucks (SBUX) presents high risk ... negative shareholder equity, negative ROE, and a high debt load ... extreme caution.","Based on the data for August 2025, the setup for Starbucks (SBUX) presents **high risk**. While the stock posted a slight 2.21% gain for the month, it remains technically weak, trading below its 20-day moving average with bearish momentum (negative MACD). More importantly, the fundamental backdrop is concerning: the company shows **negative shareholder equity**, **negative ROE**, and a high debt load (Debt/Assets > 0.82). Consequently, this does not appear to be a standard ""value dip"" but rather a repricing reflecting financial weakness. Investors should exercise extreme caution, as the current metrics do not support a strong bullish thesis.",unsupportive,committed,high,Clearly unsupportive due to extreme caution.
FT17,FT,yes_no_mixed,"As of Q3 2025, is Intel finally turning around?",yes|no|mixed|insufficient_data,a strong market-based turnaround but lacks a corresponding fundamental turnaround.,"** As of Q3 2025, Intel (INTC) is exhibiting a strong **market-based turnaround** but lacks a corresponding **fundamental turnaround**. The stock price has surged **46.83%** over the quarter (from 22.85 to 33.55), supported by bullish technical indicators such as an **RSI of 73.83** and a positive MACD spread (**MACD 2.7412 > Signal 1.9872**). This suggests investors are betting heavily on a recovery, reversing a long-term negative trend (**Long_Term_Reversal -0.5419**). However, the company's financials remain weak. Intel is currently unprofitable, evidenced by negative **Return on Assets (-0.0174)** and **Return on Equity (-0.0267)**, as well as an **Earnings/Price ratio of NA**. Furthermore, the **Dividend Yield is 0.0000**, indicating a lack of income return for shareholders. The divergence suggests the ""turnaround"" is currently driven by market sentiment and speculation rather than tangible operational improvements.",mixed,noncommitted,high,Balances strong market turnaround with lack of fundamental turnaround.
FT18,FT,supportive_judgment,Should I invest in Cisco for stability in the volatile 2025 market?,supportive|unsupportive|conditional|insufficient_data,"yes, Cisco (CSCO) is a suitable investment for stability in the volatile 2025 market.","Based on the analysis, **yes, Cisco (CSCO) is a suitable investment for stability in the volatile 2025 market**. Its moderate +7.65% price appreciation, neutral RSI (60.3), low maximum 20-day returns (1.42%), positive momentum across horizons, and high OBV reflect low technical volatility and steady trends. Fundamentals further bolster this with positive cash flow (3.46% of assets), moderate debt (22.97% of assets), a 0.6% dividend yield, and reliable ROA/ROE (2.13%/5.53%), providing a defensive profile. In a turbulent environment, CSCO offers income reliability and limited downside risk, making it preferable to higher-volatility names. Recommend a **hold or accumulate position** for stability-focused portfolios, monitoring MACD for sustained bullishness. This is not personalized advice; consult a financial advisor.",supportive,committed,high,Clearly selects 'supportive'.
FT19,FT,supportive_judgment,Has Moderna's decline in 2025 created a buying opportunity?,supportive|unsupportive|conditional|insufficient_data,Insufficient Data to Determine. The provided contexts do not contain data for Moderna (MRNA).,"** **Insufficient Data to Determine.** The provided ""Volatility Signals Context"" and ""Fundamental Data Context"" do not contain data for **Moderna (MRNA)**. The datasets list tickers alphabetically, jumping from **[MNST]** (Monster Beverage) to **[MRVL]** (Marvell Technology), leaving a gap where Moderna's data would reside. While the prompt references a ""decline in 2025,"" the closest alphabetical ticker, **[MRVL]**, actually experienced a **35.21% increase** (AdjClose rising from 63.7670 to 86.2200), ruling it out as the subject. Other ""M"" tickers that experienced declines, such as **[MELI]** (-14.97%) or **[MDLZ]** (-4.91%), are distinct entities and cannot be substituted for Moderna. Without specific technical or fundamental data for MRNA, it is impossible to validate the decline or assess if a buying opportunity exists based on the provided text.",insufficient_data,noncommitted,high,Declines to determine due to insufficient data.
FT2,FT,supportive_judgment,"In September 2025, should I invest in Tesla given its volatility and financial health?",supportive|unsupportive|conditional|insufficient_data,I do not recommend investing in TSLA at this time for most investors ... weak financial health and reversal risks.,"Based solely on the provided September 2025 data, **I do not recommend investing in TSLA at this time for most investors**. While volatility signals demonstrate robust short-term momentum (+35.03% price gain, bullish MACD/RSI/momentum indicators), the overbought RSI (78.43) signals heightened risk of a near-term pullback amid high volatility. Fundamentals further temper enthusiasm, revealing low profitability (ROA 0.0059, ROE 0.0164, no earnings) despite low debt (0.0562 Debt/Assets). This combination suits aggressive, momentum-focused traders willing to tolerate volatility, but conservative or value-oriented investors should avoid due to weak financial health and reversal risks. Monitor for RSI normalization below 70 and earnings improvements before reconsidering. This is not personalized financial advice; consult a professional advisor.",unsupportive,committed,high,Clearly selects 'unsupportive'.
FT20,FT,yes_no_mixed,Is Apple a good defensive stock for September 2025?,yes|no|mixed|insufficient_data,Apple (AAPL) does not align with the traditional profile of a defensive stock ... high-momentum growth ... negligible yield ... leverage.,"** Based on the provided data for September 2025, Apple (AAPL) does not align with the traditional profile of a defensive stock. A defensive stock is typically characterized by low price volatility, low financial leverage, and a strong, reliable dividend yield to protect investors during market downturns. Technically, AAPL is exhibiting characteristics of a high-momentum growth stock. The price surged 10.84% over the month, pushing the Relative Strength Index (RSI) to an overbought level of 82.7684, which implies elevated short-term volatility rather than defensive stability. Fundamentally, while the company is highly profitable and efficient (Return on Equity of 0.3536), it carries a relatively high Debt-to-Equity ratio of 1.5449, indicating significant leverage. Furthermore, the dividend yield is negligible at 0.13% (0.0013), meaning it does not offer the steady income stream that defensive investors rely on. Therefore, while AAPL demonstrates strong momentum and excellent profitability, its current technical extremes, reliance on leverage, and lack of yield make it unsuitable for a strictly defensive classification in September 2025. *(Note: This analysis is for informational purposes only and does not constitute direct investment advice to buy, sell, or hold the security).*",no,committed,high,Clearly selects 'no'.
FT21,FT,category_choice,Should I buy Texas Instruments in August 2025 or wait?,buy_now|wait|insufficient_data,I recommend waiting to buy Texas Instruments (TXN) rather than entering immediately ... severely overbought RSI (85.35).,"Based on the August 2025 volatility/price data and fundamentals, **I recommend waiting to buy Texas Instruments (TXN)** rather than entering immediately. The stock exhibited strong bullish momentum (11.95% price gain, price above MA_20/EMA_20, positive MACD and multi-period momentum), supported by high OBV and stable fundamentals (manageable debt, positive ROA/ROE). However, the severely overbought RSI (85.35), negative 5D momentum, and stretched valuation (low Book/Price) signal heightened short-term pullback risk, potentially offering a better entry on consolidation. Monitor for RSI relief below 70 or renewed short-term momentum before buying; this preserves capital amid the premium pricing observed. This is not personalized advice—consult full market context and risk tolerance.",wait,committed,high,Clearly selects 'wait'.
FT22,FT,yes_no_mixed,Is Micron's Q3 2025 rally just getting started?,yes|no|mixed|insufficient_data,"a significant breakout from a medium-term consolidation, but it is likely overextended in the immediate short term.","** Based on the Q3 2025 data, Micron’s rally appears to be a **significant breakout from a medium-term consolidation**, but it is likely **overextended in the immediate short term**. While the shift from negative medium-term momentum to a 38% quarterly gain suggests the *start* of a new cyclical uptrend, the **RSI of 73.23** and the **MACD crossing below its signal line** warn that the initial surge is exhausted. Furthermore, with **Earnings/Price at NA** and **ROE at roughly 4%**, the rally is driven by multiple expansion rather than current earnings growth. Investors should view this as a legitimate trend reversal that may require a period of price consolidation or pullback to align valuations with the recovering fundamentals before the rally can sustainably continue.",mixed,noncommitted,high,Balances a significant breakout with being overextended.
FT23,FT,category_choice,Should I sell my Comcast shares that haven't moved in 2025?,sell|hold|conditional|insufficient_data,"If your goal is capital preservation and you cannot tolerate further downside, the trend is negative. However ... oversold signals suggest monitoring for a potential short-term bounce.","** Based on the analysis of data from May to November 2025, the Comcast (CMCSA) position shows significant technical weakness rather than stagnation. The stock is in a confirmed downtrend, trading below its 20-day moving average with negative momentum across 5-day, 20-day, and 12-month horizons. However, the **RSI of 28.00** indicates the stock is currently **oversold**. From a technical standpoint, initiating a sale exactly when the RSI is below 30 carries the risk of selling into a short-term bottom. Fundamentally, while the company maintains a healthy Return on Equity (12.18%), the low dividend yield (0.93%) and negative price action suggest that capital appreciation is currently absent. **Conclusion:** If your goal is capital preservation and you cannot tolerate further downside, the trend is negative. However, if you are looking for an optimal exit point, the oversold technical signals suggest monitoring for a potential short-term mean reversion (bounce) before liquidating, rather than selling during this specific dip.",conditional,noncommitted,high,Conditional on the investor's goal and risk tolerance.
FT24,FT,yes_no_mixed,Is Palo Alto Networks too risky after its big run in mid-2025?,yes|no|mixed|insufficient_data,exhibits elevated risk following its price run ... risk of multiple contraction or sentiment reversal is heightened.,"** Palo Alto Networks exhibits **elevated risk following its price run**, not due to financial distress, but due to a **significant divergence between its valuation and underlying profitability**. The recent technical cooling and weak medium-term momentum further suggest the stock may be **overextended relative to fundamentals**. While the strong long-term trend and balance sheet provide some support, the risk of **multiple contraction or sentiment reversal is heightened**, particularly in a rising-rate or risk-off environment.",yes,committed,medium,Identifies elevated risk (answering 'yes' to risk being present).
FT25,FT,supportive_judgment,Should I add more to my Netflix position in September 2025 after buying earlier?,supportive|unsupportive|conditional|insufficient_data,a cautious accumulation strategy ... might prefer to wait for the price to reclaim the 20-day moving average or for the MACD to show a bullish crossover.,"** For an investor considering adding to a Netflix position in September 2025, the data suggests a **cautious accumulation strategy**. The technical setup indicates a counter-trend pullback (short-term weakness amidst a medium-term uptrend), which is often viewed as an opportunity to add exposure. The RSI approaching oversold levels supports this view. However, because the MACD is negative and the price remains below the 20-day moving average, the correction may not be fully finished. Fundamentally, the company is healthy but expensive; therefore, adding to the position requires conviction that the company can maintain its premium valuation through continued growth. Investors might prefer to wait for the price to reclaim the 20-day moving average or for the MACD to show a bullish crossover to confirm that the short-term downtrend has stabilized before deploying additional capital.",conditional,noncommitted,high,Conditional on waiting for technical confirmation.
FT26,FT,yes_no_mixed,Is NVIDIA's August 2025 pullback a buying opportunity given its AI dominance?,yes|no|mixed|insufficient_data,"high ROE/ROA and medium/long-term momentum outweigh this, positioning the pullback as an entry for AI exposure.","**Yes, NVIDIA's August 2025 pullback appears to be a buying opportunity**, particularly when viewed through the lens of its strong fundamentals and favorable medium- to long-term technical signals, despite short-term weakness. ### Key Evidence from Volatility Signals (Aug 2025): - **Pullback Confirmation**: AdjClose rose slightly (+0.26%, 173.71 → 174.17), but the price traded well below MA_20 (179.69) and EMA_20 (177.85), indicating a short-term pullback from recent highs. RSI at 35.75 suggests oversold conditions, with Mean_Reversal_60D (+4.94%) and Short_Term_Reversal_1month (+0.50%) hinting at potential rebound. - **Mixed Momentum**: Short-term bearish (Momentum_5D -2.14%, MACD 2.11 < Signal 3.21, One_Day_Reversal -3.32%), but Momentum_20D (+0.26%) is flat-positive, Medium_Term_Momentum_2month_to_12month (+19.52%) is robust, and Long_Term_Reversal_13month_to_60month (+779.86%) shows strong multi-year strength—aligning with AI-driven growth persistence. ### Supporting Fundamentals (Median): - **Exceptional Efficiency & Profitability**: ROA (21.31%), ROE (33.38%), Cash Flow/Assets (10.92%), and Sales/Assets (33.21%) reflect operational dominance (consistent with AI leadership). Low leverage (Debt/Assets 7.32%, Debt/Equity 10.28%) minimizes risk. - **Valuation Context**: Book/Price (2.37%) implies reasonable pricing relative to assets; negligible Dividend Yield (0.01%) fits a growth stock reinvesting in AI. **Risks**: Ongoing short-term reversal pressure could extend the dip, but high ROE/ROA and medium/long-term momentum outweigh this, positioning the pullback as an entry for AI exposure. Monitor RSI for bounce above 40.",yes,committed,high,"Recommends it as an entry, outweighing negatives."
FT27,FT,category_choice,"As of Q3 2025, how do NVIDIA's momentum indicators compare with its fundamental growth trajectory?",aligned|diverged|mixed|insufficient_data,Momentum reflects sustained upward price trends driven by fundamentals ... indicating no major disconnect.,"**NVIDIA's momentum indicators as of Q3 2025 are strongly positive and align well with its robust fundamental growth trajectory.** ### Momentum Indicators (from price/volatility data, Jul-Sep 2025): - **Price performance**: +21.72% gain (AdjClose from $153.29 to $186.58). - **Short-term bullish signals**: Price above MA_20 ($175.99) and EMA_20 ($177.95); MACD (1.84) > Signal (0.96); RSI (62.22, neutral-bullish); Momentum_5D (+4.57%), Momentum_20D (+9.26%). - **Medium/Long-term strength**: Medium-Term Momentum (2-12mo: +43.43%); Long-Term Reversal (13-60mo: +961.08%); positive Mean Reversal_60D (+6.34%) and Short-Term Reversal_1mo (+0.94%). ### Fundamental Growth Trajectory (median values): - **Strong profitability/efficiency**: ROA (21.31%), ROE (33.38%), Cash Flow/Assets (10.92%), Sales/Assets (33.21%). - **Healthy balance sheet**: Low Debt/Assets (7.32%), Debt/Equity (10.28%). - **Growth stock profile**: Low Book/Price (2.37%, implying high valuation justified by growth); negligible Dividend Yield (0.01%); Earnings/Price NA (focus on reinvestment). **Comparison**: Momentum reflects sustained upward price trends driven by fundamentals—high returns on capital and efficiency support the 21.72% Q3 rally and multi-period momentum, indicating no major disconnect (e.g., no overbought RSI extremes or negative divergences). This suggests continued growth potential.",aligned,committed,high,Clearly states they are aligned.
FT28,FT,yes_no_mixed,Does Tesla's robotaxi opportunity justify its September 2025 valuation metrics?,yes|no|mixed|insufficient_data,valuation metrics are not justified by its current fundamental performance ... the provided text does not contain specific evidence regarding the robotaxi opportunity.,"Based on the provided data for September 2025, Tesla’s valuation metrics are **not justified by its current fundamental performance**, but the market price is being sustained by **intense speculative momentum**. The fundamental data reveals a disconnect between price and value, with a **Book/Price ratio of 0.0756** (indicating a very high premium over assets) and an **Earnings/Price ratio of NA**, suggesting a lack of current earnings support. Furthermore, efficiency is low, with a **Return on Equity of only 1.64%**. However, the volatility signals indicate that the market is aggressively pricing in future growth. The stock rose **35.03%** in one month with an **RSI of 78.43**, signaling ""overbought"" conditions driven by high demand. While this behavior is consistent with a market pricing in a transformative opportunity such as robotaxis, the provided text **does not contain specific evidence regarding the robotaxi opportunity** to confirm it as the definitive cause of this valuation.",no,committed,high,States valuation metrics are not justified.
FT29,FT,yes_no_mixed,"As of mid-2025, is Tesla showing signs of fundamental deterioration beneath its technical strength?",yes|no|mixed|insufficient_data,"a classic case of price-value divergence, confirming the premise that fundamental deterioration exists beneath technical strength.","As of mid-2025, Tesla presents a classic case of **price-value divergence**, confirming the premise that fundamental deterioration exists beneath technical strength. **Technical Strength:** The market sentiment is undeniably bullish. The stock has rallied **18.45%** (from 362.89 to 429.83) and is trading comfortably above its 20-day Moving Average (414.31). Momentum indicators remain positive (Momentum_20D = 0.2251), and the RSI (56.48) suggests the uptrend is sustainable and not yet overextended. **Fundamental Weakness:** Despite the stock's rally, the underlying business metrics are concerning. The company is generating minimal returns on capital, evidenced by a **Return on Assets (ROA) of 0.59%** and a **Return on Equity (ROE) of 1.64%**. Additionally, the **Earnings/Price yield is ""NA""**, suggesting a lack of meaningful earnings support for the current valuation. While the company maintains low leverage (Debt/Assets = 0.0562), the extremely low profitability ratios contrast sharply with the high valuation implied by a Book/Price ratio of 0.0756 (approx. 13x Price/Book). **Conclusion:** The data indicates that the stock price is being driven by momentum or future expectations rather than current operational efficiency, as the current profitability metrics (ROA/ROE) do not support the technical appreciation seen in the price.",yes,committed,high,Confirms the premise.
FT3,FT,yes_no_mixed,Is Microsoft overvalued based on Q3 2025 prices despite strong performance?,yes|no|mixed|insufficient_data,"Microsoft is not necessarily overvalued, though it is trading at a premium valuation ... 'fully valued' for a high-growth, high-quality asset.","** Based on Q3 2025 data, Microsoft is **not necessarily overvalued**, though it is trading at a **premium valuation**. While the **Book/Price ratio of 0.0929** indicates the stock is expensive relative to its book value, this premium is supported by high operational efficiency (**Cash Flow/Assets of 0.0689**) and strong profitability (**ROE of 0.0890**). Technical indicators show strong momentum (**RSI 65.42**, **MACD > Signal**) without yet reaching extreme ""overbought"" conditions (>70 RSI). The market is effectively paying a higher price for higher quality and lower volatility compared to peers like ON. Investors should view the pricing as ""fully valued"" for a high-growth, high-quality asset rather than a speculative bubble.",mixed,noncommitted,medium,Balances 'not necessarily overvalued' with 'premium valuation' / 'fully valued'.
FT30,FT,yes_no_mixed,"Why is Meta outperforming other tech giants in 2025, and is it sustainable?",yes|no|mixed|insufficient_data,the trend appears fundamentally sustainable ... [but] the stock is currently undergoing a significant correction.,"**Meta's performance in 2025 has been driven by a 10.78% price appreciation over the observed six-month window, supported by strong medium-term momentum and robust fundamentals—specifically healthy cash flow generation (0.0867 Cash Flow/Assets) and a conservative debt profile (0.25 Debt/Equity).** **Regarding sustainability:** 1. **Long-Term View:** The trend appears fundamentally sustainable due to the company's solvency and profitability metrics, which support the premium valuation. 2. **Short-Term View:** The stock is currently undergoing a significant correction. Technical indicators show the price has fallen below the 20-day moving average (752.79) with negative MACD momentum. However, with an RSI of 27.88, the stock is currently in oversold territory, suggesting the immediate downward pressure may soon face exhaustion, potentially leading to stabilization. *Disclaimer: This analysis is based on historical data and technical indicators. It does not constitute financial advice or a recommendation to buy or sell.*",mixed,noncommitted,medium,Balances sustainable trend with significant correction.
FT31,FT,supportive_judgment,"In Q3 2025, should I rotate from Meta into higher-momentum AI plays or maintain the position?",supportive|unsupportive|conditional|insufficient_data,the decision to rotate or maintain depends on the specific investment strategy: momentum strategies — rotation; fundamental/long-term — maintain.,"** Based on the Q3 2025 data, the decision to rotate or maintain depends on the specific investment strategy: 1. **For Momentum-Focused Strategies:** The data supports a **rotation**. META is currently displaying negative short-term momentum (trading below MA_20 and EMA_20 with negative MACD). Capital seeking immediate high-velocity returns would likely find better technical setups elsewhere, as META is currently in a consolidation phase with weak relative strength (RSI ~40). 2. **For Fundamental/Long-Term Strategies:** The data supports **maintaining the position**. The company's strong cash flow generation, low debt profile, and positive medium-term momentum (+36.54%) suggest the current price weakness is a technical correction within a longer-term uptrend rather than a fundamental deterioration. *Disclaimer: This analysis is based on historical data and quantitative signals. It does not constitute financial advice or a recommendation to buy or sell securities.*",conditional,noncommitted,high,Explicitly conditional on the investment strategy.
FT32,FT,category_choice,"Is Apple's stability attractive in the volatile 2025 market, or does it signal underperformance ahead?",attractive_stability|underperformance_ahead|mixed|insufficient_data,Apple signals a risk of underperformance ahead rather than attractive stability ... technically and fundamentally overextended.,"** In the volatile 2025 market environment, Apple signals a risk of **underperformance ahead** rather than attractive stability. While the company demonstrates strong operational efficiency with a high **Return on Equity of 35.36%**, the asset appears technically and fundamentally overextended. The stock has rallied **29.02%** over the observed period, pushing the **RSI to 79.64**, a level indicative of overbought conditions that often precede a reversal. Furthermore, a divergence exists where the **Medium_Term_Momentum is negative (-0.0999)** despite the recent price increase, suggesting the broader trend may be weakening. Fundamentally, the valuation is steep (indicated by a low **Book/Price of 0.0220**), and the **Debt/Equity ratio of 1.5449** introduces leverage risk that may be unfavorable in a volatile climate. Therefore, despite strong profitability, the elevated valuation and technical exhaustion signals suggest limited upside stability.",underperformance_ahead,committed,high,Clearly selects 'underperformance_ahead'.
FT33,FT,category_choice,Does Apple's lack of AI momentum in 2025 indicate a buying opportunity or structural challenges?,buying_opportunity|structural_challenges|mixed|insufficient_data,not structural challenges but rather presents a qualified buying opportunity for risk-tolerant investors.,"low payout (typical for reinvestment-focused tech). The sole gap is F_Earnings/Price=NA, suggesting earnings data unavailability or volatility, but other metrics do not indicate distress. No evidence of structural erosion; profile aligns with stable, equity-efficient growth. #### Sub-Question 3: Integration of Technical and Fundamental Data **Reasoning**: Technicals show price strength (28.07% gain) and short-term bullishness (positive Momentum_5D/20D, MACD), offsetting medium-term weakness (-0.0999), with overbought RSI as a caution. Fundamentals reinforce durability (high ROE/ROA, healthy cash/sales ratios), lacking red flags beyond NA earnings yield. No combined deterioration; data leans toward temporary momentum gaps (e.g., medium-term) amid uptrend, not systemic issues. ### Final Comprehensive Answer Apple's 2025 performance, per the provided data, does **not indicate structural challenges** but rather presents a **qualified buying opportunity** for risk-tolerant investors. The 28.07% price appreciation, bullish short-term momentum (e.g., Momentum_20D=0.0765, MACD>signal), and positive reversals (Mean_Reversal_60D=0.1262) demonstrate resilience, despite medium-term drag (-0.0999) and overbought RSI (79.6440) signaling potential near-term consolidation. Robust fundamentals—highlighted by ROE=0.3536, ROA=0.0711, and efficient cash/sales metrics—underscore structural strength, with leverage contained and no distress signals (barring NA earnings yield). Investors should monitor RSI for entry on pullbacks below MA_20=245.7575, targeting continuation of the uptrend supported by OBV and long-term reversal (1.0383). This profile suits accumulation on dips, not avoidance due to permanence issues. Recommendation: **Moderate Buy** with position sizing attuned to volatility.",buying_opportunity,committed,high,Selects 'buying_opportunity'. Context describes target audience.
FT34,FT,open_summary_with_canonical_claim,"As of September 2025, how does Microsoft balance enterprise stability with AI growth exposure?",claim_true|claim_false|mixed,demonstrates a disciplined and effective balance ... financially sound core ... robust growth momentum consistent with significant AI exposure.,"(Comprehensive and Professional)** As of September 2025, Microsoft demonstrates a disciplined and effective balance between enterprise stability and AI-driven growth exposure. On the **stability front**, fundamental metrics reveal a financially sound and operationally efficient business: low leverage (Debt/Assets: 9.79%), strong cash flow generation (Cash Flow/Assets: 6.89%), and solid returns (ROA: 5.07%, ROE: 8.90%). These characteristics underscore the resilience of Microsoft’s core enterprise operations in cloud computing, productivity software, and infrastructure services. Simultaneously, market-based indicators reflect robust growth momentum consistent with significant AI exposure. The stock delivered a 2.54% price gain in September 2025, supported by positive momentum across multiple horizons — including a 24.42% medium-term momentum (2- to 12-month) and a 113.58% long-term reversal signal. Bullish technicals, such as a positive MACD spread (1.58 vs. 0.63 signal) and an RSI of 65.4 (indicating strength without overbought conditions), suggest sustained investor confidence in Microsoft’s AI monetization strategy through Azure AI, Copilot, and enterprise integrations. Critically, Microsoft achieves this growth without compromising financial discipline. The company funds AI innovation through strong internal cash flows rather than aggressive leverage, maintaining a conservative capital structure. This dual capability — **generating reliable enterprise cash flows while capturing frontier technology upside** — reflects a well-executed strategic balance. In conclusion, Microsoft, as of September 2025, operates as a **high-conviction compounder**: a stable enterprise platform actively transforming into a leading AI enabler, with both fundamentals and market signals confi",claim_true,committed,high,Supports the claim.
FT35,FT,yes_no_mixed,Is Microsoft's premium valuation in mid-2025 justified by its positioning?,yes|no|mixed|insufficient_data,"trading at a premium valuation, which is fundamentally and technically justified; however, this justification cannot be explicitly linked to AI positioning from the provided metrics.","** Based on the provided mid-2025 data, Microsoft is undeniably trading at a premium valuation, which is fundamentally and technically justified; however, this justification cannot be explicitly linked to AI positioning based solely on the provided metrics. The premium valuation is confirmed by a low Book/Price ratio of 0.1060 (implying a high Price-to-Book multiple) and a significant 26.79% price appreciation from $399.6290 to $506.6900 between March and September 2025. This elevated pricing is justified by Microsoft's robust underlying financial health, highlighted by a solid Return on Equity (0.0895), healthy Cash Flow to Assets (0.0658), and a conservative Debt to Assets ratio (0.1077). Furthermore, medium-term momentum (0.1959) remains strong, even though short-term technical indicators (RSI at 36.8571 and a negative MACD of -0.9191) suggest recent price consolidation. Ultimately, while the quantitative data fully supports a justified premium valuation driven by excellent financial health and strong market momentum, the provided context lacks the qualitative information necessary to attribute this success specifically to Microsoft's AI positioning.",mixed,noncommitted,high,Balances justified valuation with inability to link it to AI positioning.
FT36,FT,yes_no_mixed,"As of Q3 2025, does Amazon's diversified business model create a more attractive risk profile?",yes|no|mixed|insufficient_data,"creates a risk profile that is fundamentally attractive due to its stability, despite short-term technical headwinds.","** As of Q3 2025, Amazon’s diversified business model creates a risk profile that is fundamentally attractive due to its stability, despite short-term technical headwinds. The fundamental data confirms a robust financial structure with manageable leverage (**F_Debt/Equity: 0.4013**) and consistent liquidity generation (**F_Cash Flow/Assets: 0.0477**), which supports the premise that the business model effectively mitigates structural solvency risks. However, the market sentiment is currently negative, with the stock trading below its 20-day moving average (**MA_20=228.2270**) and displaying negative momentum (**MACD=-2.0850**). Nevertheless, with the **RSI at 32.7010** suggesting oversold conditions and **Medium_Term_Momentum** remaining positive (**0.2247**), the risk profile suggests a disconnect where the company's long-term financial health is currently undervalued by short-term market price action.",yes,committed,high,"Clearly selects 'yes' (fundamentally attractive), despite caveats."
FT37,FT,category_choice,"In 2025, is Amazon's retail business a drag on valuation, or does it provide strategic moats?",drag|strategic_moats|mixed|insufficient_data,Amazon's retail business provides strategic moats.,** Amazon’s retail business provides strategic moats.,strategic_moats,committed,high,Clearly selects 'strategic_moats'.
FT38,FT,yes_no_mixed,"Is Alphabet's search dominance under threat in 2025, and how do fundamentals reflect this risk?",yes|no|mixed|insufficient_data,"does not appear to be under immediate existential threat in the eyes of the market, though there is evidence of short-term caution.","Based on the data from May to November 2025, Alphabet’s search dominance does **not** appear to be under immediate existential threat in the eyes of the market, though there is evidence of short-term caution. **Market Sentiment Analysis:** Investors signaled strong confidence in Alphabet's position, driving the stock up **42.20%** over the period. This substantial appreciation suggests that any competitive threats to search were not viewed as credible enough to derail the company's growth trajectory during the bulk of 2025. However, technical indicators at the end of the period show cooling sentiment, with the **MACD (7.0959)** falling below its signal line and the **RSI (36.58)** indicating weak recent momentum. This suggests that while the long-term dominance is not questioned, the stock may be consolidating or reacting to short-term headwinds. **Fundamental Risk Reflection:** The fundamentals reflect a company well-positioned to defend its market share. The extremely low **Debt/Equity ratio (0.0980)** indicates a strong balance sheet with the liquidity to invest heavily in defense of its moat. Furthermore, the low **Book/Price ratio (0.1690)** implies a high market valuation, confirming that investors are still paying a premium for Alphabet's assets, expecting continued leadership. The risk is not found in solvency, but potentially in efficiency, as **ROE (8.5%)** is modest, suggesting the company must deploy significant capital to maintain its returns. **Conclusion:** The data depicts a dominant incumbent with the financial firepower to withstand competition, supported by a market that has priced in continued success despite recent short-term technical weakness.",no,committed,medium,"Selects 'no' (not under immediate existential threat), despite short-term caution."
FT39,FT,yes_no_mixed,Should I be concerned about Alphabet's multiple compression in 2025 despite strong earnings?,yes|no|mixed|insufficient_data,there is valid reason for short-term concern regarding multiple compression ... price correcting downwards while fundamentals stay static.,"Based on the analysis of the provided data, there is valid reason for **short-term concern regarding multiple compression**, primarily driven by a disconnect between recent price weakness and the longer-term valuation premium. While Alphabet demonstrated strong market confidence with a **42.20% price increase** over the observed six-month period (ending at **245.35**), the current setup indicates a reversal in sentiment. The **MACD (7.0959)** has fallen below the **MACD Signal (9.3381)**, and the **RSI is low at 36.58**, suggesting the stock is losing momentum and facing selling pressure. Fundamentally, the stock trades at a premium **Price-to-Book ratio of approximately 5.9** (derived from **F_Book/Price: 0.1690**). If earnings remain strong as hypothesized, the current technical deterioration (negative **Momentum_5D**) implies that the price is correcting downwards while fundamentals stay static—the exact definition of multiple compression. Therefore, while the long-term trend was positive, the immediate data suggests the market is currently compressing the valuation multiple.",yes,committed,high,Confirms valid reason for concern.
FT4,FT,yes_no_mixed,Is NVIDIA's pullback in July 2025 a buying opportunity?,yes|no|mixed|insufficient_data,classic setup for dip-buying in a strong stock like NVDA.,"**Yes, NVIDIA’s pullback in July 2025 appears to be a buying opportunity.** ### Key Supporting Evidence from Volatility Signals (July 2025): - **Overall Price Action**: AdjClose rose from $153.29 to $177.86 (+16.03%), indicating strong monthly momentum despite any intraday/short-term pullback (e.g., One_Day_Reversal = -0.78%). - **Bullish Technical Indicators**: - Price above key MAs (last price $177.86 > MA_20 $169.33 > EMA_20 $169.04), supporting uptrend continuation. - Strong momentum: Momentum_5D = +2.38%, Momentum_20D = +13.11%, Medium_Term_Momentum_2-12mo = +21.12%. - Positive reversals/mean reversion: Short_Term_Reversal_1mo = +13.47%, Mean_Reversal_60D = +19.31%. - Long-term strength: Long_Term_Reversal_13-60mo = +1,119.81% (exceptional). - **Mild Caution**: RSI = 70.02 (overbought, potential for further pullback); MACD = 7.09 slightly below Signal = 7.17 (minor bearish crossover). These suggest short-term consolidation but not a trend reversal. ### Supporting Fundamentals (Median): - **Strong Profitability & Efficiency**: ROA = 18.33%, ROE = 28.24%, Cash Flow/Assets = 21.89%, Sales/Assets = 35.18%. - **Healthy Balance Sheet**: Low Debt/Assets = 7.97%, Debt/Equity = 11.91%. - **Growth Profile**: Low Book/Price = 3.10% (typical for high-growth tech); negligible Dividend Yield = 0.01%. The pullback aligns with overbought RSI amid robust uptrend/momentum and elite fundamentals, classic setup for dip-buying in a strong stock like NVDA. Monitor for RSI dip below 60-65 for optimal entry.",yes,committed,high,Recommends it as a dip-buying opportunity.
FT40,FT,yes_no_mixed,"As of September 2025, is Netflix's streaming dominance translating into sustainable financial metrics?",yes|no|mixed|insufficient_data,streaming dominance is indeed translating into sustainable financial metrics ... solid fundamentals and resilient market pricing trends.,"(Professional Synthesis)** As of September 2025, Netflix’s streaming dominance is indeed translating into sustainable financial metrics, as evidenced by a combination of solid fundamentals and resilient market pricing trends. The company demonstrates **sound financial health**, with a return on equity of 13.28%, return on assets of 6.36%, and a conservative debt-to-assets ratio of 27.22%. Positive cash flow generation (4.56% of assets) and efficient revenue production (sales/assets of 20.86%) underscore operational effectiveness. While the absence of a dividend reflects aggressive reinvestment, this aligns with Netflix’s growth-oriented strategy and does not detract from financial sustainability. Market-based indicators reveal a nuanced picture: a short-term price decline of 1.25% and bearish technical signals (negative MACD, RSI near oversold, and subpar momentum) suggest near-term caution. However, these are counterbalanced by **strong medium- to long-term momentum** (0.6297 over 2–12 months) and a positive long-term reversal signal, indicating that the recent weakness is likely a correction within an established upward trajectory. Collectively, these metrics reflect a company leveraging its streaming leadership into **durable profitability, investor confidence, and financial resilience**. While short-term volatility is present, the fundamental and market data confirm that Netflix’s dominance is not merely operational—it is being effectively converted into **sustainable financial performance**. **Conclusion:** Yes, Netflix’s streaming dominance is translating into sustainable financial metrics as of September 2025.",yes,committed,high,Clearly confirms sustainable metrics.
FT41,FT,category_choice,Does Netflix's lack of a dividend in 2025 signal reinvestment opportunity or cash flow weakness?,reinvestment_opportunity|cash_flow_weakness|mixed|insufficient_data,"signals a reinvestment opportunity. The fundamental data confirms the company is solvent and cash-flow positive, ruling out financial weakness.","Netflix’s lack of a dividend in 2025 signals a **reinvestment opportunity**. The fundamental data confirms the company is solvent and cash-flow positive (`Cash Flow/Assets` 0.0456), ruling out financial weakness. Instead, the high valuation premium (implied Price/Book ~23x) and strong medium-term momentum (+62.56%) indicate that shareholders prefer the company to retain earnings to drive growth and sustain capital appreciation, despite the recent short-term technical correction.",reinvestment_opportunity,committed,high,Clearly selects 'reinvestment_opportunity'.
FT42,FT,yes_no_mixed,Is Adobe's creative software moat durable in the age of AI (mid-2025)?,yes|no|mixed|insufficient_data,Adobe's moat is currently strained but not broken.,"** Adobe’s creative software moat remains under significant pressure in mid-2025, as reflected in a 16.06% stock price decline and negative medium-term momentum (-0.3263), signaling investor concerns about AI-driven disruption. However, strong fundamental metrics—including F_Cash Flow/Assets (0.0780), F_Sales/Assets (0.2090), and F_ROE (0.1286)—demonstrate Adobe’s financial resilience and capacity to invest in AI innovation. Combined with a conservative debt profile and early signs of potential long-term reversal (0.1758), the evidence suggests Adobe’s moat is currently strained but not broken. Its durability will depend on the company’s ability to successfully integrate AI into its core workflows and maintain differentiation in a competitive landscape.",mixed,noncommitted,medium,Balances strained with not broken.
FT43,FT,category_choice,"In Q3 2025, should I wait for technical confirmation before buying Adobe, or are fundamentals sufficient?",wait_for_confirmation|buy_on_fundamentals|insufficient_data,you should wait for technical confirmation before buying Adobe; the fundamentals alone are not sufficient.,"** **Recommendation: Wait for Technical Confirmation** In Q3 2025, you should **wait for technical confirmation** before buying Adobe; the fundamentals alone are not sufficient to justify an immediate entry. While Adobe remains a fundamentally sound company with positive cash flow and decent returns on equity, the current data does not present a deep-value opportunity that outweighs the risks of the prevailing downtrend. The stock dropped over 10% during the quarter and is currently trading below its 20-day moving averages with deeply negative medium-term momentum (-30.60%). Furthermore, with a neutral RSI (52.44) and the MACD trailing its signal line, there is no indication that a bottom has been formed. Without a dividend yield to provide income while you hold, entering now would be ""catching a falling knife."" It is advisable to wait until the price reclaims the 20-day Moving Average (approx. 355.28) or the MACD generates a clear bullish crossover before allocating capital.",wait_for_confirmation,committed,high,Clearly selects 'wait_for_confirmation'.
FT44,FT,yes_no_mixed,Is Intel's 2025 turnaround plan credible based on fundamental and momentum metrics?,yes|no|mixed|insufficient_data,"strong market credibility in terms of investor sentiment and short-term price momentum ... However, fundamental metrics do not yet support this optimism.","** Intel’s 2025 turnaround plan shows **strong market credibility in terms of investor sentiment and short-term price momentum**, as evidenced by a 79.22% stock price increase, bullish technical indicators (RSI=78.36, positive MACD, strong 20-day momentum), and significant positive short-term reversal signals. However, **fundamental metrics do not yet support this optimism**: Intel continues to report negative returns on assets (-0.0174) and equity (-0.0267), indicating the core business remains unprofitable. While the company maintains moderate leverage and modest cash flow generation, the absence of earnings recovery suggests the turnaround has not yet translated into financial performance. Compared to ON Semiconductor—which exhibits positive profitability but minimal price movement—Intel’s surge appears more speculative than fundamentally grounded. Therefore, while the market is pricing in a successful turnaround, **the current fundamentals do not fully substantiate its credibility**, suggesting the narrative is ahead of operational reality.",mixed,noncommitted,high,Balances strong market credibility with lack of fundamental support.
FT45,FT,category_choice,"As of September 2025, should I view Intel as a contrarian value play or a value trap?",contrarian_value_play|value_trap|mixed|insufficient_data,Intel (INTC) is best characterized as a Contrarian Value Play ... trading near book value while price action indicates a massive breakout.,"As of September 2025, Intel (INTC) is best characterized as a **Contrarian Value Play**. While the company exhibits the fundamental risks associated with a value trap—specifically negative profitability (**F_Return on Equity: -0.0267** and **F_Earnings/Price: NA**)—the market's behavior suggests a decisive shift in sentiment. The stock is trading near its book value (**F_Book/Price: 0.9856**), offering a floor for value investors, while the price action indicates a massive breakout from a long-term downtrend (**pct_change=38.58%** and **Long_Term_Reversal... -0.5419**). The aggressive buying pressure (**RSI=73.8328**) indicates that the market is pricing in a future turnaround that has not yet materialized in the accounting metrics.",contrarian_value_play,committed,high,Clearly selects 'contrarian_value_play'.
FT46,FT,category_choice,"In 2025, does Qualcomm's smartphone exposure limit its appeal, or do diversification efforts offset this?",exposure_limits|diversification_offsets|mixed|insufficient_data,"smartphone exposure does not materially limit its attractiveness in 2025, as offsetting factors are substantiated.","** In 2025, while Qualcomm’s historical exposure to the smartphone market presents a structural limitation—evidenced by slightly negative medium-term momentum—its diversification efforts appear to be effectively offsetting this risk. Positive long-term reversal (Long_Term_Reversal_13month_to_60month=0.6019), a 15.15% price increase, and strong investor accumulation (OBV=2.56B) suggest growing confidence in its expansion into automotive, IoT, and edge computing. Fundamentally, healthy cash flow (F_Cash Flow/Assets=0.0524), solid returns (F_Return on Equity=0.1028), and conservative leverage (F_Debt/Assets=0.2695) support resilience beyond smartphones. Although the missing F_Earnings/Price and flat short-term momentum warrant caution, the overall evidence indicates that diversification is enhancing Qualcomm’s appeal. Therefore, smartphone exposure does not materially limit its attractiveness in 2025, as offsetting factors are substantiated by both market behavior and financial strength.",diversification_offsets,committed,high,Clearly selects 'diversification_offsets'.
FT47,FT,category_choice,Is Broadcom's AI networking opportunity properly valued in its August 2025 metrics?,underpriced|fully_priced|overpriced|insufficient_data,"appears to be fully priced in, if not priced for perfection ... leading to a short-term valuation consolidation.","** Broadcom's AI networking opportunity appears to be **fully priced in, if not priced for perfection**, in its August 2025 metrics, leading to a short-term valuation consolidation. The **Fundamental Data** reveals a stock trading at a significant premium, with a Price-to-Book ratio of approximately **19.2x** (derived from `F_Book/Price: 0.0521`) and a minimal dividend yield of **0.2%** (`F_Dividend Yield: 0.0020`). This confirms that investors have already bid up the price based on future growth expectations rather than current asset value or income. However, the **Volatility Signals** indicate that the market is struggling to sustain this valuation in the short term. Despite a monthly gain of **3.03%**, the stock closed the month at **296.87**, which is below its 20-day Moving Average of **300.40**. Furthermore, the **MACD (3.34)** has fallen below the **Signal line (4.57)**, and the **RSI (45.12)** is in neutral-bearish territory. This technical weakness suggests that while the long-term AI narrative remains strong (`Medium_Term_Momentum...=0.6588`), the stock is currently facing resistance as the market digests the premium valuation against current profitability (`F_Return on Equity: 0.0596`).",fully_priced,committed,high,Clearly selects 'fully_priced'.
FT48,FT,yes_no_mixed,Does Costco's defensive retail model justify its premium Q3 2025 valuation metrics?,yes|no|mixed|insufficient_data,these attributes did not fully justify the stock's premium valuation in Q3 2025 ... investors viewed the valuation as stretched.,"While Costco’s fundamental data confirms a strong **defensive retail model**—characterized by high asset turnover (**F_Sales/Assets: 0.8374**) and a conservative balance sheet (**F_Debt/Assets: 0.1084**)—these attributes did not fully justify the stock's **premium valuation** in Q3 2025. With an implied Price-to-Book ratio of roughly **16.6x** (derived from **F_Book/Price: 0.0602**), the stock was priced for perfection. The market reaction during this period was negative, evidenced by a **-5.99%** price decline and bearish technical signals (**MACD: -9.2855**), suggesting that investors viewed the valuation as stretched relative to the company's modest profitability metrics (**F_ROE: 0.0778**).",no,committed,high,Clearly selects 'no' (did not fully justify).
FT49,FT,yes_no_mixed,Is Costco's lack of e-commerce momentum (as of 2025) a concern compared to Amazon?,yes|no|mixed|insufficient_data,"a valid concern regarding market sentiment, but not regarding fundamental operational health.","Based on the data from May to November 2025, **Costco's lack of momentum is a valid concern regarding market sentiment, but not regarding fundamental operational health.** **Market Momentum (The Concern):** Costco has significantly underperformed Amazon in price action. Amazon stock rose **6.55%** with a Medium-Term Momentum score of **0.1546**, whereas Costco stock fell **9.94%** with a weaker momentum score of **0.0810**. The market is actively selling off Costco, pushing its RSI down to **25.16** (deeply oversold), indicating negative investor sentiment compared to Amazon. **Fundamental Health (The Counter-Argument):** Despite the negative price trend, Costco’s business operations appear more efficient than Amazon's. Costco boasts a **Sales/Assets ratio of 0.8374**, significantly higher than Amazon's **0.2458**, indicating it generates revenue much more efficiently from its asset base. Furthermore, Costco maintains a higher Return on Equity (**7.78%** vs Amazon's **6.38%**) and operates with lower financial leverage (Debt/Equity of **0.30** vs **0.40**). **Summary:** While the market is punishing Costco's stock price (signaling a momentum concern), the fundamental metrics show a company that is generating high sales volume and superior returns on equity compared to Amazon.",mixed,noncommitted,high,Weights two opposing factors (market sentiment vs fundamental health).
FT5,FT,category_choice,Should I hold or sell my Amazon shares after the Q2 2025 rally?,hold|sell|conditional|insufficient_data,holding the position to capture potential remaining upside is technically supported ... monitoring the MA_20 as a strict stop-loss level.,"** Based on the analysis of Q2 2025 data, the technical indicators suggest that the rally has not yet reached exhaustion (RSI ~53 and Price > MA_20), implying that **holding** the position to capture potential remaining upside is technically supported. However, investors should remain cautious; the negative medium-term momentum and premium valuation (Price/Book ~6.6x) combined with modest efficiency metrics (ROE ~6.5%) suggest that the upside may be capped. A prudent strategy would involve monitoring the **MA_20 (213.02)** as a strict stop-loss level; if the price drops below this, the technical bullish case weakens significantly.",conditional,noncommitted,medium,Conditional on monitoring the MA_20 as a stop-loss.
FT50,FT,yes_no_mixed,Has Starbucks's 2025 turnaround plan gained traction based on fundamental and momentum signals?,yes|no|mixed|insufficient_data,"has gained limited traction, primarily visible in recent short-term market sentiment rather than fundamental structural improvements.","** Based on the data from May to November 2025, Starbucks’s turnaround plan has gained **limited traction**, primarily visible in recent short-term market sentiment rather than fundamental structural improvements or sustained price growth. The **volatility and momentum signals** reveal that the stock price remained flat over the six-month period (""pct_change=-0.01%""), suggesting the turnaround plan did not drive medium-term value creation. However, signals at the end of the period indicate emerging optimism: the stock is trading above its 20-day moving average (""MA_20=84.1810"" vs last price 86.42), the RSI is bullish (""RSI=63.6297""), and short-term momentum is positive (""Momentum_5D=0.0363""). Conversely, the **fundamental signals** indicate that the turnaround has not yet rectified major balance sheet constraints. The company remains highly leveraged with ""F_Debt/Assets: 0.8287"" and operates with negative equity (""F_Book/Price: -0.0738"", ""F_Debt/Equity: -3.6317""). While the company is operationally functional with positive cash flow (""F_Cash Flow/Assets: 0.0298""), the fundamental data suggests the business is stabilizing rather than thriving. In conclusion, ""traction"" is currently defined by a recent shift in trader psychology (technical strength) rather than a confirmed recovery in the company's financial foundation.",mixed,noncommitted,medium,Balances short-term market sentiment with lack of structural improvements.
FT6,FT,yes_no_mixed,"As of 2025, is Google a safe investment for my retirement portfolio?",yes|no|mixed|insufficient_data,"No, Google (GOOGL) is not a safe investment for a retirement portfolio as of 2025, due to its volatility-driven price behavior and lack of meaningful income generation.","** No, Google (GOOGL) is not a safe investment for a retirement portfolio as of 2025, due to its volatility-driven price behavior and lack of meaningful income generation despite a solid balance sheet.",no,committed,high,Clearly selects 'no'.
FT7,FT,yes_no_mixed,Has Meta bottomed out after its decline in August 2025?,yes|no|mixed|insufficient_data,META has not clearly bottomed out after its -1.51% decline ... short-term indicators lack oversold or reversal conviction.,"Based on the August 2025 data, **META has not clearly bottomed out after its -1.51% decline**. The stock closed below key moving averages (MA_20 at 762.04 and EMA_20 at 750.93), with bearish short-term momentum (negative 5D/20D momentum, MACD below signal, neutral RSI at 39.23), indicating ongoing downtrend risks rather than reversal confirmation. While medium- to long-term signals (e.g., 39.02% medium-term momentum, 71.96% long-term reversal) and stable fundamentals (e.g., 10.42% ROE, 6.95% ROA) provide a supportive backdrop for potential recovery, short-term indicators lack oversold or reversal conviction. Investors should monitor for price stabilization above EMA_20 and RSI improvement above 50 before confirming a bottom. Recommendation: Hold or cautious accumulation on further weakness, pending confirmatory signals.",no,committed,high,Clearly selects 'no'.
FT8,FT,supportive_judgment,Should I buy Netflix after its Q2 2025 earnings beat?,supportive|unsupportive|conditional|insufficient_data,I would not recommend buying Netflix (NFLX) stock immediately following its Q2 2025 earnings beat ... significant overbought conditions with an RSI of 80.35.,"(Professional Style)** Based on a comprehensive analysis of technical and fundamental data from April 1, 2025, to June 30, 2025, **I would not recommend buying Netflix (NFLX) stock immediately following its Q2 2025 earnings beat.** While the earnings surprise triggered a **robust 44.24% price increase** and the technical trend remains strongly bullish—supported by positive momentum, MACD strength, and price above key moving averages—the stock now exhibits **significant overbought conditions**, with an RSI of 80.35. This level historically correlates with **elevated short-term reversal risk**. Additionally, emerging mean-reversion signals and a stretched Book/Price ratio (implying a P/B of ~16.5) suggest the valuation has become **rich relative to fundamentals**. Although Netflix demonstrates **solid financial health**—with strong return on equity (12.73%), healthy cash flow generation, and manageable leverage—the current price appears to **fully reflect, if not over-anticipate**, the positive earnings outcome. **Conclusion:** The risk-reward profile for a new long position is **unfavorable at current levels**. Investors should **exercise caution** and consider **waiting for a pullback or consolidation** before initiating or adding to positions. Tactical investors may prefer to **watch for re-entry signals** such as RSI normalization below 70 or a retest of the 20-day moving average with sustained support.",unsupportive,committed,high,Clearly unsupportive.
FT9,FT,yes_no_mixed,Is Adobe too expensive at its September 2025 levels?,yes|no|mixed|insufficient_data,"Fundamentally, the stock appears expensive ... However, from a technical and volatility perspective, the stock is not currently 'expensive' or overbought.","** Based on the data for September 2025, Adobe (ADBE) presents a mixed valuation profile. **Fundamentally, the stock appears expensive.** The **F_Book/Price of 0.0786** implies a high Price-to-Book ratio of roughly 12.7x, suggesting investors are paying a significant premium over the company's net asset value, despite a moderate **Return on Equity of 13.47%**. The absence of an earnings yield (**F_Earnings/Price: NA**) further complicates the justification for this premium. However, from a **technical and volatility perspective, the stock is not currently ""expensive"" or overbought.** The **RSI of 52.4383** indicates neutral sentiment, and the stock closed at **352.7500**, which is below both its 20-day Moving Average (**355.2830**) and EMA (**356.5277**). Additionally, significant negative medium-term momentum (**-0.3060**) suggests the price has already corrected significantly over the past year. Therefore, while the long-term valuation multiples remain high, the current price action does not reflect an overheated or overextended market condition.",mixed,noncommitted,high,Weights fundamental expense against technical neutrality.
T1,T,screening_top1,"As of August 2025, which NASDAQ 100 stocks are in strong uptrends?",APP|INTC|IDXX|SHOP|AAPL|none_clear,AppLovin (APP): This is the strongest trend in the dataset ... 26.22% gain with a significantly high MACD of 23.17.,"As of August 2025, the following NASDAQ 100 stocks are exhibiting the strongest uptrends, characterized by double-digit percentage gains, prices trading above their 20-day moving averages, and positive momentum indicators: 1. **AppLovin (APP):** This is the strongest trend in the dataset. It posted a **26.22%** gain with a significantly high MACD of **23.17**. This move is strongly supported by fundamentals, specifically a massive Return on Equity of **82.70%** and strong cash flow generation. 2. **Intel (INTC):** Intel shows a powerful technical recovery with a **26.10%** gain. However, unlike APP, this trend is not currently supported by profitability metrics, as the company reports a negative ROE (**-2.67%**) and negative ROA. 3. **IDEXX Laboratories (IDXX):** IDXX is in a robust uptrend, up **20.83%** with a high MACD (**18.23**). This is backed by healthy fundamentals, including an ROE of **19.35%**. 4. **Shopify (SHOP):** SHOP posted a **19.12%** gain with strong short-term momentum (**0.1912**), supported by a solid ROE of **19.30%**. 5. **Apple (AAPL):** AAPL demonstrates a high-quality uptrend, rising **14.84%** with positive MACD divergence. This price action is underpinned by a fortress balance sheet with an ROE of **35.36%**. 6. **Texas Instruments (TXN):** TXN is in an aggressive uptrend (+**11.95%**), though its RSI of **85.35** suggests it is currently overbought. Other notable stocks in strong technical uptrends (>10% gain) include **Micron (MU)**, **NXP Semiconductors (NXPI)**, **Alphabet (GOOG/GOOGL)**, and **Tesla (TSLA)**.",APP,committed,high,Clearly selects APP.
T10,T,screening_top1,What companies show unusual volume accumulation for the month of August 2025?,AAPL|NVDA|INTC|MSFT|TSLA|none_clear,"Apple Inc. (AAPL), Nvidia (NVDA), and Intel (INTC) exhibit the most significant and unusual volume accumulation ... AAPL demonstrates the healthiest accumulation profile.","For the month of August 2025, **Apple Inc. (AAPL)**, **Nvidia (NVDA)**, and **Intel (INTC)** exhibit the most significant and unusual volume accumulation, though the nature of the accumulation differs for each: 1. **Apple Inc. (AAPL) - High-Quality Accumulation:** AAPL demonstrates the healthiest accumulation profile. It combines the second-highest **On-Balance Volume (OBV) of ~159.2 Billion** with a strong price increase of **14.84%**. This buying pressure is fundamentally justified by a robust **Return on Equity (ROE) of 35.36%** and healthy **Cash Flow/Assets of 0.0841**, suggesting institutional capital inflow into a high-performing asset. 2. **Intel Corp. (INTC) - Speculative/Turnaround Accumulation:** INTC represents a highly unusual anomaly. It posted a massive **26.10% price increase** supported by a high **OBV of ~11.5 Billion**. However, this accumulation contradicts its current fundamentals, which show a **Negative ROE of -2.67%** and **Negative Return on Assets of -1.74%**. This divergence suggests the volume is driven by speculative momentum, a short squeeze, or turnaround bets rather than current financial stability. 3. **Nvidia (NVDA) - Massive Absorption:** NVDA shows the highest volume metric in the dataset with an **OBV of ~165.6 Billion**. However, unlike AAPL or INTC, this volume resulted in a negligible price change of **+0.26%**. While the company maintains elite fundamentals (**ROE 33.38%**, **Cash Flow/Assets 0.1092**), the price stagnation amidst such high volume suggests a period of consolidation or absorption, where heavy buying is being met with nearly equal selling liquidity. **Tesla (TSLA)** and **Amazon (AMZN)** also show significant accumulation (OBV ~21.8B and ~49.1B respectively) with positive price action, though TSLA's fundamentals (*",AAPL,committed,high,Selects AAPL as the healthiest.
T11,T,screening_top1,Which NASDAQ stocks are seeing volume-confirmed breakdowns as of July 2025?,GEHC|GFS|MRVL|KDP|none_clear,the NASDAQ stocks exhibiting volume-confirmed breakdowns are GEHC and GFS ... the only matches in the dataset.,"As of July 31, 2025, the NASDAQ stocks exhibiting volume-confirmed breakdowns are **GEHC** and **GFS**. Both show clear price declines below their 20-day MA and EMA, negative monthly returns, bearish MACD, negative 20-day momentum, and low RSI, with negative OBV providing explicit confirmation of net selling volume during the downside move. Investors should monitor for potential further weakness or reversal signals (e.g., RSI oversold bounce), but these stand out as the only matches in the dataset. No other stocks satisfy the dual criteria of price breakdown + volume confirmation.",none_clear,noncommitted,medium,Mentions multiple stocks without a single choice.
T12,T,screening_top1,"Based on Q3 2025 data, what stocks have volume patterns suggesting institutional accumulation?",NVDA|AAPL|GOOGL|TSLA|INTC|none_clear,NVDA and AAPL (alongside GOOGL and TSLA) exhibit the strongest volume patterns suggesting institutional accumulation.,"** Based on Q3 2025 data, NVDA and AAPL (alongside GOOGL and TSLA) exhibit the strongest volume patterns suggesting institutional accumulation. This is evidenced by their exceptionally high On-Balance Volume (OBV) in the hundreds of billions, double-digit positive price appreciation, and robust fundamental profitability metrics such as high Return on Equity (ROE) and Return on Assets (ROA).",none_clear,noncommitted,medium,"Selects multiple stocks equally, declining to pick a single one."
T13,T,screening_top1,"Which NASDAQ 100 stocks are the most volatile, based on data from September 2025?",WBD|APP|MU|INTC|LRCX|none_clear,"WBD led the group with an extraordinary 68.07% price increase, followed by APP (49.16%), MU (41.22%), and INTC (38.58%).","** Based on the data from September 2025, the most volatile stocks in the provided NASDAQ 100 dataset are Warner Bros. Discovery (WBD), AppLovin (APP), Micron Technology (MU), Intel (INTC), and Lam Research (LRCX). WBD led the group with an extraordinary 68.07% price increase, followed by APP (49.16%), MU (41.22%), and INTC (38.58%). From a fundamental perspective, this extreme price volatility aligns with underlying financial risk factors; for example, WBD and INTC both exhibit negative Return on Assets, while APP operates with a highly leveraged Debt-to-Equity ratio of 3.0082. This combination of high leverage and profitability challenges typically makes these stocks highly sensitive to market shifts, resulting in the severe volatility observed during the month.",WBD,committed,high,Clearly selects WBD as the leader.
T14,T,screening_top1,What companies had the biggest single-day moves during August 2025?,IDXX|SHOP|MRVL|AXON|none_clear,IDXX recorded the largest single-day gain of the group at 27.49% (Max_Return_20D=0.2749).,"The companies with the biggest single-day moves in August 2025 were **IDXX (Idexx Laboratories)**, **SHOP (Shopify)**, **MRVL (Marvell Technology)**, and **AXON (Axon Enterprise)**. **IDXX** recorded the largest single-day gain of the group at **27.49%** (`Max_Return_20D=0.2749`), supported by strong fundamentals including a Return on Equity of **19.35%**. **SHOP** followed closely with a single-day surge of **21.97%** (`Max_Return_20D=0.2197`), underpinned by a robust Return on Assets of **16.07%**. On the downside, **MRVL** experienced a severe single-day contraction of **18.60%** (`One_Day_Reversal=-0.1860`), which contributed to a monthly decline of 15.56%; this volatility occurred against a backdrop of lower profitability (`F_Return on Assets: 0.0119`). **AXON** also displayed high volatility with a **16.41%** single-day gain, despite having a near-zero Return on Assets (`0.0002`), indicating speculative price action.",IDXX,committed,high,Clearly selects IDXX.
T16,T,screening_top1,What NASDAQ names have the highest risk-adjusted momentum for the year-to-date 2025?,PLTR|APP|SHOP|DASH|AVGO|none_clear,the NASDAQ names with the highest risk-adjusted momentum are PLTR (Palantir) and APP (AppLovin) ... PLTR holds the highest momentum score in the entire dataset (3.5107).,"** Based on the analysis of the `Medium_Term_Momentum_2month_to_12month` factor and `pct_change` performance between May and November 2025, the NASDAQ names with the highest risk-adjusted momentum are **PLTR (Palantir)** and **APP (AppLovin)**. These two companies represent the clear outliers in the dataset: * **PLTR** holds the highest momentum score in the entire dataset (**3.5107**) accompanied by a robust **42.18%** return. * **APP** holds the second-highest momentum score (**1.8927**) and achieved a massive **79.24%** return. **Honorable Mentions:** The following companies also displayed top-tier risk-adjusted momentum characteristics, combining high factor scores with significant double-digit returns: * **SHOP (Shopify):** Momentum Score 0.8079 | Return 41.48% * **DASH (DoorDash):** Momentum Score 0.7986 | Return 32.37% * **AVGO (Broadcom):** Momentum Score 0.7632 | Return 44.18%",PLTR,committed,medium,"Mentions PLTR and APP, but PLTR holds the highest score."
T17,T,screening_top1,"Which companies show the most extreme daily reversals, based on June 2025 trading?",NVDA|TSLA|MRVL|INTC|none_clear,no company can be identified as showing the most extreme daily reversals in June 2025 ... absence of comparative data prevents any determination.,"** Based on the available data, **no company can be identified as showing the most extreme daily reversals in June 2025**. The dataset contains information for only one company, which exhibits a One_Day_Reversal value of -0.0098—indicating minimal daily reversal behavior. While short-term reversal over one month is positive (0.2354), this does not constitute extreme daily reversals. Furthermore, the absence of comparative data across companies prevents any determination of relative extremity.",none_clear,noncommitted,high,Explicitly declines to determine.
T19,T,screening_top1,"As of September 1, 2025, which NASDAQ stocks are prime candidates for mean reversion trades?",INTC|MRVL|TRI|COST|none_clear,Intel (INTC) represents the strongest statistical anomaly for a downward reversion ... rallied 79.22% with an RSI of 78.36 unsupported by fundamentals.,"** As of the analysis period ending November 2025 (encompassing the September 1, 2025 target), the prime candidates for mean reversion trades are **Intel (INTC)** and **Marvell Technology (MRVL)** for potential downward correction, and **Thomson Reuters (TRI)** and **Costco (COST)** for potential upward recovery. **Intel (INTC)** represents the strongest statistical anomaly for a downward reversion. The stock has rallied **79.22%** with an **RSI of 78.36** and a high **Mean_Reversal_60D of 0.4727**, yet this price action is unsupported by its fundamentals, which show a negative **Return on Equity of -0.0267**. Similarly, **MRVL** shows extreme technical overheating (**RSI 89.46**) with only marginal profitability (**ROE 0.0132**), suggesting the price has outpaced the company's intrinsic value generation. Conversely, **Thomson Reuters (TRI)** is a prime candidate for an upward bounce. It is technically deeply oversold with an **RSI of 15.71** and a **Mean_Reversal_60D of -0.1493**, despite maintaining strong fundamentals with a **Return on Equity of 0.1285**. **Costco (COST)** also presents a reversion opportunity; it has entered oversold territory (**RSI 25.16**) but retains high operational efficiency (**Sales/Assets 0.8374**), indicating the recent price weakness may be an overreaction relative to its business quality.",INTC,committed,high,Clearly selects INTC.
T2,T,screening_top1,"For the week ending September 12, 2025, what stocks are showing the strongest short-term momentum?",INTC|MU|LRCX|APP|MRVL|none_clear,"INTC (0.5039) and MU (0.4306) lead decisively ... top 5 (INTC, MU, LRCX, APP, MRVL).","The stocks showing the **strongest short-term momentum** for the week ending September 12, 2025—based on the provided context's Momentum_20D ranking (primary short-term metric) and Momentum_5D cross-validation—are **INTC, MU, LRCX, APP, MRVL, AMAT, ASML, TSLA, KLAC, and CEG** (top 10, all with positive Momentum_20D >0.19). **INTC (0.5039)** and **MU (0.4306)** lead decisively, supported by robust overall price gains (86.58% and 91.61%), high RSI, and positive MACD/OBV volume confirmation. **LRCX (0.4192)** and **APP (0.3927)** follow closely, with strong Short_Term_Reversal_1month (>0.40). These semiconductor/tech-heavy names exhibit sustained upward trajectories, ideal for momentum strategies. Avoid bottom-ranked stocks like SNPS, DXCM, and TEAM (negative momentum, declining prices). **Recommendation:** Prioritize long positions in the top 5 (INTC, MU, LRCX, APP, MRVL) for short-term trades, monitoring RSI for overbought risks (>80). This analysis uses period-end proxies; real-time weekly data would refine for exact September 12 signals.",INTC,committed,medium,"Identifies INTC and MU leading, but INTC is the highest score."
T20,T,screening_top1,What companies are showing the strongest reversal signals in August 2025?,TXN|KDP|TTD|MRVL|none_clear,"the strongest reversal signals in August 2025 are TXN for a potential downward reversal, and KDP, TTD, MRVL for potential upward reversals.","** The companies showing the strongest reversal signals in August 2025 are **Texas Instruments (TXN)** for a potential downward reversal, and **Keurig Dr Pepper (KDP)**, **The Trade Desk (TTD)**, and **Marvell Technology (MRVL)** for potential upward reversals. **TXN** exhibits extreme overbought conditions with an **RSI of 85.35**, supported by a high valuation premium (Book/Price 0.0869). Conversely, **KDP** is deeply oversold with an **RSI of 18.83**. **TTD** displays the strongest statistical reversion signal with a **Short_Term_Reversal_1month of -0.3594** following a 36.5% decline, fundamentally supported by a low Debt/Equity ratio of 0.1274. **MRVL** is notable for the most significant single-day pivot, registering a **One_Day_Reversal of -0.1860**.",none_clear,noncommitted,medium,"Lists multiple stocks for different directions, failing to select a single one."
T21,T,screening_top1,"Which stocks are furthest from their moving averages as of September 15, 2025?",INTC|MU|LRCX|AMAT|MRVL|none_clear,"Intel (INTC) exhibits the largest divergence, trading approximately 23.93% above its 20-day moving average.","Based on the provided dataset covering the period ending November 19, 2025 (as specific data for September 15, 2025, is not isolated in the text), the stocks trading furthest from their 20-day moving averages are primarily in the semiconductor and technology sectors. **Intel (INTC)** exhibits the largest divergence, trading approximately **23.93% above** its 20-day moving average. It is followed by **Micron Technology (MU)** at **16.93% above** and **Lam Research (LRCX)** at **16.09% above**. Conversely, **Atlassian (TEAM)** shows the most significant negative deviation, trading approximately **9.97% below** its moving average. **Top 5 Stocks Furthest from MA_20 (Absolute Deviation):** 1. **INTC:** +23.93% 2. **MU:** +16.93% 3. **LRCX:** +16.09% 4. **AMAT:** +14.36% 5. **MRVL:** +14.23%",INTC,committed,high,Clearly selects INTC.
T22,T,screening_top1,What NASDAQ names are showing signs of exhaustion after their big moves in Q3 2025?,APP|KLAC|ASML|LRCX|AAPL|none_clear,"clearest signs of exhaustion ... are APP, KLAC, ASML, LRCX, AAPL, and EA — led by APP's extraordinary 113.41% gain ... severely overbought RSI levels (82-91).","The NASDAQ stocks showing clearest signs of exhaustion after big Q3 2025 rallies (pct_change ≥ 20%) are **APP, KLAC, ASML, LRCX, AAPL, and EA**. These names surged dramatically—led by APP's extraordinary 113.41% gain—but exhibit severely overbought RSI levels (82–91), with prices well above 20-day moving averages and elevated short-term momentum (e.g., Momentum_20D > 0.10, Max_Return_20D up to 0.15), signaling potential near-term pullbacks or reversals. Notably, ASML and AAPL show negative medium-term momentum divergence, heightening risks. Investors should monitor for RSI relief below 70 or MACD crossovers for confirmation; fundamentals do not alter these technical signals. This analysis is derived solely from the provided Q3 volatility data.",APP,committed,medium,"Led by APP, selecting a single direction."
T23,T,screening_top1,"As of July 2025, which stocks are forming potential double bottom patterns?",MU|ISRG|INTC|KDP|none_clear,MU (Micron Technology) and ISRG (Intuitive Surgical) are the most plausible candidates forming potential double bottom patterns.,"** As of July 2025, **MU (Micron Technology)** and **ISRG (Intuitive Surgical)** are the most plausible candidates forming potential double bottom patterns. Both stocks exhibited significant price declines during the month, followed by signs of momentum stabilization (marked improvement in 5-day momentum relative to 20-day momentum), oversold conditions (RSI below 35), and strong fundamental profiles—including positive cash flow, profitability, and low to moderate leverage. These factors collectively suggest possible exhaustion of selling pressure and the early stages of a trend reversal. Other stocks, while oversold, lack either the technical stabilization or fundamental resilience to support a high-conviction double bottom formation.",none_clear,noncommitted,medium,Selects two candidates equally.
T24,T,screening_top1,What companies are breaking above key moving average resistance during September 2025?,APP|LRCX|MNST|INTC|none_clear,"the most credible breakouts ... APP (AppLovin): Closed at $718.54 vs. MA_20 of $602.76, with strong RSI (90.67), bullish MACD, and robust fundamentals.","** During September 2025, several companies broke above their 20-day moving average resistance, but the most credible breakouts—supported by **both technical momentum and strong fundamentals**—were: - **APP (AppLovin)**: Closed at $718.54 vs. MA_20 of $602.76, with strong RSI (90.67), bullish MACD, and robust fundamentals including 14.89% return on assets and 82.7% return on equity. - **LRCX (Lam Research)**: Closed at $133.90 vs. MA_20 of $118.84, with RSI of 88.93 and positive MACD, supported by solid fundamentals: 8.4% ROA, 18.7% ROE, and strong cash flow generation. - **MNST (Monster Beverage)**: Closed at $67.31 vs. MA_20 of $64.53, with",APP,committed,medium,Lists APP as the most credible breakout.
T27,T,screening_top1,Which NASDAQ 100 stock has the best risk-reward setup for September 2025?,MU|WBD|APP|LRCX|none_clear,Micron Technology (MU) presents the best risk-reward setup for September 2025 ... top-tier performance backed by a conservative balance sheet.,"** **Micron Technology (MU)** presents the best risk-reward setup for September 2025. While **WBD** (#1 Momentum) and **APP** (#2 Momentum) offer higher raw returns, they carry elevated risks: **WBD** suffers from negative profitability (""F_Return on Assets: -0.0011""), and **APP** carries substantial leverage (""F_Debt/Equity: 3.0082"") combined with an extremely overbought technical reading (""RSI=90.6737""). **MU** provides a superior balance by delivering top-tier performance (""Momentum_20D=0.4122"", ""pct_change=41.22%"") backed by a conservative balance sheet (""F_Debt/Equity: 0.2821"") and positive cash flow (""F_Cash Flow/Assets: 0.0692""). Furthermore, its RSI of **73.23** suggests strong buying pressure that is less technically exhausted than peers like APP, AMAT, or LRCX (all RSI > 88), offering a more sustainable entry point for the trend.",MU,committed,high,Clearly selects MU.
T29,T,screening_top1,Which stocks are showing the strongest relative momentum vs the index for 2025?,INTC|MU|LRCX|APP|MRVL|none_clear,"the strongest relative momentum in 2025, based on Momentum_20D, are INTC (0.5039), MU (0.4306), LRCX (0.4192), APP (0.3927), and MRVL (0.3614).","** The stocks showing the strongest relative momentum in 2025, based on 20-day price performance (Momentum_20D), are **INTC (0.5039), MU (0.4306), LRCX (0.4192), APP (0.3927), and MRVL (0.3614)**. While all five exhibit strong technical momentum, a combined analysis with fundamental data reveals important differences: - **MU and LRCX** demonstrate both high momentum and solid fundamentals, including strong cash flow and positive returns on equity. - **INTC and MRVL** show momentum despite weak profitability and low cash flow, suggesting potential decoupling from underlying business performance. - **APP** has exceptional return on equity (0.8270) but carries very high debt/equity (3.0082), which may affect the durability of its momentum. Therefore, **MU and LRCX** appear to have the most balanced and potentially sustainable momentum profiles, while the momentum in **INTC, APP, and MRVL** may be more speculative or vulnerable to reversal without continued fundamental improvement.",INTC,committed,medium,Identifies INTC as the highest momentum score.
T3,T,screening_top1,"Which companies have the most consistent medium-term price momentum, based on data from Q3 2025?",PLTR|APP|DASH|WBD|CRWD|none_clear,"the most consistent medium-term price momentum in Q3 2025 are PLTR, APP, DASH, WBD, and CRWD ... PLTR and APP lead with exceptional strength (3.2682, 2.0492).","The companies with **the most consistent medium-term price momentum** in Q3 2025 are **PLTR, APP, DASH, WBD, and CRWD**. These exhibit the highest Medium_Term_Momentum_2month_to_12month values (3.2682, 2.0492, 0.7498, 0.5867, and 0.6149, respectively), supported by aligned short-term momentum (positive Momentum_20D) and overall price gains (positive pct_change in most cases), signaling persistent upward trends suitable for momentum strategies. PLTR and APP lead with exceptional strength, while DASH, WBD, and CRWD provide robust confirmation. Investors should monitor RSI (elevated in APP/WBD/CRWD) for overbought risks, but these stand out as top signals from the data.",PLTR,committed,medium,"PLTR and APP lead, but PLTR has the highest score."
T31,T,screening_top1,Which stocks are best for swing trading during September 2025?,APP|WBD|CMCSA|MU|none_clear,"the stocks best suited for swing trading are APP (AppLovin), WBD, and CMCSA, depending on strategy ... APP is the strongest candidate for trend-following strategies.","Based on the data for September 2025, the stocks best suited for swing trading are **APP (AppLovin)**, **WBD (Warner Bros. Discovery)**, and **CMCSA (Comcast)**, depending on the specific trading strategy employed. **1. High-Momentum Strategy: APP (AppLovin)** APP is the strongest candidate for trend-following strategies. It exhibits powerful price leadership with a **49.16%** gain and **0.4916** 20-day momentum. Crucially, this technical surge is validated by exceptional fundamentals, specifically a **Return on Equity of 0.8270** and strong **Cash Flow/Assets of 0.1296**. Traders should note the **RSI of 90.67**, which indicates the stock is overbought; however, in strong momentum swings, assets often remain overbought while trending higher. **2. High-Volatility Speculation: WBD (Warner Bros. Discovery)** For traders seeking maximum price variance, WBD is the top candidate. It ranks #1 in momentum (**0.6807**) with a **68.07%** price increase. Unlike APP, WBD's fundamentals are weak (negative **Return on Assets of -0.0011**), making this a purely technical trade driven by market sentiment rather than earnings efficiency. The **RSI of 79.27** suggests strong upward pressure that is slightly less extended than the semiconductor sector (e.g., AMAT), offering room for continued movement. **3. Mean-Reversion/Bounce Strategy: CMCSA (Comcast)** For traders looking to buy ""dips,"" CMCSA offers a compelling technical setup. The stock has dropped **7.94%**, pushing its **RSI down to 13.47**. An RSI below 30 is considered oversold; an RSI below 15 is extreme, often signaling selling exhaustion. With positive **Cash Flow/Assets (0.0285)** and a stable business model, CMCSA is a prime candidate for a ""snap-back"" trade where the price reverts to the mean.",APP,committed,medium,Selects APP as the strongest candidate.
T32,T,screening_top1,What companies are suitable for momentum trading strategies as of Q3 2025?,APP|TSLA|INTC|PLTR|LRCX|none_clear,"the most suitable companies for momentum trading strategies are APP, TSLA, INTC, PLTR, LRCX, WBD, EA, BKR, AAPL, and NVDA (APP first; exceptional gains 23-113%).","Based on the Q3 2025 data, the most suitable companies for momentum trading strategies are **APP, TSLA, INTC, PLTR, LRCX, WBD, EA, BKR, AAPL, and NVDA**. These exhibit exceptional price gains (23-113%), positive Momentum_20D (0.07-0.68), bullish MACD crossovers, uptrends above key MAs, and RSI levels (60-90) indicating strength without immediate reversal risk. High Max_Return_20D supports volatility tolerance for momentum plays. Fundamentals reinforce sustainability for most (e.g., NVDA's ROA 0.2131/ROE 0.3338; AAPL's ROE 0.3536), though monitor debt in APP and weak ROA in TSLA/INTC/WBD. Prioritize entries on pullbacks to MA_20 with volume (OBV) confirmation; use tight stops below recent lows due to high RSI in some (e.g., APP, LRCX). This selection represents the top momentum profiles from the dataset, ideal for short- to medium-term directional trades.",APP,committed,high,Identifies APP as first.
T33,T,screening_top1,Which NASDAQ stocks are showing the clearest trend following signals in August 2025?,APP|GOOGL|IDXX|INTC|none_clear,APP (AppLovin) — Signal Strength: Very High. APP is the statistical leader in this dataset.,"Based on the convergence of Volatility Signals and Fundamental Data in August 2025, the following NASDAQ stocks show the clearest trend following signals: **1. APP (AppLovin)** * **Signal Strength:** **Very High.** * **Justification:** APP is the statistical leader in this dataset. It combines a massive 26.22% monthly return with a bullish MACD crossover (23.17 > 20.35). Crucially, this technical breakout is backed by exceptional fundamentals, specifically a Return on Equity (ROE) of 82.7%, suggesting the price surge is driven by high operational efficiency. **2. GOOG / GOOGL (Alphabet)** * **Signal Strength:** **High.** * **Justification:** Alphabet shows a textbook ""steady uptrend."" The price (~213) is trading well above the 20-day moving average (~203), and the MACD remains bullishly positioned above the signal line. With an RSI of ~72, momentum is strong without being as extreme as TXN. Fundamentals remain pristine with low debt and consistent cash flow. **3. TXN (Texas Instruments) & NXPI (NXP Semiconductors)** * **Signal Strength:** **High (Sector Momentum).** * **Justification:** Both semiconductor stocks are showing clear breakouts. TXN is exhibiting aggressive momentum (RSI > 85, MACD > Signal), while NXPI shows a healthy 11.88% gain supported by a strong 22.45% ROE. These signals suggest a broader sector rotation into these specific semi-names. **4. PANW (Palo Alto Networks)** * **Signal Strength:** **Moderate-High (Turnaround/Breakout).** * **Justification:** PANW offers a distinct ""crossover"" signal. The price has cleared the 20-day MA (190 vs 178), and the MACD has crossed from negative territory into positive territory relative to the signal line. This often indicates the start of a new trend leg, supported by a healthy balance sheet (very low debt). **Con",APP,committed,high,Clearly selects APP.
T34,T,screening_top1,What stocks have the best risk management characteristics for the period ending September 2025?,CPRT|TSLA|ASML|APP|none_clear,"CPRT (Copart) demonstrates the best corporate risk management characteristics, followed by TSLA and ASML.","** Based on the analysis of the period ending September 30, 2025, **CPRT (Copart)** demonstrates the best corporate risk management characteristics, followed by **TSLA (Tesla)** and **ASML**. **CPRT** is the clear leader in financial safety. According to the **Fundamental Data Context**, CPRT maintains an exceptionally conservative balance sheet with a **""F_Debt/Equity: 0.0113""** and **""F_Debt/Assets: 0.0103""**, effectively operating with zero leverage. While the **Volatility Signals Context** shows the stock struggled during this month (**""Momentum_20D=-0.0724""**), the **""RSI=21.1382""** indicates the stock is deeply oversold. This combination suggests that while the stock price is volatile, the company itself faces minimal solvency risk. **TSLA** and **ASML** also exhibit strong risk management regarding their capital structures. TSLA reports a **""F_Debt/Equity: 0.0925""** and ASML reports **""F_Debt/Equity: 0.2103""**, both significantly lower than high-risk peers like APP (Debt/Equity > 3.0). However, investors should note that both TSLA and ASML carry higher short-term market risk due to overbought conditions, with RSIs of **78.43** and **89.69** respectively.",CPRT,committed,high,Clearly selects CPRT.
T35,T,screening_top1,"As of September 5, 2025, which stocks are approaching oversold conditions?",TRI|TEAM|WBD|AVGO|none_clear,Thomson Reuters (TRI): The most oversold asset with an RSI of 15.71.,"Based on the latest available data points in the provided set (November 19, 2025), the following stocks are currently in or approaching **oversold conditions** (defined as RSI < 30 for oversold, and RSI 30-35 for approaching): **1. Deeply Oversold (RSI < 25):** * **Thomson Reuters (TRI):** The most oversold asset with an **RSI of 15.71**. Despite the heavy selling pressure (-21.21% price change), the company maintains solid fundamentals with an **ROE of 12.85%**, suggesting the sell-off may be excessive relative to its profitability. * **Atlassian (TEAM):** Extremely oversold with an **RSI of 19.54**. Unlike TRI, this technical weakness is supported by concerning fundamentals, specifically a negative **ROE of -19.08%**, indicating the stock is distressed rather than just technically dislocated. * **Warner Bros. Discovery (WBD):** **RSI of 22.36**. * **Broadcom (AVGO):** **RSI of 23.35**. Notably, AVGO is up 44.18% over the full period, implying a very sharp, recent crash has driven the RSI to these lows. **2. Oversold (RSI 25 - 30):** * **Costco (COST):** **RSI of 25.16**. Fundamentals remain robust with high asset turnover (**Sales/Assets: 0.84**), indicating strong operational efficiency despite the stock price drop. * **Paychex (PAYX):** **RSI of 26.86**. * **T-Mobile (TMUS):** **RSI of 27.78**. * **Meta Platforms (META):** **RSI of 27.88**. Similar to AVGO, META shows a positive period return (+10.78%) but a low RSI, suggesting a recent pullback. Its strong **Cash Flow/Assets (0.0867)** suggests the company remains financially healthy despite the current technical weakness. * **Copart (CPRT):** **RSI of 27.96**. * **Comcast (CMCSA):** **RSI of 28.01**. * **DexCom (DXCM):** **RSI of 28.45**. **3. Approaching Oversold (RSI 30 - 35):** * **Axon Enterprise (AXON):** **R",TRI,committed,high,Clearly selects TRI.
T37,T,screening_top1,Which NASDAQ stocks are breaking down from consolidation in August 2025?,KDP|MRVL|TXN|TTD|none_clear,Keurig Dr Pepper (KDP) and Marvell Technology (MRVL) are the clearest examples of stocks breaking down from consolidation.,"Based on the data for August 2025, **Keurig Dr Pepper (KDP)** and **Marvell Technology (MRVL)** are the clearest examples of stocks breaking down from consolidation. **Keurig Dr Pepper (KDP)** began the month at **33.02**, virtually tied to its 20-day moving average of **32.97**, before suffering a **12.69%** decline. The breakdown drove the RSI to a severely oversold level of **18.82**, indicating intense selling pressure. This negative price action aligns with weak fundamentals, specifically a low Return on Assets of **1.28%**. **Marvell Technology (MRVL)** displayed a similar pattern, opening at **74.45** against a 20-day moving average of **74.88**. It subsequently broke down with a **15.56%** loss, closing at **62.86**. The move was punctuated by a significant one-day reversal of **-18.60%** and an RSI of **27.28**. This bearish trend is supported fundamentally by a low Return on Equity of **1.44%** and Return on Assets of **1.19%**.",none_clear,noncommitted,medium,Selects two examples equally without a clear leader.
T38,T,screening_top1,What stocks are showing the strongest continuation patterns in mid-2025?,APP|LRCX|INTC|MU|none_clear,"Lam Research (LRCX) and AppLovin (APP) exhibit the strongest and most sustainable continuation patterns (numbered list: 1. AppLovin, 2. Lam Research).","Based on the convergence of technical momentum and fundamental health in mid-2025, **Lam Research (LRCX)** and **AppLovin (APP)** exhibit the strongest and most sustainable continuation patterns. While **Intel (INTC)** and **Micron (MU)** display the highest raw volatility scores, **LRCX** and **APP** are distinguished by superior operational metrics that support their price trends: 1. **AppLovin (APP):** Shows a powerful combination of price appreciation (+79.24%) and exceptional profitability. It ranks 4th in momentum (""Momentum_20D=0.3927"") but leads significantly in efficiency with a ""F_Return on Equity: 0.8270"" and strong ""F_Cash Flow/Assets: 0.1296"". 2. **Lam Research (LRCX):** Demonstrates a high-quality trend, ranking 3rd in momentum (""Momentum_20D=0.4192"") with a +74.49% price increase. This is backed by robust fundamentals, including ""F_Sales/Assets: 0.2423"" and ""F_Return on Equity: 0.1870"". **Intel (INTC)** warrants mention as the leader in raw technical strength (""Momentum_20D=0.5039""), but analysts should note this is a volatility-led move unsupported by current profitability (""F_Return on Equity: -0.0267""), characterizing it as a higher-risk recovery play rather than a quality-backed continuation.",APP,committed,medium,Numbers AppLovin as 1.
T4,T,screening_top1,"During July 2025, what stocks are breaking out of long-term downtrends?",SHOP|WBD|XEL|INTC|none_clear,"a technical breakout ... supported by strong business operations (like SHOP) or a highly leveraged, higher-risk turnaround play (like WBD and XEL).","**5. Support:** * **Volatility Signals Context:** * ""[SHOP] Volatility/Price Data 2025-07-01 ? 2025-07-31 - AdjClose: first=112.6700, last=122.2100, pct_change=8.47%... Long_Term_Reversal_13month_to_60month=-0.2862"" * ""[WBD] Volatility/Price Data 2025-07-01 ? 2025-07-31 - AdjClose: first=10.9400, last=13.1700, pct_change=20.38%... Long_Term_Reversal_13month_to_60month=-0.6518"" * ""[XEL] Volatility/Price Data 2025-07-01 ? 2025-07-31 - AdjClose: first=68.1780, last=72.8710, pct_change=6.88%... Long_Term_Reversal_13month_to_60month=-0.1035"" * **Fundamental Data Context:** * ""[SHOP] Fundamentals (median in window):... F_Return on Assets: 0.1607 * F_Return on Equity: 0.1930"" * ""[WBD] Fundamentals (median in window):... F_Debt/Equity: 0.9273... F_Return on Assets: -0.0011"" * ""[XEL] Fundamentals (median in window):... F_Debt/Equity: 1.5899... F_Return on Assets: 0.0093"" **6. Justify:** Information from the Volatility Signals Context is included because it is mathematically required to identify both the ""long-term downtrend"" (via the negative 13-to-60-month reversal factor) and the ""breakout"" (via the positive July 2025 percentage change). Without this technical data, we cannot answer the core premise of the prompt. Information from the Fundamental Data Context is included because a technical breakout is only part of the story. As a senior financial analyst, assessing the underlying financial health (such as ROA, ROE, and Debt/Equity) is crucial to determine if the breakout is supported by strong business operations (like SHOP) or if it is a highly leveraged, higher-risk turnaround play (like WBD and XEL). Excluding fundamental data would result in a superficial technical analysis that ignores the underlying risk profile of the companies.",none_clear,noncommitted,medium,Provides multiple examples for different strategies without picking a clear winner.
T40,T,screening_top1,"What NASDAQ companies are most correlated with market volatility, based on 2025 data?",PLTR|AMD|AVGO|LULU|none_clear,"the companies that exhibit the highest proxy correlation with market volatility ... are Palantir (PLTR), Advanced Micro Devices (AMD), Broadcom (AVGO), and Lululemon (LULU).","** Based on the provided 2025 data, the companies that exhibit the highest proxy correlation with market volatility�demonstrated through extreme price swings�are Palantir (PLTR), Advanced Micro Devices (AMD), Broadcom (AVGO), and Lululemon (LULU). Between March and September 2025, PLTR, AMD, and AVGO showed massive upside volatility with price changes of +73.87%, +59.96%, and +56.08%, respectively. Conversely, LULU exhibited severe downside volatility, dropping 42.15%. Fundamental analysis reveals that the tech-sector volatility (PLTR, AMD) is driven more by growth-stock dynamics than debt, as both maintain very low Debt/Equity ratios (0.0443 and 0.0734). AVGO's volatility is supported by a higher leverage profile (Debt/Equity of 0.9604), which naturally amplifies price swings. Together, these technical extremes and fundamental profiles highlight these specific equities as the most volatile assets in the provided dataset. *(Note: This analysis is for informational purposes and does not constitute a recommendation to buy, sell, or hold any securities).*",none_clear,noncommitted,medium,Lists multiple companies without a clear single choice.
T41,T,screening_top1,Which stocks are showing the strongest momentum acceleration as of September 2025?,APP|INTC|MRVL|WBD|none_clear,"AppLovin Corp (APP), Intel (INTC), and Marvell Technology (MRVL) are showing the strongest momentum acceleration ... APP exhibits the most robust 'quality' momentum.","As of September 2025, **AppLovin Corp (APP)**, **Intel (INTC)**, and **Marvell Technology (MRVL)** are showing the strongest momentum acceleration. While **Warner Bros. Discovery (WBD)** holds the highest ranking for the full 20-day period (`Momentum_20D`: 0.6807), its momentum has stalled recently (`Momentum_5D`: -0.0015). Conversely, the identified stocks show active acceleration where short-term velocity supports the longer trend: 1. **AppLovin Corp (APP):** Exhibits the most robust ""quality"" momentum. It combines high acceleration (`Momentum_5D`: 0.1034) with exceptional fundamental efficiency (`Return on Equity`: 82.7%), suggesting the 49.16% price increase is supported by operational performance. 2. **Intel (INTC):** Shows the highest rate of short-term acceleration (`Momentum_5D`: 0.1435). However, this appears to be a technical reversal or speculative move, as the company currently suffers from negative profitability (`Return on Equity`: -2.67%). 3. **Marvell Technology (MRVL):** Demonstrates strong technical acceleration (`Momentum_5D`: 0.1266) with positive, though modest, fundamental backing.",APP,committed,medium,Selects APP as having the most robust momentum.
T42,T,screening_top1,"What companies have the most reliable moving average signals, based on 2025 back-testing?",APP|MELI|GOOGL|INTC|none_clear,AppLovin (APP) and MercadoLibre (MELI) exhibit the most reliable moving average signals.,"Based on the 2025 back-testing data, **AppLovin (APP)** and **MercadoLibre (MELI)** exhibit the most reliable moving average signals. Both companies demonstrate strong technical alignment, with their current prices trading comfortably above their 20-day Simple and Exponential Moving Averages, supported by robust, positive MACD indicators. Crucially, these technical signals are highly reliable because they are validated by exceptional underlying fundamentals�specifically, APP's outstanding Return on Equity of 84.51% and MELI's strong Return on Equity of 41.19%. This convergence of technical momentum and fundamental profitability indicates that their moving average signals are driven by sustainable business growth rather than speculative market noise. *(Note: This analysis is for informational purposes and does not constitute direct investment advice to buy, sell, or hold these securities.)*",none_clear,noncommitted,medium,Selects two stocks equally.
T44,T,screening_top1,"What stocks have the highest probability reversal setups for the week of September 8, 2025?",INTC|ASML|TRI|MRVL|none_clear,INTC exhibits the strongest signal for a downward correction ... Short_Term_Reversal_1month indicator at a dataset-high of 0.5542.,"** Based on the convergence of extreme volatility indicators and fundamental divergences, the stocks with the highest probability reversal setups for the week of September 8, 2025, are **Intel Corp (INTC)** and **ASML Holding (ASML)** for downward reversals, and **Thomson Reuters (TRI)** for an upward reversal. **INTC** exhibits the strongest signal for a downward correction. It has rallied **79.22%** over the period, pushing its RSI to **78.36** and its `Short_Term_Reversal_1month` indicator to a dataset-high of **0.5542**. This price action is unsupported by its fundamentals, which show negative profitability (`F_Return on Equity: -0.0267`, `F_Return on Assets: -0.0174`), creating a high-probability setup for a pullback as the speculative fervor fades. Similarly, **ASML** is trading at an extreme RSI of **89.20** and well above its 20-day moving average, despite reporting negative `F_Cash Flow/Assets` of **-0.0013**, suggesting the price has disconnected from liquidity realities. Conversely, **TRI** presents a high-probability bullish reversal (bounce). The stock has declined **21.21%**, resulting in a deeply oversold RSI of **15.71**. Unlike the bearish candidates, TRI's fundamentals remain robust, with a healthy `F_Return on Equity` of **0.1285** and `F_Return on Assets` of **0.0902**, indicating the sell-off is likely exaggerated relative to the company's actual financial health.",INTC,committed,high,Clearly selects INTC.
T45,T,screening_top1,Which companies are showing the most volatile intraday action during August 2025?,IDXX|SHOP|MRVL|AXON|none_clear,"the companies exhibiting the most volatile intraday and single-day action were IDXX, SHOP, and MRVL ... IDXX recorded the highest single-day return at 27.49%.","During August 2025, the companies exhibiting the most volatile intraday and single-day action were **Idexx Laboratories (IDXX)**, **Shopify (SHOP)**, and **Marvell Technology (MRVL)**. **IDXX** and **SHOP** displayed extreme upside volatility, likely driven by aggressive repricing events. **IDXX** recorded the highest single-day return in the dataset at **27.49%** (""Max_Return_20D=0.2749""), supported by robust profitability metrics (""F_Return on Equity: 0.1935""). Similarly, **SHOP** posted a single-day return of **21.97%** (""Max_Return_20D=0.2197""), underpinned by strong asset efficiency (""F_Return on Assets: 0.1607""). Conversely, **MRVL** exhibited extreme technical instability. It registered a massive negative reversal signal of **-0.1860** (""One_Day_Reversal=-0.1860""), which was an outlier in the dataset. This technical weakness coincided with a monthly decline of **15.56%** and is contextualized by weaker fundamental performance compared to the high-flyers, with an ROE of only **1.44%** (""F_Return on Equity: 0.0144"").",IDXX,committed,medium,Selects IDXX as recording the highest return.
T46,T,screening_top1,"As of September 2025, what NASDAQ stocks pose the highest volatility risk?",WBD|APP|INTC|LRCX|MU|none_clear,"the NASDAQ stocks posing the highest volatility risk ... are WBD, APP, INTC, LRCX, and MU. These exhibited the largest absolute price movements (e.g., WBD +68.07%).","As of September 30, 2025, the NASDAQ stocks posing the **highest volatility risk**—based on extreme 30-day price swings, peak 20-day returns, overbought RSI levels, and sustained momentum—are **WBD, APP, INTC, LRCX, and MU**. These exhibited the largest absolute price movements (e.g., WBD +68.07%, APP +49.16%) alongside technical signals of potential reversals (e.g., RSI >73 for all, with APP/KLAC/AMAT >90), indicating elevated risk of sharp corrections despite bullish runs. Investors should monitor for MACD divergences and volume (OBV) fades, as fundamentals like elevated debt ratios (e.g., APP F_Debt/Equity 3.01) could exacerbate downside volatility. Other notables include TSLA (+35.03%, RSI 78.43) and ASML (+33.37%, RSI 89.69). Risk management via stops or options hedging is advised for exposure. | Rank | Ticker | pct_change | Max_Return_20D | RSI | Momentum_20D | Key Risk Note | |------|--------|------------|----------------|-----|--------------|---------------| | 1 | WBD | +68.07% | 0.2895 | 79.27 | 0.6807 | Massive rally; reversal primed | | 2 | APP | +49.16% | 0.1159 | 90.67 | 0.4916 | Severely overbought | | 3 | INTC | +38.58% | 0.2277 | 73.83 | 0.3858 | Intraday spikes; high OBV | | 4 | LRCX | +38.28% | 0.0766 | 88.93 | 0.3828 | Momentum extreme | | 5 | MU | +41.22% | 0.0755 | 73.23 | 0.4122 | Semiconductor vol cluster |",WBD,committed,medium,Selects WBD explicitly with highest movement.
T47,T,screening_top1,Which companies are showing decreasing momentum quality in Q3 2025?,CMCSA|TEAM|KDP|TRI|none_clear,CMCSA (Comcast): Critical momentum failure (RSI ~13) and -12.7% return (listed first of six).,"The companies showing the most significant **decreasing momentum quality** in Q3 2025 are: * **CMCSA (Comcast):** Critical momentum failure (RSI ~13) and -12.7% return. * **TEAM (Atlassian):** -23.1% return driven by negative profitability (ROE -19%) and weak technicals (RSI ~26). * **KDP (Keurig Dr Pepper):** -23.3% return with price remaining below trend averages. * **TRI (Thomson Reuters):** -22.7% return with deep oversold conditions (RSI ~21). * **DXCM (DexCom):** -19.5% return with negative MACD and low RSI (~26). * **VRSK (Verisk):** -19.5% return, weighed down by extreme debt leverage (Debt/Equity > 10). *Note: While TTD and LULU experienced larger total percentage drops, their momentum indicators (RSI > 60) suggest they began recovering by the end of the quarter, whereas the list above remains in a confirmed downtrend.*",CMCSA,committed,medium,Mentions CMCSA as first.
T48,T,screening_top1,What stocks are most vulnerable to sudden reversals in the current September 2025 market?,INTC|WBD|AMAT|CMCSA|none_clear,"the stocks most vulnerable to sudden reversals are Intel (INTC), Warner Bros. Discovery (WBD), Applied Materials (AMAT), and Comcast (CMCSA) — INTC and WBD exhibit the highest risk.","** Based on the analysis of September 2025 data, the stocks most vulnerable to sudden reversals are **Intel (INTC)**, **Warner Bros. Discovery (WBD)**, **Applied Materials (AMAT)**, and **Comcast (CMCSA)**. **1. Downside Reversal Risk (Fundamental Divergence):** **Intel (INTC)** and **Warner Bros. Discovery (WBD)** exhibit the highest risk of a sudden downward correction. Both stocks have experienced massive speculative rallies—INTC up **38.58%** and WBD up **68.07%**—pushing their RSIs into overbought territory (73.83 and 79.27, respectively). However, this price action is not supported by underlying profitability. * **INTC** shows negative profitability with an **ROA of -1.74%** and **ROE of -2.67%**. * **WBD** similarly shows an **ROA of -0.11%**. This disconnect between soaring prices and negative returns suggests these rallies are fragile and highly susceptible to reversal as momentum wanes. **2. Downside Reversal Risk (Technical Extreme):** **Applied Materials (AMAT)** is vulnerable to a pullback due to extreme technical overheating. The stock has surged **29.94%**, driving its **RSI to 91.22**. While its fundamentals are positive (ROA 4.57%), an RSI above 90 represents an extreme statistical deviation that typically precedes a mean-reversion event as buying pressure exhausts. **3. Upside Reversal Potential (Oversold Value):** **Comcast (CMCSA)** is the strongest candidate for a sudden bullish reversal. The stock has declined **7.94%**, resulting in an extremely oversold **RSI of 13.47**. Unlike the speculative rallies mentioned above, CMCSA's decline appears disconnected from its solid financial health, as it maintains a robust **ROE of 12.18%** and a high Book/Price ratio of **0.7338**. This suggests the stock is undervalued relative to its performance and ripe ",none_clear,noncommitted,medium,"INTC and WBD both exhibit highest risk, no single choice."
T49,T,screening_top1,"Which NASDAQ 100 stocks are setting up for potential breakouts as of September 15, 2025?",NVDA|LRCX|KLAC|APP|none_clear,"NVIDIA (NVDA), Lam Research (LRCX), and KLA Corp (KLAC) are the strongest candidates setting up for potential breakouts ... NVDA exhibits a classic high-quality breakout setup.","** Based on the convergence of volatility signals and fundamental data, **NVIDIA (NVDA)**, **Lam Research (LRCX)**, and **KLA Corp (KLAC)** are the strongest NASDAQ 100 candidates setting up for potential breakouts around September 15, 2025. **NVIDIA (NVDA)** exhibits a classic high-quality breakout setup. Technically, it maintains strong trend persistence with a `Medium_Term_Momentum_2month_to_12month` of **0.5239** and a bullish MACD configuration (`MACD=3.1174` > `MACD_Signal=1.8756`). Fundamentally, this move is supported by exceptional operational efficiency, evidenced by a `F_Return on Equity` of **0.3338** and `F_Sales/Assets` of **0.3321**. **Lam Research (LRCX)** and **KLA Corp (KLAC)** show similar strength in the semiconductor equipment space. **LRCX** displays explosive momentum (`Momentum_20D=0.4192`) validated by robust liquidity (`F_Cash Flow/Assets: 0.1197`). **KLAC** combines a bullish technical gap (`MACD=51.98` vs `Signal=45.55`) with a superior `F_Return on Equity` of **0.2984**. While other stocks like **AppLovin (APP)** show extreme price changes (`79.24%`), their technical indicators suggest consolidation (MACD below Signal), and others like **Micron (MU)** lack the high-tier fundamental backing (`ROE=0.0397`) seen in the selected candidates.",NVDA,committed,medium,Selects NVDA with a classic setup.
T50,T,screening_top1,What companies offer the best combination of momentum and stability as of Q3 2025?,LRCX|AMAT|MU|WBD|APP|none_clear,Lam Research (LRCX) offers the best combination of momentum and stability.,"** As of Q3 2025, **Lam Research (LRCX)** offers the best combination of momentum and stability. While **Warner Bros. Discovery (WBD)** and **AppLovin (APP)** displayed the highest raw momentum scores (0.6807 and 0.4916 respectively), they fail the stability criteria due to negative profitability (WBD ROA: -0.0011) and excessive leverage (APP Debt/Equity: 3.0082). **LRCX** achieves the optimal balance through: 1. **Strong Momentum:** It ranks in the top 5 for momentum (0.3828) with a significant price appreciation of **38.59%** over the period. 2. **High Stability:** It demonstrates superior financial health compared to other high-flyers, boasting a strong **Cash Flow/Assets ratio of 0.1197** and a robust **Return on Assets (ROA) of 8.40%**, with manageable debt levels (Debt/Equity: 0.4547). **Applied Materials (AMAT)** and **Micron (MU)** are notable runners-up. They exhibit lower momentum than LRCX but maintain healthy balance sheets with Debt/Equity ratios near 0.32, offering a more conservative ""stable growth"" profile.",LRCX,committed,high,Clearly selects LRCX.
T6,T,screening_top1,"What companies have RSI levels suggesting they're oversold but not in free fall, as of May 2025?",EA|INTC|MSTR|CPRT|none_clear,"the companies meeting both criteria — RSI suggesting oversold without free fall evidence — are EA, INTC, and MSTR.","Based on the May 2025 volatility data, the companies meeting both criteria—RSI suggesting oversold (≤35) without free fall evidence—are **EA, INTC, and MSTR**. These exhibit mild price wea2kness (monthly declines of -0.78% to -3.29%) alongside low RSI readings (30.22–33.02), positioning them as potential mean-reversion plays rather than distressed names. CPRT and PDD, while deeply oversold, display free-fall characteristics with >8% losses and sharp 5-day plunges, warranting caution. Investors should monitor for RSI stabilization above 30 and MACD crossovers for entry confirmation, cross-referencing OBV strength (all positive here) and medium-term momentum where available (e.g., MSTR's 0.7207). No fundamental overrides apply per query focus.",none_clear,noncommitted,medium,Lists multiple companies meeting criteria.
T7,T,screening_top1,"Based on trading in the first half of 2025, which stocks are showing the strongest exponential moving average support?",ON|NVDA|AAPL|MSFT|none_clear,"no stock in the dataset is showing strong exponential moving average (EMA) support. The only stock provided, ON, is displaying technical weakness rather than support.","Based on the provided data covering the period through November 19, 2025, **no stock in the dataset is showing strong exponential moving average (EMA) support.** The only stock provided, **ON**, is currently displaying technical weakness rather than support. * **Technical Breakdown:** ON's last trading price of **45.7400** is trading below its 20-day Exponential Moving Average of **49.3665**. When the price is below the EMA, the moving average typically acts as resistance, indicating a downtrend. This is further confirmed by a negative MACD (**-0.4595**) and negative 20-day momentum (**-0.0522**). * **Fundamental Context:** The lack of buying support aligns with the company's current fundamental performance, specifically a low Return on Equity of **1.97%** and Return on Assets of **1.20%**, which may be contributing to the bearish sentiment.",none_clear,noncommitted,high,Explicitly states no stock shows support.
T8,T,screening_top1,What NASDAQ 100 names are experiencing momentum divergence in Q2 2025?,APP|TSLA|COST|TTD|none_clear,"Bearish Divergence (Price Up, Momentum Down): AppLovin (APP): Despite a +23.83% price increase, the stock is showing severe exhaustion with -10.92% momentum.","** The following NASDAQ 100 securities are exhibiting significant momentum divergence for Q2 2025: **1. Bearish Divergence (Price Up, Momentum Down):** * **AppLovin (APP):** Despite a **+23.83%** price increase, the stock is showing severe exhaustion with **-10.92%** momentum over the last 20 days and a negative MACD. High leverage (Debt/Equity > 6.4) may be exacerbating volatility. * **Tesla (TSLA):** While the stock rose **+18.33%**, it closed with **-8.31%** 20-day momentum and **-8.90%** 5-day momentum. The divergence is supported by weak fundamentals (ROA of 0.24%), suggesting the rally was unsupported by underlying profitability. * **Costco (COST):** The stock managed a **+3.86%** gain, but technicals have broken down (MACD -6.11, Momentum_20D -4.83%), signaling distribution under the surface. * **The Trade Desk (TTD):** Posted a **+26.08%** gain but finished with **-4.29%** negative momentum, indicating the trend has stalled. **2. Bullish Divergence (Price Down, Momentum Up):** * **Starbucks (SBUX):** The stock fell **-6.05%** for the quarter, yet exhibited strong buying pressure into the close with **+9.15%** 20-day momentum and a positive MACD. This technical strength appears despite poor fundamentals (negative equity), suggesting a technical mean-reversion bounce. * **Diamondback Energy (FANG):** Despite a **-13.99%** drop, short-term momentum turned positive (**+2.12%**), indicating selling exhaustion.",APP,committed,high,Clearly selects APP.
T9,T,screening_top1,"As of September 2025, which stocks have the strongest volume confirmation for their price moves?",TSLA|INTC|LRCX|NVDA|none_clear,"Tesla (TSLA) demonstrates the highest level of confirmation ... 35.03% supported by an OBV of 22.96 Billion, the highest among all ranked tickers.","As of September 2025, the stocks with the strongest volume confirmation for their price moves are **Tesla (TSLA)**, **Intel (INTC)**, and **Lam Research (LRCX)**. **Tesla (TSLA)** demonstrates the highest level of confirmation in the dataset. Its price increase of **35.03%** is supported by an On-Balance Volume (OBV) of **22.96 Billion**, the highest among all ranked tickers. This suggests massive capital inflow driving the trend, although fundamental data indicates this is a growth-valuation move (low **Return on Assets of 0.0059**) rather than an earnings-yield play. **Intel (INTC)** shows the second-strongest confirmation with **12.13 Billion OBV** supporting a **38.58%** rally. However, fundamental analysis reveals a divergence; the stock is rallying on high volume despite negative profitability (**Return on Equity: -0.0267**), suggesting a strong turnaround narrative or technical repricing rather than current fundamental strength. **Lam Research (LRCX)** exhibits ""quality"" volume confirmation. Its **38.28%** price rise is backed by **8.87 Billion OBV** and robust fundamentals, specifically a strong **Return on Equity of 18.70%** and healthy **Cash Flow/Assets of 11.97%**, indicating that the heavy trading volume is supported by operational efficiency.",TSLA,committed,high,Clearly selects TSLA.
