question_id,lane,answer_type,round,K,evidence_mode,intervention,coverage_incomplete,tickers,parse_rate,gold_scoreable,tu,au,eu,tu_mm,au_mm,eu_mm,tu_norm,au_norm,eu_norm,eu_tu_ratio,predicted,p_noncommit,p_noncommit_fundamental,p_noncommit_trading,p_sys,agent_entropy_fundamental,agent_entropy_trading,k_eff_fundamental,k_eff_trading,gold_prob,correct,brier,nll,agent_gold_prob_fundamental,agent_gold_prob_trading,error,model,source_benchmark,hedgeqa_transformation,gold_commitment
hqa_CFQ_05f42dea,F,directional_change,0,10,hedgeqa_oracle,,False,,1.0,True,-0.0,0.0,-0.0,0.0,0.0,0.0,-0.0,0.0,-0.0,0.0,decreased,0.0,0.0,0.0,"{""increased"": 0.0, ""decreased"": 1.0, ""roughly_unchanged"": 0.0, ""insufficient_data"": 0.0}",-0.0,-0.0,10,10,1.0,True,0.0,0.2876820724517809,1.0,1.0,,qwen3.6:27b-q8_0,convfinqa,numeric_to_directional,committed
hqa_CFQ_05f42dea,F,directional_change,1,10,hedgeqa_oracle,,False,,1.0,True,-0.0,0.0,-0.0,0.0,0.0,0.0,-0.0,0.0,-0.0,0.0,decreased,0.0,0.0,0.0,"{""increased"": 0.0, ""decreased"": 1.0, ""roughly_unchanged"": 0.0, ""insufficient_data"": 0.0}",-0.0,-0.0,10,10,1.0,True,0.0,0.2876820724517809,1.0,1.0,,qwen3.6:27b-q8_0,convfinqa,numeric_to_directional,committed
hqa_CFQ_07480310,F,directional_change,0,10,hedgeqa_oracle,,False,,1.0,True,-0.0,0.0,-0.0,0.0,0.0,0.0,-0.0,0.0,-0.0,0.0,decreased,0.0,0.0,0.0,"{""increased"": 0.0, ""decreased"": 1.0, ""roughly_unchanged"": 0.0, ""insufficient_data"": 0.0}",-0.0,-0.0,10,10,1.0,True,0.0,0.2876820724517809,1.0,1.0,,qwen3.6:27b-q8_0,convfinqa,numeric_to_directional,committed
hqa_CFQ_07480310,F,directional_change,1,10,hedgeqa_oracle,,False,,1.0,True,-0.0,0.0,-0.0,0.0,0.0,0.0,-0.0,0.0,-0.0,0.0,decreased,0.0,0.0,0.0,"{""increased"": 0.0, ""decreased"": 1.0, ""roughly_unchanged"": 0.0, ""insufficient_data"": 0.0}",-0.0,-0.0,10,10,1.0,True,0.0,0.2876820724517809,1.0,1.0,,qwen3.6:27b-q8_0,convfinqa,numeric_to_directional,committed
hqa_CFQ_08d45061,F,directional_change,0,10,hedgeqa_oracle,,False,,1.0,True,-0.0,0.0,-0.0,0.0,0.0,0.0,-0.0,0.0,-0.0,0.0,decreased,0.0,0.0,0.0,"{""increased"": 0.0, ""decreased"": 1.0, ""roughly_unchanged"": 0.0, ""insufficient_data"": 0.0}",-0.0,-0.0,10,10,1.0,True,0.0,0.2876820724517809,1.0,1.0,,qwen3.6:27b-q8_0,convfinqa,numeric_to_directional,committed
hqa_CFQ_08d45061,F,directional_change,1,10,hedgeqa_oracle,,False,,1.0,True,-0.0,0.0,-0.0,0.0,0.0,0.0,-0.0,0.0,-0.0,0.0,decreased,0.0,0.0,0.0,"{""increased"": 0.0, ""decreased"": 1.0, ""roughly_unchanged"": 0.0, ""insufficient_data"": 0.0}",-0.0,-0.0,10,10,1.0,True,0.0,0.2876820724517809,1.0,1.0,,qwen3.6:27b-q8_0,convfinqa,numeric_to_directional,committed
hqa_CFQ_1279a468_masked,F,directional_change,0,10,hedgeqa_oracle,,False,,1.0,True,0.4227090878059908,0.41274269846481804,0.009966389341172777,0.44770908780599084,0.4627426984648181,0.0,0.3049201523582002,0.2977309221191609,0.007189230239039294,0.0235774191487149,insufficient_data,0.8500000000000001,0.9,0.8,"{""increased"": 0.15, ""decreased"": 0.0, ""roughly_unchanged"": 0.0, ""insufficient_data"": 0.85}",0.3250829733914482,0.5004024235381879,10,10,0.8500000000000001,True,0.044999999999999984,0.4307829160924542,0.9,0.8,,qwen3.6:27b-q8_0,convfinqa,evidence_masked_insufficient,noncommitted
hqa_CFQ_1279a468_masked,F,directional_change,1,10,hedgeqa_oracle,,False,,1.0,True,-0.0,0.0,-0.0,0.0,0.0,0.0,-0.0,0.0,-0.0,0.0,insufficient_data,1.0,1.0,1.0,"{""increased"": 0.0, ""decreased"": 0.0, ""roughly_unchanged"": 0.0, ""insufficient_data"": 1.0}",-0.0,-0.0,10,10,1.0,True,0.0,0.2876820724517809,1.0,1.0,,qwen3.6:27b-q8_0,convfinqa,evidence_masked_insufficient,noncommitted
hqa_CFQ_13c20530_masked,F,directional_change,0,10,hedgeqa_oracle,,False,,1.0,True,-0.0,0.0,-0.0,0.0,0.0,0.0,-0.0,0.0,-0.0,0.0,insufficient_data,1.0,1.0,1.0,"{""increased"": 0.0, ""decreased"": 0.0, ""roughly_unchanged"": 0.0, ""insufficient_data"": 1.0}",-0.0,-0.0,10,10,1.0,True,0.0,0.2876820724517809,1.0,1.0,,qwen3.6:27b-q8_0,convfinqa,evidence_masked_insufficient,noncommitted
hqa_CFQ_13c20530_masked,F,directional_change,1,10,hedgeqa_oracle,,False,,1.0,True,-0.0,0.0,-0.0,0.0,0.0,0.0,-0.0,0.0,-0.0,0.0,insufficient_data,1.0,1.0,1.0,"{""increased"": 0.0, ""decreased"": 0.0, ""roughly_unchanged"": 0.0, ""insufficient_data"": 1.0}",-0.0,-0.0,10,10,1.0,True,0.0,0.2876820724517809,1.0,1.0,,qwen3.6:27b-q8_0,convfinqa,evidence_masked_insufficient,noncommitted
hqa_CFQ_1d1128f4_masked,F,directional_change,0,10,hedgeqa_oracle,,False,,1.0,True,0.3250829733914482,0.3250829733914482,0.0,0.3500829733914482,0.3750829733914482,0.0,0.23449779679464058,0.23449779679464058,0.0,0.0,insufficient_data,0.9,0.9,0.9,"{""increased"": 0.1, ""decreased"": 0.0, ""roughly_unchanged"": 0.0, ""insufficient_data"": 0.9}",0.3250829733914482,0.3250829733914482,10,10,0.9,True,0.019999999999999997,0.38077249551779285,0.9,0.9,,qwen3.6:27b-q8_0,convfinqa,evidence_masked_insufficient,noncommitted
hqa_CFQ_1d1128f4_masked,F,directional_change,1,10,hedgeqa_oracle,,False,,1.0,True,-0.0,0.0,-0.0,0.0,0.0,0.0,-0.0,0.0,-0.0,0.0,insufficient_data,1.0,1.0,1.0,"{""increased"": 0.0, ""decreased"": 0.0, ""roughly_unchanged"": 0.0, ""insufficient_data"": 1.0}",-0.0,-0.0,10,10,1.0,True,0.0,0.2876820724517809,1.0,1.0,,qwen3.6:27b-q8_0,convfinqa,evidence_masked_insufficient,noncommitted
hqa_CFQ_3240be6a_masked,F,directional_change,0,10,hedgeqa_oracle,,False,,1.0,True,-0.0,0.0,-0.0,0.0,0.0,0.0,-0.0,0.0,-0.0,0.0,increased,0.0,0.0,0.0,"{""increased"": 1.0, ""decreased"": 0.0, ""roughly_unchanged"": 0.0, ""insufficient_data"": 0.0}",-0.0,-0.0,10,10,0.0,False,2.0,2.4849066497880004,0.0,0.0,,qwen3.6:27b-q8_0,convfinqa,evidence_masked_insufficient,noncommitted
hqa_CFQ_3240be6a_masked,F,directional_change,1,10,hedgeqa_oracle,,False,,1.0,True,-0.0,0.0,-0.0,0.0,0.0,0.0,-0.0,0.0,-0.0,0.0,increased,0.0,0.0,0.0,"{""increased"": 1.0, ""decreased"": 0.0, ""roughly_unchanged"": 0.0, ""insufficient_data"": 0.0}",-0.0,-0.0,10,10,0.0,False,2.0,2.4849066497880004,0.0,0.0,,qwen3.6:27b-q8_0,convfinqa,evidence_masked_insufficient,noncommitted
hqa_CFQ_378d381c_masked,F,directional_change,0,10,hedgeqa_oracle,,False,,1.0,True,-0.0,0.0,-0.0,0.0,0.0,0.0,-0.0,0.0,-0.0,0.0,insufficient_data,1.0,1.0,1.0,"{""increased"": 0.0, ""decreased"": 0.0, ""roughly_unchanged"": 0.0, ""insufficient_data"": 1.0}",-0.0,-0.0,10,10,1.0,True,0.0,0.2876820724517809,1.0,1.0,,qwen3.6:27b-q8_0,convfinqa,evidence_masked_insufficient,noncommitted
hqa_CFQ_378d381c_masked,F,directional_change,1,10,hedgeqa_oracle,,False,,1.0,True,-0.0,0.0,-0.0,0.0,0.0,0.0,-0.0,0.0,-0.0,0.0,insufficient_data,1.0,1.0,1.0,"{""increased"": 0.0, ""decreased"": 0.0, ""roughly_unchanged"": 0.0, ""insufficient_data"": 1.0}",-0.0,-0.0,10,10,1.0,True,0.0,0.2876820724517809,1.0,1.0,,qwen3.6:27b-q8_0,convfinqa,evidence_masked_insufficient,noncommitted
hqa_CFQ_3cabceab,F,directional_change,0,10,hedgeqa_oracle,,False,,1.0,True,-0.0,0.0,-0.0,0.0,0.0,0.0,-0.0,0.0,-0.0,0.0,increased,0.0,0.0,0.0,"{""increased"": 1.0, ""decreased"": 0.0, ""roughly_unchanged"": 0.0, ""insufficient_data"": 0.0}",-0.0,-0.0,10,10,1.0,True,0.0,0.2876820724517809,1.0,1.0,,qwen3.6:27b-q8_0,convfinqa,numeric_to_directional,committed
hqa_CFQ_3cabceab,F,directional_change,1,10,hedgeqa_oracle,,False,,1.0,True,-0.0,0.0,-0.0,0.0,0.0,0.0,-0.0,0.0,-0.0,0.0,increased,0.0,0.0,0.0,"{""increased"": 1.0, ""decreased"": 0.0, ""roughly_unchanged"": 0.0, ""insufficient_data"": 0.0}",-0.0,-0.0,10,10,1.0,True,0.0,0.2876820724517809,1.0,1.0,,qwen3.6:27b-q8_0,convfinqa,numeric_to_directional,committed
hqa_CFQ_421f4e3d,F,directional_change,0,10,hedgeqa_oracle,,False,,1.0,True,-0.0,0.0,-0.0,0.0,0.0,0.0,-0.0,0.0,-0.0,0.0,decreased,0.0,0.0,0.0,"{""increased"": 0.0, ""decreased"": 1.0, ""roughly_unchanged"": 0.0, ""insufficient_data"": 0.0}",-0.0,-0.0,10,10,0.0,False,2.0,2.4849066497880004,0.0,0.0,,qwen3.6:27b-q8_0,convfinqa,numeric_to_directional,committed
hqa_CFQ_421f4e3d,F,directional_change,1,10,hedgeqa_oracle,,False,,1.0,True,-0.0,0.0,-0.0,0.0,0.0,0.0,-0.0,0.0,-0.0,0.0,decreased,0.0,0.0,0.0,"{""increased"": 0.0, ""decreased"": 1.0, ""roughly_unchanged"": 0.0, ""insufficient_data"": 0.0}",-0.0,-0.0,10,10,0.0,False,2.0,2.4849066497880004,0.0,0.0,,qwen3.6:27b-q8_0,convfinqa,numeric_to_directional,committed
hqa_CFQ_446ed3a5_masked,F,directional_change,0,10,hedgeqa_oracle,,False,,1.0,True,0.3250829733914482,0.3250829733914482,0.0,0.3500829733914482,0.3750829733914482,0.0,0.23449779679464058,0.23449779679464058,0.0,0.0,insufficient_data,0.9,0.9,0.9,"{""increased"": 0.1, ""decreased"": 0.0, ""roughly_unchanged"": 0.0, ""insufficient_data"": 0.9}",0.3250829733914482,0.3250829733914482,10,10,0.9,True,0.019999999999999997,0.38077249551779285,0.9,0.9,,qwen3.6:27b-q8_0,convfinqa,evidence_masked_insufficient,noncommitted
hqa_CFQ_446ed3a5_masked,F,directional_change,1,10,hedgeqa_oracle,,False,,1.0,True,-0.0,0.0,-0.0,0.0,0.0,0.0,-0.0,0.0,-0.0,0.0,insufficient_data,1.0,1.0,1.0,"{""increased"": 0.0, ""decreased"": 0.0, ""roughly_unchanged"": 0.0, ""insufficient_data"": 1.0}",-0.0,-0.0,10,10,1.0,True,0.0,0.2876820724517809,1.0,1.0,,qwen3.6:27b-q8_0,convfinqa,evidence_masked_insufficient,noncommitted
hqa_CFQ_4613f27f,F,directional_change,0,10,hedgeqa_oracle,,False,,1.0,True,-0.0,0.0,-0.0,0.0,0.0,0.0,-0.0,0.0,-0.0,0.0,increased,0.0,0.0,0.0,"{""increased"": 1.0, ""decreased"": 0.0, ""roughly_unchanged"": 0.0, ""insufficient_data"": 0.0}",-0.0,-0.0,10,10,1.0,True,0.0,0.2876820724517809,1.0,1.0,,qwen3.6:27b-q8_0,convfinqa,numeric_to_directional,committed
hqa_CFQ_4613f27f,F,directional_change,1,10,hedgeqa_oracle,,False,,1.0,True,-0.0,0.0,-0.0,0.0,0.0,0.0,-0.0,0.0,-0.0,0.0,increased,0.0,0.0,0.0,"{""increased"": 1.0, ""decreased"": 0.0, ""roughly_unchanged"": 0.0, ""insufficient_data"": 0.0}",-0.0,-0.0,10,10,1.0,True,0.0,0.2876820724517809,1.0,1.0,,qwen3.6:27b-q8_0,convfinqa,numeric_to_directional,committed
hqa_CFQ_4846cde1,F,directional_change,0,10,hedgeqa_oracle,,False,,1.0,True,-0.0,0.0,-0.0,0.0,0.0,0.0,-0.0,0.0,-0.0,0.0,decreased,0.0,0.0,0.0,"{""increased"": 0.0, ""decreased"": 1.0, ""roughly_unchanged"": 0.0, ""insufficient_data"": 0.0}",-0.0,-0.0,10,10,1.0,True,0.0,0.2876820724517809,1.0,1.0,,qwen3.6:27b-q8_0,convfinqa,numeric_to_directional,committed
hqa_CFQ_4846cde1,F,directional_change,1,10,hedgeqa_oracle,,False,,1.0,True,-0.0,0.0,-0.0,0.0,0.0,0.0,-0.0,0.0,-0.0,0.0,decreased,0.0,0.0,0.0,"{""increased"": 0.0, ""decreased"": 1.0, ""roughly_unchanged"": 0.0, ""insufficient_data"": 0.0}",-0.0,-0.0,10,10,1.0,True,0.0,0.2876820724517809,1.0,1.0,,qwen3.6:27b-q8_0,convfinqa,numeric_to_directional,committed
hqa_CFQ_4b27112b_masked,F,directional_change,0,10,hedgeqa_oracle,,False,,1.0,True,-0.0,0.0,-0.0,0.0,0.0,0.0,-0.0,0.0,-0.0,0.0,insufficient_data,1.0,1.0,1.0,"{""increased"": 0.0, ""decreased"": 0.0, ""roughly_unchanged"": 0.0, ""insufficient_data"": 1.0}",-0.0,-0.0,10,10,1.0,True,0.0,0.2876820724517809,1.0,1.0,,qwen3.6:27b-q8_0,convfinqa,evidence_masked_insufficient,noncommitted
hqa_CFQ_4b27112b_masked,F,directional_change,1,10,hedgeqa_oracle,,False,,1.0,True,-0.0,0.0,-0.0,0.0,0.0,0.0,-0.0,0.0,-0.0,0.0,insufficient_data,1.0,1.0,1.0,"{""increased"": 0.0, ""decreased"": 0.0, ""roughly_unchanged"": 0.0, ""insufficient_data"": 1.0}",-0.0,-0.0,10,10,1.0,True,0.0,0.2876820724517809,1.0,1.0,,qwen3.6:27b-q8_0,convfinqa,evidence_masked_insufficient,noncommitted
hqa_CFQ_525e330f,F,directional_change,0,10,hedgeqa_oracle,,False,,1.0,True,0.5623351446188083,0.49904732020035236,0.06328782441845593,0.5873351446188083,0.5490473202003524,0.03828782441845591,0.4056390622295664,0.3599865470109875,0.04565251521857891,0.11254467202357951,increased,0.0,0.0,0.0,"{""increased"": 0.75, ""decreased"": 0.25, ""roughly_unchanged"": 0.0, ""insufficient_data"": 0.0}",0.6730116670092565,0.3250829733914482,10,10,0.25,False,1.125,1.3862943611198906,0.4,0.1,,qwen3.6:27b-q8_0,convfinqa,numeric_to_directional,committed
hqa_CFQ_525e330f,F,directional_change,1,10,hedgeqa_oracle,,False,,1.0,True,-0.0,0.0,-0.0,0.0,0.0,0.0,-0.0,0.0,-0.0,0.0,increased,0.0,0.0,0.0,"{""increased"": 1.0, ""decreased"": 0.0, ""roughly_unchanged"": 0.0, ""insufficient_data"": 0.0}",-0.0,-0.0,10,10,0.0,False,2.0,2.4849066497880004,0.0,0.0,,qwen3.6:27b-q8_0,convfinqa,numeric_to_directional,committed
hqa_CFQ_52cedb59,F,directional_change,0,10,hedgeqa_oracle,,False,,1.0,True,0.6881388137135884,0.641937984532075,0.04620082918151347,0.7131388137135884,0.691937984532075,0.021200829181513448,0.49638722699390414,0.4630603734213403,0.0333268535725638,0.06713882179118413,decreased,0.0,0.0,0.0,"{""increased"": 0.45, ""decreased"": 0.55, ""roughly_unchanged"": 0.0, ""insufficient_data"": 0.0}",0.6730116670092565,0.6108643020548935,10,10,0.55,True,0.4049999999999999,0.7985076962177716,0.4,0.7,,qwen3.6:27b-q8_0,convfinqa,numeric_to_directional,committed
hqa_CFQ_52cedb59,F,directional_change,1,10,hedgeqa_oracle,,False,,1.0,True,0.6931471805599453,0.0,0.6931471805599453,0.7181471805599453,0.0,0.7181471805599453,0.5,0.0,0.5,1.0,increased,0.0,0.0,0.0,"{""increased"": 0.5, ""decreased"": 0.5, ""roughly_unchanged"": 0.0, ""insufficient_data"": 0.0}",-0.0,-0.0,10,10,0.5,False,0.5,0.8754687373538999,1.0,0.0,,qwen3.6:27b-q8_0,convfinqa,numeric_to_directional,committed
hqa_CFQ_5310207f,F,directional_change,0,10,hedgeqa_oracle,,False,,1.0,True,-0.0,0.0,-0.0,0.0,0.0,0.0,-0.0,0.0,-0.0,0.0,increased,0.0,0.0,0.0,"{""increased"": 1.0, ""decreased"": 0.0, ""roughly_unchanged"": 0.0, ""insufficient_data"": 0.0}",-0.0,-0.0,10,10,1.0,True,0.0,0.2876820724517809,1.0,1.0,,qwen3.6:27b-q8_0,convfinqa,numeric_to_directional,committed
hqa_CFQ_5310207f,F,directional_change,1,10,hedgeqa_oracle,,False,,1.0,True,-0.0,0.0,-0.0,0.0,0.0,0.0,-0.0,0.0,-0.0,0.0,increased,0.0,0.0,0.0,"{""increased"": 1.0, ""decreased"": 0.0, ""roughly_unchanged"": 0.0, ""insufficient_data"": 0.0}",-0.0,-0.0,10,10,1.0,True,0.0,0.2876820724517809,1.0,1.0,,qwen3.6:27b-q8_0,convfinqa,numeric_to_directional,committed
hqa_CFQ_5572c7eb,F,directional_change,0,10,hedgeqa_oracle,,False,,1.0,True,-0.0,0.0,-0.0,0.0,0.0,0.0,-0.0,0.0,-0.0,0.0,decreased,0.0,0.0,0.0,"{""increased"": 0.0, ""decreased"": 1.0, ""roughly_unchanged"": 0.0, ""insufficient_data"": 0.0}",-0.0,-0.0,10,10,1.0,True,0.0,0.2876820724517809,1.0,1.0,,qwen3.6:27b-q8_0,convfinqa,numeric_to_directional,committed
hqa_CFQ_5572c7eb,F,directional_change,1,10,hedgeqa_oracle,,False,,1.0,True,-0.0,0.0,-0.0,0.0,0.0,0.0,-0.0,0.0,-0.0,0.0,decreased,0.0,0.0,0.0,"{""increased"": 0.0, ""decreased"": 1.0, ""roughly_unchanged"": 0.0, ""insufficient_data"": 0.0}",-0.0,-0.0,10,10,1.0,True,0.0,0.2876820724517809,1.0,1.0,,qwen3.6:27b-q8_0,convfinqa,numeric_to_directional,committed
hqa_CFQ_57d9a4fe,F,directional_change,0,10,hedgeqa_oracle,,False,,1.0,True,-0.0,0.0,-0.0,0.0,0.0,0.0,-0.0,0.0,-0.0,0.0,decreased,0.0,0.0,0.0,"{""increased"": 0.0, ""decreased"": 1.0, ""roughly_unchanged"": 0.0, ""insufficient_data"": 0.0}",-0.0,-0.0,10,10,1.0,True,0.0,0.2876820724517809,1.0,1.0,,qwen3.6:27b-q8_0,convfinqa,numeric_to_directional,committed
hqa_CFQ_57d9a4fe,F,directional_change,1,10,hedgeqa_oracle,,False,,1.0,True,-0.0,0.0,-0.0,0.0,0.0,0.0,-0.0,0.0,-0.0,0.0,decreased,0.0,0.0,0.0,"{""increased"": 0.0, ""decreased"": 1.0, ""roughly_unchanged"": 0.0, ""insufficient_data"": 0.0}",-0.0,-0.0,10,10,1.0,True,0.0,0.2876820724517809,1.0,1.0,,qwen3.6:27b-q8_0,convfinqa,numeric_to_directional,committed
hqa_CFQ_5c6f8a33,F,directional_change,0,10,hedgeqa_oracle,,False,,1.0,True,-0.0,0.0,-0.0,0.0,0.0,0.0,-0.0,0.0,-0.0,0.0,decreased,0.0,0.0,0.0,"{""increased"": 0.0, ""decreased"": 1.0, ""roughly_unchanged"": 0.0, ""insufficient_data"": 0.0}",-0.0,-0.0,10,10,1.0,True,0.0,0.2876820724517809,1.0,1.0,,qwen3.6:27b-q8_0,convfinqa,numeric_to_directional,committed
hqa_CFQ_5c6f8a33,F,directional_change,1,10,hedgeqa_oracle,,False,,1.0,True,-0.0,0.0,-0.0,0.0,0.0,0.0,-0.0,0.0,-0.0,0.0,decreased,0.0,0.0,0.0,"{""increased"": 0.0, ""decreased"": 1.0, ""roughly_unchanged"": 0.0, ""insufficient_data"": 0.0}",-0.0,-0.0,10,10,1.0,True,0.0,0.2876820724517809,1.0,1.0,,qwen3.6:27b-q8_0,convfinqa,numeric_to_directional,committed
hqa_CFQ_61e3612e,F,directional_change,0,10,hedgeqa_oracle,,False,,1.0,True,-0.0,0.0,-0.0,0.0,0.0,0.0,-0.0,0.0,-0.0,0.0,decreased,0.0,0.0,0.0,"{""increased"": 0.0, ""decreased"": 1.0, ""roughly_unchanged"": 0.0, ""insufficient_data"": 0.0}",-0.0,-0.0,10,10,1.0,True,0.0,0.2876820724517809,1.0,1.0,,qwen3.6:27b-q8_0,convfinqa,numeric_to_directional,committed
hqa_CFQ_61e3612e,F,directional_change,1,10,hedgeqa_oracle,,False,,1.0,True,-0.0,0.0,-0.0,0.0,0.0,0.0,-0.0,0.0,-0.0,0.0,decreased,0.0,0.0,0.0,"{""increased"": 0.0, ""decreased"": 1.0, ""roughly_unchanged"": 0.0, ""insufficient_data"": 0.0}",-0.0,-0.0,10,10,1.0,True,0.0,0.2876820724517809,1.0,1.0,,qwen3.6:27b-q8_0,convfinqa,numeric_to_directional,committed
hqa_CFQ_62332dc6,F,directional_change,0,10,hedgeqa_oracle,,False,,1.0,True,-0.0,0.0,-0.0,0.0,0.0,0.0,-0.0,0.0,-0.0,0.0,decreased,0.0,0.0,0.0,"{""increased"": 0.0, ""decreased"": 1.0, ""roughly_unchanged"": 0.0, ""insufficient_data"": 0.0}",-0.0,-0.0,10,10,1.0,True,0.0,0.2876820724517809,1.0,1.0,,qwen3.6:27b-q8_0,convfinqa,numeric_to_directional,committed
hqa_CFQ_62332dc6,F,directional_change,1,10,hedgeqa_oracle,,False,,1.0,True,-0.0,0.0,-0.0,0.0,0.0,0.0,-0.0,0.0,-0.0,0.0,decreased,0.0,0.0,0.0,"{""increased"": 0.0, ""decreased"": 1.0, ""roughly_unchanged"": 0.0, ""insufficient_data"": 0.0}",-0.0,-0.0,10,10,1.0,True,0.0,0.2876820724517809,1.0,1.0,,qwen3.6:27b-q8_0,convfinqa,numeric_to_directional,committed
hqa_CFQ_642330e7,F,directional_change,0,10,hedgeqa_oracle,,False,,1.0,True,0.6730116670092565,0.46797363772317085,0.20503802928608567,0.6980116670092565,0.5179736377231708,0.1800380292860857,0.4854752972273344,0.33757162320499345,0.14790367402234092,0.30465746633671004,increased,0.0,0.0,0.0,"{""increased"": 0.6, ""decreased"": 0.4, ""roughly_unchanged"": 0.0, ""insufficient_data"": 0.0}",0.3250829733914482,0.6108643020548935,10,10,0.6,True,0.32,0.7270487322356266,0.9,0.3,,qwen3.6:27b-q8_0,convfinqa,numeric_to_directional,committed
hqa_CFQ_642330e7,F,directional_change,1,10,hedgeqa_oracle,,False,,1.0,True,-0.0,0.0,-0.0,0.0,0.0,0.0,-0.0,0.0,-0.0,0.0,increased,0.0,0.0,0.0,"{""increased"": 1.0, ""decreased"": 0.0, ""roughly_unchanged"": 0.0, ""insufficient_data"": 0.0}",-0.0,-0.0,10,10,1.0,True,0.0,0.2876820724517809,1.0,1.0,,qwen3.6:27b-q8_0,convfinqa,numeric_to_directional,committed
hqa_CFQ_64646a26_masked,F,directional_change,0,10,hedgeqa_oracle,,False,,1.0,True,0.42270908780599087,0.30543215102744675,0.11727693677854412,0.4477090878059909,0.3304321510274468,0.11727693677854412,0.30492015235820025,0.22032272480767318,0.08459742755052704,0.2774412478029577,increased,0.15,0.3,0.0,"{""increased"": 0.85, ""decreased"": 0.0, ""roughly_unchanged"": 0.0, ""insufficient_data"": 0.15}",0.6108643020548935,-0.0,10,10,0.15,False,1.4449999999999998,1.69644928942373,0.3,0.0,,qwen3.6:27b-q8_0,convfinqa,evidence_masked_insufficient,noncommitted
hqa_CFQ_64646a26_masked,F,directional_change,1,10,hedgeqa_oracle,,False,,1.0,True,0.42270908780599087,0.30543215102744675,0.11727693677854412,0.4477090878059909,0.3304321510274468,0.11727693677854412,0.30492015235820025,0.22032272480767318,0.08459742755052704,0.2774412478029577,insufficient_data,0.85,0.7,1.0,"{""increased"": 0.15, ""decreased"": 0.0, ""roughly_unchanged"": 0.0, ""insufficient_data"": 0.85}",0.6108643020548935,-0.0,10,10,0.85,True,0.045000000000000005,0.4307829160924542,0.7,1.0,,qwen3.6:27b-q8_0,convfinqa,evidence_masked_insufficient,noncommitted
hqa_CFQ_654d0297,F,directional_change,0,10,hedgeqa_oracle,,False,,1.0,True,-0.0,0.0,-0.0,0.0,0.0,0.0,-0.0,0.0,-0.0,0.0,increased,0.0,0.0,0.0,"{""increased"": 1.0, ""decreased"": 0.0, ""roughly_unchanged"": 0.0, ""insufficient_data"": 0.0}",-0.0,-0.0,10,10,1.0,True,0.0,0.2876820724517809,1.0,1.0,,qwen3.6:27b-q8_0,convfinqa,numeric_to_directional,committed
hqa_CFQ_654d0297,F,directional_change,1,10,hedgeqa_oracle,,False,,1.0,True,-0.0,0.0,-0.0,0.0,0.0,0.0,-0.0,0.0,-0.0,0.0,increased,0.0,0.0,0.0,"{""increased"": 1.0, ""decreased"": 0.0, ""roughly_unchanged"": 0.0, ""insufficient_data"": 0.0}",-0.0,-0.0,10,10,1.0,True,0.0,0.2876820724517809,1.0,1.0,,qwen3.6:27b-q8_0,convfinqa,numeric_to_directional,committed
hqa_CFQ_66b29a53_masked,F,directional_change,0,10,hedgeqa_oracle,,False,,1.0,True,-0.0,0.0,-0.0,0.0,0.0,0.0,-0.0,0.0,-0.0,0.0,insufficient_data,1.0,1.0,1.0,"{""increased"": 0.0, ""decreased"": 0.0, ""roughly_unchanged"": 0.0, ""insufficient_data"": 1.0}",-0.0,-0.0,10,10,1.0,True,0.0,0.2876820724517809,1.0,1.0,,qwen3.6:27b-q8_0,convfinqa,evidence_masked_insufficient,noncommitted
hqa_CFQ_66b29a53_masked,F,directional_change,1,10,hedgeqa_oracle,,False,,1.0,True,-0.0,0.0,-0.0,0.0,0.0,0.0,-0.0,0.0,-0.0,0.0,insufficient_data,1.0,1.0,1.0,"{""increased"": 0.0, ""decreased"": 0.0, ""roughly_unchanged"": 0.0, ""insufficient_data"": 1.0}",-0.0,-0.0,10,10,1.0,True,0.0,0.2876820724517809,1.0,1.0,,qwen3.6:27b-q8_0,convfinqa,evidence_masked_insufficient,noncommitted
hqa_CFQ_6aedbd76_masked,F,directional_change,0,10,hedgeqa_oracle,,False,,1.0,True,-0.0,0.0,-0.0,0.0,0.0,0.0,-0.0,0.0,-0.0,0.0,insufficient_data,1.0,1.0,1.0,"{""increased"": 0.0, ""decreased"": 0.0, ""roughly_unchanged"": 0.0, ""insufficient_data"": 1.0}",-0.0,-0.0,10,10,1.0,True,0.0,0.2876820724517809,1.0,1.0,,qwen3.6:27b-q8_0,convfinqa,evidence_masked_insufficient,noncommitted
hqa_CFQ_6aedbd76_masked,F,directional_change,1,10,hedgeqa_oracle,,False,,1.0,True,-0.0,0.0,-0.0,0.0,0.0,0.0,-0.0,0.0,-0.0,0.0,insufficient_data,1.0,1.0,1.0,"{""increased"": 0.0, ""decreased"": 0.0, ""roughly_unchanged"": 0.0, ""insufficient_data"": 1.0}",-0.0,-0.0,10,10,1.0,True,0.0,0.2876820724517809,1.0,1.0,,qwen3.6:27b-q8_0,convfinqa,evidence_masked_insufficient,noncommitted
hqa_CFQ_6e99706b_masked,F,directional_change,0,10,hedgeqa_oracle,,False,,1.0,True,-0.0,0.0,-0.0,0.0,0.0,0.0,-0.0,0.0,-0.0,0.0,insufficient_data,1.0,1.0,1.0,"{""increased"": 0.0, ""decreased"": 0.0, ""roughly_unchanged"": 0.0, ""insufficient_data"": 1.0}",-0.0,-0.0,10,10,1.0,True,0.0,0.2876820724517809,1.0,1.0,,qwen3.6:27b-q8_0,convfinqa,evidence_masked_insufficient,noncommitted
hqa_CFQ_6e99706b_masked,F,directional_change,1,10,hedgeqa_oracle,,False,,1.0,True,-0.0,0.0,-0.0,0.0,0.0,0.0,-0.0,0.0,-0.0,0.0,insufficient_data,1.0,1.0,1.0,"{""increased"": 0.0, ""decreased"": 0.0, ""roughly_unchanged"": 0.0, ""insufficient_data"": 1.0}",-0.0,-0.0,10,10,1.0,True,0.0,0.2876820724517809,1.0,1.0,,qwen3.6:27b-q8_0,convfinqa,evidence_masked_insufficient,noncommitted
hqa_CFQ_72ebe479,F,directional_change,0,10,hedgeqa_oracle,,False,,1.0,True,-0.0,0.0,-0.0,0.0,0.0,0.0,-0.0,0.0,-0.0,0.0,increased,0.0,0.0,0.0,"{""increased"": 1.0, ""decreased"": 0.0, ""roughly_unchanged"": 0.0, ""insufficient_data"": 0.0}",-0.0,-0.0,10,10,1.0,True,0.0,0.2876820724517809,1.0,1.0,,qwen3.6:27b-q8_0,convfinqa,numeric_to_directional,committed
hqa_CFQ_72ebe479,F,directional_change,1,10,hedgeqa_oracle,,False,,1.0,True,-0.0,0.0,-0.0,0.0,0.0,0.0,-0.0,0.0,-0.0,0.0,increased,0.0,0.0,0.0,"{""increased"": 1.0, ""decreased"": 0.0, ""roughly_unchanged"": 0.0, ""insufficient_data"": 0.0}",-0.0,-0.0,10,10,1.0,True,0.0,0.2876820724517809,1.0,1.0,,qwen3.6:27b-q8_0,convfinqa,numeric_to_directional,committed
hqa_CFQ_76164f50,F,directional_change,0,10,hedgeqa_oracle,,False,,1.0,True,-0.0,0.0,-0.0,0.0,0.0,0.0,-0.0,0.0,-0.0,0.0,increased,0.0,0.0,0.0,"{""increased"": 1.0, ""decreased"": 0.0, ""roughly_unchanged"": 0.0, ""insufficient_data"": 0.0}",-0.0,-0.0,10,10,1.0,True,0.0,0.2876820724517809,1.0,1.0,,qwen3.6:27b-q8_0,convfinqa,numeric_to_directional,committed
hqa_CFQ_76164f50,F,directional_change,1,10,hedgeqa_oracle,,False,,1.0,True,-0.0,0.0,-0.0,0.0,0.0,0.0,-0.0,0.0,-0.0,0.0,increased,0.0,0.0,0.0,"{""increased"": 1.0, ""decreased"": 0.0, ""roughly_unchanged"": 0.0, ""insufficient_data"": 0.0}",-0.0,-0.0,10,10,1.0,True,0.0,0.2876820724517809,1.0,1.0,,qwen3.6:27b-q8_0,convfinqa,numeric_to_directional,committed
hqa_CFQ_782828a3_masked,F,directional_change,0,10,hedgeqa_oracle,,False,,1.0,True,0.9489154358953991,0.9433483923290393,0.005567043566359731,0.9989154358953991,1.0433483923290394,0.0,0.6844977967946406,0.6804820237218406,0.004015773072799996,0.005866743606195692,decreased,0.45,0.4,0.5,"{""increased"": 0.1, ""decreased"": 0.45, ""roughly_unchanged"": 0.0, ""insufficient_data"": 0.45}",0.9433483923290392,0.9433483923290393,10,10,0.45,False,0.5150000000000001,0.9588503462929511,0.4,0.5,,qwen3.6:27b-q8_0,convfinqa,evidence_masked_insufficient,noncommitted
hqa_CFQ_782828a3_masked,F,directional_change,1,10,hedgeqa_oracle,,False,,1.0,True,-0.0,0.0,-0.0,0.0,0.0,0.0,-0.0,0.0,-0.0,0.0,insufficient_data,1.0,1.0,1.0,"{""increased"": 0.0, ""decreased"": 0.0, ""roughly_unchanged"": 0.0, ""insufficient_data"": 1.0}",-0.0,-0.0,10,10,1.0,True,0.0,0.2876820724517809,1.0,1.0,,qwen3.6:27b-q8_0,convfinqa,evidence_masked_insufficient,noncommitted
hqa_CFQ_7897a7cc_masked,F,directional_change,0,10,hedgeqa_oracle,,False,,1.0,True,0.5623351446188083,0.5556333627965406,0.006701781822267661,0.5873351446188083,0.6056333627965407,0.0,0.4056390622295664,0.4008047485295137,0.004834313700052677,0.01191777161075468,insufficient_data,0.75,0.8,0.7,"{""increased"": 0.25, ""decreased"": 0.0, ""roughly_unchanged"": 0.0, ""insufficient_data"": 0.75}",0.5004024235381879,0.6108643020548935,10,10,0.75,True,0.125,0.5389965007326869,0.8,0.7,,qwen3.6:27b-q8_0,convfinqa,evidence_masked_insufficient,noncommitted
hqa_CFQ_7897a7cc_masked,F,directional_change,1,10,hedgeqa_oracle,,False,,1.0,True,-0.0,0.0,-0.0,0.0,0.0,0.0,-0.0,0.0,-0.0,0.0,insufficient_data,1.0,1.0,1.0,"{""increased"": 0.0, ""decreased"": 0.0, ""roughly_unchanged"": 0.0, ""insufficient_data"": 1.0}",-0.0,-0.0,10,10,1.0,True,0.0,0.2876820724517809,1.0,1.0,,qwen3.6:27b-q8_0,convfinqa,evidence_masked_insufficient,noncommitted
hqa_CFQ_7f731a74_masked,F,directional_change,0,10,hedgeqa_oracle,,False,,1.0,True,-0.0,0.0,-0.0,0.0,0.0,0.0,-0.0,0.0,-0.0,0.0,insufficient_data,1.0,1.0,1.0,"{""increased"": 0.0, ""decreased"": 0.0, ""roughly_unchanged"": 0.0, ""insufficient_data"": 1.0}",-0.0,-0.0,10,10,1.0,True,0.0,0.2876820724517809,1.0,1.0,,qwen3.6:27b-q8_0,convfinqa,evidence_masked_insufficient,noncommitted
hqa_CFQ_7f731a74_masked,F,directional_change,1,10,hedgeqa_oracle,,False,,1.0,True,-0.0,0.0,-0.0,0.0,0.0,0.0,-0.0,0.0,-0.0,0.0,insufficient_data,1.0,1.0,1.0,"{""increased"": 0.0, ""decreased"": 0.0, ""roughly_unchanged"": 0.0, ""insufficient_data"": 1.0}",-0.0,-0.0,10,10,1.0,True,0.0,0.2876820724517809,1.0,1.0,,qwen3.6:27b-q8_0,convfinqa,evidence_masked_insufficient,noncommitted
hqa_CFQ_847e456a,F,directional_change,0,10,hedgeqa_oracle,,False,,1.0,True,-0.0,0.0,-0.0,0.0,0.0,0.0,-0.0,0.0,-0.0,0.0,decreased,0.0,0.0,0.0,"{""increased"": 0.0, ""decreased"": 1.0, ""roughly_unchanged"": 0.0, ""insufficient_data"": 0.0}",-0.0,-0.0,10,10,1.0,True,0.0,0.2876820724517809,1.0,1.0,,qwen3.6:27b-q8_0,convfinqa,numeric_to_directional,committed
hqa_CFQ_847e456a,F,directional_change,1,10,hedgeqa_oracle,,False,,1.0,True,-0.0,0.0,-0.0,0.0,0.0,0.0,-0.0,0.0,-0.0,0.0,decreased,0.0,0.0,0.0,"{""increased"": 0.0, ""decreased"": 1.0, ""roughly_unchanged"": 0.0, ""insufficient_data"": 0.0}",-0.0,-0.0,10,10,1.0,True,0.0,0.2876820724517809,1.0,1.0,,qwen3.6:27b-q8_0,convfinqa,numeric_to_directional,committed
hqa_CFQ_84869786,F,directional_change,0,10,hedgeqa_oracle,,False,,1.0,True,-0.0,0.0,-0.0,0.0,0.0,0.0,-0.0,0.0,-0.0,0.0,decreased,0.0,0.0,0.0,"{""increased"": 0.0, ""decreased"": 1.0, ""roughly_unchanged"": 0.0, ""insufficient_data"": 0.0}",-0.0,-0.0,10,10,1.0,True,0.0,0.2876820724517809,1.0,1.0,,qwen3.6:27b-q8_0,convfinqa,numeric_to_directional,committed
hqa_CFQ_84869786,F,directional_change,1,10,hedgeqa_oracle,,False,,1.0,True,-0.0,0.0,-0.0,0.0,0.0,0.0,-0.0,0.0,-0.0,0.0,decreased,0.0,0.0,0.0,"{""increased"": 0.0, ""decreased"": 1.0, ""roughly_unchanged"": 0.0, ""insufficient_data"": 0.0}",-0.0,-0.0,10,10,1.0,True,0.0,0.2876820724517809,1.0,1.0,,qwen3.6:27b-q8_0,convfinqa,numeric_to_directional,committed
hqa_CFQ_870de807,F,directional_change,0,10,hedgeqa_oracle,,False,,1.0,True,-0.0,0.0,-0.0,0.0,0.0,0.0,-0.0,0.0,-0.0,0.0,increased,0.0,0.0,0.0,"{""increased"": 1.0, ""decreased"": 0.0, ""roughly_unchanged"": 0.0, ""insufficient_data"": 0.0}",-0.0,-0.0,10,10,1.0,True,0.0,0.2876820724517809,1.0,1.0,,qwen3.6:27b-q8_0,convfinqa,numeric_to_directional,committed
hqa_CFQ_870de807,F,directional_change,1,10,hedgeqa_oracle,,False,,1.0,True,-0.0,0.0,-0.0,0.0,0.0,0.0,-0.0,0.0,-0.0,0.0,increased,0.0,0.0,0.0,"{""increased"": 1.0, ""decreased"": 0.0, ""roughly_unchanged"": 0.0, ""insufficient_data"": 0.0}",-0.0,-0.0,10,10,1.0,True,0.0,0.2876820724517809,1.0,1.0,,qwen3.6:27b-q8_0,convfinqa,numeric_to_directional,committed
hqa_CFQ_893fb41a_masked,F,directional_change,0,10,hedgeqa_oracle,,False,,1.0,True,-0.0,0.0,-0.0,0.0,0.0,0.0,-0.0,0.0,-0.0,0.0,insufficient_data,1.0,1.0,1.0,"{""increased"": 0.0, ""decreased"": 0.0, ""roughly_unchanged"": 0.0, ""insufficient_data"": 1.0}",-0.0,-0.0,10,10,1.0,True,0.0,0.2876820724517809,1.0,1.0,,qwen3.6:27b-q8_0,convfinqa,evidence_masked_insufficient,noncommitted
hqa_CFQ_893fb41a_masked,F,directional_change,1,10,hedgeqa_oracle,,False,,1.0,True,-0.0,0.0,-0.0,0.0,0.0,0.0,-0.0,0.0,-0.0,0.0,insufficient_data,1.0,1.0,1.0,"{""increased"": 0.0, ""decreased"": 0.0, ""roughly_unchanged"": 0.0, ""insufficient_data"": 1.0}",-0.0,-0.0,10,10,1.0,True,0.0,0.2876820724517809,1.0,1.0,,qwen3.6:27b-q8_0,convfinqa,evidence_masked_insufficient,noncommitted
hqa_CFQ_8a8b8535,F,directional_change,0,10,hedgeqa_oracle,,False,,1.0,True,-0.0,0.0,-0.0,0.0,0.0,0.0,-0.0,0.0,-0.0,0.0,decreased,0.0,0.0,0.0,"{""increased"": 0.0, ""decreased"": 1.0, ""roughly_unchanged"": 0.0, ""insufficient_data"": 0.0}",-0.0,-0.0,10,10,1.0,True,0.0,0.2876820724517809,1.0,1.0,,qwen3.6:27b-q8_0,convfinqa,numeric_to_directional,committed
hqa_CFQ_8a8b8535,F,directional_change,1,10,hedgeqa_oracle,,False,,1.0,True,-0.0,0.0,-0.0,0.0,0.0,0.0,-0.0,0.0,-0.0,0.0,decreased,0.0,0.0,0.0,"{""increased"": 0.0, ""decreased"": 1.0, ""roughly_unchanged"": 0.0, ""insufficient_data"": 0.0}",-0.0,-0.0,10,10,1.0,True,0.0,0.2876820724517809,1.0,1.0,,qwen3.6:27b-q8_0,convfinqa,numeric_to_directional,committed
hqa_CFQ_8bd6d28a,F,directional_change,0,10,hedgeqa_oracle,,False,,1.0,True,-0.0,0.0,-0.0,0.0,0.0,0.0,-0.0,0.0,-0.0,0.0,increased,0.0,0.0,0.0,"{""increased"": 1.0, ""decreased"": 0.0, ""roughly_unchanged"": 0.0, ""insufficient_data"": 0.0}",-0.0,-0.0,10,10,1.0,True,0.0,0.2876820724517809,1.0,1.0,,qwen3.6:27b-q8_0,convfinqa,numeric_to_directional,committed
hqa_CFQ_8bd6d28a,F,directional_change,1,10,hedgeqa_oracle,,False,,1.0,True,-0.0,0.0,-0.0,0.0,0.0,0.0,-0.0,0.0,-0.0,0.0,increased,0.0,0.0,0.0,"{""increased"": 1.0, ""decreased"": 0.0, ""roughly_unchanged"": 0.0, ""insufficient_data"": 0.0}",-0.0,-0.0,10,10,1.0,True,0.0,0.2876820724517809,1.0,1.0,,qwen3.6:27b-q8_0,convfinqa,numeric_to_directional,committed
hqa_CFQ_8f75ba7a,F,directional_change,0,10,hedgeqa_oracle,,False,,1.0,True,-0.0,0.0,-0.0,0.0,0.0,0.0,-0.0,0.0,-0.0,0.0,roughly_unchanged,0.0,0.0,0.0,"{""increased"": 0.0, ""decreased"": 0.0, ""roughly_unchanged"": 1.0, ""insufficient_data"": 0.0}",-0.0,-0.0,10,10,1.0,True,0.0,0.2876820724517809,1.0,1.0,,qwen3.6:27b-q8_0,convfinqa,numeric_to_directional,committed
hqa_CFQ_8f75ba7a,F,directional_change,1,10,hedgeqa_oracle,,False,,1.0,True,-0.0,0.0,-0.0,0.0,0.0,0.0,-0.0,0.0,-0.0,0.0,roughly_unchanged,0.0,0.0,0.0,"{""increased"": 0.0, ""decreased"": 0.0, ""roughly_unchanged"": 1.0, ""insufficient_data"": 0.0}",-0.0,-0.0,10,10,1.0,True,0.0,0.2876820724517809,1.0,1.0,,qwen3.6:27b-q8_0,convfinqa,numeric_to_directional,committed
hqa_CFQ_9621ac0e,F,directional_change,0,10,hedgeqa_oracle,,False,,1.0,True,-0.0,0.0,-0.0,0.0,0.0,0.0,-0.0,0.0,-0.0,0.0,decreased,0.0,0.0,0.0,"{""increased"": 0.0, ""decreased"": 1.0, ""roughly_unchanged"": 0.0, ""insufficient_data"": 0.0}",-0.0,-0.0,10,10,1.0,True,0.0,0.2876820724517809,1.0,1.0,,qwen3.6:27b-q8_0,convfinqa,numeric_to_directional,committed
hqa_CFQ_9621ac0e,F,directional_change,1,10,hedgeqa_oracle,,False,,1.0,True,-0.0,0.0,-0.0,0.0,0.0,0.0,-0.0,0.0,-0.0,0.0,decreased,0.0,0.0,0.0,"{""increased"": 0.0, ""decreased"": 1.0, ""roughly_unchanged"": 0.0, ""insufficient_data"": 0.0}",-0.0,-0.0,10,10,1.0,True,0.0,0.2876820724517809,1.0,1.0,,qwen3.6:27b-q8_0,convfinqa,numeric_to_directional,committed
hqa_CFQ_9cddac48,F,directional_change,0,10,hedgeqa_oracle,,False,,1.0,True,-0.0,0.0,-0.0,0.0,0.0,0.0,-0.0,0.0,-0.0,0.0,increased,0.0,0.0,0.0,"{""increased"": 1.0, ""decreased"": 0.0, ""roughly_unchanged"": 0.0, ""insufficient_data"": 0.0}",-0.0,-0.0,10,10,1.0,True,0.0,0.2876820724517809,1.0,1.0,,qwen3.6:27b-q8_0,convfinqa,numeric_to_directional,committed
hqa_CFQ_9cddac48,F,directional_change,1,10,hedgeqa_oracle,,False,,1.0,True,-0.0,0.0,-0.0,0.0,0.0,0.0,-0.0,0.0,-0.0,0.0,increased,0.0,0.0,0.0,"{""increased"": 1.0, ""decreased"": 0.0, ""roughly_unchanged"": 0.0, ""insufficient_data"": 0.0}",-0.0,-0.0,10,10,1.0,True,0.0,0.2876820724517809,1.0,1.0,,qwen3.6:27b-q8_0,convfinqa,numeric_to_directional,committed
hqa_CFQ_ad675ca7_masked,F,directional_change,0,10,hedgeqa_oracle,,False,,1.0,True,0.5004024235381879,0.33650583350462826,0.1638965900335596,0.5254024235381879,0.3615058335046283,0.1638965900335596,0.36096404744368116,0.2427376486136672,0.11822639883001398,0.3275295688512027,insufficient_data,0.8,1.0,0.6,"{""increased"": 0.2, ""decreased"": 0.0, ""roughly_unchanged"": 0.0, ""insufficient_data"": 0.8}",-0.0,0.6730116670092565,10,10,0.8,True,0.07999999999999999,0.4834266495778762,1.0,0.6,,qwen3.6:27b-q8_0,convfinqa,evidence_masked_insufficient,noncommitted
hqa_CFQ_ad675ca7_masked,F,directional_change,1,10,hedgeqa_oracle,,False,,1.0,True,-0.0,0.0,-0.0,0.0,0.0,0.0,-0.0,0.0,-0.0,0.0,insufficient_data,1.0,1.0,1.0,"{""increased"": 0.0, ""decreased"": 0.0, ""roughly_unchanged"": 0.0, ""insufficient_data"": 1.0}",-0.0,-0.0,10,10,1.0,True,0.0,0.2876820724517809,1.0,1.0,,qwen3.6:27b-q8_0,convfinqa,evidence_masked_insufficient,noncommitted
hqa_CFQ_b6555530,F,directional_change,0,10,hedgeqa_oracle,,False,,1.0,True,0.6108643020548935,0.5867070452737222,0.02415725678117131,0.6358643020548935,0.6367070452737222,0.0,0.44064544961534635,0.4232196723355078,0.017425777279838565,0.03954602798020515,roughly_unchanged,0.0,0.0,0.0,"{""increased"": 0.0, ""decreased"": 0.3, ""roughly_unchanged"": 0.7, ""insufficient_data"": 0.0}",0.5004024235381879,0.6730116670092565,10,10,0.7,True,0.18000000000000005,0.5978370007556205,0.8,0.6,,qwen3.6:27b-q8_0,convfinqa,numeric_to_directional,committed
hqa_CFQ_b6555530,F,directional_change,1,10,hedgeqa_oracle,,False,,1.0,True,-0.0,0.0,-0.0,0.0,0.0,0.0,-0.0,0.0,-0.0,0.0,roughly_unchanged,0.0,0.0,0.0,"{""increased"": 0.0, ""decreased"": 0.0, ""roughly_unchanged"": 1.0, ""insufficient_data"": 0.0}",-0.0,-0.0,10,10,1.0,True,0.0,0.2876820724517809,1.0,1.0,,qwen3.6:27b-q8_0,convfinqa,numeric_to_directional,committed
hqa_CFQ_ba327bc7,F,directional_change,0,10,hedgeqa_oracle,,False,,1.0,True,-0.0,0.0,-0.0,0.0,0.0,0.0,-0.0,0.0,-0.0,0.0,increased,0.0,0.0,0.0,"{""increased"": 1.0, ""decreased"": 0.0, ""roughly_unchanged"": 0.0, ""insufficient_data"": 0.0}",-0.0,-0.0,10,10,1.0,True,0.0,0.2876820724517809,1.0,1.0,,qwen3.6:27b-q8_0,convfinqa,numeric_to_directional,committed
hqa_CFQ_ba327bc7,F,directional_change,1,10,hedgeqa_oracle,,False,,1.0,True,-0.0,0.0,-0.0,0.0,0.0,0.0,-0.0,0.0,-0.0,0.0,increased,0.0,0.0,0.0,"{""increased"": 1.0, ""decreased"": 0.0, ""roughly_unchanged"": 0.0, ""insufficient_data"": 0.0}",-0.0,-0.0,10,10,1.0,True,0.0,0.2876820724517809,1.0,1.0,,qwen3.6:27b-q8_0,convfinqa,numeric_to_directional,committed
hqa_CFQ_bce1262b,F,directional_change,0,10,hedgeqa_oracle,,False,,1.0,True,0.1985152433458726,0.1625414866957241,0.035973756650148486,0.22351524334587258,0.1875414866957241,0.035973756650148486,0.1431984785579781,0.11724889839732029,0.025949580160657796,0.18121407728610292,increased,0.05,0.1,0.0,"{""increased"": 0.95, ""decreased"": 0.0, ""roughly_unchanged"": 0.0, ""insufficient_data"": 0.05}",0.3250829733914482,-0.0,10,10,0.95,True,0.0050000000000000044,0.33314444652853825,0.9,1.0,,qwen3.6:27b-q8_0,convfinqa,numeric_to_directional,committed
hqa_CFQ_bce1262b,F,directional_change,1,10,hedgeqa_oracle,,False,,1.0,True,-0.0,0.0,-0.0,0.0,0.0,0.0,-0.0,0.0,-0.0,0.0,increased,0.0,0.0,0.0,"{""increased"": 1.0, ""decreased"": 0.0, ""roughly_unchanged"": 0.0, ""insufficient_data"": 0.0}",-0.0,-0.0,10,10,1.0,True,0.0,0.2876820724517809,1.0,1.0,,qwen3.6:27b-q8_0,convfinqa,numeric_to_directional,committed
hqa_CFQ_c80d1d26,F,directional_change,0,10,hedgeqa_oracle,,False,,1.0,True,-0.0,0.0,-0.0,0.0,0.0,0.0,-0.0,0.0,-0.0,0.0,decreased,0.0,0.0,0.0,"{""increased"": 0.0, ""decreased"": 1.0, ""roughly_unchanged"": 0.0, ""insufficient_data"": 0.0}",-0.0,-0.0,10,10,1.0,True,0.0,0.2876820724517809,1.0,1.0,,qwen3.6:27b-q8_0,convfinqa,numeric_to_directional,committed
hqa_CFQ_c80d1d26,F,directional_change,1,10,hedgeqa_oracle,,False,,1.0,True,-0.0,0.0,-0.0,0.0,0.0,0.0,-0.0,0.0,-0.0,0.0,decreased,0.0,0.0,0.0,"{""increased"": 0.0, ""decreased"": 1.0, ""roughly_unchanged"": 0.0, ""insufficient_data"": 0.0}",-0.0,-0.0,10,10,1.0,True,0.0,0.2876820724517809,1.0,1.0,,qwen3.6:27b-q8_0,convfinqa,numeric_to_directional,committed
hqa_CFQ_ca7d7f01,F,directional_change,0,10,hedgeqa_oracle,,False,,1.0,True,-0.0,0.0,-0.0,0.0,0.0,0.0,-0.0,0.0,-0.0,0.0,increased,0.0,0.0,0.0,"{""increased"": 1.0, ""decreased"": 0.0, ""roughly_unchanged"": 0.0, ""insufficient_data"": 0.0}",-0.0,-0.0,10,10,1.0,True,0.0,0.2876820724517809,1.0,1.0,,qwen3.6:27b-q8_0,convfinqa,numeric_to_directional,committed
hqa_CFQ_ca7d7f01,F,directional_change,1,10,hedgeqa_oracle,,False,,1.0,True,-0.0,0.0,-0.0,0.0,0.0,0.0,-0.0,0.0,-0.0,0.0,increased,0.0,0.0,0.0,"{""increased"": 1.0, ""decreased"": 0.0, ""roughly_unchanged"": 0.0, ""insufficient_data"": 0.0}",-0.0,-0.0,10,10,1.0,True,0.0,0.2876820724517809,1.0,1.0,,qwen3.6:27b-q8_0,convfinqa,numeric_to_directional,committed
hqa_CFQ_dea5f1e8_masked,F,directional_change,0,10,hedgeqa_oracle,,False,,1.0,True,-0.0,0.0,-0.0,0.0,0.0,0.0,-0.0,0.0,-0.0,0.0,increased,0.0,0.0,0.0,"{""increased"": 1.0, ""decreased"": 0.0, ""roughly_unchanged"": 0.0, ""insufficient_data"": 0.0}",-0.0,-0.0,10,10,0.0,False,2.0,2.4849066497880004,0.0,0.0,,qwen3.6:27b-q8_0,convfinqa,evidence_masked_insufficient,noncommitted
hqa_CFQ_dea5f1e8_masked,F,directional_change,1,10,hedgeqa_oracle,,False,,1.0,True,-0.0,0.0,-0.0,0.0,0.0,0.0,-0.0,0.0,-0.0,0.0,increased,0.0,0.0,0.0,"{""increased"": 1.0, ""decreased"": 0.0, ""roughly_unchanged"": 0.0, ""insufficient_data"": 0.0}",-0.0,-0.0,10,10,0.0,False,2.0,2.4849066497880004,0.0,0.0,,qwen3.6:27b-q8_0,convfinqa,evidence_masked_insufficient,noncommitted
hqa_CFQ_e1fe26ff,F,directional_change,0,10,hedgeqa_oracle,,False,,1.0,True,-0.0,0.0,-0.0,0.0,0.0,0.0,-0.0,0.0,-0.0,0.0,increased,0.0,0.0,0.0,"{""increased"": 1.0, ""decreased"": 0.0, ""roughly_unchanged"": 0.0, ""insufficient_data"": 0.0}",-0.0,-0.0,10,10,1.0,True,0.0,0.2876820724517809,1.0,1.0,,qwen3.6:27b-q8_0,convfinqa,numeric_to_directional,committed
hqa_CFQ_e1fe26ff,F,directional_change,1,10,hedgeqa_oracle,,False,,1.0,True,-0.0,0.0,-0.0,0.0,0.0,0.0,-0.0,0.0,-0.0,0.0,increased,0.0,0.0,0.0,"{""increased"": 1.0, ""decreased"": 0.0, ""roughly_unchanged"": 0.0, ""insufficient_data"": 0.0}",-0.0,-0.0,10,10,1.0,True,0.0,0.2876820724517809,1.0,1.0,,qwen3.6:27b-q8_0,convfinqa,numeric_to_directional,committed
hqa_CFQ_e2dffb49,F,directional_change,0,10,hedgeqa_oracle,,False,,1.0,True,-0.0,0.0,-0.0,0.0,0.0,0.0,-0.0,0.0,-0.0,0.0,increased,0.0,0.0,0.0,"{""increased"": 1.0, ""decreased"": 0.0, ""roughly_unchanged"": 0.0, ""insufficient_data"": 0.0}",-0.0,-0.0,10,10,1.0,True,0.0,0.2876820724517809,1.0,1.0,,qwen3.6:27b-q8_0,convfinqa,numeric_to_directional,committed
hqa_CFQ_e2dffb49,F,directional_change,1,10,hedgeqa_oracle,,False,,1.0,True,-0.0,0.0,-0.0,0.0,0.0,0.0,-0.0,0.0,-0.0,0.0,increased,0.0,0.0,0.0,"{""increased"": 1.0, ""decreased"": 0.0, ""roughly_unchanged"": 0.0, ""insufficient_data"": 0.0}",-0.0,-0.0,10,10,1.0,True,0.0,0.2876820724517809,1.0,1.0,,qwen3.6:27b-q8_0,convfinqa,numeric_to_directional,committed
hqa_CFQ_e45ced5c,F,directional_change,0,10,hedgeqa_oracle,,False,,1.0,True,-0.0,0.0,-0.0,0.0,0.0,0.0,-0.0,0.0,-0.0,0.0,decreased,0.0,0.0,0.0,"{""increased"": 0.0, ""decreased"": 1.0, ""roughly_unchanged"": 0.0, ""insufficient_data"": 0.0}",-0.0,-0.0,10,10,1.0,True,0.0,0.2876820724517809,1.0,1.0,,qwen3.6:27b-q8_0,convfinqa,numeric_to_directional,committed
hqa_CFQ_e45ced5c,F,directional_change,1,10,hedgeqa_oracle,,False,,1.0,True,-0.0,0.0,-0.0,0.0,0.0,0.0,-0.0,0.0,-0.0,0.0,decreased,0.0,0.0,0.0,"{""increased"": 0.0, ""decreased"": 1.0, ""roughly_unchanged"": 0.0, ""insufficient_data"": 0.0}",-0.0,-0.0,10,10,1.0,True,0.0,0.2876820724517809,1.0,1.0,,qwen3.6:27b-q8_0,convfinqa,numeric_to_directional,committed
hqa_CFQ_eaadc3af_masked,F,directional_change,0,10,hedgeqa_oracle,,False,,1.0,True,-0.0,0.0,-0.0,0.0,0.0,0.0,-0.0,0.0,-0.0,0.0,insufficient_data,1.0,1.0,1.0,"{""increased"": 0.0, ""decreased"": 0.0, ""roughly_unchanged"": 0.0, ""insufficient_data"": 1.0}",-0.0,-0.0,10,10,1.0,True,0.0,0.2876820724517809,1.0,1.0,,qwen3.6:27b-q8_0,convfinqa,evidence_masked_insufficient,noncommitted
hqa_CFQ_eaadc3af_masked,F,directional_change,1,10,hedgeqa_oracle,,False,,1.0,True,-0.0,0.0,-0.0,0.0,0.0,0.0,-0.0,0.0,-0.0,0.0,insufficient_data,1.0,1.0,1.0,"{""increased"": 0.0, ""decreased"": 0.0, ""roughly_unchanged"": 0.0, ""insufficient_data"": 1.0}",-0.0,-0.0,10,10,1.0,True,0.0,0.2876820724517809,1.0,1.0,,qwen3.6:27b-q8_0,convfinqa,evidence_masked_insufficient,noncommitted
hqa_CFQ_eaf13931,F,directional_change,0,10,hedgeqa_oracle,,False,,1.0,True,-0.0,0.0,-0.0,0.0,0.0,0.0,-0.0,0.0,-0.0,0.0,decreased,0.0,0.0,0.0,"{""increased"": 0.0, ""decreased"": 1.0, ""roughly_unchanged"": 0.0, ""insufficient_data"": 0.0}",-0.0,-0.0,10,10,1.0,True,0.0,0.2876820724517809,1.0,1.0,,qwen3.6:27b-q8_0,convfinqa,numeric_to_directional,committed
hqa_CFQ_eaf13931,F,directional_change,1,10,hedgeqa_oracle,,False,,1.0,True,-0.0,0.0,-0.0,0.0,0.0,0.0,-0.0,0.0,-0.0,0.0,decreased,0.0,0.0,0.0,"{""increased"": 0.0, ""decreased"": 1.0, ""roughly_unchanged"": 0.0, ""insufficient_data"": 0.0}",-0.0,-0.0,10,10,1.0,True,0.0,0.2876820724517809,1.0,1.0,,qwen3.6:27b-q8_0,convfinqa,numeric_to_directional,committed
hqa_CFQ_eb6cfd8c,F,directional_change,0,10,hedgeqa_oracle,,False,,1.0,True,-0.0,0.0,-0.0,0.0,0.0,0.0,-0.0,0.0,-0.0,0.0,increased,0.0,0.0,0.0,"{""increased"": 1.0, ""decreased"": 0.0, ""roughly_unchanged"": 0.0, ""insufficient_data"": 0.0}",-0.0,-0.0,10,10,1.0,True,0.0,0.2876820724517809,1.0,1.0,,qwen3.6:27b-q8_0,convfinqa,numeric_to_directional,committed
hqa_CFQ_eb6cfd8c,F,directional_change,1,10,hedgeqa_oracle,,False,,1.0,True,-0.0,0.0,-0.0,0.0,0.0,0.0,-0.0,0.0,-0.0,0.0,increased,0.0,0.0,0.0,"{""increased"": 1.0, ""decreased"": 0.0, ""roughly_unchanged"": 0.0, ""insufficient_data"": 0.0}",-0.0,-0.0,10,10,1.0,True,0.0,0.2876820724517809,1.0,1.0,,qwen3.6:27b-q8_0,convfinqa,numeric_to_directional,committed
hqa_CFQ_f1de8ce5,F,directional_change,0,10,hedgeqa_oracle,,False,,1.0,True,-0.0,0.0,-0.0,0.0,0.0,0.0,-0.0,0.0,-0.0,0.0,increased,0.0,0.0,0.0,"{""increased"": 1.0, ""decreased"": 0.0, ""roughly_unchanged"": 0.0, ""insufficient_data"": 0.0}",-0.0,-0.0,10,10,1.0,True,0.0,0.2876820724517809,1.0,1.0,,qwen3.6:27b-q8_0,convfinqa,numeric_to_directional,committed
hqa_CFQ_f1de8ce5,F,directional_change,1,10,hedgeqa_oracle,,False,,1.0,True,-0.0,0.0,-0.0,0.0,0.0,0.0,-0.0,0.0,-0.0,0.0,increased,0.0,0.0,0.0,"{""increased"": 1.0, ""decreased"": 0.0, ""roughly_unchanged"": 0.0, ""insufficient_data"": 0.0}",-0.0,-0.0,10,10,1.0,True,0.0,0.2876820724517809,1.0,1.0,,qwen3.6:27b-q8_0,convfinqa,numeric_to_directional,committed
hqa_CFQ_f3666c8b,F,directional_change,0,10,hedgeqa_oracle,,False,,1.0,True,-0.0,0.0,-0.0,0.0,0.0,0.0,-0.0,0.0,-0.0,0.0,increased,0.0,0.0,0.0,"{""increased"": 1.0, ""decreased"": 0.0, ""roughly_unchanged"": 0.0, ""insufficient_data"": 0.0}",-0.0,-0.0,10,10,1.0,True,0.0,0.2876820724517809,1.0,1.0,,qwen3.6:27b-q8_0,convfinqa,numeric_to_directional,committed
hqa_CFQ_f3666c8b,F,directional_change,1,10,hedgeqa_oracle,,False,,1.0,True,-0.0,0.0,-0.0,0.0,0.0,0.0,-0.0,0.0,-0.0,0.0,increased,0.0,0.0,0.0,"{""increased"": 1.0, ""decreased"": 0.0, ""roughly_unchanged"": 0.0, ""insufficient_data"": 0.0}",-0.0,-0.0,10,10,1.0,True,0.0,0.2876820724517809,1.0,1.0,,qwen3.6:27b-q8_0,convfinqa,numeric_to_directional,committed
hqa_CFQ_f82e55fe,F,directional_change,0,10,hedgeqa_oracle,,False,,1.0,True,-0.0,0.0,-0.0,0.0,0.0,0.0,-0.0,0.0,-0.0,0.0,decreased,0.0,0.0,0.0,"{""increased"": 0.0, ""decreased"": 1.0, ""roughly_unchanged"": 0.0, ""insufficient_data"": 0.0}",-0.0,-0.0,10,10,1.0,True,0.0,0.2876820724517809,1.0,1.0,,qwen3.6:27b-q8_0,convfinqa,numeric_to_directional,committed
hqa_CFQ_f82e55fe,F,directional_change,1,10,hedgeqa_oracle,,False,,1.0,True,-0.0,0.0,-0.0,0.0,0.0,0.0,-0.0,0.0,-0.0,0.0,decreased,0.0,0.0,0.0,"{""increased"": 0.0, ""decreased"": 1.0, ""roughly_unchanged"": 0.0, ""insufficient_data"": 0.0}",-0.0,-0.0,10,10,1.0,True,0.0,0.2876820724517809,1.0,1.0,,qwen3.6:27b-q8_0,convfinqa,numeric_to_directional,committed
hqa_CFQ_f9c627e5_masked,F,directional_change,0,10,hedgeqa_oracle,,False,,1.0,True,0.1985152433458726,0.1625414866957241,0.035973756650148486,0.22351524334587258,0.1875414866957241,0.035973756650148486,0.1431984785579781,0.11724889839732029,0.025949580160657796,0.18121407728610292,insufficient_data,0.95,1.0,0.9,"{""increased"": 0.05, ""decreased"": 0.0, ""roughly_unchanged"": 0.0, ""insufficient_data"": 0.95}",-0.0,0.3250829733914482,10,10,0.95,True,0.0050000000000000044,0.33314444652853825,1.0,0.9,,qwen3.6:27b-q8_0,convfinqa,evidence_masked_insufficient,noncommitted
hqa_CFQ_f9c627e5_masked,F,directional_change,1,10,hedgeqa_oracle,,False,,1.0,True,-0.0,0.0,-0.0,0.0,0.0,0.0,-0.0,0.0,-0.0,0.0,insufficient_data,1.0,1.0,1.0,"{""increased"": 0.0, ""decreased"": 0.0, ""roughly_unchanged"": 0.0, ""insufficient_data"": 1.0}",-0.0,-0.0,10,10,1.0,True,0.0,0.2876820724517809,1.0,1.0,,qwen3.6:27b-q8_0,convfinqa,evidence_masked_insufficient,noncommitted
hqa_FB_04a83e7c,F,yes_no,0,10,hedgeqa_oracle,,False,,1.0,True,-0.0,0.0,-0.0,0.0,0.0,0.0,-0.0,0.0,-0.0,0.0,yes,0.0,0.0,0.0,"{""yes"": 1.0, ""no"": 0.0, ""insufficient_data"": 0.0}",-0.0,-0.0,10,10,1.0,True,0.0,0.25131442828090605,1.0,1.0,,qwen3.6:27b-q8_0,financebench,none,committed
hqa_FB_04a83e7c,F,yes_no,1,10,hedgeqa_oracle,,False,,1.0,True,-0.0,0.0,-0.0,0.0,0.0,0.0,-0.0,0.0,-0.0,0.0,yes,0.0,0.0,0.0,"{""yes"": 1.0, ""no"": 0.0, ""insufficient_data"": 0.0}",-0.0,-0.0,10,10,1.0,True,0.0,0.25131442828090605,1.0,1.0,,qwen3.6:27b-q8_0,financebench,none,committed
hqa_FB_11e71606,F,yes_no,0,10,hedgeqa_oracle,,False,,1.0,True,-0.0,0.0,-0.0,0.0,0.0,0.0,-0.0,0.0,-0.0,0.0,no,0.0,0.0,0.0,"{""yes"": 0.0, ""no"": 1.0, ""insufficient_data"": 0.0}",-0.0,-0.0,10,10,1.0,True,0.0,0.25131442828090605,1.0,1.0,,qwen3.6:27b-q8_0,financebench,none,committed
hqa_FB_11e71606,F,yes_no,1,10,hedgeqa_oracle,,False,,1.0,True,-0.0,0.0,-0.0,0.0,0.0,0.0,-0.0,0.0,-0.0,0.0,no,0.0,0.0,0.0,"{""yes"": 0.0, ""no"": 1.0, ""insufficient_data"": 0.0}",-0.0,-0.0,10,10,1.0,True,0.0,0.25131442828090605,1.0,1.0,,qwen3.6:27b-q8_0,financebench,none,committed
hqa_FB_17e73c78,F,yes_no,0,10,hedgeqa_oracle,,False,,1.0,True,0.3250829733914482,0.3250829733914482,0.0,0.3500829733914482,0.3750829733914482,0.0,0.29590327428938457,0.29590327428938457,0.0,0.0,yes,0.0,0.0,0.0,"{""yes"": 0.9, ""no"": 0.1, ""insufficient_data"": 0.0}",0.3250829733914482,0.3250829733914482,10,10,0.9,True,0.019999999999999997,0.3409265869705932,0.9,0.9,,qwen3.6:27b-q8_0,financebench,none,committed
hqa_FB_17e73c78,F,yes_no,1,10,hedgeqa_oracle,,False,,1.0,True,0.7460326647147848,0.6342156828602437,0.11181698185454114,0.7960326647147848,0.7092156828602437,0.08681698185454112,0.6790681957683443,0.5772879926813197,0.10178020308702464,0.1498821528106813,yes,0.05,0.1,0.0,"{""yes"": 0.7, ""no"": 0.25, ""insufficient_data"": 0.05}",0.9433483923290391,0.3250829733914482,10,10,0.7,True,0.15500000000000003,0.5485659517488378,0.5,0.9,,qwen3.6:27b-q8_0,financebench,none,committed
hqa_FB_1858a6da_masked,F,yes_no,0,10,hedgeqa_oracle,,False,,1.0,True,1.0960673284468554,1.071910071665684,0.02415725678117142,1.1460673284468554,1.171910071665684,0.0,0.9976834773764094,0.97569459464649,0.021988882729919397,0.02203993874664856,no,0.35,0.3,0.4,"{""yes"": 0.3, ""no"": 0.35, ""insufficient_data"": 0.35}",1.0888999753452238,1.0549201679861442,10,10,0.35,False,0.635,1.0658224658451187,0.3,0.4,,qwen3.6:27b-q8_0,financebench,evidence_masked_insufficient,noncommitted
hqa_FB_1858a6da_masked,F,yes_no,1,10,hedgeqa_oracle,,False,,1.0,True,0.926506603289533,0.9206470585929094,0.005859544696623642,0.9765066032895331,1.0206470585929095,0.0,0.8433426540429225,0.8380090666098824,0.00533358743304009,0.00632434207788645,yes,0.1,0.1,0.1,"{""yes"": 0.55, ""no"": 0.35, ""insufficient_data"": 0.1}",0.8979457248567798,0.9433483923290391,10,10,0.09999999999999998,False,1.2349999999999999,1.7272209480904839,0.1,0.1,,qwen3.6:27b-q8_0,financebench,evidence_masked_insufficient,noncommitted
hqa_FB_1890c92b,F,yes_no,0,10,hedgeqa_oracle,,False,,1.0,True,0.5181862130502127,0.4820574165208126,0.03612879652940015,0.5681862130502128,0.5570574165208125,0.011128796529400242,0.4716734178155152,0.4387875700036356,0.03288584781187956,0.06972164758443553,insufficient_data,0.8500000000000001,0.9,0.8,"{""yes"": 0.1, ""no"": 0.05, ""insufficient_data"": 0.85}",0.3250829733914482,0.639031859650177,10,10,0.1,False,1.5350000000000001,1.7272209480904839,0.1,0.1,,qwen3.6:27b-q8_0,financebench,none,committed
hqa_FB_1890c92b,F,yes_no,1,10,hedgeqa_oracle,,False,,1.0,True,0.5181862130502128,0.40090927627166867,0.11727693677854417,0.5681862130502129,0.45090927627166866,0.11727693677854423,0.4716734178155153,0.3649233495810488,0.10675006823446655,0.22632199357102523,insufficient_data,0.85,1.0,0.7,"{""yes"": 0.05, ""no"": 0.1, ""insufficient_data"": 0.85}",-0.0,0.8018185525433373,10,10,0.05,False,1.6349999999999998,1.9348603128687283,0.0,0.1,,qwen3.6:27b-q8_0,financebench,none,committed
hqa_FB_1da93057_masked,F,yes_no,0,10,hedgeqa_oracle,,False,,1.0,True,0.1985152433458726,0.1625414866957241,0.035973756650148486,0.22351524334587258,0.1875414866957241,0.035973756650148486,0.18069636157678548,0.14795163714469228,0.032744724432093204,0.18121407728610292,insufficient_data,0.95,1.0,0.9,"{""yes"": 0.0, ""no"": 0.05, ""insufficient_data"": 0.95}",-0.0,0.3250829733914482,10,10,0.95,True,0.0050000000000000044,0.29511705093929896,1.0,0.9,,qwen3.6:27b-q8_0,financebench,evidence_masked_insufficient,noncommitted
hqa_FB_1da93057_masked,F,yes_no,1,10,hedgeqa_oracle,,False,,1.0,True,-0.0,0.0,-0.0,0.0,0.0,0.0,-0.0,0.0,-0.0,0.0,insufficient_data,1.0,1.0,1.0,"{""yes"": 0.0, ""no"": 0.0, ""insufficient_data"": 1.0}",-0.0,-0.0,10,10,1.0,True,0.0,0.25131442828090605,1.0,1.0,,qwen3.6:27b-q8_0,financebench,evidence_masked_insufficient,noncommitted
hqa_FB_26099d20,F,yes_no,0,10,hedgeqa_oracle,,False,,1.0,True,-0.0,0.0,-0.0,0.0,0.0,0.0,-0.0,0.0,-0.0,0.0,yes,0.0,0.0,0.0,"{""yes"": 1.0, ""no"": 0.0, ""insufficient_data"": 0.0}",-0.0,-0.0,10,10,1.0,True,0.0,0.25131442828090605,1.0,1.0,,qwen3.6:27b-q8_0,financebench,none,committed
hqa_FB_26099d20,F,yes_no,1,10,hedgeqa_oracle,,False,,1.0,True,-0.0,0.0,-0.0,0.0,0.0,0.0,-0.0,0.0,-0.0,0.0,yes,0.0,0.0,0.0,"{""yes"": 1.0, ""no"": 0.0, ""insufficient_data"": 0.0}",-0.0,-0.0,10,10,1.0,True,0.0,0.25131442828090605,1.0,1.0,,qwen3.6:27b-q8_0,financebench,none,committed
hqa_FB_379b82eb,F,yes_no,0,10,hedgeqa_oracle,,False,,1.0,True,-0.0,0.0,-0.0,0.0,0.0,0.0,-0.0,0.0,-0.0,0.0,no,0.0,0.0,0.0,"{""yes"": 0.0, ""no"": 1.0, ""insufficient_data"": 0.0}",-0.0,-0.0,10,10,1.0,True,0.0,0.25131442828090605,1.0,1.0,,qwen3.6:27b-q8_0,financebench,none,committed
hqa_FB_379b82eb,F,yes_no,1,10,hedgeqa_oracle,,False,,1.0,True,-0.0,0.0,-0.0,0.0,0.0,0.0,-0.0,0.0,-0.0,0.0,no,0.0,0.0,0.0,"{""yes"": 0.0, ""no"": 1.0, ""insufficient_data"": 0.0}",-0.0,-0.0,10,10,1.0,True,0.0,0.25131442828090605,1.0,1.0,,qwen3.6:27b-q8_0,financebench,none,committed
hqa_FB_38d1ec9b,F,yes_no,0,10,hedgeqa_oracle,,False,,1.0,True,1.0104127537805414,0.9865007031968065,0.023912050583734912,1.0604127537805415,1.0865007031968066,0.0,0.9197173235750931,0.8979516371446923,0.02176568643040068,0.023665626244587703,insufficient_data,0.45,0.5,0.4,"{""yes"": 0.4, ""no"": 0.15, ""insufficient_data"": 0.45}",1.0296530140645737,0.9433483923290392,10,10,0.4,False,0.585,0.9734491457141039,0.3,0.5,,qwen3.6:27b-q8_0,financebench,none,committed
hqa_FB_38d1ec9b,F,yes_no,1,10,hedgeqa_oracle,,False,,1.0,True,0.6108643020548935,0.33650583350462826,0.27435846855026524,0.6358643020548935,0.3615058335046283,0.27435846855026524,0.556032649876389,0.3063008096446721,0.2497318402317169,0.4491316117627886,insufficient_data,0.7,0.4,1.0,"{""yes"": 0.3, ""no"": 0.0, ""insufficient_data"": 0.7}",0.6730116670092565,-0.0,10,10,0.3,False,0.9799999999999999,1.1676051601550612,0.6,0.0,,qwen3.6:27b-q8_0,financebench,none,committed
hqa_FB_3a8f6edf,F,yes_no,0,10,hedgeqa_oracle,,False,,1.0,True,-0.0,0.0,-0.0,0.0,0.0,0.0,-0.0,0.0,-0.0,0.0,yes,0.0,0.0,0.0,"{""yes"": 1.0, ""no"": 0.0, ""insufficient_data"": 0.0}",-0.0,-0.0,10,10,0.0,False,2.0,2.1972245773362196,0.0,0.0,,qwen3.6:27b-q8_0,financebench,none,committed
hqa_FB_3a8f6edf,F,yes_no,1,10,hedgeqa_oracle,,False,,1.0,True,-0.0,0.0,-0.0,0.0,0.0,0.0,-0.0,0.0,-0.0,0.0,yes,0.0,0.0,0.0,"{""yes"": 1.0, ""no"": 0.0, ""insufficient_data"": 0.0}",-0.0,-0.0,10,10,0.0,False,2.0,2.1972245773362196,0.0,0.0,,qwen3.6:27b-q8_0,financebench,none,committed
hqa_FB_3d960a52,F,yes_no,0,10,hedgeqa_oracle,,False,,1.0,True,-0.0,0.0,-0.0,0.0,0.0,0.0,-0.0,0.0,-0.0,0.0,yes,0.0,0.0,0.0,"{""yes"": 1.0, ""no"": 0.0, ""insufficient_data"": 0.0}",-0.0,-0.0,10,10,1.0,True,0.0,0.25131442828090605,1.0,1.0,,qwen3.6:27b-q8_0,financebench,none,committed
hqa_FB_3d960a52,F,yes_no,1,10,hedgeqa_oracle,,False,,1.0,True,-0.0,0.0,-0.0,0.0,0.0,0.0,-0.0,0.0,-0.0,0.0,yes,0.0,0.0,0.0,"{""yes"": 1.0, ""no"": 0.0, ""insufficient_data"": 0.0}",-0.0,-0.0,10,10,1.0,True,0.0,0.25131442828090605,1.0,1.0,,qwen3.6:27b-q8_0,financebench,none,committed
hqa_FB_4fcce970,F,yes_no,0,10,hedgeqa_oracle,,False,,1.0,True,0.5004024235381879,0.5004024235381879,0.0,0.5254024235381879,0.5504024235381879,0.0,0.4554859150035952,0.4554859150035952,0.0,0.0,yes,0.0,0.0,0.0,"{""yes"": 0.8, ""no"": 0.2, ""insufficient_data"": 0.0}",0.5004024235381879,0.5004024235381879,10,10,0.2,False,1.2800000000000002,1.4087672169719492,0.2,0.2,,qwen3.6:27b-q8_0,financebench,none,committed
hqa_FB_4fcce970,F,yes_no,1,10,hedgeqa_oracle,,False,,1.0,True,0.6931471805599453,0.0,0.6931471805599453,0.7181471805599453,0.0,0.7181471805599453,0.6309297535714574,0.0,0.6309297535714574,1.0,yes,0.0,0.0,0.0,"{""yes"": 0.5, ""no"": 0.5, ""insufficient_data"": 0.0}",-0.0,-0.0,10,10,0.5,False,0.5,0.8109302162163288,0.0,1.0,,qwen3.6:27b-q8_0,financebench,none,committed
hqa_FB_59653c84,F,yes_no,0,10,hedgeqa_oracle,,False,,1.0,True,-0.0,0.0,-0.0,0.0,0.0,0.0,-0.0,0.0,-0.0,0.0,yes,0.0,0.0,0.0,"{""yes"": 1.0, ""no"": 0.0, ""insufficient_data"": 0.0}",-0.0,-0.0,10,10,1.0,True,0.0,0.25131442828090605,1.0,1.0,,qwen3.6:27b-q8_0,financebench,none,committed
hqa_FB_59653c84,F,yes_no,1,10,hedgeqa_oracle,,False,,1.0,True,-0.0,0.0,-0.0,0.0,0.0,0.0,-0.0,0.0,-0.0,0.0,yes,0.0,0.0,0.0,"{""yes"": 1.0, ""no"": 0.0, ""insufficient_data"": 0.0}",-0.0,-0.0,10,10,1.0,True,0.0,0.25131442828090605,1.0,1.0,,qwen3.6:27b-q8_0,financebench,none,committed
hqa_FB_5aee2b1c,F,yes_no,0,10,hedgeqa_oracle,,False,,1.0,True,0.9433483923290391,0.9433483923290391,0.0,0.9933483923290392,1.0433483923290392,0.0,0.8586727110732548,0.8586727110732548,0.0,0.0,no,0.1,0.1,0.1,"{""yes"": 0.4, ""no"": 0.5, ""insufficient_data"": 0.1}",0.9433483923290391,0.9433483923290391,10,10,0.4,False,0.62,0.9734491457141036,0.4,0.4,,qwen3.6:27b-q8_0,financebench,none,committed
hqa_FB_5aee2b1c,F,yes_no,1,10,hedgeqa_oracle,,False,,1.0,True,-0.0,0.0,-0.0,0.0,0.0,0.0,-0.0,0.0,-0.0,0.0,yes,0.0,0.0,0.0,"{""yes"": 1.0, ""no"": 0.0, ""insufficient_data"": 0.0}",-0.0,-0.0,10,10,1.0,True,0.0,0.25131442828090605,1.0,1.0,,qwen3.6:27b-q8_0,financebench,none,committed
hqa_FB_6103ef6a,F,yes_no,0,10,hedgeqa_oracle,,False,,1.0,True,-0.0,0.0,-0.0,0.0,0.0,0.0,-0.0,0.0,-0.0,0.0,yes,0.0,0.0,0.0,"{""yes"": 1.0, ""no"": 0.0, ""insufficient_data"": 0.0}",-0.0,-0.0,10,10,1.0,True,0.0,0.25131442828090605,1.0,1.0,,qwen3.6:27b-q8_0,financebench,none,committed
hqa_FB_6103ef6a,F,yes_no,1,10,hedgeqa_oracle,,False,,1.0,True,-0.0,0.0,-0.0,0.0,0.0,0.0,-0.0,0.0,-0.0,0.0,yes,0.0,0.0,0.0,"{""yes"": 1.0, ""no"": 0.0, ""insufficient_data"": 0.0}",-0.0,-0.0,10,10,1.0,True,0.0,0.25131442828090605,1.0,1.0,,qwen3.6:27b-q8_0,financebench,none,committed
hqa_FB_68e15a3f,F,yes_no,0,10,hedgeqa_oracle,,False,,1.0,True,-0.0,0.0,-0.0,0.0,0.0,0.0,-0.0,0.0,-0.0,0.0,no,0.0,0.0,0.0,"{""yes"": 0.0, ""no"": 1.0, ""insufficient_data"": 0.0}",-0.0,-0.0,10,10,1.0,True,0.0,0.25131442828090605,1.0,1.0,,qwen3.6:27b-q8_0,financebench,none,committed
hqa_FB_68e15a3f,F,yes_no,1,10,hedgeqa_oracle,,False,,1.0,True,-0.0,0.0,-0.0,0.0,0.0,0.0,-0.0,0.0,-0.0,0.0,no,0.0,0.0,0.0,"{""yes"": 0.0, ""no"": 1.0, ""insufficient_data"": 0.0}",-0.0,-0.0,10,10,1.0,True,0.0,0.25131442828090605,1.0,1.0,,qwen3.6:27b-q8_0,financebench,none,committed
hqa_FB_6c175812,F,yes_no,0,10,hedgeqa_oracle,,False,,1.0,True,-0.0,0.0,-0.0,0.0,0.0,0.0,-0.0,0.0,-0.0,0.0,yes,0.0,0.0,0.0,"{""yes"": 1.0, ""no"": 0.0, ""insufficient_data"": 0.0}",-0.0,-0.0,10,10,1.0,True,0.0,0.25131442828090605,1.0,1.0,,qwen3.6:27b-q8_0,financebench,none,committed
hqa_FB_6c175812,F,yes_no,1,10,hedgeqa_oracle,,False,,1.0,True,-0.0,0.0,-0.0,0.0,0.0,0.0,-0.0,0.0,-0.0,0.0,yes,0.0,0.0,0.0,"{""yes"": 1.0, ""no"": 0.0, ""insufficient_data"": 0.0}",-0.0,-0.0,10,10,1.0,True,0.0,0.25131442828090605,1.0,1.0,,qwen3.6:27b-q8_0,financebench,none,committed
hqa_FB_7aa81e67,F,yes_no,0,10,hedgeqa_oracle,,False,,1.0,True,-0.0,0.0,-0.0,0.0,0.0,0.0,-0.0,0.0,-0.0,0.0,yes,0.0,0.0,0.0,"{""yes"": 1.0, ""no"": 0.0, ""insufficient_data"": 0.0}",-0.0,-0.0,10,10,1.0,True,0.0,0.25131442828090605,1.0,1.0,,qwen3.6:27b-q8_0,financebench,none,committed
hqa_FB_7aa81e67,F,yes_no,1,10,hedgeqa_oracle,,False,,1.0,True,-0.0,0.0,-0.0,0.0,0.0,0.0,-0.0,0.0,-0.0,0.0,yes,0.0,0.0,0.0,"{""yes"": 1.0, ""no"": 0.0, ""insufficient_data"": 0.0}",-0.0,-0.0,10,10,1.0,True,0.0,0.25131442828090605,1.0,1.0,,qwen3.6:27b-q8_0,financebench,none,committed
hqa_FB_7cc358e4_masked,F,yes_no,0,10,hedgeqa_oracle,,False,,1.0,True,0.997271523182384,0.9453592639442805,0.0519122592381035,1.047271523182384,1.0453592639442806,0.001912259238103342,0.9077556599985013,0.860503085297158,0.04725257470134322,0.052054288156596275,insufficient_data,0.55,0.7,0.4,"{""yes"": 0.2, ""no"": 0.25, ""insufficient_data"": 0.55}",0.8018185525433373,1.0888999753452238,10,10,0.55,True,0.30499999999999994,0.7386095546367025,0.7,0.4,,qwen3.6:27b-q8_0,financebench,evidence_masked_insufficient,noncommitted
hqa_FB_7cc358e4_masked,F,yes_no,1,10,hedgeqa_oracle,,False,,1.0,True,0.39439769144744274,0.3250829733914482,0.06931471805599454,0.44439769144744273,0.3750829733914482,0.06931471805599454,0.3589962496465303,0.29590327428938457,0.06309297535714575,0.17574828544662358,insufficient_data,0.9,0.9,0.9,"{""yes"": 0.05, ""no"": 0.05, ""insufficient_data"": 0.9}",0.3250829733914482,0.3250829733914482,10,10,0.9,True,0.014999999999999996,0.3409265869705932,0.9,0.9,,qwen3.6:27b-q8_0,financebench,evidence_masked_insufficient,noncommitted
hqa_FB_83caee0d,F,yes_no,0,10,hedgeqa_oracle,,False,,1.0,True,0.3250829733914482,0.25020121176909393,0.07488176162235427,0.3500829733914482,0.27520121176909396,0.07488176162235427,0.29590327428938457,0.2277429575017976,0.06816031678758694,0.23034661225454434,no,0.1,0.0,0.2,"{""yes"": 0.0, ""no"": 0.9, ""insufficient_data"": 0.1}",-0.0,0.5004024235381879,10,10,0.9,True,0.019999999999999997,0.3409265869705932,1.0,0.8,,qwen3.6:27b-q8_0,financebench,none,committed
hqa_FB_83caee0d,F,yes_no,1,10,hedgeqa_oracle,,False,,1.0,True,-0.0,0.0,-0.0,0.0,0.0,0.0,-0.0,0.0,-0.0,0.0,no,0.0,0.0,0.0,"{""yes"": 0.0, ""no"": 1.0, ""insufficient_data"": 0.0}",-0.0,-0.0,10,10,1.0,True,0.0,0.25131442828090605,1.0,1.0,,qwen3.6:27b-q8_0,financebench,none,committed
hqa_FB_86637d3d_masked,F,yes_no,0,10,hedgeqa_oracle,,False,,1.0,True,1.0486537893593546,0.8328922350205188,0.21576155433883581,1.0986537893593546,0.907892235020519,0.19076155433883568,0.9545258142257613,0.758131183868575,0.19639463035718624,0.205750989056788,no,0.2,0.0,0.4,"{""yes"": 0.35, ""no"": 0.45, ""insufficient_data"": 0.2}",0.6108643020548935,1.0549201679861442,10,10,0.2,False,0.9650000000000001,1.4087672169719492,0.0,0.4,,qwen3.6:27b-q8_0,financebench,evidence_masked_insufficient,noncommitted
hqa_FB_86637d3d_masked,F,yes_no,1,10,hedgeqa_oracle,,False,,1.0,True,-0.0,0.0,-0.0,0.0,0.0,0.0,-0.0,0.0,-0.0,0.0,insufficient_data,1.0,1.0,1.0,"{""yes"": 0.0, ""no"": 0.0, ""insufficient_data"": 1.0}",-0.0,-0.0,10,10,1.0,True,0.0,0.25131442828090605,1.0,1.0,,qwen3.6:27b-q8_0,financebench,evidence_masked_insufficient,noncommitted
hqa_FB_91b08071,F,yes_no,0,10,hedgeqa_oracle,,False,,1.0,True,-0.0,0.0,-0.0,0.0,0.0,0.0,-0.0,0.0,-0.0,0.0,no,0.0,0.0,0.0,"{""yes"": 0.0, ""no"": 1.0, ""insufficient_data"": 0.0}",-0.0,-0.0,10,10,1.0,True,0.0,0.25131442828090605,1.0,1.0,,qwen3.6:27b-q8_0,financebench,none,committed
hqa_FB_91b08071,F,yes_no,1,10,hedgeqa_oracle,,False,,1.0,True,-0.0,0.0,-0.0,0.0,0.0,0.0,-0.0,0.0,-0.0,0.0,no,0.0,0.0,0.0,"{""yes"": 0.0, ""no"": 1.0, ""insufficient_data"": 0.0}",-0.0,-0.0,10,10,1.0,True,0.0,0.25131442828090605,1.0,1.0,,qwen3.6:27b-q8_0,financebench,none,committed
hqa_FB_91c39cc9,F,yes_no,0,10,hedgeqa_oracle,,False,,1.0,True,-0.0,0.0,-0.0,0.0,0.0,0.0,-0.0,0.0,-0.0,0.0,yes,0.0,0.0,0.0,"{""yes"": 1.0, ""no"": 0.0, ""insufficient_data"": 0.0}",-0.0,-0.0,10,10,1.0,True,0.0,0.25131442828090605,1.0,1.0,,qwen3.6:27b-q8_0,financebench,none,committed
hqa_FB_91c39cc9,F,yes_no,1,10,hedgeqa_oracle,,False,,1.0,True,-0.0,0.0,-0.0,0.0,0.0,0.0,-0.0,0.0,-0.0,0.0,yes,0.0,0.0,0.0,"{""yes"": 1.0, ""no"": 0.0, ""insufficient_data"": 0.0}",-0.0,-0.0,10,10,1.0,True,0.0,0.25131442828090605,1.0,1.0,,qwen3.6:27b-q8_0,financebench,none,committed
hqa_FB_92610589,F,yes_no,0,10,hedgeqa_oracle,,False,,1.0,True,-0.0,0.0,-0.0,0.0,0.0,0.0,-0.0,0.0,-0.0,0.0,yes,0.0,0.0,0.0,"{""yes"": 1.0, ""no"": 0.0, ""insufficient_data"": 0.0}",-0.0,-0.0,10,10,1.0,True,0.0,0.25131442828090605,1.0,1.0,,qwen3.6:27b-q8_0,financebench,none,committed
hqa_FB_92610589,F,yes_no,1,10,hedgeqa_oracle,,False,,1.0,True,0.1985152433458726,0.1625414866957241,0.035973756650148486,0.22351524334587258,0.1875414866957241,0.035973756650148486,0.18069636157678548,0.14795163714469228,0.032744724432093204,0.18121407728610292,yes,0.05,0.1,0.0,"{""yes"": 0.95, ""no"": 0.0, ""insufficient_data"": 0.05}",0.3250829733914482,-0.0,10,10,0.95,True,0.0050000000000000044,0.29511705093929896,0.9,1.0,,qwen3.6:27b-q8_0,financebench,none,committed
hqa_FB_97a28182,F,yes_no,0,10,hedgeqa_oracle,,False,,1.0,True,-0.0,0.0,-0.0,0.0,0.0,0.0,-0.0,0.0,-0.0,0.0,yes,0.0,0.0,0.0,"{""yes"": 1.0, ""no"": 0.0, ""insufficient_data"": 0.0}",-0.0,-0.0,10,10,1.0,True,0.0,0.25131442828090605,1.0,1.0,,qwen3.6:27b-q8_0,financebench,none,committed
hqa_FB_97a28182,F,yes_no,1,10,hedgeqa_oracle,,False,,1.0,True,-0.0,0.0,-0.0,0.0,0.0,0.0,-0.0,0.0,-0.0,0.0,yes,0.0,0.0,0.0,"{""yes"": 1.0, ""no"": 0.0, ""insufficient_data"": 0.0}",-0.0,-0.0,10,10,1.0,True,0.0,0.25131442828090605,1.0,1.0,,qwen3.6:27b-q8_0,financebench,none,committed
hqa_FB_9954aa1f,F,yes_no,0,10,hedgeqa_oracle,,False,,1.0,True,-0.0,0.0,-0.0,0.0,0.0,0.0,-0.0,0.0,-0.0,0.0,yes,0.0,0.0,0.0,"{""yes"": 1.0, ""no"": 0.0, ""insufficient_data"": 0.0}",-0.0,-0.0,10,10,1.0,True,0.0,0.25131442828090605,1.0,1.0,,qwen3.6:27b-q8_0,financebench,none,committed
hqa_FB_9954aa1f,F,yes_no,1,10,hedgeqa_oracle,,False,,1.0,True,-0.0,0.0,-0.0,0.0,0.0,0.0,-0.0,0.0,-0.0,0.0,yes,0.0,0.0,0.0,"{""yes"": 1.0, ""no"": 0.0, ""insufficient_data"": 0.0}",-0.0,-0.0,10,10,1.0,True,0.0,0.25131442828090605,1.0,1.0,,qwen3.6:27b-q8_0,financebench,none,committed
hqa_FB_a1bda949,F,yes_no,0,10,hedgeqa_oracle,,False,,1.0,True,0.3250829733914482,0.3250829733914482,0.0,0.3500829733914482,0.3750829733914482,0.0,0.29590327428938457,0.29590327428938457,0.0,0.0,no,0.0,0.0,0.0,"{""yes"": 0.1, ""no"": 0.9, ""insufficient_data"": 0.0}",0.3250829733914482,0.3250829733914482,10,10,0.1,False,1.62,1.7272209480904839,0.1,0.1,,qwen3.6:27b-q8_0,financebench,none,committed
hqa_FB_a1bda949,F,yes_no,1,10,hedgeqa_oracle,,False,,1.0,True,0.3250829733914482,0.25020121176909393,0.07488176162235427,0.3500829733914482,0.27520121176909396,0.07488176162235427,0.29590327428938457,0.2277429575017976,0.06816031678758694,0.23034661225454434,no,0.0,0.0,0.0,"{""yes"": 0.1, ""no"": 0.9, ""insufficient_data"": 0.0}",-0.0,0.5004024235381879,10,10,0.1,False,1.62,1.7272209480904839,0.0,0.2,,qwen3.6:27b-q8_0,financebench,none,committed
hqa_FB_a3a1549b,F,yes_no,0,10,hedgeqa_oracle,,False,,1.0,True,-0.0,0.0,-0.0,0.0,0.0,0.0,-0.0,0.0,-0.0,0.0,yes,0.0,0.0,0.0,"{""yes"": 1.0, ""no"": 0.0, ""insufficient_data"": 0.0}",-0.0,-0.0,10,10,1.0,True,0.0,0.25131442828090605,1.0,1.0,,qwen3.6:27b-q8_0,financebench,none,committed
hqa_FB_a3a1549b,F,yes_no,1,10,hedgeqa_oracle,,False,,1.0,True,-0.0,0.0,-0.0,0.0,0.0,0.0,-0.0,0.0,-0.0,0.0,yes,0.0,0.0,0.0,"{""yes"": 1.0, ""no"": 0.0, ""insufficient_data"": 0.0}",-0.0,-0.0,10,10,1.0,True,0.0,0.25131442828090605,1.0,1.0,,qwen3.6:27b-q8_0,financebench,none,committed
hqa_FB_a4c22c57,F,yes_no,0,10,hedgeqa_oracle,,False,,1.0,True,0.5623351446188083,0.5556333627965406,0.006701781822267661,0.5873351446188083,0.6056333627965407,0.0,0.5118595071429147,0.505759282439992,0.006100224702922712,0.01191777161075468,no,0.0,0.0,0.0,"{""yes"": 0.25, ""no"": 0.75, ""insufficient_data"": 0.0}",0.5004024235381879,0.6108643020548935,10,10,0.25,False,1.125,1.2809338454620642,0.2,0.3,,qwen3.6:27b-q8_0,financebench,none,committed
hqa_FB_a4c22c57,F,yes_no,1,10,hedgeqa_oracle,,False,,1.0,True,-0.0,0.0,-0.0,0.0,0.0,0.0,-0.0,0.0,-0.0,0.0,no,0.0,0.0,0.0,"{""yes"": 0.0, ""no"": 1.0, ""insufficient_data"": 0.0}",-0.0,-0.0,10,10,0.0,False,2.0,2.1972245773362196,0.0,0.0,,qwen3.6:27b-q8_0,financebench,none,committed
hqa_FB_b2c048f7,F,yes_no,0,10,hedgeqa_oracle,,False,,1.0,True,0.6108643020548935,0.5867070452737222,0.02415725678117131,0.6358643020548935,0.6367070452737222,0.0,0.556032649876389,0.5340437671464697,0.021988882729919296,0.03954602798020515,no,0.0,0.0,0.0,"{""yes"": 0.3, ""no"": 0.7, ""insufficient_data"": 0.0}",0.6730116670092565,0.5004024235381879,10,10,0.7,True,0.18000000000000005,0.5485659517488378,0.6,0.8,,qwen3.6:27b-q8_0,financebench,none,committed
hqa_FB_b2c048f7,F,yes_no,1,10,hedgeqa_oracle,,False,,1.0,True,-0.0,0.0,-0.0,0.0,0.0,0.0,-0.0,0.0,-0.0,0.0,no,0.0,0.0,0.0,"{""yes"": 0.0, ""no"": 1.0, ""insufficient_data"": 0.0}",-0.0,-0.0,10,10,1.0,True,0.0,0.25131442828090605,1.0,1.0,,qwen3.6:27b-q8_0,financebench,none,committed
hqa_FB_b7466219,F,yes_no,0,10,hedgeqa_oracle,,False,,1.0,True,0.6474466390346325,0.5967748020490666,0.05067183698556588,0.6724466390346325,0.6467748020490667,0.025671836985565855,0.589331327997029,0.5432078342875264,0.04612349370950265,0.07826411310300337,yes,0.0,0.0,0.0,"{""yes"": 0.65, ""no"": 0.35, ""insufficient_data"": 0.0}",0.6931471805599453,0.5004024235381879,10,10,0.35,False,0.8450000000000001,1.065822465845119,0.5,0.2,,qwen3.6:27b-q8_0,financebench,none,committed
hqa_FB_b7466219,F,yes_no,1,10,hedgeqa_oracle,,False,,1.0,True,-0.0,0.0,-0.0,0.0,0.0,0.0,-0.0,0.0,-0.0,0.0,no,0.0,0.0,0.0,"{""yes"": 0.0, ""no"": 1.0, ""insufficient_data"": 0.0}",-0.0,-0.0,10,10,1.0,True,0.0,0.25131442828090605,1.0,1.0,,qwen3.6:27b-q8_0,financebench,none,committed
hqa_FB_bf8c0adf,F,yes_no,0,10,hedgeqa_oracle,,False,,1.0,True,-0.0,0.0,-0.0,0.0,0.0,0.0,-0.0,0.0,-0.0,0.0,yes,0.0,0.0,0.0,"{""yes"": 1.0, ""no"": 0.0, ""insufficient_data"": 0.0}",-0.0,-0.0,10,10,1.0,True,0.0,0.25131442828090605,1.0,1.0,,qwen3.6:27b-q8_0,financebench,none,committed
hqa_FB_bf8c0adf,F,yes_no,1,10,hedgeqa_oracle,,False,,1.0,True,-0.0,0.0,-0.0,0.0,0.0,0.0,-0.0,0.0,-0.0,0.0,yes,0.0,0.0,0.0,"{""yes"": 1.0, ""no"": 0.0, ""insufficient_data"": 0.0}",-0.0,-0.0,10,10,1.0,True,0.0,0.25131442828090605,1.0,1.0,,qwen3.6:27b-q8_0,financebench,none,committed
hqa_FB_bff75d9f,F,yes_no,0,10,hedgeqa_oracle,,False,,1.0,True,-0.0,0.0,-0.0,0.0,0.0,0.0,-0.0,0.0,-0.0,0.0,yes,0.0,0.0,0.0,"{""yes"": 1.0, ""no"": 0.0, ""insufficient_data"": 0.0}",-0.0,-0.0,10,10,0.0,False,2.0,2.1972245773362196,0.0,0.0,,qwen3.6:27b-q8_0,financebench,none,committed
hqa_FB_bff75d9f,F,yes_no,1,10,hedgeqa_oracle,,False,,1.0,True,0.42270908780599087,0.30543215102744675,0.11727693677854412,0.4477090878059909,0.3304321510274468,0.11727693677854412,0.384766393172661,0.2780163249381945,0.10675006823446649,0.2774412478029577,yes,0.0,0.0,0.0,"{""yes"": 0.85, ""no"": 0.15, ""insufficient_data"": 0.0}",-0.0,0.6108643020548935,10,10,0.15,False,1.4449999999999998,1.5553706911638245,0.0,0.3,,qwen3.6:27b-q8_0,financebench,none,committed
hqa_FB_c8a4f2a5,F,yes_no,0,10,hedgeqa_oracle,,False,,1.0,True,-0.0,0.0,-0.0,0.0,0.0,0.0,-0.0,0.0,-0.0,0.0,yes,0.0,0.0,0.0,"{""yes"": 1.0, ""no"": 0.0, ""insufficient_data"": 0.0}",-0.0,-0.0,10,10,1.0,True,0.0,0.25131442828090605,1.0,1.0,,qwen3.6:27b-q8_0,financebench,none,committed
hqa_FB_c8a4f2a5,F,yes_no,1,10,hedgeqa_oracle,,False,,1.0,True,-0.0,0.0,-0.0,0.0,0.0,0.0,-0.0,0.0,-0.0,0.0,yes,0.0,0.0,0.0,"{""yes"": 1.0, ""no"": 0.0, ""insufficient_data"": 0.0}",-0.0,-0.0,10,10,1.0,True,0.0,0.25131442828090605,1.0,1.0,,qwen3.6:27b-q8_0,financebench,none,committed
hqa_FB_d010da62,F,yes_no,0,10,hedgeqa_oracle,,False,,1.0,True,0.7305880613711224,0.6511104880407625,0.07947757333035987,0.7805880613711225,0.7261104880407626,0.05447757333035985,0.6650099119652508,0.5926663070828463,0.07234360488240452,0.10878575428840336,yes,0.15000000000000002,0.1,0.2,"{""yes"": 0.75, ""no"": 0.1, ""insufficient_data"": 0.15}",0.8018185525433373,0.5004024235381879,10,10,0.10000000000000002,False,1.395,1.7272209480904839,0.2,0.0,,qwen3.6:27b-q8_0,financebench,none,committed
hqa_FB_d010da62,F,yes_no,1,10,hedgeqa_oracle,,False,,1.0,True,0.6931471805599453,0.6730116670092565,0.020135513550688766,0.7181471805599453,0.7230116670092566,0.0,0.6309297535714574,0.6126016192893442,0.018328134282113145,0.029049405545331208,yes,0.0,0.0,0.0,"{""yes"": 0.5, ""no"": 0.5, ""insufficient_data"": 0.0}",0.6730116670092565,0.6730116670092565,10,10,0.5,False,0.5,0.8109302162163288,0.4,0.6,,qwen3.6:27b-q8_0,financebench,none,committed
hqa_FB_d144e933,F,yes_no,0,10,hedgeqa_oracle,,False,,1.0,True,-0.0,0.0,-0.0,0.0,0.0,0.0,-0.0,0.0,-0.0,0.0,yes,0.0,0.0,0.0,"{""yes"": 1.0, ""no"": 0.0, ""insufficient_data"": 0.0}",-0.0,-0.0,10,10,1.0,True,0.0,0.25131442828090605,1.0,1.0,,qwen3.6:27b-q8_0,financebench,none,committed
hqa_FB_d144e933,F,yes_no,1,10,hedgeqa_oracle,,False,,1.0,True,-0.0,0.0,-0.0,0.0,0.0,0.0,-0.0,0.0,-0.0,0.0,yes,0.0,0.0,0.0,"{""yes"": 1.0, ""no"": 0.0, ""insufficient_data"": 0.0}",-0.0,-0.0,10,10,1.0,True,0.0,0.25131442828090605,1.0,1.0,,qwen3.6:27b-q8_0,financebench,none,committed
hqa_FB_d397e71d_masked,F,yes_no,0,10,hedgeqa_oracle,,False,,1.0,True,0.3250829733914482,0.3250829733914482,0.0,0.3500829733914482,0.3750829733914482,0.0,0.29590327428938457,0.29590327428938457,0.0,0.0,insufficient_data,0.9,0.9,0.9,"{""yes"": 0.0, ""no"": 0.1, ""insufficient_data"": 0.9}",0.3250829733914482,0.3250829733914482,10,10,0.9,True,0.019999999999999997,0.3409265869705932,0.9,0.9,,qwen3.6:27b-q8_0,financebench,evidence_masked_insufficient,noncommitted
hqa_FB_d397e71d_masked,F,yes_no,1,10,hedgeqa_oracle,,False,,1.0,True,-0.0,0.0,-0.0,0.0,0.0,0.0,-0.0,0.0,-0.0,0.0,insufficient_data,1.0,1.0,1.0,"{""yes"": 0.0, ""no"": 0.0, ""insufficient_data"": 1.0}",-0.0,-0.0,10,10,1.0,True,0.0,0.25131442828090605,1.0,1.0,,qwen3.6:27b-q8_0,financebench,evidence_masked_insufficient,noncommitted
hqa_FB_d71a56a3,F,yes_no,0,10,hedgeqa_oracle,,False,,1.0,True,-0.0,0.0,-0.0,0.0,0.0,0.0,-0.0,0.0,-0.0,0.0,yes,0.0,0.0,0.0,"{""yes"": 1.0, ""no"": 0.0, ""insufficient_data"": 0.0}",-0.0,-0.0,10,10,1.0,True,0.0,0.25131442828090605,1.0,1.0,,qwen3.6:27b-q8_0,financebench,none,committed
hqa_FB_d71a56a3,F,yes_no,1,10,hedgeqa_oracle,,False,,1.0,True,-0.0,0.0,-0.0,0.0,0.0,0.0,-0.0,0.0,-0.0,0.0,yes,0.0,0.0,0.0,"{""yes"": 1.0, ""no"": 0.0, ""insufficient_data"": 0.0}",-0.0,-0.0,10,10,1.0,True,0.0,0.25131442828090605,1.0,1.0,,qwen3.6:27b-q8_0,financebench,none,committed
hqa_FB_dd6b6058,F,yes_no,0,10,hedgeqa_oracle,,False,,1.0,True,0.6108643020548935,0.5867070452737222,0.02415725678117131,0.6358643020548935,0.6367070452737222,0.0,0.556032649876389,0.5340437671464697,0.021988882729919296,0.03954602798020515,yes,0.0,0.0,0.0,"{""yes"": 0.7, ""no"": 0.3, ""insufficient_data"": 0.0}",0.5004024235381879,0.6730116670092565,10,10,0.7,True,0.18000000000000005,0.5485659517488378,0.8,0.6,,qwen3.6:27b-q8_0,financebench,none,committed
hqa_FB_dd6b6058,F,yes_no,1,10,hedgeqa_oracle,,False,,1.0,True,-0.0,0.0,-0.0,0.0,0.0,0.0,-0.0,0.0,-0.0,0.0,yes,0.0,0.0,0.0,"{""yes"": 1.0, ""no"": 0.0, ""insufficient_data"": 0.0}",-0.0,-0.0,10,10,1.0,True,0.0,0.25131442828090605,1.0,1.0,,qwen3.6:27b-q8_0,financebench,none,committed
hqa_FB_f0d21fb5,F,yes_no,0,10,hedgeqa_oracle,,False,,1.0,True,-0.0,0.0,-0.0,0.0,0.0,0.0,-0.0,0.0,-0.0,0.0,yes,0.0,0.0,0.0,"{""yes"": 1.0, ""no"": 0.0, ""insufficient_data"": 0.0}",-0.0,-0.0,10,10,1.0,True,0.0,0.25131442828090605,1.0,1.0,,qwen3.6:27b-q8_0,financebench,none,committed
hqa_FB_f0d21fb5,F,yes_no,1,10,hedgeqa_oracle,,False,,1.0,True,-0.0,0.0,-0.0,0.0,0.0,0.0,-0.0,0.0,-0.0,0.0,yes,0.0,0.0,0.0,"{""yes"": 1.0, ""no"": 0.0, ""insufficient_data"": 0.0}",-0.0,-0.0,10,10,1.0,True,0.0,0.25131442828090605,1.0,1.0,,qwen3.6:27b-q8_0,financebench,none,committed
hqa_FB_f25bb18c,F,yes_no,0,10,hedgeqa_oracle,,False,,1.0,True,-0.0,0.0,-0.0,0.0,0.0,0.0,-0.0,0.0,-0.0,0.0,yes,0.0,0.0,0.0,"{""yes"": 1.0, ""no"": 0.0, ""insufficient_data"": 0.0}",-0.0,-0.0,10,10,1.0,True,0.0,0.25131442828090605,1.0,1.0,,qwen3.6:27b-q8_0,financebench,none,committed
hqa_FB_f25bb18c,F,yes_no,1,10,hedgeqa_oracle,,False,,1.0,True,-0.0,0.0,-0.0,0.0,0.0,0.0,-0.0,0.0,-0.0,0.0,yes,0.0,0.0,0.0,"{""yes"": 1.0, ""no"": 0.0, ""insufficient_data"": 0.0}",-0.0,-0.0,10,10,1.0,True,0.0,0.25131442828090605,1.0,1.0,,qwen3.6:27b-q8_0,financebench,none,committed
hqa_FQ_0921febd,F,directional_change,0,10,hedgeqa_oracle,,False,,1.0,True,-0.0,0.0,-0.0,0.0,0.0,0.0,-0.0,0.0,-0.0,0.0,decreased,0.0,0.0,0.0,"{""increased"": 0.0, ""decreased"": 1.0, ""roughly_unchanged"": 0.0, ""insufficient_data"": 0.0}",-0.0,-0.0,10,10,1.0,True,0.0,0.2876820724517809,1.0,1.0,,qwen3.6:27b-q8_0,finqa,numeric_to_directional,committed
hqa_FQ_0921febd,F,directional_change,1,10,hedgeqa_oracle,,False,,1.0,True,-0.0,0.0,-0.0,0.0,0.0,0.0,-0.0,0.0,-0.0,0.0,decreased,0.0,0.0,0.0,"{""increased"": 0.0, ""decreased"": 1.0, ""roughly_unchanged"": 0.0, ""insufficient_data"": 0.0}",-0.0,-0.0,10,10,1.0,True,0.0,0.2876820724517809,1.0,1.0,,qwen3.6:27b-q8_0,finqa,numeric_to_directional,committed
hqa_FQ_0bb282d6,F,directional_change,0,10,hedgeqa_oracle,,False,,1.0,True,-0.0,0.0,-0.0,0.0,0.0,0.0,-0.0,0.0,-0.0,0.0,decreased,0.0,0.0,0.0,"{""increased"": 0.0, ""decreased"": 1.0, ""roughly_unchanged"": 0.0, ""insufficient_data"": 0.0}",-0.0,-0.0,10,10,1.0,True,0.0,0.2876820724517809,1.0,1.0,,qwen3.6:27b-q8_0,finqa,numeric_to_directional,committed
hqa_FQ_0bb282d6,F,directional_change,1,10,hedgeqa_oracle,,False,,1.0,True,-0.0,0.0,-0.0,0.0,0.0,0.0,-0.0,0.0,-0.0,0.0,decreased,0.0,0.0,0.0,"{""increased"": 0.0, ""decreased"": 1.0, ""roughly_unchanged"": 0.0, ""insufficient_data"": 0.0}",-0.0,-0.0,10,10,1.0,True,0.0,0.2876820724517809,1.0,1.0,,qwen3.6:27b-q8_0,finqa,numeric_to_directional,committed
hqa_FQ_14d227e6,F,directional_change,0,10,hedgeqa_oracle,,False,,1.0,True,-0.0,0.0,-0.0,0.0,0.0,0.0,-0.0,0.0,-0.0,0.0,increased,0.0,0.0,0.0,"{""increased"": 1.0, ""decreased"": 0.0, ""roughly_unchanged"": 0.0, ""insufficient_data"": 0.0}",-0.0,-0.0,10,10,1.0,True,0.0,0.2876820724517809,1.0,1.0,,qwen3.6:27b-q8_0,finqa,numeric_to_directional,committed
hqa_FQ_14d227e6,F,directional_change,1,10,hedgeqa_oracle,,False,,1.0,True,-0.0,0.0,-0.0,0.0,0.0,0.0,-0.0,0.0,-0.0,0.0,increased,0.0,0.0,0.0,"{""increased"": 1.0, ""decreased"": 0.0, ""roughly_unchanged"": 0.0, ""insufficient_data"": 0.0}",-0.0,-0.0,10,10,1.0,True,0.0,0.2876820724517809,1.0,1.0,,qwen3.6:27b-q8_0,finqa,numeric_to_directional,committed
hqa_FQ_16a8661c,F,directional_change,0,10,hedgeqa_oracle,,False,,1.0,True,-0.0,0.0,-0.0,0.0,0.0,0.0,-0.0,0.0,-0.0,0.0,decreased,0.0,0.0,0.0,"{""increased"": 0.0, ""decreased"": 1.0, ""roughly_unchanged"": 0.0, ""insufficient_data"": 0.0}",-0.0,-0.0,10,10,0.0,False,2.0,2.4849066497880004,0.0,0.0,,qwen3.6:27b-q8_0,finqa,numeric_to_directional,committed
hqa_FQ_16a8661c,F,directional_change,1,10,hedgeqa_oracle,,False,,1.0,True,-0.0,0.0,-0.0,0.0,0.0,0.0,-0.0,0.0,-0.0,0.0,decreased,0.0,0.0,0.0,"{""increased"": 0.0, ""decreased"": 1.0, ""roughly_unchanged"": 0.0, ""insufficient_data"": 0.0}",-0.0,-0.0,10,10,0.0,False,2.0,2.4849066497880004,0.0,0.0,,qwen3.6:27b-q8_0,finqa,numeric_to_directional,committed
hqa_FQ_19f6d315,F,directional_change,0,10,hedgeqa_oracle,,False,,1.0,True,-0.0,0.0,-0.0,0.0,0.0,0.0,-0.0,0.0,-0.0,0.0,decreased,0.0,0.0,0.0,"{""increased"": 0.0, ""decreased"": 1.0, ""roughly_unchanged"": 0.0, ""insufficient_data"": 0.0}",-0.0,-0.0,10,10,1.0,True,0.0,0.2876820724517809,1.0,1.0,,qwen3.6:27b-q8_0,finqa,numeric_to_directional,committed
hqa_FQ_19f6d315,F,directional_change,1,10,hedgeqa_oracle,,False,,1.0,True,-0.0,0.0,-0.0,0.0,0.0,0.0,-0.0,0.0,-0.0,0.0,decreased,0.0,0.0,0.0,"{""increased"": 0.0, ""decreased"": 1.0, ""roughly_unchanged"": 0.0, ""insufficient_data"": 0.0}",-0.0,-0.0,10,10,1.0,True,0.0,0.2876820724517809,1.0,1.0,,qwen3.6:27b-q8_0,finqa,numeric_to_directional,committed
hqa_FQ_1e05763b,F,directional_change,0,10,hedgeqa_oracle,,False,,1.0,True,-0.0,0.0,-0.0,0.0,0.0,0.0,-0.0,0.0,-0.0,0.0,decreased,0.0,0.0,0.0,"{""increased"": 0.0, ""decreased"": 1.0, ""roughly_unchanged"": 0.0, ""insufficient_data"": 0.0}",-0.0,-0.0,10,10,1.0,True,0.0,0.2876820724517809,1.0,1.0,,qwen3.6:27b-q8_0,finqa,numeric_to_directional,committed
hqa_FQ_1e05763b,F,directional_change,1,10,hedgeqa_oracle,,False,,1.0,True,-0.0,0.0,-0.0,0.0,0.0,0.0,-0.0,0.0,-0.0,0.0,decreased,0.0,0.0,0.0,"{""increased"": 0.0, ""decreased"": 1.0, ""roughly_unchanged"": 0.0, ""insufficient_data"": 0.0}",-0.0,-0.0,10,10,1.0,True,0.0,0.2876820724517809,1.0,1.0,,qwen3.6:27b-q8_0,finqa,numeric_to_directional,committed
hqa_FQ_23b54354_masked,F,directional_change,0,10,hedgeqa_oracle,,False,,1.0,True,-0.0,0.0,-0.0,0.0,0.0,0.0,-0.0,0.0,-0.0,0.0,insufficient_data,1.0,1.0,1.0,"{""increased"": 0.0, ""decreased"": 0.0, ""roughly_unchanged"": 0.0, ""insufficient_data"": 1.0}",-0.0,-0.0,10,10,1.0,True,0.0,0.2876820724517809,1.0,1.0,,qwen3.6:27b-q8_0,finqa,evidence_masked_insufficient,noncommitted
hqa_FQ_23b54354_masked,F,directional_change,1,10,hedgeqa_oracle,,False,,1.0,True,-0.0,0.0,-0.0,0.0,0.0,0.0,-0.0,0.0,-0.0,0.0,insufficient_data,1.0,1.0,1.0,"{""increased"": 0.0, ""decreased"": 0.0, ""roughly_unchanged"": 0.0, ""insufficient_data"": 1.0}",-0.0,-0.0,10,10,1.0,True,0.0,0.2876820724517809,1.0,1.0,,qwen3.6:27b-q8_0,finqa,evidence_masked_insufficient,noncommitted
hqa_FQ_23de6e2d_masked,F,directional_change,0,10,hedgeqa_oracle,,False,,1.0,True,0.1985152433458726,0.1625414866957241,0.035973756650148486,0.22351524334587258,0.1875414866957241,0.035973756650148486,0.1431984785579781,0.11724889839732029,0.025949580160657796,0.18121407728610292,insufficient_data,0.95,1.0,0.9,"{""increased"": 0.05, ""decreased"": 0.0, ""roughly_unchanged"": 0.0, ""insufficient_data"": 0.95}",-0.0,0.3250829733914482,10,10,0.95,True,0.0050000000000000044,0.33314444652853825,1.0,0.9,,qwen3.6:27b-q8_0,finqa,evidence_masked_insufficient,noncommitted
hqa_FQ_23de6e2d_masked,F,directional_change,1,10,hedgeqa_oracle,,False,,1.0,True,-0.0,0.0,-0.0,0.0,0.0,0.0,-0.0,0.0,-0.0,0.0,insufficient_data,1.0,1.0,1.0,"{""increased"": 0.0, ""decreased"": 0.0, ""roughly_unchanged"": 0.0, ""insufficient_data"": 1.0}",-0.0,-0.0,10,10,1.0,True,0.0,0.2876820724517809,1.0,1.0,,qwen3.6:27b-q8_0,finqa,evidence_masked_insufficient,noncommitted
hqa_FQ_294c3620,F,directional_change,0,10,hedgeqa_oracle,,False,,1.0,True,-0.0,0.0,-0.0,0.0,0.0,0.0,-0.0,0.0,-0.0,0.0,increased,0.0,0.0,0.0,"{""increased"": 1.0, ""decreased"": 0.0, ""roughly_unchanged"": 0.0, ""insufficient_data"": 0.0}",-0.0,-0.0,10,10,1.0,True,0.0,0.2876820724517809,1.0,1.0,,qwen3.6:27b-q8_0,finqa,numeric_to_directional,committed
hqa_FQ_294c3620,F,directional_change,1,10,hedgeqa_oracle,,False,,1.0,True,-0.0,0.0,-0.0,0.0,0.0,0.0,-0.0,0.0,-0.0,0.0,increased,0.0,0.0,0.0,"{""increased"": 1.0, ""decreased"": 0.0, ""roughly_unchanged"": 0.0, ""insufficient_data"": 0.0}",-0.0,-0.0,10,10,1.0,True,0.0,0.2876820724517809,1.0,1.0,,qwen3.6:27b-q8_0,finqa,numeric_to_directional,committed
hqa_FQ_2bcd94c6_masked,F,directional_change,0,10,hedgeqa_oracle,,False,,1.0,True,-0.0,0.0,-0.0,0.0,0.0,0.0,-0.0,0.0,-0.0,0.0,insufficient_data,1.0,1.0,1.0,"{""increased"": 0.0, ""decreased"": 0.0, ""roughly_unchanged"": 0.0, ""insufficient_data"": 1.0}",-0.0,-0.0,10,10,1.0,True,0.0,0.2876820724517809,1.0,1.0,,qwen3.6:27b-q8_0,finqa,evidence_masked_insufficient,noncommitted
hqa_FQ_2bcd94c6_masked,F,directional_change,1,10,hedgeqa_oracle,,False,,1.0,True,-0.0,0.0,-0.0,0.0,0.0,0.0,-0.0,0.0,-0.0,0.0,insufficient_data,1.0,1.0,1.0,"{""increased"": 0.0, ""decreased"": 0.0, ""roughly_unchanged"": 0.0, ""insufficient_data"": 1.0}",-0.0,-0.0,10,10,1.0,True,0.0,0.2876820724517809,1.0,1.0,,qwen3.6:27b-q8_0,finqa,evidence_masked_insufficient,noncommitted
hqa_FQ_32685ea4,F,directional_change,0,10,hedgeqa_oracle,,False,,1.0,True,0.1985152433458726,0.1625414866957241,0.035973756650148486,0.22351524334587258,0.1875414866957241,0.035973756650148486,0.1431984785579781,0.11724889839732029,0.025949580160657796,0.18121407728610292,increased,0.0,0.0,0.0,"{""increased"": 0.95, ""decreased"": 0.05, ""roughly_unchanged"": 0.0, ""insufficient_data"": 0.0}",0.3250829733914482,-0.0,10,10,0.95,True,0.0050000000000000044,0.33314444652853825,0.9,1.0,,qwen3.6:27b-q8_0,finqa,numeric_to_directional,committed
hqa_FQ_32685ea4,F,directional_change,1,10,hedgeqa_oracle,,False,,1.0,True,-0.0,0.0,-0.0,0.0,0.0,0.0,-0.0,0.0,-0.0,0.0,increased,0.0,0.0,0.0,"{""increased"": 1.0, ""decreased"": 0.0, ""roughly_unchanged"": 0.0, ""insufficient_data"": 0.0}",-0.0,-0.0,10,10,1.0,True,0.0,0.2876820724517809,1.0,1.0,,qwen3.6:27b-q8_0,finqa,numeric_to_directional,committed
hqa_FQ_35480d43,F,directional_change,0,10,hedgeqa_oracle,,False,,1.0,True,0.3250829733914482,0.3250829733914482,0.0,0.3500829733914482,0.3750829733914482,0.0,0.23449779679464058,0.23449779679464058,0.0,0.0,roughly_unchanged,0.0,0.0,0.0,"{""increased"": 0.1, ""decreased"": 0.0, ""roughly_unchanged"": 0.9, ""insufficient_data"": 0.0}",0.3250829733914482,0.3250829733914482,10,10,0.9,True,0.019999999999999997,0.38077249551779285,0.9,0.9,,qwen3.6:27b-q8_0,finqa,numeric_to_directional,committed
hqa_FQ_35480d43,F,directional_change,1,10,hedgeqa_oracle,,False,,1.0,True,-0.0,0.0,-0.0,0.0,0.0,0.0,-0.0,0.0,-0.0,0.0,roughly_unchanged,0.0,0.0,0.0,"{""increased"": 0.0, ""decreased"": 0.0, ""roughly_unchanged"": 1.0, ""insufficient_data"": 0.0}",-0.0,-0.0,10,10,1.0,True,0.0,0.2876820724517809,1.0,1.0,,qwen3.6:27b-q8_0,finqa,numeric_to_directional,committed
hqa_FQ_37ff807a,F,directional_change,0,10,hedgeqa_oracle,,False,,1.0,True,-0.0,0.0,-0.0,0.0,0.0,0.0,-0.0,0.0,-0.0,0.0,increased,0.0,0.0,0.0,"{""increased"": 1.0, ""decreased"": 0.0, ""roughly_unchanged"": 0.0, ""insufficient_data"": 0.0}",-0.0,-0.0,10,10,1.0,True,0.0,0.2876820724517809,1.0,1.0,,qwen3.6:27b-q8_0,finqa,numeric_to_directional,committed
hqa_FQ_37ff807a,F,directional_change,1,10,hedgeqa_oracle,,False,,1.0,True,-0.0,0.0,-0.0,0.0,0.0,0.0,-0.0,0.0,-0.0,0.0,increased,0.0,0.0,0.0,"{""increased"": 1.0, ""decreased"": 0.0, ""roughly_unchanged"": 0.0, ""insufficient_data"": 0.0}",-0.0,-0.0,10,10,1.0,True,0.0,0.2876820724517809,1.0,1.0,,qwen3.6:27b-q8_0,finqa,numeric_to_directional,committed
hqa_FQ_38d63fd6,F,directional_change,0,10,hedgeqa_oracle,,False,,1.0,True,-0.0,0.0,-0.0,0.0,0.0,0.0,-0.0,0.0,-0.0,0.0,decreased,0.0,0.0,0.0,"{""increased"": 0.0, ""decreased"": 1.0, ""roughly_unchanged"": 0.0, ""insufficient_data"": 0.0}",-0.0,-0.0,10,10,1.0,True,0.0,0.2876820724517809,1.0,1.0,,qwen3.6:27b-q8_0,finqa,numeric_to_directional,committed
hqa_FQ_38d63fd6,F,directional_change,1,10,hedgeqa_oracle,,False,,1.0,True,-0.0,0.0,-0.0,0.0,0.0,0.0,-0.0,0.0,-0.0,0.0,decreased,0.0,0.0,0.0,"{""increased"": 0.0, ""decreased"": 1.0, ""roughly_unchanged"": 0.0, ""insufficient_data"": 0.0}",-0.0,-0.0,10,10,1.0,True,0.0,0.2876820724517809,1.0,1.0,,qwen3.6:27b-q8_0,finqa,numeric_to_directional,committed
hqa_FQ_3bd14ae7,F,directional_change,0,10,hedgeqa_oracle,,False,,1.0,True,-0.0,0.0,-0.0,0.0,0.0,0.0,-0.0,0.0,-0.0,0.0,decreased,0.0,0.0,0.0,"{""increased"": 0.0, ""decreased"": 1.0, ""roughly_unchanged"": 0.0, ""insufficient_data"": 0.0}",-0.0,-0.0,10,10,1.0,True,0.0,0.2876820724517809,1.0,1.0,,qwen3.6:27b-q8_0,finqa,numeric_to_directional,committed
hqa_FQ_3bd14ae7,F,directional_change,1,10,hedgeqa_oracle,,False,,1.0,True,-0.0,0.0,-0.0,0.0,0.0,0.0,-0.0,0.0,-0.0,0.0,decreased,0.0,0.0,0.0,"{""increased"": 0.0, ""decreased"": 1.0, ""roughly_unchanged"": 0.0, ""insufficient_data"": 0.0}",-0.0,-0.0,10,10,1.0,True,0.0,0.2876820724517809,1.0,1.0,,qwen3.6:27b-q8_0,finqa,numeric_to_directional,committed
hqa_FQ_3e5f5d64,F,directional_change,0,10,hedgeqa_oracle,,False,,1.0,True,0.42270908780599087,0.30543215102744675,0.11727693677854412,0.4477090878059909,0.3304321510274468,0.11727693677854412,0.30492015235820025,0.22032272480767318,0.08459742755052704,0.2774412478029577,roughly_unchanged,0.0,0.0,0.0,"{""increased"": 0.0, ""decreased"": 0.15, ""roughly_unchanged"": 0.85, ""insufficient_data"": 0.0}",-0.0,0.6108643020548935,10,10,0.85,True,0.045000000000000005,0.4307829160924542,1.0,0.7,,qwen3.6:27b-q8_0,finqa,numeric_to_directional,committed
hqa_FQ_3e5f5d64,F,directional_change,1,10,hedgeqa_oracle,,False,,1.0,True,-0.0,0.0,-0.0,0.0,0.0,0.0,-0.0,0.0,-0.0,0.0,roughly_unchanged,0.0,0.0,0.0,"{""increased"": 0.0, ""decreased"": 0.0, ""roughly_unchanged"": 1.0, ""insufficient_data"": 0.0}",-0.0,-0.0,10,10,1.0,True,0.0,0.2876820724517809,1.0,1.0,,qwen3.6:27b-q8_0,finqa,numeric_to_directional,committed
hqa_FQ_425a8ac9_masked,F,directional_change,0,10,hedgeqa_oracle,,False,,1.0,True,0.5623351446188083,0.5556333627965406,0.006701781822267661,0.5873351446188083,0.6056333627965407,0.0,0.4056390622295664,0.4008047485295137,0.004834313700052677,0.01191777161075468,increased,0.25,0.3,0.2,"{""increased"": 0.75, ""decreased"": 0.0, ""roughly_unchanged"": 0.0, ""insufficient_data"": 0.25}",0.6108643020548935,0.5004024235381879,10,10,0.25,False,1.125,1.3862943611198906,0.3,0.2,,qwen3.6:27b-q8_0,finqa,evidence_masked_insufficient,noncommitted
hqa_FQ_425a8ac9_masked,F,directional_change,1,10,hedgeqa_oracle,,False,,1.0,True,0.5004024235381879,0.46797363772317085,0.032428785815017014,0.5254024235381879,0.5179736377231708,0.007428785815017047,0.36096404744368116,0.33757162320499345,0.023392424238687703,0.06480541318270061,increased,0.2,0.3,0.1,"{""increased"": 0.8, ""decreased"": 0.0, ""roughly_unchanged"": 0.0, ""insufficient_data"": 0.2}",0.6108643020548935,0.3250829733914482,10,10,0.2,False,1.2800000000000002,1.529395204760564,0.3,0.1,,qwen3.6:27b-q8_0,finqa,evidence_masked_insufficient,noncommitted
hqa_FQ_46ab258b,F,directional_change,0,10,hedgeqa_oracle,,False,,1.0,True,0.6730116670092565,0.46797363772317085,0.20503802928608567,0.6980116670092565,0.5179736377231708,0.1800380292860857,0.4854752972273344,0.33757162320499345,0.14790367402234092,0.30465746633671004,roughly_unchanged,0.0,0.0,0.0,"{""increased"": 0.0, ""decreased"": 0.4, ""roughly_unchanged"": 0.6, ""insufficient_data"": 0.0}",0.6108643020548935,0.3250829733914482,10,10,0.6,True,0.32,0.7270487322356265,0.3,0.9,,qwen3.6:27b-q8_0,finqa,numeric_to_directional,committed
hqa_FQ_46ab258b,F,directional_change,1,10,hedgeqa_oracle,,False,,1.0,True,0.6931471805599453,0.0,0.6931471805599453,0.7181471805599453,0.0,0.7181471805599453,0.5,0.0,0.5,1.0,decreased,0.0,0.0,0.0,"{""increased"": 0.0, ""decreased"": 0.5, ""roughly_unchanged"": 0.5, ""insufficient_data"": 0.0}",-0.0,-0.0,10,10,0.5,False,0.5,0.8754687373538999,1.0,0.0,,qwen3.6:27b-q8_0,finqa,numeric_to_directional,committed
hqa_FQ_4b4abc53,F,directional_change,0,10,hedgeqa_oracle,,False,,1.0,True,-0.0,0.0,-0.0,0.0,0.0,0.0,-0.0,0.0,-0.0,0.0,increased,0.0,0.0,0.0,"{""increased"": 1.0, ""decreased"": 0.0, ""roughly_unchanged"": 0.0, ""insufficient_data"": 0.0}",-0.0,-0.0,10,10,1.0,True,0.0,0.2876820724517809,1.0,1.0,,qwen3.6:27b-q8_0,finqa,numeric_to_directional,committed
hqa_FQ_4b4abc53,F,directional_change,1,10,hedgeqa_oracle,,False,,1.0,True,-0.0,0.0,-0.0,0.0,0.0,0.0,-0.0,0.0,-0.0,0.0,increased,0.0,0.0,0.0,"{""increased"": 1.0, ""decreased"": 0.0, ""roughly_unchanged"": 0.0, ""insufficient_data"": 0.0}",-0.0,-0.0,10,10,1.0,True,0.0,0.2876820724517809,1.0,1.0,,qwen3.6:27b-q8_0,finqa,numeric_to_directional,committed
hqa_FQ_4f19e5e1,F,directional_change,0,10,hedgeqa_oracle,,False,,1.0,True,-0.0,0.0,-0.0,0.0,0.0,0.0,-0.0,0.0,-0.0,0.0,decreased,0.0,0.0,0.0,"{""increased"": 0.0, ""decreased"": 1.0, ""roughly_unchanged"": 0.0, ""insufficient_data"": 0.0}",-0.0,-0.0,10,10,1.0,True,0.0,0.2876820724517809,1.0,1.0,,qwen3.6:27b-q8_0,finqa,numeric_to_directional,committed
hqa_FQ_4f19e5e1,F,directional_change,1,10,hedgeqa_oracle,,False,,1.0,True,-0.0,0.0,-0.0,0.0,0.0,0.0,-0.0,0.0,-0.0,0.0,decreased,0.0,0.0,0.0,"{""increased"": 0.0, ""decreased"": 1.0, ""roughly_unchanged"": 0.0, ""insufficient_data"": 0.0}",-0.0,-0.0,10,10,1.0,True,0.0,0.2876820724517809,1.0,1.0,,qwen3.6:27b-q8_0,finqa,numeric_to_directional,committed
hqa_FQ_5708c95c,F,directional_change,0,10,hedgeqa_oracle,,False,,1.0,True,0.5623351446188083,0.34657359027997264,0.21576155433883565,0.5873351446188083,0.37157359027997267,0.21576155433883565,0.4056390622295664,0.25,0.15563906222956642,0.3836885465963443,decreased,0.0,0.0,0.0,"{""increased"": 0.25, ""decreased"": 0.75, ""roughly_unchanged"": 0.0, ""insufficient_data"": 0.0}",-0.0,0.6931471805599453,10,10,0.75,True,0.125,0.5389965007326869,1.0,0.5,,qwen3.6:27b-q8_0,finqa,numeric_to_directional,committed
hqa_FQ_5708c95c,F,directional_change,1,10,hedgeqa_oracle,,False,,1.0,True,-0.0,0.0,-0.0,0.0,0.0,0.0,-0.0,0.0,-0.0,0.0,decreased,0.0,0.0,0.0,"{""increased"": 0.0, ""decreased"": 1.0, ""roughly_unchanged"": 0.0, ""insufficient_data"": 0.0}",-0.0,-0.0,10,10,1.0,True,0.0,0.2876820724517809,1.0,1.0,,qwen3.6:27b-q8_0,finqa,numeric_to_directional,committed
hqa_FQ_582b6cb3,F,directional_change,0,10,hedgeqa_oracle,,False,,1.0,True,-0.0,0.0,-0.0,0.0,0.0,0.0,-0.0,0.0,-0.0,0.0,decreased,0.0,0.0,0.0,"{""increased"": 0.0, ""decreased"": 1.0, ""roughly_unchanged"": 0.0, ""insufficient_data"": 0.0}",-0.0,-0.0,10,10,1.0,True,0.0,0.2876820724517809,1.0,1.0,,qwen3.6:27b-q8_0,finqa,numeric_to_directional,committed
hqa_FQ_582b6cb3,F,directional_change,1,10,hedgeqa_oracle,,False,,1.0,True,-0.0,0.0,-0.0,0.0,0.0,0.0,-0.0,0.0,-0.0,0.0,decreased,0.0,0.0,0.0,"{""increased"": 0.0, ""decreased"": 1.0, ""roughly_unchanged"": 0.0, ""insufficient_data"": 0.0}",-0.0,-0.0,10,10,1.0,True,0.0,0.2876820724517809,1.0,1.0,,qwen3.6:27b-q8_0,finqa,numeric_to_directional,committed
hqa_FQ_583bec62,F,directional_change,0,10,hedgeqa_oracle,,False,,1.0,True,-0.0,0.0,-0.0,0.0,0.0,0.0,-0.0,0.0,-0.0,0.0,decreased,0.0,0.0,0.0,"{""increased"": 0.0, ""decreased"": 1.0, ""roughly_unchanged"": 0.0, ""insufficient_data"": 0.0}",-0.0,-0.0,10,10,1.0,True,0.0,0.2876820724517809,1.0,1.0,,qwen3.6:27b-q8_0,finqa,numeric_to_directional,committed
hqa_FQ_583bec62,F,directional_change,1,10,hedgeqa_oracle,,False,,1.0,True,-0.0,0.0,-0.0,0.0,0.0,0.0,-0.0,0.0,-0.0,0.0,decreased,0.0,0.0,0.0,"{""increased"": 0.0, ""decreased"": 1.0, ""roughly_unchanged"": 0.0, ""insufficient_data"": 0.0}",-0.0,-0.0,10,10,1.0,True,0.0,0.2876820724517809,1.0,1.0,,qwen3.6:27b-q8_0,finqa,numeric_to_directional,committed
hqa_FQ_5991646d_masked,F,directional_change,0,10,hedgeqa_oracle,,False,,1.0,True,0.5623351446188083,0.34657359027997264,0.21576155433883565,0.5873351446188083,0.37157359027997267,0.21576155433883565,0.4056390622295664,0.25,0.15563906222956642,0.3836885465963443,increased,0.25,0.5,0.0,"{""increased"": 0.75, ""decreased"": 0.0, ""roughly_unchanged"": 0.0, ""insufficient_data"": 0.25}",0.6931471805599453,-0.0,10,10,0.25,False,1.125,1.3862943611198906,0.5,0.0,,qwen3.6:27b-q8_0,finqa,evidence_masked_insufficient,noncommitted
hqa_FQ_5991646d_masked,F,directional_change,1,10,hedgeqa_oracle,,False,,1.0,True,-0.0,0.0,-0.0,0.0,0.0,0.0,-0.0,0.0,-0.0,0.0,insufficient_data,1.0,1.0,1.0,"{""increased"": 0.0, ""decreased"": 0.0, ""roughly_unchanged"": 0.0, ""insufficient_data"": 1.0}",-0.0,-0.0,10,10,1.0,True,0.0,0.2876820724517809,1.0,1.0,,qwen3.6:27b-q8_0,finqa,evidence_masked_insufficient,noncommitted
hqa_FQ_59cacb14,F,directional_change,0,10,hedgeqa_oracle,,False,,1.0,True,-0.0,0.0,-0.0,0.0,0.0,0.0,-0.0,0.0,-0.0,0.0,roughly_unchanged,0.0,0.0,0.0,"{""increased"": 0.0, ""decreased"": 0.0, ""roughly_unchanged"": 1.0, ""insufficient_data"": 0.0}",-0.0,-0.0,10,10,1.0,True,0.0,0.2876820724517809,1.0,1.0,,qwen3.6:27b-q8_0,finqa,numeric_to_directional,committed
hqa_FQ_59cacb14,F,directional_change,1,10,hedgeqa_oracle,,False,,1.0,True,-0.0,0.0,-0.0,0.0,0.0,0.0,-0.0,0.0,-0.0,0.0,roughly_unchanged,0.0,0.0,0.0,"{""increased"": 0.0, ""decreased"": 0.0, ""roughly_unchanged"": 1.0, ""insufficient_data"": 0.0}",-0.0,-0.0,10,10,1.0,True,0.0,0.2876820724517809,1.0,1.0,,qwen3.6:27b-q8_0,finqa,numeric_to_directional,committed
hqa_FQ_6f94db28,F,directional_change,0,10,hedgeqa_oracle,,False,,1.0,True,-0.0,0.0,-0.0,0.0,0.0,0.0,-0.0,0.0,-0.0,0.0,roughly_unchanged,0.0,0.0,0.0,"{""increased"": 0.0, ""decreased"": 0.0, ""roughly_unchanged"": 1.0, ""insufficient_data"": 0.0}",-0.0,-0.0,10,10,1.0,True,0.0,0.2876820724517809,1.0,1.0,,qwen3.6:27b-q8_0,finqa,numeric_to_directional,committed
hqa_FQ_6f94db28,F,directional_change,1,10,hedgeqa_oracle,,False,,1.0,True,-0.0,0.0,-0.0,0.0,0.0,0.0,-0.0,0.0,-0.0,0.0,roughly_unchanged,0.0,0.0,0.0,"{""increased"": 0.0, ""decreased"": 0.0, ""roughly_unchanged"": 1.0, ""insufficient_data"": 0.0}",-0.0,-0.0,10,10,1.0,True,0.0,0.2876820724517809,1.0,1.0,,qwen3.6:27b-q8_0,finqa,numeric_to_directional,committed
hqa_FQ_77dbe36f,F,directional_change,0,10,hedgeqa_oracle,,False,,1.0,True,-0.0,0.0,-0.0,0.0,0.0,0.0,-0.0,0.0,-0.0,0.0,decreased,0.0,0.0,0.0,"{""increased"": 0.0, ""decreased"": 1.0, ""roughly_unchanged"": 0.0, ""insufficient_data"": 0.0}",-0.0,-0.0,10,10,1.0,True,0.0,0.2876820724517809,1.0,1.0,,qwen3.6:27b-q8_0,finqa,numeric_to_directional,committed
hqa_FQ_77dbe36f,F,directional_change,1,10,hedgeqa_oracle,,False,,1.0,True,-0.0,0.0,-0.0,0.0,0.0,0.0,-0.0,0.0,-0.0,0.0,decreased,0.0,0.0,0.0,"{""increased"": 0.0, ""decreased"": 1.0, ""roughly_unchanged"": 0.0, ""insufficient_data"": 0.0}",-0.0,-0.0,10,10,1.0,True,0.0,0.2876820724517809,1.0,1.0,,qwen3.6:27b-q8_0,finqa,numeric_to_directional,committed
hqa_FQ_7bb9c736,F,directional_change,0,10,hedgeqa_oracle,,False,,1.0,True,-0.0,0.0,-0.0,0.0,0.0,0.0,-0.0,0.0,-0.0,0.0,increased,0.0,0.0,0.0,"{""increased"": 1.0, ""decreased"": 0.0, ""roughly_unchanged"": 0.0, ""insufficient_data"": 0.0}",-0.0,-0.0,10,10,1.0,True,0.0,0.2876820724517809,1.0,1.0,,qwen3.6:27b-q8_0,finqa,numeric_to_directional,committed
hqa_FQ_7bb9c736,F,directional_change,1,10,hedgeqa_oracle,,False,,1.0,True,-0.0,0.0,-0.0,0.0,0.0,0.0,-0.0,0.0,-0.0,0.0,increased,0.0,0.0,0.0,"{""increased"": 1.0, ""decreased"": 0.0, ""roughly_unchanged"": 0.0, ""insufficient_data"": 0.0}",-0.0,-0.0,10,10,1.0,True,0.0,0.2876820724517809,1.0,1.0,,qwen3.6:27b-q8_0,finqa,numeric_to_directional,committed
hqa_FQ_7f2fc914,F,directional_change,0,10,hedgeqa_oracle,,False,,1.0,True,-0.0,0.0,-0.0,0.0,0.0,0.0,-0.0,0.0,-0.0,0.0,increased,0.0,0.0,0.0,"{""increased"": 1.0, ""decreased"": 0.0, ""roughly_unchanged"": 0.0, ""insufficient_data"": 0.0}",-0.0,-0.0,10,10,1.0,True,0.0,0.2876820724517809,1.0,1.0,,qwen3.6:27b-q8_0,finqa,numeric_to_directional,committed
hqa_FQ_7f2fc914,F,directional_change,1,10,hedgeqa_oracle,,False,,1.0,True,-0.0,0.0,-0.0,0.0,0.0,0.0,-0.0,0.0,-0.0,0.0,increased,0.0,0.0,0.0,"{""increased"": 1.0, ""decreased"": 0.0, ""roughly_unchanged"": 0.0, ""insufficient_data"": 0.0}",-0.0,-0.0,10,10,1.0,True,0.0,0.2876820724517809,1.0,1.0,,qwen3.6:27b-q8_0,finqa,numeric_to_directional,committed
hqa_FQ_812860fd_masked,F,directional_change,0,10,hedgeqa_oracle,,False,,1.0,True,-0.0,0.0,-0.0,0.0,0.0,0.0,-0.0,0.0,-0.0,0.0,insufficient_data,1.0,1.0,1.0,"{""increased"": 0.0, ""decreased"": 0.0, ""roughly_unchanged"": 0.0, ""insufficient_data"": 1.0}",-0.0,-0.0,10,10,1.0,True,0.0,0.2876820724517809,1.0,1.0,,qwen3.6:27b-q8_0,finqa,evidence_masked_insufficient,noncommitted
hqa_FQ_812860fd_masked,F,directional_change,1,10,hedgeqa_oracle,,False,,1.0,True,-0.0,0.0,-0.0,0.0,0.0,0.0,-0.0,0.0,-0.0,0.0,insufficient_data,1.0,1.0,1.0,"{""increased"": 0.0, ""decreased"": 0.0, ""roughly_unchanged"": 0.0, ""insufficient_data"": 1.0}",-0.0,-0.0,10,10,1.0,True,0.0,0.2876820724517809,1.0,1.0,,qwen3.6:27b-q8_0,finqa,evidence_masked_insufficient,noncommitted
hqa_FQ_8462e4ce,F,directional_change,0,10,hedgeqa_oracle,,False,,1.0,True,-0.0,0.0,-0.0,0.0,0.0,0.0,-0.0,0.0,-0.0,0.0,increased,0.0,0.0,0.0,"{""increased"": 1.0, ""decreased"": 0.0, ""roughly_unchanged"": 0.0, ""insufficient_data"": 0.0}",-0.0,-0.0,10,10,1.0,True,0.0,0.2876820724517809,1.0,1.0,,qwen3.6:27b-q8_0,finqa,numeric_to_directional,committed
hqa_FQ_8462e4ce,F,directional_change,1,10,hedgeqa_oracle,,False,,1.0,True,-0.0,0.0,-0.0,0.0,0.0,0.0,-0.0,0.0,-0.0,0.0,increased,0.0,0.0,0.0,"{""increased"": 1.0, ""decreased"": 0.0, ""roughly_unchanged"": 0.0, ""insufficient_data"": 0.0}",-0.0,-0.0,10,10,1.0,True,0.0,0.2876820724517809,1.0,1.0,,qwen3.6:27b-q8_0,finqa,numeric_to_directional,committed
hqa_FQ_885e23fc_masked,F,directional_change,0,10,hedgeqa_oracle,,False,,1.0,True,-0.0,0.0,-0.0,0.0,0.0,0.0,-0.0,0.0,-0.0,0.0,insufficient_data,1.0,1.0,1.0,"{""increased"": 0.0, ""decreased"": 0.0, ""roughly_unchanged"": 0.0, ""insufficient_data"": 1.0}",-0.0,-0.0,10,10,1.0,True,0.0,0.2876820724517809,1.0,1.0,,qwen3.6:27b-q8_0,finqa,evidence_masked_insufficient,noncommitted
hqa_FQ_885e23fc_masked,F,directional_change,1,10,hedgeqa_oracle,,False,,1.0,True,-0.0,0.0,-0.0,0.0,0.0,0.0,-0.0,0.0,-0.0,0.0,insufficient_data,1.0,1.0,1.0,"{""increased"": 0.0, ""decreased"": 0.0, ""roughly_unchanged"": 0.0, ""insufficient_data"": 1.0}",-0.0,-0.0,10,10,1.0,True,0.0,0.2876820724517809,1.0,1.0,,qwen3.6:27b-q8_0,finqa,evidence_masked_insufficient,noncommitted
hqa_FQ_8f9f444a_masked,F,directional_change,0,10,hedgeqa_oracle,,False,,1.0,True,0.4227090878059908,0.41274269846481804,0.009966389341172777,0.44770908780599084,0.4627426984648181,0.0,0.3049201523582002,0.2977309221191609,0.007189230239039294,0.0235774191487149,insufficient_data,0.8500000000000001,0.9,0.8,"{""increased"": 0.15, ""decreased"": 0.0, ""roughly_unchanged"": 0.0, ""insufficient_data"": 0.85}",0.3250829733914482,0.5004024235381879,10,10,0.8500000000000001,True,0.044999999999999984,0.4307829160924542,0.9,0.8,,qwen3.6:27b-q8_0,finqa,evidence_masked_insufficient,noncommitted
hqa_FQ_8f9f444a_masked,F,directional_change,1,10,hedgeqa_oracle,,False,,1.0,True,-0.0,0.0,-0.0,0.0,0.0,0.0,-0.0,0.0,-0.0,0.0,insufficient_data,1.0,1.0,1.0,"{""increased"": 0.0, ""decreased"": 0.0, ""roughly_unchanged"": 0.0, ""insufficient_data"": 1.0}",-0.0,-0.0,10,10,1.0,True,0.0,0.2876820724517809,1.0,1.0,,qwen3.6:27b-q8_0,finqa,evidence_masked_insufficient,noncommitted
hqa_FQ_91e8b620_masked,F,directional_change,0,10,hedgeqa_oracle,,False,,1.0,True,-0.0,0.0,-0.0,0.0,0.0,0.0,-0.0,0.0,-0.0,0.0,insufficient_data,1.0,1.0,1.0,"{""increased"": 0.0, ""decreased"": 0.0, ""roughly_unchanged"": 0.0, ""insufficient_data"": 1.0}",-0.0,-0.0,10,10,1.0,True,0.0,0.2876820724517809,1.0,1.0,,qwen3.6:27b-q8_0,finqa,evidence_masked_insufficient,noncommitted
hqa_FQ_91e8b620_masked,F,directional_change,1,10,hedgeqa_oracle,,False,,1.0,True,-0.0,0.0,-0.0,0.0,0.0,0.0,-0.0,0.0,-0.0,0.0,insufficient_data,1.0,1.0,1.0,"{""increased"": 0.0, ""decreased"": 0.0, ""roughly_unchanged"": 0.0, ""insufficient_data"": 1.0}",-0.0,-0.0,10,10,1.0,True,0.0,0.2876820724517809,1.0,1.0,,qwen3.6:27b-q8_0,finqa,evidence_masked_insufficient,noncommitted
hqa_FQ_9bfd2289,F,directional_change,0,10,hedgeqa_oracle,,False,,1.0,True,-0.0,0.0,-0.0,0.0,0.0,0.0,-0.0,0.0,-0.0,0.0,increased,0.0,0.0,0.0,"{""increased"": 1.0, ""decreased"": 0.0, ""roughly_unchanged"": 0.0, ""insufficient_data"": 0.0}",-0.0,-0.0,10,10,1.0,True,0.0,0.2876820724517809,1.0,1.0,,qwen3.6:27b-q8_0,finqa,numeric_to_directional,committed
hqa_FQ_9bfd2289,F,directional_change,1,10,hedgeqa_oracle,,False,,1.0,True,-0.0,0.0,-0.0,0.0,0.0,0.0,-0.0,0.0,-0.0,0.0,increased,0.0,0.0,0.0,"{""increased"": 1.0, ""decreased"": 0.0, ""roughly_unchanged"": 0.0, ""insufficient_data"": 0.0}",-0.0,-0.0,10,10,1.0,True,0.0,0.2876820724517809,1.0,1.0,,qwen3.6:27b-q8_0,finqa,numeric_to_directional,committed
hqa_FQ_a719583b,F,directional_change,0,10,hedgeqa_oracle,,False,,1.0,True,-0.0,0.0,-0.0,0.0,0.0,0.0,-0.0,0.0,-0.0,0.0,increased,0.0,0.0,0.0,"{""increased"": 1.0, ""decreased"": 0.0, ""roughly_unchanged"": 0.0, ""insufficient_data"": 0.0}",-0.0,-0.0,10,10,1.0,True,0.0,0.2876820724517809,1.0,1.0,,qwen3.6:27b-q8_0,finqa,numeric_to_directional,committed
hqa_FQ_a719583b,F,directional_change,1,10,hedgeqa_oracle,,False,,1.0,True,-0.0,0.0,-0.0,0.0,0.0,0.0,-0.0,0.0,-0.0,0.0,increased,0.0,0.0,0.0,"{""increased"": 1.0, ""decreased"": 0.0, ""roughly_unchanged"": 0.0, ""insufficient_data"": 0.0}",-0.0,-0.0,10,10,1.0,True,0.0,0.2876820724517809,1.0,1.0,,qwen3.6:27b-q8_0,finqa,numeric_to_directional,committed
hqa_FQ_a86cb433,F,directional_change,0,10,hedgeqa_oracle,,False,,1.0,True,-0.0,0.0,-0.0,0.0,0.0,0.0,-0.0,0.0,-0.0,0.0,increased,0.0,0.0,0.0,"{""increased"": 1.0, ""decreased"": 0.0, ""roughly_unchanged"": 0.0, ""insufficient_data"": 0.0}",-0.0,-0.0,10,10,0.0,False,2.0,2.4849066497880004,0.0,0.0,,qwen3.6:27b-q8_0,finqa,numeric_to_directional,committed
hqa_FQ_a86cb433,F,directional_change,1,10,hedgeqa_oracle,,False,,1.0,True,-0.0,0.0,-0.0,0.0,0.0,0.0,-0.0,0.0,-0.0,0.0,increased,0.0,0.0,0.0,"{""increased"": 1.0, ""decreased"": 0.0, ""roughly_unchanged"": 0.0, ""insufficient_data"": 0.0}",-0.0,-0.0,10,10,0.0,False,2.0,2.4849066497880004,0.0,0.0,,qwen3.6:27b-q8_0,finqa,numeric_to_directional,committed
hqa_FQ_ad4c0377_masked,F,directional_change,0,10,hedgeqa_oracle,,False,,1.0,True,-0.0,0.0,-0.0,0.0,0.0,0.0,-0.0,0.0,-0.0,0.0,insufficient_data,1.0,1.0,1.0,"{""increased"": 0.0, ""decreased"": 0.0, ""roughly_unchanged"": 0.0, ""insufficient_data"": 1.0}",-0.0,-0.0,10,10,1.0,True,0.0,0.2876820724517809,1.0,1.0,,qwen3.6:27b-q8_0,finqa,evidence_masked_insufficient,noncommitted
hqa_FQ_ad4c0377_masked,F,directional_change,1,10,hedgeqa_oracle,,False,,1.0,True,-0.0,0.0,-0.0,0.0,0.0,0.0,-0.0,0.0,-0.0,0.0,insufficient_data,1.0,1.0,1.0,"{""increased"": 0.0, ""decreased"": 0.0, ""roughly_unchanged"": 0.0, ""insufficient_data"": 1.0}",-0.0,-0.0,10,10,1.0,True,0.0,0.2876820724517809,1.0,1.0,,qwen3.6:27b-q8_0,finqa,evidence_masked_insufficient,noncommitted
hqa_FQ_b111cf56_masked,F,directional_change,0,10,hedgeqa_oracle,,False,,1.0,True,-0.0,0.0,-0.0,0.0,0.0,0.0,-0.0,0.0,-0.0,0.0,insufficient_data,1.0,1.0,1.0,"{""increased"": 0.0, ""decreased"": 0.0, ""roughly_unchanged"": 0.0, ""insufficient_data"": 1.0}",-0.0,-0.0,10,10,1.0,True,0.0,0.2876820724517809,1.0,1.0,,qwen3.6:27b-q8_0,finqa,evidence_masked_insufficient,noncommitted
hqa_FQ_b111cf56_masked,F,directional_change,1,10,hedgeqa_oracle,,False,,1.0,True,-0.0,0.0,-0.0,0.0,0.0,0.0,-0.0,0.0,-0.0,0.0,insufficient_data,1.0,1.0,1.0,"{""increased"": 0.0, ""decreased"": 0.0, ""roughly_unchanged"": 0.0, ""insufficient_data"": 1.0}",-0.0,-0.0,10,10,1.0,True,0.0,0.2876820724517809,1.0,1.0,,qwen3.6:27b-q8_0,finqa,evidence_masked_insufficient,noncommitted
hqa_FQ_b1848266_masked,F,directional_change,0,10,hedgeqa_oracle,,False,,1.0,True,0.1985152433458726,0.1625414866957241,0.035973756650148486,0.22351524334587258,0.1875414866957241,0.035973756650148486,0.1431984785579781,0.11724889839732029,0.025949580160657796,0.18121407728610292,insufficient_data,0.95,1.0,0.9,"{""increased"": 0.05, ""decreased"": 0.0, ""roughly_unchanged"": 0.0, ""insufficient_data"": 0.95}",-0.0,0.3250829733914482,10,10,0.95,True,0.0050000000000000044,0.33314444652853825,1.0,0.9,,qwen3.6:27b-q8_0,finqa,evidence_masked_insufficient,noncommitted
hqa_FQ_b1848266_masked,F,directional_change,1,10,hedgeqa_oracle,,False,,1.0,True,-0.0,0.0,-0.0,0.0,0.0,0.0,-0.0,0.0,-0.0,0.0,insufficient_data,1.0,1.0,1.0,"{""increased"": 0.0, ""decreased"": 0.0, ""roughly_unchanged"": 0.0, ""insufficient_data"": 1.0}",-0.0,-0.0,10,10,1.0,True,0.0,0.2876820724517809,1.0,1.0,,qwen3.6:27b-q8_0,finqa,evidence_masked_insufficient,noncommitted
hqa_FQ_ba35f749_masked,F,directional_change,0,10,hedgeqa_oracle,,False,,1.0,True,-0.0,0.0,-0.0,0.0,0.0,0.0,-0.0,0.0,-0.0,0.0,insufficient_data,1.0,1.0,1.0,"{""increased"": 0.0, ""decreased"": 0.0, ""roughly_unchanged"": 0.0, ""insufficient_data"": 1.0}",-0.0,-0.0,10,10,1.0,True,0.0,0.2876820724517809,1.0,1.0,,qwen3.6:27b-q8_0,finqa,evidence_masked_insufficient,noncommitted
hqa_FQ_ba35f749_masked,F,directional_change,1,10,hedgeqa_oracle,,False,,1.0,True,-0.0,0.0,-0.0,0.0,0.0,0.0,-0.0,0.0,-0.0,0.0,insufficient_data,1.0,1.0,1.0,"{""increased"": 0.0, ""decreased"": 0.0, ""roughly_unchanged"": 0.0, ""insufficient_data"": 1.0}",-0.0,-0.0,10,10,1.0,True,0.0,0.2876820724517809,1.0,1.0,,qwen3.6:27b-q8_0,finqa,evidence_masked_insufficient,noncommitted
hqa_FQ_bcae6105,F,directional_change,0,10,hedgeqa_oracle,,False,,1.0,True,-0.0,0.0,-0.0,0.0,0.0,0.0,-0.0,0.0,-0.0,0.0,decreased,0.0,0.0,0.0,"{""increased"": 0.0, ""decreased"": 1.0, ""roughly_unchanged"": 0.0, ""insufficient_data"": 0.0}",-0.0,-0.0,10,10,0.0,False,2.0,2.4849066497880004,0.0,0.0,,qwen3.6:27b-q8_0,finqa,numeric_to_directional,committed
hqa_FQ_bcae6105,F,directional_change,1,10,hedgeqa_oracle,,False,,1.0,True,-0.0,0.0,-0.0,0.0,0.0,0.0,-0.0,0.0,-0.0,0.0,decreased,0.0,0.0,0.0,"{""increased"": 0.0, ""decreased"": 1.0, ""roughly_unchanged"": 0.0, ""insufficient_data"": 0.0}",-0.0,-0.0,10,10,0.0,False,2.0,2.4849066497880004,0.0,0.0,,qwen3.6:27b-q8_0,finqa,numeric_to_directional,committed
hqa_FQ_bf7cbc32,F,directional_change,0,10,hedgeqa_oracle,,False,,1.0,True,0.5623351446188083,0.34657359027997264,0.21576155433883565,0.5873351446188083,0.37157359027997267,0.21576155433883565,0.4056390622295664,0.25,0.15563906222956642,0.3836885465963443,roughly_unchanged,0.0,0.0,0.0,"{""increased"": 0.25, ""decreased"": 0.0, ""roughly_unchanged"": 0.75, ""insufficient_data"": 0.0}",0.6931471805599453,-0.0,10,10,0.75,True,0.125,0.5389965007326869,0.5,1.0,,qwen3.6:27b-q8_0,finqa,numeric_to_directional,committed
hqa_FQ_bf7cbc32,F,directional_change,1,10,hedgeqa_oracle,,False,,1.0,True,-0.0,0.0,-0.0,0.0,0.0,0.0,-0.0,0.0,-0.0,0.0,roughly_unchanged,0.0,0.0,0.0,"{""increased"": 0.0, ""decreased"": 0.0, ""roughly_unchanged"": 1.0, ""insufficient_data"": 0.0}",-0.0,-0.0,10,10,1.0,True,0.0,0.2876820724517809,1.0,1.0,,qwen3.6:27b-q8_0,finqa,numeric_to_directional,committed
hqa_FQ_bfbf5888,F,directional_change,0,10,hedgeqa_oracle,,False,,1.0,True,-0.0,0.0,-0.0,0.0,0.0,0.0,-0.0,0.0,-0.0,0.0,decreased,0.0,0.0,0.0,"{""increased"": 0.0, ""decreased"": 1.0, ""roughly_unchanged"": 0.0, ""insufficient_data"": 0.0}",-0.0,-0.0,10,10,1.0,True,0.0,0.2876820724517809,1.0,1.0,,qwen3.6:27b-q8_0,finqa,numeric_to_directional,committed
hqa_FQ_bfbf5888,F,directional_change,1,10,hedgeqa_oracle,,False,,1.0,True,-0.0,0.0,-0.0,0.0,0.0,0.0,-0.0,0.0,-0.0,0.0,decreased,0.0,0.0,0.0,"{""increased"": 0.0, ""decreased"": 1.0, ""roughly_unchanged"": 0.0, ""insufficient_data"": 0.0}",-0.0,-0.0,10,10,1.0,True,0.0,0.2876820724517809,1.0,1.0,,qwen3.6:27b-q8_0,finqa,numeric_to_directional,committed
hqa_FQ_c868faac,F,directional_change,0,10,hedgeqa_oracle,,False,,1.0,True,-0.0,0.0,-0.0,0.0,0.0,0.0,-0.0,0.0,-0.0,0.0,increased,0.0,0.0,0.0,"{""increased"": 1.0, ""decreased"": 0.0, ""roughly_unchanged"": 0.0, ""insufficient_data"": 0.0}",-0.0,-0.0,10,10,1.0,True,0.0,0.2876820724517809,1.0,1.0,,qwen3.6:27b-q8_0,finqa,numeric_to_directional,committed
hqa_FQ_c868faac,F,directional_change,1,10,hedgeqa_oracle,,False,,1.0,True,-0.0,0.0,-0.0,0.0,0.0,0.0,-0.0,0.0,-0.0,0.0,increased,0.0,0.0,0.0,"{""increased"": 1.0, ""decreased"": 0.0, ""roughly_unchanged"": 0.0, ""insufficient_data"": 0.0}",-0.0,-0.0,10,10,1.0,True,0.0,0.2876820724517809,1.0,1.0,,qwen3.6:27b-q8_0,finqa,numeric_to_directional,committed
hqa_FQ_cb2951cf_masked,F,directional_change,0,10,hedgeqa_oracle,,False,,1.0,True,-0.0,0.0,-0.0,0.0,0.0,0.0,-0.0,0.0,-0.0,0.0,insufficient_data,1.0,1.0,1.0,"{""increased"": 0.0, ""decreased"": 0.0, ""roughly_unchanged"": 0.0, ""insufficient_data"": 1.0}",-0.0,-0.0,10,10,1.0,True,0.0,0.2876820724517809,1.0,1.0,,qwen3.6:27b-q8_0,finqa,evidence_masked_insufficient,noncommitted
hqa_FQ_cb2951cf_masked,F,directional_change,1,10,hedgeqa_oracle,,False,,1.0,True,-0.0,0.0,-0.0,0.0,0.0,0.0,-0.0,0.0,-0.0,0.0,insufficient_data,1.0,1.0,1.0,"{""increased"": 0.0, ""decreased"": 0.0, ""roughly_unchanged"": 0.0, ""insufficient_data"": 1.0}",-0.0,-0.0,10,10,1.0,True,0.0,0.2876820724517809,1.0,1.0,,qwen3.6:27b-q8_0,finqa,evidence_masked_insufficient,noncommitted
hqa_FQ_cb42aedc,F,directional_change,0,10,hedgeqa_oracle,,False,,1.0,True,-0.0,0.0,-0.0,0.0,0.0,0.0,-0.0,0.0,-0.0,0.0,increased,0.0,0.0,0.0,"{""increased"": 1.0, ""decreased"": 0.0, ""roughly_unchanged"": 0.0, ""insufficient_data"": 0.0}",-0.0,-0.0,10,10,1.0,True,0.0,0.2876820724517809,1.0,1.0,,qwen3.6:27b-q8_0,finqa,numeric_to_directional,committed
hqa_FQ_cb42aedc,F,directional_change,1,10,hedgeqa_oracle,,False,,1.0,True,-0.0,0.0,-0.0,0.0,0.0,0.0,-0.0,0.0,-0.0,0.0,increased,0.0,0.0,0.0,"{""increased"": 1.0, ""decreased"": 0.0, ""roughly_unchanged"": 0.0, ""insufficient_data"": 0.0}",-0.0,-0.0,10,10,1.0,True,0.0,0.2876820724517809,1.0,1.0,,qwen3.6:27b-q8_0,finqa,numeric_to_directional,committed
hqa_FQ_ccc2f20b,F,directional_change,0,10,hedgeqa_oracle,,False,,1.0,True,-0.0,0.0,-0.0,0.0,0.0,0.0,-0.0,0.0,-0.0,0.0,roughly_unchanged,0.0,0.0,0.0,"{""increased"": 0.0, ""decreased"": 0.0, ""roughly_unchanged"": 1.0, ""insufficient_data"": 0.0}",-0.0,-0.0,10,10,1.0,True,0.0,0.2876820724517809,1.0,1.0,,qwen3.6:27b-q8_0,finqa,numeric_to_directional,committed
hqa_FQ_ccc2f20b,F,directional_change,1,10,hedgeqa_oracle,,False,,1.0,True,-0.0,0.0,-0.0,0.0,0.0,0.0,-0.0,0.0,-0.0,0.0,roughly_unchanged,0.0,0.0,0.0,"{""increased"": 0.0, ""decreased"": 0.0, ""roughly_unchanged"": 1.0, ""insufficient_data"": 0.0}",-0.0,-0.0,10,10,1.0,True,0.0,0.2876820724517809,1.0,1.0,,qwen3.6:27b-q8_0,finqa,numeric_to_directional,committed
hqa_FQ_cccdd70f,F,directional_change,0,10,hedgeqa_oracle,,False,,1.0,True,-0.0,0.0,-0.0,0.0,0.0,0.0,-0.0,0.0,-0.0,0.0,increased,0.0,0.0,0.0,"{""increased"": 1.0, ""decreased"": 0.0, ""roughly_unchanged"": 0.0, ""insufficient_data"": 0.0}",-0.0,-0.0,10,10,1.0,True,0.0,0.2876820724517809,1.0,1.0,,qwen3.6:27b-q8_0,finqa,numeric_to_directional,committed
hqa_FQ_cccdd70f,F,directional_change,1,10,hedgeqa_oracle,,False,,1.0,True,-0.0,0.0,-0.0,0.0,0.0,0.0,-0.0,0.0,-0.0,0.0,increased,0.0,0.0,0.0,"{""increased"": 1.0, ""decreased"": 0.0, ""roughly_unchanged"": 0.0, ""insufficient_data"": 0.0}",-0.0,-0.0,10,10,1.0,True,0.0,0.2876820724517809,1.0,1.0,,qwen3.6:27b-q8_0,finqa,numeric_to_directional,committed
hqa_FQ_cdc17c89,F,directional_change,0,10,hedgeqa_oracle,,False,,1.0,True,-0.0,0.0,-0.0,0.0,0.0,0.0,-0.0,0.0,-0.0,0.0,decreased,0.0,0.0,0.0,"{""increased"": 0.0, ""decreased"": 1.0, ""roughly_unchanged"": 0.0, ""insufficient_data"": 0.0}",-0.0,-0.0,10,10,1.0,True,0.0,0.2876820724517809,1.0,1.0,,qwen3.6:27b-q8_0,finqa,numeric_to_directional,committed
hqa_FQ_cdc17c89,F,directional_change,1,10,hedgeqa_oracle,,False,,1.0,True,-0.0,0.0,-0.0,0.0,0.0,0.0,-0.0,0.0,-0.0,0.0,increased,0.0,0.0,0.0,"{""increased"": 1.0, ""decreased"": 0.0, ""roughly_unchanged"": 0.0, ""insufficient_data"": 0.0}",-0.0,-0.0,10,10,0.0,False,2.0,2.4849066497880004,0.0,0.0,,qwen3.6:27b-q8_0,finqa,numeric_to_directional,committed
hqa_FQ_d04445bc,F,directional_change,0,10,hedgeqa_oracle,,False,,1.0,True,-0.0,0.0,-0.0,0.0,0.0,0.0,-0.0,0.0,-0.0,0.0,increased,0.0,0.0,0.0,"{""increased"": 1.0, ""decreased"": 0.0, ""roughly_unchanged"": 0.0, ""insufficient_data"": 0.0}",-0.0,-0.0,10,10,1.0,True,0.0,0.2876820724517809,1.0,1.0,,qwen3.6:27b-q8_0,finqa,numeric_to_directional,committed
hqa_FQ_d04445bc,F,directional_change,1,10,hedgeqa_oracle,,False,,1.0,True,-0.0,0.0,-0.0,0.0,0.0,0.0,-0.0,0.0,-0.0,0.0,increased,0.0,0.0,0.0,"{""increased"": 1.0, ""decreased"": 0.0, ""roughly_unchanged"": 0.0, ""insufficient_data"": 0.0}",-0.0,-0.0,10,10,1.0,True,0.0,0.2876820724517809,1.0,1.0,,qwen3.6:27b-q8_0,finqa,numeric_to_directional,committed
hqa_FQ_d99d6e5a,F,directional_change,0,10,hedgeqa_oracle,,False,,1.0,True,-0.0,0.0,-0.0,0.0,0.0,0.0,-0.0,0.0,-0.0,0.0,decreased,0.0,0.0,0.0,"{""increased"": 0.0, ""decreased"": 1.0, ""roughly_unchanged"": 0.0, ""insufficient_data"": 0.0}",-0.0,-0.0,10,10,1.0,True,0.0,0.2876820724517809,1.0,1.0,,qwen3.6:27b-q8_0,finqa,numeric_to_directional,committed
hqa_FQ_d99d6e5a,F,directional_change,1,10,hedgeqa_oracle,,False,,1.0,True,-0.0,0.0,-0.0,0.0,0.0,0.0,-0.0,0.0,-0.0,0.0,decreased,0.0,0.0,0.0,"{""increased"": 0.0, ""decreased"": 1.0, ""roughly_unchanged"": 0.0, ""insufficient_data"": 0.0}",-0.0,-0.0,10,10,1.0,True,0.0,0.2876820724517809,1.0,1.0,,qwen3.6:27b-q8_0,finqa,numeric_to_directional,committed
hqa_FQ_dc32fb1c,F,directional_change,0,10,hedgeqa_oracle,,False,,1.0,True,-0.0,0.0,-0.0,0.0,0.0,0.0,-0.0,0.0,-0.0,0.0,increased,0.0,0.0,0.0,"{""increased"": 1.0, ""decreased"": 0.0, ""roughly_unchanged"": 0.0, ""insufficient_data"": 0.0}",-0.0,-0.0,10,10,1.0,True,0.0,0.2876820724517809,1.0,1.0,,qwen3.6:27b-q8_0,finqa,numeric_to_directional,committed
hqa_FQ_dc32fb1c,F,directional_change,1,10,hedgeqa_oracle,,False,,1.0,True,-0.0,0.0,-0.0,0.0,0.0,0.0,-0.0,0.0,-0.0,0.0,increased,0.0,0.0,0.0,"{""increased"": 1.0, ""decreased"": 0.0, ""roughly_unchanged"": 0.0, ""insufficient_data"": 0.0}",-0.0,-0.0,10,10,1.0,True,0.0,0.2876820724517809,1.0,1.0,,qwen3.6:27b-q8_0,finqa,numeric_to_directional,committed
hqa_FQ_df7f0bda_masked,F,directional_change,0,10,hedgeqa_oracle,,False,,1.0,True,-0.0,0.0,-0.0,0.0,0.0,0.0,-0.0,0.0,-0.0,0.0,insufficient_data,1.0,1.0,1.0,"{""increased"": 0.0, ""decreased"": 0.0, ""roughly_unchanged"": 0.0, ""insufficient_data"": 1.0}",-0.0,-0.0,10,10,1.0,True,0.0,0.2876820724517809,1.0,1.0,,qwen3.6:27b-q8_0,finqa,evidence_masked_insufficient,noncommitted
hqa_FQ_df7f0bda_masked,F,directional_change,1,10,hedgeqa_oracle,,False,,1.0,True,-0.0,0.0,-0.0,0.0,0.0,0.0,-0.0,0.0,-0.0,0.0,insufficient_data,1.0,1.0,1.0,"{""increased"": 0.0, ""decreased"": 0.0, ""roughly_unchanged"": 0.0, ""insufficient_data"": 1.0}",-0.0,-0.0,10,10,1.0,True,0.0,0.2876820724517809,1.0,1.0,,qwen3.6:27b-q8_0,finqa,evidence_masked_insufficient,noncommitted
hqa_FQ_e6e1f02f,F,directional_change,0,10,hedgeqa_oracle,,False,,1.0,True,0.5875009311062074,0.4702239943276632,0.11727693677854417,0.6625009311062073,0.5452239943276632,0.11727693677854412,0.423792339912287,0.3391949123617599,0.08459742755052709,0.1996200015508453,insufficient_data,0.85,0.7,1.0,"{""increased"": 0.05, ""decreased"": 0.05, ""roughly_unchanged"": 0.05, ""insufficient_data"": 0.85}",0.9404479886553264,-0.0,10,10,0.05,False,1.63,2.1484344131667874,0.1,0.0,,qwen3.6:27b-q8_0,finqa,numeric_to_directional,committed
hqa_FQ_e6e1f02f,F,directional_change,1,10,hedgeqa_oracle,,False,,1.0,True,-0.0,0.0,-0.0,0.0,0.0,0.0,-0.0,0.0,-0.0,0.0,insufficient_data,1.0,1.0,1.0,"{""increased"": 0.0, ""decreased"": 0.0, ""roughly_unchanged"": 0.0, ""insufficient_data"": 1.0}",-0.0,-0.0,10,10,0.0,False,2.0,2.4849066497880004,0.0,0.0,,qwen3.6:27b-q8_0,finqa,numeric_to_directional,committed
hqa_FQ_e7c2edef,F,directional_change,0,10,hedgeqa_oracle,,False,,1.0,True,-0.0,0.0,-0.0,0.0,0.0,0.0,-0.0,0.0,-0.0,0.0,increased,0.0,0.0,0.0,"{""increased"": 1.0, ""decreased"": 0.0, ""roughly_unchanged"": 0.0, ""insufficient_data"": 0.0}",-0.0,-0.0,10,10,1.0,True,0.0,0.2876820724517809,1.0,1.0,,qwen3.6:27b-q8_0,finqa,numeric_to_directional,committed
hqa_FQ_e7c2edef,F,directional_change,1,10,hedgeqa_oracle,,False,,1.0,True,-0.0,0.0,-0.0,0.0,0.0,0.0,-0.0,0.0,-0.0,0.0,increased,0.0,0.0,0.0,"{""increased"": 1.0, ""decreased"": 0.0, ""roughly_unchanged"": 0.0, ""insufficient_data"": 0.0}",-0.0,-0.0,10,10,1.0,True,0.0,0.2876820724517809,1.0,1.0,,qwen3.6:27b-q8_0,finqa,numeric_to_directional,committed
hqa_FQ_e98c5e1e,F,directional_change,0,10,hedgeqa_oracle,,False,,1.0,True,-0.0,0.0,-0.0,0.0,0.0,0.0,-0.0,0.0,-0.0,0.0,decreased,0.0,0.0,0.0,"{""increased"": 0.0, ""decreased"": 1.0, ""roughly_unchanged"": 0.0, ""insufficient_data"": 0.0}",-0.0,-0.0,10,10,1.0,True,0.0,0.2876820724517809,1.0,1.0,,qwen3.6:27b-q8_0,finqa,numeric_to_directional,committed
hqa_FQ_e98c5e1e,F,directional_change,1,10,hedgeqa_oracle,,False,,1.0,True,-0.0,0.0,-0.0,0.0,0.0,0.0,-0.0,0.0,-0.0,0.0,decreased,0.0,0.0,0.0,"{""increased"": 0.0, ""decreased"": 1.0, ""roughly_unchanged"": 0.0, ""insufficient_data"": 0.0}",-0.0,-0.0,10,10,1.0,True,0.0,0.2876820724517809,1.0,1.0,,qwen3.6:27b-q8_0,finqa,numeric_to_directional,committed
hqa_FQ_e9d8aa67,F,directional_change,0,10,hedgeqa_oracle,,False,,1.0,True,-0.0,0.0,-0.0,0.0,0.0,0.0,-0.0,0.0,-0.0,0.0,increased,0.0,0.0,0.0,"{""increased"": 1.0, ""decreased"": 0.0, ""roughly_unchanged"": 0.0, ""insufficient_data"": 0.0}",-0.0,-0.0,10,10,1.0,True,0.0,0.2876820724517809,1.0,1.0,,qwen3.6:27b-q8_0,finqa,numeric_to_directional,committed
hqa_FQ_e9d8aa67,F,directional_change,1,10,hedgeqa_oracle,,False,,1.0,True,-0.0,0.0,-0.0,0.0,0.0,0.0,-0.0,0.0,-0.0,0.0,increased,0.0,0.0,0.0,"{""increased"": 1.0, ""decreased"": 0.0, ""roughly_unchanged"": 0.0, ""insufficient_data"": 0.0}",-0.0,-0.0,10,10,1.0,True,0.0,0.2876820724517809,1.0,1.0,,qwen3.6:27b-q8_0,finqa,numeric_to_directional,committed
hqa_FQ_ee6f94ed,F,directional_change,0,10,hedgeqa_oracle,,False,,1.0,True,-0.0,0.0,-0.0,0.0,0.0,0.0,-0.0,0.0,-0.0,0.0,increased,0.0,0.0,0.0,"{""increased"": 1.0, ""decreased"": 0.0, ""roughly_unchanged"": 0.0, ""insufficient_data"": 0.0}",-0.0,-0.0,10,10,1.0,True,0.0,0.2876820724517809,1.0,1.0,,qwen3.6:27b-q8_0,finqa,numeric_to_directional,committed
hqa_FQ_ee6f94ed,F,directional_change,1,10,hedgeqa_oracle,,False,,1.0,True,-0.0,0.0,-0.0,0.0,0.0,0.0,-0.0,0.0,-0.0,0.0,increased,0.0,0.0,0.0,"{""increased"": 1.0, ""decreased"": 0.0, ""roughly_unchanged"": 0.0, ""insufficient_data"": 0.0}",-0.0,-0.0,10,10,1.0,True,0.0,0.2876820724517809,1.0,1.0,,qwen3.6:27b-q8_0,finqa,numeric_to_directional,committed
hqa_FQ_ef8ca35e,F,directional_change,0,10,hedgeqa_oracle,,False,,1.0,True,-0.0,0.0,-0.0,0.0,0.0,0.0,-0.0,0.0,-0.0,0.0,increased,0.0,0.0,0.0,"{""increased"": 1.0, ""decreased"": 0.0, ""roughly_unchanged"": 0.0, ""insufficient_data"": 0.0}",-0.0,-0.0,10,10,1.0,True,0.0,0.2876820724517809,1.0,1.0,,qwen3.6:27b-q8_0,finqa,numeric_to_directional,committed
hqa_FQ_ef8ca35e,F,directional_change,1,10,hedgeqa_oracle,,False,,1.0,True,-0.0,0.0,-0.0,0.0,0.0,0.0,-0.0,0.0,-0.0,0.0,increased,0.0,0.0,0.0,"{""increased"": 1.0, ""decreased"": 0.0, ""roughly_unchanged"": 0.0, ""insufficient_data"": 0.0}",-0.0,-0.0,10,10,1.0,True,0.0,0.2876820724517809,1.0,1.0,,qwen3.6:27b-q8_0,finqa,numeric_to_directional,committed
hqa_FQ_efa45e04,F,directional_change,0,10,hedgeqa_oracle,,False,,1.0,True,-0.0,0.0,-0.0,0.0,0.0,0.0,-0.0,0.0,-0.0,0.0,decreased,0.0,0.0,0.0,"{""increased"": 0.0, ""decreased"": 1.0, ""roughly_unchanged"": 0.0, ""insufficient_data"": 0.0}",-0.0,-0.0,10,10,1.0,True,0.0,0.2876820724517809,1.0,1.0,,qwen3.6:27b-q8_0,finqa,numeric_to_directional,committed
hqa_FQ_efa45e04,F,directional_change,1,10,hedgeqa_oracle,,False,,1.0,True,-0.0,0.0,-0.0,0.0,0.0,0.0,-0.0,0.0,-0.0,0.0,decreased,0.0,0.0,0.0,"{""increased"": 0.0, ""decreased"": 1.0, ""roughly_unchanged"": 0.0, ""insufficient_data"": 0.0}",-0.0,-0.0,10,10,1.0,True,0.0,0.2876820724517809,1.0,1.0,,qwen3.6:27b-q8_0,finqa,numeric_to_directional,committed
hqa_FQ_f6d8326c,F,directional_change,0,10,hedgeqa_oracle,,False,,1.0,True,-0.0,0.0,-0.0,0.0,0.0,0.0,-0.0,0.0,-0.0,0.0,increased,0.0,0.0,0.0,"{""increased"": 1.0, ""decreased"": 0.0, ""roughly_unchanged"": 0.0, ""insufficient_data"": 0.0}",-0.0,-0.0,10,10,1.0,True,0.0,0.2876820724517809,1.0,1.0,,qwen3.6:27b-q8_0,finqa,numeric_to_directional,committed
hqa_FQ_f6d8326c,F,directional_change,1,10,hedgeqa_oracle,,False,,1.0,True,-0.0,0.0,-0.0,0.0,0.0,0.0,-0.0,0.0,-0.0,0.0,increased,0.0,0.0,0.0,"{""increased"": 1.0, ""decreased"": 0.0, ""roughly_unchanged"": 0.0, ""insufficient_data"": 0.0}",-0.0,-0.0,10,10,1.0,True,0.0,0.2876820724517809,1.0,1.0,,qwen3.6:27b-q8_0,finqa,numeric_to_directional,committed
hqa_FQ_fab23070,F,directional_change,0,10,hedgeqa_oracle,,False,,1.0,True,-0.0,0.0,-0.0,0.0,0.0,0.0,-0.0,0.0,-0.0,0.0,roughly_unchanged,0.0,0.0,0.0,"{""increased"": 0.0, ""decreased"": 0.0, ""roughly_unchanged"": 1.0, ""insufficient_data"": 0.0}",-0.0,-0.0,10,10,1.0,True,0.0,0.2876820724517809,1.0,1.0,,qwen3.6:27b-q8_0,finqa,numeric_to_directional,committed
hqa_FQ_fab23070,F,directional_change,1,10,hedgeqa_oracle,,False,,1.0,True,-0.0,0.0,-0.0,0.0,0.0,0.0,-0.0,0.0,-0.0,0.0,roughly_unchanged,0.0,0.0,0.0,"{""increased"": 0.0, ""decreased"": 0.0, ""roughly_unchanged"": 1.0, ""insufficient_data"": 0.0}",-0.0,-0.0,10,10,1.0,True,0.0,0.2876820724517809,1.0,1.0,,qwen3.6:27b-q8_0,finqa,numeric_to_directional,committed
hqa_FTB_008bd6df,FT,category_choice,0,10,hedgeqa_oracle,,False,,1.0,True,1.0104127537805416,0.9241081320450073,0.08630462173553433,1.0604127537805417,1.0241081320450074,0.03630462173553428,0.7288587345650743,0.6666031096732478,0.06225562489182661,0.08541521414156596,sell,0.15000000000000002,0.1,0.2,"{""sell"": 0.45, ""hold"": 0.4, ""conditional"": 0.15, ""insufficient_data"": 0.0}",0.8979457248567798,0.9502705392332347,10,10,0.15000000000000002,False,1.085,1.69644928942373,0.1,0.2,,qwen3.6:27b-q8_0,fintradebench,none,noncommitted
hqa_FTB_008bd6df,FT,category_choice,1,10,hedgeqa_oracle,,False,,1.0,True,1.080527626604172,0.6520057413074194,0.4285218852967525,1.130527626604172,0.7020057413074194,0.4285218852967525,0.7794359242226802,0.4703227248076732,0.30911319941500703,0.3965857741587687,hold,0.25,0.0,0.5,"{""sell"": 0.35, ""hold"": 0.4, ""conditional"": 0.25, ""insufficient_data"": 0.0}",0.6108643020548935,0.6931471805599453,10,10,0.25,False,0.845,1.3862943611198906,0.0,0.5,,qwen3.6:27b-q8_0,fintradebench,none,noncommitted
hqa_FTB_00a5559e,FT,supportive_judgment,0,10,hedgeqa_oracle,,False,,1.0,True,1.0397207708399179,0.6342156828602438,0.4055050879796741,1.089720770839918,0.7092156828602438,0.3805050879796741,0.75,0.45748991025824065,0.29251008974175935,0.39001345298901247,unsupportive,0.5,0.9,0.1,"{""supportive"": 0.0, ""unsupportive"": 0.5, ""conditional"": 0.25, ""insufficient_data"": 0.25}",0.9433483923290393,0.3250829733914482,10,10,0.25,False,0.875,1.3862943611198906,0.4,0.1,,qwen3.6:27b-q8_0,fintradebench,none,noncommitted
hqa_FTB_00a5559e,FT,supportive_judgment,1,10,hedgeqa_oracle,,False,,1.0,True,1.0486537893593546,0.7063414272991154,0.3423123620602392,1.0986537893593546,0.7813414272991155,0.31731236206023916,0.7564438107590803,0.5095176371694331,0.24692617358964722,0.3264302914209324,unsupportive,0.55,0.3,0.7999999999999999,"{""supportive"": 0.0, ""unsupportive"": 0.45, ""conditional"": 0.2, ""insufficient_data"": 0.35}",0.6108643020548935,0.8018185525433373,10,10,0.20000000000000004,False,0.965,1.5293952047605637,0.3,0.1,,qwen3.6:27b-q8_0,fintradebench,none,noncommitted
hqa_FTB_00e479ec,FT,yes_no_mixed,0,10,hedgeqa_oracle,,False,,1.0,True,0.3250829733914482,0.25020121176909393,0.07488176162235427,0.3500829733914482,0.27520121176909396,0.07488176162235427,0.23449779679464058,0.18048202372184058,0.054015773072800005,0.23034661225454434,insufficient_data,0.9,1.0,0.8,"{""yes"": 0.0, ""no"": 0.1, ""mixed"": 0.0, ""insufficient_data"": 0.9}",-0.0,0.5004024235381879,10,10,0.0,False,1.82,2.4849066497880004,0.0,0.0,,qwen3.6:27b-q8_0,fintradebench,none,noncommitted
hqa_FTB_00e479ec,FT,yes_no_mixed,1,10,hedgeqa_oracle,,False,,1.0,True,-0.0,0.0,-0.0,0.0,0.0,0.0,-0.0,0.0,-0.0,0.0,insufficient_data,1.0,1.0,1.0,"{""yes"": 0.0, ""no"": 0.0, ""mixed"": 0.0, ""insufficient_data"": 1.0}",-0.0,-0.0,10,10,0.0,False,2.0,2.4849066497880004,0.0,0.0,,qwen3.6:27b-q8_0,fintradebench,none,noncommitted
hqa_FTB_01c97f78,FT,category_choice,0,10,hedgeqa_oracle,,False,,1.0,True,0.6730116670092565,0.6520057413074194,0.021005925701837125,0.6980116670092565,0.7020057413074194,0.0,0.4854752972273344,0.4703227248076732,0.01515257241966122,0.03121182994521284,mixed,1.0,1.0,1.0,"{""value_trap"": 0.0, ""genuine_opportunity"": 0.0, ""mixed"": 0.6, ""insufficient_data"": 0.4}",0.6931471805599453,0.6108643020548935,10,10,0.0,False,1.52,2.4849066497880004,0.0,0.0,,qwen3.6:27b-q8_0,fintradebench,none,committed
hqa_FTB_01c97f78,FT,category_choice,1,10,hedgeqa_oracle,,False,,1.0,True,0.6881388137135884,0.683079423784601,0.005059389928987468,0.7131388137135884,0.733079423784601,0.0,0.49638722699390414,0.49273764861366726,0.0036495783802368924,0.007352281005171213,insufficient_data,1.0,1.0,1.0,"{""value_trap"": 0.0, ""genuine_opportunity"": 0.0, ""mixed"": 0.45, ""insufficient_data"": 0.55}",0.6931471805599453,0.6730116670092565,10,10,0.0,False,1.5050000000000001,2.4849066497880004,0.0,0.0,,qwen3.6:27b-q8_0,fintradebench,none,committed
hqa_FTB_06c86cd6,FT,category_choice,0,10,hedgeqa_oracle,,False,,1.0,True,0.4227090878059908,0.41274269846481804,0.009966389341172777,0.44770908780599084,0.4627426984648181,0.0,0.3049201523582002,0.2977309221191609,0.007189230239039294,0.0235774191487149,reinvestment_opportunity,0.15000000000000002,0.2,0.1,"{""reinvestment_opportunity"": 0.85, ""cash_flow_weakness"": 0.0, ""mixed"": 0.15, ""insufficient_data"": 0.0}",0.5004024235381879,0.3250829733914482,10,10,0.8500000000000001,True,0.044999999999999984,0.4307829160924542,0.8,0.9,,qwen3.6:27b-q8_0,fintradebench,none,committed
hqa_FTB_06c86cd6,FT,category_choice,1,10,hedgeqa_oracle,,False,,1.0,True,-0.0,0.0,-0.0,0.0,0.0,0.0,-0.0,0.0,-0.0,0.0,reinvestment_opportunity,0.0,0.0,0.0,"{""reinvestment_opportunity"": 1.0, ""cash_flow_weakness"": 0.0, ""mixed"": 0.0, ""insufficient_data"": 0.0}",-0.0,-0.0,10,10,1.0,True,0.0,0.2876820724517809,1.0,1.0,,qwen3.6:27b-q8_0,fintradebench,none,committed
hqa_FTB_10de0142,F,valuation_judgment,0,10,hedgeqa_oracle,,False,,1.0,True,0.9985793315873921,0.7650277188013808,0.23355161278601133,1.0485793315873921,0.8400277188013808,0.2085516127860113,0.7203227248076732,0.5518508480286742,0.168471876778999,0.23388388423255857,insufficient_data,0.5,0.8,0.2,"{""undervalued"": 0.15, ""fairly_priced"": 0.35, ""overvalued"": 0.0, ""insufficient_data"": 0.5}",0.5004024235381879,1.0296530140645737,10,10,0.15,False,1.0949999999999998,1.69644928942373,0.0,0.3,,qwen3.6:27b-q8_0,fintradebench,none,committed
hqa_FTB_10de0142,F,valuation_judgment,1,10,hedgeqa_oracle,,False,,1.0,True,0.9142855814670989,0.6399271129168338,0.27435846855026513,0.9892855814670989,0.7149271129168338,0.27435846855026513,0.659517637169433,0.4616098361677539,0.19790780100167907,0.30007961856952686,insufficient_data,0.7,0.4,1.0,"{""undervalued"": 0.15, ""fairly_priced"": 0.1, ""overvalued"": 0.05, ""insufficient_data"": 0.7}",1.2798542258336676,-0.0,10,10,0.15,False,1.2249999999999999,1.69644928942373,0.3,0.0,,qwen3.6:27b-q8_0,fintradebench,none,committed
hqa_FTB_124f7e99,FT,yes_no_mixed,0,10,hedgeqa_oracle,,False,,1.0,True,0.5181862130502127,0.4820574165208126,0.03612879652940015,0.5681862130502128,0.5570574165208125,0.011128796529400242,0.3737923399122869,0.3477309221191609,0.026061417793126,0.06972164758443553,insufficient_data,0.9500000000000001,1.0,0.9,"{""yes"": 0.0, ""no"": 0.05, ""mixed"": 0.1, ""insufficient_data"": 0.85}",0.3250829733914482,0.639031859650177,10,10,0.1,False,1.5350000000000001,1.8971199848858813,0.1,0.1,,qwen3.6:27b-q8_0,fintradebench,none,noncommitted
hqa_FTB_124f7e99,FT,yes_no_mixed,1,10,hedgeqa_oracle,,False,,1.0,True,-0.0,0.0,-0.0,0.0,0.0,0.0,-0.0,0.0,-0.0,0.0,insufficient_data,1.0,1.0,1.0,"{""yes"": 0.0, ""no"": 0.0, ""mixed"": 0.0, ""insufficient_data"": 1.0}",-0.0,-0.0,10,10,0.0,False,2.0,2.4849066497880004,0.0,0.0,,qwen3.6:27b-q8_0,fintradebench,none,noncommitted
hqa_FTB_13290767,F,company_choice,0,10,hedgeqa_oracle,,False,,1.0,True,0.6730116670092565,0.6730116670092565,0.0,0.6980116670092565,0.7230116670092566,0.0,0.4854752972273344,0.4854752972273344,0.0,0.0,MSFT,0.0,0.0,0.0,"{""AAPL"": 0.0, ""MSFT"": 0.6, ""GOOGL"": 0.4, ""insufficient_data"": 0.0}",0.6730116670092565,0.6730116670092565,10,10,0.4,False,0.72,1.0498221244986776,0.4,0.4,,qwen3.6:27b-q8_0,fintradebench,none,committed
hqa_FTB_13290767,F,company_choice,1,10,hedgeqa_oracle,,False,,1.0,True,-0.0,0.0,-0.0,0.0,0.0,0.0,-0.0,0.0,-0.0,0.0,MSFT,0.0,0.0,0.0,"{""AAPL"": 0.0, ""MSFT"": 1.0, ""GOOGL"": 0.0, ""insufficient_data"": 0.0}",-0.0,-0.0,10,10,0.0,False,2.0,2.4849066497880004,0.0,0.0,,qwen3.6:27b-q8_0,fintradebench,none,committed
hqa_FTB_19c171bc,FT,yes_no_mixed,0,10,hedgeqa_oracle,,False,,1.0,True,-0.0,0.0,-0.0,0.0,0.0,0.0,-0.0,0.0,-0.0,0.0,insufficient_data,1.0,1.0,1.0,"{""yes"": 0.0, ""no"": 0.0, ""mixed"": 0.0, ""insufficient_data"": 1.0}",-0.0,-0.0,10,10,0.0,False,2.0,2.4849066497880004,0.0,0.0,,qwen3.6:27b-q8_0,fintradebench,none,committed
hqa_FTB_19c171bc,FT,yes_no_mixed,1,10,hedgeqa_oracle,,False,,1.0,True,-0.0,0.0,-0.0,0.0,0.0,0.0,-0.0,0.0,-0.0,0.0,insufficient_data,1.0,1.0,1.0,"{""yes"": 0.0, ""no"": 0.0, ""mixed"": 0.0, ""insufficient_data"": 1.0}",-0.0,-0.0,10,10,0.0,False,2.0,2.4849066497880004,0.0,0.0,,qwen3.6:27b-q8_0,fintradebench,none,committed
hqa_FTB_1c185a4a,T,screening_top1,0,10,hedgeqa_oracle,,False,,1.0,True,0.6108643020548935,0.5091150769756967,0.10174922507919681,0.6358643020548935,0.5591150769756967,0.07674922507919679,0.37955133114208023,0.31633098303600626,0.06322034810607396,0.16656600285353296,TRI,0.0,0.0,0.0,"{""TRI"": 0.7, ""TEAM"": 0.3, ""WBD"": 0.0, ""AVGO"": 0.0, ""none_clear"": 0.0}",0.6931471805599453,0.3250829733914482,10,10,0.7,True,0.18000000000000002,0.6286086594223742,0.5,0.9,,qwen3.6:27b-q8_0,fintradebench,none,committed
hqa_FTB_1c185a4a,T,screening_top1,1,10,hedgeqa_oracle,,False,,1.0,True,-0.0,0.0,-0.0,0.0,0.0,0.0,-0.0,0.0,-0.0,0.0,TRI,0.0,0.0,0.0,"{""TRI"": 1.0, ""TEAM"": 0.0, ""WBD"": 0.0, ""AVGO"": 0.0, ""none_clear"": 0.0}",-0.0,-0.0,10,10,1.0,True,0.0,0.31015492830383945,1.0,1.0,,qwen3.6:27b-q8_0,fintradebench,none,committed
hqa_FTB_1f54d2f8,F,open_summary_with_canonical_claim,0,10,hedgeqa_oracle,,False,,1.0,True,-0.0,0.0,-0.0,0.0,0.0,0.0,-0.0,0.0,-0.0,0.0,claim_true,0.0,0.0,0.0,"{""claim_true"": 1.0, ""claim_false"": 0.0, ""mixed"": 0.0}",-0.0,-0.0,10,10,1.0,True,0.0,0.25131442828090605,1.0,1.0,,qwen3.6:27b-q8_0,fintradebench,none,committed
hqa_FTB_1f54d2f8,F,open_summary_with_canonical_claim,1,10,hedgeqa_oracle,,False,,1.0,True,-0.0,0.0,-0.0,0.0,0.0,0.0,-0.0,0.0,-0.0,0.0,claim_true,0.0,0.0,0.0,"{""claim_true"": 1.0, ""claim_false"": 0.0, ""mixed"": 0.0}",-0.0,-0.0,10,10,1.0,True,0.0,0.25131442828090605,1.0,1.0,,qwen3.6:27b-q8_0,fintradebench,none,committed
hqa_FTB_2aef23bd,FT,supportive_judgment,0,10,hedgeqa_oracle,,False,,1.0,True,0.7460326647147848,0.47167419616451955,0.27435846855026524,0.7960326647147848,0.5216741961645196,0.27435846855026524,0.5381488128625994,0.34024101186092026,0.19790780100167915,0.36775664327667884,conditional,0.75,1.0,0.5,"{""supportive"": 0.0, ""unsupportive"": 0.25, ""conditional"": 0.7, ""insufficient_data"": 0.05}",-0.0,0.9433483923290391,10,10,0.0,False,1.555,2.4849066497880004,0.0,0.0,,qwen3.6:27b-q8_0,fintradebench,none,committed
hqa_FTB_2aef23bd,FT,supportive_judgment,1,10,hedgeqa_oracle,,False,,1.0,True,0.8979457248567797,0.5867070452737222,0.3112386795830575,0.9479457248567797,0.6367070452737222,0.3112386795830575,0.6477309221191608,0.4232196723355078,0.22451124978365308,0.346611906452029,unsupportive,0.4,0.2,0.6,"{""supportive"": 0.0, ""unsupportive"": 0.6, ""conditional"": 0.3, ""insufficient_data"": 0.1}",0.5004024235381879,0.6730116670092565,10,10,0.0,False,1.4599999999999997,2.4849066497880004,0.0,0.0,,qwen3.6:27b-q8_0,fintradebench,none,committed
hqa_FTB_30cfebd4,FT,category_choice,0,10,hedgeqa_oracle,,False,,1.0,True,-0.0,0.0,-0.0,0.0,0.0,0.0,-0.0,0.0,-0.0,0.0,wait_for_confirmation,0.0,0.0,0.0,"{""wait_for_confirmation"": 1.0, ""buy_on_fundamentals"": 0.0, ""insufficient_data"": 0.0}",-0.0,-0.0,10,10,1.0,True,0.0,0.25131442828090605,1.0,1.0,,qwen3.6:27b-q8_0,fintradebench,none,committed
hqa_FTB_30cfebd4,FT,category_choice,1,10,hedgeqa_oracle,,False,,1.0,True,0.1985152433458726,0.1625414866957241,0.035973756650148486,0.22351524334587258,0.1875414866957241,0.035973756650148486,0.18069636157678548,0.14795163714469228,0.032744724432093204,0.18121407728610292,wait_for_confirmation,0.05,0.1,0.0,"{""wait_for_confirmation"": 0.95, ""buy_on_fundamentals"": 0.0, ""insufficient_data"": 0.05}",0.3250829733914482,-0.0,10,10,0.95,True,0.0050000000000000044,0.29511705093929896,0.9,1.0,,qwen3.6:27b-q8_0,fintradebench,none,committed
hqa_FTB_38645c6c,F,yes_no_mixed,0,10,hedgeqa_oracle,,False,,1.0,True,0.6128694524619496,0.5634507629673928,0.049418689494556745,0.6628694524619496,0.6384507629673928,0.024418689494556833,0.4420918598895945,0.4064438107590802,0.03564804913051427,0.08063493668355895,yes,0.20000000000000004,0.1,0.30000000000000004,"{""yes"": 0.8, ""no"": 0.0, ""mixed"": 0.15, ""insufficient_data"": 0.05}",0.3250829733914482,0.8018185525433373,10,10,0.8,True,0.06499999999999999,0.4834266495778762,0.9,0.7,,qwen3.6:27b-q8_0,fintradebench,none,committed
hqa_FTB_38645c6c,F,yes_no_mixed,1,10,hedgeqa_oracle,,False,,1.0,True,0.3250829733914482,0.25020121176909393,0.07488176162235427,0.3500829733914482,0.27520121176909396,0.07488176162235427,0.23449779679464058,0.18048202372184058,0.054015773072800005,0.23034661225454434,yes,0.1,0.2,0.0,"{""yes"": 0.9, ""no"": 0.0, ""mixed"": 0.1, ""insufficient_data"": 0.0}",0.5004024235381879,-0.0,10,10,0.9,True,0.019999999999999997,0.380772495517793,0.8,1.0,,qwen3.6:27b-q8_0,fintradebench,none,committed
hqa_FTB_3a7f797e,F,yes_no_mixed,0,10,hedgeqa_oracle,,False,,1.0,True,-0.0,0.0,-0.0,0.0,0.0,0.0,-0.0,0.0,-0.0,0.0,no,0.0,0.0,0.0,"{""yes"": 0.0, ""no"": 1.0, ""mixed"": 0.0, ""insufficient_data"": 0.0}",-0.0,-0.0,10,10,1.0,True,0.0,0.2876820724517809,1.0,1.0,,qwen3.6:27b-q8_0,fintradebench,none,committed
hqa_FTB_3a7f797e,F,yes_no_mixed,1,10,hedgeqa_oracle,,False,,1.0,True,-0.0,0.0,-0.0,0.0,0.0,0.0,-0.0,0.0,-0.0,0.0,no,0.0,0.0,0.0,"{""yes"": 0.0, ""no"": 1.0, ""mixed"": 0.0, ""insufficient_data"": 0.0}",-0.0,-0.0,10,10,1.0,True,0.0,0.2876820724517809,1.0,1.0,,qwen3.6:27b-q8_0,fintradebench,none,committed
hqa_FTB_3ba66418,F,graded_judgment,0,10,hedgeqa_oracle,,False,,1.0,True,0.9376369622724492,0.706991474368336,0.2306454879041132,0.9876369622724492,0.781991474368336,0.2056454879041132,0.6763620978123273,0.5099865470109876,0.16637555080133976,0.2459859169215372,sound,0.4,0.7,0.1,"{""sound"": 0.6, ""mixed"": 0.25, ""weak"": 0.0, ""insufficient_data"": 0.15}",1.0888999753452238,0.3250829733914482,10,10,0.6,True,0.24500000000000002,0.7270487322356266,0.3,0.9,,qwen3.6:27b-q8_0,fintradebench,none,committed
hqa_FTB_3ba66418,F,graded_judgment,1,10,hedgeqa_oracle,,False,,1.0,True,0.6931471805599453,0.0,0.6931471805599453,0.7181471805599453,0.0,0.7181471805599453,0.5,0.0,0.5,1.0,sound,0.5,0.0,1.0,"{""sound"": 0.5, ""mixed"": 0.5, ""weak"": 0.0, ""insufficient_data"": 0.0}",-0.0,-0.0,10,10,0.5,True,0.5,0.8754687373538999,1.0,0.0,,qwen3.6:27b-q8_0,fintradebench,none,committed
hqa_FTB_46b2b9ab,FT,yes_no_mixed,0,10,hedgeqa_oracle,,False,,1.0,True,0.9972715231823841,0.683079423784601,0.31419209939778314,1.0472715231823841,0.733079423784601,0.31419209939778314,0.7193793404575043,0.49273764861366726,0.226641691843837,0.31505171068674215,mixed,0.75,0.5,1.0,"{""yes"": 0.25, ""no"": 0.0, ""mixed"": 0.55, ""insufficient_data"": 0.2}",0.6931471805599453,0.6730116670092565,10,10,0.25,False,0.905,1.3862943611198906,0.5,0.0,,qwen3.6:27b-q8_0,fintradebench,none,committed
hqa_FTB_46b2b9ab,FT,yes_no_mixed,1,10,hedgeqa_oracle,,False,,1.0,True,0.6108643020548935,0.33650583350462826,0.27435846855026524,0.6358643020548935,0.3615058335046283,0.27435846855026524,0.44064544961534635,0.2427376486136672,0.19790780100167915,0.4491316117627886,mixed,0.7,0.4,1.0,"{""yes"": 0.3, ""no"": 0.0, ""mixed"": 0.7, ""insufficient_data"": 0.0}",0.6730116670092565,-0.0,10,10,0.3,False,0.9799999999999999,1.2611312181658845,0.6,0.0,,qwen3.6:27b-q8_0,fintradebench,none,committed
hqa_FTB_47429988,FT,category_choice,0,10,hedgeqa_oracle,,False,,1.0,True,0.6128694524619495,0.46797363772317085,0.1448958147387786,0.6628694524619495,0.5179736377231708,0.14489581473877866,0.44209185988959443,0.33757162320499345,0.10452023668460093,0.2364219886579754,mixed,0.8500000000000001,1.0,0.7,"{""attractive_stability"": 0.0, ""underperformance_ahead"": 0.15, ""mixed"": 0.8, ""insufficient_data"": 0.05}",0.3250829733914482,0.6108643020548935,10,10,0.15,False,1.365,1.69644928942373,0.0,0.3,,qwen3.6:27b-q8_0,fintradebench,none,committed
hqa_FTB_47429988,FT,category_choice,1,10,hedgeqa_oracle,,False,,1.0,True,-0.0,0.0,-0.0,0.0,0.0,0.0,-0.0,0.0,-0.0,0.0,mixed,1.0,1.0,1.0,"{""attractive_stability"": 0.0, ""underperformance_ahead"": 0.0, ""mixed"": 1.0, ""insufficient_data"": 0.0}",-0.0,-0.0,10,10,0.0,False,2.0,2.4849066497880004,0.0,0.0,,qwen3.6:27b-q8_0,fintradebench,none,committed
hqa_FTB_48b061cd,FT,yes_no_mixed,0,10,hedgeqa_oracle,,False,,1.0,True,0.5181862130502127,0.4820574165208126,0.03612879652940015,0.5681862130502128,0.5570574165208125,0.011128796529400242,0.3737923399122869,0.3477309221191609,0.026061417793126,0.06972164758443553,insufficient_data,0.9500000000000001,0.9,1.0,"{""yes"": 0.0, ""no"": 0.05, ""mixed"": 0.1, ""insufficient_data"": 0.85}",0.639031859650177,0.3250829733914482,10,10,0.05,False,1.6350000000000002,2.1484344131667874,0.1,0.0,,qwen3.6:27b-q8_0,fintradebench,none,committed
hqa_FTB_48b061cd,FT,yes_no_mixed,1,10,hedgeqa_oracle,,False,,1.0,True,0.4227090878059908,0.41274269846481804,0.009966389341172777,0.44770908780599084,0.4627426984648181,0.0,0.3049201523582002,0.2977309221191609,0.007189230239039294,0.0235774191487149,insufficient_data,0.8500000000000001,0.8,0.9,"{""yes"": 0.0, ""no"": 0.15, ""mixed"": 0.0, ""insufficient_data"": 0.85}",0.5004024235381879,0.3250829733914482,10,10,0.15000000000000002,False,1.445,1.69644928942373,0.2,0.1,,qwen3.6:27b-q8_0,fintradebench,none,committed
hqa_FTB_495324ab,FT,yes_no_mixed,0,10,hedgeqa_oracle,,False,,1.0,True,-0.0,0.0,-0.0,0.0,0.0,0.0,-0.0,0.0,-0.0,0.0,yes,0.0,0.0,0.0,"{""yes"": 1.0, ""no"": 0.0, ""mixed"": 0.0, ""insufficient_data"": 0.0}",-0.0,-0.0,10,10,1.0,True,0.0,0.2876820724517809,1.0,1.0,,qwen3.6:27b-q8_0,fintradebench,none,committed
hqa_FTB_495324ab,FT,yes_no_mixed,1,10,hedgeqa_oracle,,False,,1.0,True,0.3250829733914482,0.3250829733914482,0.0,0.3500829733914482,0.3750829733914482,0.0,0.23449779679464058,0.23449779679464058,0.0,0.0,yes,0.1,0.1,0.1,"{""yes"": 0.9, ""no"": 0.0, ""mixed"": 0.1, ""insufficient_data"": 0.0}",0.3250829733914482,0.3250829733914482,10,10,0.9,True,0.019999999999999997,0.380772495517793,0.9,0.9,,qwen3.6:27b-q8_0,fintradebench,none,committed
hqa_FTB_4fb8ad99,FT,yes_no_mixed,0,10,hedgeqa_oracle,,False,,1.0,True,0.6108643020548935,0.6108643020548935,0.0,0.6358643020548935,0.6608643020548935,0.0,0.44064544961534635,0.44064544961534635,0.0,0.0,insufficient_data,0.7,0.7,0.7,"{""yes"": 0.0, ""no"": 0.3, ""mixed"": 0.0, ""insufficient_data"": 0.7}",0.6108643020548935,0.6108643020548935,10,10,0.0,False,1.58,2.4849066497880004,0.0,0.0,,qwen3.6:27b-q8_0,fintradebench,none,committed
hqa_FTB_4fb8ad99,FT,yes_no_mixed,1,10,hedgeqa_oracle,,False,,1.0,True,0.1985152433458726,0.1625414866957241,0.035973756650148486,0.22351524334587258,0.1875414866957241,0.035973756650148486,0.1431984785579781,0.11724889839732029,0.025949580160657796,0.18121407728610292,insufficient_data,0.95,0.9,1.0,"{""yes"": 0.0, ""no"": 0.05, ""mixed"": 0.0, ""insufficient_data"": 0.95}",0.3250829733914482,-0.0,10,10,0.0,False,1.9049999999999998,2.4849066497880004,0.0,0.0,,qwen3.6:27b-q8_0,fintradebench,none,committed
hqa_FTB_54b6da2c,FT,category_choice,0,10,hedgeqa_oracle,,False,,1.0,True,0.5181862130502127,0.4820574165208126,0.03612879652940015,0.5681862130502128,0.5570574165208125,0.011128796529400242,0.3737923399122869,0.3477309221191609,0.026061417793126,0.06972164758443553,insufficient_data,0.9500000000000001,1.0,0.9,"{""buying_opportunity"": 0.0, ""structural_challenges"": 0.05, ""mixed"": 0.1, ""insufficient_data"": 0.85}",0.3250829733914482,0.639031859650177,10,10,0.0,False,1.735,2.4849066497880004,0.0,0.0,,qwen3.6:27b-q8_0,fintradebench,none,committed
hqa_FTB_54b6da2c,FT,category_choice,1,10,hedgeqa_oracle,,False,,1.0,True,-0.0,0.0,-0.0,0.0,0.0,0.0,-0.0,0.0,-0.0,0.0,insufficient_data,1.0,1.0,1.0,"{""buying_opportunity"": 0.0, ""structural_challenges"": 0.0, ""mixed"": 0.0, ""insufficient_data"": 1.0}",-0.0,-0.0,10,10,0.0,False,2.0,2.4849066497880004,0.0,0.0,,qwen3.6:27b-q8_0,fintradebench,none,committed
hqa_FTB_54bc7248,FT,open_summary_with_canonical_claim,0,10,hedgeqa_oracle,,False,,1.0,True,0.5181862130502127,0.41274269846481804,0.1054435145853947,0.5681862130502128,0.4627426984648181,0.1054435145853947,0.4716734178155152,0.3756945946464899,0.09597882316902531,0.20348575845875916,mixed,0.8500000000000001,0.8,0.9,"{""claim_true"": 0.1, ""claim_false"": 0.05, ""mixed"": 0.85}",0.5004024235381879,0.3250829733914482,10,10,0.1,False,1.5350000000000001,1.7272209480904839,0.2,0.0,,qwen3.6:27b-q8_0,fintradebench,none,committed
hqa_FTB_54bc7248,FT,open_summary_with_canonical_claim,1,10,hedgeqa_oracle,,False,,1.0,True,-0.0,0.0,-0.0,0.0,0.0,0.0,-0.0,0.0,-0.0,0.0,mixed,1.0,1.0,1.0,"{""claim_true"": 0.0, ""claim_false"": 0.0, ""mixed"": 1.0}",-0.0,-0.0,10,10,0.0,False,2.0,2.1972245773362196,0.0,0.0,,qwen3.6:27b-q8_0,fintradebench,none,committed
hqa_FTB_5895e72d,T,screening_top1,0,10,hedgeqa_oracle,,False,,1.0,True,-0.0,0.0,-0.0,0.0,0.0,0.0,-0.0,0.0,-0.0,0.0,MRVL,0.0,0.0,0.0,"{""IDXX"": 0.0, ""SHOP"": 0.0, ""MRVL"": 1.0, ""AXON"": 0.0, ""none_clear"": 0.0}",-0.0,-0.0,10,10,0.0,False,2.0,2.70805020110221,0.0,0.0,,qwen3.6:27b-q8_0,fintradebench,none,committed
hqa_FTB_5895e72d,T,screening_top1,1,10,hedgeqa_oracle,,False,,1.0,True,-0.0,0.0,-0.0,0.0,0.0,0.0,-0.0,0.0,-0.0,0.0,MRVL,0.0,0.0,0.0,"{""IDXX"": 0.0, ""SHOP"": 0.0, ""MRVL"": 1.0, ""AXON"": 0.0, ""none_clear"": 0.0}",-0.0,-0.0,10,10,0.0,False,2.0,2.70805020110221,0.0,0.0,,qwen3.6:27b-q8_0,fintradebench,none,committed
hqa_FTB_599b11e3,T,screening_top1,0,10,hedgeqa_oracle,,False,,1.0,True,-0.0,0.0,-0.0,0.0,0.0,0.0,-0.0,0.0,-0.0,0.0,NVDA,0.0,0.0,0.0,"{""TSLA"": 0.0, ""INTC"": 0.0, ""LRCX"": 0.0, ""NVDA"": 1.0, ""none_clear"": 0.0}",-0.0,-0.0,10,10,0.0,False,2.0,2.70805020110221,0.0,0.0,,qwen3.6:27b-q8_0,fintradebench,none,committed
hqa_FTB_599b11e3,T,screening_top1,1,10,hedgeqa_oracle,,False,,1.0,True,0.6128694524619495,0.46797363772317085,0.1448958147387786,0.6628694524619495,0.5179736377231708,0.14489581473877866,0.38079720113903054,0.29076836957034985,0.09002883156868065,0.2364219886579754,NVDA,0.05,0.1,0.0,"{""TSLA"": 0.0, ""INTC"": 0.0, ""LRCX"": 0.15, ""NVDA"": 0.8, ""none_clear"": 0.05}",0.3250829733914482,0.6108643020548935,10,10,0.0,False,1.665,2.70805020110221,0.0,0.0,,qwen3.6:27b-q8_0,fintradebench,none,committed
hqa_FTB_5a0e1efb,F,graded_judgment,0,10,hedgeqa_oracle,,False,,1.0,True,-0.0,0.0,-0.0,0.0,0.0,0.0,-0.0,0.0,-0.0,0.0,insufficient_data,1.0,1.0,1.0,"{""more_efficient"": 0.0, ""similar"": 0.0, ""less_efficient"": 0.0, ""insufficient_data"": 1.0}",-0.0,-0.0,10,10,0.0,False,2.0,2.4849066497880004,0.0,0.0,,qwen3.6:27b-q8_0,fintradebench,none,committed
hqa_FTB_5a0e1efb,F,graded_judgment,1,10,hedgeqa_oracle,,False,,1.0,True,-0.0,0.0,-0.0,0.0,0.0,0.0,-0.0,0.0,-0.0,0.0,insufficient_data,1.0,1.0,1.0,"{""more_efficient"": 0.0, ""similar"": 0.0, ""less_efficient"": 0.0, ""insufficient_data"": 1.0}",-0.0,-0.0,10,10,0.0,False,2.0,2.4849066497880004,0.0,0.0,,qwen3.6:27b-q8_0,fintradebench,none,committed
hqa_FTB_5d6ed0fa,FT,yes_no_mixed,0,10,hedgeqa_oracle,,False,,1.0,True,0.8556886672556694,0.7544050134558367,0.10128365379983273,0.9056886672556694,0.8294050134558366,0.07628365379983282,0.6172488983973203,0.5441881858672536,0.07306071253006664,0.11836507561174747,no,0.49999999999999994,0.7,0.3,"{""yes"": 0.0, ""no"": 0.5, ""mixed"": 0.05, ""insufficient_data"": 0.45}",0.8979457248567797,0.6108643020548935,10,10,0.5,True,0.45499999999999996,0.8754687373538999,0.3,0.7,,qwen3.6:27b-q8_0,fintradebench,none,committed
hqa_FTB_5d6ed0fa,FT,yes_no_mixed,1,10,hedgeqa_oracle,,False,,1.0,True,0.6881388137135884,0.5556333627965406,0.1325054509170478,0.7131388137135884,0.6056333627965407,0.10750545091704777,0.49638722699390414,0.4008047485295137,0.0955824784643904,0.19255628119851723,insufficient_data,0.55,0.3,0.8,"{""yes"": 0.0, ""no"": 0.45, ""mixed"": 0.0, ""insufficient_data"": 0.55}",0.6108643020548935,0.5004024235381879,10,10,0.44999999999999996,False,0.6050000000000001,0.9588503462929511,0.7,0.2,,qwen3.6:27b-q8_0,fintradebench,none,committed
hqa_FTB_5db8c06c,T,screening_top1,0,10,hedgeqa_oracle,,False,,1.0,True,1.3308239368722867,1.0592764947048985,0.27154744216738824,1.4308239368722868,1.1842764947048985,0.24654744216738833,0.8268874037269073,0.6581654915180031,0.16872191220890415,0.20404460322947096,LRCX,0.3,0.1,0.5,"{""MU"": 0.1, ""WBD"": 0.05, ""APP"": 0.1, ""LRCX"": 0.45, ""none_clear"": 0.3}",1.0888999753452235,1.0296530140645737,10,10,0.1,False,1.115,2.0149030205422647,0.0,0.2,,qwen3.6:27b-q8_0,fintradebench,none,committed
hqa_FTB_5db8c06c,T,screening_top1,1,10,hedgeqa_oracle,,False,,1.0,True,1.122372129066931,1.0592764947048985,0.06309563436203258,1.197372129066931,1.1842764947048985,0.013095634362032538,0.6973690133653339,0.6581654915180031,0.03920352184733071,0.056216323203326764,none_clear,0.55,0.5,0.6,"{""MU"": 0.05, ""WBD"": 0.0, ""APP"": 0.2, ""LRCX"": 0.2, ""none_clear"": 0.55}",1.0296530140645737,1.0888999753452235,10,10,0.05,False,1.2850000000000001,2.3025850929940455,0.0,0.1,,qwen3.6:27b-q8_0,fintradebench,none,committed
hqa_FTB_624fddfe,F,open_summary_with_canonical_claim,0,10,hedgeqa_oracle,,False,,1.0,True,0.6128694524619496,0.4489728624283899,0.16389659003355966,0.6628694524619496,0.4989728624283899,0.16389659003355972,0.5578578164321782,0.40867271107325503,0.14918510535892315,0.26742496199667465,claim_true,0.05000000000000001,0.1,0.0,"{""claim_true"": 0.8, ""claim_false"": 0.15, ""mixed"": 0.05}",0.8979457248567798,-0.0,10,10,0.8,True,0.06499999999999999,0.43936665978384565,0.6,1.0,,qwen3.6:27b-q8_0,fintradebench,none,committed
hqa_FTB_624fddfe,F,open_summary_with_canonical_claim,1,10,hedgeqa_oracle,,False,,1.0,True,0.4227090878059908,0.41274269846481804,0.009966389341172777,0.44770908780599084,0.4627426984648181,0.0,0.3847663931726609,0.3756945946464899,0.009071798526171062,0.0235774191487149,claim_true,0.0,0.0,0.0,"{""claim_true"": 0.85, ""claim_false"": 0.15, ""mixed"": 0.0}",0.3250829733914482,0.5004024235381879,10,10,0.8500000000000001,True,0.044999999999999984,0.3889358061569538,0.9,0.8,,qwen3.6:27b-q8_0,fintradebench,none,committed
hqa_FTB_664ec26b,F,graded_judgment,0,10,hedgeqa_oracle,,False,,1.0,True,0.7083465777061715,0.5634507629673928,0.14489581473877866,0.7833465777061714,0.6384507629673928,0.14489581473877866,0.5109640474436812,0.4064438107590802,0.10452023668460098,0.20455497252205648,moderate,0.05,0.0,0.1,"{""efficient"": 0.05, ""moderate"": 0.8, ""inefficient"": 0.1, ""insufficient_data"": 0.05}",0.8018185525433373,0.3250829733914482,10,10,0.8,True,0.054999999999999986,0.4834266495778762,0.7,0.9,,qwen3.6:27b-q8_0,fintradebench,none,committed
hqa_FTB_664ec26b,F,graded_judgment,1,10,hedgeqa_oracle,,False,,1.0,True,-0.0,0.0,-0.0,0.0,0.0,0.0,-0.0,0.0,-0.0,0.0,moderate,0.0,0.0,0.0,"{""efficient"": 0.0, ""moderate"": 1.0, ""inefficient"": 0.0, ""insufficient_data"": 0.0}",-0.0,-0.0,10,10,1.0,True,0.0,0.2876820724517809,1.0,1.0,,qwen3.6:27b-q8_0,fintradebench,none,committed
hqa_FTB_6b974835,F,yes_no_mixed,0,10,hedgeqa_oracle,,False,,1.0,True,-0.0,0.0,-0.0,0.0,0.0,0.0,-0.0,0.0,-0.0,0.0,no,0.0,0.0,0.0,"{""yes"": 0.0, ""no"": 1.0, ""mixed"": 0.0, ""insufficient_data"": 0.0}",-0.0,-0.0,10,10,0.0,False,2.0,2.4849066497880004,0.0,0.0,,qwen3.6:27b-q8_0,fintradebench,none,noncommitted
hqa_FTB_6b974835,F,yes_no_mixed,1,10,hedgeqa_oracle,,False,,1.0,True,-0.0,0.0,-0.0,0.0,0.0,0.0,-0.0,0.0,-0.0,0.0,no,0.0,0.0,0.0,"{""yes"": 0.0, ""no"": 1.0, ""mixed"": 0.0, ""insufficient_data"": 0.0}",-0.0,-0.0,10,10,0.0,False,2.0,2.4849066497880004,0.0,0.0,,qwen3.6:27b-q8_0,fintradebench,none,noncommitted
hqa_FTB_6f71b24d,FT,supportive_judgment,0,10,hedgeqa_oracle,,False,,1.0,True,1.0549201679861442,0.8639659174977004,0.19095425048844383,1.1049201679861442,0.9389659174977004,0.1659542504884438,0.7609640474436813,0.6232196723355078,0.13774437510817342,0.18101298684333422,unsupportive,0.6000000000000001,0.8,0.4,"{""supportive"": 0.0, ""unsupportive"": 0.4, ""conditional"": 0.4, ""insufficient_data"": 0.2}",1.0549201679861442,0.6730116670092565,10,10,0.4,True,0.56,1.0498221244986776,0.2,0.6,,qwen3.6:27b-q8_0,fintradebench,none,committed
hqa_FTB_6f71b24d,FT,supportive_judgment,1,10,hedgeqa_oracle,,False,,1.0,True,0.6931471805599453,0.0,0.6931471805599453,0.7181471805599453,0.0,0.7181471805599453,0.5,0.0,0.5,1.0,unsupportive,0.5,0.0,1.0,"{""supportive"": 0.0, ""unsupportive"": 0.5, ""conditional"": 0.5, ""insufficient_data"": 0.0}",-0.0,-0.0,10,10,0.5,True,0.5,0.8754687373538999,1.0,0.0,,qwen3.6:27b-q8_0,fintradebench,none,committed
hqa_FTB_6fa9f26d,FT,category_choice,0,10,hedgeqa_oracle,,False,,1.0,True,0.3250829733914482,0.25020121176909393,0.07488176162235427,0.3500829733914482,0.27520121176909396,0.07488176162235427,0.23449779679464058,0.18048202372184058,0.054015773072800005,0.23034661225454434,hold,0.1,0.2,0.0,"{""hold"": 0.9, ""sell"": 0.0, ""conditional"": 0.1, ""insufficient_data"": 0.0}",0.5004024235381879,-0.0,10,10,0.9,True,0.019999999999999997,0.380772495517793,0.8,1.0,,qwen3.6:27b-q8_0,fintradebench,none,committed
hqa_FTB_6fa9f26d,FT,category_choice,1,10,hedgeqa_oracle,,False,,1.0,True,0.5623351446188083,0.5556333627965406,0.006701781822267661,0.5873351446188083,0.6056333627965407,0.0,0.4056390622295664,0.4008047485295137,0.004834313700052677,0.01191777161075468,hold,0.25,0.3,0.2,"{""hold"": 0.75, ""sell"": 0.0, ""conditional"": 0.25, ""insufficient_data"": 0.0}",0.6108643020548935,0.5004024235381879,10,10,0.75,True,0.125,0.5389965007326869,0.7,0.8,,qwen3.6:27b-q8_0,fintradebench,none,committed
hqa_FTB_7199c7e7,FT,yes_no_mixed,0,10,hedgeqa_oracle,,False,,1.0,True,0.1985152433458726,0.1625414866957241,0.035973756650148486,0.22351524334587258,0.1875414866957241,0.035973756650148486,0.1431984785579781,0.11724889839732029,0.025949580160657796,0.18121407728610292,no,0.05,0.1,0.0,"{""yes"": 0.0, ""no"": 0.95, ""mixed"": 0.05, ""insufficient_data"": 0.0}",0.3250829733914482,-0.0,10,10,0.95,True,0.0050000000000000044,0.33314444652853825,0.9,1.0,,qwen3.6:27b-q8_0,fintradebench,none,committed
hqa_FTB_7199c7e7,FT,yes_no_mixed,1,10,hedgeqa_oracle,,False,,1.0,True,-0.0,0.0,-0.0,0.0,0.0,0.0,-0.0,0.0,-0.0,0.0,no,0.0,0.0,0.0,"{""yes"": 0.0, ""no"": 1.0, ""mixed"": 0.0, ""insufficient_data"": 0.0}",-0.0,-0.0,10,10,1.0,True,0.0,0.2876820724517809,1.0,1.0,,qwen3.6:27b-q8_0,fintradebench,none,committed
hqa_FTB_74433c22,FT,yes_no_mixed,0,10,hedgeqa_oracle,,False,,1.0,True,1.2750380490437343,1.0592764947048987,0.2157615543388356,1.3500380490437343,1.1592764947048988,0.19076155433883546,0.9197455351500672,0.7641064729205008,0.15563906222956636,0.1692196985812734,no,0.4,0.6,0.2,"{""yes"": 0.15, ""no"": 0.45, ""mixed"": 0.15, ""insufficient_data"": 0.25}",1.0888999753452238,1.0296530140645737,10,10,0.15,False,1.0099999999999998,1.69644928942373,0.0,0.3,,qwen3.6:27b-q8_0,fintradebench,none,committed
hqa_FTB_74433c22,FT,yes_no_mixed,1,10,hedgeqa_oracle,,False,,1.0,True,0.1985152433458726,0.1625414866957241,0.035973756650148486,0.22351524334587258,0.1875414866957241,0.035973756650148486,0.1431984785579781,0.11724889839732029,0.025949580160657796,0.18121407728610292,no,0.0,0.0,0.0,"{""yes"": 0.05, ""no"": 0.95, ""mixed"": 0.0, ""insufficient_data"": 0.0}",0.3250829733914482,-0.0,10,10,0.05,False,1.805,2.1484344131667874,0.1,0.0,,qwen3.6:27b-q8_0,fintradebench,none,committed
hqa_FTB_77a9fd58,FT,supportive_judgment,0,10,hedgeqa_oracle,,False,,1.0,True,0.5181862130502127,0.4820574165208126,0.03612879652940015,0.5681862130502128,0.5570574165208125,0.011128796529400242,0.3737923399122869,0.3477309221191609,0.026061417793126,0.06972164758443553,conditional,0.8500000000000001,0.8,0.9,"{""supportive"": 0.05, ""unsupportive"": 0.1, ""conditional"": 0.85, ""insufficient_data"": 0.0}",0.639031859650177,0.3250829733914482,10,10,0.8500000000000001,True,0.034999999999999976,0.4307829160924542,0.8,0.9,,qwen3.6:27b-q8_0,fintradebench,none,noncommitted
hqa_FTB_77a9fd58,FT,supportive_judgment,1,10,hedgeqa_oracle,,False,,1.0,True,0.1985152433458726,0.1625414866957241,0.035973756650148486,0.22351524334587258,0.1875414866957241,0.035973756650148486,0.1431984785579781,0.11724889839732029,0.025949580160657796,0.18121407728610292,conditional,0.95,1.0,0.9,"{""supportive"": 0.05, ""unsupportive"": 0.0, ""conditional"": 0.95, ""insufficient_data"": 0.0}",-0.0,0.3250829733914482,10,10,0.95,True,0.0050000000000000044,0.33314444652853825,1.0,0.9,,qwen3.6:27b-q8_0,fintradebench,none,noncommitted
hqa_FTB_7b872c89,T,screening_top1,0,10,hedgeqa_oracle,,False,,1.0,True,-0.0,0.0,-0.0,0.0,0.0,0.0,-0.0,0.0,-0.0,0.0,TSLA,0.0,0.0,0.0,"{""NVDA"": 0.0, ""TSLA"": 1.0, ""MRVL"": 0.0, ""INTC"": 0.0, ""none_clear"": 0.0}",-0.0,-0.0,10,10,0.0,False,2.0,2.70805020110221,0.0,0.0,,qwen3.6:27b-q8_0,fintradebench,none,noncommitted
hqa_FTB_7b872c89,T,screening_top1,1,10,hedgeqa_oracle,,False,,1.0,True,-0.0,0.0,-0.0,0.0,0.0,0.0,-0.0,0.0,-0.0,0.0,TSLA,0.0,0.0,0.0,"{""NVDA"": 0.0, ""TSLA"": 1.0, ""MRVL"": 0.0, ""INTC"": 0.0, ""none_clear"": 0.0}",-0.0,-0.0,10,10,0.0,False,2.0,2.70805020110221,0.0,0.0,,qwen3.6:27b-q8_0,fintradebench,none,noncommitted
hqa_FTB_7c1b95b5,FT,category_choice,0,10,hedgeqa_oracle,,False,,1.0,True,0.7460326647147848,0.7063414272991154,0.03969123741566938,0.7960326647147848,0.7813414272991155,0.014691237415669356,0.5381488128625994,0.5095176371694331,0.028631175693166346,0.05320308250958918,value_trap,0.3,0.30000000000000004,0.3,"{""contrarian_value_play"": 0.0, ""value_trap"": 0.7, ""mixed"": 0.25, ""insufficient_data"": 0.05}",0.8018185525433373,0.6108643020548935,10,10,0.0,False,1.555,2.4849066497880004,0.0,0.0,,qwen3.6:27b-q8_0,fintradebench,none,committed
hqa_FTB_7c1b95b5,FT,category_choice,1,10,hedgeqa_oracle,,False,,1.0,True,0.1985152433458726,0.1625414866957241,0.035973756650148486,0.22351524334587258,0.1875414866957241,0.035973756650148486,0.1431984785579781,0.11724889839732029,0.025949580160657796,0.18121407728610292,value_trap,0.05,0.0,0.1,"{""contrarian_value_play"": 0.0, ""value_trap"": 0.95, ""mixed"": 0.05, ""insufficient_data"": 0.0}",-0.0,0.3250829733914482,10,10,0.0,False,1.9049999999999998,2.4849066497880004,0.0,0.0,,qwen3.6:27b-q8_0,fintradebench,none,committed
hqa_FTB_7d9b0eea,F,yes_no_mixed,0,10,hedgeqa_oracle,,False,,1.0,True,1.094056456831614,1.0161241838371315,0.07793227299448247,1.169056456831614,1.1411241838371315,0.02793227299448242,0.78919491236176,0.7329786604745876,0.05621625188717237,0.07123240533690027,mixed,0.85,0.8,0.9,"{""yes"": 0.1, ""no"": 0.05, ""mixed"": 0.5, ""insufficient_data"": 0.35}",1.0888999753452238,0.9433483923290393,10,10,0.1,False,1.185,1.8971199848858813,0.1,0.1,,qwen3.6:27b-q8_0,fintradebench,none,committed
hqa_FTB_7d9b0eea,F,yes_no_mixed,1,10,hedgeqa_oracle,,False,,1.0,True,0.3250829733914482,0.25020121176909393,0.07488176162235427,0.3500829733914482,0.27520121176909396,0.07488176162235427,0.23449779679464058,0.18048202372184058,0.054015773072800005,0.23034661225454434,mixed,1.0,1.0,1.0,"{""yes"": 0.0, ""no"": 0.0, ""mixed"": 0.9, ""insufficient_data"": 0.1}",0.5004024235381879,-0.0,10,10,0.0,False,1.82,2.4849066497880004,0.0,0.0,,qwen3.6:27b-q8_0,fintradebench,none,committed
hqa_FTB_7dbce4b0,F,open_summary_with_canonical_claim,0,10,hedgeqa_oracle,,False,,1.0,True,1.0296530140645737,0.8343424368573753,0.19531057720719835,1.0796530140645737,0.9343424368573754,0.1453105772071983,0.9372305632161295,0.7594512144670081,0.17777934874912144,0.18968582089242508,claim_true,0.3,0.5,0.1,"{""claim_true"": 0.5, ""claim_false"": 0.2, ""mixed"": 0.3}",1.0296530140645737,0.639031859650177,10,10,0.5,True,0.38,0.8109302162163288,0.2,0.8,,qwen3.6:27b-q8_0,fintradebench,none,committed
hqa_FTB_7dbce4b0,F,open_summary_with_canonical_claim,1,10,hedgeqa_oracle,,False,,1.0,True,0.926506603289533,0.40090927627166867,0.5255973270178644,0.9765066032895331,0.45090927627166866,0.5255973270178644,0.8433426540429225,0.3649233495810488,0.4784193044618738,0.5672893481295733,claim_true,0.35,0.0,0.7,"{""claim_true"": 0.55, ""claim_false"": 0.1, ""mixed"": 0.35}",-0.0,0.8018185525433373,10,10,0.55,True,0.33499999999999996,0.7386095546367025,1.0,0.1,,qwen3.6:27b-q8_0,fintradebench,none,committed
hqa_FTB_7ffcdb70,FT,supportive_judgment,0,10,hedgeqa_oracle,,False,,1.0,True,-0.0,0.0,-0.0,0.0,0.0,0.0,-0.0,0.0,-0.0,0.0,unsupportive,0.0,0.0,0.0,"{""supportive"": 0.0, ""unsupportive"": 1.0, ""conditional"": 0.0, ""insufficient_data"": 0.0}",-0.0,-0.0,10,10,1.0,True,0.0,0.2876820724517809,1.0,1.0,,qwen3.6:27b-q8_0,fintradebench,none,committed
hqa_FTB_7ffcdb70,FT,supportive_judgment,1,10,hedgeqa_oracle,,False,,1.0,True,-0.0,0.0,-0.0,0.0,0.0,0.0,-0.0,0.0,-0.0,0.0,unsupportive,0.0,0.0,0.0,"{""supportive"": 0.0, ""unsupportive"": 1.0, ""conditional"": 0.0, ""insufficient_data"": 0.0}",-0.0,-0.0,10,10,1.0,True,0.0,0.2876820724517809,1.0,1.0,,qwen3.6:27b-q8_0,fintradebench,none,committed
hqa_FTB_8315fbdd,T,screening_top1,0,10,hedgeqa_oracle,,False,,1.0,True,1.0627375681569962,0.8639659174977004,0.1987716506592958,1.1377375681569961,0.9639659174977004,0.17377165065929567,0.6603159773648682,0.5368122068101686,0.12350377055469959,0.18703738026689545,KDP,0.05,0.1,0.0,"{""CMCSA"": 0.2, ""TEAM"": 0.0, ""KDP"": 0.6, ""TRI"": 0.15, ""none_clear"": 0.05}",0.639031859650177,1.0888999753452238,10,10,0.2,False,1.0250000000000001,1.6094379124341003,0.1,0.3,,qwen3.6:27b-q8_0,fintradebench,none,committed
hqa_FTB_8315fbdd,T,screening_top1,1,10,hedgeqa_oracle,,False,,1.0,True,1.094056456831614,0.6511104880407625,0.44294596879085146,1.169056456831614,0.7261104880407626,0.44294596879085135,0.6797754970099917,0.40455769247788415,0.2752178045321076,0.40486573249942,KDP,0.0,0.0,0.0,"{""CMCSA"": 0.35, ""TEAM"": 0.1, ""KDP"": 0.5, ""TRI"": 0.05, ""none_clear"": 0.0}",0.5004024235381879,0.8018185525433373,10,10,0.35000000000000003,False,0.6849999999999998,1.2039728043259361,0.0,0.7,,qwen3.6:27b-q8_0,fintradebench,none,committed
hqa_FTB_8647404c,FT,supportive_judgment,0,10,hedgeqa_oracle,,False,,1.0,True,0.8237197315118312,0.611514349124114,0.21220538238771725,0.8737197315118312,0.686514349124114,0.18720538238771722,0.5941881858672536,0.44111435945690075,0.15307382641035291,0.2576184280522717,unsupportive,0.4,0.7,0.1,"{""supportive"": 0.0, ""unsupportive"": 0.6, ""conditional"": 0.35, ""insufficient_data"": 0.05}",0.8979457248567798,0.3250829733914482,10,10,0.35,False,0.7849999999999999,1.1499055830556604,0.6,0.1,,qwen3.6:27b-q8_0,fintradebench,none,noncommitted
hqa_FTB_8647404c,FT,supportive_judgment,1,10,hedgeqa_oracle,,False,,1.0,True,0.5623351446188083,0.49904732020035236,0.06328782441845593,0.5873351446188083,0.5490473202003524,0.03828782441845591,0.4056390622295664,0.3599865470109875,0.04565251521857891,0.11254467202357951,unsupportive,0.25,0.1,0.4,"{""supportive"": 0.0, ""unsupportive"": 0.75, ""conditional"": 0.25, ""insufficient_data"": 0.0}",0.3250829733914482,0.6730116670092565,10,10,0.25,False,1.125,1.3862943611198906,0.1,0.4,,qwen3.6:27b-q8_0,fintradebench,none,noncommitted
hqa_FTB_869351e8,F,open_summary_with_canonical_claim,0,10,hedgeqa_oracle,,False,,1.0,True,0.1985152433458726,0.1625414866957241,0.035973756650148486,0.22351524334587258,0.1875414866957241,0.035973756650148486,0.18069636157678548,0.14795163714469228,0.032744724432093204,0.18121407728610292,claim_true,0.0,0.0,0.0,"{""claim_true"": 0.95, ""claim_false"": 0.05, ""mixed"": 0.0}",0.3250829733914482,-0.0,10,10,0.95,True,0.0050000000000000044,0.29511705093929913,0.9,1.0,,qwen3.6:27b-q8_0,fintradebench,none,committed
hqa_FTB_869351e8,F,open_summary_with_canonical_claim,1,10,hedgeqa_oracle,,False,,1.0,True,-0.0,0.0,-0.0,0.0,0.0,0.0,-0.0,0.0,-0.0,0.0,claim_true,0.0,0.0,0.0,"{""claim_true"": 1.0, ""claim_false"": 0.0, ""mixed"": 0.0}",-0.0,-0.0,10,10,1.0,True,0.0,0.25131442828090605,1.0,1.0,,qwen3.6:27b-q8_0,fintradebench,none,committed
hqa_FTB_88541c51,FT,supportive_judgment,0,10,hedgeqa_oracle,,False,,1.0,True,0.3250829733914482,0.25020121176909393,0.07488176162235427,0.3500829733914482,0.27520121176909396,0.07488176162235427,0.23449779679464058,0.18048202372184058,0.054015773072800005,0.23034661225454434,unsupportive,0.1,0.2,0.0,"{""supportive"": 0.0, ""unsupportive"": 0.9, ""conditional"": 0.0, ""insufficient_data"": 0.1}",0.5004024235381879,-0.0,10,10,0.9,True,0.019999999999999997,0.380772495517793,0.8,1.0,,qwen3.6:27b-q8_0,fintradebench,none,committed
hqa_FTB_88541c51,FT,supportive_judgment,1,10,hedgeqa_oracle,,False,,1.0,True,-0.0,0.0,-0.0,0.0,0.0,0.0,-0.0,0.0,-0.0,0.0,unsupportive,0.0,0.0,0.0,"{""supportive"": 0.0, ""unsupportive"": 1.0, ""conditional"": 0.0, ""insufficient_data"": 0.0}",-0.0,-0.0,10,10,1.0,True,0.0,0.2876820724517809,1.0,1.0,,qwen3.6:27b-q8_0,fintradebench,none,committed
hqa_FTB_8c3f38fa,FT,yes_no_mixed,0,10,hedgeqa_oracle,,False,,1.0,True,0.3250829733914482,0.25020121176909393,0.07488176162235427,0.3500829733914482,0.27520121176909396,0.07488176162235427,0.23449779679464058,0.18048202372184058,0.054015773072800005,0.23034661225454434,mixed,0.9,1.0,0.8,"{""yes"": 0.0, ""no"": 0.1, ""mixed"": 0.9, ""insufficient_data"": 0.0}",-0.0,0.5004024235381879,10,10,0.9,True,0.019999999999999997,0.38077249551779285,1.0,0.8,,qwen3.6:27b-q8_0,fintradebench,none,noncommitted
hqa_FTB_8c3f38fa,FT,yes_no_mixed,1,10,hedgeqa_oracle,,False,,1.0,True,0.3250829733914482,0.25020121176909393,0.07488176162235427,0.3500829733914482,0.27520121176909396,0.07488176162235427,0.23449779679464058,0.18048202372184058,0.054015773072800005,0.23034661225454434,mixed,0.9,1.0,0.8,"{""yes"": 0.0, ""no"": 0.1, ""mixed"": 0.9, ""insufficient_data"": 0.0}",-0.0,0.5004024235381879,10,10,0.9,True,0.019999999999999997,0.38077249551779285,1.0,0.8,,qwen3.6:27b-q8_0,fintradebench,none,noncommitted
hqa_FTB_8ed2e330,F,category_choice,0,10,hedgeqa_oracle,,False,,1.0,True,1.161120818283116,0.9865007031968065,0.1746201150863096,1.236120818283116,1.0865007031968064,0.14962011508630968,0.8375716232049935,0.711609836167754,0.12596178703723945,0.150389272448418,mixed,0.5,0.5,0.5,"{""productive"": 0.35, ""aging"": 0.15, ""mixed"": 0.45, ""insufficient_data"": 0.05}",1.2798542258336676,0.6931471805599453,10,10,0.15,False,1.0499999999999998,1.69644928942373,0.3,0.0,,qwen3.6:27b-q8_0,fintradebench,none,committed
hqa_FTB_8ed2e330,F,category_choice,1,10,hedgeqa_oracle,,False,,1.0,True,0.6108643020548935,0.33650583350462826,0.27435846855026524,0.6358643020548935,0.3615058335046283,0.27435846855026524,0.44064544961534635,0.2427376486136672,0.19790780100167915,0.4491316117627886,mixed,0.7,0.4,1.0,"{""productive"": 0.3, ""aging"": 0.0, ""mixed"": 0.7, ""insufficient_data"": 0.0}",0.6730116670092565,-0.0,10,10,0.0,False,1.58,2.4849066497880004,0.0,0.0,,qwen3.6:27b-q8_0,fintradebench,none,committed
hqa_FTB_90f40b4c,F,open_summary_with_canonical_claim,0,10,hedgeqa_oracle,,False,,1.0,True,0.6730116670092565,0.6520057413074194,0.021005925701837125,0.6980116670092565,0.7020057413074194,0.0,0.6126016192893442,0.5934812017239232,0.01912041756542103,0.03121182994521284,mixed,0.6,0.7,0.5,"{""claim_true"": 0.0, ""claim_false"": 0.4, ""mixed"": 0.6}",0.6108643020548935,0.6931471805599453,10,10,0.6,True,0.32000000000000006,0.6711682738411702,0.7,0.5,,qwen3.6:27b-q8_0,fintradebench,none,noncommitted
hqa_FTB_90f40b4c,F,open_summary_with_canonical_claim,1,10,hedgeqa_oracle,,False,,1.0,True,0.6881388137135884,0.1625414866957241,0.5255973270178643,0.7131388137135884,0.1875414866957241,0.5255973270178643,0.626370941606566,0.14795163714469228,0.47841930446187375,0.7637954966984672,claim_false,0.45,0.0,0.9,"{""claim_true"": 0.0, ""claim_false"": 0.55, ""mixed"": 0.45}",-0.0,0.3250829733914482,10,10,0.45,False,0.6050000000000001,0.8888917576860408,0.0,0.9,,qwen3.6:27b-q8_0,fintradebench,none,noncommitted
hqa_FTB_9175a3ca,T,screening_top1,0,10,hedgeqa_oracle,,False,,1.0,True,-0.0,0.0,-0.0,0.0,0.0,0.0,-0.0,0.0,-0.0,0.0,TRI,0.0,0.0,0.0,"{""INTC"": 0.0, ""ASML"": 0.0, ""TRI"": 1.0, ""MRVL"": 0.0, ""none_clear"": 0.0}",-0.0,-0.0,10,10,0.0,False,2.0,2.70805020110221,0.0,0.0,,qwen3.6:27b-q8_0,fintradebench,none,committed
hqa_FTB_9175a3ca,T,screening_top1,1,10,hedgeqa_oracle,,False,,1.0,True,-0.0,0.0,-0.0,0.0,0.0,0.0,-0.0,0.0,-0.0,0.0,TRI,0.0,0.0,0.0,"{""INTC"": 0.0, ""ASML"": 0.0, ""TRI"": 1.0, ""MRVL"": 0.0, ""none_clear"": 0.0}",-0.0,-0.0,10,10,0.0,False,2.0,2.70805020110221,0.0,0.0,,qwen3.6:27b-q8_0,fintradebench,none,committed
hqa_FTB_9216ec7b,F,open_summary_with_canonical_claim,0,10,hedgeqa_oracle,,False,,1.0,True,-0.0,0.0,-0.0,0.0,0.0,0.0,-0.0,0.0,-0.0,0.0,claim_true,0.0,0.0,0.0,"{""claim_true"": 1.0, ""claim_false"": 0.0, ""mixed"": 0.0}",-0.0,-0.0,10,10,1.0,True,0.0,0.25131442828090605,1.0,1.0,,qwen3.6:27b-q8_0,fintradebench,none,committed
hqa_FTB_9216ec7b,F,open_summary_with_canonical_claim,1,10,hedgeqa_oracle,,False,,1.0,True,-0.0,0.0,-0.0,0.0,0.0,0.0,-0.0,0.0,-0.0,0.0,claim_true,0.0,0.0,0.0,"{""claim_true"": 1.0, ""claim_false"": 0.0, ""mixed"": 0.0}",-0.0,-0.0,10,10,1.0,True,0.0,0.25131442828090605,1.0,1.0,,qwen3.6:27b-q8_0,fintradebench,none,committed
hqa_FTB_921c1811,FT,yes_no_mixed,0,10,hedgeqa_oracle,,False,,1.0,True,0.6874357505033553,0.611514349124114,0.0759214013792413,0.7374357505033553,0.686514349124114,0.05092140137924128,0.4958800740904867,0.44111435945690075,0.05476571463358597,0.11044145045358787,mixed,0.8,0.7,0.9,"{""yes"": 0.0, ""no"": 0.2, ""mixed"": 0.75, ""insufficient_data"": 0.05}",0.8979457248567798,0.3250829733914482,10,10,0.75,True,0.10500000000000001,0.5389965007326869,0.6,0.9,,qwen3.6:27b-q8_0,fintradebench,none,noncommitted
hqa_FTB_921c1811,FT,yes_no_mixed,1,10,hedgeqa_oracle,,False,,1.0,True,-0.0,0.0,-0.0,0.0,0.0,0.0,-0.0,0.0,-0.0,0.0,mixed,1.0,1.0,1.0,"{""yes"": 0.0, ""no"": 0.0, ""mixed"": 1.0, ""insufficient_data"": 0.0}",-0.0,-0.0,10,10,1.0,True,0.0,0.2876820724517809,1.0,1.0,,qwen3.6:27b-q8_0,fintradebench,none,noncommitted
hqa_FTB_94705863,F,open_summary_with_canonical_claim,0,10,hedgeqa_oracle,,False,,1.0,True,0.1985152433458726,0.1625414866957241,0.035973756650148486,0.22351524334587258,0.1875414866957241,0.035973756650148486,0.18069636157678548,0.14795163714469228,0.032744724432093204,0.18121407728610292,claim_true,0.05,0.0,0.1,"{""claim_true"": 0.95, ""claim_false"": 0.0, ""mixed"": 0.05}",-0.0,0.3250829733914482,10,10,0.95,True,0.0050000000000000044,0.29511705093929896,1.0,0.9,,qwen3.6:27b-q8_0,fintradebench,none,committed
hqa_FTB_94705863,F,open_summary_with_canonical_claim,1,10,hedgeqa_oracle,,False,,1.0,True,-0.0,0.0,-0.0,0.0,0.0,0.0,-0.0,0.0,-0.0,0.0,claim_true,0.0,0.0,0.0,"{""claim_true"": 1.0, ""claim_false"": 0.0, ""mixed"": 0.0}",-0.0,-0.0,10,10,1.0,True,0.0,0.25131442828090605,1.0,1.0,,qwen3.6:27b-q8_0,fintradebench,none,committed
hqa_FTB_9a70a1f9,F,category_choice,0,10,hedgeqa_oracle,,False,,1.0,True,0.4227090878059908,0.41274269846481804,0.009966389341172777,0.44770908780599084,0.4627426984648181,0.0,0.3049201523582002,0.2977309221191609,0.007189230239039294,0.0235774191487149,growth,0.15000000000000002,0.1,0.2,"{""growth"": 0.85, ""value"": 0.0, ""mixed"": 0.0, ""insufficient_data"": 0.15}",0.3250829733914482,0.5004024235381879,10,10,0.8500000000000001,True,0.044999999999999984,0.4307829160924542,0.9,0.8,,qwen3.6:27b-q8_0,fintradebench,none,committed
hqa_FTB_9a70a1f9,F,category_choice,1,10,hedgeqa_oracle,,False,,1.0,True,-0.0,0.0,-0.0,0.0,0.0,0.0,-0.0,0.0,-0.0,0.0,growth,0.0,0.0,0.0,"{""growth"": 1.0, ""value"": 0.0, ""mixed"": 0.0, ""insufficient_data"": 0.0}",-0.0,-0.0,10,10,1.0,True,0.0,0.2876820724517809,1.0,1.0,,qwen3.6:27b-q8_0,fintradebench,none,committed
hqa_FTB_a0c0d5cc,FT,supportive_judgment,0,10,hedgeqa_oracle,,False,,1.0,True,0.1985152433458726,0.1625414866957241,0.035973756650148486,0.22351524334587258,0.1875414866957241,0.035973756650148486,0.1431984785579781,0.11724889839732029,0.025949580160657796,0.18121407728610292,unsupportive,0.05,0.0,0.1,"{""supportive"": 0.0, ""unsupportive"": 0.95, ""conditional"": 0.0, ""insufficient_data"": 0.05}",-0.0,0.3250829733914482,10,10,0.95,True,0.0050000000000000044,0.33314444652853825,1.0,0.9,,qwen3.6:27b-q8_0,fintradebench,none,committed
hqa_FTB_a0c0d5cc,FT,supportive_judgment,1,10,hedgeqa_oracle,,False,,1.0,True,-0.0,0.0,-0.0,0.0,0.0,0.0,-0.0,0.0,-0.0,0.0,unsupportive,0.0,0.0,0.0,"{""supportive"": 0.0, ""unsupportive"": 1.0, ""conditional"": 0.0, ""insufficient_data"": 0.0}",-0.0,-0.0,10,10,1.0,True,0.0,0.2876820724517809,1.0,1.0,,qwen3.6:27b-q8_0,fintradebench,none,committed
hqa_FTB_a14e5de6,F,premise_check,0,10,hedgeqa_oracle,,False,,1.0,True,0.1985152433458726,0.1625414866957241,0.035973756650148486,0.22351524334587258,0.1875414866957241,0.035973756650148486,0.18069636157678548,0.14795163714469228,0.032744724432093204,0.18121407728610292,premise_false,0.05,0.0,0.1,"{""premise_false"": 0.95, ""premise_true_explained"": 0.0, ""insufficient_data"": 0.05}",-0.0,0.3250829733914482,10,10,0.95,True,0.0050000000000000044,0.29511705093929896,1.0,0.9,,qwen3.6:27b-q8_0,fintradebench,none,committed
hqa_FTB_a14e5de6,F,premise_check,1,10,hedgeqa_oracle,,False,,1.0,True,-0.0,0.0,-0.0,0.0,0.0,0.0,-0.0,0.0,-0.0,0.0,premise_false,0.0,0.0,0.0,"{""premise_false"": 1.0, ""premise_true_explained"": 0.0, ""insufficient_data"": 0.0}",-0.0,-0.0,10,10,1.0,True,0.0,0.25131442828090605,1.0,1.0,,qwen3.6:27b-q8_0,fintradebench,none,committed
hqa_FTB_a32e1559,FT,yes_no_mixed,0,10,hedgeqa_oracle,,False,,1.0,True,0.1985152433458726,0.1625414866957241,0.035973756650148486,0.22351524334587258,0.1875414866957241,0.035973756650148486,0.1431984785579781,0.11724889839732029,0.025949580160657796,0.18121407728610292,mixed,1.0,1.0,1.0,"{""yes"": 0.0, ""no"": 0.0, ""mixed"": 0.95, ""insufficient_data"": 0.05}",0.3250829733914482,-0.0,10,10,0.0,False,1.9049999999999998,2.4849066497880004,0.0,0.0,,qwen3.6:27b-q8_0,fintradebench,none,committed
hqa_FTB_a32e1559,FT,yes_no_mixed,1,10,hedgeqa_oracle,,False,,1.0,True,0.3250829733914482,0.25020121176909393,0.07488176162235427,0.3500829733914482,0.27520121176909396,0.07488176162235427,0.23449779679464058,0.18048202372184058,0.054015773072800005,0.23034661225454434,mixed,0.9,0.8,1.0,"{""yes"": 0.1, ""no"": 0.0, ""mixed"": 0.9, ""insufficient_data"": 0.0}",0.5004024235381879,-0.0,10,10,0.1,False,1.62,1.897119984885881,0.2,0.0,,qwen3.6:27b-q8_0,fintradebench,none,committed
hqa_FTB_a5c1c626,T,screening_top1,0,10,hedgeqa_oracle,,False,,1.0,True,-0.0,0.0,-0.0,0.0,0.0,0.0,-0.0,0.0,-0.0,0.0,APP,0.0,0.0,0.0,"{""APP"": 1.0, ""LRCX"": 0.0, ""MNST"": 0.0, ""INTC"": 0.0, ""none_clear"": 0.0}",-0.0,-0.0,10,10,1.0,True,0.0,0.31015492830383945,1.0,1.0,,qwen3.6:27b-q8_0,fintradebench,none,committed
hqa_FTB_a5c1c626,T,screening_top1,1,10,hedgeqa_oracle,,False,,1.0,True,-0.0,0.0,-0.0,0.0,0.0,0.0,-0.0,0.0,-0.0,0.0,APP,0.0,0.0,0.0,"{""APP"": 1.0, ""LRCX"": 0.0, ""MNST"": 0.0, ""INTC"": 0.0, ""none_clear"": 0.0}",-0.0,-0.0,10,10,1.0,True,0.0,0.31015492830383945,1.0,1.0,,qwen3.6:27b-q8_0,fintradebench,none,committed
hqa_FTB_a6d883cc,FT,supportive_judgment,0,10,hedgeqa_oracle,,False,,1.0,True,0.5004024235381879,0.5004024235381879,0.0,0.5254024235381879,0.5504024235381879,0.0,0.36096404744368116,0.36096404744368116,0.0,0.0,conditional,0.8,0.8,0.8,"{""supportive"": 0.2, ""unsupportive"": 0.0, ""conditional"": 0.8, ""insufficient_data"": 0.0}",0.5004024235381879,0.5004024235381879,10,10,0.2,False,1.2800000000000002,1.529395204760564,0.2,0.2,,qwen3.6:27b-q8_0,fintradebench,none,committed
hqa_FTB_a6d883cc,FT,supportive_judgment,1,10,hedgeqa_oracle,,False,,1.0,True,0.1985152433458726,0.1625414866957241,0.035973756650148486,0.22351524334587258,0.1875414866957241,0.035973756650148486,0.1431984785579781,0.11724889839732029,0.025949580160657796,0.18121407728610292,conditional,0.95,1.0,0.9,"{""supportive"": 0.05, ""unsupportive"": 0.0, ""conditional"": 0.95, ""insufficient_data"": 0.0}",-0.0,0.3250829733914482,10,10,0.05,False,1.805,2.1484344131667874,0.0,0.1,,qwen3.6:27b-q8_0,fintradebench,none,committed
hqa_FTB_a6f3790c,FT,category_choice,0,10,hedgeqa_oracle,,False,,1.0,True,0.42270908780599087,0.30543215102744675,0.11727693677854412,0.4477090878059909,0.3304321510274468,0.11727693677854412,0.30492015235820025,0.22032272480767318,0.08459742755052704,0.2774412478029577,take_profits,0.15,0.3,0.0,"{""sustainable"": 0.0, ""take_profits"": 0.85, ""mixed"": 0.15, ""insufficient_data"": 0.0}",0.6108643020548935,-0.0,10,10,0.85,True,0.045000000000000005,0.4307829160924542,0.7,1.0,,qwen3.6:27b-q8_0,fintradebench,none,committed
hqa_FTB_a6f3790c,FT,category_choice,1,10,hedgeqa_oracle,,False,,1.0,True,1.080527626604172,1.0592764947048987,0.02125113189927319,1.130527626604172,1.1592764947048988,0.0,0.7794359242226802,0.7641064729205008,0.015329451302179345,0.0196673656240148,mixed,0.4,0.3,0.5,"{""sustainable"": 0.35, ""take_profits"": 0.25, ""mixed"": 0.4, ""insufficient_data"": 0.0}",1.0888999753452238,1.0296530140645737,10,10,0.25,False,0.845,1.3862943611198906,0.3,0.2,,qwen3.6:27b-q8_0,fintradebench,none,committed
hqa_FTB_a809667e,FT,category_choice,0,10,hedgeqa_oracle,,False,,1.0,True,-0.0,0.0,-0.0,0.0,0.0,0.0,-0.0,0.0,-0.0,0.0,insufficient_data,1.0,1.0,1.0,"{""exposure_limits"": 0.0, ""diversification_offsets"": 0.0, ""mixed"": 0.0, ""insufficient_data"": 1.0}",-0.0,-0.0,10,10,0.0,False,2.0,2.4849066497880004,0.0,0.0,,qwen3.6:27b-q8_0,fintradebench,none,committed
hqa_FTB_a809667e,FT,category_choice,1,10,hedgeqa_oracle,,False,,1.0,True,-0.0,0.0,-0.0,0.0,0.0,0.0,-0.0,0.0,-0.0,0.0,insufficient_data,1.0,1.0,1.0,"{""exposure_limits"": 0.0, ""diversification_offsets"": 0.0, ""mixed"": 0.0, ""insufficient_data"": 1.0}",-0.0,-0.0,10,10,0.0,False,2.0,2.4849066497880004,0.0,0.0,,qwen3.6:27b-q8_0,fintradebench,none,committed
hqa_FTB_b1c0ad1d,F,category_choice,0,10,hedgeqa_oracle,,False,,1.0,True,-0.0,0.0,-0.0,0.0,0.0,0.0,-0.0,0.0,-0.0,0.0,smart_allocation,0.0,0.0,0.0,"{""red_flag"": 0.0, ""smart_allocation"": 1.0, ""mixed"": 0.0, ""insufficient_data"": 0.0}",-0.0,-0.0,10,10,1.0,True,0.0,0.2876820724517809,1.0,1.0,,qwen3.6:27b-q8_0,fintradebench,none,committed
hqa_FTB_b1c0ad1d,F,category_choice,1,10,hedgeqa_oracle,,False,,1.0,True,-0.0,0.0,-0.0,0.0,0.0,0.0,-0.0,0.0,-0.0,0.0,smart_allocation,0.0,0.0,0.0,"{""red_flag"": 0.0, ""smart_allocation"": 1.0, ""mixed"": 0.0, ""insufficient_data"": 0.0}",-0.0,-0.0,10,10,1.0,True,0.0,0.2876820724517809,1.0,1.0,,qwen3.6:27b-q8_0,fintradebench,none,committed
hqa_FTB_b538ab74,FT,yes_no_mixed,0,10,hedgeqa_oracle,,False,,1.0,True,1.0126631103850339,0.9206470585929096,0.09201605179212424,1.0876631103850338,1.0206470585929095,0.06701605179212433,0.7304820237218407,0.6641064729205008,0.06637555080133983,0.09086541303665933,mixed,0.9,0.9,0.8999999999999999,"{""yes"": 0.05, ""no"": 0.05, ""mixed"": 0.5, ""insufficient_data"": 0.4}",0.9433483923290393,0.8979457248567798,10,10,0.5,True,0.41500000000000004,0.8754687373538999,0.4,0.6,,qwen3.6:27b-q8_0,fintradebench,none,noncommitted
hqa_FTB_b538ab74,FT,yes_no_mixed,1,10,hedgeqa_oracle,,False,,1.0,True,0.7909873504355756,0.6342156828602437,0.1567716675753319,0.8409873504355756,0.7092156828602437,0.13177166757533187,0.5705767639396527,0.45748991025824054,0.11308685368141222,0.1981974395532393,insufficient_data,0.95,0.9,1.0,"{""yes"": 0.0, ""no"": 0.05, ""mixed"": 0.3, ""insufficient_data"": 0.65}",0.9433483923290392,0.3250829733914482,10,10,0.3,False,0.915,1.2611312181658847,0.5,0.1,,qwen3.6:27b-q8_0,fintradebench,none,noncommitted
hqa_FTB_b6b11beb,FT,yes_no_mixed,0,10,hedgeqa_oracle,,False,,1.0,True,0.8864644756797976,0.8498821387000586,0.036582336979739005,0.9364644756797976,0.9498821387000584,0.0,0.6394489514937396,0.6130603734213403,0.0263885780723992,0.041267685263625856,insufficient_data,0.8499999999999999,0.7999999999999999,0.8999999999999999,"{""yes"": 0.0, ""no"": 0.15, ""mixed"": 0.2, ""insufficient_data"": 0.65}",0.8018185525433373,0.8979457248567797,10,10,0.2,False,1.085,1.529395204760564,0.1,0.3,,qwen3.6:27b-q8_0,fintradebench,none,noncommitted
hqa_FTB_b6b11beb,FT,yes_no_mixed,1,10,hedgeqa_oracle,,False,,1.0,True,-0.0,0.0,-0.0,0.0,0.0,0.0,-0.0,0.0,-0.0,0.0,insufficient_data,1.0,1.0,1.0,"{""yes"": 0.0, ""no"": 0.0, ""mixed"": 0.0, ""insufficient_data"": 1.0}",-0.0,-0.0,10,10,0.0,False,2.0,2.4849066497880004,0.0,0.0,,qwen3.6:27b-q8_0,fintradebench,none,noncommitted
hqa_FTB_bcda6815,F,yes_no_mixed,0,10,hedgeqa_oracle,,False,,1.0,True,-0.0,0.0,-0.0,0.0,0.0,0.0,-0.0,0.0,-0.0,0.0,yes,0.0,0.0,0.0,"{""yes"": 1.0, ""no"": 0.0, ""mixed"": 0.0, ""insufficient_data"": 0.0}",-0.0,-0.0,10,10,0.0,False,2.0,2.4849066497880004,0.0,0.0,,qwen3.6:27b-q8_0,fintradebench,none,noncommitted
hqa_FTB_bcda6815,F,yes_no_mixed,1,10,hedgeqa_oracle,,False,,1.0,True,-0.0,0.0,-0.0,0.0,0.0,0.0,-0.0,0.0,-0.0,0.0,yes,0.0,0.0,0.0,"{""yes"": 1.0, ""no"": 0.0, ""mixed"": 0.0, ""insufficient_data"": 0.0}",-0.0,-0.0,10,10,0.0,False,2.0,2.4849066497880004,0.0,0.0,,qwen3.6:27b-q8_0,fintradebench,none,noncommitted
hqa_FTB_bd71b8fa,F,yes_no_mixed,0,10,hedgeqa_oracle,,False,,1.0,True,0.7460326647147848,0.6991740741974839,0.0468585905173009,0.7960326647147848,0.7741740741974839,0.02185859051730099,0.5381488128625994,0.5043474847814211,0.03380132808117831,0.0628103737725953,mixed,0.95,0.8999999999999999,1.0,"{""yes"": 0.05, ""no"": 0.0, ""mixed"": 0.7, ""insufficient_data"": 0.25}",0.8979457248567798,0.5004024235381879,10,10,0.7,True,0.15500000000000003,0.5978370007556204,0.6,0.8,,qwen3.6:27b-q8_0,fintradebench,none,noncommitted
hqa_FTB_bd71b8fa,F,yes_no_mixed,1,10,hedgeqa_oracle,,False,,1.0,True,0.926155713095467,0.5841412250882813,0.3420144880071857,1.001155713095467,0.6591412250882812,0.3420144880071857,0.6680801271869059,0.4213688243068336,0.24671130288007234,0.36928400178419163,mixed,0.7000000000000001,0.4,1.0,"{""yes"": 0.25, ""no"": 0.05, ""mixed"": 0.65, ""insufficient_data"": 0.05}",1.1682824501765625,-0.0,10,10,0.65,True,0.19,0.6603573577369546,0.3,1.0,,qwen3.6:27b-q8_0,fintradebench,none,noncommitted
hqa_FTB_be3741f7,FT,supportive_judgment,0,10,hedgeqa_oracle,,False,,1.0,True,0.926506603289533,0.40090927627166867,0.5255973270178644,0.9765066032895331,0.45090927627166866,0.5255973270178644,0.6683332409583438,0.28919491236175987,0.3791383285965839,0.5672893481295733,unsupportive,0.44999999999999996,0.8999999999999999,0.0,"{""supportive"": 0.0, ""unsupportive"": 0.55, ""conditional"": 0.35, ""insufficient_data"": 0.1}",0.8018185525433373,-0.0,10,10,0.55,True,0.33499999999999996,0.7985076962177716,0.1,1.0,,qwen3.6:27b-q8_0,fintradebench,none,committed
hqa_FTB_be3741f7,FT,supportive_judgment,1,10,hedgeqa_oracle,,False,,1.0,True,0.9745701894462542,0.641937984532075,0.3326322049141792,1.0245701894462542,0.691937984532075,0.3326322049141792,0.7030037896561643,0.4630603734213403,0.23994341623482393,0.34131169670106487,unsupportive,0.44999999999999996,0.6,0.3,"{""supportive"": 0.0, ""unsupportive"": 0.55, ""conditional"": 0.15, ""insufficient_data"": 0.3}",0.6730116670092565,0.6108643020548935,10,10,0.55,True,0.31499999999999995,0.7985076962177716,0.4,0.7,,qwen3.6:27b-q8_0,fintradebench,none,committed
hqa_FTB_be575006,FT,yes_no_mixed,0,10,hedgeqa_oracle,,False,,1.0,True,0.6108643020548935,0.33650583350462826,0.27435846855026524,0.6358643020548935,0.3615058335046283,0.27435846855026524,0.44064544961534635,0.2427376486136672,0.19790780100167915,0.4491316117627886,mixed,0.7,0.4,1.0,"{""yes"": 0.0, ""no"": 0.3, ""mixed"": 0.7, ""insufficient_data"": 0.0}",0.6730116670092565,-0.0,10,10,0.7,True,0.18000000000000002,0.5978370007556204,0.4,1.0,,qwen3.6:27b-q8_0,fintradebench,none,noncommitted
hqa_FTB_be575006,FT,yes_no_mixed,1,10,hedgeqa_oracle,,False,,1.0,True,0.4227090878059908,0.41274269846481804,0.009966389341172777,0.44770908780599084,0.4627426984648181,0.0,0.3049201523582002,0.2977309221191609,0.007189230239039294,0.0235774191487149,no,0.15000000000000002,0.2,0.1,"{""yes"": 0.0, ""no"": 0.85, ""mixed"": 0.15, ""insufficient_data"": 0.0}",0.5004024235381879,0.3250829733914482,10,10,0.15000000000000002,False,1.445,1.69644928942373,0.2,0.1,,qwen3.6:27b-q8_0,fintradebench,none,noncommitted
hqa_FTB_bfc189ce,F,company_choice,0,10,hedgeqa_oracle,,False,,1.0,True,-0.0,0.0,-0.0,0.0,0.0,0.0,-0.0,0.0,-0.0,0.0,AMD,0.0,0.0,0.0,"{""AMD"": 1.0, ""INTC"": 0.0, ""insufficient_data"": 0.0}",-0.0,-0.0,10,10,1.0,True,0.0,0.25131442828090605,1.0,1.0,,qwen3.6:27b-q8_0,fintradebench,none,committed
hqa_FTB_bfc189ce,F,company_choice,1,10,hedgeqa_oracle,,False,,1.0,True,-0.0,0.0,-0.0,0.0,0.0,0.0,-0.0,0.0,-0.0,0.0,AMD,0.0,0.0,0.0,"{""AMD"": 1.0, ""INTC"": 0.0, ""insufficient_data"": 0.0}",-0.0,-0.0,10,10,1.0,True,0.0,0.25131442828090605,1.0,1.0,,qwen3.6:27b-q8_0,fintradebench,none,committed
hqa_FTB_c14e66f4,T,screening_top1,0,10,hedgeqa_oracle,,False,,1.0,True,0.5004024235381879,0.5004024235381879,0.0,0.5254024235381879,0.5504024235381879,0.0,0.31091750708257115,0.31091750708257115,0.0,0.0,APP,0.0,0.0,0.0,"{""APP"": 0.8, ""TSLA"": 0.0, ""COST"": 0.0, ""TTD"": 0.2, ""none_clear"": 0.0}",0.5004024235381879,0.5004024235381879,10,10,0.8,True,0.07999999999999999,0.5108256237659907,0.8,0.8,,qwen3.6:27b-q8_0,fintradebench,none,committed
hqa_FTB_c14e66f4,T,screening_top1,1,10,hedgeqa_oracle,,False,,1.0,True,0.1985152433458726,0.1625414866957241,0.035973756650148486,0.22351524334587258,0.1875414866957241,0.035973756650148486,0.12334445573339317,0.10099270399930975,0.02235175173408341,0.18121407728610292,APP,0.0,0.0,0.0,"{""APP"": 0.95, ""TSLA"": 0.0, ""COST"": 0.0, ""TTD"": 0.05, ""none_clear"": 0.0}",-0.0,0.3250829733914482,10,10,0.95,True,0.0050000000000000044,0.3566749439387323,1.0,0.9,,qwen3.6:27b-q8_0,fintradebench,none,committed
hqa_FTB_c63078f2,FT,category_choice,0,10,hedgeqa_oracle,,False,,1.0,True,-0.0,0.0,-0.0,0.0,0.0,0.0,-0.0,0.0,-0.0,0.0,wait,0.0,0.0,0.0,"{""buy_now"": 0.0, ""wait"": 1.0, ""insufficient_data"": 0.0}",-0.0,-0.0,10,10,1.0,True,0.0,0.25131442828090605,1.0,1.0,,qwen3.6:27b-q8_0,fintradebench,none,committed
hqa_FTB_c63078f2,FT,category_choice,1,10,hedgeqa_oracle,,False,,1.0,True,-0.0,0.0,-0.0,0.0,0.0,0.0,-0.0,0.0,-0.0,0.0,wait,0.0,0.0,0.0,"{""buy_now"": 0.0, ""wait"": 1.0, ""insufficient_data"": 0.0}",-0.0,-0.0,10,10,1.0,True,0.0,0.25131442828090605,1.0,1.0,,qwen3.6:27b-q8_0,fintradebench,none,committed
hqa_FTB_c71bc114,F,company_choice,0,10,hedgeqa_oracle,,False,,1.0,True,-0.0,0.0,-0.0,0.0,0.0,0.0,-0.0,0.0,-0.0,0.0,AAPL,0.0,0.0,0.0,"{""NFLX"": 0.0, ""AAPL"": 1.0, ""insufficient_data"": 0.0}",-0.0,-0.0,10,10,1.0,True,0.0,0.25131442828090605,1.0,1.0,,qwen3.6:27b-q8_0,fintradebench,none,committed
hqa_FTB_c71bc114,F,company_choice,1,10,hedgeqa_oracle,,False,,1.0,True,-0.0,0.0,-0.0,0.0,0.0,0.0,-0.0,0.0,-0.0,0.0,AAPL,0.0,0.0,0.0,"{""NFLX"": 0.0, ""AAPL"": 1.0, ""insufficient_data"": 0.0}",-0.0,-0.0,10,10,1.0,True,0.0,0.25131442828090605,1.0,1.0,,qwen3.6:27b-q8_0,fintradebench,none,committed
hqa_FTB_c99d1421,F,yes_no_mixed,0,10,hedgeqa_oracle,,False,,1.0,True,0.6128694524619496,0.46797363772317085,0.14489581473877872,0.6628694524619496,0.5179736377231708,0.14489581473877877,0.4420918598895945,0.33757162320499345,0.10452023668460102,0.23642198865797553,no,0.15,0.0,0.3,"{""yes"": 0.05, ""no"": 0.8, ""mixed"": 0.0, ""insufficient_data"": 0.15}",0.3250829733914482,0.6108643020548935,10,10,0.8,True,0.06499999999999997,0.4834266495778762,0.9,0.7,,qwen3.6:27b-q8_0,fintradebench,none,committed
hqa_FTB_c99d1421,F,yes_no_mixed,1,10,hedgeqa_oracle,,False,,1.0,True,-0.0,0.0,-0.0,0.0,0.0,0.0,-0.0,0.0,-0.0,0.0,no,0.0,0.0,0.0,"{""yes"": 0.0, ""no"": 1.0, ""mixed"": 0.0, ""insufficient_data"": 0.0}",-0.0,-0.0,10,10,1.0,True,0.0,0.2876820724517809,1.0,1.0,,qwen3.6:27b-q8_0,fintradebench,none,committed
hqa_FTB_ce7df44f,F,screening_top1,0,10,hedgeqa_oracle,,False,,1.0,True,-0.0,0.0,-0.0,0.0,0.0,0.0,-0.0,0.0,-0.0,0.0,KHC,0.0,0.0,0.0,"{""KHC"": 1.0, ""CCEP"": 0.0, ""CSCO"": 0.0, ""TXN"": 0.0, ""none_clear"": 0.0}",-0.0,-0.0,10,10,1.0,True,0.0,0.31015492830383945,1.0,1.0,,qwen3.6:27b-q8_0,fintradebench,none,committed
hqa_FTB_ce7df44f,F,screening_top1,1,10,hedgeqa_oracle,,False,,1.0,True,-0.0,0.0,-0.0,0.0,0.0,0.0,-0.0,0.0,-0.0,0.0,KHC,0.0,0.0,0.0,"{""KHC"": 1.0, ""CCEP"": 0.0, ""CSCO"": 0.0, ""TXN"": 0.0, ""none_clear"": 0.0}",-0.0,-0.0,10,10,1.0,True,0.0,0.31015492830383945,1.0,1.0,,qwen3.6:27b-q8_0,fintradebench,none,committed
hqa_FTB_cf81aaf3,FT,yes_no_mixed,0,10,hedgeqa_oracle,,False,,1.0,True,0.9989315046035592,0.9298195621015971,0.06911194250196206,1.0739315046035591,1.054819562101597,0.01911194250196213,0.7205767639396528,0.6707230355827609,0.049853728356891926,0.06918586728265234,mixed,0.7000000000000001,0.6,0.8,"{""yes"": 0.15, ""no"": 0.15, ""mixed"": 0.65, ""insufficient_data"": 0.05}",1.2206072645530173,0.639031859650177,10,10,0.15000000000000002,False,1.17,1.69644928942373,0.2,0.1,,qwen3.6:27b-q8_0,fintradebench,none,committed
hqa_FTB_cf81aaf3,FT,yes_no_mixed,1,10,hedgeqa_oracle,,False,,1.0,True,0.39439769144744274,0.3250829733914482,0.06931471805599454,0.44439769144744273,0.3750829733914482,0.06931471805599454,0.2844977967946406,0.23449779679464058,0.05000000000000001,0.17574828544662358,mixed,0.9,0.9,0.9,"{""yes"": 0.05, ""no"": 0.05, ""mixed"": 0.9, ""insufficient_data"": 0.0}",0.3250829733914482,0.3250829733914482,10,10,0.05,False,1.7149999999999999,2.1484344131667874,0.1,0.0,,qwen3.6:27b-q8_0,fintradebench,none,committed
hqa_FTB_d1f8a434,FT,yes_no_mixed,0,10,hedgeqa_oracle,,False,,1.0,True,0.8451132568429529,0.7374151097762969,0.10769814706665604,0.895113256842953,0.8124151097762969,0.08269814706665601,0.6096203523184245,0.5319325609754271,0.07768779134299747,0.12743634796237677,mixed,0.6000000000000001,0.7999999999999999,0.4,"{""yes"": 0.0, ""no"": 0.4, ""mixed"": 0.55, ""insufficient_data"": 0.05}",0.8018185525433373,0.6730116670092565,10,10,0.4,False,0.665,1.0498221244986776,0.2,0.6,,qwen3.6:27b-q8_0,fintradebench,none,committed
hqa_FTB_d1f8a434,FT,yes_no_mixed,1,10,hedgeqa_oracle,,False,,1.0,True,0.6108643020548935,0.33650583350462826,0.27435846855026524,0.6358643020548935,0.3615058335046283,0.27435846855026524,0.44064544961534635,0.2427376486136672,0.19790780100167915,0.4491316117627886,no,0.3,0.0,0.6,"{""yes"": 0.0, ""no"": 0.7, ""mixed"": 0.3, ""insufficient_data"": 0.0}",-0.0,0.6730116670092565,10,10,0.7,True,0.18000000000000002,0.5978370007556205,1.0,0.4,,qwen3.6:27b-q8_0,fintradebench,none,committed
hqa_FTB_d23c5d4b,F,yes_no_mixed,0,10,hedgeqa_oracle,,False,,1.0,True,1.2798542258336676,0.9502705392332347,0.3295836866004329,1.3548542258336675,1.0502705392332348,0.3045836866004328,0.9232196723355078,0.6854752972273345,0.23774437510817345,0.2575165827074952,insufficient_data,0.7,0.6,0.8,"{""yes"": 0.1, ""no"": 0.2, ""mixed"": 0.3, ""insufficient_data"": 0.4}",0.9502705392332347,0.9502705392332347,10,10,0.2,False,0.9000000000000001,1.529395204760564,0.2,0.2,,qwen3.6:27b-q8_0,fintradebench,none,committed
hqa_FTB_d23c5d4b,F,yes_no_mixed,1,10,hedgeqa_oracle,,False,,1.0,True,0.8864644756797975,0.5444499876726119,0.3420144880071856,0.9364644756797975,0.5944499876726119,0.3420144880071856,0.6394489514937395,0.3927376486136672,0.24671130288007226,0.38581860569754595,insufficient_data,0.8,0.6,1.0,"{""yes"": 0.0, ""no"": 0.2, ""mixed"": 0.15, ""insufficient_data"": 0.65}",1.0888999753452238,-0.0,10,10,0.2,False,1.0850000000000002,1.529395204760564,0.4,0.0,,qwen3.6:27b-q8_0,fintradebench,none,committed
hqa_FTB_d25b3c9a,T,screening_top1,0,10,hedgeqa_oracle,,False,,1.0,True,0.8018185525433373,0.5274600839930721,0.27435846855026524,0.8518185525433374,0.5774600839930721,0.27435846855026524,0.44750345474037617,0.294381077958147,0.1531223767822292,0.3421702674252308,LRCX,0.0,0.0,0.0,"{""LRCX"": 0.7, ""AMAT"": 0.2, ""MU"": 0.1, ""WBD"": 0.0, ""APP"": 0.0, ""none_clear"": 0.0}",-0.0,1.0549201679861442,10,10,0.7000000000000001,True,0.13999999999999999,0.6496620686202064,1.0,0.4,,qwen3.6:27b-q8_0,fintradebench,none,committed
hqa_FTB_d25b3c9a,T,screening_top1,1,10,hedgeqa_oracle,,False,,1.0,True,0.9985793315873921,0.8614000973122595,0.13717923427513257,1.0485793315873921,0.9364000973122595,0.11217923427513266,0.5573177364133651,0.48075654802225054,0.07656118839111457,0.13737439774270666,AMAT,0.0,0.0,0.0,"{""LRCX"": 0.35, ""AMAT"": 0.5, ""MU"": 0.15, ""WBD"": 0.0, ""APP"": 0.0, ""none_clear"": 0.0}",0.6931471805599453,1.0296530140645737,10,10,0.35,False,0.6950000000000001,1.241713132308783,0.5,0.2,,qwen3.6:27b-q8_0,fintradebench,none,committed
hqa_FTB_d3935030,F,company_choice,0,10,hedgeqa_oracle,,False,,1.0,True,0.42270908780599087,0.30543215102744675,0.11727693677854412,0.4477090878059909,0.3304321510274468,0.11727693677854412,0.30492015235820025,0.22032272480767318,0.08459742755052704,0.2774412478029577,COST,0.0,0.0,0.0,"{""AMZN"": 0.0, ""WMT"": 0.15, ""COST"": 0.85, ""insufficient_data"": 0.0}",-0.0,0.6108643020548935,10,10,0.85,True,0.045000000000000005,0.4307829160924542,1.0,0.7,,qwen3.6:27b-q8_0,fintradebench,none,committed
hqa_FTB_d3935030,F,company_choice,1,10,hedgeqa_oracle,,False,,1.0,True,-0.0,0.0,-0.0,0.0,0.0,0.0,-0.0,0.0,-0.0,0.0,COST,0.0,0.0,0.0,"{""AMZN"": 0.0, ""WMT"": 0.0, ""COST"": 1.0, ""insufficient_data"": 0.0}",-0.0,-0.0,10,10,1.0,True,0.0,0.2876820724517809,1.0,1.0,,qwen3.6:27b-q8_0,fintradebench,none,committed
hqa_FTB_d78b28a8,F,yes_no_mixed,0,10,hedgeqa_oracle,,False,,1.0,True,0.8237197315118312,0.6560217633297167,0.16769796818211447,0.8737197315118312,0.7310217633297167,0.14269796818211455,0.5941881858672536,0.47321967233550777,0.12096851353174586,0.20358619778881162,no,0.39999999999999997,0.2,0.6,"{""yes"": 0.0, ""no"": 0.6, ""mixed"": 0.05, ""insufficient_data"": 0.35}",0.639031859650177,0.6730116670092565,10,10,0.6000000000000001,True,0.2849999999999999,0.7270487322356265,0.8,0.4,,qwen3.6:27b-q8_0,fintradebench,none,committed
hqa_FTB_d78b28a8,F,yes_no_mixed,1,10,hedgeqa_oracle,,False,,1.0,True,0.5004024235381879,0.33650583350462826,0.1638965900335596,0.5254024235381879,0.3615058335046283,0.1638965900335596,0.36096404744368116,0.2427376486136672,0.11822639883001398,0.3275295688512027,no,0.2,0.4,0.0,"{""yes"": 0.0, ""no"": 0.8, ""mixed"": 0.0, ""insufficient_data"": 0.2}",0.6730116670092565,-0.0,10,10,0.8,True,0.07999999999999999,0.4834266495778762,0.6,1.0,,qwen3.6:27b-q8_0,fintradebench,none,committed
hqa_FTB_d83f425e,F,yes_no_mixed,0,10,hedgeqa_oracle,,False,,1.0,True,0.5623351446188083,0.34657359027997264,0.21576155433883565,0.5873351446188083,0.37157359027997267,0.21576155433883565,0.4056390622295664,0.25,0.15563906222956642,0.3836885465963443,no,0.25,0.0,0.5,"{""yes"": 0.0, ""no"": 0.75, ""mixed"": 0.25, ""insufficient_data"": 0.0}",-0.0,0.6931471805599453,10,10,0.75,True,0.125,0.5389965007326869,1.0,0.5,,qwen3.6:27b-q8_0,fintradebench,none,committed
hqa_FTB_d83f425e,F,yes_no_mixed,1,10,hedgeqa_oracle,,False,,1.0,True,0.3250829733914482,0.25020121176909393,0.07488176162235427,0.3500829733914482,0.27520121176909396,0.07488176162235427,0.23449779679464058,0.18048202372184058,0.054015773072800005,0.23034661225454434,no,0.1,0.2,0.0,"{""yes"": 0.0, ""no"": 0.9, ""mixed"": 0.1, ""insufficient_data"": 0.0}",0.5004024235381879,-0.0,10,10,0.9,True,0.019999999999999997,0.380772495517793,0.8,1.0,,qwen3.6:27b-q8_0,fintradebench,none,committed
hqa_FTB_db4e96c8,FT,yes_no_mixed,0,10,hedgeqa_oracle,,False,,1.0,True,0.7460326647147848,0.6342156828602437,0.11181698185454114,0.7960326647147848,0.7092156828602437,0.08681698185454112,0.5381488128625994,0.45748991025824054,0.08065890260435886,0.1498821528106813,mixed,0.95,0.9,1.0,"{""yes"": 0.05, ""no"": 0.0, ""mixed"": 0.7, ""insufficient_data"": 0.25}",0.9433483923290392,0.3250829733914482,10,10,0.0,False,1.555,2.4849066497880004,0.0,0.0,,qwen3.6:27b-q8_0,fintradebench,none,committed
hqa_FTB_db4e96c8,FT,yes_no_mixed,1,10,hedgeqa_oracle,,False,,1.0,True,-0.0,0.0,-0.0,0.0,0.0,0.0,-0.0,0.0,-0.0,0.0,mixed,1.0,1.0,1.0,"{""yes"": 0.0, ""no"": 0.0, ""mixed"": 1.0, ""insufficient_data"": 0.0}",-0.0,-0.0,10,10,0.0,False,2.0,2.4849066497880004,0.0,0.0,,qwen3.6:27b-q8_0,fintradebench,none,committed
hqa_FTB_dbf9cd4e,T,screening_top1,0,10,hedgeqa_oracle,,False,,1.0,True,0.639031859650177,0.47513526961661734,0.1638965900335596,0.689031859650177,0.5251352696166174,0.1638965900335596,0.35665047157556895,0.2651780430223261,0.09147242855324286,0.2564763987249102,MRVL,0.0,0.0,0.0,"{""INTC"": 0.0, ""MU"": 0.0, ""LRCX"": 0.1, ""AMAT"": 0.1, ""MRVL"": 0.8, ""none_clear"": 0.0}",0.9502705392332347,-0.0,10,10,0.0,False,1.6600000000000001,2.890371757896165,0.0,0.0,,qwen3.6:27b-q8_0,fintradebench,none,committed
hqa_FTB_dbf9cd4e,T,screening_top1,1,10,hedgeqa_oracle,,False,,1.0,True,0.6474466390346325,0.30543215102744675,0.34201448800718576,0.6724466390346325,0.3304321510274468,0.34201448800718576,0.36134684937011796,0.1704649291788235,0.1908819201912945,0.5282512370705057,MRVL,0.0,0.0,0.0,"{""INTC"": 0.35, ""MU"": 0.0, ""LRCX"": 0.0, ""AMAT"": 0.0, ""MRVL"": 0.65, ""none_clear"": 0.0}",-0.0,0.6108643020548935,10,10,0.35,False,0.8450000000000001,1.241713132308783,0.0,0.7,,qwen3.6:27b-q8_0,fintradebench,none,committed
hqa_FTB_e105af3a,T,screening_top1,0,10,hedgeqa_oracle,,False,,1.0,True,-0.0,0.0,-0.0,0.0,0.0,0.0,-0.0,0.0,-0.0,0.0,TRI,0.0,0.0,0.0,"{""INTC"": 0.0, ""MRVL"": 0.0, ""TRI"": 1.0, ""COST"": 0.0, ""none_clear"": 0.0}",-0.0,-0.0,10,10,0.0,False,2.0,2.70805020110221,0.0,0.0,,qwen3.6:27b-q8_0,fintradebench,none,committed
hqa_FTB_e105af3a,T,screening_top1,1,10,hedgeqa_oracle,,False,,1.0,True,0.1985152433458726,0.1625414866957241,0.035973756650148486,0.22351524334587258,0.1875414866957241,0.035973756650148486,0.12334445573339317,0.10099270399930975,0.02235175173408341,0.18121407728610292,TRI,0.0,0.0,0.0,"{""INTC"": 0.0, ""MRVL"": 0.0, ""TRI"": 0.95, ""COST"": 0.05, ""none_clear"": 0.0}",0.3250829733914482,-0.0,10,10,0.0,False,1.9049999999999998,2.70805020110221,0.0,0.0,,qwen3.6:27b-q8_0,fintradebench,none,committed
hqa_FTB_e67cda66,F,yes_no_mixed,0,10,hedgeqa_oracle,,False,,1.0,True,-0.0,0.0,-0.0,0.0,0.0,0.0,-0.0,0.0,-0.0,0.0,yes,0.0,0.0,0.0,"{""yes"": 1.0, ""no"": 0.0, ""mixed"": 0.0, ""insufficient_data"": 0.0}",-0.0,-0.0,10,10,1.0,True,0.0,0.2876820724517809,1.0,1.0,,qwen3.6:27b-q8_0,fintradebench,none,committed
hqa_FTB_e67cda66,F,yes_no_mixed,1,10,hedgeqa_oracle,,False,,1.0,True,-0.0,0.0,-0.0,0.0,0.0,0.0,-0.0,0.0,-0.0,0.0,yes,0.0,0.0,0.0,"{""yes"": 1.0, ""no"": 0.0, ""mixed"": 0.0, ""insufficient_data"": 0.0}",-0.0,-0.0,10,10,1.0,True,0.0,0.2876820724517809,1.0,1.0,,qwen3.6:27b-q8_0,fintradebench,none,committed
hqa_FTB_e86f8f22,F,company_choice,0,10,hedgeqa_oracle,,False,,1.0,True,0.6108643020548935,0.5867070452737222,0.02415725678117131,0.6358643020548935,0.6367070452737222,0.0,0.556032649876389,0.5340437671464697,0.021988882729919296,0.03954602798020515,insufficient_data,0.7,0.8,0.6,"{""NFLX"": 0.3, ""DIS"": 0.0, ""insufficient_data"": 0.7}",0.5004024235381879,0.6730116670092565,10,10,0.7,True,0.18000000000000005,0.5485659517488378,0.8,0.6,,qwen3.6:27b-q8_0,fintradebench,none,noncommitted
hqa_FTB_e86f8f22,F,company_choice,1,10,hedgeqa_oracle,,False,,1.0,True,0.1985152433458726,0.1625414866957241,0.035973756650148486,0.22351524334587258,0.1875414866957241,0.035973756650148486,0.18069636157678548,0.14795163714469228,0.032744724432093204,0.18121407728610292,insufficient_data,0.95,0.9,1.0,"{""NFLX"": 0.05, ""DIS"": 0.0, ""insufficient_data"": 0.95}",0.3250829733914482,-0.0,10,10,0.95,True,0.0050000000000000044,0.29511705093929896,0.9,1.0,,qwen3.6:27b-q8_0,fintradebench,none,noncommitted
hqa_FTB_e8cac668,F,yes_no_mixed,0,10,hedgeqa_oracle,,False,,1.0,True,-0.0,0.0,-0.0,0.0,0.0,0.0,-0.0,0.0,-0.0,0.0,no,0.0,0.0,0.0,"{""yes"": 0.0, ""no"": 1.0, ""mixed"": 0.0, ""insufficient_data"": 0.0}",-0.0,-0.0,10,10,1.0,True,0.0,0.2876820724517809,1.0,1.0,,qwen3.6:27b-q8_0,fintradebench,none,committed
hqa_FTB_e8cac668,F,yes_no_mixed,1,10,hedgeqa_oracle,,False,,1.0,True,-0.0,0.0,-0.0,0.0,0.0,0.0,-0.0,0.0,-0.0,0.0,no,0.0,0.0,0.0,"{""yes"": 0.0, ""no"": 1.0, ""mixed"": 0.0, ""insufficient_data"": 0.0}",-0.0,-0.0,10,10,1.0,True,0.0,0.2876820724517809,1.0,1.0,,qwen3.6:27b-q8_0,fintradebench,none,committed
hqa_FTB_eb2cbcf8,FT,category_choice,0,10,hedgeqa_oracle,,False,,1.0,True,0.1985152433458726,0.1625414866957241,0.035973756650148486,0.22351524334587258,0.1875414866957241,0.035973756650148486,0.1431984785579781,0.11724889839732029,0.025949580160657796,0.18121407728610292,insufficient_data,1.0,1.0,1.0,"{""drag"": 0.0, ""strategic_moats"": 0.0, ""mixed"": 0.05, ""insufficient_data"": 0.95}",0.3250829733914482,-0.0,10,10,0.0,False,1.9049999999999998,2.4849066497880004,0.0,0.0,,qwen3.6:27b-q8_0,fintradebench,none,committed
hqa_FTB_eb2cbcf8,FT,category_choice,1,10,hedgeqa_oracle,,False,,1.0,True,-0.0,0.0,-0.0,0.0,0.0,0.0,-0.0,0.0,-0.0,0.0,insufficient_data,1.0,1.0,1.0,"{""drag"": 0.0, ""strategic_moats"": 0.0, ""mixed"": 0.0, ""insufficient_data"": 1.0}",-0.0,-0.0,10,10,0.0,False,2.0,2.4849066497880004,0.0,0.0,,qwen3.6:27b-q8_0,fintradebench,none,committed
hqa_FTB_ec033720,F,yes_no_mixed,0,10,hedgeqa_oracle,,False,,1.0,True,0.3250829733914482,0.25020121176909393,0.07488176162235427,0.3500829733914482,0.27520121176909396,0.07488176162235427,0.23449779679464058,0.18048202372184058,0.054015773072800005,0.23034661225454434,yes,0.1,0.0,0.2,"{""yes"": 0.9, ""no"": 0.0, ""mixed"": 0.0, ""insufficient_data"": 0.1}",-0.0,0.5004024235381879,10,10,0.9,True,0.019999999999999997,0.380772495517793,1.0,0.8,,qwen3.6:27b-q8_0,fintradebench,none,committed
hqa_FTB_ec033720,F,yes_no_mixed,1,10,hedgeqa_oracle,,False,,1.0,True,-0.0,0.0,-0.0,0.0,0.0,0.0,-0.0,0.0,-0.0,0.0,yes,0.0,0.0,0.0,"{""yes"": 1.0, ""no"": 0.0, ""mixed"": 0.0, ""insufficient_data"": 0.0}",-0.0,-0.0,10,10,1.0,True,0.0,0.2876820724517809,1.0,1.0,,qwen3.6:27b-q8_0,fintradebench,none,committed
hqa_FTB_efa9dd7c,F,yes_no_mixed,0,10,hedgeqa_oracle,,False,,1.0,True,0.6474466390346325,0.641937984532075,0.005508654502557553,0.6724466390346325,0.691937984532075,0.0,0.46703402768774555,0.4630603734213403,0.003973654266405221,0.008508275694767935,yes,0.0,0.0,0.0,"{""yes"": 0.65, ""no"": 0.35, ""mixed"": 0.0, ""insufficient_data"": 0.0}",0.6730116670092565,0.6108643020548935,10,10,0.35000000000000003,False,0.845,1.1499055830556604,0.4,0.3,,qwen3.6:27b-q8_0,fintradebench,none,committed
hqa_FTB_efa9dd7c,F,yes_no_mixed,1,10,hedgeqa_oracle,,False,,1.0,True,0.6128694524619496,0.46797363772317085,0.14489581473877872,0.6628694524619496,0.5179736377231708,0.14489581473877877,0.4420918598895945,0.33757162320499345,0.10452023668460102,0.23642198865797553,yes,0.15,0.0,0.3,"{""yes"": 0.8, ""no"": 0.05, ""mixed"": 0.0, ""insufficient_data"": 0.15}",0.3250829733914482,0.6108643020548935,10,10,0.05,False,1.565,2.1484344131667874,0.1,0.0,,qwen3.6:27b-q8_0,fintradebench,none,committed
hqa_FTB_efef99db,FT,yes_no_mixed,0,10,hedgeqa_oracle,,False,,1.0,True,1.1058898790247635,0.9991342801575918,0.10675559886717179,1.1808898790247635,1.0991342801575916,0.08175559886717187,0.7977309221191611,0.720723035582761,0.07700788653640009,0.09653366116463145,mixed,0.8500000000000001,0.8,0.9,"{""yes"": 0.1, ""no"": 0.05, ""mixed"": 0.45, ""insufficient_data"": 0.4}",1.0549201679861442,0.9433483923290392,10,10,0.1,False,1.1750000000000003,1.8971199848858813,0.2,0.0,,qwen3.6:27b-q8_0,fintradebench,none,committed
hqa_FTB_efef99db,FT,yes_no_mixed,1,10,hedgeqa_oracle,,False,,1.0,True,0.6730116670092563,0.5867070452737222,0.0863046217355341,0.6980116670092563,0.6367070452737222,0.06130462173553408,0.48547529722733423,0.4232196723355078,0.06225562489182645,0.12823644219877559,mixed,1.0,1.0,1.0,"{""yes"": 0.0, ""no"": 0.0, ""mixed"": 0.6, ""insufficient_data"": 0.4}",0.5004024235381879,0.6730116670092565,10,10,0.0,False,1.52,2.4849066497880004,0.0,0.0,,qwen3.6:27b-q8_0,fintradebench,none,committed
hqa_FTB_f22fb1fd,F,yes_no_mixed,0,10,hedgeqa_oracle,,False,,1.0,True,-0.0,0.0,-0.0,0.0,0.0,0.0,-0.0,0.0,-0.0,0.0,yes,0.0,0.0,0.0,"{""yes"": 1.0, ""no"": 0.0, ""mixed"": 0.0, ""insufficient_data"": 0.0}",-0.0,-0.0,10,10,1.0,True,0.0,0.2876820724517809,1.0,1.0,,qwen3.6:27b-q8_0,fintradebench,none,committed
hqa_FTB_f22fb1fd,F,yes_no_mixed,1,10,hedgeqa_oracle,,False,,1.0,True,-0.0,0.0,-0.0,0.0,0.0,0.0,-0.0,0.0,-0.0,0.0,yes,0.0,0.0,0.0,"{""yes"": 1.0, ""no"": 0.0, ""mixed"": 0.0, ""insufficient_data"": 0.0}",-0.0,-0.0,10,10,1.0,True,0.0,0.2876820724517809,1.0,1.0,,qwen3.6:27b-q8_0,fintradebench,none,committed
hqa_FTB_f305a77d,F,company_choice,0,10,hedgeqa_oracle,,False,,1.0,True,0.3250829733914482,0.25020121176909393,0.07488176162235427,0.3500829733914482,0.27520121176909396,0.07488176162235427,0.23449779679464058,0.18048202372184058,0.054015773072800005,0.23034661225454434,MSFT,0.0,0.0,0.0,"{""MSFT"": 0.9, ""AAPL"": 0.1, ""similar"": 0.0, ""insufficient_data"": 0.0}",-0.0,0.5004024235381879,10,10,0.9,True,0.019999999999999997,0.380772495517793,1.0,0.8,,qwen3.6:27b-q8_0,fintradebench,none,committed
hqa_FTB_f305a77d,F,company_choice,1,10,hedgeqa_oracle,,False,,1.0,True,-0.0,0.0,-0.0,0.0,0.0,0.0,-0.0,0.0,-0.0,0.0,MSFT,0.0,0.0,0.0,"{""MSFT"": 1.0, ""AAPL"": 0.0, ""similar"": 0.0, ""insufficient_data"": 0.0}",-0.0,-0.0,10,10,1.0,True,0.0,0.2876820724517809,1.0,1.0,,qwen3.6:27b-q8_0,fintradebench,none,committed
hqa_FTB_f88a6a4d,F,open_summary_with_canonical_claim,0,10,hedgeqa_oracle,,False,,1.0,True,0.8018185525433373,0.6773679937280109,0.1244505588153264,0.8518185525433374,0.752367993728011,0.09945055881532638,0.7298466991620975,0.616566918752757,0.11327978040934043,0.15521037573971574,claim_true,0.2,0.3,0.1,"{""claim_true"": 0.7, ""claim_false"": 0.1, ""mixed"": 0.2}",1.0296530140645737,0.3250829733914482,10,10,0.7,True,0.14000000000000004,0.5485659517488378,0.5,0.9,,qwen3.6:27b-q8_0,fintradebench,none,committed
hqa_FTB_f88a6a4d,F,open_summary_with_canonical_claim,1,10,hedgeqa_oracle,,False,,1.0,True,0.7460326647147848,0.5091150769756967,0.2369175877390881,0.7960326647147848,0.5591150769756967,0.2369175877390881,0.6790681957683443,0.4634165139304209,0.21565168183792344,0.31756999250115125,claim_true,0.05,0.0,0.1,"{""claim_true"": 0.7, ""claim_false"": 0.25, ""mixed"": 0.05}",0.6931471805599453,0.3250829733914482,10,10,0.7,True,0.15500000000000003,0.5485659517488378,0.5,0.9,,qwen3.6:27b-q8_0,fintradebench,none,committed
hqa_FTB_fbfe6a99,FT,yes_no_mixed,0,10,hedgeqa_oracle,,False,,1.0,True,-0.0,0.0,-0.0,0.0,0.0,0.0,-0.0,0.0,-0.0,0.0,insufficient_data,1.0,1.0,1.0,"{""yes"": 0.0, ""no"": 0.0, ""mixed"": 0.0, ""insufficient_data"": 1.0}",-0.0,-0.0,10,10,0.0,False,2.0,2.4849066497880004,0.0,0.0,,qwen3.6:27b-q8_0,fintradebench,none,committed
hqa_FTB_fbfe6a99,FT,yes_no_mixed,1,10,hedgeqa_oracle,,False,,1.0,True,-0.0,0.0,-0.0,0.0,0.0,0.0,-0.0,0.0,-0.0,0.0,insufficient_data,1.0,1.0,1.0,"{""yes"": 0.0, ""no"": 0.0, ""mixed"": 0.0, ""insufficient_data"": 1.0}",-0.0,-0.0,10,10,0.0,False,2.0,2.4849066497880004,0.0,0.0,,qwen3.6:27b-q8_0,fintradebench,none,committed
hqa_FTB_fd6ae1be,F,yes_no_mixed,0,10,hedgeqa_oracle,,False,,1.0,True,-0.0,0.0,-0.0,0.0,0.0,0.0,-0.0,0.0,-0.0,0.0,no,0.0,0.0,0.0,"{""yes"": 0.0, ""no"": 1.0, ""mixed"": 0.0, ""insufficient_data"": 0.0}",-0.0,-0.0,10,10,1.0,True,0.0,0.2876820724517809,1.0,1.0,,qwen3.6:27b-q8_0,fintradebench,none,committed
hqa_FTB_fd6ae1be,F,yes_no_mixed,1,10,hedgeqa_oracle,,False,,1.0,True,0.1985152433458726,0.1625414866957241,0.035973756650148486,0.22351524334587258,0.1875414866957241,0.035973756650148486,0.1431984785579781,0.11724889839732029,0.025949580160657796,0.18121407728610292,no,0.05,0.0,0.1,"{""yes"": 0.0, ""no"": 0.95, ""mixed"": 0.0, ""insufficient_data"": 0.05}",-0.0,0.3250829733914482,10,10,0.95,True,0.0050000000000000044,0.33314444652853825,1.0,0.9,,qwen3.6:27b-q8_0,fintradebench,none,committed
hqa_FTB_fe6a9406,FT,category_choice,0,10,hedgeqa_oracle,,False,,1.0,True,1.1097385521061456,1.0408363891885024,0.06890216291764317,1.1847385521061455,1.1658363891885024,0.01890216291764313,0.8005071529034175,0.7508047485295137,0.04970240437390362,0.06208864492170291,insufficient_data,0.55,0.4,0.7,"{""underpriced"": 0.15, ""fully_priced"": 0.25, ""overpriced"": 0.05, ""insufficient_data"": 0.55}",1.2798542258336676,0.8018185525433373,10,10,0.25,False,0.8899999999999999,1.3862943611198906,0.3,0.2,,qwen3.6:27b-q8_0,fintradebench,none,committed
hqa_FTB_fe6a9406,FT,category_choice,1,10,hedgeqa_oracle,,False,,1.0,True,-0.0,0.0,-0.0,0.0,0.0,0.0,-0.0,0.0,-0.0,0.0,insufficient_data,1.0,1.0,1.0,"{""underpriced"": 0.0, ""fully_priced"": 0.0, ""overpriced"": 0.0, ""insufficient_data"": 1.0}",-0.0,-0.0,10,10,0.0,False,2.0,2.4849066497880004,0.0,0.0,,qwen3.6:27b-q8_0,fintradebench,none,committed
hqa_TAT_0a4b6243,F,directional_change,0,10,hedgeqa_oracle,,False,,1.0,True,0.1985152433458726,0.1625414866957241,0.035973756650148486,0.22351524334587258,0.1875414866957241,0.035973756650148486,0.1431984785579781,0.11724889839732029,0.025949580160657796,0.18121407728610292,decreased,0.0,0.0,0.0,"{""increased"": 0.05, ""decreased"": 0.95, ""roughly_unchanged"": 0.0, ""insufficient_data"": 0.0}",-0.0,0.3250829733914482,10,10,0.95,True,0.0050000000000000044,0.33314444652853825,1.0,0.9,,qwen3.6:27b-q8_0,tatqa,numeric_to_directional,committed
hqa_TAT_0a4b6243,F,directional_change,1,10,hedgeqa_oracle,,False,,1.0,True,-0.0,0.0,-0.0,0.0,0.0,0.0,-0.0,0.0,-0.0,0.0,decreased,0.0,0.0,0.0,"{""increased"": 0.0, ""decreased"": 1.0, ""roughly_unchanged"": 0.0, ""insufficient_data"": 0.0}",-0.0,-0.0,10,10,1.0,True,0.0,0.2876820724517809,1.0,1.0,,qwen3.6:27b-q8_0,tatqa,numeric_to_directional,committed
hqa_TAT_10183a57,F,directional_change,0,10,hedgeqa_oracle,,False,,1.0,True,0.6108643020548935,0.5867070452737222,0.02415725678117131,0.6358643020548935,0.6367070452737222,0.0,0.44064544961534635,0.4232196723355078,0.017425777279838565,0.03954602798020515,increased,0.0,0.0,0.0,"{""increased"": 0.7, ""decreased"": 0.0, ""roughly_unchanged"": 0.3, ""insufficient_data"": 0.0}",0.5004024235381879,0.6730116670092565,10,10,0.30000000000000004,False,0.9799999999999999,1.2611312181658845,0.2,0.4,,qwen3.6:27b-q8_0,tatqa,numeric_to_directional,committed
hqa_TAT_10183a57,F,directional_change,1,10,hedgeqa_oracle,,False,,1.0,True,0.6474466390346325,0.49904732020035236,0.14839931883428015,0.6724466390346325,0.5490473202003524,0.12339931883428013,0.46703402768774555,0.3599865470109875,0.10704748067675807,0.22920702632042259,increased,0.0,0.0,0.0,"{""increased"": 0.65, ""decreased"": 0.0, ""roughly_unchanged"": 0.35, ""insufficient_data"": 0.0}",0.6730116670092565,0.3250829733914482,10,10,0.35,False,0.8450000000000001,1.1499055830556604,0.6,0.1,,qwen3.6:27b-q8_0,tatqa,numeric_to_directional,committed
hqa_TAT_12e27eaa,F,directional_change,0,10,hedgeqa_oracle,,False,,1.0,True,-0.0,0.0,-0.0,0.0,0.0,0.0,-0.0,0.0,-0.0,0.0,decreased,0.0,0.0,0.0,"{""increased"": 0.0, ""decreased"": 1.0, ""roughly_unchanged"": 0.0, ""insufficient_data"": 0.0}",-0.0,-0.0,10,10,1.0,True,0.0,0.2876820724517809,1.0,1.0,,qwen3.6:27b-q8_0,tatqa,numeric_to_directional,committed
hqa_TAT_12e27eaa,F,directional_change,1,10,hedgeqa_oracle,,False,,1.0,True,-0.0,0.0,-0.0,0.0,0.0,0.0,-0.0,0.0,-0.0,0.0,decreased,0.0,0.0,0.0,"{""increased"": 0.0, ""decreased"": 1.0, ""roughly_unchanged"": 0.0, ""insufficient_data"": 0.0}",-0.0,-0.0,10,10,1.0,True,0.0,0.2876820724517809,1.0,1.0,,qwen3.6:27b-q8_0,tatqa,numeric_to_directional,committed
hqa_TAT_261ad3a9,F,directional_change,0,10,hedgeqa_oracle,,False,,1.0,True,-0.0,0.0,-0.0,0.0,0.0,0.0,-0.0,0.0,-0.0,0.0,increased,0.0,0.0,0.0,"{""increased"": 1.0, ""decreased"": 0.0, ""roughly_unchanged"": 0.0, ""insufficient_data"": 0.0}",-0.0,-0.0,10,10,0.0,False,2.0,2.4849066497880004,0.0,0.0,,qwen3.6:27b-q8_0,tatqa,numeric_to_directional,committed
hqa_TAT_261ad3a9,F,directional_change,1,10,hedgeqa_oracle,,False,,1.0,True,0.6108643020548935,0.5091150769756967,0.10174922507919681,0.6358643020548935,0.5591150769756967,0.07674922507919679,0.44064544961534635,0.3672488983973203,0.0733965512180261,0.16656600285353296,increased,0.0,0.0,0.0,"{""increased"": 0.7, ""decreased"": 0.0, ""roughly_unchanged"": 0.3, ""insufficient_data"": 0.0}",0.6931471805599453,0.3250829733914482,10,10,0.3,False,0.9799999999999999,1.2611312181658847,0.5,0.1,,qwen3.6:27b-q8_0,tatqa,numeric_to_directional,committed
hqa_TAT_2728a2bd,F,directional_change,0,10,hedgeqa_oracle,,False,,1.0,True,-0.0,0.0,-0.0,0.0,0.0,0.0,-0.0,0.0,-0.0,0.0,increased,0.0,0.0,0.0,"{""increased"": 1.0, ""decreased"": 0.0, ""roughly_unchanged"": 0.0, ""insufficient_data"": 0.0}",-0.0,-0.0,10,10,1.0,True,0.0,0.2876820724517809,1.0,1.0,,qwen3.6:27b-q8_0,tatqa,numeric_to_directional,committed
hqa_TAT_2728a2bd,F,directional_change,1,10,hedgeqa_oracle,,False,,1.0,True,-0.0,0.0,-0.0,0.0,0.0,0.0,-0.0,0.0,-0.0,0.0,increased,0.0,0.0,0.0,"{""increased"": 1.0, ""decreased"": 0.0, ""roughly_unchanged"": 0.0, ""insufficient_data"": 0.0}",-0.0,-0.0,10,10,1.0,True,0.0,0.2876820724517809,1.0,1.0,,qwen3.6:27b-q8_0,tatqa,numeric_to_directional,committed
hqa_TAT_28c0f57b,F,directional_change,0,10,hedgeqa_oracle,,False,,1.0,True,-0.0,0.0,-0.0,0.0,0.0,0.0,-0.0,0.0,-0.0,0.0,increased,0.0,0.0,0.0,"{""increased"": 1.0, ""decreased"": 0.0, ""roughly_unchanged"": 0.0, ""insufficient_data"": 0.0}",-0.0,-0.0,10,10,1.0,True,0.0,0.2876820724517809,1.0,1.0,,qwen3.6:27b-q8_0,tatqa,numeric_to_directional,committed
hqa_TAT_28c0f57b,F,directional_change,1,10,hedgeqa_oracle,,False,,1.0,True,-0.0,0.0,-0.0,0.0,0.0,0.0,-0.0,0.0,-0.0,0.0,increased,0.0,0.0,0.0,"{""increased"": 1.0, ""decreased"": 0.0, ""roughly_unchanged"": 0.0, ""insufficient_data"": 0.0}",-0.0,-0.0,10,10,1.0,True,0.0,0.2876820724517809,1.0,1.0,,qwen3.6:27b-q8_0,tatqa,numeric_to_directional,committed
hqa_TAT_37191d9a,F,directional_change,0,10,hedgeqa_oracle,,False,,1.0,True,-0.0,0.0,-0.0,0.0,0.0,0.0,-0.0,0.0,-0.0,0.0,decreased,0.0,0.0,0.0,"{""increased"": 0.0, ""decreased"": 1.0, ""roughly_unchanged"": 0.0, ""insufficient_data"": 0.0}",-0.0,-0.0,10,10,0.0,False,2.0,2.4849066497880004,0.0,0.0,,qwen3.6:27b-q8_0,tatqa,numeric_to_directional,committed
hqa_TAT_37191d9a,F,directional_change,1,10,hedgeqa_oracle,,False,,1.0,True,-0.0,0.0,-0.0,0.0,0.0,0.0,-0.0,0.0,-0.0,0.0,decreased,0.0,0.0,0.0,"{""increased"": 0.0, ""decreased"": 1.0, ""roughly_unchanged"": 0.0, ""insufficient_data"": 0.0}",-0.0,-0.0,10,10,0.0,False,2.0,2.4849066497880004,0.0,0.0,,qwen3.6:27b-q8_0,tatqa,numeric_to_directional,committed
hqa_TAT_37cd0c30,F,directional_change,0,10,hedgeqa_oracle,,False,,1.0,True,-0.0,0.0,-0.0,0.0,0.0,0.0,-0.0,0.0,-0.0,0.0,roughly_unchanged,0.0,0.0,0.0,"{""increased"": 0.0, ""decreased"": 0.0, ""roughly_unchanged"": 1.0, ""insufficient_data"": 0.0}",-0.0,-0.0,10,10,1.0,True,0.0,0.2876820724517809,1.0,1.0,,qwen3.6:27b-q8_0,tatqa,numeric_to_directional,committed
hqa_TAT_37cd0c30,F,directional_change,1,10,hedgeqa_oracle,,False,,1.0,True,-0.0,0.0,-0.0,0.0,0.0,0.0,-0.0,0.0,-0.0,0.0,roughly_unchanged,0.0,0.0,0.0,"{""increased"": 0.0, ""decreased"": 0.0, ""roughly_unchanged"": 1.0, ""insufficient_data"": 0.0}",-0.0,-0.0,10,10,1.0,True,0.0,0.2876820724517809,1.0,1.0,,qwen3.6:27b-q8_0,tatqa,numeric_to_directional,committed
hqa_TAT_37e855b0,F,directional_change,0,10,hedgeqa_oracle,,False,,1.0,True,0.1985152433458726,0.1625414866957241,0.035973756650148486,0.22351524334587258,0.1875414866957241,0.035973756650148486,0.1431984785579781,0.11724889839732029,0.025949580160657796,0.18121407728610292,decreased,0.05,0.0,0.1,"{""increased"": 0.0, ""decreased"": 0.95, ""roughly_unchanged"": 0.0, ""insufficient_data"": 0.05}",-0.0,0.3250829733914482,10,10,0.0,False,1.9049999999999998,2.4849066497880004,0.0,0.0,,qwen3.6:27b-q8_0,tatqa,numeric_to_directional,committed
hqa_TAT_37e855b0,F,directional_change,1,10,hedgeqa_oracle,,False,,1.0,True,0.5004024235381879,0.5004024235381879,0.0,0.5254024235381879,0.5504024235381879,0.0,0.36096404744368116,0.36096404744368116,0.0,0.0,decreased,0.2,0.2,0.2,"{""increased"": 0.0, ""decreased"": 0.8, ""roughly_unchanged"": 0.0, ""insufficient_data"": 0.2}",0.5004024235381879,0.5004024235381879,10,10,0.0,False,1.6800000000000002,2.4849066497880004,0.0,0.0,,qwen3.6:27b-q8_0,tatqa,numeric_to_directional,committed
hqa_TAT_3bfabcc3,F,directional_change,0,10,hedgeqa_oracle,,False,,1.0,True,0.1985152433458726,0.1625414866957241,0.035973756650148486,0.22351524334587258,0.1875414866957241,0.035973756650148486,0.1431984785579781,0.11724889839732029,0.025949580160657796,0.18121407728610292,insufficient_data,0.95,1.0,0.9,"{""increased"": 0.05, ""decreased"": 0.0, ""roughly_unchanged"": 0.0, ""insufficient_data"": 0.95}",-0.0,0.3250829733914482,10,10,0.05,False,1.805,2.1484344131667874,0.0,0.1,,qwen3.6:27b-q8_0,tatqa,numeric_to_directional,committed
hqa_TAT_3bfabcc3,F,directional_change,1,10,hedgeqa_oracle,,False,,1.0,True,-0.0,0.0,-0.0,0.0,0.0,0.0,-0.0,0.0,-0.0,0.0,insufficient_data,1.0,1.0,1.0,"{""increased"": 0.0, ""decreased"": 0.0, ""roughly_unchanged"": 0.0, ""insufficient_data"": 1.0}",-0.0,-0.0,10,10,0.0,False,2.0,2.4849066497880004,0.0,0.0,,qwen3.6:27b-q8_0,tatqa,numeric_to_directional,committed
hqa_TAT_439f70e0,F,directional_change,0,10,hedgeqa_oracle,,False,,1.0,True,-0.0,0.0,-0.0,0.0,0.0,0.0,-0.0,0.0,-0.0,0.0,increased,0.0,0.0,0.0,"{""increased"": 1.0, ""decreased"": 0.0, ""roughly_unchanged"": 0.0, ""insufficient_data"": 0.0}",-0.0,-0.0,10,10,1.0,True,0.0,0.2876820724517809,1.0,1.0,,qwen3.6:27b-q8_0,tatqa,numeric_to_directional,committed
hqa_TAT_439f70e0,F,directional_change,1,10,hedgeqa_oracle,,False,,1.0,True,-0.0,0.0,-0.0,0.0,0.0,0.0,-0.0,0.0,-0.0,0.0,increased,0.0,0.0,0.0,"{""increased"": 1.0, ""decreased"": 0.0, ""roughly_unchanged"": 0.0, ""insufficient_data"": 0.0}",-0.0,-0.0,10,10,1.0,True,0.0,0.2876820724517809,1.0,1.0,,qwen3.6:27b-q8_0,tatqa,numeric_to_directional,committed
hqa_TAT_4cc4b873,F,directional_change,0,10,hedgeqa_oracle,,False,,1.0,True,-0.0,0.0,-0.0,0.0,0.0,0.0,-0.0,0.0,-0.0,0.0,decreased,0.0,0.0,0.0,"{""increased"": 0.0, ""decreased"": 1.0, ""roughly_unchanged"": 0.0, ""insufficient_data"": 0.0}",-0.0,-0.0,10,10,0.0,False,2.0,2.4849066497880004,0.0,0.0,,qwen3.6:27b-q8_0,tatqa,numeric_to_directional,committed
hqa_TAT_4cc4b873,F,directional_change,1,10,hedgeqa_oracle,,False,,1.0,True,-0.0,0.0,-0.0,0.0,0.0,0.0,-0.0,0.0,-0.0,0.0,decreased,0.0,0.0,0.0,"{""increased"": 0.0, ""decreased"": 1.0, ""roughly_unchanged"": 0.0, ""insufficient_data"": 0.0}",-0.0,-0.0,10,10,0.0,False,2.0,2.4849066497880004,0.0,0.0,,qwen3.6:27b-q8_0,tatqa,numeric_to_directional,committed
hqa_TAT_513bf483,F,directional_change,0,10,hedgeqa_oracle,,False,,1.0,True,-0.0,0.0,-0.0,0.0,0.0,0.0,-0.0,0.0,-0.0,0.0,roughly_unchanged,0.0,0.0,0.0,"{""increased"": 0.0, ""decreased"": 0.0, ""roughly_unchanged"": 1.0, ""insufficient_data"": 0.0}",-0.0,-0.0,10,10,1.0,True,0.0,0.2876820724517809,1.0,1.0,,qwen3.6:27b-q8_0,tatqa,numeric_to_directional,committed
hqa_TAT_513bf483,F,directional_change,1,10,hedgeqa_oracle,,False,,1.0,True,-0.0,0.0,-0.0,0.0,0.0,0.0,-0.0,0.0,-0.0,0.0,roughly_unchanged,0.0,0.0,0.0,"{""increased"": 0.0, ""decreased"": 0.0, ""roughly_unchanged"": 1.0, ""insufficient_data"": 0.0}",-0.0,-0.0,10,10,1.0,True,0.0,0.2876820724517809,1.0,1.0,,qwen3.6:27b-q8_0,tatqa,numeric_to_directional,committed
hqa_TAT_52236d86,F,directional_change,0,10,hedgeqa_oracle,,False,,1.0,True,-0.0,0.0,-0.0,0.0,0.0,0.0,-0.0,0.0,-0.0,0.0,decreased,0.0,0.0,0.0,"{""increased"": 0.0, ""decreased"": 1.0, ""roughly_unchanged"": 0.0, ""insufficient_data"": 0.0}",-0.0,-0.0,10,10,1.0,True,0.0,0.2876820724517809,1.0,1.0,,qwen3.6:27b-q8_0,tatqa,numeric_to_directional,committed
hqa_TAT_52236d86,F,directional_change,1,10,hedgeqa_oracle,,False,,1.0,True,-0.0,0.0,-0.0,0.0,0.0,0.0,-0.0,0.0,-0.0,0.0,decreased,0.0,0.0,0.0,"{""increased"": 0.0, ""decreased"": 1.0, ""roughly_unchanged"": 0.0, ""insufficient_data"": 0.0}",-0.0,-0.0,10,10,1.0,True,0.0,0.2876820724517809,1.0,1.0,,qwen3.6:27b-q8_0,tatqa,numeric_to_directional,committed
hqa_TAT_55755d65_masked,F,directional_change,0,10,hedgeqa_oracle,,False,,1.0,True,-0.0,0.0,-0.0,0.0,0.0,0.0,-0.0,0.0,-0.0,0.0,insufficient_data,1.0,1.0,1.0,"{""increased"": 0.0, ""decreased"": 0.0, ""roughly_unchanged"": 0.0, ""insufficient_data"": 1.0}",-0.0,-0.0,10,10,1.0,True,0.0,0.2876820724517809,1.0,1.0,,qwen3.6:27b-q8_0,tatqa,evidence_masked_insufficient,noncommitted
hqa_TAT_55755d65_masked,F,directional_change,1,10,hedgeqa_oracle,,False,,1.0,True,-0.0,0.0,-0.0,0.0,0.0,0.0,-0.0,0.0,-0.0,0.0,insufficient_data,1.0,1.0,1.0,"{""increased"": 0.0, ""decreased"": 0.0, ""roughly_unchanged"": 0.0, ""insufficient_data"": 1.0}",-0.0,-0.0,10,10,1.0,True,0.0,0.2876820724517809,1.0,1.0,,qwen3.6:27b-q8_0,tatqa,evidence_masked_insufficient,noncommitted
hqa_TAT_5706ce12,F,directional_change,0,10,hedgeqa_oracle,,False,,1.0,True,0.7909873504355757,0.44897286242838985,0.3420144880071858,0.8409873504355757,0.49897286242838984,0.34201448800718587,0.5705767639396528,0.3238654610595804,0.24671130288007243,0.4323893268569308,increased,0.3,0.6,0.0,"{""increased"": 0.65, ""decreased"": 0.0, ""roughly_unchanged"": 0.05, ""insufficient_data"": 0.3}",0.8979457248567797,-0.0,10,10,0.05,False,1.415,2.1484344131667874,0.1,0.0,,qwen3.6:27b-q8_0,tatqa,numeric_to_directional,committed
hqa_TAT_5706ce12,F,directional_change,1,10,hedgeqa_oracle,,False,,1.0,True,0.6931471805599453,0.0,0.6931471805599453,0.7181471805599453,0.0,0.7181471805599453,0.5,0.0,0.5,1.0,increased,0.5,0.0,1.0,"{""increased"": 0.5, ""decreased"": 0.0, ""roughly_unchanged"": 0.0, ""insufficient_data"": 0.5}",-0.0,-0.0,10,10,0.0,False,1.5,2.4849066497880004,0.0,0.0,,qwen3.6:27b-q8_0,tatqa,numeric_to_directional,committed
hqa_TAT_59cb702e,F,directional_change,0,10,hedgeqa_oracle,,False,,1.0,True,-0.0,0.0,-0.0,0.0,0.0,0.0,-0.0,0.0,-0.0,0.0,roughly_unchanged,0.0,0.0,0.0,"{""increased"": 0.0, ""decreased"": 0.0, ""roughly_unchanged"": 1.0, ""insufficient_data"": 0.0}",-0.0,-0.0,10,10,1.0,True,0.0,0.2876820724517809,1.0,1.0,,qwen3.6:27b-q8_0,tatqa,numeric_to_directional,committed
hqa_TAT_59cb702e,F,directional_change,1,10,hedgeqa_oracle,,False,,1.0,True,-0.0,0.0,-0.0,0.0,0.0,0.0,-0.0,0.0,-0.0,0.0,roughly_unchanged,0.0,0.0,0.0,"{""increased"": 0.0, ""decreased"": 0.0, ""roughly_unchanged"": 1.0, ""insufficient_data"": 0.0}",-0.0,-0.0,10,10,1.0,True,0.0,0.2876820724517809,1.0,1.0,,qwen3.6:27b-q8_0,tatqa,numeric_to_directional,committed
hqa_TAT_5ce27434_masked,F,directional_change,0,10,hedgeqa_oracle,,False,,1.0,True,-0.0,0.0,-0.0,0.0,0.0,0.0,-0.0,0.0,-0.0,0.0,insufficient_data,1.0,1.0,1.0,"{""increased"": 0.0, ""decreased"": 0.0, ""roughly_unchanged"": 0.0, ""insufficient_data"": 1.0}",-0.0,-0.0,10,10,1.0,True,0.0,0.2876820724517809,1.0,1.0,,qwen3.6:27b-q8_0,tatqa,evidence_masked_insufficient,noncommitted
hqa_TAT_5ce27434_masked,F,directional_change,1,10,hedgeqa_oracle,,False,,1.0,True,-0.0,0.0,-0.0,0.0,0.0,0.0,-0.0,0.0,-0.0,0.0,insufficient_data,1.0,1.0,1.0,"{""increased"": 0.0, ""decreased"": 0.0, ""roughly_unchanged"": 0.0, ""insufficient_data"": 1.0}",-0.0,-0.0,10,10,1.0,True,0.0,0.2876820724517809,1.0,1.0,,qwen3.6:27b-q8_0,tatqa,evidence_masked_insufficient,noncommitted
hqa_TAT_5f5bf97c,F,directional_change,0,10,hedgeqa_oracle,,False,,1.0,True,-0.0,0.0,-0.0,0.0,0.0,0.0,-0.0,0.0,-0.0,0.0,decreased,0.0,0.0,0.0,"{""increased"": 0.0, ""decreased"": 1.0, ""roughly_unchanged"": 0.0, ""insufficient_data"": 0.0}",-0.0,-0.0,10,10,0.0,False,2.0,2.4849066497880004,0.0,0.0,,qwen3.6:27b-q8_0,tatqa,numeric_to_directional,committed
hqa_TAT_5f5bf97c,F,directional_change,1,10,hedgeqa_oracle,,False,,1.0,True,-0.0,0.0,-0.0,0.0,0.0,0.0,-0.0,0.0,-0.0,0.0,decreased,0.0,0.0,0.0,"{""increased"": 0.0, ""decreased"": 1.0, ""roughly_unchanged"": 0.0, ""insufficient_data"": 0.0}",-0.0,-0.0,10,10,0.0,False,2.0,2.4849066497880004,0.0,0.0,,qwen3.6:27b-q8_0,tatqa,numeric_to_directional,committed
hqa_TAT_60e1712c,F,directional_change,0,10,hedgeqa_oracle,,False,,1.0,True,-0.0,0.0,-0.0,0.0,0.0,0.0,-0.0,0.0,-0.0,0.0,decreased,0.0,0.0,0.0,"{""increased"": 0.0, ""decreased"": 1.0, ""roughly_unchanged"": 0.0, ""insufficient_data"": 0.0}",-0.0,-0.0,10,10,1.0,True,0.0,0.2876820724517809,1.0,1.0,,qwen3.6:27b-q8_0,tatqa,numeric_to_directional,committed
hqa_TAT_60e1712c,F,directional_change,1,10,hedgeqa_oracle,,False,,1.0,True,-0.0,0.0,-0.0,0.0,0.0,0.0,-0.0,0.0,-0.0,0.0,decreased,0.0,0.0,0.0,"{""increased"": 0.0, ""decreased"": 1.0, ""roughly_unchanged"": 0.0, ""insufficient_data"": 0.0}",-0.0,-0.0,10,10,1.0,True,0.0,0.2876820724517809,1.0,1.0,,qwen3.6:27b-q8_0,tatqa,numeric_to_directional,committed
hqa_TAT_62bbb05f,F,directional_change,0,10,hedgeqa_oracle,,False,,1.0,True,-0.0,0.0,-0.0,0.0,0.0,0.0,-0.0,0.0,-0.0,0.0,decreased,0.0,0.0,0.0,"{""increased"": 0.0, ""decreased"": 1.0, ""roughly_unchanged"": 0.0, ""insufficient_data"": 0.0}",-0.0,-0.0,10,10,0.0,False,2.0,2.4849066497880004,0.0,0.0,,qwen3.6:27b-q8_0,tatqa,numeric_to_directional,committed
hqa_TAT_62bbb05f,F,directional_change,1,10,hedgeqa_oracle,,False,,1.0,True,-0.0,0.0,-0.0,0.0,0.0,0.0,-0.0,0.0,-0.0,0.0,decreased,0.0,0.0,0.0,"{""increased"": 0.0, ""decreased"": 1.0, ""roughly_unchanged"": 0.0, ""insufficient_data"": 0.0}",-0.0,-0.0,10,10,0.0,False,2.0,2.4849066497880004,0.0,0.0,,qwen3.6:27b-q8_0,tatqa,numeric_to_directional,committed
hqa_TAT_66ae5834,F,directional_change,0,10,hedgeqa_oracle,,False,,1.0,True,-0.0,0.0,-0.0,0.0,0.0,0.0,-0.0,0.0,-0.0,0.0,increased,0.0,0.0,0.0,"{""increased"": 1.0, ""decreased"": 0.0, ""roughly_unchanged"": 0.0, ""insufficient_data"": 0.0}",-0.0,-0.0,10,10,1.0,True,0.0,0.2876820724517809,1.0,1.0,,qwen3.6:27b-q8_0,tatqa,numeric_to_directional,committed
hqa_TAT_66ae5834,F,directional_change,1,10,hedgeqa_oracle,,False,,1.0,True,-0.0,0.0,-0.0,0.0,0.0,0.0,-0.0,0.0,-0.0,0.0,increased,0.0,0.0,0.0,"{""increased"": 1.0, ""decreased"": 0.0, ""roughly_unchanged"": 0.0, ""insufficient_data"": 0.0}",-0.0,-0.0,10,10,1.0,True,0.0,0.2876820724517809,1.0,1.0,,qwen3.6:27b-q8_0,tatqa,numeric_to_directional,committed
hqa_TAT_6ada4621_masked,F,directional_change,0,10,hedgeqa_oracle,,False,,1.0,True,-0.0,0.0,-0.0,0.0,0.0,0.0,-0.0,0.0,-0.0,0.0,insufficient_data,1.0,1.0,1.0,"{""increased"": 0.0, ""decreased"": 0.0, ""roughly_unchanged"": 0.0, ""insufficient_data"": 1.0}",-0.0,-0.0,10,10,1.0,True,0.0,0.2876820724517809,1.0,1.0,,qwen3.6:27b-q8_0,tatqa,evidence_masked_insufficient,noncommitted
hqa_TAT_6ada4621_masked,F,directional_change,1,10,hedgeqa_oracle,,False,,1.0,True,-0.0,0.0,-0.0,0.0,0.0,0.0,-0.0,0.0,-0.0,0.0,insufficient_data,1.0,1.0,1.0,"{""increased"": 0.0, ""decreased"": 0.0, ""roughly_unchanged"": 0.0, ""insufficient_data"": 1.0}",-0.0,-0.0,10,10,1.0,True,0.0,0.2876820724517809,1.0,1.0,,qwen3.6:27b-q8_0,tatqa,evidence_masked_insufficient,noncommitted
hqa_TAT_6b50f4c7,F,directional_change,0,10,hedgeqa_oracle,,False,,1.0,True,-0.0,0.0,-0.0,0.0,0.0,0.0,-0.0,0.0,-0.0,0.0,increased,0.0,0.0,0.0,"{""increased"": 1.0, ""decreased"": 0.0, ""roughly_unchanged"": 0.0, ""insufficient_data"": 0.0}",-0.0,-0.0,10,10,0.0,False,2.0,2.4849066497880004,0.0,0.0,,qwen3.6:27b-q8_0,tatqa,numeric_to_directional,committed
hqa_TAT_6b50f4c7,F,directional_change,1,10,hedgeqa_oracle,,False,,1.0,True,-0.0,0.0,-0.0,0.0,0.0,0.0,-0.0,0.0,-0.0,0.0,increased,0.0,0.0,0.0,"{""increased"": 1.0, ""decreased"": 0.0, ""roughly_unchanged"": 0.0, ""insufficient_data"": 0.0}",-0.0,-0.0,10,10,0.0,False,2.0,2.4849066497880004,0.0,0.0,,qwen3.6:27b-q8_0,tatqa,numeric_to_directional,committed
hqa_TAT_73a33378,F,directional_change,0,10,hedgeqa_oracle,,False,,1.0,True,-0.0,0.0,-0.0,0.0,0.0,0.0,-0.0,0.0,-0.0,0.0,increased,0.0,0.0,0.0,"{""increased"": 1.0, ""decreased"": 0.0, ""roughly_unchanged"": 0.0, ""insufficient_data"": 0.0}",-0.0,-0.0,10,10,1.0,True,0.0,0.2876820724517809,1.0,1.0,,qwen3.6:27b-q8_0,tatqa,numeric_to_directional,committed
hqa_TAT_73a33378,F,directional_change,1,10,hedgeqa_oracle,,False,,1.0,True,-0.0,0.0,-0.0,0.0,0.0,0.0,-0.0,0.0,-0.0,0.0,increased,0.0,0.0,0.0,"{""increased"": 1.0, ""decreased"": 0.0, ""roughly_unchanged"": 0.0, ""insufficient_data"": 0.0}",-0.0,-0.0,10,10,1.0,True,0.0,0.2876820724517809,1.0,1.0,,qwen3.6:27b-q8_0,tatqa,numeric_to_directional,committed
hqa_TAT_76519d33,F,directional_change,0,10,hedgeqa_oracle,,False,,1.0,True,-0.0,0.0,-0.0,0.0,0.0,0.0,-0.0,0.0,-0.0,0.0,decreased,0.0,0.0,0.0,"{""increased"": 0.0, ""decreased"": 1.0, ""roughly_unchanged"": 0.0, ""insufficient_data"": 0.0}",-0.0,-0.0,10,10,1.0,True,0.0,0.2876820724517809,1.0,1.0,,qwen3.6:27b-q8_0,tatqa,numeric_to_directional,committed
hqa_TAT_76519d33,F,directional_change,1,10,hedgeqa_oracle,,False,,1.0,True,-0.0,0.0,-0.0,0.0,0.0,0.0,-0.0,0.0,-0.0,0.0,decreased,0.0,0.0,0.0,"{""increased"": 0.0, ""decreased"": 1.0, ""roughly_unchanged"": 0.0, ""insufficient_data"": 0.0}",-0.0,-0.0,10,10,1.0,True,0.0,0.2876820724517809,1.0,1.0,,qwen3.6:27b-q8_0,tatqa,numeric_to_directional,committed
hqa_TAT_767d5782,F,directional_change,0,10,hedgeqa_oracle,,False,,1.0,True,-0.0,0.0,-0.0,0.0,0.0,0.0,-0.0,0.0,-0.0,0.0,increased,0.0,0.0,0.0,"{""increased"": 1.0, ""decreased"": 0.0, ""roughly_unchanged"": 0.0, ""insufficient_data"": 0.0}",-0.0,-0.0,10,10,0.0,False,2.0,2.4849066497880004,0.0,0.0,,qwen3.6:27b-q8_0,tatqa,numeric_to_directional,committed
hqa_TAT_767d5782,F,directional_change,1,10,hedgeqa_oracle,,False,,1.0,True,-0.0,0.0,-0.0,0.0,0.0,0.0,-0.0,0.0,-0.0,0.0,increased,0.0,0.0,0.0,"{""increased"": 1.0, ""decreased"": 0.0, ""roughly_unchanged"": 0.0, ""insufficient_data"": 0.0}",-0.0,-0.0,10,10,0.0,False,2.0,2.4849066497880004,0.0,0.0,,qwen3.6:27b-q8_0,tatqa,numeric_to_directional,committed
hqa_TAT_7c2f5eca,F,directional_change,0,10,hedgeqa_oracle,,False,,1.0,True,-0.0,0.0,-0.0,0.0,0.0,0.0,-0.0,0.0,-0.0,0.0,increased,0.0,0.0,0.0,"{""increased"": 1.0, ""decreased"": 0.0, ""roughly_unchanged"": 0.0, ""insufficient_data"": 0.0}",-0.0,-0.0,10,10,1.0,True,0.0,0.2876820724517809,1.0,1.0,,qwen3.6:27b-q8_0,tatqa,numeric_to_directional,committed
hqa_TAT_7c2f5eca,F,directional_change,1,10,hedgeqa_oracle,,False,,1.0,True,-0.0,0.0,-0.0,0.0,0.0,0.0,-0.0,0.0,-0.0,0.0,increased,0.0,0.0,0.0,"{""increased"": 1.0, ""decreased"": 0.0, ""roughly_unchanged"": 0.0, ""insufficient_data"": 0.0}",-0.0,-0.0,10,10,1.0,True,0.0,0.2876820724517809,1.0,1.0,,qwen3.6:27b-q8_0,tatqa,numeric_to_directional,committed
hqa_TAT_82619ad4,F,directional_change,0,10,hedgeqa_oracle,,False,,1.0,True,-0.0,0.0,-0.0,0.0,0.0,0.0,-0.0,0.0,-0.0,0.0,decreased,0.0,0.0,0.0,"{""increased"": 0.0, ""decreased"": 1.0, ""roughly_unchanged"": 0.0, ""insufficient_data"": 0.0}",-0.0,-0.0,10,10,0.0,False,2.0,2.4849066497880004,0.0,0.0,,qwen3.6:27b-q8_0,tatqa,numeric_to_directional,committed
hqa_TAT_82619ad4,F,directional_change,1,10,hedgeqa_oracle,,False,,1.0,True,0.1985152433458726,0.1625414866957241,0.035973756650148486,0.22351524334587258,0.1875414866957241,0.035973756650148486,0.1431984785579781,0.11724889839732029,0.025949580160657796,0.18121407728610292,decreased,0.0,0.0,0.0,"{""increased"": 0.05, ""decreased"": 0.95, ""roughly_unchanged"": 0.0, ""insufficient_data"": 0.0}",0.3250829733914482,-0.0,10,10,0.0,False,1.9049999999999998,2.4849066497880004,0.0,0.0,,qwen3.6:27b-q8_0,tatqa,numeric_to_directional,committed
hqa_TAT_8267829d,F,directional_change,0,10,hedgeqa_oracle,,False,,1.0,True,-0.0,0.0,-0.0,0.0,0.0,0.0,-0.0,0.0,-0.0,0.0,increased,0.0,0.0,0.0,"{""increased"": 1.0, ""decreased"": 0.0, ""roughly_unchanged"": 0.0, ""insufficient_data"": 0.0}",-0.0,-0.0,10,10,1.0,True,0.0,0.2876820724517809,1.0,1.0,,qwen3.6:27b-q8_0,tatqa,numeric_to_directional,committed
hqa_TAT_8267829d,F,directional_change,1,10,hedgeqa_oracle,,False,,1.0,True,-0.0,0.0,-0.0,0.0,0.0,0.0,-0.0,0.0,-0.0,0.0,increased,0.0,0.0,0.0,"{""increased"": 1.0, ""decreased"": 0.0, ""roughly_unchanged"": 0.0, ""insufficient_data"": 0.0}",-0.0,-0.0,10,10,1.0,True,0.0,0.2876820724517809,1.0,1.0,,qwen3.6:27b-q8_0,tatqa,numeric_to_directional,committed
hqa_TAT_84d7e537,F,directional_change,0,10,hedgeqa_oracle,,False,,1.0,True,-0.0,0.0,-0.0,0.0,0.0,0.0,-0.0,0.0,-0.0,0.0,increased,0.0,0.0,0.0,"{""increased"": 1.0, ""decreased"": 0.0, ""roughly_unchanged"": 0.0, ""insufficient_data"": 0.0}",-0.0,-0.0,10,10,1.0,True,0.0,0.2876820724517809,1.0,1.0,,qwen3.6:27b-q8_0,tatqa,numeric_to_directional,committed
hqa_TAT_84d7e537,F,directional_change,1,10,hedgeqa_oracle,,False,,1.0,True,-0.0,0.0,-0.0,0.0,0.0,0.0,-0.0,0.0,-0.0,0.0,increased,0.0,0.0,0.0,"{""increased"": 1.0, ""decreased"": 0.0, ""roughly_unchanged"": 0.0, ""insufficient_data"": 0.0}",-0.0,-0.0,10,10,1.0,True,0.0,0.2876820724517809,1.0,1.0,,qwen3.6:27b-q8_0,tatqa,numeric_to_directional,committed
hqa_TAT_8b28da38,F,directional_change,0,10,hedgeqa_oracle,,False,,1.0,True,-0.0,0.0,-0.0,0.0,0.0,0.0,-0.0,0.0,-0.0,0.0,decreased,0.0,0.0,0.0,"{""increased"": 0.0, ""decreased"": 1.0, ""roughly_unchanged"": 0.0, ""insufficient_data"": 0.0}",-0.0,-0.0,10,10,1.0,True,0.0,0.2876820724517809,1.0,1.0,,qwen3.6:27b-q8_0,tatqa,numeric_to_directional,committed
hqa_TAT_8b28da38,F,directional_change,1,10,hedgeqa_oracle,,False,,1.0,True,-0.0,0.0,-0.0,0.0,0.0,0.0,-0.0,0.0,-0.0,0.0,decreased,0.0,0.0,0.0,"{""increased"": 0.0, ""decreased"": 1.0, ""roughly_unchanged"": 0.0, ""insufficient_data"": 0.0}",-0.0,-0.0,10,10,1.0,True,0.0,0.2876820724517809,1.0,1.0,,qwen3.6:27b-q8_0,tatqa,numeric_to_directional,committed
hqa_TAT_8f757617,F,directional_change,0,10,hedgeqa_oracle,,False,,1.0,True,-0.0,0.0,-0.0,0.0,0.0,0.0,-0.0,0.0,-0.0,0.0,decreased,0.0,0.0,0.0,"{""increased"": 0.0, ""decreased"": 1.0, ""roughly_unchanged"": 0.0, ""insufficient_data"": 0.0}",-0.0,-0.0,10,10,1.0,True,0.0,0.2876820724517809,1.0,1.0,,qwen3.6:27b-q8_0,tatqa,numeric_to_directional,committed
hqa_TAT_8f757617,F,directional_change,1,10,hedgeqa_oracle,,False,,1.0,True,-0.0,0.0,-0.0,0.0,0.0,0.0,-0.0,0.0,-0.0,0.0,decreased,0.0,0.0,0.0,"{""increased"": 0.0, ""decreased"": 1.0, ""roughly_unchanged"": 0.0, ""insufficient_data"": 0.0}",-0.0,-0.0,10,10,1.0,True,0.0,0.2876820724517809,1.0,1.0,,qwen3.6:27b-q8_0,tatqa,numeric_to_directional,committed
hqa_TAT_924db34b_masked,F,directional_change,0,10,hedgeqa_oracle,,False,,1.0,True,-0.0,0.0,-0.0,0.0,0.0,0.0,-0.0,0.0,-0.0,0.0,insufficient_data,1.0,1.0,1.0,"{""increased"": 0.0, ""decreased"": 0.0, ""roughly_unchanged"": 0.0, ""insufficient_data"": 1.0}",-0.0,-0.0,10,10,1.0,True,0.0,0.2876820724517809,1.0,1.0,,qwen3.6:27b-q8_0,tatqa,evidence_masked_insufficient,noncommitted
hqa_TAT_924db34b_masked,F,directional_change,1,10,hedgeqa_oracle,,False,,1.0,True,-0.0,0.0,-0.0,0.0,0.0,0.0,-0.0,0.0,-0.0,0.0,insufficient_data,1.0,1.0,1.0,"{""increased"": 0.0, ""decreased"": 0.0, ""roughly_unchanged"": 0.0, ""insufficient_data"": 1.0}",-0.0,-0.0,10,10,1.0,True,0.0,0.2876820724517809,1.0,1.0,,qwen3.6:27b-q8_0,tatqa,evidence_masked_insufficient,noncommitted
hqa_TAT_9335454b,F,directional_change,0,10,hedgeqa_oracle,,False,,1.0,True,-0.0,0.0,-0.0,0.0,0.0,0.0,-0.0,0.0,-0.0,0.0,decreased,0.0,0.0,0.0,"{""increased"": 0.0, ""decreased"": 1.0, ""roughly_unchanged"": 0.0, ""insufficient_data"": 0.0}",-0.0,-0.0,10,10,1.0,True,0.0,0.2876820724517809,1.0,1.0,,qwen3.6:27b-q8_0,tatqa,numeric_to_directional,committed
hqa_TAT_9335454b,F,directional_change,1,10,hedgeqa_oracle,,False,,1.0,True,-0.0,0.0,-0.0,0.0,0.0,0.0,-0.0,0.0,-0.0,0.0,decreased,0.0,0.0,0.0,"{""increased"": 0.0, ""decreased"": 1.0, ""roughly_unchanged"": 0.0, ""insufficient_data"": 0.0}",-0.0,-0.0,10,10,1.0,True,0.0,0.2876820724517809,1.0,1.0,,qwen3.6:27b-q8_0,tatqa,numeric_to_directional,committed
hqa_TAT_96ec3b97,F,directional_change,0,10,hedgeqa_oracle,,False,,1.0,True,-0.0,0.0,-0.0,0.0,0.0,0.0,-0.0,0.0,-0.0,0.0,decreased,0.0,0.0,0.0,"{""increased"": 0.0, ""decreased"": 1.0, ""roughly_unchanged"": 0.0, ""insufficient_data"": 0.0}",-0.0,-0.0,10,10,1.0,True,0.0,0.2876820724517809,1.0,1.0,,qwen3.6:27b-q8_0,tatqa,numeric_to_directional,committed
hqa_TAT_96ec3b97,F,directional_change,1,10,hedgeqa_oracle,,False,,1.0,True,-0.0,0.0,-0.0,0.0,0.0,0.0,-0.0,0.0,-0.0,0.0,decreased,0.0,0.0,0.0,"{""increased"": 0.0, ""decreased"": 1.0, ""roughly_unchanged"": 0.0, ""insufficient_data"": 0.0}",-0.0,-0.0,10,10,1.0,True,0.0,0.2876820724517809,1.0,1.0,,qwen3.6:27b-q8_0,tatqa,numeric_to_directional,committed
hqa_TAT_9d3bed67,F,directional_change,0,10,hedgeqa_oracle,,False,,1.0,True,-0.0,0.0,-0.0,0.0,0.0,0.0,-0.0,0.0,-0.0,0.0,decreased,0.0,0.0,0.0,"{""increased"": 0.0, ""decreased"": 1.0, ""roughly_unchanged"": 0.0, ""insufficient_data"": 0.0}",-0.0,-0.0,10,10,1.0,True,0.0,0.2876820724517809,1.0,1.0,,qwen3.6:27b-q8_0,tatqa,numeric_to_directional,committed
hqa_TAT_9d3bed67,F,directional_change,1,10,hedgeqa_oracle,,False,,1.0,True,-0.0,0.0,-0.0,0.0,0.0,0.0,-0.0,0.0,-0.0,0.0,decreased,0.0,0.0,0.0,"{""increased"": 0.0, ""decreased"": 1.0, ""roughly_unchanged"": 0.0, ""insufficient_data"": 0.0}",-0.0,-0.0,10,10,1.0,True,0.0,0.2876820724517809,1.0,1.0,,qwen3.6:27b-q8_0,tatqa,numeric_to_directional,committed
hqa_TAT_a4e3f89a,F,directional_change,0,10,hedgeqa_oracle,,False,,1.0,True,-0.0,0.0,-0.0,0.0,0.0,0.0,-0.0,0.0,-0.0,0.0,increased,0.0,0.0,0.0,"{""increased"": 1.0, ""decreased"": 0.0, ""roughly_unchanged"": 0.0, ""insufficient_data"": 0.0}",-0.0,-0.0,10,10,1.0,True,0.0,0.2876820724517809,1.0,1.0,,qwen3.6:27b-q8_0,tatqa,numeric_to_directional,committed
hqa_TAT_a4e3f89a,F,directional_change,1,10,hedgeqa_oracle,,False,,1.0,True,-0.0,0.0,-0.0,0.0,0.0,0.0,-0.0,0.0,-0.0,0.0,increased,0.0,0.0,0.0,"{""increased"": 1.0, ""decreased"": 0.0, ""roughly_unchanged"": 0.0, ""insufficient_data"": 0.0}",-0.0,-0.0,10,10,1.0,True,0.0,0.2876820724517809,1.0,1.0,,qwen3.6:27b-q8_0,tatqa,numeric_to_directional,committed
hqa_TAT_a727c9c8,F,directional_change,0,10,hedgeqa_oracle,,False,,1.0,True,-0.0,0.0,-0.0,0.0,0.0,0.0,-0.0,0.0,-0.0,0.0,increased,0.0,0.0,0.0,"{""increased"": 1.0, ""decreased"": 0.0, ""roughly_unchanged"": 0.0, ""insufficient_data"": 0.0}",-0.0,-0.0,10,10,1.0,True,0.0,0.2876820724517809,1.0,1.0,,qwen3.6:27b-q8_0,tatqa,numeric_to_directional,committed
hqa_TAT_a727c9c8,F,directional_change,1,10,hedgeqa_oracle,,False,,1.0,True,-0.0,0.0,-0.0,0.0,0.0,0.0,-0.0,0.0,-0.0,0.0,increased,0.0,0.0,0.0,"{""increased"": 1.0, ""decreased"": 0.0, ""roughly_unchanged"": 0.0, ""insufficient_data"": 0.0}",-0.0,-0.0,10,10,1.0,True,0.0,0.2876820724517809,1.0,1.0,,qwen3.6:27b-q8_0,tatqa,numeric_to_directional,committed
hqa_TAT_a757ebed_masked,F,directional_change,0,10,hedgeqa_oracle,,False,,1.0,True,-0.0,0.0,-0.0,0.0,0.0,0.0,-0.0,0.0,-0.0,0.0,increased,0.0,0.0,0.0,"{""increased"": 1.0, ""decreased"": 0.0, ""roughly_unchanged"": 0.0, ""insufficient_data"": 0.0}",-0.0,-0.0,10,10,0.0,False,2.0,2.4849066497880004,0.0,0.0,,qwen3.6:27b-q8_0,tatqa,evidence_masked_insufficient,noncommitted
hqa_TAT_a757ebed_masked,F,directional_change,1,10,hedgeqa_oracle,,False,,1.0,True,-0.0,0.0,-0.0,0.0,0.0,0.0,-0.0,0.0,-0.0,0.0,increased,0.0,0.0,0.0,"{""increased"": 1.0, ""decreased"": 0.0, ""roughly_unchanged"": 0.0, ""insufficient_data"": 0.0}",-0.0,-0.0,10,10,0.0,False,2.0,2.4849066497880004,0.0,0.0,,qwen3.6:27b-q8_0,tatqa,evidence_masked_insufficient,noncommitted
hqa_TAT_b1f0677c_masked,F,directional_change,0,10,hedgeqa_oracle,,False,,1.0,True,-0.0,0.0,-0.0,0.0,0.0,0.0,-0.0,0.0,-0.0,0.0,increased,0.0,0.0,0.0,"{""increased"": 1.0, ""decreased"": 0.0, ""roughly_unchanged"": 0.0, ""insufficient_data"": 0.0}",-0.0,-0.0,10,10,0.0,False,2.0,2.4849066497880004,0.0,0.0,,qwen3.6:27b-q8_0,tatqa,evidence_masked_insufficient,noncommitted
hqa_TAT_b1f0677c_masked,F,directional_change,1,10,hedgeqa_oracle,,False,,1.0,True,-0.0,0.0,-0.0,0.0,0.0,0.0,-0.0,0.0,-0.0,0.0,increased,0.0,0.0,0.0,"{""increased"": 1.0, ""decreased"": 0.0, ""roughly_unchanged"": 0.0, ""insufficient_data"": 0.0}",-0.0,-0.0,10,10,0.0,False,2.0,2.4849066497880004,0.0,0.0,,qwen3.6:27b-q8_0,tatqa,evidence_masked_insufficient,noncommitted
hqa_TAT_b3f27ae7,F,directional_change,0,10,hedgeqa_oracle,,False,,1.0,True,-0.0,0.0,-0.0,0.0,0.0,0.0,-0.0,0.0,-0.0,0.0,roughly_unchanged,0.0,0.0,0.0,"{""increased"": 0.0, ""decreased"": 0.0, ""roughly_unchanged"": 1.0, ""insufficient_data"": 0.0}",-0.0,-0.0,10,10,1.0,True,0.0,0.2876820724517809,1.0,1.0,,qwen3.6:27b-q8_0,tatqa,numeric_to_directional,committed
hqa_TAT_b3f27ae7,F,directional_change,1,10,hedgeqa_oracle,,False,,1.0,True,-0.0,0.0,-0.0,0.0,0.0,0.0,-0.0,0.0,-0.0,0.0,roughly_unchanged,0.0,0.0,0.0,"{""increased"": 0.0, ""decreased"": 0.0, ""roughly_unchanged"": 1.0, ""insufficient_data"": 0.0}",-0.0,-0.0,10,10,1.0,True,0.0,0.2876820724517809,1.0,1.0,,qwen3.6:27b-q8_0,tatqa,numeric_to_directional,committed
hqa_TAT_b6be3a9e,F,directional_change,0,10,hedgeqa_oracle,,False,,1.0,True,-0.0,0.0,-0.0,0.0,0.0,0.0,-0.0,0.0,-0.0,0.0,decreased,0.0,0.0,0.0,"{""increased"": 0.0, ""decreased"": 1.0, ""roughly_unchanged"": 0.0, ""insufficient_data"": 0.0}",-0.0,-0.0,10,10,1.0,True,0.0,0.2876820724517809,1.0,1.0,,qwen3.6:27b-q8_0,tatqa,numeric_to_directional,committed
hqa_TAT_b6be3a9e,F,directional_change,1,10,hedgeqa_oracle,,False,,1.0,True,-0.0,0.0,-0.0,0.0,0.0,0.0,-0.0,0.0,-0.0,0.0,decreased,0.0,0.0,0.0,"{""increased"": 0.0, ""decreased"": 1.0, ""roughly_unchanged"": 0.0, ""insufficient_data"": 0.0}",-0.0,-0.0,10,10,1.0,True,0.0,0.2876820724517809,1.0,1.0,,qwen3.6:27b-q8_0,tatqa,numeric_to_directional,committed
hqa_TAT_bff37d29,F,directional_change,0,10,hedgeqa_oracle,,False,,1.0,True,0.8568409950394724,0.791190125989608,0.06565086904986439,0.9068409950394725,0.891190125989608,0.015650869049864458,0.6180801271869059,0.5707230355827608,0.047357091604145043,0.07661966389322913,decreased,0.1,0.1,0.1,"{""increased"": 0.25, ""decreased"": 0.65, ""roughly_unchanged"": 0.0, ""insufficient_data"": 0.1}",0.639031859650177,0.9433483923290391,10,10,0.65,True,0.195,0.6603573577369544,0.8,0.5,,qwen3.6:27b-q8_0,tatqa,numeric_to_directional,committed
hqa_TAT_bff37d29,F,directional_change,1,10,hedgeqa_oracle,,False,,1.0,True,-0.0,0.0,-0.0,0.0,0.0,0.0,-0.0,0.0,-0.0,0.0,decreased,0.0,0.0,0.0,"{""increased"": 0.0, ""decreased"": 1.0, ""roughly_unchanged"": 0.0, ""insufficient_data"": 0.0}",-0.0,-0.0,10,10,1.0,True,0.0,0.2876820724517809,1.0,1.0,,qwen3.6:27b-q8_0,tatqa,numeric_to_directional,committed
hqa_TAT_c29146e1,F,directional_change,0,10,hedgeqa_oracle,,False,,1.0,True,-0.0,0.0,-0.0,0.0,0.0,0.0,-0.0,0.0,-0.0,0.0,increased,0.0,0.0,0.0,"{""increased"": 1.0, ""decreased"": 0.0, ""roughly_unchanged"": 0.0, ""insufficient_data"": 0.0}",-0.0,-0.0,10,10,1.0,True,0.0,0.2876820724517809,1.0,1.0,,qwen3.6:27b-q8_0,tatqa,numeric_to_directional,committed
hqa_TAT_c29146e1,F,directional_change,1,10,hedgeqa_oracle,,False,,1.0,True,-0.0,0.0,-0.0,0.0,0.0,0.0,-0.0,0.0,-0.0,0.0,increased,0.0,0.0,0.0,"{""increased"": 1.0, ""decreased"": 0.0, ""roughly_unchanged"": 0.0, ""insufficient_data"": 0.0}",-0.0,-0.0,10,10,1.0,True,0.0,0.2876820724517809,1.0,1.0,,qwen3.6:27b-q8_0,tatqa,numeric_to_directional,committed
hqa_TAT_c2ecf8bd,F,directional_change,0,10,hedgeqa_oracle,,False,,1.0,True,-0.0,0.0,-0.0,0.0,0.0,0.0,-0.0,0.0,-0.0,0.0,decreased,0.0,0.0,0.0,"{""increased"": 0.0, ""decreased"": 1.0, ""roughly_unchanged"": 0.0, ""insufficient_data"": 0.0}",-0.0,-0.0,10,10,1.0,True,0.0,0.2876820724517809,1.0,1.0,,qwen3.6:27b-q8_0,tatqa,numeric_to_directional,committed
hqa_TAT_c2ecf8bd,F,directional_change,1,10,hedgeqa_oracle,,False,,1.0,True,-0.0,0.0,-0.0,0.0,0.0,0.0,-0.0,0.0,-0.0,0.0,decreased,0.0,0.0,0.0,"{""increased"": 0.0, ""decreased"": 1.0, ""roughly_unchanged"": 0.0, ""insufficient_data"": 0.0}",-0.0,-0.0,10,10,1.0,True,0.0,0.2876820724517809,1.0,1.0,,qwen3.6:27b-q8_0,tatqa,numeric_to_directional,committed
hqa_TAT_d223a6ae,F,directional_change,0,10,hedgeqa_oracle,,False,,1.0,True,-0.0,0.0,-0.0,0.0,0.0,0.0,-0.0,0.0,-0.0,0.0,decreased,0.0,0.0,0.0,"{""increased"": 0.0, ""decreased"": 1.0, ""roughly_unchanged"": 0.0, ""insufficient_data"": 0.0}",-0.0,-0.0,10,10,1.0,True,0.0,0.2876820724517809,1.0,1.0,,qwen3.6:27b-q8_0,tatqa,numeric_to_directional,committed
hqa_TAT_d223a6ae,F,directional_change,1,10,hedgeqa_oracle,,False,,1.0,True,-0.0,0.0,-0.0,0.0,0.0,0.0,-0.0,0.0,-0.0,0.0,decreased,0.0,0.0,0.0,"{""increased"": 0.0, ""decreased"": 1.0, ""roughly_unchanged"": 0.0, ""insufficient_data"": 0.0}",-0.0,-0.0,10,10,1.0,True,0.0,0.2876820724517809,1.0,1.0,,qwen3.6:27b-q8_0,tatqa,numeric_to_directional,committed
hqa_TAT_d24aae82_masked,F,directional_change,0,10,hedgeqa_oracle,,False,,1.0,True,-0.0,0.0,-0.0,0.0,0.0,0.0,-0.0,0.0,-0.0,0.0,increased,0.0,0.0,0.0,"{""increased"": 1.0, ""decreased"": 0.0, ""roughly_unchanged"": 0.0, ""insufficient_data"": 0.0}",-0.0,-0.0,10,10,0.0,False,2.0,2.4849066497880004,0.0,0.0,,qwen3.6:27b-q8_0,tatqa,evidence_masked_insufficient,noncommitted
hqa_TAT_d24aae82_masked,F,directional_change,1,10,hedgeqa_oracle,,False,,1.0,True,-0.0,0.0,-0.0,0.0,0.0,0.0,-0.0,0.0,-0.0,0.0,increased,0.0,0.0,0.0,"{""increased"": 1.0, ""decreased"": 0.0, ""roughly_unchanged"": 0.0, ""insufficient_data"": 0.0}",-0.0,-0.0,10,10,0.0,False,2.0,2.4849066497880004,0.0,0.0,,qwen3.6:27b-q8_0,tatqa,evidence_masked_insufficient,noncommitted
hqa_TAT_d510edb9,F,directional_change,0,10,hedgeqa_oracle,,False,,1.0,True,-0.0,0.0,-0.0,0.0,0.0,0.0,-0.0,0.0,-0.0,0.0,increased,0.0,0.0,0.0,"{""increased"": 1.0, ""decreased"": 0.0, ""roughly_unchanged"": 0.0, ""insufficient_data"": 0.0}",-0.0,-0.0,10,10,1.0,True,0.0,0.2876820724517809,1.0,1.0,,qwen3.6:27b-q8_0,tatqa,numeric_to_directional,committed
hqa_TAT_d510edb9,F,directional_change,1,10,hedgeqa_oracle,,False,,1.0,True,-0.0,0.0,-0.0,0.0,0.0,0.0,-0.0,0.0,-0.0,0.0,increased,0.0,0.0,0.0,"{""increased"": 1.0, ""decreased"": 0.0, ""roughly_unchanged"": 0.0, ""insufficient_data"": 0.0}",-0.0,-0.0,10,10,1.0,True,0.0,0.2876820724517809,1.0,1.0,,qwen3.6:27b-q8_0,tatqa,numeric_to_directional,committed
hqa_TAT_d8c5f9a6,F,directional_change,0,10,hedgeqa_oracle,,False,,1.0,True,-0.0,0.0,-0.0,0.0,0.0,0.0,-0.0,0.0,-0.0,0.0,roughly_unchanged,0.0,0.0,0.0,"{""increased"": 0.0, ""decreased"": 0.0, ""roughly_unchanged"": 1.0, ""insufficient_data"": 0.0}",-0.0,-0.0,10,10,1.0,True,0.0,0.2876820724517809,1.0,1.0,,qwen3.6:27b-q8_0,tatqa,numeric_to_directional,committed
hqa_TAT_d8c5f9a6,F,directional_change,1,10,hedgeqa_oracle,,False,,1.0,True,-0.0,0.0,-0.0,0.0,0.0,0.0,-0.0,0.0,-0.0,0.0,roughly_unchanged,0.0,0.0,0.0,"{""increased"": 0.0, ""decreased"": 0.0, ""roughly_unchanged"": 1.0, ""insufficient_data"": 0.0}",-0.0,-0.0,10,10,1.0,True,0.0,0.2876820724517809,1.0,1.0,,qwen3.6:27b-q8_0,tatqa,numeric_to_directional,committed
hqa_TAT_df2b4702,F,directional_change,0,10,hedgeqa_oracle,,False,,1.0,True,-0.0,0.0,-0.0,0.0,0.0,0.0,-0.0,0.0,-0.0,0.0,decreased,0.0,0.0,0.0,"{""increased"": 0.0, ""decreased"": 1.0, ""roughly_unchanged"": 0.0, ""insufficient_data"": 0.0}",-0.0,-0.0,10,10,1.0,True,0.0,0.2876820724517809,1.0,1.0,,qwen3.6:27b-q8_0,tatqa,numeric_to_directional,committed
hqa_TAT_df2b4702,F,directional_change,1,10,hedgeqa_oracle,,False,,1.0,True,-0.0,0.0,-0.0,0.0,0.0,0.0,-0.0,0.0,-0.0,0.0,decreased,0.0,0.0,0.0,"{""increased"": 0.0, ""decreased"": 1.0, ""roughly_unchanged"": 0.0, ""insufficient_data"": 0.0}",-0.0,-0.0,10,10,1.0,True,0.0,0.2876820724517809,1.0,1.0,,qwen3.6:27b-q8_0,tatqa,numeric_to_directional,committed
hqa_TAT_e3e6cc0b,F,directional_change,0,10,hedgeqa_oracle,,False,,1.0,True,-0.0,0.0,-0.0,0.0,0.0,0.0,-0.0,0.0,-0.0,0.0,increased,0.0,0.0,0.0,"{""increased"": 1.0, ""decreased"": 0.0, ""roughly_unchanged"": 0.0, ""insufficient_data"": 0.0}",-0.0,-0.0,10,10,1.0,True,0.0,0.2876820724517809,1.0,1.0,,qwen3.6:27b-q8_0,tatqa,numeric_to_directional,committed
hqa_TAT_e3e6cc0b,F,directional_change,1,10,hedgeqa_oracle,,False,,1.0,True,-0.0,0.0,-0.0,0.0,0.0,0.0,-0.0,0.0,-0.0,0.0,increased,0.0,0.0,0.0,"{""increased"": 1.0, ""decreased"": 0.0, ""roughly_unchanged"": 0.0, ""insufficient_data"": 0.0}",-0.0,-0.0,10,10,1.0,True,0.0,0.2876820724517809,1.0,1.0,,qwen3.6:27b-q8_0,tatqa,numeric_to_directional,committed
hqa_TAT_e6ab76b6,F,directional_change,0,10,hedgeqa_oracle,,False,,1.0,True,-0.0,0.0,-0.0,0.0,0.0,0.0,-0.0,0.0,-0.0,0.0,increased,0.0,0.0,0.0,"{""increased"": 1.0, ""decreased"": 0.0, ""roughly_unchanged"": 0.0, ""insufficient_data"": 0.0}",-0.0,-0.0,10,10,1.0,True,0.0,0.2876820724517809,1.0,1.0,,qwen3.6:27b-q8_0,tatqa,numeric_to_directional,committed
hqa_TAT_e6ab76b6,F,directional_change,1,10,hedgeqa_oracle,,False,,1.0,True,-0.0,0.0,-0.0,0.0,0.0,0.0,-0.0,0.0,-0.0,0.0,increased,0.0,0.0,0.0,"{""increased"": 1.0, ""decreased"": 0.0, ""roughly_unchanged"": 0.0, ""insufficient_data"": 0.0}",-0.0,-0.0,10,10,1.0,True,0.0,0.2876820724517809,1.0,1.0,,qwen3.6:27b-q8_0,tatqa,numeric_to_directional,committed
hqa_TAT_eefe67af,F,directional_change,0,10,hedgeqa_oracle,,False,,1.0,True,0.5623351446188083,0.34657359027997264,0.21576155433883565,0.5873351446188083,0.37157359027997267,0.21576155433883565,0.4056390622295664,0.25,0.15563906222956642,0.3836885465963443,decreased,0.0,0.0,0.0,"{""increased"": 0.0, ""decreased"": 0.75, ""roughly_unchanged"": 0.25, ""insufficient_data"": 0.0}",-0.0,0.6931471805599453,10,10,0.25,False,1.125,1.3862943611198906,0.0,0.5,,qwen3.6:27b-q8_0,tatqa,numeric_to_directional,committed
hqa_TAT_eefe67af,F,directional_change,1,10,hedgeqa_oracle,,False,,1.0,True,0.1985152433458726,0.1625414866957241,0.035973756650148486,0.22351524334587258,0.1875414866957241,0.035973756650148486,0.1431984785579781,0.11724889839732029,0.025949580160657796,0.18121407728610292,decreased,0.0,0.0,0.0,"{""increased"": 0.0, ""decreased"": 0.95, ""roughly_unchanged"": 0.05, ""insufficient_data"": 0.0}",0.3250829733914482,-0.0,10,10,0.05,False,1.805,2.1484344131667874,0.1,0.0,,qwen3.6:27b-q8_0,tatqa,numeric_to_directional,committed
hqa_TAT_f0b19718_masked,F,directional_change,0,10,hedgeqa_oracle,,False,,1.0,True,0.3250829733914482,0.3250829733914482,0.0,0.3500829733914482,0.3750829733914482,0.0,0.23449779679464058,0.23449779679464058,0.0,0.0,increased,0.0,0.0,0.0,"{""increased"": 0.9, ""decreased"": 0.1, ""roughly_unchanged"": 0.0, ""insufficient_data"": 0.0}",0.3250829733914482,0.3250829733914482,10,10,0.0,False,1.82,2.4849066497880004,0.0,0.0,,qwen3.6:27b-q8_0,tatqa,evidence_masked_insufficient,noncommitted
hqa_TAT_f0b19718_masked,F,directional_change,1,10,hedgeqa_oracle,,False,,1.0,True,-0.0,0.0,-0.0,0.0,0.0,0.0,-0.0,0.0,-0.0,0.0,increased,0.0,0.0,0.0,"{""increased"": 1.0, ""decreased"": 0.0, ""roughly_unchanged"": 0.0, ""insufficient_data"": 0.0}",-0.0,-0.0,10,10,0.0,False,2.0,2.4849066497880004,0.0,0.0,,qwen3.6:27b-q8_0,tatqa,evidence_masked_insufficient,noncommitted
hqa_TAT_f18ac7c4,F,directional_change,0,10,hedgeqa_oracle,,False,,1.0,True,-0.0,0.0,-0.0,0.0,0.0,0.0,-0.0,0.0,-0.0,0.0,decreased,0.0,0.0,0.0,"{""increased"": 0.0, ""decreased"": 1.0, ""roughly_unchanged"": 0.0, ""insufficient_data"": 0.0}",-0.0,-0.0,10,10,1.0,True,0.0,0.2876820724517809,1.0,1.0,,qwen3.6:27b-q8_0,tatqa,numeric_to_directional,committed
hqa_TAT_f18ac7c4,F,directional_change,1,10,hedgeqa_oracle,,False,,1.0,True,-0.0,0.0,-0.0,0.0,0.0,0.0,-0.0,0.0,-0.0,0.0,decreased,0.0,0.0,0.0,"{""increased"": 0.0, ""decreased"": 1.0, ""roughly_unchanged"": 0.0, ""insufficient_data"": 0.0}",-0.0,-0.0,10,10,1.0,True,0.0,0.2876820724517809,1.0,1.0,,qwen3.6:27b-q8_0,tatqa,numeric_to_directional,committed
hqa_TAT_f37c7794,F,directional_change,0,10,hedgeqa_oracle,,False,,1.0,True,-0.0,0.0,-0.0,0.0,0.0,0.0,-0.0,0.0,-0.0,0.0,roughly_unchanged,0.0,0.0,0.0,"{""increased"": 0.0, ""decreased"": 0.0, ""roughly_unchanged"": 1.0, ""insufficient_data"": 0.0}",-0.0,-0.0,10,10,1.0,True,0.0,0.2876820724517809,1.0,1.0,,qwen3.6:27b-q8_0,tatqa,numeric_to_directional,committed
hqa_TAT_f37c7794,F,directional_change,1,10,hedgeqa_oracle,,False,,1.0,True,-0.0,0.0,-0.0,0.0,0.0,0.0,-0.0,0.0,-0.0,0.0,roughly_unchanged,0.0,0.0,0.0,"{""increased"": 0.0, ""decreased"": 0.0, ""roughly_unchanged"": 1.0, ""insufficient_data"": 0.0}",-0.0,-0.0,10,10,1.0,True,0.0,0.2876820724517809,1.0,1.0,,qwen3.6:27b-q8_0,tatqa,numeric_to_directional,committed
hqa_TAT_f553c037,F,directional_change,0,10,hedgeqa_oracle,,False,,1.0,True,-0.0,0.0,-0.0,0.0,0.0,0.0,-0.0,0.0,-0.0,0.0,decreased,0.0,0.0,0.0,"{""increased"": 0.0, ""decreased"": 1.0, ""roughly_unchanged"": 0.0, ""insufficient_data"": 0.0}",-0.0,-0.0,10,10,1.0,True,0.0,0.2876820724517809,1.0,1.0,,qwen3.6:27b-q8_0,tatqa,numeric_to_directional,committed
hqa_TAT_f553c037,F,directional_change,1,10,hedgeqa_oracle,,False,,1.0,True,-0.0,0.0,-0.0,0.0,0.0,0.0,-0.0,0.0,-0.0,0.0,decreased,0.0,0.0,0.0,"{""increased"": 0.0, ""decreased"": 1.0, ""roughly_unchanged"": 0.0, ""insufficient_data"": 0.0}",-0.0,-0.0,10,10,1.0,True,0.0,0.2876820724517809,1.0,1.0,,qwen3.6:27b-q8_0,tatqa,numeric_to_directional,committed
