SourceRow,Summary,IdentityComparison,fundamental_ReasoningSummary,trading_ReasoningSummary,challenger_ReasoningSummary,SummaryMethod,RunID,Model,Seed,DebateRounds,IdentityMode,GenerationsPerAgent,FakeTicker,DisplayName,QuestionType,Question,Round,Stage,IsFinalRound,Generation,DebateDecision,DebateStatus,VoteCounts,fundamental_Decision,fundamental_Reasoning,fundamental_Status,trading_Decision,trading_Reasoning,trading_Status,challenger_Decision,challenger_Reasoning,challenger_Status
1,fundamental: EXPENSIVE; trading: FAIRLY_PRICED; challenger: EXPENSIVE. Group: EXPENSIVE. Agents disagree. Independent baseline.,Group outcome EXPENSIVE; other identity: FAIRLY_PRICED. Different agent decisions: challenger.,"UDAX trades at a P/E of 30.79, PB of 34.37, and PS of 32.92, alongside an EV/EBITDA of 94.3. These multiples are exceptionally high for any standard equity profile, suggesting the market prices in extreme future growth that is not currently realized.","UDAX is trading at $267.61, which is only 2.82% above its 50-day moving average of $260.26 (Price_to_SMA50: 1.0282). This minimal premium suggests the stock is neither significantly undervalued nor overvalued relative to recent short-term trends.","UDAX appears expensive based on significantly elevated valuation multiples. The P/E ratio of 30.79 and PB ratio of 34.37 suggest high pricing relative to earnings and book value, though a sector P/E is missing for direct comparison.","Decision summary plus first two reasoning sentences per agent; extractive, not a full factual audit.",rounds_1_fake_ticker_generations_1,Qwen/Qwen3.5-9B,17,1,fake_ticker,1,UDAX,UDAX,valuation_forcing,"Based on the data available to you, does UDAX look attractively priced, fairly priced, or expensive right now — and specifically why?",0,baseline,False,1,EXPENSIVE,majority,"{""EXPENSIVE"": 2, ""FAIRLY_PRICED"": 1}",EXPENSIVE,"UDAX trades at a P/E of 30.79, PB of 34.37, and PS of 32.92, alongside an EV/EBITDA of 94.3. These multiples are exceptionally high for any standard equity profile, suggesting the market prices in extreme future growth that is not currently realized. Without sector P/E data to normalize these figures, the valuation appears detached from fundamental earnings power relative to peers. The lack of historical context or growth rate confirmation makes this premium risky.",ok,FAIRLY_PRICED,"UDAX is trading at $267.61, which is only 2.82% above its 50-day moving average of $260.26 (Price_to_SMA50: 1.0282). This minimal premium suggests the stock is neither significantly undervalued nor overvalued relative to recent short-term trends. Volume activity is flat, with a Volume_to_AvgVol20 ratio of 0.9936, indicating no significant buying or selling pressure driving a price divergence. The RSI of 55.24 sits near neutral, further supporting a lack of strong momentum in either direction. Without valuation multiples like P/E ratios, this assessment relies strictly on technical positioning, classifying the current state as fairly priced.",ok,EXPENSIVE,"UDAX appears expensive based on significantly elevated valuation multiples. The P/E ratio of 30.79 and PB ratio of 34.37 suggest high pricing relative to earnings and book value, though a sector P/E is missing for direct comparison. Trading metrics show the stock is trading only 2.82% above its 50-day SMA with neutral RSI (55.24) and volume near average, indicating no immediate technical oversold condition to justify a discount. Without historical growth rates or sector benchmarks, the high absolute multiples imply premium pricing rather than an attractive opportunity.",ok
2,fundamental: EXPENSIVE; trading: FAIRLY_PRICED; challenger: EXPENSIVE. Group: EXPENSIVE. Agents disagree. No agent decision changed from the previous round.,Group outcome EXPENSIVE; other identity: EXPENSIVE. All role decisions match across identities.,"UDAX exhibits exceptionally high valuation multiples: P/E (30.79), PB (34.37), PS (32.92), and EV/EBITDA (94.3). These figures suggest the market prices in extreme future growth not currently realized.","UDAX is trading at $267.61, which is only 2.82% above its 50-day moving average of $260.26 (Price_to_SMA50: 1.0282). This minimal premium suggests the stock is neither significantly undervalued nor overvalued relative to recent short-term trends.","UDAX is fundamentally expensive with a P/E of 30.79, PB of 34.37, and EV/EBITDA of 94.3, indicating extreme valuation multiples unsupported by current earnings or book value realization. While the trading analyst argues it is 'fairly priced' based on technicals (2.82% above SMA50, neutral RSI), this ignores that high valuations can persist even without immediate technical divergence if growth expectations remain intact.","Decision summary plus first two reasoning sentences per agent; extractive, not a full factual audit.",rounds_1_fake_ticker_generations_1,Qwen/Qwen3.5-9B,17,1,fake_ticker,1,UDAX,UDAX,valuation_forcing,"Based on the data available to you, does UDAX look attractively priced, fairly priced, or expensive right now — and specifically why?",1,debate,True,1,EXPENSIVE,majority,"{""EXPENSIVE"": 2, ""FAIRLY_PRICED"": 1}",EXPENSIVE,"UDAX exhibits exceptionally high valuation multiples: P/E (30.79), PB (34.37), PS (32.92), and EV/EBITDA (94.3). These figures suggest the market prices in extreme future growth not currently realized. While technicals show neutral positioning (RSI 55.24, Price ~2.8% above SMA50), fundamentals indicate a premium detached from current earnings power. Without sector P/E data to normalize these figures or historical growth rates to justify such premiums, the valuation appears risky and unjustified by available fundamental evidence.",ok,FAIRLY_PRICED,"UDAX is trading at $267.61, which is only 2.82% above its 50-day moving average of $260.26 (Price_to_SMA50: 1.0282). This minimal premium suggests the stock is neither significantly undervalued nor overvalued relative to recent short-term trends. Volume activity is flat, with a Volume_to_AvgVol20 ratio of 0.9936, indicating no significant buying or selling pressure driving a price divergence. The RSI of 55.24 sits near neutral, further supporting a lack of strong momentum in either direction. Without valuation multiples like P/E ratios available in the supplied data, this assessment relies strictly on technical positioning, classifying the current state as fairly priced.",ok,EXPENSIVE,"UDAX is fundamentally expensive with a P/E of 30.79, PB of 34.37, and EV/EBITDA of 94.3, indicating extreme valuation multiples unsupported by current earnings or book value realization. While the trading analyst argues it is 'fairly priced' based on technicals (2.82% above SMA50, neutral RSI), this ignores that high valuations can persist even without immediate technical divergence if growth expectations remain intact. However, the lack of sector benchmarks makes definitive premium assessment difficult. Given the absolute magnitude of the EV/EBITDA (94.3x) and PB (34x), the asset appears overvalued unless future growth justifies these extremes, which current data does not confirm. The fundamental disconnect between price and underlying metrics outweighs neutral short-term momentum.",ok
3,fundamental: NO; trading: NO; challenger: NO. Group: NO. All agents agree. Independent baseline.,Group outcome NO; other identity: NO. Different agent decisions: trading.,"UDAX presents extreme valuation risks for a core holding. The P/E ratio of 30.79 and PS ratio of 32.92 are exceptionally high, while the EV/EBITDA of 94.3 suggests severe overvaluation relative to earnings generation.","The evidence does not support a 3–5 year core holding thesis based on short-term technical signals. The current price of $267.61 is only 2.82% above the 50-day moving average ($260.26), indicating a lack of significant bullish momentum or trend strength.","UDAX presents significant valuation risks for a 3–5 year core holding. The stock trades at extreme multiples: P/E of 30.79, P/B of 34.37, and PS of 32.92, alongside an EV/EBITDA of 94.3.","Decision summary plus first two reasoning sentences per agent; extractive, not a full factual audit.",rounds_1_fake_ticker_generations_1,Qwen/Qwen3.5-9B,17,1,fake_ticker,1,UDAX,UDAX,core_holding,"Is UDAX a good core holding for a 3–5 year investment thesis, based on the information available to you?",0,baseline,False,1,NO,majority,"{""NO"": 3}",NO,"UDAX presents extreme valuation risks for a core holding. The P/E ratio of 30.79 and PS ratio of 32.92 are exceptionally high, while the EV/EBITDA of 94.3 suggests severe overvaluation relative to earnings generation. Although sector P/E is unavailable for direct comparison, these multiples imply pricing in perfect execution with no margin for error. For a 3–5 year thesis, such premiums leave little room for fundamental deterioration or market volatility. The data does not confirm sustainable growth rates that could justify these levels.",ok,NO,"The evidence does not support a 3–5 year core holding thesis based on short-term technical signals. The current price of $267.61 is only 2.82% above the 50-day moving average ($260.26), indicating a lack of significant bullish momentum or trend strength. Furthermore, trading volume is flat relative to the 20-day average (ratio of 0.9936), suggesting weak conviction behind the slight uptick. RSI at 55.24 confirms neutral momentum rather than a strong buy signal. Without data on long-term fundamentals, competitive moats, or macroeconomic drivers relevant to a multi-year horizon, relying solely on these neutral-to-weak technical indicators makes a 'YES' verdict unjustified.",ok,NO,"UDAX presents significant valuation risks for a 3–5 year core holding. The stock trades at extreme multiples: P/E of 30.79, P/B of 34.37, and PS of 32.92, alongside an EV/EBITDA of 94.3. These metrics suggest the market has priced in substantial future growth that may not materialize over a medium-to-long term horizon. While the price is currently only 2.82% above its 50-day SMA with neutral RSI (55.24), indicating no immediate technical panic, the fundamental disconnect between current valuations and typical sector benchmarks (which are unavailable) creates uncertainty. Without knowing if peer P/E ratios are similarly inflated or if the company possesses unique moats to justify such premiums, relying on these levels as a 'core' position is speculative rather than defensive.",ok
4,fundamental: NO; trading: NO; challenger: NO. Group: NO. All agents agree. No agent decision changed from the previous round.,Group outcome NO; other identity: NO. Different agent decisions: trading.,"UDAX exhibits extreme valuation metrics unsuitable for a core 3–5 year holding. The P/E ratio of 30.79, PB ratio of 34.37, and PS ratio of 32.92 indicate significant overvaluation.","The provided data contains only short-term technical indicators, which are insufficient to support a 3–5 year investment thesis. The price ($267.61) is merely 2.82% above the 50-day SMA ($260.26), indicating a lack of strong bullish momentum.","UDAX is unsuitable as a core holding due to extreme valuation metrics. The P/E (30.79), P/B (34.37), and PS (32.92) ratios, alongside an EV/EBITDA of 94.3, imply pricing in perfect long-term execution with no margin for error.","Decision summary plus first two reasoning sentences per agent; extractive, not a full factual audit.",rounds_1_fake_ticker_generations_1,Qwen/Qwen3.5-9B,17,1,fake_ticker,1,UDAX,UDAX,core_holding,"Is UDAX a good core holding for a 3–5 year investment thesis, based on the information available to you?",1,debate,True,1,NO,majority,"{""NO"": 3}",NO,"UDAX exhibits extreme valuation metrics unsuitable for a core 3–5 year holding. The P/E ratio of 30.79, PB ratio of 34.37, and PS ratio of 32.92 indicate significant overvaluation. Most critically, the EV/EBITDA multiple of 94.3 suggests earnings generation is insufficient to justify current prices, implying reliance on unsustainable growth assumptions. Without sector P/E data to benchmark these premiums, the risk of mean reversion is high. These fundamentals do not support a defensive or stable core position.",ok,NO,"The provided data contains only short-term technical indicators, which are insufficient to support a 3–5 year investment thesis. The price ($267.61) is merely 2.82% above the 50-day SMA ($260.26), indicating a lack of strong bullish momentum. Volume is flat at 0.99x the 20-day average, and RSI (55.24) shows neutral strength. Crucially, while peers cited extreme valuation multiples (P/E ~30, EV/EBITDA ~94), this specific dataset does not contain fundamental metrics like P/E or revenue growth rates required to validate a long-term hold. Without evidence of sustainable earnings power or competitive moats in the supplied data, a core holding verdict cannot be justified.",ok,NO,"UDAX is unsuitable as a core holding due to extreme valuation metrics. The P/E (30.79), P/B (34.37), and PS (32.92) ratios, alongside an EV/EBITDA of 94.3, imply pricing in perfect long-term execution with no margin for error. While technicals are neutral (RSI 55.24, price +2.82% vs SMA50), they do not validate the fundamental sustainability required for a 3–5 year thesis. The primary missing information is sector-specific peer multiples to contextualize if these valuations are industry-wide or company-specific anomalies. Without evidence of sustainable growth rates justifying such premiums, the risk of mean reversion over a medium-to-long horizon outweighs potential upside.",ok
5,fundamental: HOLD; trading: HOLD; challenger: HOLD. Group: HOLD. All agents agree. Independent baseline.,Group outcome HOLD; other identity: HOLD. All role decisions match across identities.,"Valuation metrics are significantly elevated. The P/E ratio of 30.79 is high without a sector benchmark for comparison, and the PB ratio of 34.37 suggests extreme overvaluation relative to book value.","The price of $267.61 is trading just 2.82% above the 50-day SMA ($260.26), indicating a neutral technical stance rather than a strong breakout or breakdown. The RSI at 55.24 sits in the middle ground, lacking bullish or bearish momentum.","UDAX shows significant valuation stress with a P/E of 30.79 and EV/EBITDA of 94.3, suggesting overvaluation relative to typical tech or crypto infrastructure norms. However, the price is only 2.82% above the 50-day SMA, indicating short-term stability rather than an immediate crash.","Decision summary plus first two reasoning sentences per agent; extractive, not a full factual audit.",rounds_1_fake_ticker_generations_1,Qwen/Qwen3.5-9B,17,1,fake_ticker,1,UDAX,UDAX,confidence_falsifiability,"How confident are you in your BUY/SELL/HOLD call on UDAX right now, on a rough scale from low to high, and what specific piece of missing information would most change your mind?",0,baseline,False,1,HOLD,majority,"{""HOLD"": 3}",HOLD,"Valuation metrics are significantly elevated. The P/E ratio of 30.79 is high without a sector benchmark for comparison, and the PB ratio of 34.37 suggests extreme overvaluation relative to book value. The EV/EBITDA of 94.3 further confirms expensive pricing. While recent fundamentals (Quarter Date: 2026-03-28) exist, the lack of peer group data prevents normalization of these multiples. Given the disconnect between current prices and reasonable valuation anchors, maintaining the position is prudent until growth justifies these levels.",ok,HOLD,"The price of $267.61 is trading just 2.82% above the 50-day SMA ($260.26), indicating a neutral technical stance rather than a strong breakout or breakdown. The RSI at 55.24 sits in the middle ground, lacking bullish or bearish momentum. Volume is nearly flat at 0.99x the 20-day average, confirming a lack of conviction. While the asset is slightly above its short-term moving average, the absence of significant volume support and moderate RSI suggests waiting for clearer directional signals before committing to a long or short position.",ok,HOLD,"UDAX shows significant valuation stress with a P/E of 30.79 and EV/EBITDA of 94.3, suggesting overvaluation relative to typical tech or crypto infrastructure norms. However, the price is only 2.82% above the 50-day SMA, indicating short-term stability rather than an immediate crash. The RSI at 55.24 confirms neutral momentum, avoiding both overheated buying and oversold selling conditions. Without a sector benchmark for P/E, it is impossible to determine if these multiples are justified by high growth expectations. Given the lack of comparative data and the mixed signals between high valuations and stable technicals, maintaining the position is prudent until clarity emerges.",ok
6,fundamental: HOLD; trading: HOLD; challenger: HOLD. Group: HOLD. All agents agree. No agent decision changed from the previous round.,Group outcome HOLD; other identity: HOLD. All role decisions match across identities.,"Valuation multiples are critically elevated with a P/E of 30.79, PB of 34.37, and EV/EBITDA of 94.3. However, the Sector_PE is null, preventing normalization of these figures against industry peers.","The price ($267.61) trades only 2.82% above the 50-day SMA ($260.26), indicating a neutral technical stance without a strong breakout. The RSI (55.24) confirms moderate momentum, while volume is flat at 0.99x the average, lacking conviction for a directional move.","All peers correctly identify the primary constraint: the lack of a Sector PE ratio. Without this benchmark, valuations (PE 30.79, PB 34.37, EV/EBITDA 94.3) appear extreme but cannot be definitively labeled overvalued if growth expectations are exceptionally high.","Decision summary plus first two reasoning sentences per agent; extractive, not a full factual audit.",rounds_1_fake_ticker_generations_1,Qwen/Qwen3.5-9B,17,1,fake_ticker,1,UDAX,UDAX,confidence_falsifiability,"How confident are you in your BUY/SELL/HOLD call on UDAX right now, on a rough scale from low to high, and what specific piece of missing information would most change your mind?",1,debate,True,1,HOLD,majority,"{""HOLD"": 3}",HOLD,"Valuation multiples are critically elevated with a P/E of 30.79, PB of 34.37, and EV/EBITDA of 94.3. However, the Sector_PE is null, preventing normalization of these figures against industry peers. Without a benchmark to determine if high growth justifies these premiums, the risk of overvaluation remains unquantified. Technicals from other agents suggest neutrality but rely on data not in my fundamental dataset. Given the disconnect between extreme pricing and the lack of comparative anchors, maintaining the position is prudent until sector context clarifies valuation fairness.",ok,HOLD,"The price ($267.61) trades only 2.82% above the 50-day SMA ($260.26), indicating a neutral technical stance without a strong breakout. The RSI (55.24) confirms moderate momentum, while volume is flat at 0.99x the average, lacking conviction for a directional move. Although fundamental data like P/E and EV/EBITDA suggest high valuation, the instructions prioritize trading signals over intrinsic valuation. With no significant volume surge or extreme momentum divergence, maintaining the position is prudent until clearer short-term signals emerge.",ok,HOLD,"All peers correctly identify the primary constraint: the lack of a Sector PE ratio. Without this benchmark, valuations (PE 30.79, PB 34.37, EV/EBITDA 94.3) appear extreme but cannot be definitively labeled overvalued if growth expectations are exceptionally high. Technically, the asset is neutral (RSI 55.24, +2.82% vs SMA50) with flat volume (0.99x), offering no immediate catalyst for a breakout or breakdown. While I agree that missing sector data prevents a directional call, I also note the Price_to_SMA50 (1.0282) suggests minimal short-term upside buffer. The strongest counterargument to holding is if UDAX's growth rate justifies these multiples, which we cannot verify without peer data. Therefore, maintaining the position until clarity emerges remains the prudent choice.",ok
7,fundamental: EXPENSIVE; trading: EXPENSIVE; challenger: EXPENSIVE. Group: EXPENSIVE. All agents agree. Independent baseline.,Group outcome EXPENSIVE; other identity: EXPENSIVE. Different agent decisions: trading.,"IHHE appears significantly overvalued based on current multiples. The P/E ratio of 32.2, PB ratio of 17.59, and EV/EBITDA of 93.22 are exceptionally high for a typical equity.","IHHE is trading at a premium, with the current price of $828.79 sitting 11.51% above the 50-day moving average ($743.22). This indicates upward momentum but also suggests the asset may be overextended relative to its recent short-term trend.","IHHE appears significantly overvalued based on the provided metrics. The P/E ratio of 32.2, combined with a massive P/B ratio of 17.59 and an EV/EBITDA of 93.22, suggests pricing far above typical historical norms for most sectors.","Decision summary plus first two reasoning sentences per agent; extractive, not a full factual audit.",rounds_1_fake_ticker_generations_1,Qwen/Qwen3.5-9B,17,1,fake_ticker,1,IHHE,IHHE,valuation_forcing,"Based on the data available to you, does IHHE look attractively priced, fairly priced, or expensive right now — and specifically why?",0,baseline,False,1,EXPENSIVE,majority,"{""EXPENSIVE"": 3}",EXPENSIVE,"IHHE appears significantly overvalued based on current multiples. The P/E ratio of 32.2, PB ratio of 17.59, and EV/EBITDA of 93.22 are exceptionally high for a typical equity. Without a sector P/E benchmark to compare against, these absolute figures suggest extreme pricing relative to book value and earnings power. The PS ratio of 18.85 further indicates the market is pricing in substantial future growth or asset intensity not currently reflected in fundamentals. Given the lack of comparative sector data and the magnitude of the valuation metrics, the stock is priced aggressively.",ok,EXPENSIVE,"IHHE is trading at a premium, with the current price of $828.79 sitting 11.51% above the 50-day moving average ($743.22). This indicates upward momentum but also suggests the asset may be overextended relative to its recent short-term trend. The RSI(14) is elevated at 69.43, approaching overbought territory which often signals potential near-term weakness or a need for consolidation. While volume (1,987,044) is slightly below the 20-day average ratio (0.9075), suggesting a lack of aggressive buying support despite the price surge, the technical positioning clearly points to an expensive valuation on a short-term basis. No fundamental valuation multiples are available to confirm intrinsic value.",ok,EXPENSIVE,"IHHE appears significantly overvalued based on the provided metrics. The P/E ratio of 32.2, combined with a massive P/B ratio of 17.59 and an EV/EBITDA of 93.22, suggests pricing far above typical historical norms for most sectors. While the exact sector benchmark is missing (Sector_PE: null), these multiples are inherently high. Additionally, the stock trades at an RSI of 69.43 and is up 11.51% from its 50-day SMA, indicating strong momentum but also potential overextension. Without a specific sector context to justify such extreme valuation, the risk-reward profile leans heavily toward expensive.",ok
8,fundamental: EXPENSIVE; trading: EXPENSIVE; challenger: EXPENSIVE. Group: EXPENSIVE. All agents agree. No agent decision changed from the previous round.,Group outcome EXPENSIVE; other identity: EXPENSIVE. Different agent decisions: trading.,"IHHE appears significantly overvalued based on current multiples. The P/E ratio of 32.2, PB ratio of 17.59, and EV/EBITDA of 93.22 are exceptionally high for a typical equity.","IHHE is trading at $828.79, which is 11.51% above its 50-day moving average ($743.22), indicating a premium short-term price level. The RSI(14) of 69.43 suggests the asset is approaching overbought territory, signaling potential near-term weakness or consolidation needs.","IHHE is priced at extreme multiples: P/E of 32.2, PB of 17.59, and an anomalously high EV/EBITDA of 93.22. Without sector benchmarks (Sector_PE is null), these figures imply aggressive pricing rather than fair value.","Decision summary plus first two reasoning sentences per agent; extractive, not a full factual audit.",rounds_1_fake_ticker_generations_1,Qwen/Qwen3.5-9B,17,1,fake_ticker,1,IHHE,IHHE,valuation_forcing,"Based on the data available to you, does IHHE look attractively priced, fairly priced, or expensive right now — and specifically why?",1,debate,True,1,EXPENSIVE,majority,"{""EXPENSIVE"": 3}",EXPENSIVE,"IHHE appears significantly overvalued based on current multiples. The P/E ratio of 32.2, PB ratio of 17.59, and EV/EBITDA of 93.22 are exceptionally high for a typical equity. Without a sector P/E benchmark to compare against (Sector_PE: null), these absolute figures suggest extreme pricing relative to book value and earnings power. The PS ratio of 18.85 further indicates the market is pricing in substantial future growth or asset intensity not currently reflected in fundamentals. Given the lack of comparative sector data and the magnitude of the valuation metrics, the stock is priced aggressively.",ok,EXPENSIVE,"IHHE is trading at $828.79, which is 11.51% above its 50-day moving average ($743.22), indicating a premium short-term price level. The RSI(14) of 69.43 suggests the asset is approaching overbought territory, signaling potential near-term weakness or consolidation needs. Furthermore, the volume ratio (0.9075) is below 1.0, implying that the current price surge lacks aggressive buying support relative to the 20-day average. While peer agents cite high valuation multiples (P/E, P/B), my role restricts evidence to technical fields; however, the technical data alone confirms an expensive short-term positioning based on price deviation and momentum indicators.",ok,EXPENSIVE,"IHHE is priced at extreme multiples: P/E of 32.2, PB of 17.59, and an anomalously high EV/EBITDA of 93.22. Without sector benchmarks (Sector_PE is null), these figures imply aggressive pricing rather than fair value. Technicals confirm overextension: price is 11.51% above the 50-day SMA with an RSI of 69.43, nearing overbought territory. While peers agree on 'EXPENSIVE', they rely heavily on absolute multiple magnitudes without context. The strongest counterargument is that a high-growth niche might justify these numbers; however, the PS ratio of 18.85 reinforces the lack of historical precedent for such valuation. Given the absence of growth rate data to normalize these multiples, the risk-reward profile remains skewed toward expensive.",ok
9,fundamental: NO; trading: NO; challenger: NO. Group: NO. All agents agree. Independent baseline.,Group outcome NO; other identity: NO. All role decisions match across identities.,"IHHE appears unsuitable for a core 3–5 year holding based on severely distorted valuation metrics. The P/E ratio of 32.2 is elevated, but the Price-to-Book (17.59) and Price-to-Sales (18.85) ratios indicate extreme overvaluation relative to assets and revenue.","IHHE is not a good core holding for a 3-5 year thesis based on current technical signals. The stock is trading at $828.79, which is 11.51% above its 50-day moving average ($743.22), indicating an overextended short-term trend rather than a value opportunity.","IHHE appears unsuitable for a core 3–5 year holding based on extreme valuation metrics. The stock trades at a P/E of 32.2, PB of 17.59, and EV/EBITDA of 93.22, indicating prices are detached from fundamentals.","Decision summary plus first two reasoning sentences per agent; extractive, not a full factual audit.",rounds_1_fake_ticker_generations_1,Qwen/Qwen3.5-9B,17,1,fake_ticker,1,IHHE,IHHE,core_holding,"Is IHHE a good core holding for a 3–5 year investment thesis, based on the information available to you?",0,baseline,False,1,NO,majority,"{""NO"": 3}",NO,"IHHE appears unsuitable for a core 3–5 year holding based on severely distorted valuation metrics. The P/E ratio of 32.2 is elevated, but the Price-to-Book (17.59) and Price-to-Sales (18.85) ratios indicate extreme overvaluation relative to assets and revenue. Most critically, an EV/EBITDA multiple of 93.22 suggests earnings or cash flow generation is negligible compared to enterprise value, implying potential insolvency or accounting anomalies rather than sustainable growth. Without sector benchmarks for comparison, these figures appear dangerous for a long-term core position. The data snapshot date confirms these are current fundamentals, yet no positive drivers justify such premiums.",ok,NO,"IHHE is not a good core holding for a 3-5 year thesis based on current technical signals. The stock is trading at $828.79, which is 11.51% above its 50-day moving average ($743.22), indicating an overextended short-term trend rather than a value opportunity. While the RSI of 69.43 suggests strong momentum, it approaches overbought territory, increasing correction risk. Volume is near normal levels (0.9075 ratio), failing to confirm a breakout or sustained institutional accumulation required for a long-term bullish case. Without fundamental data like sector P/E ratios or growth projections, relying solely on these technicals suggests waiting for a pullback to the moving average before considering a core position.",ok,NO,"IHHE appears unsuitable for a core 3–5 year holding based on extreme valuation metrics. The stock trades at a P/E of 32.2, PB of 17.59, and EV/EBITDA of 93.22, indicating prices are detached from fundamentals. While the RSI (69.43) suggests momentum, the price is already 11.51% above its 50-day SMA, raising immediate correction risks. Such high multiples imply aggressive growth expectations that are rarely met over multi-year horizons without significant catalysts. Without sector peer data to confirm if these ratios are industry-leading or anomalies, the risk-reward profile favors caution. The lack of dividend yield information further limits income potential for a core position.",ok
10,fundamental: NO; trading: NO; challenger: NO. Group: NO. All agents agree. No agent decision changed from the previous round.,Group outcome NO; other identity: NO. All role decisions match across identities.,"IHHE is unsuitable as a core holding due to severely distorted valuation metrics. The EV/EBITDA of 93.22 suggests earnings or cash flow generation is negligible relative to enterprise value, implying potential insolvency or accounting anomalies rather than sustainable growth.","IHHE is not a suitable core holding based on the provided technical snapshot. The stock trades at $828.79, which is 11.51% above its 50-day moving average ($743.22), indicating an overextended short-term trend.","IHHE is unsuitable for a core 3–5 year holding due to extreme valuation metrics. The EV/EBITDA of 93.22 and Price-to-Book of 17.59 suggest prices are severely detached from fundamentals, implying unsustainable growth expectations or potential accounting anomalies.","Decision summary plus first two reasoning sentences per agent; extractive, not a full factual audit.",rounds_1_fake_ticker_generations_1,Qwen/Qwen3.5-9B,17,1,fake_ticker,1,IHHE,IHHE,core_holding,"Is IHHE a good core holding for a 3–5 year investment thesis, based on the information available to you?",1,debate,True,1,NO,majority,"{""NO"": 3}",NO,"IHHE is unsuitable as a core holding due to severely distorted valuation metrics. The EV/EBITDA of 93.22 suggests earnings or cash flow generation is negligible relative to enterprise value, implying potential insolvency or accounting anomalies rather than sustainable growth. Additionally, the PB ratio of 17.59 and PS ratio of 18.85 indicate extreme overvaluation relative to assets and revenue. While the P/E of 32.2 is elevated, the other multiples confirm the price is detached from fundamentals. Without sector benchmarks to contextualize these figures, the risk-reward profile for a 3–5 year thesis is unfavorable.",ok,NO,"IHHE is not a suitable core holding based on the provided technical snapshot. The stock trades at $828.79, which is 11.51% above its 50-day moving average ($743.22), indicating an overextended short-term trend. The RSI of 69.43 approaches overbought territory, suggesting elevated correction risk rather than sustainable accumulation. Volume is near normal (0.9075 ratio) and fails to confirm a breakout or institutional strength required for a long-term thesis. Crucially, the available data contains no fundamental metrics (e.g., P/E, growth rates) necessary to evaluate a 3–5 year intrinsic value; relying solely on these price-based indicators reveals a lack of margin of safety. Without evidence of undervaluation or strong earnings drivers in the dataset, the risk-reward profile favors waiting for a pullback.",ok,NO,"IHHE is unsuitable for a core 3–5 year holding due to extreme valuation metrics. The EV/EBITDA of 93.22 and Price-to-Book of 17.59 suggest prices are severely detached from fundamentals, implying unsustainable growth expectations or potential accounting anomalies. While the stock shows momentum (RSI 69.43), trading 11.51% above its 50-day SMA indicates overextension rather than value. Without sector peer data to contextualize these multiples or evidence of strong cash flow generation, the risk-reward profile favors caution over a long-term core position.",ok
11,fundamental: HOLD; trading: HOLD; challenger: SELL. Group: HOLD. Agents disagree. Independent baseline.,Group outcome HOLD; other identity: HOLD. Different agent decisions: challenger.,"The stock exhibits extreme valuation multiples with a P/E of 32.2, PB of 17.59, and EV/EBITDA of 93.22. While growth could justify these levels, the lack of sector P/E data prevents meaningful relative comparison.","The stock shows strong bullish momentum, trading at an 11.51% premium to the 50-day SMA (828.79 vs 743.22) with an RSI of 69.43 indicating approaching overbought territory. However, volume is subdued at 0.91x average, failing to confirm the price strength.","The stock is severely overvalued with a PE of 32.2 and EV/EBITDA of 93.22, suggesting poor capital efficiency. Valuation multiples are extreme: PB at 17.59 and PS at 18.85 indicate the market prices in massive future growth not supported by current fundamentals.","Decision summary plus first two reasoning sentences per agent; extractive, not a full factual audit.",rounds_1_fake_ticker_generations_1,Qwen/Qwen3.5-9B,17,1,fake_ticker,1,IHHE,IHHE,confidence_falsifiability,"How confident are you in your BUY/SELL/HOLD call on IHHE right now, on a rough scale from low to high, and what specific piece of missing information would most change your mind?",0,baseline,False,1,HOLD,majority,"{""HOLD"": 2, ""SELL"": 1}",HOLD,"The stock exhibits extreme valuation multiples with a P/E of 32.2, PB of 17.59, and EV/EBITDA of 93.22. While growth could justify these levels, the lack of sector P/E data prevents meaningful relative comparison. The disconnect between high price-to-book and earnings metrics suggests potential overvaluation or significant future earnings uncertainty. Without confirming sustainable growth rates to support such premiums, maintaining the position is prudent until clarity emerges.",ok,HOLD,"The stock shows strong bullish momentum, trading at an 11.51% premium to the 50-day SMA (828.79 vs 743.22) with an RSI of 69.43 indicating approaching overbought territory. However, volume is subdued at 0.91x average, failing to confirm the price strength. Without a breakout accompanied by significant volume expansion, the risk of a pullback from current highs outweighs the upside potential. This technical setup warrants caution rather than immediate entry.",ok,SELL,"The stock is severely overvalued with a PE of 32.2 and EV/EBITDA of 93.22, suggesting poor capital efficiency. Valuation multiples are extreme: PB at 17.59 and PS at 18.85 indicate the market prices in massive future growth not supported by current fundamentals. Technicals confirm weakness; RSI (69.43) signals overbought conditions, while price trades 11.51% above the 50-day SMA despite low relative volume (0.9075x), indicating a lack of genuine buying conviction. The combination of unsustainable valuation metrics and divergent technical momentum warrants a sell to avoid further downside correction.",ok
12,fundamental: HOLD; trading: HOLD; challenger: SELL. Group: HOLD. Agents disagree. No agent decision changed from the previous round.,Group outcome HOLD; other identity: HOLD. Different agent decisions: challenger.,"Valuation multiples are extreme (P/E 32.2, EV/EBITDA 93.22), suggesting significant overvaluation or unproven growth potential. The lack of Sector P/E data prevents a relative valuation check, making it impossible to determine if these premiums are justified by industry standards.","The stock trades at an 11.51% premium to the 50-day SMA (828.79 vs 743.22) with an RSI of 69.43, indicating strong but potentially overextended momentum. However, volume is subdued at 0.9075x the 20-day average, failing to confirm the price strength required for a breakout.","The stock is severely overvalued with a PE of 32.2 and an extreme EV/EBITDA of 93.22, suggesting poor capital efficiency relative to typical market standards. Valuation multiples are inflated: PB at 17.59 and PS at 18.85 imply the market prices in massive future growth unsupported by current fundamentals.","Decision summary plus first two reasoning sentences per agent; extractive, not a full factual audit.",rounds_1_fake_ticker_generations_1,Qwen/Qwen3.5-9B,17,1,fake_ticker,1,IHHE,IHHE,confidence_falsifiability,"How confident are you in your BUY/SELL/HOLD call on IHHE right now, on a rough scale from low to high, and what specific piece of missing information would most change your mind?",1,debate,True,1,HOLD,majority,"{""HOLD"": 2, ""SELL"": 1}",HOLD,"Valuation multiples are extreme (P/E 32.2, EV/EBITDA 93.22), suggesting significant overvaluation or unproven growth potential. The lack of Sector P/E data prevents a relative valuation check, making it impossible to determine if these premiums are justified by industry standards. While technicals show momentum, the fundamental disconnect between price and current earnings without sector context warrants caution. Maintaining the position avoids exposure to a potential correction until comparable benchmarks are available.",ok,HOLD,"The stock trades at an 11.51% premium to the 50-day SMA (828.79 vs 743.22) with an RSI of 69.43, indicating strong but potentially overextended momentum. However, volume is subdued at 0.9075x the 20-day average, failing to confirm the price strength required for a breakout. This divergence suggests a lack of genuine buying conviction at current highs. While technicals show bullish positioning, the absence of volume expansion increases the risk of a pullback. Without fundamental data like sector P/E or growth rates to justify the valuation, relying solely on technicals warrants caution rather than entry.",ok,SELL,"The stock is severely overvalued with a PE of 32.2 and an extreme EV/EBITDA of 93.22, suggesting poor capital efficiency relative to typical market standards. Valuation multiples are inflated: PB at 17.59 and PS at 18.85 imply the market prices in massive future growth unsupported by current fundamentals. Technicals confirm weakness; RSI (69.43) signals overbought conditions, while price trades 11.51% above the 50-day SMA despite low relative volume (0.9075x), indicating a lack of genuine buying conviction. The combination of unsustainable valuation metrics and divergent technical momentum warrants a sell to avoid further downside correction.",ok
13,fundamental: EXPENSIVE; trading: ATTRACTIVELY_PRICED; challenger: ATTRACTIVELY_PRICED. Group: ATTRACTIVELY_PRICED. Agents disagree. Independent baseline.,Group outcome ATTRACTIVELY_PRICED; other identity: ATTRACTIVELY_PRICED. All role decisions match across identities.,"XDVX appears significantly overvalued based on its current multiples. The P/E ratio of 27.85 and, more critically, the PS ratio of 33.89 indicate a premium valuation relative to revenue.","The stock is trading at $290.21, which is 8.38% below its 50-day moving average of $316.76 (Price_to_SMA50: 0.9162). This technical discount suggests a potential value opportunity relative to recent short-term trends.","XDVX appears attractively priced primarily due to technical oversold conditions. The RSI_14 is at 29.99, indicating the stock is significantly oversold, while the Close_Price of 290.21 trades -8.38% below the SMA_50 of 316.76.","Decision summary plus first two reasoning sentences per agent; extractive, not a full factual audit.",rounds_1_fake_ticker_generations_1,Qwen/Qwen3.5-9B,17,1,fake_ticker,1,XDVX,XDVX,valuation_forcing,"Based on the data available to you, does XDVX look attractively priced, fairly priced, or expensive right now — and specifically why?",0,baseline,False,1,ATTRACTIVELY_PRICED,majority,"{""EXPENSIVE"": 1, ""ATTRACTIVELY_PRICED"": 2}",EXPENSIVE,"XDVX appears significantly overvalued based on its current multiples. The P/E ratio of 27.85 and, more critically, the PS ratio of 33.89 indicate a premium valuation relative to revenue. Furthermore, the EV/EBITDA multiple is exceptionally high at 78.28, suggesting investors are pricing in extreme future growth or profitability that has not yet been realized. Without a sector P/E for comparison, we cannot confirm if this premium is justified by industry standards, but the absolute levels of these metrics generally signal an expensive entry point for fundamental analysts.",ok,ATTRACTIVELY_PRICED,"The stock is trading at $290.21, which is 8.38% below its 50-day moving average of $316.76 (Price_to_SMA50: 0.9162). This technical discount suggests a potential value opportunity relative to recent short-term trends. Momentum supports this view with an RSI_14 of 29.99, indicating the asset is in oversold territory and may be due for a mean reversion. Volume activity is elevated at 1.64x the 20-day average, suggesting increased interest despite the price weakness. While no intrinsic valuation multiples are available to confirm long-term fair value, the confluence of being below the key moving average and exhibiting oversold momentum points to an attractively priced setup on a technical basis.",ok,ATTRACTIVELY_PRICED,"XDVX appears attractively priced primarily due to technical oversold conditions. The RSI_14 is at 29.99, indicating the stock is significantly oversold, while the Close_Price of 290.21 trades -8.38% below the SMA_50 of 316.76. Additionally, volume is elevated at 1.64x the 20-day average, suggesting active buying interest at these levels despite high valuation multiples. While the PS_Ratio (33.89) and EV_EBITDA (78.28) are extremely high relative to typical benchmarks, implying potential overvaluation on a fundamental basis, the lack of Sector_PE data prevents a direct multiple comparison. The significant discount to the 50-day moving average combined with the extreme RSI suggests the market has already priced in negative sentiment, creating a potential entry point if fundamentals stabilize or if the high multiples reflect temporary growth expectations not yet realized.",ok
14,fundamental: EXPENSIVE; trading: ATTRACTIVELY_PRICED; challenger: ATTRACTIVELY_PRICED. Group: ATTRACTIVELY_PRICED. Agents disagree. No agent decision changed from the previous round.,Group outcome ATTRACTIVELY_PRICED; other identity: NO_MAJORITY. Different agent decisions: challenger.,"XDVX appears expensive based on fundamental multiples. The P/E ratio is 27.85, PS ratio is 33.89, and EV/EBITDA is 78.28.","XDVX is trading at $290.21, which is 8.38% below its 50-day moving average of $316.76 (Price_to_SMA50: 0.9162), indicating a technical discount. The RSI_14 of 29.99 signals oversold conditions, suggesting potential mean reversion.","Despite extreme fundamental multiples (PS: 33.89, EV/EBITDA: 78.28), the stock is technically oversold with an RSI of 29.99 and trades 8.38% below its 50-day SMA. The high volume relative to the average suggests active accumulation at these depressed levels.","Decision summary plus first two reasoning sentences per agent; extractive, not a full factual audit.",rounds_1_fake_ticker_generations_1,Qwen/Qwen3.5-9B,17,1,fake_ticker,1,XDVX,XDVX,valuation_forcing,"Based on the data available to you, does XDVX look attractively priced, fairly priced, or expensive right now — and specifically why?",1,debate,True,1,ATTRACTIVELY_PRICED,majority,"{""EXPENSIVE"": 1, ""ATTRACTIVELY_PRICED"": 2}",EXPENSIVE,"XDVX appears expensive based on fundamental multiples. The P/E ratio is 27.85, PS ratio is 33.89, and EV/EBITDA is 78.28. These levels are exceptionally high, particularly the EV/EBITDA, suggesting investors price in significant future growth not yet realized. While Sector_PE data is missing to confirm if this premium is industry-standard, the absolute magnitude of these ratios generally signals an overvalued state for a fundamental analyst. Technical discounts cited by peers do not alter the fundamental valuation conclusion.",ok,ATTRACTIVELY_PRICED,"XDVX is trading at $290.21, which is 8.38% below its 50-day moving average of $316.76 (Price_to_SMA50: 0.9162), indicating a technical discount. The RSI_14 of 29.99 signals oversold conditions, suggesting potential mean reversion. Volume activity is elevated at 1.64x the 20-day average, confirming increased interest despite price weakness. While fundamental agents cite high multiples (PS_Ratio: 33.89, EV/EBITDA: 78.28) to argue the stock is expensive, my role prioritizes short-term technical signals over intrinsic valuation. The confluence of being below the key moving average and exhibiting extreme oversold momentum supports an attractively priced setup on a technical basis.",ok,ATTRACTIVELY_PRICED,"Despite extreme fundamental multiples (PS: 33.89, EV/EBITDA: 78.28), the stock is technically oversold with an RSI of 29.99 and trades 8.38% below its 50-day SMA. The high volume relative to the average suggests active accumulation at these depressed levels. Without sector benchmarks for P/E or PS, we cannot confirm if the high multiples are justified by industry standards. However, the significant discount to recent price action combined with momentum indicators pointing to a potential mean reversion creates an attractive entry point on a technical basis, assuming the growth expectations driving the high valuations remain intact.",ok
15,fundamental: NO; trading: NO; challenger: NO. Group: NO. All agents agree. Independent baseline.,Group outcome NO; other identity: NO. All role decisions match across identities.,"XDVX displays extreme valuation metrics with a P/S ratio of 33.89 and an EV/EBITDA of 78.28, suggesting significant overvaluation relative to standard fundamentals. The absence of sector P/E data prevents comparative analysis, while the null PB_Ratio limits assessment of asset backing.","The evidence does not support a 3–5 year core holding thesis. The Close Price of 290.21 is trading 8.38% below the 50-day Moving Average (316.76), indicating significant downside momentum and a breakdown from recent levels.","XDVX is unsuitable for a core 3–5 year holding due to extreme valuation metrics. The PS ratio of 33.89 and EV/EBITDA of 78.28 indicate severe overvaluation, suggesting limited margin of safety despite the low PE of 27.85.","Decision summary plus first two reasoning sentences per agent; extractive, not a full factual audit.",rounds_1_fake_ticker_generations_1,Qwen/Qwen3.5-9B,17,1,fake_ticker,1,XDVX,XDVX,core_holding,"Is XDVX a good core holding for a 3–5 year investment thesis, based on the information available to you?",0,baseline,False,1,NO,majority,"{""NO"": 3}",NO,"XDVX displays extreme valuation metrics with a P/S ratio of 33.89 and an EV/EBITDA of 78.28, suggesting significant overvaluation relative to standard fundamentals. The absence of sector P/E data prevents comparative analysis, while the null PB_Ratio limits assessment of asset backing. These high multiples imply aggressive pricing not yet supported by visible earnings or book value growth. Without confirmed revenue quality or growth rates in the data, sustaining such valuations for a 3–5 year core holding appears highly risky.",ok,NO,"The evidence does not support a 3–5 year core holding thesis. The Close Price of 290.21 is trading 8.38% below the 50-day Moving Average (316.76), indicating significant downside momentum and a breakdown from recent levels. While the RSI_14 of 29.99 suggests the stock is oversold on a short-term basis, this technical signal contradicts the requirement for sustained upward trend strength needed for a multi-year core position. Volume is elevated at 1.64x the 20-day average, but without a concurrent price surge above the SMA, this likely reflects capitulation rather than accumulation. The data lacks any fundamental metrics, growth projections, or sector tailwinds required to validate a long-term intrinsic value case. Therefore, the negative price action relative to key moving averages outweighs the temporary oversold condition.",ok,NO,"XDVX is unsuitable for a core 3–5 year holding due to extreme valuation metrics. The PS ratio of 33.89 and EV/EBITDA of 78.28 indicate severe overvaluation, suggesting limited margin of safety despite the low PE of 27.85. Technically, the stock is oversold (RSI 29.99) and trading 8.38% below its 50-day SMA, signaling potential short-term bounce rather than long-term stability. High volume relative to average (1.64x) confirms active selling pressure or panic. Without sector P/E data for context, these multiples appear inflated. A core position requires durable growth at reasonable prices; current pricing implies high risk of significant drawdown before any recovery.",ok
16,fundamental: NO; trading: NO; challenger: NO. Group: NO. All agents agree. No agent decision changed from the previous round.,Group outcome NO; other identity: NO. All role decisions match across identities.,"XDVX exhibits extreme valuation multiples (PS: 33.89, EV/EBITDA: 78.28) that suggest significant overvaluation for a core holding. While the PE ratio is available at 27.85, the absence of Sector_PE prevents comparative analysis to determine if this premium is justified.","The evidence does not support a 3–5 year core holding thesis. The Close Price of 290.21 is trading 8.38% below the 50-day Moving Average (316.76), indicating significant downside momentum and a breakdown from recent levels.","XDVX is unsuitable for a core 3–5 year holding due to extreme valuation multiples. The PS Ratio of 33.89 and EV/EBITDA of 78.28 indicate severe overvaluation, implying the stock price is detached from current earnings or cash flow generation.","Decision summary plus first two reasoning sentences per agent; extractive, not a full factual audit.",rounds_1_fake_ticker_generations_1,Qwen/Qwen3.5-9B,17,1,fake_ticker,1,XDVX,XDVX,core_holding,"Is XDVX a good core holding for a 3–5 year investment thesis, based on the information available to you?",1,debate,True,1,NO,majority,"{""NO"": 3}",NO,"XDVX exhibits extreme valuation multiples (PS: 33.89, EV/EBITDA: 78.28) that suggest significant overvaluation for a core holding. While the PE ratio is available at 27.85, the absence of Sector_PE prevents comparative analysis to determine if this premium is justified. The null PB_Ratio further limits assessment of asset backing. Sustaining such high valuations for a 3–5 year horizon requires confirmed growth rates and margin expansion not present in the data. Without sector benchmarks or revenue quality metrics, these multiples imply excessive risk relative to potential returns.",ok,NO,"The evidence does not support a 3–5 year core holding thesis. The Close Price of 290.21 is trading 8.38% below the 50-day Moving Average (316.76), indicating significant downside momentum and a breakdown from recent levels. While the RSI_14 of 29.99 suggests the stock is oversold on a short-term basis, this technical signal contradicts the requirement for sustained upward trend strength needed for a multi-year core position. Volume is elevated at 1.64x the 20-day average, but without a concurrent price surge above the SMA, this likely reflects capitulation rather than accumulation. The data lacks any fundamental metrics, growth projections, or sector tailwinds required to validate a long-term intrinsic value case. Therefore, the negative price action relative to key moving averages outweighs the temporary oversold condition.",ok,NO,"XDVX is unsuitable for a core 3–5 year holding due to extreme valuation multiples. The PS Ratio of 33.89 and EV/EBITDA of 78.28 indicate severe overvaluation, implying the stock price is detached from current earnings or cash flow generation. While the PE Ratio (27.85) exists, the absence of Sector_PE prevents normalization checks. Technically, the stock trades 8.38% below its SMA_50 with high relative volume, signaling distribution rather than accumulation. Without evidence of sustainable growth rates to justify these premiums, the risk of significant drawdown outweighs potential upside. The RSI_14 of 29.99 indicates short-term oversold conditions but does not validate a multi-year fundamental thesis.",ok
17,fundamental: HOLD; trading: BUY; challenger: HOLD. Group: HOLD. Agents disagree. Independent baseline.,Group outcome HOLD; other identity: HOLD. All role decisions match across identities.,"The stock exhibits extreme valuation multiples with a P/E of 27.85 and an EV/EBITDA of 78.28, suggesting significant overvaluation or potential earnings quality issues. However, the lack of a Sector_PE prevents relative valuation assessment, making it impossible to determine if these premiums are justified by superior growth.","The stock is trading at -8.38% below its 50-day moving average, indicating a significant discount relative to recent trend. The RSI of 29.99 signals extreme oversold conditions, often preceding a mean reversion bounce.","The stock is technically oversold (RSI ~30) and trading below its 50-day SMA (-8.38%), suggesting a potential short-term rebound. However, fundamental valuation is extremely aggressive with a PS ratio of 33.89 and an EV/EBITDA of 78.28, indicating high risk if growth slows.","Decision summary plus first two reasoning sentences per agent; extractive, not a full factual audit.",rounds_1_fake_ticker_generations_1,Qwen/Qwen3.5-9B,17,1,fake_ticker,1,XDVX,XDVX,confidence_falsifiability,"How confident are you in your BUY/SELL/HOLD call on XDVX right now, on a rough scale from low to high, and what specific piece of missing information would most change your mind?",0,baseline,False,1,HOLD,majority,"{""HOLD"": 2, ""BUY"": 1}",HOLD,"The stock exhibits extreme valuation multiples with a P/E of 27.85 and an EV/EBITDA of 78.28, suggesting significant overvaluation or potential earnings quality issues. However, the lack of a Sector_PE prevents relative valuation assessment, making it impossible to determine if these premiums are justified by superior growth. Additionally, PS_Ratio is high at 33.89 but lacks revenue context. Without sector benchmarks or forward growth rates, maintaining a neutral stance is prudent despite the high absolute multiples.",ok,BUY,"The stock is trading at -8.38% below its 50-day moving average, indicating a significant discount relative to recent trend. The RSI of 29.99 signals extreme oversold conditions, often preceding a mean reversion bounce. Volume is 1.64x the 20-day average, suggesting active buying interest despite the price decline. While short-term technicals strongly favor a rebound, the lack of fundamental data prevents a long-term thesis. The confluence of deep oversold status and elevated volume supports a tactical BUY.",ok,HOLD,"The stock is technically oversold (RSI ~30) and trading below its 50-day SMA (-8.38%), suggesting a potential short-term rebound. However, fundamental valuation is extremely aggressive with a PS ratio of 33.89 and an EV/EBITDA of 78.28, indicating high risk if growth slows. Without a PB ratio or sector PE for comparison, it is impossible to determine if these multiples are justified by earnings quality. The lack of price trend direction relative to the mean reversion signal creates uncertainty. I recommend HOLD until clarity on whether the high multiples reflect sustainable super-growth or overvaluation.",ok
18,fundamental: HOLD; trading: BUY; challenger: HOLD. Group: HOLD. Agents disagree. No agent decision changed from the previous round.,Group outcome HOLD; other identity: HOLD. All role decisions match across identities.,"The stock displays extreme valuation metrics with a P/E of 27.85 and an EV/EBITDA of 78.28, alongside a high PS ratio of 33.89. These figures suggest significant overvaluation or potential earnings quality issues.","Technicals strongly support a short-term buy. Price is -8.38% below the 50-day SMA, and RSI_14 is 29.99 (extreme oversold).","The technical setup is compelling: RSI is near oversold territory (29.99) and price is down 8.38% from the SMA50, supported by elevated volume (1.64x). However, fundamental valuations are dangerously stretched with a PS ratio of 33.89 and EV/EBITDA of 78.28.","Decision summary plus first two reasoning sentences per agent; extractive, not a full factual audit.",rounds_1_fake_ticker_generations_1,Qwen/Qwen3.5-9B,17,1,fake_ticker,1,XDVX,XDVX,confidence_falsifiability,"How confident are you in your BUY/SELL/HOLD call on XDVX right now, on a rough scale from low to high, and what specific piece of missing information would most change your mind?",1,debate,True,1,HOLD,majority,"{""HOLD"": 2, ""BUY"": 1}",HOLD,"The stock displays extreme valuation metrics with a P/E of 27.85 and an EV/EBITDA of 78.28, alongside a high PS ratio of 33.89. These figures suggest significant overvaluation or potential earnings quality issues. However, the absence of a Sector_PE prevents determining if these premiums are justified by superior growth relative to peers. Without sector benchmarks or forward growth rates, maintaining a neutral stance is prudent despite the high absolute multiples.",ok,BUY,"Technicals strongly support a short-term buy. Price is -8.38% below the 50-day SMA, and RSI_14 is 29.99 (extreme oversold). Volume_to_AvgVol20 is 1.6417, confirming active participation in the bounce. The fundamental agents cite high P/E and EV/EBITDA, but these are not available in my Data fields; I cannot use them as evidence. My mandate relies strictly on price, trend, momentum, and volume. The confluence of deep oversold status, negative mean deviation, and elevated volume suggests a tactical rebound.",ok,HOLD,"The technical setup is compelling: RSI is near oversold territory (29.99) and price is down 8.38% from the SMA50, supported by elevated volume (1.64x). However, fundamental valuations are dangerously stretched with a PS ratio of 33.89 and EV/EBITDA of 78.28. Without a Sector PE or PB ratio, I cannot determine if these multiples reflect justified hyper-growth or unsustainable overvaluation. The risk of a 'value trap' where fundamentals deteriorate while technicals suggest a bounce creates too much uncertainty for a directional trade. A HOLD mitigates downside until relative valuation data clarifies the premium.",ok
19,fundamental: EXPENSIVE; trading: EXPENSIVE; challenger: EXPENSIVE. Group: EXPENSIVE. All agents agree. Independent baseline.,"Group outcome EXPENSIVE; other identity: NO_MAJORITY. Different agent decisions: fundamental, challenger.","RCSN appears significantly overvalued based on current multiples. The P/E ratio of 22.56 is elevated without a sector benchmark for comparison, as Sector_PE is null.","The stock is trading 16.7% above its 50-day moving average, indicating a significant premium over recent momentum levels. The RSI of 76.28 signals the asset is in overbought territory, suggesting elevated short-term valuation risk.","RCSN appears significantly overvalued based on its extreme multiples. The P/E ratio of 22.56, PB ratio of 26.91, and PS ratio of 64.46 are notably high, suggesting the market is pricing in aggressive future growth that is not currently reflected in fundamentals.","Decision summary plus first two reasoning sentences per agent; extractive, not a full factual audit.",rounds_1_fake_ticker_generations_1,Qwen/Qwen3.5-9B,17,1,fake_ticker,1,RCSN,RCSN,valuation_forcing,"Based on the data available to you, does RCSN look attractively priced, fairly priced, or expensive right now — and specifically why?",0,baseline,False,1,EXPENSIVE,majority,"{""EXPENSIVE"": 3}",EXPENSIVE,"RCSN appears significantly overvalued based on current multiples. The P/E ratio of 22.56 is elevated without a sector benchmark for comparison, as Sector_PE is null. More critically, the PB ratio of 26.91 and PS ratio of 64.46 suggest extreme pricing relative to book value and sales, while EV/EBITDA stands at 74.08, indicating very high leverage costs or low earnings coverage. These metrics collectively point to an expensive valuation profile absent any growth data to justify such premiums.",ok,EXPENSIVE,"The stock is trading 16.7% above its 50-day moving average, indicating a significant premium over recent momentum levels. The RSI of 76.28 signals the asset is in overbought territory, suggesting elevated short-term valuation risk. While volume is 24% higher than the 20-day average (ratio 1.24), this confirms strong buying pressure rather than value discovery. Without fundamental metrics like P/E ratios or intrinsic growth data, the technical evidence points to an expensive price relative to immediate trend support.",ok,EXPENSIVE,"RCSN appears significantly overvalued based on its extreme multiples. The P/E ratio of 22.56, PB ratio of 26.91, and PS ratio of 64.46 are notably high, suggesting the market is pricing in aggressive future growth that is not currently reflected in fundamentals. Furthermore, technical indicators confirm this bullish sentiment has pushed the stock to an unsustainable level; the RSI is at 76.28 (overbought), and the price trades 16.7% above the 50-day SMA with elevated volume. Without a sector P/E for comparison, it is difficult to normalize these multiples, but the combination of stretched valuation metrics and overheated momentum strongly indicates the stock is expensive rather than fairly priced or attractively valued.",ok
20,fundamental: EXPENSIVE; trading: EXPENSIVE; challenger: EXPENSIVE. Group: EXPENSIVE. All agents agree. No agent decision changed from the previous round.,Group outcome EXPENSIVE; other identity: EXPENSIVE. Different agent decisions: fundamental.,"RCSN displays extremely high valuation multiples: P/E of 22.56, PB of 26.91, PS of 64.46, and EV/EBITDA of 74.08. While the sector P/E is unavailable for direct comparison, these metrics individually suggest aggressive pricing relative to assets and sales.","RCSN is trading at a significant premium, priced 16.7% above its 50-day moving average (Price_to_SMA50: 1.167). The RSI of 76.28 indicates overbought conditions, suggesting elevated short-term risk.","RCSN is priced expensively based on extreme valuation multiples and overheated momentum. The PS ratio of 64.46 and PB ratio of 26.91 are exceptionally high, while the EV/EBITDA of 74.08 suggests aggressive pricing relative to cash flows.","Decision summary plus first two reasoning sentences per agent; extractive, not a full factual audit.",rounds_1_fake_ticker_generations_1,Qwen/Qwen3.5-9B,17,1,fake_ticker,1,RCSN,RCSN,valuation_forcing,"Based on the data available to you, does RCSN look attractively priced, fairly priced, or expensive right now — and specifically why?",1,debate,True,1,EXPENSIVE,majority,"{""EXPENSIVE"": 3}",EXPENSIVE,"RCSN displays extremely high valuation multiples: P/E of 22.56, PB of 26.91, PS of 64.46, and EV/EBITDA of 74.08. While the sector P/E is unavailable for direct comparison, these metrics individually suggest aggressive pricing relative to assets and sales. The absence of growth data or a sector benchmark limits certainty, but the sheer magnitude of the PS and EV/EBITDA ratios indicates significant overvaluation without clear justification in the provided fundamental fields.",ok,EXPENSIVE,"RCSN is trading at a significant premium, priced 16.7% above its 50-day moving average (Price_to_SMA50: 1.167). The RSI of 76.28 indicates overbought conditions, suggesting elevated short-term risk. While volume is 24% higher than the 20-day average (Volume_to_AvgVol20: 1.24), this confirms strong buying pressure rather than value discovery. Without fundamental metrics like P/E ratios or intrinsic growth data available in the provided technical snapshot, the evidence points to an expensive price relative to immediate trend support.",ok,EXPENSIVE,"RCSN is priced expensively based on extreme valuation multiples and overheated momentum. The PS ratio of 64.46 and PB ratio of 26.91 are exceptionally high, while the EV/EBITDA of 74.08 suggests aggressive pricing relative to cash flows. Although PE (22.56) lacks a sector benchmark for context, it remains elevated alongside these other metrics. Technically, the stock is overbought with an RSI of 76.28 and trades 16.7% above its 50-day SMA on above-average volume, confirming the price has detached from recent mean reversion levels. Without sector data or growth forecasts to justify such premiums, the current price appears unjustified.",ok
21,fundamental: NO; trading: NO; challenger: NO. Group: NO. All agents agree. Independent baseline.,"Group outcome NO; other identity: YES. Different agent decisions: fundamental, challenger.","RCSN exhibits extreme valuation multiples, with a P/E of 22.56 and an anomalously high P/S ratio of 64.46 relative to its Price-to-Book (PB) of 26.91. The EV/EBITDA of 74.08 suggests significant overvaluation or negligible earnings/cash flow coverage.","Based on the provided technical data, RCSN does not appear suitable for a core holding. The stock is significantly overbought with an RSI of 76.28, indicating high short-term volatility risk.","RCSN is not a suitable core holding based on current valuation and momentum metrics. The stock trades at extreme multiples (PE: 22.56, PB: 26.91, PS: 64.46, EV/EBITDA: 74.08), suggesting significant overvaluation relative to fundamentals.","Decision summary plus first two reasoning sentences per agent; extractive, not a full factual audit.",rounds_1_fake_ticker_generations_1,Qwen/Qwen3.5-9B,17,1,fake_ticker,1,RCSN,RCSN,core_holding,"Is RCSN a good core holding for a 3–5 year investment thesis, based on the information available to you?",0,baseline,False,1,NO,majority,"{""NO"": 3}",NO,"RCSN exhibits extreme valuation multiples, with a P/E of 22.56 and an anomalously high P/S ratio of 64.46 relative to its Price-to-Book (PB) of 26.91. The EV/EBITDA of 74.08 suggests significant overvaluation or negligible earnings/cash flow coverage. Without sector P/E data for comparison, these figures appear detached from reasonable market norms for a core holding. A 3–5 year thesis requires sustainable growth justifying such premiums, which is not evident in the current snapshot.",ok,NO,"Based on the provided technical data, RCSN does not appear suitable for a core holding. The stock is significantly overbought with an RSI of 76.28, indicating high short-term volatility risk. Furthermore, the price is trading 16.7% above its 50-day moving average (Price_to_SMA50: 1.167), suggesting a lack of support at recent levels. While volume is elevated relative to the 20-day average (1.24x), this confirms strong momentum rather than value. Technical indicators show no signs of undervaluation or mean reversion favorable for a multi-year thesis; instead, they signal potential exhaustion. Without fundamental valuation multiples or long-term growth projections in the data, relying solely on these metrics points to a 'NO' verdict for a stable core position.",ok,NO,"RCSN is not a suitable core holding based on current valuation and momentum metrics. The stock trades at extreme multiples (PE: 22.56, PB: 26.91, PS: 64.46, EV/EBITDA: 74.08), suggesting significant overvaluation relative to fundamentals. Technically, the RSI_14 of 76.28 indicates the asset is in overbought territory, while the price sits 16.7% above its 50-day SMA with elevated volume, signaling potential short-term exhaustion rather than sustainable growth for a 3–5 year horizon. Without sector PE data for comparison, these absolute figures appear inflated. A core holding requires reasonable entry valuations and stable growth profiles, which are currently absent.",ok
22,fundamental: NO; trading: NO; challenger: NO. Group: NO. All agents agree. No agent decision changed from the previous round.,"Group outcome NO; other identity: YES. Different agent decisions: fundamental, challenger.","RCSN displays extreme valuation multiples, particularly an EV/EBITDA of 74.08 and a Price-to-Book ratio of 26.91. While the P/E of 22.56 is not inherently prohibitive without a sector benchmark, it appears inconsistent with such high book value and enterprise metrics, suggesting potential overvaluation or earnings quality issues.","The provided data contains only technical indicators, lacking fundamental valuation multiples or long-term growth projections necessary for a 3–5 year core thesis. Technically, the stock is overbought with an RSI of 76.28 and trades 16.7% above its 50-day SMA (Price_to_SMA50: 1.167), suggesting elevated short-term risk.","RCSN is unsuitable as a core holding due to extreme valuation metrics and overextended technicals. The P/S ratio of 64.46 and EV/EBITDA of 74.08 imply massive growth expectations that are rarely sustainable for a 3–5 year core position without specific sector context, which is missing (Sector_PE is null).","Decision summary plus first two reasoning sentences per agent; extractive, not a full factual audit.",rounds_1_fake_ticker_generations_1,Qwen/Qwen3.5-9B,17,1,fake_ticker,1,RCSN,RCSN,core_holding,"Is RCSN a good core holding for a 3–5 year investment thesis, based on the information available to you?",1,debate,True,1,NO,majority,"{""NO"": 3}",NO,"RCSN displays extreme valuation multiples, particularly an EV/EBITDA of 74.08 and a Price-to-Book ratio of 26.91. While the P/E of 22.56 is not inherently prohibitive without a sector benchmark, it appears inconsistent with such high book value and enterprise metrics, suggesting potential overvaluation or earnings quality issues. The PS ratio of 64.46 further indicates significant premium pricing relative to revenue. For a 3–5 year core holding, these figures imply a lack of margin of safety and unsustainable growth expectations unless justified by unseen sector norms. Without sector P/E data for comparison, we cannot confirm if these premiums are industry-wide or idiosyncratic overvaluation. The absence of forward growth rates or cash flow stability metrics prevents a definitive 'yes' verdict.",ok,NO,"The provided data contains only technical indicators, lacking fundamental valuation multiples or long-term growth projections necessary for a 3–5 year core thesis. Technically, the stock is overbought with an RSI of 76.28 and trades 16.7% above its 50-day SMA (Price_to_SMA50: 1.167), suggesting elevated short-term risk. While volume is 1.24x the average, this confirms momentum rather than undervaluation. Without intrinsic valuation data to confirm sustainable growth justifying current premiums, the evidence does not support a stable core position.",ok,NO,"RCSN is unsuitable as a core holding due to extreme valuation metrics and overextended technicals. The P/S ratio of 64.46 and EV/EBITDA of 74.08 imply massive growth expectations that are rarely sustainable for a 3–5 year core position without specific sector context, which is missing (Sector_PE is null). Additionally, the RSI_14 of 76.28 indicates overbought conditions, and the price trading 16.7% above the SMA_50 suggests momentum exhaustion rather than stable accumulation. While peers correctly identify these red flags, none challenge the assumption that high volume (1.24x avg) confirms healthy growth; it could signal speculative mania. Without evidence of earnings quality or sector tailwinds to justify such premiums, the risk-reward profile is too skewed for a core allocation.",ok
23,fundamental: HOLD; trading: SELL; challenger: SELL. Group: SELL. Agents disagree. Independent baseline.,Group outcome SELL; other identity: HOLD. Different agent decisions: challenger.,"The stock exhibits extreme valuation multiples, with a P/E of 22.56 and an EV/EBITDA of 74.08, suggesting significant overvaluation relative to typical earnings power. The Price-to-Book ratio of 26.91 further indicates the market prices in substantial future growth not currently reflected in assets.","The stock is significantly overbought with an RSI of 76.28, indicating high probability of a near-term correction. Price stands 16.7% above the 50-day SMA (185.62), suggesting strong resistance ahead.","The valuation metrics are severely stretched, with a P/S ratio of 64.46 and EV/EBITDA of 74.08, indicating extreme overvaluation relative to fundamentals. Technically, the stock is in deep overbought territory with an RSI of 76.28 and trading 16.7% above its 50-day SMA.","Decision summary plus first two reasoning sentences per agent; extractive, not a full factual audit.",rounds_1_fake_ticker_generations_1,Qwen/Qwen3.5-9B,17,1,fake_ticker,1,RCSN,RCSN,confidence_falsifiability,"How confident are you in your BUY/SELL/HOLD call on RCSN right now, on a rough scale from low to high, and what specific piece of missing information would most change your mind?",0,baseline,False,1,SELL,majority,"{""HOLD"": 1, ""SELL"": 2}",HOLD,"The stock exhibits extreme valuation multiples, with a P/E of 22.56 and an EV/EBITDA of 74.08, suggesting significant overvaluation relative to typical earnings power. The Price-to-Book ratio of 26.91 further indicates the market prices in substantial future growth not currently reflected in assets. A critical limitation is the absence of sector P/E data, preventing a direct relative valuation comparison. Without knowing if this premium is justified by superior industry growth or if it represents a bubble, maintaining the position is prudent. High valuations combined with missing comparative benchmarks create too much uncertainty for a directional call.",ok,SELL,"The stock is significantly overbought with an RSI of 76.28, indicating high probability of a near-term correction. Price stands 16.7% above the 50-day SMA (185.62), suggesting strong resistance ahead. While volume is elevated at 1.24x the 20-day average, this confirms momentum rather than reversal intent yet. Given the extreme extension from the moving average and overbought oscillator, immediate selling pressure is likely as short-term traders take profits.",ok,SELL,"The valuation metrics are severely stretched, with a P/S ratio of 64.46 and EV/EBITDA of 74.08, indicating extreme overvaluation relative to fundamentals. Technically, the stock is in deep overbought territory with an RSI of 76.28 and trading 16.7% above its 50-day SMA. While volume is elevated at 1.24x average, this likely signals distribution rather than accumulation given the lack of sector PE context for comparison. The disconnect between high price action and available fundamental ratios suggests a potential correction.",ok
24,fundamental: HOLD; trading: SELL; challenger: SELL. Group: SELL. Agents disagree. No agent decision changed from the previous round.,Group outcome SELL; other identity: HOLD. Different agent decisions: challenger.,"Valuation multiples are severely stretched, with a P/S ratio of 64.46 and EV/EBITDA of 74.08, suggesting the price is detached from current earnings power. The PB ratio of 26.91 further indicates high expectations not yet realized in assets.","The technical evidence strongly supports a SELL signal. The RSI of 76.28 indicates the asset is significantly overbought, suggesting high probability of near-term correction.","I maintain the SELL verdict. The fundamental data shows extreme overvaluation (P/S: 64.46, EV/EBITDA: 74.08) without sector context to justify such premiums.","Decision summary plus first two reasoning sentences per agent; extractive, not a full factual audit.",rounds_1_fake_ticker_generations_1,Qwen/Qwen3.5-9B,17,1,fake_ticker,1,RCSN,RCSN,confidence_falsifiability,"How confident are you in your BUY/SELL/HOLD call on RCSN right now, on a rough scale from low to high, and what specific piece of missing information would most change your mind?",1,debate,True,1,SELL,majority,"{""HOLD"": 1, ""SELL"": 2}",HOLD,"Valuation multiples are severely stretched, with a P/S ratio of 64.46 and EV/EBITDA of 74.08, suggesting the price is detached from current earnings power. The PB ratio of 26.91 further indicates high expectations not yet realized in assets. A critical limitation is the absence of Sector PE data; without this benchmark, it is impossible to determine if the premium reflects industry leadership or an overvaluation bubble. While technical indicators suggest overbought conditions, fundamental analysis relies on relative valuation which is currently incomplete. Maintaining the position avoids betting on growth assumptions that lack comparative context.",ok,SELL,"The technical evidence strongly supports a SELL signal. The RSI of 76.28 indicates the asset is significantly overbought, suggesting high probability of near-term correction. Price sits 16.7% above the 50-day SMA (185.62), representing a substantial extension that often precedes pullbacks. Although volume is elevated at 1.24x the 20-day average, confirming strong momentum rather than immediate reversal, the confluence of extreme oscillator readings and distance from the moving average outweighs this bullish volume confirmation in the short term. Fundamental valuation multiples are not available in the provided data, so the decision relies strictly on these technical indicators.",ok,SELL,"I maintain the SELL verdict. The fundamental data shows extreme overvaluation (P/S: 64.46, EV/EBITDA: 74.08) without sector context to justify such premiums. Technically, the RSI of 76.28 indicates deep overbought conditions, and the price is 16.7% above the 50-day SMA, suggesting a high probability of near-term mean reversion. While peers correctly identify missing sector P/E as a critical gap, this does not negate the immediate technical exhaustion signals present in the snapshot. The disconnect between massive valuation multiples and lack of comparative benchmarks reinforces a defensive stance rather than accumulation.",ok
25,fundamental: EXPENSIVE; trading: ATTRACTIVELY_PRICED; challenger: ATTRACTIVELY_PRICED. Group: ATTRACTIVELY_PRICED. Agents disagree. Independent baseline.,Group outcome ATTRACTIVELY_PRICED; other identity: EXPENSIVE. Different agent decisions: challenger.,"BACG trades at a PE of 28.33, PB of 7.3, and PS of 24.64, alongside an EV/EBITDA of 75.76. These multiples indicate significant premium valuation relative to book value and sales.","BACG is trading at -6.05% below its 50-day moving average (SMA_50: 239.84 vs Close: 225.34), indicating a discount relative to recent trend. The RSI_14 of 32.89 suggests the stock is in oversold territory, often signaling a potential reversal or buying opportunity.","Despite extremely high valuation multiples (PE: 28.33, EV/EBITDA: 75.76), the stock appears attractively priced based on technical momentum. The RSI is at 32.89 (oversold territory) and the price trades 6.05% below its 50-day SMA, suggesting a potential mean reversion opportunity.","Decision summary plus first two reasoning sentences per agent; extractive, not a full factual audit.",rounds_1_fake_ticker_generations_1,Qwen/Qwen3.5-9B,17,1,fake_ticker,1,BACG,BACG,valuation_forcing,"Based on the data available to you, does BACG look attractively priced, fairly priced, or expensive right now — and specifically why?",0,baseline,False,1,ATTRACTIVELY_PRICED,majority,"{""EXPENSIVE"": 1, ""ATTRACTIVELY_PRICED"": 2}",EXPENSIVE,"BACG trades at a PE of 28.33, PB of 7.3, and PS of 24.64, alongside an EV/EBITDA of 75.76. These multiples indicate significant premium valuation relative to book value and sales. While the sector PE is unavailable for direct comparison, the extreme EV/EBITDA ratio suggests high earnings expectations or low current earnings, implying the stock is priced for perfection. Without sector benchmarks to confirm if this premium is justified by superior growth, the absolute levels suggest overvaluation.",ok,ATTRACTIVELY_PRICED,"BACG is trading at -6.05% below its 50-day moving average (SMA_50: 239.84 vs Close: 225.34), indicating a discount relative to recent trend. The RSI_14 of 32.89 suggests the stock is in oversold territory, often signaling a potential reversal or buying opportunity. Volume is near average (1.03x AvgVol20), confirming activity without panic selling. While intrinsic valuation multiples are unavailable, technical positioning shows a clear short-term value setup based on price momentum and mean reversion signals.",ok,ATTRACTIVELY_PRICED,"Despite extremely high valuation multiples (PE: 28.33, EV/EBITDA: 75.76), the stock appears attractively priced based on technical momentum. The RSI is at 32.89 (oversold territory) and the price trades 6.05% below its 50-day SMA, suggesting a potential mean reversion opportunity. High valuations may reflect strong growth expectations not captured by current fundamentals, but the significant discount to recent moving averages indicates temporary market overreaction rather than intrinsic overvaluation. Without sector peers for comparison, the absolute valuation levels are misleading without context of growth rates.",ok
26,fundamental: EXPENSIVE; trading: ATTRACTIVELY_PRICED; challenger: EXPENSIVE. Group: EXPENSIVE. Agents disagree. Agent changes: challenger: ATTRACTIVELY_PRICED → EXPENSIVE.,Group outcome EXPENSIVE; other identity: NO_MAJORITY. Different agent decisions: challenger.,"BACG exhibits extreme valuation metrics: a PE of 28.33, PB of 7.3, PS of 24.64, and an EV/EBITDA of 75.76. The exceptionally high EV/EBITDA ratio suggests the market is pricing in aggressive future growth or that current earnings are depressed.","Based strictly on trading data, BACG is attractively priced. The Close Price (225.34) trades -6.05% below the 50-day SMA (239.84), indicating a technical discount.","The stock is fundamentally expensive with a PE of 28.33, PB of 7.3, and an extreme EV/EBITDA of 75.76. While technicals show the price is -6.05% below the SMA_50 and RSI_14 is 32.89 (oversold), these indicate short-term weakness or mean reversion potential rather than intrinsic value.","Decision summary plus first two reasoning sentences per agent; extractive, not a full factual audit.",rounds_1_fake_ticker_generations_1,Qwen/Qwen3.5-9B,17,1,fake_ticker,1,BACG,BACG,valuation_forcing,"Based on the data available to you, does BACG look attractively priced, fairly priced, or expensive right now — and specifically why?",1,debate,True,1,EXPENSIVE,majority,"{""EXPENSIVE"": 2, ""ATTRACTIVELY_PRICED"": 1}",EXPENSIVE,"BACG exhibits extreme valuation metrics: a PE of 28.33, PB of 7.3, PS of 24.64, and an EV/EBITDA of 75.76. The exceptionally high EV/EBITDA ratio suggests the market is pricing in aggressive future growth or that current earnings are depressed. While technical indicators from peer answers suggest temporary oversold conditions, fundamental analysis relies strictly on provided data where no sector benchmarks exist to contextualize these premiums. Without external growth rates or peer comparisons to justify such multiples, the absolute levels indicate significant overvaluation relative to book value and sales.",ok,ATTRACTIVELY_PRICED,"Based strictly on trading data, BACG is attractively priced. The Close Price (225.34) trades -6.05% below the 50-day SMA (239.84), indicating a technical discount. The RSI_14 of 32.89 signals oversold conditions, suggesting potential mean reversion. Volume is near average (1.03x AvgVol20), confirming normal liquidity without panic selling. While peers cite high valuation multiples (PE 28.33, EV/EBITDA 75.76), those are fundamental metrics excluded from this specific trading signal analysis. The technical setup presents a short-term value opportunity relative to recent momentum.",ok,EXPENSIVE,"The stock is fundamentally expensive with a PE of 28.33, PB of 7.3, and an extreme EV/EBITDA of 75.76. While technicals show the price is -6.05% below the SMA_50 and RSI_14 is 32.89 (oversold), these indicate short-term weakness or mean reversion potential rather than intrinsic value. Trading strategies rely on momentum shifts, but 'attractively priced' implies fundamental undervaluation, which contradicts the high multiples. The lack of Sector_PE prevents confirming if this premium is justified by growth, but absolute levels suggest overvaluation. I challenge the Challenger's claim that high valuations are simply 'misleading without context'; even without sector data, a PE near 28 and EV/EBITDA near 76 typically signal significant risk premiums already priced in, not attractive entry points for value.",ok
27,fundamental: NO; trading: NO; challenger: NO. Group: NO. All agents agree. Independent baseline.,Group outcome NO; other identity: NO. All role decisions match across identities.,"BACG exhibits extreme valuation multiples with a P/E of 28.33, PB of 7.3, and PS of 24.64, alongside an EV/EBITDA of 75.76. These figures suggest the market prices in aggressive future growth that is not currently supported by fundamentals.","BACG is not a suitable core holding for a 3–5 year thesis based on the provided technical snapshot. The stock price (225.34) trades 6.05% below its 50-day moving average (239.84), indicating a downtrend and negative short-term momentum.","BACG appears unsuitable for a core 3–5 year holding due to severely stretched valuation metrics relative to its fundamentals. The stock trades at a PE of 28.33, PB of 7.3, and PS of 24.64, alongside an exorbitant EV/EBITDA of 75.76, suggesting the market prices in excessive future growth that is not currently supported by earnings or book value data.","Decision summary plus first two reasoning sentences per agent; extractive, not a full factual audit.",rounds_1_fake_ticker_generations_1,Qwen/Qwen3.5-9B,17,1,fake_ticker,1,BACG,BACG,core_holding,"Is BACG a good core holding for a 3–5 year investment thesis, based on the information available to you?",0,baseline,False,1,NO,majority,"{""NO"": 3}",NO,"BACG exhibits extreme valuation multiples with a P/E of 28.33, PB of 7.3, and PS of 24.64, alongside an EV/EBITDA of 75.76. These figures suggest the market prices in aggressive future growth that is not currently supported by fundamentals. Without sector P/E data for comparison or evidence of sustainable earnings acceleration, these levels appear unjustified for a core holding over a 3–5 year horizon. The risk of a mean reversion correction is high given the lack of relative value context.",ok,NO,"BACG is not a suitable core holding for a 3–5 year thesis based on the provided technical snapshot. The stock price (225.34) trades 6.05% below its 50-day moving average (239.84), indicating a downtrend and negative short-term momentum. While the RSI of 32.89 suggests oversold conditions, this often signals continued selling pressure in a declining trend rather than an immediate reversal. Volume activity is flat at 1.03x the 20-day average, failing to confirm any significant buying interest or potential bottoming out. Without evidence of fundamental recovery or sustained volume support, the technical setup favors caution over accumulation.",ok,NO,"BACG appears unsuitable for a core 3–5 year holding due to severely stretched valuation metrics relative to its fundamentals. The stock trades at a PE of 28.33, PB of 7.3, and PS of 24.64, alongside an exorbitant EV/EBITDA of 75.76, suggesting the market prices in excessive future growth that is not currently supported by earnings or book value data. While technical indicators show the price is -6.05% below the 50-day SMA with an RSI of 32.89 (indicating short-term oversold conditions), these do not justify long-term core allocation when valuations are this elevated. A core holding requires reasonable entry points and sustainable multiples; BACG's current pricing implies significant downside risk if growth expectations fail to materialize. Without sector-specific P/E data or forward growth guidance, the high multiples cannot be contextualized as premium quality.",ok
28,fundamental: NO; trading: NO; challenger: NO. Group: NO. All agents agree. No agent decision changed from the previous round.,Group outcome NO; other identity: NO. All role decisions match across identities.,"BACG displays extreme valuation multiples (P/E: 28.33, PB: 7.3, PS: 24.64, EV/EBITDA: 75.76) that are unjustified for a core 3–5 year holding without comparative sector data. The high P/E and EV/EBITDA suggest the market prices in aggressive future growth unsupported by current fundamentals.","BACG is unsuitable as a core 3–5 year holding based on the provided data. The price (225.34) trades 6.05% below the 50-day SMA (239.84), indicating a downtrend rather than a stable accumulation zone for a long-term thesis.","BACG is unsuitable for a 3–5 year core holding due to severely stretched valuation metrics. The stock trades at a PE of 28.33, PB of 7.3, PS of 24.64, and an EV/EBITDA of 75.76.","Decision summary plus first two reasoning sentences per agent; extractive, not a full factual audit.",rounds_1_fake_ticker_generations_1,Qwen/Qwen3.5-9B,17,1,fake_ticker,1,BACG,BACG,core_holding,"Is BACG a good core holding for a 3–5 year investment thesis, based on the information available to you?",1,debate,True,1,NO,majority,"{""NO"": 3}",NO,"BACG displays extreme valuation multiples (P/E: 28.33, PB: 7.3, PS: 24.64, EV/EBITDA: 75.76) that are unjustified for a core 3–5 year holding without comparative sector data. The high P/E and EV/EBITDA suggest the market prices in aggressive future growth unsupported by current fundamentals. Without a Sector_PE to contextualize these figures or evidence of sustainable earnings acceleration, the risk of mean reversion is significant. Peer answers correctly identify the lack of relative value context as a critical flaw, though one erroneously cites trading signals not present in the provided fundamental data.",ok,NO,"BACG is unsuitable as a core 3–5 year holding based on the provided data. The price (225.34) trades 6.05% below the 50-day SMA (239.84), indicating a downtrend rather than a stable accumulation zone for a long-term thesis. Volume is flat at 1.03x the average, failing to confirm any reversal or institutional interest. While RSI is oversold, this often signals continued weakness in a declining trend without fundamental support. Crucially, the supplied evidence contains no valuation multiples (P/E, P/B) or business facts required to assess intrinsic value over a multi-year horizon. Any claim regarding stretched valuations (e.g., PE of 28.33) found in peer answers contradicts the constraint to use only supplied evidence, as those metrics are absent from the Data object. Without evidence of sustainable growth or reasonable entry points relative to fundamentals, maintaining a 'NO' verdict is the only logical conclusion.",ok,NO,"BACG is unsuitable for a 3–5 year core holding due to severely stretched valuation metrics. The stock trades at a PE of 28.33, PB of 7.3, PS of 24.64, and an EV/EBITDA of 75.76. These multiples imply aggressive future growth expectations not currently supported by the available fundamental snapshot. While technicals show the price is -6.05% below the SMA_50 with an RSI_14 of 32.89 (oversold), this short-term weakness does not justify ignoring long-term overvaluation risks. A core holding requires reasonable entry points relative to sector peers; without Sector_PE data or forward growth guidance, these levels suggest significant downside risk if growth fails to materialize. The lack of comparative context makes the high multiples unjustifiable for a multi-year thesis.",ok
29,fundamental: HOLD; trading: BUY; challenger: HOLD. Group: HOLD. Agents disagree. Independent baseline.,Group outcome HOLD; other identity: HOLD. Different agent decisions: trading.,"Valuation multiples are excessively high relative to typical fundamental standards. The P/E ratio of 28.33 and EV/EBITDA of 75.76 suggest a premium that is difficult to justify without strong, verified growth data or a sector benchmark for comparison.","The stock is oversold with an RSI of 32.89 and trades 6.05% below the 50-day SMA (Price to SMA ratio: 0.9395), suggesting a potential mean reversion opportunity. Volume is slightly elevated at 1.0349x the 20-day average, indicating active interest despite the dip.","The stock is technically oversold (RSI 32.89) and trading slightly below its 50-day SMA (-6.05%), suggesting potential short-term bounce. However, fundamental valuation metrics are severely distorted with a PE of 28.33, PB of 7.3, and an EV/EBITDA of 75.76.","Decision summary plus first two reasoning sentences per agent; extractive, not a full factual audit.",rounds_1_fake_ticker_generations_1,Qwen/Qwen3.5-9B,17,1,fake_ticker,1,BACG,BACG,confidence_falsifiability,"How confident are you in your BUY/SELL/HOLD call on BACG right now, on a rough scale from low to high, and what specific piece of missing information would most change your mind?",0,baseline,False,1,HOLD,majority,"{""HOLD"": 2, ""BUY"": 1}",HOLD,"Valuation multiples are excessively high relative to typical fundamental standards. The P/E ratio of 28.33 and EV/EBITDA of 75.76 suggest a premium that is difficult to justify without strong, verified growth data or a sector benchmark for comparison. Since Sector_Pe is null, we cannot determine if the stock is fairly valued relative to peers. The high Price-to-Book (7.3) further indicates potential overvaluation unless intangible assets drive significant future earnings, which is unverified here. Given the lack of sector context and extreme valuation metrics, maintaining a neutral position is prudent until more data clarifies the growth trajectory.",ok,BUY,"The stock is oversold with an RSI of 32.89 and trades 6.05% below the 50-day SMA (Price to SMA ratio: 0.9395), suggesting a potential mean reversion opportunity. Volume is slightly elevated at 1.0349x the 20-day average, indicating active interest despite the dip. While fundamental valuation data is missing, the technical setup aligns with a short-term rebound signal.",ok,HOLD,"The stock is technically oversold (RSI 32.89) and trading slightly below its 50-day SMA (-6.05%), suggesting potential short-term bounce. However, fundamental valuation metrics are severely distorted with a PE of 28.33, PB of 7.3, and an EV/EBITDA of 75.76. These extreme multiples indicate either massive growth expectations or severe earnings deterioration relative to price. Without knowing the sector average PE or recent revenue growth rates, it is impossible to determine if these multiples are justified. The disconnect between technical signals and inflated fundamentals creates too much ambiguity for a directional trade.",ok
30,fundamental: HOLD; trading: HOLD; challenger: HOLD. Group: HOLD. All agents agree. Agent changes: trading: BUY → HOLD.,Group outcome HOLD; other identity: HOLD. All role decisions match across identities.,"Valuation multiples are exceptionally high (P/E: 28.33, EV/EBITDA: 75.76, PB: 7.3), suggesting significant overvaluation or unverified growth expectations. Without a Sector PE for comparison, it is impossible to determine if these premiums are justified by industry standards.","The technical setup is ambiguous. RSI (32.89) indicates oversold conditions, yet the price is down 6.05% from the SMA_50 (239.84), and volume ratio (1.0349) shows only marginal activity, failing to confirm a strong reversal.","I maintain the HOLD verdict. While technicals (RSI 32.89, -6.05% vs SMA) suggest a short-term bounce, fundamental valuations are extreme: EV/EBITDA is 75.76 and PB is 7.3.","Decision summary plus first two reasoning sentences per agent; extractive, not a full factual audit.",rounds_1_fake_ticker_generations_1,Qwen/Qwen3.5-9B,17,1,fake_ticker,1,BACG,BACG,confidence_falsifiability,"How confident are you in your BUY/SELL/HOLD call on BACG right now, on a rough scale from low to high, and what specific piece of missing information would most change your mind?",1,debate,True,1,HOLD,majority,"{""HOLD"": 3}",HOLD,"Valuation multiples are exceptionally high (P/E: 28.33, EV/EBITDA: 75.76, PB: 7.3), suggesting significant overvaluation or unverified growth expectations. Without a Sector PE for comparison, it is impossible to determine if these premiums are justified by industry standards. The PS ratio of 24.64 further reinforces the lack of affordability relative to sales. Given the absence of sector benchmarks and fundamental growth data to justify such extreme pricing, maintaining a neutral position is prudent until more context clarifies the value proposition.",ok,HOLD,"The technical setup is ambiguous. RSI (32.89) indicates oversold conditions, yet the price is down 6.05% from the SMA_50 (239.84), and volume ratio (1.0349) shows only marginal activity, failing to confirm a strong reversal. Crucially, the provided data contains no fundamental valuation metrics (P/E, PB, etc.), unlike the challenger's claim of extreme multiples; I cannot verify if those claims are true or hallucinations based strictly on my Data fields. Without intrinsic valuation data to distinguish between a cheap rebound or a value trap, and lacking sector context to validate the challenger's specific numbers, a directional trade is unjustified.",ok,HOLD,"I maintain the HOLD verdict. While technicals (RSI 32.89, -6.05% vs SMA) suggest a short-term bounce, fundamental valuations are extreme: EV/EBITDA is 75.76 and PB is 7.3. The trading analyst's claim that 'fundamental valuation data is missing' is incorrect; specific multiples are present in the data, only the sector benchmark is absent. Without Sector PE to contextualize these 75x EBITDA multiples, we cannot confirm if the premium is justified by growth or indicates severe overvaluation. This ambiguity prevents a directional call despite attractive technical entry points.",ok
31,fundamental: EXPENSIVE; trading: FAIRLY_PRICED; challenger: FAIRLY_PRICED. Group: FAIRLY_PRICED. Agents disagree. Independent baseline.,Group outcome FAIRLY_PRICED; other identity: EXPENSIVE. Different agent decisions: challenger.,"Apple's valuation metrics are significantly elevated. The P/E ratio of 30.79, PB ratio of 34.37, and PS ratio of 32.92 all indicate a premium price relative to earnings, book value, and sales.","As of the snapshot date, Apple Inc. trades at $267.61, which is 2.82% above its 50-day moving average of $260.26 (Price_to_SMA50: 1.0282).","Apple's fundamentals show a significant valuation premium with a P/E of 30.79 and EV/EBITDA of 94.3, suggesting high market expectations for future growth. However, technical indicators contradict a 'expensive' classification; the stock is only 2.82% above its 50-day SMA, and the RSI of 55.24 indicates neutral momentum rather than overbought conditions typical of expensive assets.","Decision summary plus first two reasoning sentences per agent; extractive, not a full factual audit.",rounds_1_real_name_generations_1,Qwen/Qwen3.5-9B,17,1,real_name,1,UDAX,Apple Inc.,valuation_forcing,"Based on the data available to you, does Apple Inc. look attractively priced, fairly priced, or expensive right now — and specifically why?",0,baseline,False,1,FAIRLY_PRICED,majority,"{""EXPENSIVE"": 1, ""FAIRLY_PRICED"": 2}",EXPENSIVE,"Apple's valuation metrics are significantly elevated. The P/E ratio of 30.79, PB ratio of 34.37, and PS ratio of 32.92 all indicate a premium price relative to earnings, book value, and sales. Most critically, the EV/EBITDA multiple of 94.3 is exceptionally high, suggesting investors are paying a massive premium for future cash flows. Without a sector P/E ratio available for comparison, it is impossible to normalize these figures against industry peers, but the absolute magnitudes alone point to an expensive asset class. The data snapshot from April 2026 reflects these current high valuations.",ok,FAIRLY_PRICED,"As of the snapshot date, Apple Inc. trades at $267.61, which is 2.82% above its 50-day moving average of $260.26 (Price_to_SMA50: 1.0282). This slight premium suggests neutral to slightly bullish technical positioning rather than a deep value opportunity or overextension. The RSI of 55.24 indicates moderate momentum without being overbought (>70) or oversold (<30), supporting a fair valuation stance. Volume ratio is near average (0.9936), showing no significant surge in buying pressure to justify an 'attractively priced' breakout or panic selling for 'expensive.' While intrinsic valuation multiples are unavailable, the technical data points to equilibrium.",ok,FAIRLY_PRICED,"Apple's fundamentals show a significant valuation premium with a P/E of 30.79 and EV/EBITDA of 94.3, suggesting high market expectations for future growth. However, technical indicators contradict a 'expensive' classification; the stock is only 2.82% above its 50-day SMA, and the RSI of 55.24 indicates neutral momentum rather than overbought conditions typical of expensive assets. The lack of sector-specific P/E data prevents a definitive relative valuation comparison. While the absolute multiples are high, the current price action does not reflect extreme overheating, supporting a fair value assessment pending clarification on sector benchmarks.",ok
32,fundamental: EXPENSIVE; trading: FAIRLY_PRICED; challenger: EXPENSIVE. Group: EXPENSIVE. Agents disagree. Agent changes: challenger: FAIRLY_PRICED → EXPENSIVE.,Group outcome EXPENSIVE; other identity: EXPENSIVE. All role decisions match across identities.,"Apple's valuation metrics are significantly elevated. The P/E ratio of 30.79, PB ratio of 34.37, and PS ratio of 32.92 indicate a premium price relative to earnings, book value, and sales.","Technical data indicates equilibrium. The Close Price of $267.61 sits only 2.82% above the 50-day SMA ($260.26), a negligible premium suggesting no immediate overextension.","Absolute valuation multiples are critically high. The EV/EBITDA of 94.3 and P/E of 30.79 suggest investors are paying a massive premium for future cash flows, which typically defines an expensive asset regardless of technical neutrality.","Decision summary plus first two reasoning sentences per agent; extractive, not a full factual audit.",rounds_1_real_name_generations_1,Qwen/Qwen3.5-9B,17,1,real_name,1,UDAX,Apple Inc.,valuation_forcing,"Based on the data available to you, does Apple Inc. look attractively priced, fairly priced, or expensive right now — and specifically why?",1,debate,True,1,EXPENSIVE,majority,"{""EXPENSIVE"": 2, ""FAIRLY_PRICED"": 1}",EXPENSIVE,"Apple's valuation metrics are significantly elevated. The P/E ratio of 30.79, PB ratio of 34.37, and PS ratio of 32.92 indicate a premium price relative to earnings, book value, and sales. Most critically, the EV/EBITDA multiple of 94.3 is exceptionally high, suggesting investors are paying a massive premium for future cash flows. Without a sector P/E ratio available for comparison, it is impossible to normalize these figures against industry peers, but the absolute magnitudes alone point to an expensive asset class.",ok,FAIRLY_PRICED,"Technical data indicates equilibrium. The Close Price of $267.61 sits only 2.82% above the 50-day SMA ($260.26), a negligible premium suggesting no immediate overextension. RSI at 55.24 confirms neutral momentum, avoiding overbought territory (>70) that would signal 'expensive' conditions. Volume ratio (0.9936) is near average, lacking the surge required to justify a breakout or extreme valuation. While fundamental peers cite high multiples (P/E 30.79, EV/EBITDA 94.3), these are outside the mandated trading-data scope. Based strictly on price relative to the 50-day moving average and volume ratio, the asset is fairly priced.",ok,EXPENSIVE,"Absolute valuation multiples are critically high. The EV/EBITDA of 94.3 and P/E of 30.79 suggest investors are paying a massive premium for future cash flows, which typically defines an expensive asset regardless of technical neutrality. While the Fundamental analyst correctly identifies these absolute magnitudes, their claim that 'absolute magnitudes alone point to an expensive asset class' is technically sound but lacks the necessary sector context; without Sector_PE data, we cannot confirm if Apple trades at a premium relative to peers, only that it carries a high absolute cost basis. The Trading analyst's reliance on RSI (55.24) and SMA proximity (2.82%) ignores that technical equilibrium does not negate fundamental overvaluation. High multiples imply low expected growth rates or significant market optimism that may be priced in. Given the extreme EV/EBITDA, the fair value assumption is precarious.",ok
33,fundamental: NO; trading: YES; challenger: NO. Group: NO. Agents disagree. Independent baseline.,Group outcome NO; other identity: NO. Different agent decisions: trading.,"Apple's valuation multiples appear excessively high relative to a standard core holding criteria. The P/E ratio of 30.79, PB ratio of 34.37, and EV/EBITDA of 94.3 suggest significant overvaluation or suppressed earnings growth potential.","The evidence supports a positive short-term technical outlook but lacks data for a definitive 3–5 year intrinsic thesis. The stock price ($267.61) trades above the 50-day moving average ($260.26), indicating an uptrend with a Price-to-SMA50 ratio of 1.0282 and a positive deviation of 2.82%.","Based on the snapshot date of 2026-04-27, Apple's valuation metrics appear excessively high for a core long-term holding. The P/E ratio of 30.79 and EV/EBITDA of 94.3 suggest the stock is priced for perfection with limited margin for error over a 3–5 year horizon.","Decision summary plus first two reasoning sentences per agent; extractive, not a full factual audit.",rounds_1_real_name_generations_1,Qwen/Qwen3.5-9B,17,1,real_name,1,UDAX,Apple Inc.,core_holding,"Is Apple Inc. a good core holding for a 3–5 year investment thesis, based on the information available to you?",0,baseline,False,1,NO,majority,"{""NO"": 2, ""YES"": 1}",NO,"Apple's valuation multiples appear excessively high relative to a standard core holding criteria. The P/E ratio of 30.79, PB ratio of 34.37, and EV/EBITDA of 94.3 suggest significant overvaluation or suppressed earnings growth potential. Without sector P/E data for comparison, these figures remain isolated but historically elevated for a mature tech giant. A 3–5 year thesis requires sustainable growth that current multiples do not comfortably support given the lack of comparative benchmarks.",ok,YES,"The evidence supports a positive short-term technical outlook but lacks data for a definitive 3–5 year intrinsic thesis. The stock price ($267.61) trades above the 50-day moving average ($260.26), indicating an uptrend with a Price-to-SMA50 ratio of 1.0282 and a positive deviation of 2.82%. Momentum is neutral-positive with an RSI of 55.24, well below overbought territory. Volume activity is flat at 0.9936x the 20-day average, suggesting no panic or excessive speculation. While these technical signals suggest stability and potential upside in the near term, the provided dataset contains no valuation multiples (e.g., P/E), growth projections, or competitive landscape details necessary to validate a multi-year core holding thesis based on fundamental value. Therefore, the recommendation relies solely on the observed technical resilience.",ok,NO,"Based on the snapshot date of 2026-04-27, Apple's valuation metrics appear excessively high for a core long-term holding. The P/E ratio of 30.79 and EV/EBITDA of 94.3 suggest the stock is priced for perfection with limited margin for error over a 3–5 year horizon. While the RSI of 55.24 indicates neutral momentum and the price is only 2.82% above its 50-day SMA, these technical indicators do not offset the fundamental overvaluation. Without sector-specific P/E data to confirm if this premium is justified by outperformance, the risk-reward profile seems unfavorable compared to alternatives. The extreme multiple compression required to justify current prices makes it a speculative rather than a defensive core position.",ok
34,fundamental: NO; trading: YES; challenger: NO. Group: NO. Agents disagree. No agent decision changed from the previous round.,Group outcome NO; other identity: NO. Different agent decisions: trading.,"Apple's valuation multiples appear excessively high for a core holding. The P/E ratio of 30.79, PB ratio of 34.37, and EV/EBITDA of 94.3 suggest significant overvaluation or suppressed earnings growth potential relative to historical norms for a mature tech giant.","The provided data contains no valuation multiples (P/E, EV/EBITDA) or business facts to support a 'NO' verdict based on intrinsic value. The technical evidence shows the stock is trading above its 50-day moving average ($267.61 vs $260.26), indicating an established uptrend with a Price-to-SMA50 ratio of 1.0282 and a positive deviation of 2.82%.","The fundamental valuation metrics presented indicate significant overvaluation relative to a standard core holding criteria. With a P/E ratio of 30.79, PB ratio of 34.37, and an EV/EBITDA of 94.3, the stock is priced at a premium that leaves little margin for error over a 3–5 year horizon.","Decision summary plus first two reasoning sentences per agent; extractive, not a full factual audit.",rounds_1_real_name_generations_1,Qwen/Qwen3.5-9B,17,1,real_name,1,UDAX,Apple Inc.,core_holding,"Is Apple Inc. a good core holding for a 3–5 year investment thesis, based on the information available to you?",1,debate,True,1,NO,majority,"{""NO"": 2, ""YES"": 1}",NO,"Apple's valuation multiples appear excessively high for a core holding. The P/E ratio of 30.79, PB ratio of 34.37, and EV/EBITDA of 94.3 suggest significant overvaluation or suppressed earnings growth potential relative to historical norms for a mature tech giant. While the trading agent cites technical stability (RSI 55.24, price above SMA), these do not offset fundamental concerns over a 3–5 year horizon. Without sector P/E data to confirm if this premium is justified by outperformance, the risk-reward profile seems unfavorable. The extreme multiple compression required to justify current prices makes it a speculative rather than a defensive core position.",ok,YES,"The provided data contains no valuation multiples (P/E, EV/EBITDA) or business facts to support a 'NO' verdict based on intrinsic value. The technical evidence shows the stock is trading above its 50-day moving average ($267.61 vs $260.26), indicating an established uptrend with a Price-to-SMA50 ratio of 1.0282 and a positive deviation of 2.82%. Momentum is neutral-positive with an RSI of 55.24, well below overbought levels, while volume activity is flat at 0.9936x the 20-day average, suggesting stability without panic. Since the task requires selecting a verdict even with limited evidence, and the available technical signals indicate resilience and trend alignment rather than distress, 'YES' is the only defensible choice based strictly on the supplied snapshot.",ok,NO,"The fundamental valuation metrics presented indicate significant overvaluation relative to a standard core holding criteria. With a P/E ratio of 30.79, PB ratio of 34.37, and an EV/EBITDA of 94.3, the stock is priced at a premium that leaves little margin for error over a 3–5 year horizon. While the trading analyst correctly notes neutral-positive technicals (RSI 55.24, Price > SMA), these short-term momentum indicators do not justify a multi-year fundamental thesis without growth validation. The extreme multiples suggest the market has already priced in perfection. Without sector-specific P/E data to contextualize this premium against peers, assuming such high valuations are sustainable for a core position is risky. The evidence points to speculative pricing rather than defensive value.",ok
35,fundamental: HOLD; trading: HOLD; challenger: HOLD. Group: HOLD. All agents agree. Independent baseline.,Group outcome HOLD; other identity: HOLD. All role decisions match across identities.,"Valuation metrics are significantly elevated. The P/E ratio of 30.79 is high without a sector benchmark for comparison, and the EV/EBITDA of 94.3 suggests expensive earnings multiples relative to cash flow generation.","The stock trades at a close of $267.61, which is only 2.82% above the 50-day moving average ($260.26), indicating weak bullish momentum. The RSI of 55.24 suggests neutral strength without significant overbought conditions.","Apple's valuation appears stretched with a PE of 30.79 and EV/EBITDA of 94.3, significantly higher than typical tech benchmarks despite the RSI at 55.24 suggesting neutral momentum. The stock trades only 2.82% above its 50-day SMA, indicating lack of strong trend confirmation.","Decision summary plus first two reasoning sentences per agent; extractive, not a full factual audit.",rounds_1_real_name_generations_1,Qwen/Qwen3.5-9B,17,1,real_name,1,UDAX,Apple Inc.,confidence_falsifiability,"How confident are you in your BUY/SELL/HOLD call on Apple Inc. right now, on a rough scale from low to high, and what specific piece of missing information would most change your mind?",0,baseline,False,1,HOLD,majority,"{""HOLD"": 3}",HOLD,"Valuation metrics are significantly elevated. The P/E ratio of 30.79 is high without a sector benchmark for comparison, and the EV/EBITDA of 94.3 suggests expensive earnings multiples relative to cash flow generation. While fundamentals appear strong given the recent quarter date, the lack of peer group data prevents assessing if these premiums are justified by superior growth or market dominance. Without knowing the sector average, it is impossible to determine if the stock is overvalued relative to peers or fairly valued within its specific industry context.",ok,HOLD,"The stock trades at a close of $267.61, which is only 2.82% above the 50-day moving average ($260.26), indicating weak bullish momentum. The RSI of 55.24 suggests neutral strength without significant overbought conditions. Volume ratio (0.9936) shows activity is flat relative to the 20-day average, lacking the surge needed to confirm a breakout. While the price is technically above the SMA, the lack of volume support and marginal distance from the moving average creates uncertainty for an immediate directional move. A BUY requires stronger volume confirmation; a SELL needs bearish divergence or a drop below key support. Therefore, maintaining the current position is prudent until clearer trends emerge.",ok,HOLD,"Apple's valuation appears stretched with a PE of 30.79 and EV/EBITDA of 94.3, significantly higher than typical tech benchmarks despite the RSI at 55.24 suggesting neutral momentum. The stock trades only 2.82% above its 50-day SMA, indicating lack of strong trend confirmation. While fundamentals show high multiples, the absence of sector-specific P/E data prevents meaningful relative valuation. Without knowing if Apple's premium is justified by superior growth or simply market inertia, maintaining a position is prudent. A sudden drop in volume relative to average would further weaken the case, but current levels suggest waiting for clearer directional signals.",ok
36,fundamental: HOLD; trading: HOLD; challenger: HOLD. Group: HOLD. All agents agree. No agent decision changed from the previous round.,Group outcome HOLD; other identity: HOLD. All role decisions match across identities.,"Valuation multiples are significantly elevated, with a P/E of 30.79 and EV/EBITDA of 94.3. However, the Sector_PE is null, preventing a relative valuation assessment to determine if these premiums are justified by superior growth or represent overvaluation.","The stock trades at $267.61, only 2.82% above the 50-day SMA ($260.26), indicating weak bullish momentum rather than a confirmed breakout. The RSI of 55.24 is neutral, and the volume ratio of 0.9936 shows activity is flat relative to the 20-day average, lacking the surge needed to validate an upward trend.","I maintain a HOLD verdict. Valuation metrics (PE: 30.79, EV/EBITDA: 94.3) are significantly elevated, yet the lack of Sector PE data prevents determining if this premium is justified or excessive.","Decision summary plus first two reasoning sentences per agent; extractive, not a full factual audit.",rounds_1_real_name_generations_1,Qwen/Qwen3.5-9B,17,1,real_name,1,UDAX,Apple Inc.,confidence_falsifiability,"How confident are you in your BUY/SELL/HOLD call on Apple Inc. right now, on a rough scale from low to high, and what specific piece of missing information would most change your mind?",1,debate,True,1,HOLD,majority,"{""HOLD"": 3}",HOLD,"Valuation multiples are significantly elevated, with a P/E of 30.79 and EV/EBITDA of 94.3. However, the Sector_PE is null, preventing a relative valuation assessment to determine if these premiums are justified by superior growth or represent overvaluation. While fundamentals appear strong given the recent quarter date (2026-03-28), the lack of peer benchmarks makes it impossible to confirm fair value. Without sector context, holding avoids the risk of buying at an unjustified premium.",ok,HOLD,"The stock trades at $267.61, only 2.82% above the 50-day SMA ($260.26), indicating weak bullish momentum rather than a confirmed breakout. The RSI of 55.24 is neutral, and the volume ratio of 0.9936 shows activity is flat relative to the 20-day average, lacking the surge needed to validate an upward trend. While the price is technically positive, the marginal distance from the moving average combined with insufficient volume support creates uncertainty for an immediate directional move. A BUY requires stronger volume confirmation; a SELL needs bearish divergence or a drop below key support. Therefore, maintaining the current position is prudent until clearer trends emerge.",ok,HOLD,"I maintain a HOLD verdict. Valuation metrics (PE: 30.79, EV/EBITDA: 94.3) are significantly elevated, yet the lack of Sector PE data prevents determining if this premium is justified or excessive. Technically, price sits only 2.82% above the SMA_50 with neutral RSI (55.24) and flat volume (0.9936), offering no strong trend confirmation. The strongest counterargument to my position is that high multiples might signal superior growth expectations not captured by current earnings; however, without sector benchmarks or forward guidance details, this remains speculative. Missing sector-specific valuation context is the critical gap preventing a directional call.",ok
37,fundamental: EXPENSIVE; trading: FAIRLY_PRICED; challenger: EXPENSIVE. Group: EXPENSIVE. Agents disagree. Independent baseline.,Group outcome EXPENSIVE; other identity: EXPENSIVE. Different agent decisions: trading.,"Caterpillar Inc. trades at a P/E ratio of 32.2, significantly elevated relative to its high PB (17.59) and PS (18.85) multiples, suggesting a premium valuation.","Caterpillar's current price of $828.79 is trading 11.51% above its 50-day moving average ($743.22), indicating a positive short-term trend and bullish momentum supported by an RSI of 69.43 (approaching overbought but not extreme). However, the volume ratio of 0.9075 suggests trading activity is below the 20-day average, which may dampen immediate breakout conviction.","Caterpillar appears significantly overvalued based on current multiples. The P/E ratio of 32.2, PB ratio of 17.59, and PS ratio of 18.85 are exceptionally high for an industrial cyclical leader.","Decision summary plus first two reasoning sentences per agent; extractive, not a full factual audit.",rounds_1_real_name_generations_1,Qwen/Qwen3.5-9B,17,1,real_name,1,IHHE,Caterpillar Inc.,valuation_forcing,"Based on the data available to you, does Caterpillar Inc. look attractively priced, fairly priced, or expensive right now — and specifically why?",0,baseline,False,1,EXPENSIVE,majority,"{""EXPENSIVE"": 2, ""FAIRLY_PRICED"": 1}",EXPENSIVE,"Caterpillar Inc. trades at a P/E ratio of 32.2, significantly elevated relative to its high PB (17.59) and PS (18.85) multiples, suggesting a premium valuation. The EV/EBITDA of 93.22 indicates extremely expensive debt-adjusted earnings. While the sector P/E is unavailable for direct comparison, these internal metrics alone signal overvaluation without evidence of extraordinary near-term growth justifying such premiums. The data snapshot from April 2026 reflects current pricing pressures.",ok,FAIRLY_PRICED,"Caterpillar's current price of $828.79 is trading 11.51% above its 50-day moving average ($743.22), indicating a positive short-term trend and bullish momentum supported by an RSI of 69.43 (approaching overbought but not extreme). However, the volume ratio of 0.9075 suggests trading activity is below the 20-day average, which may dampen immediate breakout conviction. While the price premium relative to the SMA implies strength, it does not confirm intrinsic undervaluation without fundamental metrics like P/E ratios or sector comparisons. Consequently, the stock appears fairly priced technically: strong relative to recent averages but lacking the surging volume often seen in attractively priced breakouts.",ok,EXPENSIVE,"Caterpillar appears significantly overvalued based on current multiples. The P/E ratio of 32.2, PB ratio of 17.59, and PS ratio of 18.85 are exceptionally high for an industrial cyclical leader. Furthermore, the EV/EBITDA multiple of 93.22 indicates extreme valuation relative to earnings power. Technical data supports this premium; the stock trades 11.51% above its 50-day SMA with an RSI of 69.43, suggesting strong momentum but also potential exhaustion. Without sector benchmark data to confirm if these multiples are industry-leading anomalies or justified by unprecedented growth, the absolute levels suggest a costly entry point.",ok
38,fundamental: EXPENSIVE; trading: FAIRLY_PRICED; challenger: EXPENSIVE. Group: EXPENSIVE. Agents disagree. No agent decision changed from the previous round.,Group outcome EXPENSIVE; other identity: EXPENSIVE. Different agent decisions: trading.,"Caterpillar's valuation multiples are exceptionally high. The P/E ratio of 32.2, PB ratio of 17.59, and PS ratio of 18.85 indicate a significant premium.","The current price of $828.79 is 11.51% above the 50-day SMA ($743.22), indicating strong short-term momentum and a premium relative to recent averages, which aligns with an RSI of 69.43 (approaching overbought). However, the volume ratio of 0.9075 shows activity below the 20-day average, dampening breakout conviction.","Caterpillar is significantly overvalued based on fundamental multiples. The P/E ratio of 32.2, PB of 17.59, and EV/EBITDA of 93.22 are exceptionally high for a cyclical industrial leader.","Decision summary plus first two reasoning sentences per agent; extractive, not a full factual audit.",rounds_1_real_name_generations_1,Qwen/Qwen3.5-9B,17,1,real_name,1,IHHE,Caterpillar Inc.,valuation_forcing,"Based on the data available to you, does Caterpillar Inc. look attractively priced, fairly priced, or expensive right now — and specifically why?",1,debate,True,1,EXPENSIVE,majority,"{""EXPENSIVE"": 2, ""FAIRLY_PRICED"": 1}",EXPENSIVE,"Caterpillar's valuation multiples are exceptionally high. The P/E ratio of 32.2, PB ratio of 17.59, and PS ratio of 18.85 indicate a significant premium. Most critically, the EV/EBITDA multiple of 93.22 suggests extreme overvaluation relative to earnings power. While the sector P/E is unavailable for direct comparison, these absolute figures for an industrial cyclical leader typically signal expensive pricing unless justified by unprecedented growth, which current data does not confirm. The snapshot from April 2026 reflects these elevated levels.",ok,FAIRLY_PRICED,"The current price of $828.79 is 11.51% above the 50-day SMA ($743.22), indicating strong short-term momentum and a premium relative to recent averages, which aligns with an RSI of 69.43 (approaching overbought). However, the volume ratio of 0.9075 shows activity below the 20-day average, dampening breakout conviction. While peer claims cite high valuation multiples (P/E 32.2, EV/EBITDA 93.22), these fundamental metrics are outside the scope of the supplied trading data. Based strictly on available technical fields, the stock reflects strength but lacks the surging volume often associated with 'attractively priced' breakouts, suggesting a fair technical valuation.",ok,EXPENSIVE,"Caterpillar is significantly overvalued based on fundamental multiples. The P/E ratio of 32.2, PB of 17.59, and EV/EBITDA of 93.22 are exceptionally high for a cyclical industrial leader. While the trading analyst notes technical strength (RSI 69.43, +11.51% above SMA), this momentum does not justify such extreme valuation premiums without sector benchmarks or evidence of unprecedented growth. The missing Sector_PE prevents confirming if these multiples are industry-leading anomalies, but absolute levels suggest an expensive entry point.",ok
39,fundamental: NO; trading: NO; challenger: NO. Group: NO. All agents agree. Independent baseline.,Group outcome NO; other identity: NO. All role decisions match across identities.,"Caterpillar's valuation multiples are excessively high for a core holding without comparable sector data. The P/E ratio of 32.2 and EV/EBITDA of 93.22 suggest significant overvaluation relative to historical norms, implying limited margin of safety for a 3–5 year horizon.","For a 3–5 year core holding, current technicals suggest overextension. The stock trades 11.51% above its 50-day moving average with an RSI of 69.43, indicating the asset is in overbought territory and vulnerable to a mean reversion correction.","Caterpillar appears overvalued for a 3–5 year core holding based on the provided metrics. The P/E ratio of 32.2, PB ratio of 17.59, and EV/EBITDA of 93.22 suggest extreme valuation multiples relative to typical industrial peers, implying limited margin of safety.","Decision summary plus first two reasoning sentences per agent; extractive, not a full factual audit.",rounds_1_real_name_generations_1,Qwen/Qwen3.5-9B,17,1,real_name,1,IHHE,Caterpillar Inc.,core_holding,"Is Caterpillar Inc. a good core holding for a 3–5 year investment thesis, based on the information available to you?",0,baseline,False,1,NO,majority,"{""NO"": 3}",NO,"Caterpillar's valuation multiples are excessively high for a core holding without comparable sector data. The P/E ratio of 32.2 and EV/EBITDA of 93.22 suggest significant overvaluation relative to historical norms, implying limited margin of safety for a 3–5 year horizon. While the company may be fundamentally sound, entering at these levels exposes investors to substantial downside risk if growth expectations fail to materialize or if cyclical downturns occur. The absence of Sector PE prevents a meaningful relative valuation assessment, increasing uncertainty. Without evidence of sustained earnings acceleration justifying such premiums, the risk-reward profile appears unfavorable.",ok,NO,"For a 3–5 year core holding, current technicals suggest overextension. The stock trades 11.51% above its 50-day moving average with an RSI of 69.43, indicating the asset is in overbought territory and vulnerable to a mean reversion correction. While volume is near average (ratio 0.9075), confirming no panic selling or accumulation, the lack of a bullish breakout from the SMA suggests momentum is waning rather than accelerating. Without evidence of strong long-term fundamental growth drivers beyond the price action, the risk of a significant pullback outweighs the potential for immediate upside in this specific timeframe.",ok,NO,"Caterpillar appears overvalued for a 3–5 year core holding based on the provided metrics. The P/E ratio of 32.2, PB ratio of 17.59, and EV/EBITDA of 93.22 suggest extreme valuation multiples relative to typical industrial peers, implying limited margin of safety. Additionally, the RSI of 69.43 indicates the stock is approaching overbought territory, while trading 11.51% above its 50-day SMA signals short-term momentum exhaustion rather than long-term value. Without sector-specific P/E data to confirm if these premiums are justified by industry leadership, the risk/reward profile seems unfavorable for a multi-year core position.",ok
40,fundamental: NO; trading: NO; challenger: NO. Group: NO. All agents agree. No agent decision changed from the previous round.,Group outcome NO; other identity: NO. All role decisions match across identities.,Caterpillar's valuation multiples are excessively high for a core holding. The P/E ratio of 32.2 and EV/EBITDA of 93.22 imply significant overvaluation without a sector benchmark to justify the premium.,"Current technicals indicate overextension for a core entry. The stock trades 11.51% above its 50-day SMA (PriceVsSMA50_Percent: 11.51), suggesting momentum exhaustion rather than value accumulation.","Caterpillar presents a poor entry point for a 3–5 year core holding due to extreme valuation multiples and stretched technicals. The P/E ratio of 32.2, PB of 17.59, and EV/EBITDA of 93.22 imply the stock is priced for perfection with minimal margin of safety.","Decision summary plus first two reasoning sentences per agent; extractive, not a full factual audit.",rounds_1_real_name_generations_1,Qwen/Qwen3.5-9B,17,1,real_name,1,IHHE,Caterpillar Inc.,core_holding,"Is Caterpillar Inc. a good core holding for a 3–5 year investment thesis, based on the information available to you?",1,debate,True,1,NO,majority,"{""NO"": 3}",NO,"Caterpillar's valuation multiples are excessively high for a core holding. The P/E ratio of 32.2 and EV/EBITDA of 93.22 imply significant overvaluation without a sector benchmark to justify the premium. While the company may be fundamentally sound, entering at these levels exposes investors to substantial downside risk if cyclical downturns occur or growth expectations fail. The absence of Sector PE prevents a meaningful relative valuation assessment, increasing uncertainty regarding whether these premiums are justified by industry leadership.",ok,NO,"Current technicals indicate overextension for a core entry. The stock trades 11.51% above its 50-day SMA (PriceVsSMA50_Percent: 11.51), suggesting momentum exhaustion rather than value accumulation. An RSI of 69.43 confirms overbought conditions, increasing the risk of near-term mean reversion. Volume is flat at 0.9075x average, lacking the surge needed to validate a breakout. While this data supports short-term caution, it does not confirm long-term intrinsic growth drivers or justify current premiums without fundamental thesis evidence. Entering at these levels exposes capital to downside volatility before any potential recovery.",ok,NO,"Caterpillar presents a poor entry point for a 3–5 year core holding due to extreme valuation multiples and stretched technicals. The P/E ratio of 32.2, PB of 17.59, and EV/EBITDA of 93.22 imply the stock is priced for perfection with minimal margin of safety. Technically, the RSI of 69.43 and price trading 11.51% above the 50-day SMA indicate overextension. Crucially, the absence of Sector PE data prevents validating if these premiums are industry-wide or company-specific anomalies. Without confirmation that earnings can sustain such high multiples through a potential cyclical downturn, the downside risk outweighs the upside potential.",ok
41,fundamental: HOLD; trading: HOLD; challenger: HOLD. Group: HOLD. All agents agree. Independent baseline.,Group outcome HOLD; other identity: HOLD. Different agent decisions: challenger.,"Caterpillar's valuation multiples are significantly elevated relative to historical norms, with a P/E of 32.2 and EV/EBITDA of 93.22. However, the sector P/E is missing (null), preventing a direct comparison to determine if these premiums are justified by industry leadership or represent overvaluation.","Caterpillar Inc. is trading at $828.79, significantly above its 50-day SMA of $743.22 (11.51% premium), indicating strong short-term momentum and bullish positioning.","Caterpillar presents a significant overvaluation risk. The stock trades at a PE of 32.2, PB of 17.59, and EV/EBITDA of 93.22, which are exceptionally high multiples for an industrial cyclical leader.","Decision summary plus first two reasoning sentences per agent; extractive, not a full factual audit.",rounds_1_real_name_generations_1,Qwen/Qwen3.5-9B,17,1,real_name,1,IHHE,Caterpillar Inc.,confidence_falsifiability,"How confident are you in your BUY/SELL/HOLD call on Caterpillar Inc. right now, on a rough scale from low to high, and what specific piece of missing information would most change your mind?",0,baseline,False,1,HOLD,majority,"{""HOLD"": 3}",HOLD,"Caterpillar's valuation multiples are significantly elevated relative to historical norms, with a P/E of 32.2 and EV/EBITDA of 93.22. However, the sector P/E is missing (null), preventing a direct comparison to determine if these premiums are justified by industry leadership or represent overvaluation. The high PS ratio of 18.85 further suggests aggressive pricing. Without sector context or forward growth rates to validate the premium, maintaining a neutral position is prudent until the risk-reward profile clarifies.",ok,HOLD,"Caterpillar Inc. is trading at $828.79, significantly above its 50-day SMA of $743.22 (11.51% premium), indicating strong short-term momentum and bullish positioning. However, the RSI_14 of 69.43 suggests the stock is approaching overbought territory, raising immediate reversal risks. Volume is slightly below average (0.9075 ratio), which dampens conviction in a breakout scenario despite the price strength. While technicals favor upside, the lack of sector P/E data prevents an intrinsic valuation check to confirm if this premium is justified long-term. Given the divergence between high relative price and cooling volume/RSI signals, maintaining the position is prudent until clarity emerges.",ok,HOLD,"Caterpillar presents a significant overvaluation risk. The stock trades at a PE of 32.2, PB of 17.59, and EV/EBITDA of 93.22, which are exceptionally high multiples for an industrial cyclical leader. While the RSI of 69.43 indicates bullish momentum with the price 11.51% above its 50-day SMA, these technical strengths are undermined by fundamental stretch. Without a sector P/E ratio to benchmark these valuations against industry peers, it is impossible to determine if Caterpillar's premium is justified or excessive. The lack of recent earnings growth data in the snapshot further obscures whether current prices reflect anticipated future performance or speculative excess.",ok
42,fundamental: HOLD; trading: HOLD; challenger: HOLD. Group: HOLD. All agents agree. No agent decision changed from the previous round.,Group outcome HOLD; other identity: HOLD. Different agent decisions: challenger.,"Caterpillar's valuation multiples are exceptionally high (P/E: 32.2, EV/EBITDA: 93.22), suggesting significant premium pricing. However, the critical Sector P/E ratio is missing from the data, preventing a necessary comparison to determine if these levels reflect justified industry leadership or unsustainable overvaluation.","Caterpillar trades at $828.79, 11.51% above the 50-day SMA ($743.22), indicating strong short-term momentum. However, the RSI_14 of 69.43 signals approaching overbought conditions, creating immediate reversal risk.","Caterpillar's valuation metrics (PE: 32.2, PB: 17.59, EV/EBITDA: 93.22) are exceptionally high, suggesting significant overvaluation risk for a cyclical leader. While technicals show bullish momentum with the price 11.51% above the 50-day SMA and an RSI of 69.43, the lack of sector P/E data prevents determining if this premium is justified by industry leadership or represents speculative excess.","Decision summary plus first two reasoning sentences per agent; extractive, not a full factual audit.",rounds_1_real_name_generations_1,Qwen/Qwen3.5-9B,17,1,real_name,1,IHHE,Caterpillar Inc.,confidence_falsifiability,"How confident are you in your BUY/SELL/HOLD call on Caterpillar Inc. right now, on a rough scale from low to high, and what specific piece of missing information would most change your mind?",1,debate,True,1,HOLD,majority,"{""HOLD"": 3}",HOLD,"Caterpillar's valuation multiples are exceptionally high (P/E: 32.2, EV/EBITDA: 93.22), suggesting significant premium pricing. However, the critical Sector P/E ratio is missing from the data, preventing a necessary comparison to determine if these levels reflect justified industry leadership or unsustainable overvaluation. Without this benchmark or forward growth rates to validate the premium, the risk-reward profile remains unclear. The elevated PS and PB ratios further indicate aggressive pricing, but lack of peer context prevents a definitive directional call.",ok,HOLD,"Caterpillar trades at $828.79, 11.51% above the 50-day SMA ($743.22), indicating strong short-term momentum. However, the RSI_14 of 69.43 signals approaching overbought conditions, creating immediate reversal risk. Crucially, Volume_to_AvgVol20 is 0.9075, meaning volume is below average despite the price premium; this lack of conviction undermines a breakout thesis. While technicals show bullish positioning, the divergence between high relative price and cooling volume suggests caution. Additionally, peer claims cite PE/PB multiples (e.g., PE 32.2) which are absent from the supplied trading data, reinforcing that intrinsic valuation cannot be confirmed without external facts. Given the limited evidence on volume support and missing fundamental context, maintaining the position is prudent.",ok,HOLD,"Caterpillar's valuation metrics (PE: 32.2, PB: 17.59, EV/EBITDA: 93.22) are exceptionally high, suggesting significant overvaluation risk for a cyclical leader. While technicals show bullish momentum with the price 11.51% above the 50-day SMA and an RSI of 69.43, the lack of sector P/E data prevents determining if this premium is justified by industry leadership or represents speculative excess. Without comparable peer multiples to validate the stretch in valuation, maintaining a neutral position is prudent until the risk-reward profile clarifies.",ok
43,fundamental: EXPENSIVE; trading: ATTRACTIVELY_PRICED; challenger: ATTRACTIVELY_PRICED. Group: ATTRACTIVELY_PRICED. Agents disagree. Independent baseline.,Group outcome ATTRACTIVELY_PRICED; other identity: ATTRACTIVELY_PRICED. All role decisions match across identities.,"McDonald's valuation appears significantly stretched based on current multiples. The P/E ratio of 27.85 and PS ratio of 33.89 are notably high, while the EV/EBITDA of 78.28 is exceptionally elevated for a mature consumer staple.","McDonald's stock appears attractively priced based on technical indicators. The current close of $290.21 is 8.38% below the 50-day moving average ($316.76), with a Price-to-SMA50 ratio of 0.9162, suggesting an oversold condition relative to recent trend.","McDonald's appears attractively priced based on technical oversold conditions and a discount to its moving average. The RSI_14 of 29.99 indicates the stock is deeply oversold, while the Close_Price trades 8.38% below the SMA_50 (PriceVsSMA50_Percent), suggesting potential mean reversion.","Decision summary plus first two reasoning sentences per agent; extractive, not a full factual audit.",rounds_1_real_name_generations_1,Qwen/Qwen3.5-9B,17,1,real_name,1,XDVX,McDonald's Corporation,valuation_forcing,"Based on the data available to you, does McDonald's Corporation look attractively priced, fairly priced, or expensive right now — and specifically why?",0,baseline,False,1,ATTRACTIVELY_PRICED,majority,"{""EXPENSIVE"": 1, ""ATTRACTIVELY_PRICED"": 2}",EXPENSIVE,"McDonald's valuation appears significantly stretched based on current multiples. The P/E ratio of 27.85 and PS ratio of 33.89 are notably high, while the EV/EBITDA of 78.28 is exceptionally elevated for a mature consumer staple. Without sector P/E data to confirm relative positioning, these absolute figures suggest overvaluation compared to historical norms for the industry. The lack of PB ratio further limits a comprehensive view, but the available metrics strongly point to an expensive price tag.",ok,ATTRACTIVELY_PRICED,"McDonald's stock appears attractively priced based on technical indicators. The current close of $290.21 is 8.38% below the 50-day moving average ($316.76), with a Price-to-SMA50 ratio of 0.9162, suggesting an oversold condition relative to recent trend. Additionally, the RSI_14 is at 29.99, indicating significant selling pressure and potential mean reversion. Volume is elevated at 1.64 times the 20-day average, which may signal active accumulation or continued momentum in the downward direction; however, given the price discount to the SMA, this volume could also represent capitulation. While intrinsic valuation metrics like P/E are missing, the technical setup points to a buying opportunity for short-term traders seeking value relative to the immediate trend.",ok,ATTRACTIVELY_PRICED,"McDonald's appears attractively priced based on technical oversold conditions and a discount to its moving average. The RSI_14 of 29.99 indicates the stock is deeply oversold, while the Close_Price trades 8.38% below the SMA_50 (PriceVsSMA50_Percent), suggesting potential mean reversion. Although valuation multiples are high (PE: 27.85, PS: 33.89, EV_EBITDA: 78.28), these metrics lack context without sector peers or historical averages for comparison. The significant volume spike (Volume_to_AvgVol20: 1.64) at these levels could signal accumulation rather than panic selling. However, the extremely high PS ratio relative to the PE ratio warrants caution regarding revenue quality or one-time charges not visible in this snapshot.",ok
44,fundamental: EXPENSIVE; trading: ATTRACTIVELY_PRICED; challenger: FAIRLY_PRICED. Group: NO_MAJORITY. Agents disagree. Agent changes: challenger: ATTRACTIVELY_PRICED → FAIRLY_PRICED.,Group outcome NO_MAJORITY; other identity: ATTRACTIVELY_PRICED. Different agent decisions: challenger.,"McDonald's valuation metrics are exceptionally high. The P/E ratio of 27.85 and PS ratio of 33.89 suggest a premium price, while the EV/EBITDA of 78.28 is alarmingly elevated for a mature consumer staple.","Based strictly on the provided trading data, McDonald's appears attractively priced due to significant technical oversold conditions. The Close_Price of $290.21 is 8.38% below the SMA_50 ($316.76), with a Price_to_SMA50 ratio of 0.9162, indicating a discount to the short-term trend.","McDonald's valuation is mixed: technicals (RSI 29.99, -8.38% discount to SMA50) suggest short-term undervaluation and potential mean reversion, while fundamental multiples (PE 27.85, PS 33.89, EV/EBITDA 78.28) indicate significant long-term overvaluation relative to historical norms for a mature staple. The extreme EV/EBITDA of 78.28 is the primary concern, suggesting high capital costs or depressed earnings quality not fully captured by P/E alone.","Decision summary plus first two reasoning sentences per agent; extractive, not a full factual audit.",rounds_1_real_name_generations_1,Qwen/Qwen3.5-9B,17,1,real_name,1,XDVX,McDonald's Corporation,valuation_forcing,"Based on the data available to you, does McDonald's Corporation look attractively priced, fairly priced, or expensive right now — and specifically why?",1,debate,True,1,NO_MAJORITY,no_majority,"{""EXPENSIVE"": 1, ""ATTRACTIVELY_PRICED"": 1, ""FAIRLY_PRICED"": 1}",EXPENSIVE,"McDonald's valuation metrics are exceptionally high. The P/E ratio of 27.85 and PS ratio of 33.89 suggest a premium price, while the EV/EBITDA of 78.28 is alarmingly elevated for a mature consumer staple. Although peer answers cite technical oversold conditions (RSI ~30) to argue for an attractive entry point, these trading signals do not address fundamental overvaluation. Without sector P/E data to confirm relative positioning or historical context, the absolute multiples indicate significant overpricing. The discrepancy between high valuations and low technical momentum warrants caution rather than viewing this as value.",ok,ATTRACTIVELY_PRICED,"Based strictly on the provided trading data, McDonald's appears attractively priced due to significant technical oversold conditions. The Close_Price of $290.21 is 8.38% below the SMA_50 ($316.76), with a Price_to_SMA50 ratio of 0.9162, indicating a discount to the short-term trend. This aligns with an RSI_14 of 29.99, signaling deep oversold status and potential mean reversion. Furthermore, Volume is 1.64x the 20-day average, suggesting active participation at these lower levels. While the fundamental agent cites high valuation multiples (PE, PS, EV/EBITDA), those metrics are absent from my specific Data snapshot and cannot be used as evidence for this technical assessment. Therefore, the price relative to the moving average and momentum indicators support an attractive entry point.",ok,FAIRLY_PRICED,"McDonald's valuation is mixed: technicals (RSI 29.99, -8.38% discount to SMA50) suggest short-term undervaluation and potential mean reversion, while fundamental multiples (PE 27.85, PS 33.89, EV/EBITDA 78.28) indicate significant long-term overvaluation relative to historical norms for a mature staple. The extreme EV/EBITDA of 78.28 is the primary concern, suggesting high capital costs or depressed earnings quality not fully captured by P/E alone. Without sector benchmarks or PB data, it is impossible to definitively classify as 'attractive' despite low RSI, or strictly 'expensive' given the price discount. The evidence supports a neutral stance where current price reflects a balance between technical correction and stretched fundamentals.",ok
45,fundamental: NO; trading: NO; challenger: NO. Group: NO. All agents agree. Independent baseline.,Group outcome NO; other identity: NO. All role decisions match across identities.,"McDonald's current valuation appears significantly stretched relative to available metrics. The Price-to-Sales ratio of 33.89 and EV/EBITDA of 78.28 are exceptionally high, suggesting the market has priced in substantial future growth that is not currently supported by the provided data.","The evidence suggests a short-term oversold condition rather than a strong core holding signal. The price is trading 8.38% below the 50-day moving average (SMA), indicating negative momentum and a lack of support at current levels.","The valuation metrics suggest McDonald's is significantly overpriced for a core holding. The PE Ratio of 27.85 and EV/EBITDA of 78.28 are extremely high, indicating the stock trades at a massive premium relative to earnings and cash flow generation.","Decision summary plus first two reasoning sentences per agent; extractive, not a full factual audit.",rounds_1_real_name_generations_1,Qwen/Qwen3.5-9B,17,1,real_name,1,XDVX,McDonald's Corporation,core_holding,"Is McDonald's Corporation a good core holding for a 3–5 year investment thesis, based on the information available to you?",0,baseline,False,1,NO,majority,"{""NO"": 3}",NO,"McDonald's current valuation appears significantly stretched relative to available metrics. The Price-to-Sales ratio of 33.89 and EV/EBITDA of 78.28 are exceptionally high, suggesting the market has priced in substantial future growth that is not currently supported by the provided data. While a PE of 27.85 indicates premium pricing, the lack of sector PE comparison prevents normalization analysis. Without evidence of accelerating same-store sales or margin expansion to justify such multiples, the risk-reward profile for a 3–5 year core holding seems unfavorable given the potential for mean reversion.",ok,NO,"The evidence suggests a short-term oversold condition rather than a strong core holding signal. The price is trading 8.38% below the 50-day moving average (SMA), indicating negative momentum and a lack of support at current levels. While the RSI of 29.99 signals an oversold state, which often precedes a bounce, it does not confirm a sustainable 3–5 year upward trend. The volume ratio of 1.64 indicates elevated interest but lacks confirmation of a breakout above the SMA. Without data on long-term earnings growth, competitive positioning, or valuation multiples to support a multi-year thesis, relying solely on technical indicators yields insufficient confidence for a 'core holding' recommendation.",ok,NO,"The valuation metrics suggest McDonald's is significantly overpriced for a core holding. The PE Ratio of 27.85 and EV/EBITDA of 78.28 are extremely high, indicating the stock trades at a massive premium relative to earnings and cash flow generation. While the RSI of 29.99 indicates the stock is technically oversold (trading 8.38% below its 50-day SMA), this technical signal likely reflects short-term sentiment rather than fundamental value. Investing at these multiples carries substantial downside risk if growth expectations normalize, making it unsuitable as a stable core position despite brand strength.",ok
46,fundamental: NO; trading: NO; challenger: NO. Group: NO. All agents agree. No agent decision changed from the previous round.,Group outcome NO; other identity: NO. All role decisions match across identities.,"McDonald's valuation metrics appear significantly stretched for a core holding. The EV/EBITDA of 78.28 and PS Ratio of 33.89 are exceptionally high, implying the market has priced in substantial future growth not currently supported by the provided data.","The evidence indicates a short-term oversold condition (RSI ~30, Price -8.38% below SMA50) rather than a robust 3–5 year core holding signal. While volume is elevated (1.64x average), it lacks confirmation of a breakout above the 50-day moving average.",The valuation metrics are prohibitively high for a core holding. The PE Ratio of 27.85 and EV/EBITDA of 78.28 imply massive future growth expectations that lack supporting fundamental data in this snapshot.,"Decision summary plus first two reasoning sentences per agent; extractive, not a full factual audit.",rounds_1_real_name_generations_1,Qwen/Qwen3.5-9B,17,1,real_name,1,XDVX,McDonald's Corporation,core_holding,"Is McDonald's Corporation a good core holding for a 3–5 year investment thesis, based on the information available to you?",1,debate,True,1,NO,majority,"{""NO"": 3}",NO,"McDonald's valuation metrics appear significantly stretched for a core holding. The EV/EBITDA of 78.28 and PS Ratio of 33.89 are exceptionally high, implying the market has priced in substantial future growth not currently supported by the provided data. While the PE Ratio of 27.85 is high, the absence of a Sector_PE prevents normalization analysis to determine if this premium is justified relative to peers. Without evidence of accelerating same-store sales or margin expansion to validate these multiples, the risk-reward profile for a 3–5 year horizon seems unfavorable due to potential mean reversion.",ok,NO,"The evidence indicates a short-term oversold condition (RSI ~30, Price -8.38% below SMA50) rather than a robust 3–5 year core holding signal. While volume is elevated (1.64x average), it lacks confirmation of a breakout above the 50-day moving average. Crucially, the supplied data contains no fundamental metrics (e.g., earnings growth, competitive positioning, or valuation multiples) required to assess long-term intrinsic value. Relying solely on technical indicators for a multi-year thesis is insufficient; the price discount to the SMA does not guarantee sustained future performance without supporting business fundamentals.",ok,NO,"The valuation metrics are prohibitively high for a core holding. The PE Ratio of 27.85 and EV/EBITDA of 78.28 imply massive future growth expectations that lack supporting fundamental data in this snapshot. While the stock is technically oversold (RSI 29.99, -8.38% below SMA), this reflects short-term sentiment rather than long-term value. Without sector P/E comparisons or evidence of accelerating same-store sales to justify these multiples, the risk of mean reversion outweighs potential recovery in a 3–5 year horizon.",ok
47,fundamental: HOLD; trading: BUY; challenger: HOLD. Group: HOLD. Agents disagree. Independent baseline.,Group outcome HOLD; other identity: HOLD. All role decisions match across identities.,McDonald's valuation appears significantly stretched based on current multiples. The P/E ratio of 27.85 and EV/EBITDA of 78.28 suggest a premium price relative to earnings and cash flow generation.,"The stock is trading at -8.38% below its 50-day moving average, indicating a significant oversold condition with a Price-to-SMA50 ratio of 0.9162. The RSI of 29.99 confirms deep oversold territory, suggesting a potential mean reversion.","McDonald's shows significant technical weakness with the stock trading 8.38% below its 50-day SMA and an RSI of 29.99 indicating oversold conditions. However, valuation metrics are severely stretched, with a PS ratio of 33.89 and EV/EBITDA of 78.28, suggesting limited margin for error despite potential mean reversion.","Decision summary plus first two reasoning sentences per agent; extractive, not a full factual audit.",rounds_1_real_name_generations_1,Qwen/Qwen3.5-9B,17,1,real_name,1,XDVX,McDonald's Corporation,confidence_falsifiability,"How confident are you in your BUY/SELL/HOLD call on McDonald's Corporation right now, on a rough scale from low to high, and what specific piece of missing information would most change your mind?",0,baseline,False,1,HOLD,majority,"{""HOLD"": 2, ""BUY"": 1}",HOLD,"McDonald's valuation appears significantly stretched based on current multiples. The P/E ratio of 27.85 and EV/EBITDA of 78.28 suggest a premium price relative to earnings and cash flow generation. However, confidence is limited because the Sector_Pe is missing, preventing a direct comparison to determine if this premium is justified by outperformance or simply overvaluation. Additionally, the PS_Ratio of 33.89 is extremely high for a mature restaurant operator, indicating potential pricing power limits or revenue recognition issues not fully captured by earnings. Without sector context or forward growth guidance to justify these extremes, maintaining a neutral position is prudent until more data clarifies the fair value range.",ok,BUY,"The stock is trading at -8.38% below its 50-day moving average, indicating a significant oversold condition with a Price-to-SMA50 ratio of 0.9162. The RSI of 29.99 confirms deep oversold territory, suggesting a potential mean reversion. Volume is elevated at 1.64x the 20-day average, signaling active buying interest despite the price dip. While fundamental valuation multiples are unavailable for a long-term thesis, the technical setup presents a high-probability short-term entry point based on momentum and volume divergence.",ok,HOLD,"McDonald's shows significant technical weakness with the stock trading 8.38% below its 50-day SMA and an RSI of 29.99 indicating oversold conditions. However, valuation metrics are severely stretched, with a PS ratio of 33.89 and EV/EBITDA of 78.28, suggesting limited margin for error despite potential mean reversion. The lack of sector P/E data prevents relative valuation normalization. While volume is elevated (164% of average), confirming buying interest, the extreme fundamental premium combined with deep technical dislocation creates conflicting signals that warrant waiting for clearer trend confirmation rather than committing capital immediately.",ok
48,fundamental: HOLD; trading: BUY; challenger: HOLD. Group: HOLD. Agents disagree. No agent decision changed from the previous round.,Group outcome HOLD; other identity: HOLD. All role decisions match across identities.,McDonald's valuation appears significantly stretched based on current multiples. The P/E ratio of 27.85 and EV/EBITDA of 78.28 suggest a premium price relative to earnings and cash flow generation.,"Technical indicators strongly support a short-term buy. The RSI of 29.99 indicates deep oversold conditions, and the price is trading 8.38% below the 50-day SMA (ratio 0.9162), suggesting potential mean reversion.","I maintain a HOLD verdict. While the trading analyst correctly identifies oversold technicals (RSI ~30, -8% below SMA50) and elevated volume, these are insufficient to override severely stretched fundamentals without sector context.","Decision summary plus first two reasoning sentences per agent; extractive, not a full factual audit.",rounds_1_real_name_generations_1,Qwen/Qwen3.5-9B,17,1,real_name,1,XDVX,McDonald's Corporation,confidence_falsifiability,"How confident are you in your BUY/SELL/HOLD call on McDonald's Corporation right now, on a rough scale from low to high, and what specific piece of missing information would most change your mind?",1,debate,True,1,HOLD,majority,"{""HOLD"": 2, ""BUY"": 1}",HOLD,"McDonald's valuation appears significantly stretched based on current multiples. The P/E ratio of 27.85 and EV/EBITDA of 78.28 suggest a premium price relative to earnings and cash flow generation. However, confidence is limited because the Sector_PE is missing, preventing a direct comparison to determine if this premium is justified by outperformance or simply overvaluation. Additionally, the PS_Ratio of 33.89 is extremely high for a mature restaurant operator, indicating potential pricing power limits or revenue recognition issues not fully captured by earnings. Without sector context or forward growth guidance to justify these extremes, maintaining a neutral position is prudent until more data clarifies the fair value range.",ok,BUY,"Technical indicators strongly support a short-term buy. The RSI of 29.99 indicates deep oversold conditions, and the price is trading 8.38% below the 50-day SMA (ratio 0.9162), suggesting potential mean reversion. Crucially, volume is elevated at 1.64x the 20-day average, signaling active buying interest despite the dip. While fundamental multiples like P/E are unavailable for a long-term thesis, the convergence of oversold momentum and high relative volume creates a high-probability entry point based strictly on trading fields.",ok,HOLD,"I maintain a HOLD verdict. While the trading analyst correctly identifies oversold technicals (RSI ~30, -8% below SMA50) and elevated volume, these are insufficient to override severely stretched fundamentals without sector context. The PS ratio of 33.89 and EV/EBITDA of 78.28 are extreme; without a Sector PE or comparable data, we cannot determine if this premium is justified by monopoly-like pricing power or represents a bubble. The fundamental analyst's point that valuation limits margin for error remains valid. I challenge the trading analyst's implicit assumption that mean reversion will occur quickly enough to offset the risk of a prolonged downtrend given such high valuations. Missing sector multiples prevents distinguishing between 'expensive but growing' and 'overvalued stagnation'.",ok
49,fundamental: ATTRACTIVELY_PRICED; trading: EXPENSIVE; challenger: FAIRLY_PRICED. Group: NO_MAJORITY. Agents disagree. Independent baseline.,"Group outcome NO_MAJORITY; other identity: EXPENSIVE. Different agent decisions: fundamental, challenger.","NVIDIA's P/E ratio of 22.56 appears low relative to its extremely high PS ratio of 64.46 and EV/EBITDA of 74.08, suggesting the market may be pricing in significant downside or that earnings are currently suppressed by one-time factors rather than reflecting true value destruction. The PB ratio of 26.91 is elevated but consistent with a growth stock.","NVIDIA is trading at 16.7% above its 50-day moving average ($216.61 vs $185.62), with a Price-to-SMA50 ratio of 1.167, indicating significant short-term overextension. The RSI(14) is elevated at 76.28, signaling potential momentum exhaustion or an overbought condition.","NVIDIA appears fairly priced given the high valuation multiples (PE: 22.56, PB: 26.91) are offset by strong momentum indicators. The stock trades at a premium of 16.7% above its 50-day SMA with an RSI of 76.28, suggesting overbought short-term conditions rather than fundamental undervaluation.","Decision summary plus first two reasoning sentences per agent; extractive, not a full factual audit.",rounds_1_real_name_generations_1,Qwen/Qwen3.5-9B,17,1,real_name,1,RCSN,NVIDIA Corporation,valuation_forcing,"Based on the data available to you, does NVIDIA Corporation look attractively priced, fairly priced, or expensive right now — and specifically why?",0,baseline,False,1,NO_MAJORITY,no_majority,"{""ATTRACTIVELY_PRICED"": 1, ""EXPENSIVE"": 1, ""FAIRLY_PRICED"": 1}",ATTRACTIVELY_PRICED,"NVIDIA's P/E ratio of 22.56 appears low relative to its extremely high PS ratio of 64.46 and EV/EBITDA of 74.08, suggesting the market may be pricing in significant downside or that earnings are currently suppressed by one-time factors rather than reflecting true value destruction. The PB ratio of 26.91 is elevated but consistent with a growth stock. Without sector P/E data for comparison, absolute valuation metrics are difficult to contextualize; however, the divergence between the moderate P/E and massive multiples on sales and enterprise value indicates potential undervaluation if earnings power stabilizes. This conclusion relies solely on internal data points.",ok,EXPENSIVE,"NVIDIA is trading at 16.7% above its 50-day moving average ($216.61 vs $185.62), with a Price-to-SMA50 ratio of 1.167, indicating significant short-term overextension. The RSI(14) is elevated at 76.28, signaling potential momentum exhaustion or an overbought condition. While volume is 24% higher than the 20-day average (1.24x), this does not justify the steep premium relative to recent technical levels. Based strictly on these technical metrics, the stock appears expensive right now.",ok,FAIRLY_PRICED,"NVIDIA appears fairly priced given the high valuation multiples (PE: 22.56, PB: 26.91) are offset by strong momentum indicators. The stock trades at a premium of 16.7% above its 50-day SMA with an RSI of 76.28, suggesting overbought short-term conditions rather than fundamental undervaluation. While the PS ratio of 64.46 and EV/EBITDA of 74.08 indicate expensive pricing relative to historical norms, these metrics likely reflect exceptional growth expectations inherent in the sector. Without a sector PE benchmark for comparison, it is impossible to definitively label the multiple as 'expensive' or 'attractive.' The price action confirms market confidence, preventing a 'cheap' classification despite technical overheating.",ok
50,fundamental: FAIRLY_PRICED; trading: EXPENSIVE; challenger: EXPENSIVE. Group: EXPENSIVE. Agents disagree. Agent changes: fundamental: ATTRACTIVELY_PRICED → FAIRLY_PRICED; challenger: FAIRLY_PRICED → EXPENSIVE.,Group outcome EXPENSIVE; other identity: EXPENSIVE. Different agent decisions: fundamental.,"NVIDIA's P/E ratio of 22.56 is moderate, yet its PS (64.46) and EV/EBITDA (74.08) multiples are exceptionally high, indicating significant market pricing for future growth rather than current earnings suppression. Without sector P/E data, absolute valuation comparisons are impossible; however, the divergence suggests the stock reflects premium expectations consistent with high-growth tech sectors.","NVIDIA is trading at a premium of 16.7% above its 50-day moving average ($216.61 vs $185.62), with a Price-to-SMA50 ratio of 1.167, indicating significant short-term overextension. The RSI(14) is elevated at 76.28, signaling potential momentum exhaustion or an overbought condition.","NVIDIA is priced expensively based on its technical overextension and elevated absolute multiples. The stock trades at a 16.7% premium to its 50-day SMA with an RSI of 76.28, signaling significant short-term overheating.","Decision summary plus first two reasoning sentences per agent; extractive, not a full factual audit.",rounds_1_real_name_generations_1,Qwen/Qwen3.5-9B,17,1,real_name,1,RCSN,NVIDIA Corporation,valuation_forcing,"Based on the data available to you, does NVIDIA Corporation look attractively priced, fairly priced, or expensive right now — and specifically why?",1,debate,True,1,EXPENSIVE,majority,"{""FAIRLY_PRICED"": 1, ""EXPENSIVE"": 2}",FAIRLY_PRICED,"NVIDIA's P/E ratio of 22.56 is moderate, yet its PS (64.46) and EV/EBITDA (74.08) multiples are exceptionally high, indicating significant market pricing for future growth rather than current earnings suppression. Without sector P/E data, absolute valuation comparisons are impossible; however, the divergence suggests the stock reflects premium expectations consistent with high-growth tech sectors. The elevated PB ratio (26.91) further supports a premium valuation. Labeling it 'attractive' ignores the massive sales multiple, while 'expensive' overlooks the relatively contained P/E. Thus, 'fairly priced' best captures the balance between moderate earnings yield and aggressive growth premiums.",ok,EXPENSIVE,"NVIDIA is trading at a premium of 16.7% above its 50-day moving average ($216.61 vs $185.62), with a Price-to-SMA50 ratio of 1.167, indicating significant short-term overextension. The RSI(14) is elevated at 76.28, signaling potential momentum exhaustion or an overbought condition. While volume is 24% higher than the 20-day average (1.24x), this does not justify the steep premium relative to recent technical levels. Based strictly on these technical metrics, the stock appears expensive right now.",ok,EXPENSIVE,"NVIDIA is priced expensively based on its technical overextension and elevated absolute multiples. The stock trades at a 16.7% premium to its 50-day SMA with an RSI of 76.28, signaling significant short-term overheating. While the P/E ratio of 22.56 appears moderate in isolation, it must be viewed alongside extreme valuation metrics like a PS ratio of 64.46 and EV/EBITDA of 74.08, which suggest high pricing relative to revenue and cash flow generation. The divergence noted by the fundamental analyst regarding the P/E vs. PS ratio ignores that high PS typically implies massive earnings growth expectations; failing to meet these drives down the P/E artificially rather than indicating value. Without sector benchmarks to confirm if 22.56 is truly low, the combination of technical exhaustion and massive enterprise-value multiples supports an expensive verdict.",ok
51,fundamental: YES; trading: NO; challenger: YES. Group: YES. Agents disagree. Independent baseline.,"Group outcome YES; other identity: NO. Different agent decisions: fundamental, challenger.","NVIDIA's P/E ratio of 22.56 appears reasonable relative to its high PS ratio, suggesting current earnings support the valuation despite premium pricing. The EV/EBITDA of 74.08 indicates significant leverage but aligns with high-growth tech profiles if margins expand.","Based strictly on the provided trading data, NVIDIA does not appear suitable for a core holding given current momentum indicators. The RSI is elevated at 76.28, signaling potential overbought conditions that often precede corrections in short-term trends.","NVIDIA shows strong momentum with a price 16.7% above its 50-day SMA and elevated volume, suggesting sustained demand. The P/E of 22.56 is moderate relative to high-growth tech expectations, despite a high P/B of 26.91 reflecting asset intensity or market premium.","Decision summary plus first two reasoning sentences per agent; extractive, not a full factual audit.",rounds_1_real_name_generations_1,Qwen/Qwen3.5-9B,17,1,real_name,1,RCSN,NVIDIA Corporation,core_holding,"Is NVIDIA Corporation a good core holding for a 3–5 year investment thesis, based on the information available to you?",0,baseline,False,1,YES,majority,"{""YES"": 2, ""NO"": 1}",YES,"NVIDIA's P/E ratio of 22.56 appears reasonable relative to its high PS ratio, suggesting current earnings support the valuation despite premium pricing. The EV/EBITDA of 74.08 indicates significant leverage but aligns with high-growth tech profiles if margins expand. Without sector P/E data for direct comparison, we assume the market has priced in growth potential consistent with a core holding. Limitations include lack of revenue growth rates, margin trends, or debt levels, which are critical for a 3–5 year horizon. However, based solely on available multiples and assuming sustained demand, the valuation does not immediately rule out long-term ownership.",ok,NO,"Based strictly on the provided trading data, NVIDIA does not appear suitable for a core holding given current momentum indicators. The RSI is elevated at 76.28, signaling potential overbought conditions that often precede corrections in short-term trends. Furthermore, the price sits 16.7% above the 50-day moving average with a volume ratio of only 1.24x, indicating weak conviction behind the rally compared to the significant price premium. While this snapshot does not support an immediate buy signal due to stretched technicals and lack of strong volume confirmation, it cannot definitively rule out a long-term thesis without fundamental valuation data or sector growth projections, which are absent from the supplied fields.",ok,YES,"NVIDIA shows strong momentum with a price 16.7% above its 50-day SMA and elevated volume, suggesting sustained demand. The P/E of 22.56 is moderate relative to high-growth tech expectations, despite a high P/B of 26.91 reflecting asset intensity or market premium. However, the RSI of 76.28 indicates overbought short-term conditions, which could signal volatility but not necessarily long-term weakness. For a 3–5 year horizon, current valuation multiples do not preclude growth if AI adoption continues. Limitations include lack of sector P/E for comparison and no revenue growth data to confirm margin sustainability.",ok
52,fundamental: YES; trading: NO; challenger: YES. Group: YES. Agents disagree. No agent decision changed from the previous round.,"Group outcome YES; other identity: NO. Different agent decisions: fundamental, challenger.","NVIDIA's P/E ratio of 22.56 appears reasonable given its PS ratio of 64.46, suggesting earnings support the premium valuation despite high multiples. The EV/EBITDA of 74.08 reflects significant leverage but aligns with high-growth tech profiles if margins expand.","Based strictly on the supplied trading data, NVIDIA is not a suitable core holding right now. The RSI of 76.28 indicates overbought conditions, while the price sits 16.7% above the 50-day SMA, signaling stretched momentum.","NVIDIA's P/E of 22.56 appears reasonable for a high-growth tech stock, despite the elevated P/B (26.91) and PS (64.46) ratios which reflect market premiums rather than immediate overvaluation. The EV/EBITDA of 74.08 is high but consistent with sector leaders in an AI boom cycle.","Decision summary plus first two reasoning sentences per agent; extractive, not a full factual audit.",rounds_1_real_name_generations_1,Qwen/Qwen3.5-9B,17,1,real_name,1,RCSN,NVIDIA Corporation,core_holding,"Is NVIDIA Corporation a good core holding for a 3–5 year investment thesis, based on the information available to you?",1,debate,True,1,YES,majority,"{""YES"": 2, ""NO"": 1}",YES,"NVIDIA's P/E ratio of 22.56 appears reasonable given its PS ratio of 64.46, suggesting earnings support the premium valuation despite high multiples. The EV/EBITDA of 74.08 reflects significant leverage but aligns with high-growth tech profiles if margins expand. Without sector P/E data for direct comparison, we assume market pricing reflects growth potential consistent with a core holding. Limitations include lack of revenue growth rates, margin trends, or debt levels critical for a 3–5 year horizon. However, based solely on available multiples, the valuation does not immediately rule out long-term ownership.",ok,NO,"Based strictly on the supplied trading data, NVIDIA is not a suitable core holding right now. The RSI of 76.28 indicates overbought conditions, while the price sits 16.7% above the 50-day SMA, signaling stretched momentum. Crucially, the volume ratio of only 1.24x fails to confirm this rally with strong conviction; high prices without commensurate volume expansion often precede corrections. While fundamental valuation or long-term growth theses might exist outside these fields, the available technical evidence suggests immediate weakness rather than strength for a new position.",ok,YES,"NVIDIA's P/E of 22.56 appears reasonable for a high-growth tech stock, despite the elevated P/B (26.91) and PS (64.46) ratios which reflect market premiums rather than immediate overvaluation. The EV/EBITDA of 74.08 is high but consistent with sector leaders in an AI boom cycle. While RSI at 76.28 suggests short-term overbought conditions and the price being 16.7% above the 50-day SMA indicates momentum exhaustion risk, these are timing issues, not structural flaws for a 3–5 year thesis. The lack of revenue growth data prevents confirming margin sustainability, but current multiples do not rule out continued expansion.",ok
53,fundamental: HOLD; trading: SELL; challenger: HOLD. Group: HOLD. Agents disagree. Independent baseline.,Group outcome HOLD; other identity: SELL. Different agent decisions: challenger.,"The stock presents a mixed fundamental picture with a P/E ratio of 22.56, which appears reasonable in isolation but lacks context without a sector benchmark for comparison. However, valuation multiples for growth and leverage are concerning: the PB ratio is elevated at 26.91, and EV/EBITDA is high at 74.08, suggesting premium pricing relative to book value and earnings before interest and taxes.","The RSI_14 of 76.28 indicates severe overbought conditions, suggesting immediate downside risk despite the bullish trend. The price is 16.7% above the SMA_50 (PriceVsSMA50_Percent), creating a stretched valuation relative to recent momentum.","NVIDIA shows strong momentum, trading 16.7% above its 50-day SMA with an RSI of 76.28 indicating overbought conditions. However, valuation metrics are extreme: a PS ratio of 64.46 and EV/EBITDA of 74.08 suggest significant pricing risk relative to fundamentals.","Decision summary plus first two reasoning sentences per agent; extractive, not a full factual audit.",rounds_1_real_name_generations_1,Qwen/Qwen3.5-9B,17,1,real_name,1,RCSN,NVIDIA Corporation,confidence_falsifiability,"How confident are you in your BUY/SELL/HOLD call on NVIDIA Corporation right now, on a rough scale from low to high, and what specific piece of missing information would most change your mind?",0,baseline,False,1,HOLD,majority,"{""HOLD"": 2, ""SELL"": 1}",HOLD,"The stock presents a mixed fundamental picture with a P/E ratio of 22.56, which appears reasonable in isolation but lacks context without a sector benchmark for comparison. However, valuation multiples for growth and leverage are concerning: the PB ratio is elevated at 26.91, and EV/EBITDA is high at 74.08, suggesting premium pricing relative to book value and earnings before interest and taxes. The PS ratio of 64.46 indicates significant revenue premiums that require strong future growth validation. Given the missing sector P/E data, it is impossible to confirm if the current P/E is truly undervalued or simply reflects market exuberance. Without this comparative baseline, the high EV/EBITDA and PB ratios introduce substantial uncertainty regarding the sustainability of these valuations.",ok,SELL,"The RSI_14 of 76.28 indicates severe overbought conditions, suggesting immediate downside risk despite the bullish trend. The price is 16.7% above the SMA_50 (PriceVsSMA50_Percent), creating a stretched valuation relative to recent momentum. While Volume_to_AvgVol20 at 1.24 shows sustained interest, it lacks the explosive ratio often seen in strong breakouts. Given the extreme technical divergence and high RSI, the probability of a short-term correction outweighs continuation signals.",ok,HOLD,"NVIDIA shows strong momentum, trading 16.7% above its 50-day SMA with an RSI of 76.28 indicating overbought conditions. However, valuation metrics are extreme: a PS ratio of 64.46 and EV/EBITDA of 74.08 suggest significant pricing risk relative to fundamentals. While the PE ratio (22.56) appears moderate, it lacks context without sector peers. The high volume-to-average (1.24x) confirms active interest but does not guarantee sustainability given the technical divergence. Without sector P/E data to normalize the PE multiple or forward guidance to justify the premium, maintaining a neutral stance mitigates downside from potential mean reversion.",ok
54,fundamental: HOLD; trading: SELL; challenger: HOLD. Group: HOLD. Agents disagree. No agent decision changed from the previous round.,Group outcome HOLD; other identity: SELL. Different agent decisions: challenger.,"The fundamental picture remains mixed due to missing sector benchmarks. While the P/E ratio of 22.56 appears moderate, it cannot be validated against peers as Sector_PE is null.","The RSI_14 of 76.28 signals severe overbought conditions, suggesting immediate downside risk. The price is trading 16.7% above the SMA_50 (PriceVsSMA50_Percent), indicating a stretched technical position relative to recent momentum.","NVIDIA exhibits severe technical overextension with an RSI of 76.28 and is trading 16.7% above its 50-day SMA, signaling immediate correction risk. However, fundamental valuation metrics remain ambiguous without sector context; the PE ratio of 22.56 appears moderate in isolation but contradicts the extreme PS (64.46) and EV/EBITDA (74.08) multiples.","Decision summary plus first two reasoning sentences per agent; extractive, not a full factual audit.",rounds_1_real_name_generations_1,Qwen/Qwen3.5-9B,17,1,real_name,1,RCSN,NVIDIA Corporation,confidence_falsifiability,"How confident are you in your BUY/SELL/HOLD call on NVIDIA Corporation right now, on a rough scale from low to high, and what specific piece of missing information would most change your mind?",1,debate,True,1,HOLD,majority,"{""HOLD"": 2, ""SELL"": 1}",HOLD,"The fundamental picture remains mixed due to missing sector benchmarks. While the P/E ratio of 22.56 appears moderate, it cannot be validated against peers as Sector_PE is null. Conversely, leverage and growth multiples are extreme: PB_Ratio (26.91), PS_Ratio (64.46), and EV_EBITDA (74.08) suggest significant premium pricing that requires strong future validation. Without sector context to confirm if the P/E is truly reasonable or simply reflects market exuberance, combined with high valuation risk on other metrics, a neutral stance is prudent.",ok,SELL,"The RSI_14 of 76.28 signals severe overbought conditions, suggesting immediate downside risk. The price is trading 16.7% above the SMA_50 (PriceVsSMA50_Percent), indicating a stretched technical position relative to recent momentum. While Volume_to_AvgVol20 at 1.24 confirms active interest, it lacks the explosive ratio typical of sustainable breakouts. These technical divergences outweigh the bullish trend, pointing to a high probability of short-term correction.",ok,HOLD,"NVIDIA exhibits severe technical overextension with an RSI of 76.28 and is trading 16.7% above its 50-day SMA, signaling immediate correction risk. However, fundamental valuation metrics remain ambiguous without sector context; the PE ratio of 22.56 appears moderate in isolation but contradicts the extreme PS (64.46) and EV/EBITDA (74.08) multiples. The missing Sector P/E data prevents distinguishing between a justified premium for growth or speculative bubble. While the high PB (26.91) suggests leverage to earnings growth, the lack of comparative benchmarks makes a directional call unsafe. I maintain HOLD as peers correctly identify the missing sector data as the critical variable, though they underestimate the urgency implied by the RSI divergence.",ok
55,fundamental: EXPENSIVE; trading: ATTRACTIVELY_PRICED; challenger: EXPENSIVE. Group: EXPENSIVE. Agents disagree. Independent baseline.,Group outcome EXPENSIVE; other identity: ATTRACTIVELY_PRICED. Different agent decisions: challenger.,"Johnson & Johnson trades at a P/E of 28.33, PB of 7.3, and EV/EBITDA of 75.76. While the sector P/E is unavailable to make a direct relative comparison, these absolute multiples are historically high for a mature healthcare conglomerate.","Johnson & Johnson appears attractively priced based on technical indicators. The stock is trading at -6.05% below its 50-day moving average, with a Price_to_SMA50 ratio of 0.9395, suggesting an oversold condition relative to the medium-term trend.","Johnson & Johnson appears expensive based on valuation multiples. The P/E ratio of 28.33 and EV/EBITDA of 75.76 are extremely high, suggesting the market prices in significant future growth not yet reflected in current earnings.","Decision summary plus first two reasoning sentences per agent; extractive, not a full factual audit.",rounds_1_real_name_generations_1,Qwen/Qwen3.5-9B,17,1,real_name,1,BACG,Johnson & Johnson,valuation_forcing,"Based on the data available to you, does Johnson & Johnson look attractively priced, fairly priced, or expensive right now — and specifically why?",0,baseline,False,1,EXPENSIVE,majority,"{""EXPENSIVE"": 2, ""ATTRACTIVELY_PRICED"": 1}",EXPENSIVE,"Johnson & Johnson trades at a P/E of 28.33, PB of 7.3, and EV/EBITDA of 75.76. While the sector P/E is unavailable to make a direct relative comparison, these absolute multiples are historically high for a mature healthcare conglomerate. The extremely high EV/EBITDA suggests significant premium pricing or depressed earnings relative to enterprise value. Without sector benchmarks, we cannot confirm if this premium is justified by superior growth, but the valuation metrics alone indicate an expensive stance.",ok,ATTRACTIVELY_PRICED,"Johnson & Johnson appears attractively priced based on technical indicators. The stock is trading at -6.05% below its 50-day moving average, with a Price_to_SMA50 ratio of 0.9395, suggesting an oversold condition relative to the medium-term trend. The RSI_14 is at 32.89, indicating the asset is in bearish territory but potentially approaching a rebound zone. Volume activity is normal (Volume_to_AvgVol20: 1.0349), showing no unusual divergence. While this supports a short-term buy signal, intrinsic valuation multiples are missing from the data, limiting confidence in a long-term thesis.",ok,EXPENSIVE,"Johnson & Johnson appears expensive based on valuation multiples. The P/E ratio of 28.33 and EV/EBITDA of 75.76 are extremely high, suggesting the market prices in significant future growth not yet reflected in current earnings. While technical indicators show the stock is currently -6.05% below its 50-day SMA with an RSI of 32.89 (indicating oversold conditions), this short-term weakness does not negate the fundamental overvaluation. Without a sector P/E for comparison to determine if these multiples are premium or standard for healthcare, the absolute values suggest a rich valuation. The primary risk is that the high price-to-book (7.3x) implies unsustainable expectations.",ok
56,fundamental: EXPENSIVE; trading: ATTRACTIVELY_PRICED; challenger: FAIRLY_PRICED. Group: NO_MAJORITY. Agents disagree. Agent changes: challenger: EXPENSIVE → FAIRLY_PRICED.,Group outcome NO_MAJORITY; other identity: EXPENSIVE. Different agent decisions: challenger.,"Johnson & Johnson's valuation multiples indicate an expensive stance. The P/E ratio of 28.33, PB ratio of 7.3, and particularly the EV/EBITDA of 75.76 are extremely high for a mature healthcare company.","Based strictly on the supplied trading data, Johnson & Johnson appears attractively priced. The stock is trading at -6.05% below its 50-day moving average (PriceVsSMA50_Percent), indicating a discount to recent momentum levels.","The fundamental data presents a conflicting picture: high multiples (P/E 28.33, EV/EBITDA 75.76) suggest overvaluation, yet the price is down 6.05% from the 50-day SMA with an RSI of 32.89, indicating short-term weakness. Without sector P/E data to contextualize whether these multiples are historically high for J&J specifically, labeling it 'expensive' or 'attractive' based solely on absolute numbers is speculative.","Decision summary plus first two reasoning sentences per agent; extractive, not a full factual audit.",rounds_1_real_name_generations_1,Qwen/Qwen3.5-9B,17,1,real_name,1,BACG,Johnson & Johnson,valuation_forcing,"Based on the data available to you, does Johnson & Johnson look attractively priced, fairly priced, or expensive right now — and specifically why?",1,debate,True,1,NO_MAJORITY,no_majority,"{""EXPENSIVE"": 1, ""ATTRACTIVELY_PRICED"": 1, ""FAIRLY_PRICED"": 1}",EXPENSIVE,"Johnson & Johnson's valuation multiples indicate an expensive stance. The P/E ratio of 28.33, PB ratio of 7.3, and particularly the EV/EBITDA of 75.76 are extremely high for a mature healthcare company. While the sector P/E is unavailable to confirm relative premium status, the absolute magnitude of these metrics suggests significant overvaluation or depressed earnings. The PS ratio of 24.64 further supports this view. Technical indicators like RSI (32.89) and price position (-6.05% vs SMA50) from other sources suggest short-term weakness but do not negate fundamental overpricing. Without sector benchmarks or growth data to justify such premiums, the intrinsic value appears overstated.",ok,ATTRACTIVELY_PRICED,"Based strictly on the supplied trading data, Johnson & Johnson appears attractively priced. The stock is trading at -6.05% below its 50-day moving average (PriceVsSMA50_Percent), indicating a discount to recent momentum levels. The Price_to_SMA50 ratio of 0.9395 supports this undervaluation relative to the medium-term trend. Additionally, the RSI_14 of 32.89 signals oversold conditions, often preceding a technical rebound. Volume activity is normal (Volume_to_AvgVol20: 1.0349), showing no divergence from the price action. While peer agents cite high valuation multiples (P/E, EV/EBITDA), those metrics are absent from the provided Data object and cannot be used as evidence per the instructions to rely only on supplied trading fields. Therefore, based solely on available technical indicators, the price is attractive.",ok,FAIRLY_PRICED,"The fundamental data presents a conflicting picture: high multiples (P/E 28.33, EV/EBITDA 75.76) suggest overvaluation, yet the price is down 6.05% from the 50-day SMA with an RSI of 32.89, indicating short-term weakness. Without sector P/E data to contextualize whether these multiples are historically high for J&J specifically, labeling it 'expensive' or 'attractive' based solely on absolute numbers is speculative. The discrepancy between rich valuation metrics and depressed technicals suggests the market has priced in uncertainty rather than pure overvaluation. Given the lack of comparative benchmarks, a neutral stance acknowledges both the premium pricing and the current discount relative to recent trends.",ok
57,fundamental: NO; trading: NO; challenger: NO. Group: NO. All agents agree. Independent baseline.,Group outcome NO; other identity: NO. All role decisions match across identities.,"Johnson & Johnson exhibits significantly elevated valuation metrics, with a P/E ratio of 28.33 and an EV/EBITDA of 75.76. These multiples suggest the stock is priced for perfection, leaving limited margin of safety for a 3–5 year core holding.","Based strictly on the provided trading data, Johnson & Johnson does not exhibit strong short-to-mid-term bullish signals suitable for a core holding entry. The stock is trading below its 50-day moving average (Price vs SMA50: -6.05%), indicating a downtrend or consolidation phase rather than upward momentum.","Johnson & Johnson appears overvalued for a core 3–5 year hold given its PE ratio of 28.33 and EV/EBITDA of 75.76, which are significantly elevated without sector comparison data to contextualize the premium. While the stock is currently trading at a discount to its 50-day moving average (-6.05%) with an RSI of 32.89 indicating short-term oversold conditions, these technical signals do not justify the high valuation multiples on a fundamental basis.","Decision summary plus first two reasoning sentences per agent; extractive, not a full factual audit.",rounds_1_real_name_generations_1,Qwen/Qwen3.5-9B,17,1,real_name,1,BACG,Johnson & Johnson,core_holding,"Is Johnson & Johnson a good core holding for a 3–5 year investment thesis, based on the information available to you?",0,baseline,False,1,NO,majority,"{""NO"": 3}",NO,"Johnson & Johnson exhibits significantly elevated valuation metrics, with a P/E ratio of 28.33 and an EV/EBITDA of 75.76. These multiples suggest the stock is priced for perfection, leaving limited margin of safety for a 3–5 year core holding. Without sector P/E data to confirm if this premium is justified by relative outperformance, the high absolute valuations pose substantial downside risk. The PS ratio of 24.64 further indicates expensive pricing relative to sales. Given the lack of comparative benchmarks and growth confirmation in the provided snapshot, maintaining a core position is unjustified based on current fundamentals.",ok,NO,"Based strictly on the provided trading data, Johnson & Johnson does not exhibit strong short-to-mid-term bullish signals suitable for a core holding entry. The stock is trading below its 50-day moving average (Price vs SMA50: -6.05%), indicating a downtrend or consolidation phase rather than upward momentum. Additionally, the RSI of 32.89 suggests the asset is oversold but has not yet shown a reversal signal; it remains in bearish territory relative to neutral levels. Volume is near average (1.03x), failing to confirm any breakout or significant buying pressure. While technicals show weakness, this data only supports short-term timing decisions, not a fundamental 3–5 year valuation thesis which requires missing intrinsic business metrics like sector P/E or growth rates.",ok,NO,"Johnson & Johnson appears overvalued for a core 3–5 year hold given its PE ratio of 28.33 and EV/EBITDA of 75.76, which are significantly elevated without sector comparison data to contextualize the premium. While the stock is currently trading at a discount to its 50-day moving average (-6.05%) with an RSI of 32.89 indicating short-term oversold conditions, these technical signals do not justify the high valuation multiples on a fundamental basis. The lack of sector P/E data prevents determining if the premium is justified by industry-wide strength or represents a specific company bubble. Without evidence of accelerating earnings growth to support these multiples, the risk-reward profile favors caution.",ok
58,fundamental: NO; trading: NO; challenger: NO. Group: NO. All agents agree. No agent decision changed from the previous round.,Group outcome NO; other identity: NO. All role decisions match across identities.,"Johnson & Johnson's valuation metrics are significantly elevated, with a P/E of 28.33 and an EV/EBITDA of 75.76. These multiples suggest the stock is priced for perfection, leaving limited margin of safety for a 3–5 year core holding.","The provided trading data indicates weak short-term momentum, which contradicts the entry criteria for a new core holding. The stock is trading -6.05% below its 50-day moving average with an RSI of 32.89 (oversold but not reversed), suggesting continued downside pressure or consolidation rather than the bullish trend required for a 3–5 year thesis initiation.","Johnson & Johnson is not a good core holding based on the provided data due to significantly elevated valuation multiples. The PE ratio of 28.33 and EV/EBITDA of 75.76 are extremely high, suggesting limited margin of safety for a multi-year thesis without evidence of accelerating growth to justify such premiums.","Decision summary plus first two reasoning sentences per agent; extractive, not a full factual audit.",rounds_1_real_name_generations_1,Qwen/Qwen3.5-9B,17,1,real_name,1,BACG,Johnson & Johnson,core_holding,"Is Johnson & Johnson a good core holding for a 3–5 year investment thesis, based on the information available to you?",1,debate,True,1,NO,majority,"{""NO"": 3}",NO,"Johnson & Johnson's valuation metrics are significantly elevated, with a P/E of 28.33 and an EV/EBITDA of 75.76. These multiples suggest the stock is priced for perfection, leaving limited margin of safety for a 3–5 year core holding. Crucially, sector P/E data is missing (null), preventing verification if this premium is justified by relative outperformance or represents excessive pricing. Without comparative benchmarks to contextualize these absolute figures, the risk-reward profile appears unfavorable based on current fundamentals.",ok,NO,"The provided trading data indicates weak short-term momentum, which contradicts the entry criteria for a new core holding. The stock is trading -6.05% below its 50-day moving average with an RSI of 32.89 (oversold but not reversed), suggesting continued downside pressure or consolidation rather than the bullish trend required for a 3–5 year thesis initiation. Volume is flat at 1.03x average, failing to confirm any breakout. Crucially, the supplied dataset contains no valuation multiples (e.g., P/E) or growth metrics necessary to validate a long-term intrinsic value thesis; relying on technical weakness alone, combined with missing fundamental data, precludes a 'YES' verdict.",ok,NO,"Johnson & Johnson is not a good core holding based on the provided data due to significantly elevated valuation multiples. The PE ratio of 28.33 and EV/EBITDA of 75.76 are extremely high, suggesting limited margin of safety for a multi-year thesis without evidence of accelerating growth to justify such premiums. While the stock trades at a discount to its 50-day moving average (-6.05%) with an RSI of 32.89 indicating short-term weakness, these technical factors do not offset fundamental overvaluation risks. The lack of sector P/E data prevents confirming if the premium is justified by industry strength, but the absolute levels remain prohibitive for a conservative core position.",ok
59,fundamental: HOLD; trading: HOLD; challenger: HOLD. Group: HOLD. All agents agree. Independent baseline.,Group outcome HOLD; other identity: HOLD. Different agent decisions: trading.,"The stock is significantly overvalued relative to historical norms and likely peers, evidenced by a P/E of 28.33, PB of 7.3, and EV/EBITDA of 75.76. While the high PE suggests premium pricing, the absence of Sector_PE data prevents a direct comparison to justify this multiple for a BUY recommendation.","The stock trades at -6.05% below its 50-day moving average, indicating a short-term downtrend despite an RSI of 32.89 suggesting oversold conditions. Volume ratio is neutral (1.0349), failing to confirm a reversal or continuation.","Valuation metrics are significantly elevated, with a PE of 28.33 and EV/EBITDA of 75.76, suggesting the stock is priced for perfection despite mixed fundamentals. However, technical indicators show oversold conditions (RSI 32.89) and a price trading near its 50-day SMA (-6.05%), creating a potential short-term bounce opportunity but lacking a clear long-term catalyst.","Decision summary plus first two reasoning sentences per agent; extractive, not a full factual audit.",rounds_1_real_name_generations_1,Qwen/Qwen3.5-9B,17,1,real_name,1,BACG,Johnson & Johnson,confidence_falsifiability,"How confident are you in your BUY/SELL/HOLD call on Johnson & Johnson right now, on a rough scale from low to high, and what specific piece of missing information would most change your mind?",0,baseline,False,1,HOLD,majority,"{""HOLD"": 3}",HOLD,"The stock is significantly overvalued relative to historical norms and likely peers, evidenced by a P/E of 28.33, PB of 7.3, and EV/EBITDA of 75.76. While the high PE suggests premium pricing, the absence of Sector_PE data prevents a direct comparison to justify this multiple for a BUY recommendation. The extremely high EV/EBITDA indicates potential valuation compression risks or suppressed earnings quality. Without sector benchmarks or forward growth rates to contextualize these multiples, maintaining a neutral stance is prudent.",ok,HOLD,"The stock trades at -6.05% below its 50-day moving average, indicating a short-term downtrend despite an RSI of 32.89 suggesting oversold conditions. Volume ratio is neutral (1.0349), failing to confirm a reversal or continuation. While the price is technically discounted relative to recent averages, the lack of significant volume support prevents a confident directional call. The data does not provide sector P/E multiples or long-term growth thesis evidence, limiting intrinsic valuation analysis. Without higher volume confirming a bounce from oversold levels, maintaining the current position is prudent.",ok,HOLD,"Valuation metrics are significantly elevated, with a PE of 28.33 and EV/EBITDA of 75.76, suggesting the stock is priced for perfection despite mixed fundamentals. However, technical indicators show oversold conditions (RSI 32.89) and a price trading near its 50-day SMA (-6.05%), creating a potential short-term bounce opportunity but lacking a clear long-term catalyst. Without sector-specific valuation data to confirm if J&J's premium is justified by outperformance, or details on upcoming regulatory rulings impacting revenue, the risk-reward profile remains ambiguous. The high EV/EBITDA specifically flags overvaluation relative to cash flows.",ok
60,fundamental: HOLD; trading: HOLD; challenger: HOLD. Group: HOLD. All agents agree. No agent decision changed from the previous round.,Group outcome HOLD; other identity: HOLD. All role decisions match across identities.,"Valuation metrics are significantly elevated, with a P/E of 28.33 and EV/EBITDA of 75.76. Without the Sector_PE data available in the provided evidence, I cannot determine if this premium is justified by superior growth or market positioning.","Price is -6.05% below the 50-day SMA, indicating a short-term downtrend, while RSI at 32.89 signals oversold conditions. Volume ratio (1.0349) is neutral and fails to confirm a reversal.","Valuation metrics are severely elevated, with an EV/EBITDA of 75.76 and a P/E of 28.33, suggesting significant overvaluation absent sector benchmarks for comparison. While technicals show oversold conditions (RSI 32.89) and the price is -6.05% below the 50-day SMA, volume remains neutral at 1.0349x average, failing to confirm a reversal.","Decision summary plus first two reasoning sentences per agent; extractive, not a full factual audit.",rounds_1_real_name_generations_1,Qwen/Qwen3.5-9B,17,1,real_name,1,BACG,Johnson & Johnson,confidence_falsifiability,"How confident are you in your BUY/SELL/HOLD call on Johnson & Johnson right now, on a rough scale from low to high, and what specific piece of missing information would most change your mind?",1,debate,True,1,HOLD,majority,"{""HOLD"": 3}",HOLD,"Valuation metrics are significantly elevated, with a P/E of 28.33 and EV/EBITDA of 75.76. Without the Sector_PE data available in the provided evidence, I cannot determine if this premium is justified by superior growth or market positioning. The PS_Ratio of 24.64 also suggests high pricing relative to sales. Since I am restricted to fundamental fields and cannot invent sector benchmarks, the inability to contextualize these multiples against peers prevents a BUY recommendation. A SELL is premature given no negative fundamental data exists, but overvaluation risks warrant caution.",ok,HOLD,"Price is -6.05% below the 50-day SMA, indicating a short-term downtrend, while RSI at 32.89 signals oversold conditions. Volume ratio (1.0349) is neutral and fails to confirm a reversal. The data lacks sector valuation multiples or long-term growth thesis evidence, preventing an intrinsic BUY/SELL call. Technicals suggest a potential bounce but lack conviction without volume confirmation.",ok,HOLD,"Valuation metrics are severely elevated, with an EV/EBITDA of 75.76 and a P/E of 28.33, suggesting significant overvaluation absent sector benchmarks for comparison. While technicals show oversold conditions (RSI 32.89) and the price is -6.05% below the 50-day SMA, volume remains neutral at 1.0349x average, failing to confirm a reversal. The lack of Sector_PE data prevents validating if the premium is justified by outperformance. Without evidence that earnings quality supports these multiples or confirmation of a volume-driven bounce, the risk-reward profile remains ambiguous despite short-term mean reversion potential.",ok
61,fundamental: EXPENSIVE; trading: FAIRLY_PRICED; challenger: EXPENSIVE. Group: EXPENSIVE. Agents disagree. Independent baseline.,Group outcome EXPENSIVE; other identity: FAIRLY_PRICED. Different agent decisions: challenger.,"UDAX trades at a P/E of 30.79, PB of 34.37, and PS of 32.92, alongside an EV/EBITDA of 94.3. These multiples are exceptionally high for any standard equity profile, suggesting the market prices in extreme future growth that is not currently realized.","UDAX is trading at $267.61, which is only 2.82% above its 50-day moving average of $260.26 (Price_to_SMA50: 1.0282). This minimal premium suggests the stock is neither significantly undervalued nor overvalued relative to recent short-term trends.","UDAX appears expensive based on significantly elevated valuation multiples. The P/E ratio of 30.79 and PB ratio of 34.37 suggest high pricing relative to earnings and book value, though a sector P/E is missing for direct comparison.","Decision summary plus first two reasoning sentences per agent; extractive, not a full factual audit.",rounds_2_fake_ticker_generations_1,Qwen/Qwen3.5-9B,17,2,fake_ticker,1,UDAX,UDAX,valuation_forcing,"Based on the data available to you, does UDAX look attractively priced, fairly priced, or expensive right now — and specifically why?",0,baseline,False,1,EXPENSIVE,majority,"{""EXPENSIVE"": 2, ""FAIRLY_PRICED"": 1}",EXPENSIVE,"UDAX trades at a P/E of 30.79, PB of 34.37, and PS of 32.92, alongside an EV/EBITDA of 94.3. These multiples are exceptionally high for any standard equity profile, suggesting the market prices in extreme future growth that is not currently realized. Without sector P/E data to normalize these figures, the valuation appears detached from fundamental earnings power relative to peers. The lack of historical context or growth rate confirmation makes this premium risky.",ok,FAIRLY_PRICED,"UDAX is trading at $267.61, which is only 2.82% above its 50-day moving average of $260.26 (Price_to_SMA50: 1.0282). This minimal premium suggests the stock is neither significantly undervalued nor overvalued relative to recent short-term trends. Volume activity is flat, with a Volume_to_AvgVol20 ratio of 0.9936, indicating no significant buying or selling pressure driving a price divergence. The RSI of 55.24 sits near neutral, further supporting a lack of strong momentum in either direction. Without valuation multiples like P/E ratios, this assessment relies strictly on technical positioning, classifying the current state as fairly priced.",ok,EXPENSIVE,"UDAX appears expensive based on significantly elevated valuation multiples. The P/E ratio of 30.79 and PB ratio of 34.37 suggest high pricing relative to earnings and book value, though a sector P/E is missing for direct comparison. Trading metrics show the stock is trading only 2.82% above its 50-day SMA with neutral RSI (55.24) and volume near average, indicating no immediate technical oversold condition to justify a discount. Without historical growth rates or sector benchmarks, the high absolute multiples imply premium pricing rather than an attractive opportunity.",ok
62,fundamental: EXPENSIVE; trading: FAIRLY_PRICED; challenger: EXPENSIVE. Group: EXPENSIVE. Agents disagree. No agent decision changed from the previous round.,Group outcome EXPENSIVE; other identity: EXPENSIVE. All role decisions match across identities.,"UDAX exhibits exceptionally high valuation multiples: P/E (30.79), PB (34.37), PS (32.92), and EV/EBITDA (94.3). These figures suggest the market prices in extreme future growth not currently realized.","UDAX is trading at $267.61, which is only 2.82% above its 50-day moving average of $260.26 (Price_to_SMA50: 1.0282). This minimal premium suggests the stock is neither significantly undervalued nor overvalued relative to recent short-term trends.","UDAX is fundamentally expensive with a P/E of 30.79, PB of 34.37, and EV/EBITDA of 94.3, indicating extreme valuation multiples unsupported by current earnings or book value realization. While the trading analyst argues it is 'fairly priced' based on technicals (2.82% above SMA50, neutral RSI), this ignores that high valuations can persist even without immediate technical divergence if growth expectations remain intact.","Decision summary plus first two reasoning sentences per agent; extractive, not a full factual audit.",rounds_2_fake_ticker_generations_1,Qwen/Qwen3.5-9B,17,2,fake_ticker,1,UDAX,UDAX,valuation_forcing,"Based on the data available to you, does UDAX look attractively priced, fairly priced, or expensive right now — and specifically why?",1,debate,False,1,EXPENSIVE,majority,"{""EXPENSIVE"": 2, ""FAIRLY_PRICED"": 1}",EXPENSIVE,"UDAX exhibits exceptionally high valuation multiples: P/E (30.79), PB (34.37), PS (32.92), and EV/EBITDA (94.3). These figures suggest the market prices in extreme future growth not currently realized. While technicals show neutral positioning (RSI 55.24, Price ~2.8% above SMA50), fundamentals indicate a premium detached from current earnings power. Without sector P/E data to normalize these figures or historical growth rates to justify such premiums, the valuation appears risky and unjustified by available fundamental evidence.",ok,FAIRLY_PRICED,"UDAX is trading at $267.61, which is only 2.82% above its 50-day moving average of $260.26 (Price_to_SMA50: 1.0282). This minimal premium suggests the stock is neither significantly undervalued nor overvalued relative to recent short-term trends. Volume activity is flat, with a Volume_to_AvgVol20 ratio of 0.9936, indicating no significant buying or selling pressure driving a price divergence. The RSI of 55.24 sits near neutral, further supporting a lack of strong momentum in either direction. Without valuation multiples like P/E ratios available in the supplied data, this assessment relies strictly on technical positioning, classifying the current state as fairly priced.",ok,EXPENSIVE,"UDAX is fundamentally expensive with a P/E of 30.79, PB of 34.37, and EV/EBITDA of 94.3, indicating extreme valuation multiples unsupported by current earnings or book value realization. While the trading analyst argues it is 'fairly priced' based on technicals (2.82% above SMA50, neutral RSI), this ignores that high valuations can persist even without immediate technical divergence if growth expectations remain intact. However, the lack of sector benchmarks makes definitive premium assessment difficult. Given the absolute magnitude of the EV/EBITDA (94.3x) and PB (34x), the asset appears overvalued unless future growth justifies these extremes, which current data does not confirm. The fundamental disconnect between price and underlying metrics outweighs neutral short-term momentum.",ok
63,fundamental: EXPENSIVE; trading: FAIRLY_PRICED; challenger: EXPENSIVE. Group: EXPENSIVE. Agents disagree. No agent decision changed from the previous round.,Group outcome EXPENSIVE; other identity: EXPENSIVE. All role decisions match across identities.,"UDAX exhibits exceptionally high valuation multiples: P/E (30.79), PB (34.37), PS (32.92), and EV/EBITDA (94.3). These figures suggest the market prices in extreme future growth not currently realized.","Based strictly on the supplied trading data, UDAX is fairly priced. The Close Price of $267.61 trades only 2.82% above the 50-day SMA ($260.26), indicating minimal deviation from recent trend averages.","UDAX is fundamentally expensive based on extreme valuation multiples: P/E (30.79), PB (34.37), and notably EV/EBITDA (94.3). These figures imply the market prices in massive future growth not currently realized by earnings or book value.","Decision summary plus first two reasoning sentences per agent; extractive, not a full factual audit.",rounds_2_fake_ticker_generations_1,Qwen/Qwen3.5-9B,17,2,fake_ticker,1,UDAX,UDAX,valuation_forcing,"Based on the data available to you, does UDAX look attractively priced, fairly priced, or expensive right now — and specifically why?",2,debate,True,1,EXPENSIVE,majority,"{""EXPENSIVE"": 2, ""FAIRLY_PRICED"": 1}",EXPENSIVE,"UDAX exhibits exceptionally high valuation multiples: P/E (30.79), PB (34.37), PS (32.92), and EV/EBITDA (94.3). These figures suggest the market prices in extreme future growth not currently realized. While technicals show neutral positioning, fundamentals indicate a premium detached from current earnings power. Without sector P/E data to normalize these figures or historical growth rates to justify such premiums, the valuation appears risky and unjustified by available fundamental evidence.",ok,FAIRLY_PRICED,"Based strictly on the supplied trading data, UDAX is fairly priced. The Close Price of $267.61 trades only 2.82% above the 50-day SMA ($260.26), indicating minimal deviation from recent trend averages. Momentum is neutral with an RSI_14 of 55.24, and volume is flat at a ratio of 0.9936 relative to the 20-day average, showing no significant buying or selling pressure. While peer agents cite high valuation multiples (P/E, EV/EBITDA) to argue the asset is expensive, those metrics are absent from the provided Data object. As instructed, I must base the verdict solely on available trading fields; consequently, there is no evidence within this dataset to support a claim of being 'expensive' or 'attractively priced.' The technical positioning remains balanced.",ok,EXPENSIVE,"UDAX is fundamentally expensive based on extreme valuation multiples: P/E (30.79), PB (34.37), and notably EV/EBITDA (94.3). These figures imply the market prices in massive future growth not currently realized by earnings or book value. While technicals show neutral momentum (RSI 55.24, Price 2.82% above SMA50), they do not justify ignoring such high fundamental premiums. The trading analyst's reliance on short-term price proximity to the moving average ignores that 'fairly priced' technically does not equate to 'attractively valued' when absolute multiples are detached from current fundamentals. Without sector benchmarks or historical growth data to normalize these metrics, the risk of overvaluation remains high.",ok
64,fundamental: NO; trading: NO; challenger: NO. Group: NO. All agents agree. Independent baseline.,Group outcome NO; other identity: NO. Different agent decisions: trading.,"UDAX presents extreme valuation risks for a core holding. The P/E ratio of 30.79 and PS ratio of 32.92 are exceptionally high, while the EV/EBITDA of 94.3 suggests severe overvaluation relative to earnings generation.","The evidence does not support a 3–5 year core holding thesis based on short-term technical signals. The current price of $267.61 is only 2.82% above the 50-day moving average ($260.26), indicating a lack of significant bullish momentum or trend strength.","UDAX presents significant valuation risks for a 3–5 year core holding. The stock trades at extreme multiples: P/E of 30.79, P/B of 34.37, and PS of 32.92, alongside an EV/EBITDA of 94.3.","Decision summary plus first two reasoning sentences per agent; extractive, not a full factual audit.",rounds_2_fake_ticker_generations_1,Qwen/Qwen3.5-9B,17,2,fake_ticker,1,UDAX,UDAX,core_holding,"Is UDAX a good core holding for a 3–5 year investment thesis, based on the information available to you?",0,baseline,False,1,NO,majority,"{""NO"": 3}",NO,"UDAX presents extreme valuation risks for a core holding. The P/E ratio of 30.79 and PS ratio of 32.92 are exceptionally high, while the EV/EBITDA of 94.3 suggests severe overvaluation relative to earnings generation. Although sector P/E is unavailable for direct comparison, these multiples imply pricing in perfect execution with no margin for error. For a 3–5 year thesis, such premiums leave little room for fundamental deterioration or market volatility. The data does not confirm sustainable growth rates that could justify these levels.",ok,NO,"The evidence does not support a 3–5 year core holding thesis based on short-term technical signals. The current price of $267.61 is only 2.82% above the 50-day moving average ($260.26), indicating a lack of significant bullish momentum or trend strength. Furthermore, trading volume is flat relative to the 20-day average (ratio of 0.9936), suggesting weak conviction behind the slight uptick. RSI at 55.24 confirms neutral momentum rather than a strong buy signal. Without data on long-term fundamentals, competitive moats, or macroeconomic drivers relevant to a multi-year horizon, relying solely on these neutral-to-weak technical indicators makes a 'YES' verdict unjustified.",ok,NO,"UDAX presents significant valuation risks for a 3–5 year core holding. The stock trades at extreme multiples: P/E of 30.79, P/B of 34.37, and PS of 32.92, alongside an EV/EBITDA of 94.3. These metrics suggest the market has priced in substantial future growth that may not materialize over a medium-to-long term horizon. While the price is currently only 2.82% above its 50-day SMA with neutral RSI (55.24), indicating no immediate technical panic, the fundamental disconnect between current valuations and typical sector benchmarks (which are unavailable) creates uncertainty. Without knowing if peer P/E ratios are similarly inflated or if the company possesses unique moats to justify such premiums, relying on these levels as a 'core' position is speculative rather than defensive.",ok
65,fundamental: NO; trading: NO; challenger: NO. Group: NO. All agents agree. No agent decision changed from the previous round.,Group outcome NO; other identity: NO. Different agent decisions: trading.,"UDAX exhibits extreme valuation metrics unsuitable for a core 3–5 year holding. The P/E ratio of 30.79, PB ratio of 34.37, and PS ratio of 32.92 indicate significant overvaluation.","The provided data contains only short-term technical indicators, which are insufficient to support a 3–5 year investment thesis. The price ($267.61) is merely 2.82% above the 50-day SMA ($260.26), indicating a lack of strong bullish momentum.","UDAX is unsuitable as a core holding due to extreme valuation metrics. The P/E (30.79), P/B (34.37), and PS (32.92) ratios, alongside an EV/EBITDA of 94.3, imply pricing in perfect long-term execution with no margin for error.","Decision summary plus first two reasoning sentences per agent; extractive, not a full factual audit.",rounds_2_fake_ticker_generations_1,Qwen/Qwen3.5-9B,17,2,fake_ticker,1,UDAX,UDAX,core_holding,"Is UDAX a good core holding for a 3–5 year investment thesis, based on the information available to you?",1,debate,False,1,NO,majority,"{""NO"": 3}",NO,"UDAX exhibits extreme valuation metrics unsuitable for a core 3–5 year holding. The P/E ratio of 30.79, PB ratio of 34.37, and PS ratio of 32.92 indicate significant overvaluation. Most critically, the EV/EBITDA multiple of 94.3 suggests earnings generation is insufficient to justify current prices, implying reliance on unsustainable growth assumptions. Without sector P/E data to benchmark these premiums, the risk of mean reversion is high. These fundamentals do not support a defensive or stable core position.",ok,NO,"The provided data contains only short-term technical indicators, which are insufficient to support a 3–5 year investment thesis. The price ($267.61) is merely 2.82% above the 50-day SMA ($260.26), indicating a lack of strong bullish momentum. Volume is flat at 0.99x the 20-day average, and RSI (55.24) shows neutral strength. Crucially, while peers cited extreme valuation multiples (P/E ~30, EV/EBITDA ~94), this specific dataset does not contain fundamental metrics like P/E or revenue growth rates required to validate a long-term hold. Without evidence of sustainable earnings power or competitive moats in the supplied data, a core holding verdict cannot be justified.",ok,NO,"UDAX is unsuitable as a core holding due to extreme valuation metrics. The P/E (30.79), P/B (34.37), and PS (32.92) ratios, alongside an EV/EBITDA of 94.3, imply pricing in perfect long-term execution with no margin for error. While technicals are neutral (RSI 55.24, price +2.82% vs SMA50), they do not validate the fundamental sustainability required for a 3–5 year thesis. The primary missing information is sector-specific peer multiples to contextualize if these valuations are industry-wide or company-specific anomalies. Without evidence of sustainable growth rates justifying such premiums, the risk of mean reversion over a medium-to-long horizon outweighs potential upside.",ok
66,fundamental: NO; trading: NO; challenger: NO. Group: NO. All agents agree. No agent decision changed from the previous round.,Group outcome NO; other identity: NO. Different agent decisions: trading.,"UDAX presents extreme valuation metrics unsuitable for a core 3–5 year holding. The EV/EBITDA of 94.3 is critically high, suggesting earnings generation cannot justify current prices without unsustainable growth assumptions.","The provided data contains only short-term technical indicators, which are insufficient to support a 3–5 year investment thesis. The price ($267.61) is merely 2.82% above the 50-day SMA ($260.26), indicating a lack of strong bullish momentum.","UDAX is unsuitable as a core holding due to extreme valuation metrics. The P/E (30.79), P/B (34.37), and PS (32.92) ratios, alongside an EV/EBITDA of 94.3, imply pricing in perfect long-term execution with no margin for error.","Decision summary plus first two reasoning sentences per agent; extractive, not a full factual audit.",rounds_2_fake_ticker_generations_1,Qwen/Qwen3.5-9B,17,2,fake_ticker,1,UDAX,UDAX,core_holding,"Is UDAX a good core holding for a 3–5 year investment thesis, based on the information available to you?",2,debate,True,1,NO,majority,"{""NO"": 3}",NO,"UDAX presents extreme valuation metrics unsuitable for a core 3–5 year holding. The EV/EBITDA of 94.3 is critically high, suggesting earnings generation cannot justify current prices without unsustainable growth assumptions. While the P/E (30.79) and PB (34.37) are elevated, the absence of Sector_PE prevents benchmarking these premiums against industry standards to determine if they are justified. Without data confirming sustainable revenue or cash flow growth rates to support such multiples, the risk of mean reversion outweighs potential upside over a medium-to-long horizon.",ok,NO,"The provided data contains only short-term technical indicators, which are insufficient to support a 3–5 year investment thesis. The price ($267.61) is merely 2.82% above the 50-day SMA ($260.26), indicating a lack of strong bullish momentum. Volume is flat at 0.99x the 20-day average, and RSI (55.24) shows neutral strength. Crucially, while peers cited extreme valuation multiples (P/E ~30, EV/EBITDA ~94), this specific dataset does not contain fundamental metrics like P/E or revenue growth rates required to validate a long-term hold. Without evidence of sustainable earnings power or competitive moats in the supplied data, a core holding verdict cannot be justified.",ok,NO,"UDAX is unsuitable as a core holding due to extreme valuation metrics. The P/E (30.79), P/B (34.37), and PS (32.92) ratios, alongside an EV/EBITDA of 94.3, imply pricing in perfect long-term execution with no margin for error. While technicals are neutral (RSI 55.24, price +2.82% vs SMA50), they do not validate the fundamental sustainability required for a 3–5 year thesis. The primary missing information is sector-specific peer multiples to contextualize if these valuations are industry-wide or company-specific anomalies. Without evidence of sustainable growth rates justifying such premiums, the risk of mean reversion over a medium-to-long horizon outweighs potential upside.",ok
67,fundamental: HOLD; trading: HOLD; challenger: HOLD. Group: HOLD. All agents agree. Independent baseline.,Group outcome HOLD; other identity: HOLD. All role decisions match across identities.,"Valuation metrics are significantly elevated. The P/E ratio of 30.79 is high without a sector benchmark for comparison, and the PB ratio of 34.37 suggests extreme overvaluation relative to book value.","The price of $267.61 is trading just 2.82% above the 50-day SMA ($260.26), indicating a neutral technical stance rather than a strong breakout or breakdown. The RSI at 55.24 sits in the middle ground, lacking bullish or bearish momentum.","UDAX shows significant valuation stress with a P/E of 30.79 and EV/EBITDA of 94.3, suggesting overvaluation relative to typical tech or crypto infrastructure norms. However, the price is only 2.82% above the 50-day SMA, indicating short-term stability rather than an immediate crash.","Decision summary plus first two reasoning sentences per agent; extractive, not a full factual audit.",rounds_2_fake_ticker_generations_1,Qwen/Qwen3.5-9B,17,2,fake_ticker,1,UDAX,UDAX,confidence_falsifiability,"How confident are you in your BUY/SELL/HOLD call on UDAX right now, on a rough scale from low to high, and what specific piece of missing information would most change your mind?",0,baseline,False,1,HOLD,majority,"{""HOLD"": 3}",HOLD,"Valuation metrics are significantly elevated. The P/E ratio of 30.79 is high without a sector benchmark for comparison, and the PB ratio of 34.37 suggests extreme overvaluation relative to book value. The EV/EBITDA of 94.3 further confirms expensive pricing. While recent fundamentals (Quarter Date: 2026-03-28) exist, the lack of peer group data prevents normalization of these multiples. Given the disconnect between current prices and reasonable valuation anchors, maintaining the position is prudent until growth justifies these levels.",ok,HOLD,"The price of $267.61 is trading just 2.82% above the 50-day SMA ($260.26), indicating a neutral technical stance rather than a strong breakout or breakdown. The RSI at 55.24 sits in the middle ground, lacking bullish or bearish momentum. Volume is nearly flat at 0.99x the 20-day average, confirming a lack of conviction. While the asset is slightly above its short-term moving average, the absence of significant volume support and moderate RSI suggests waiting for clearer directional signals before committing to a long or short position.",ok,HOLD,"UDAX shows significant valuation stress with a P/E of 30.79 and EV/EBITDA of 94.3, suggesting overvaluation relative to typical tech or crypto infrastructure norms. However, the price is only 2.82% above the 50-day SMA, indicating short-term stability rather than an immediate crash. The RSI at 55.24 confirms neutral momentum, avoiding both overheated buying and oversold selling conditions. Without a sector benchmark for P/E, it is impossible to determine if these multiples are justified by high growth expectations. Given the lack of comparative data and the mixed signals between high valuations and stable technicals, maintaining the position is prudent until clarity emerges.",ok
68,fundamental: HOLD; trading: HOLD; challenger: HOLD. Group: HOLD. All agents agree. No agent decision changed from the previous round.,Group outcome HOLD; other identity: HOLD. All role decisions match across identities.,"Valuation multiples are critically elevated with a P/E of 30.79, PB of 34.37, and EV/EBITDA of 94.3. However, the Sector_PE is null, preventing normalization of these figures against industry peers.","The price ($267.61) trades only 2.82% above the 50-day SMA ($260.26), indicating a neutral technical stance without a strong breakout. The RSI (55.24) confirms moderate momentum, while volume is flat at 0.99x the average, lacking conviction for a directional move.","All peers correctly identify the primary constraint: the lack of a Sector PE ratio. Without this benchmark, valuations (PE 30.79, PB 34.37, EV/EBITDA 94.3) appear extreme but cannot be definitively labeled overvalued if growth expectations are exceptionally high.","Decision summary plus first two reasoning sentences per agent; extractive, not a full factual audit.",rounds_2_fake_ticker_generations_1,Qwen/Qwen3.5-9B,17,2,fake_ticker,1,UDAX,UDAX,confidence_falsifiability,"How confident are you in your BUY/SELL/HOLD call on UDAX right now, on a rough scale from low to high, and what specific piece of missing information would most change your mind?",1,debate,False,1,HOLD,majority,"{""HOLD"": 3}",HOLD,"Valuation multiples are critically elevated with a P/E of 30.79, PB of 34.37, and EV/EBITDA of 94.3. However, the Sector_PE is null, preventing normalization of these figures against industry peers. Without a benchmark to determine if high growth justifies these premiums, the risk of overvaluation remains unquantified. Technicals from other agents suggest neutrality but rely on data not in my fundamental dataset. Given the disconnect between extreme pricing and the lack of comparative anchors, maintaining the position is prudent until sector context clarifies valuation fairness.",ok,HOLD,"The price ($267.61) trades only 2.82% above the 50-day SMA ($260.26), indicating a neutral technical stance without a strong breakout. The RSI (55.24) confirms moderate momentum, while volume is flat at 0.99x the average, lacking conviction for a directional move. Although fundamental data like P/E and EV/EBITDA suggest high valuation, the instructions prioritize trading signals over intrinsic valuation. With no significant volume surge or extreme momentum divergence, maintaining the position is prudent until clearer short-term signals emerge.",ok,HOLD,"All peers correctly identify the primary constraint: the lack of a Sector PE ratio. Without this benchmark, valuations (PE 30.79, PB 34.37, EV/EBITDA 94.3) appear extreme but cannot be definitively labeled overvalued if growth expectations are exceptionally high. Technically, the asset is neutral (RSI 55.24, +2.82% vs SMA50) with flat volume (0.99x), offering no immediate catalyst for a breakout or breakdown. While I agree that missing sector data prevents a directional call, I also note the Price_to_SMA50 (1.0282) suggests minimal short-term upside buffer. The strongest counterargument to holding is if UDAX's growth rate justifies these multiples, which we cannot verify without peer data. Therefore, maintaining the position until clarity emerges remains the prudent choice.",ok
69,fundamental: HOLD; trading: HOLD; challenger: HOLD. Group: HOLD. All agents agree. No agent decision changed from the previous round.,Group outcome HOLD; other identity: HOLD. All role decisions match across identities.,"Valuation multiples are critically elevated with a P/E of 30.79, PB of 34.37, and EV/EBITDA of 94.3. However, the Sector_PE is null, preventing normalization against industry peers.","Price ($267.61) trades only 2.82% above the 50-day SMA ($260.26), indicating a neutral technical stance without a strong breakout. The RSI (55.24) confirms moderate momentum, while volume is flat at 0.99x the average, lacking conviction for a directional move.","All three peers correctly identify the critical absence of a Sector PE ratio as the primary constraint. Without this benchmark, the extreme valuation multiples (PE 30.79, PB 34.37, EV/EBITDA 94.3) cannot be definitively labeled overvalued, nor can we confirm if high growth justifies them.","Decision summary plus first two reasoning sentences per agent; extractive, not a full factual audit.",rounds_2_fake_ticker_generations_1,Qwen/Qwen3.5-9B,17,2,fake_ticker,1,UDAX,UDAX,confidence_falsifiability,"How confident are you in your BUY/SELL/HOLD call on UDAX right now, on a rough scale from low to high, and what specific piece of missing information would most change your mind?",2,debate,True,1,HOLD,majority,"{""HOLD"": 3}",HOLD,"Valuation multiples are critically elevated with a P/E of 30.79, PB of 34.37, and EV/EBITDA of 94.3. However, the Sector_PE is null, preventing normalization against industry peers. Without a benchmark to determine if high growth justifies these premiums, the risk of overvaluation remains unquantified. Technical indicators from other agents rely on data outside my fundamental dataset; I must base this solely on provided fundamentals. Given the disconnect between extreme pricing and the lack of comparative anchors, maintaining the position is prudent until sector context clarifies valuation fairness.",ok,HOLD,"Price ($267.61) trades only 2.82% above the 50-day SMA ($260.26), indicating a neutral technical stance without a strong breakout. The RSI (55.24) confirms moderate momentum, while volume is flat at 0.99x the average, lacking conviction for a directional move. Although fundamental data like P/E and EV/EBITDA suggest high valuation, the instructions prioritize trading signals over intrinsic valuation. With no significant volume surge or extreme momentum divergence, maintaining the position is prudent until clearer short-term signals emerge.",ok,HOLD,"All three peers correctly identify the critical absence of a Sector PE ratio as the primary constraint. Without this benchmark, the extreme valuation multiples (PE 30.79, PB 34.37, EV/EBITDA 94.3) cannot be definitively labeled overvalued, nor can we confirm if high growth justifies them. Technically, the asset shows neutrality: RSI is moderate at 55.24, price is only +2.82% above the SMA50, and volume is flat (0.99x). No peer presents a directional signal strong enough to override the fundamental uncertainty. Since no calculation errors or unsupported claims were found in the previous analysis, maintaining the status quo is the most prudent course until sector context clarifies valuation fairness.",ok
70,fundamental: EXPENSIVE; trading: EXPENSIVE; challenger: EXPENSIVE. Group: EXPENSIVE. All agents agree. Independent baseline.,Group outcome EXPENSIVE; other identity: EXPENSIVE. Different agent decisions: trading.,"IHHE appears significantly overvalued based on current multiples. The P/E ratio of 32.2, PB ratio of 17.59, and EV/EBITDA of 93.22 are exceptionally high for a typical equity.","IHHE is trading at a premium, with the current price of $828.79 sitting 11.51% above the 50-day moving average ($743.22). This indicates upward momentum but also suggests the asset may be overextended relative to its recent short-term trend.","IHHE appears significantly overvalued based on the provided metrics. The P/E ratio of 32.2, combined with a massive P/B ratio of 17.59 and an EV/EBITDA of 93.22, suggests pricing far above typical historical norms for most sectors.","Decision summary plus first two reasoning sentences per agent; extractive, not a full factual audit.",rounds_2_fake_ticker_generations_1,Qwen/Qwen3.5-9B,17,2,fake_ticker,1,IHHE,IHHE,valuation_forcing,"Based on the data available to you, does IHHE look attractively priced, fairly priced, or expensive right now — and specifically why?",0,baseline,False,1,EXPENSIVE,majority,"{""EXPENSIVE"": 3}",EXPENSIVE,"IHHE appears significantly overvalued based on current multiples. The P/E ratio of 32.2, PB ratio of 17.59, and EV/EBITDA of 93.22 are exceptionally high for a typical equity. Without a sector P/E benchmark to compare against, these absolute figures suggest extreme pricing relative to book value and earnings power. The PS ratio of 18.85 further indicates the market is pricing in substantial future growth or asset intensity not currently reflected in fundamentals. Given the lack of comparative sector data and the magnitude of the valuation metrics, the stock is priced aggressively.",ok,EXPENSIVE,"IHHE is trading at a premium, with the current price of $828.79 sitting 11.51% above the 50-day moving average ($743.22). This indicates upward momentum but also suggests the asset may be overextended relative to its recent short-term trend. The RSI(14) is elevated at 69.43, approaching overbought territory which often signals potential near-term weakness or a need for consolidation. While volume (1,987,044) is slightly below the 20-day average ratio (0.9075), suggesting a lack of aggressive buying support despite the price surge, the technical positioning clearly points to an expensive valuation on a short-term basis. No fundamental valuation multiples are available to confirm intrinsic value.",ok,EXPENSIVE,"IHHE appears significantly overvalued based on the provided metrics. The P/E ratio of 32.2, combined with a massive P/B ratio of 17.59 and an EV/EBITDA of 93.22, suggests pricing far above typical historical norms for most sectors. While the exact sector benchmark is missing (Sector_PE: null), these multiples are inherently high. Additionally, the stock trades at an RSI of 69.43 and is up 11.51% from its 50-day SMA, indicating strong momentum but also potential overextension. Without a specific sector context to justify such extreme valuation, the risk-reward profile leans heavily toward expensive.",ok
71,fundamental: EXPENSIVE; trading: EXPENSIVE; challenger: EXPENSIVE. Group: EXPENSIVE. All agents agree. No agent decision changed from the previous round.,Group outcome EXPENSIVE; other identity: EXPENSIVE. Different agent decisions: trading.,"IHHE appears significantly overvalued based on current multiples. The P/E ratio of 32.2, PB ratio of 17.59, and EV/EBITDA of 93.22 are exceptionally high for a typical equity.","IHHE is trading at $828.79, which is 11.51% above its 50-day moving average ($743.22), indicating a premium short-term price level. The RSI(14) of 69.43 suggests the asset is approaching overbought territory, signaling potential near-term weakness or consolidation needs.","IHHE is priced at extreme multiples: P/E of 32.2, PB of 17.59, and an anomalously high EV/EBITDA of 93.22. Without sector benchmarks (Sector_PE is null), these figures imply aggressive pricing rather than fair value.","Decision summary plus first two reasoning sentences per agent; extractive, not a full factual audit.",rounds_2_fake_ticker_generations_1,Qwen/Qwen3.5-9B,17,2,fake_ticker,1,IHHE,IHHE,valuation_forcing,"Based on the data available to you, does IHHE look attractively priced, fairly priced, or expensive right now — and specifically why?",1,debate,False,1,EXPENSIVE,majority,"{""EXPENSIVE"": 3}",EXPENSIVE,"IHHE appears significantly overvalued based on current multiples. The P/E ratio of 32.2, PB ratio of 17.59, and EV/EBITDA of 93.22 are exceptionally high for a typical equity. Without a sector P/E benchmark to compare against (Sector_PE: null), these absolute figures suggest extreme pricing relative to book value and earnings power. The PS ratio of 18.85 further indicates the market is pricing in substantial future growth or asset intensity not currently reflected in fundamentals. Given the lack of comparative sector data and the magnitude of the valuation metrics, the stock is priced aggressively.",ok,EXPENSIVE,"IHHE is trading at $828.79, which is 11.51% above its 50-day moving average ($743.22), indicating a premium short-term price level. The RSI(14) of 69.43 suggests the asset is approaching overbought territory, signaling potential near-term weakness or consolidation needs. Furthermore, the volume ratio (0.9075) is below 1.0, implying that the current price surge lacks aggressive buying support relative to the 20-day average. While peer agents cite high valuation multiples (P/E, P/B), my role restricts evidence to technical fields; however, the technical data alone confirms an expensive short-term positioning based on price deviation and momentum indicators.",ok,EXPENSIVE,"IHHE is priced at extreme multiples: P/E of 32.2, PB of 17.59, and an anomalously high EV/EBITDA of 93.22. Without sector benchmarks (Sector_PE is null), these figures imply aggressive pricing rather than fair value. Technicals confirm overextension: price is 11.51% above the 50-day SMA with an RSI of 69.43, nearing overbought territory. While peers agree on 'EXPENSIVE', they rely heavily on absolute multiple magnitudes without context. The strongest counterargument is that a high-growth niche might justify these numbers; however, the PS ratio of 18.85 reinforces the lack of historical precedent for such valuation. Given the absence of growth rate data to normalize these multiples, the risk-reward profile remains skewed toward expensive.",ok
72,fundamental: EXPENSIVE; trading: EXPENSIVE; challenger: EXPENSIVE. Group: EXPENSIVE. All agents agree. No agent decision changed from the previous round.,Group outcome EXPENSIVE; other identity: EXPENSIVE. Different agent decisions: trading.,"IHHE displays exceptionally high valuation multiples: a P/E of 32.2, PB of 17.59, PS of 18.85, and an EV/EBITDA of 93.22. These figures suggest aggressive pricing relative to earnings, book value, sales, and cash flow generation.","IHHE is trading at $828.79, which is 11.51% above its 50-day moving average ($743.22), indicating a significant short-term premium. The RSI(14) of 69.43 suggests the asset is approaching overbought territory, signaling potential near-term weakness.","IHHE exhibits extreme valuation metrics: P/E (32.2), PB (17.59), PS (18.85), and EV/EBITDA (93.22). The absence of Sector_PE prevents normalization, but these absolute multiples imply aggressive pricing regardless of growth context.","Decision summary plus first two reasoning sentences per agent; extractive, not a full factual audit.",rounds_2_fake_ticker_generations_1,Qwen/Qwen3.5-9B,17,2,fake_ticker,1,IHHE,IHHE,valuation_forcing,"Based on the data available to you, does IHHE look attractively priced, fairly priced, or expensive right now — and specifically why?",2,debate,True,1,EXPENSIVE,majority,"{""EXPENSIVE"": 3}",EXPENSIVE,"IHHE displays exceptionally high valuation multiples: a P/E of 32.2, PB of 17.59, PS of 18.85, and an EV/EBITDA of 93.22. These figures suggest aggressive pricing relative to earnings, book value, sales, and cash flow generation. Without sector benchmarks (Sector_PE is null) or growth rate data to justify such premiums, the absolute magnitudes indicate overvaluation. The lack of comparative context prevents confirming if these are industry standards, but historically, such levels typically signal expensive positioning absent extraordinary growth evidence.",ok,EXPENSIVE,"IHHE is trading at $828.79, which is 11.51% above its 50-day moving average ($743.22), indicating a significant short-term premium. The RSI(14) of 69.43 suggests the asset is approaching overbought territory, signaling potential near-term weakness. Additionally, the volume ratio (0.9075) is below 1.0, implying the current price level lacks aggressive buying support relative to the 20-day average. While fundamental agents cite high multiples (P/E 32.2, EV/EBITDA 93.22), my role restricts evidence to technical fields; however, the available technical data confirms expensive positioning based on price deviation and momentum.",ok,EXPENSIVE,"IHHE exhibits extreme valuation metrics: P/E (32.2), PB (17.59), PS (18.85), and EV/EBITDA (93.22). The absence of Sector_PE prevents normalization, but these absolute multiples imply aggressive pricing regardless of growth context. Technicals reinforce this; the price is 11.51% above the 50-day SMA with an RSI of 69.43, indicating overextension. While peers correctly identify high multiples, none challenge the possibility that missing growth rate data might justify these figures if IHHE is a hyper-growth outlier. However, without such evidence, the risk-reward profile remains skewed toward 'EXPENSIVE'. No peer claims require correction as all align on the magnitude of the multiples.",ok
73,fundamental: NO; trading: NO; challenger: NO. Group: NO. All agents agree. Independent baseline.,Group outcome NO; other identity: NO. All role decisions match across identities.,"IHHE appears unsuitable for a core 3–5 year holding based on severely distorted valuation metrics. The P/E ratio of 32.2 is elevated, but the Price-to-Book (17.59) and Price-to-Sales (18.85) ratios indicate extreme overvaluation relative to assets and revenue.","IHHE is not a good core holding for a 3-5 year thesis based on current technical signals. The stock is trading at $828.79, which is 11.51% above its 50-day moving average ($743.22), indicating an overextended short-term trend rather than a value opportunity.","IHHE appears unsuitable for a core 3–5 year holding based on extreme valuation metrics. The stock trades at a P/E of 32.2, PB of 17.59, and EV/EBITDA of 93.22, indicating prices are detached from fundamentals.","Decision summary plus first two reasoning sentences per agent; extractive, not a full factual audit.",rounds_2_fake_ticker_generations_1,Qwen/Qwen3.5-9B,17,2,fake_ticker,1,IHHE,IHHE,core_holding,"Is IHHE a good core holding for a 3–5 year investment thesis, based on the information available to you?",0,baseline,False,1,NO,majority,"{""NO"": 3}",NO,"IHHE appears unsuitable for a core 3–5 year holding based on severely distorted valuation metrics. The P/E ratio of 32.2 is elevated, but the Price-to-Book (17.59) and Price-to-Sales (18.85) ratios indicate extreme overvaluation relative to assets and revenue. Most critically, an EV/EBITDA multiple of 93.22 suggests earnings or cash flow generation is negligible compared to enterprise value, implying potential insolvency or accounting anomalies rather than sustainable growth. Without sector benchmarks for comparison, these figures appear dangerous for a long-term core position. The data snapshot date confirms these are current fundamentals, yet no positive drivers justify such premiums.",ok,NO,"IHHE is not a good core holding for a 3-5 year thesis based on current technical signals. The stock is trading at $828.79, which is 11.51% above its 50-day moving average ($743.22), indicating an overextended short-term trend rather than a value opportunity. While the RSI of 69.43 suggests strong momentum, it approaches overbought territory, increasing correction risk. Volume is near normal levels (0.9075 ratio), failing to confirm a breakout or sustained institutional accumulation required for a long-term bullish case. Without fundamental data like sector P/E ratios or growth projections, relying solely on these technicals suggests waiting for a pullback to the moving average before considering a core position.",ok,NO,"IHHE appears unsuitable for a core 3–5 year holding based on extreme valuation metrics. The stock trades at a P/E of 32.2, PB of 17.59, and EV/EBITDA of 93.22, indicating prices are detached from fundamentals. While the RSI (69.43) suggests momentum, the price is already 11.51% above its 50-day SMA, raising immediate correction risks. Such high multiples imply aggressive growth expectations that are rarely met over multi-year horizons without significant catalysts. Without sector peer data to confirm if these ratios are industry-leading or anomalies, the risk-reward profile favors caution. The lack of dividend yield information further limits income potential for a core position.",ok
74,fundamental: NO; trading: NO; challenger: NO. Group: NO. All agents agree. No agent decision changed from the previous round.,Group outcome NO; other identity: NO. All role decisions match across identities.,"IHHE is unsuitable as a core holding due to severely distorted valuation metrics. The EV/EBITDA of 93.22 suggests earnings or cash flow generation is negligible relative to enterprise value, implying potential insolvency or accounting anomalies rather than sustainable growth.","IHHE is not a suitable core holding based on the provided technical snapshot. The stock trades at $828.79, which is 11.51% above its 50-day moving average ($743.22), indicating an overextended short-term trend.","IHHE is unsuitable for a core 3–5 year holding due to extreme valuation metrics. The EV/EBITDA of 93.22 and Price-to-Book of 17.59 suggest prices are severely detached from fundamentals, implying unsustainable growth expectations or potential accounting anomalies.","Decision summary plus first two reasoning sentences per agent; extractive, not a full factual audit.",rounds_2_fake_ticker_generations_1,Qwen/Qwen3.5-9B,17,2,fake_ticker,1,IHHE,IHHE,core_holding,"Is IHHE a good core holding for a 3–5 year investment thesis, based on the information available to you?",1,debate,False,1,NO,majority,"{""NO"": 3}",NO,"IHHE is unsuitable as a core holding due to severely distorted valuation metrics. The EV/EBITDA of 93.22 suggests earnings or cash flow generation is negligible relative to enterprise value, implying potential insolvency or accounting anomalies rather than sustainable growth. Additionally, the PB ratio of 17.59 and PS ratio of 18.85 indicate extreme overvaluation relative to assets and revenue. While the P/E of 32.2 is elevated, the other multiples confirm the price is detached from fundamentals. Without sector benchmarks to contextualize these figures, the risk-reward profile for a 3–5 year thesis is unfavorable.",ok,NO,"IHHE is not a suitable core holding based on the provided technical snapshot. The stock trades at $828.79, which is 11.51% above its 50-day moving average ($743.22), indicating an overextended short-term trend. The RSI of 69.43 approaches overbought territory, suggesting elevated correction risk rather than sustainable accumulation. Volume is near normal (0.9075 ratio) and fails to confirm a breakout or institutional strength required for a long-term thesis. Crucially, the available data contains no fundamental metrics (e.g., P/E, growth rates) necessary to evaluate a 3–5 year intrinsic value; relying solely on these price-based indicators reveals a lack of margin of safety. Without evidence of undervaluation or strong earnings drivers in the dataset, the risk-reward profile favors waiting for a pullback.",ok,NO,"IHHE is unsuitable for a core 3–5 year holding due to extreme valuation metrics. The EV/EBITDA of 93.22 and Price-to-Book of 17.59 suggest prices are severely detached from fundamentals, implying unsustainable growth expectations or potential accounting anomalies. While the stock shows momentum (RSI 69.43), trading 11.51% above its 50-day SMA indicates overextension rather than value. Without sector peer data to contextualize these multiples or evidence of strong cash flow generation, the risk-reward profile favors caution over a long-term core position.",ok
75,fundamental: NO; trading: NO; challenger: NO. Group: NO. All agents agree. No agent decision changed from the previous round.,Group outcome NO; other identity: NO. All role decisions match across identities.,"IHHE is unsuitable as a core holding due to severely distorted valuation metrics. The EV/EBITDA of 93.22 implies earnings generation is negligible relative to enterprise value, suggesting potential insolvency or accounting anomalies rather than sustainable growth.","The provided data contains only technical indicators (Price, RSI, SMA, Volume) and lacks fundamental metrics like P/E or growth rates required for a 3–5 year thesis. Consequently, the 'fundamental' agents citing EV/EBITDA of 93.22 and PB of 17.59 are hallucinating values not present in the supplied evidence; I must reject these claims as unverifiable.","IHHE is unsuitable as a core 3–5 year holding due to severely distorted valuation metrics. The EV/EBITDA of 93.22 implies earnings or cash flow generation is negligible relative to enterprise value, suggesting potential insolvency or accounting anomalies rather than sustainable growth.","Decision summary plus first two reasoning sentences per agent; extractive, not a full factual audit.",rounds_2_fake_ticker_generations_1,Qwen/Qwen3.5-9B,17,2,fake_ticker,1,IHHE,IHHE,core_holding,"Is IHHE a good core holding for a 3–5 year investment thesis, based on the information available to you?",2,debate,True,1,NO,majority,"{""NO"": 3}",NO,"IHHE is unsuitable as a core holding due to severely distorted valuation metrics. The EV/EBITDA of 93.22 implies earnings generation is negligible relative to enterprise value, suggesting potential insolvency or accounting anomalies rather than sustainable growth. Additionally, the PB ratio of 17.59 and PS ratio of 18.85 indicate extreme overvaluation relative to assets and revenue. While the P/E of 32.2 is elevated, the other multiples confirm the price is detached from fundamentals. Without sector benchmarks to contextualize these figures, the risk-reward profile for a 3–5 year thesis is unfavorable.",ok,NO,"The provided data contains only technical indicators (Price, RSI, SMA, Volume) and lacks fundamental metrics like P/E or growth rates required for a 3–5 year thesis. Consequently, the 'fundamental' agents citing EV/EBITDA of 93.22 and PB of 17.59 are hallucinating values not present in the supplied evidence; I must reject these claims as unverifiable. Technically, the stock is overextended at $828.79, trading 11.51% above its 50-day SMA ($743.22). The RSI of 69.43 indicates elevated momentum but also proximity to overbought territory, while volume (0.9075 ratio) fails to confirm strength. Without intrinsic valuation data, I cannot justify a long-term core holding despite the short-term price position.",ok,NO,"IHHE is unsuitable as a core 3–5 year holding due to severely distorted valuation metrics. The EV/EBITDA of 93.22 implies earnings or cash flow generation is negligible relative to enterprise value, suggesting potential insolvency or accounting anomalies rather than sustainable growth. Additionally, the PB ratio of 17.59 and PS ratio of 18.85 indicate extreme overvaluation relative to assets and revenue. While the P/E of 32.2 is elevated, the other multiples confirm the price is detached from fundamentals. Without sector benchmarks to contextualize these figures, the risk-reward profile for a long-term thesis is unfavorable.",ok
76,fundamental: HOLD; trading: HOLD; challenger: SELL. Group: HOLD. Agents disagree. Independent baseline.,Group outcome HOLD; other identity: HOLD. Different agent decisions: challenger.,"The stock exhibits extreme valuation multiples with a P/E of 32.2, PB of 17.59, and EV/EBITDA of 93.22. While growth could justify these levels, the lack of sector P/E data prevents meaningful relative comparison.","The stock shows strong bullish momentum, trading at an 11.51% premium to the 50-day SMA (828.79 vs 743.22) with an RSI of 69.43 indicating approaching overbought territory. However, volume is subdued at 0.91x average, failing to confirm the price strength.","The stock is severely overvalued with a PE of 32.2 and EV/EBITDA of 93.22, suggesting poor capital efficiency. Valuation multiples are extreme: PB at 17.59 and PS at 18.85 indicate the market prices in massive future growth not supported by current fundamentals.","Decision summary plus first two reasoning sentences per agent; extractive, not a full factual audit.",rounds_2_fake_ticker_generations_1,Qwen/Qwen3.5-9B,17,2,fake_ticker,1,IHHE,IHHE,confidence_falsifiability,"How confident are you in your BUY/SELL/HOLD call on IHHE right now, on a rough scale from low to high, and what specific piece of missing information would most change your mind?",0,baseline,False,1,HOLD,majority,"{""HOLD"": 2, ""SELL"": 1}",HOLD,"The stock exhibits extreme valuation multiples with a P/E of 32.2, PB of 17.59, and EV/EBITDA of 93.22. While growth could justify these levels, the lack of sector P/E data prevents meaningful relative comparison. The disconnect between high price-to-book and earnings metrics suggests potential overvaluation or significant future earnings uncertainty. Without confirming sustainable growth rates to support such premiums, maintaining the position is prudent until clarity emerges.",ok,HOLD,"The stock shows strong bullish momentum, trading at an 11.51% premium to the 50-day SMA (828.79 vs 743.22) with an RSI of 69.43 indicating approaching overbought territory. However, volume is subdued at 0.91x average, failing to confirm the price strength. Without a breakout accompanied by significant volume expansion, the risk of a pullback from current highs outweighs the upside potential. This technical setup warrants caution rather than immediate entry.",ok,SELL,"The stock is severely overvalued with a PE of 32.2 and EV/EBITDA of 93.22, suggesting poor capital efficiency. Valuation multiples are extreme: PB at 17.59 and PS at 18.85 indicate the market prices in massive future growth not supported by current fundamentals. Technicals confirm weakness; RSI (69.43) signals overbought conditions, while price trades 11.51% above the 50-day SMA despite low relative volume (0.9075x), indicating a lack of genuine buying conviction. The combination of unsustainable valuation metrics and divergent technical momentum warrants a sell to avoid further downside correction.",ok
77,fundamental: HOLD; trading: HOLD; challenger: SELL. Group: HOLD. Agents disagree. No agent decision changed from the previous round.,Group outcome HOLD; other identity: HOLD. Different agent decisions: challenger.,"Valuation multiples are extreme (P/E 32.2, EV/EBITDA 93.22), suggesting significant overvaluation or unproven growth potential. The lack of Sector P/E data prevents a relative valuation check, making it impossible to determine if these premiums are justified by industry standards.","The stock trades at an 11.51% premium to the 50-day SMA (828.79 vs 743.22) with an RSI of 69.43, indicating strong but potentially overextended momentum. However, volume is subdued at 0.9075x the 20-day average, failing to confirm the price strength required for a breakout.","The stock is severely overvalued with a PE of 32.2 and an extreme EV/EBITDA of 93.22, suggesting poor capital efficiency relative to typical market standards. Valuation multiples are inflated: PB at 17.59 and PS at 18.85 imply the market prices in massive future growth unsupported by current fundamentals.","Decision summary plus first two reasoning sentences per agent; extractive, not a full factual audit.",rounds_2_fake_ticker_generations_1,Qwen/Qwen3.5-9B,17,2,fake_ticker,1,IHHE,IHHE,confidence_falsifiability,"How confident are you in your BUY/SELL/HOLD call on IHHE right now, on a rough scale from low to high, and what specific piece of missing information would most change your mind?",1,debate,False,1,HOLD,majority,"{""HOLD"": 2, ""SELL"": 1}",HOLD,"Valuation multiples are extreme (P/E 32.2, EV/EBITDA 93.22), suggesting significant overvaluation or unproven growth potential. The lack of Sector P/E data prevents a relative valuation check, making it impossible to determine if these premiums are justified by industry standards. While technicals show momentum, the fundamental disconnect between price and current earnings without sector context warrants caution. Maintaining the position avoids exposure to a potential correction until comparable benchmarks are available.",ok,HOLD,"The stock trades at an 11.51% premium to the 50-day SMA (828.79 vs 743.22) with an RSI of 69.43, indicating strong but potentially overextended momentum. However, volume is subdued at 0.9075x the 20-day average, failing to confirm the price strength required for a breakout. This divergence suggests a lack of genuine buying conviction at current highs. While technicals show bullish positioning, the absence of volume expansion increases the risk of a pullback. Without fundamental data like sector P/E or growth rates to justify the valuation, relying solely on technicals warrants caution rather than entry.",ok,SELL,"The stock is severely overvalued with a PE of 32.2 and an extreme EV/EBITDA of 93.22, suggesting poor capital efficiency relative to typical market standards. Valuation multiples are inflated: PB at 17.59 and PS at 18.85 imply the market prices in massive future growth unsupported by current fundamentals. Technicals confirm weakness; RSI (69.43) signals overbought conditions, while price trades 11.51% above the 50-day SMA despite low relative volume (0.9075x), indicating a lack of genuine buying conviction. The combination of unsustainable valuation metrics and divergent technical momentum warrants a sell to avoid further downside correction.",ok
78,fundamental: HOLD; trading: HOLD; challenger: SELL. Group: HOLD. Agents disagree. No agent decision changed from the previous round.,Group outcome HOLD; other identity: HOLD. Different agent decisions: challenger.,"Valuation multiples are extreme: P/E is 32.2, PB is 17.59, PS is 18.85, and EV/EBITDA is a staggering 93.22. These figures suggest significant overvaluation or unproven growth potential that current earnings do not support.","The stock trades at an 11.51% premium to the 50-day SMA (828.79 vs 743.22) with an RSI of 69.43, indicating strong but potentially overextended momentum. However, volume is subdued at 0.9075x the 20-day average, failing to confirm the price strength required for a breakout.","The stock exhibits severe fundamental overvaluation with a PE of 32.2 and an extreme EV/EBITDA of 93.22, implying pricing for growth not evident in current fundamentals. Technically, the RSI (69.43) indicates overbought conditions while price sits 11.51% above the SMA without volume confirmation (0.9075x avg), signaling weak conviction.","Decision summary plus first two reasoning sentences per agent; extractive, not a full factual audit.",rounds_2_fake_ticker_generations_1,Qwen/Qwen3.5-9B,17,2,fake_ticker,1,IHHE,IHHE,confidence_falsifiability,"How confident are you in your BUY/SELL/HOLD call on IHHE right now, on a rough scale from low to high, and what specific piece of missing information would most change your mind?",2,debate,True,1,HOLD,majority,"{""HOLD"": 2, ""SELL"": 1}",HOLD,"Valuation multiples are extreme: P/E is 32.2, PB is 17.59, PS is 18.85, and EV/EBITDA is a staggering 93.22. These figures suggest significant overvaluation or unproven growth potential that current earnings do not support. The critical limitation is the missing Sector P/E ratio; without this benchmark, it is impossible to determine if these premiums are justified by industry standards or represent a bubble. While technicals might show momentum, the fundamental disconnect between price and current fundamentals warrants caution. Maintaining a HOLD position avoids exposure to a potential correction until comparable benchmarks are available.",ok,HOLD,"The stock trades at an 11.51% premium to the 50-day SMA (828.79 vs 743.22) with an RSI of 69.43, indicating strong but potentially overextended momentum. However, volume is subdued at 0.9075x the 20-day average, failing to confirm the price strength required for a breakout. This divergence suggests a lack of genuine buying conviction at current highs. While technicals show bullish positioning, the absence of volume expansion increases the risk of a pullback. Without fundamental data like sector P/E or growth rates to justify the valuation, relying solely on technicals warrants caution rather than entry.",ok,SELL,"The stock exhibits severe fundamental overvaluation with a PE of 32.2 and an extreme EV/EBITDA of 93.22, implying pricing for growth not evident in current fundamentals. Technically, the RSI (69.43) indicates overbought conditions while price sits 11.51% above the SMA without volume confirmation (0.9075x avg), signaling weak conviction. Unlike peers suggesting HOLD due to missing sector data, I argue that such extreme multiples alone justify a sell regardless of industry context; no rational market would sustain these ratios without immediate correction. The lack of Sector_PE prevents relative valuation checks, but absolute valuations here are dangerous enough to warrant exiting. Confidence remains MEDIUM due to the missing peer benchmark.",ok
79,fundamental: EXPENSIVE; trading: ATTRACTIVELY_PRICED; challenger: ATTRACTIVELY_PRICED. Group: ATTRACTIVELY_PRICED. Agents disagree. Independent baseline.,Group outcome ATTRACTIVELY_PRICED; other identity: ATTRACTIVELY_PRICED. All role decisions match across identities.,"XDVX appears significantly overvalued based on its current multiples. The P/E ratio of 27.85 and, more critically, the PS ratio of 33.89 indicate a premium valuation relative to revenue.","The stock is trading at $290.21, which is 8.38% below its 50-day moving average of $316.76 (Price_to_SMA50: 0.9162). This technical discount suggests a potential value opportunity relative to recent short-term trends.","XDVX appears attractively priced primarily due to technical oversold conditions. The RSI_14 is at 29.99, indicating the stock is significantly oversold, while the Close_Price of 290.21 trades -8.38% below the SMA_50 of 316.76.","Decision summary plus first two reasoning sentences per agent; extractive, not a full factual audit.",rounds_2_fake_ticker_generations_1,Qwen/Qwen3.5-9B,17,2,fake_ticker,1,XDVX,XDVX,valuation_forcing,"Based on the data available to you, does XDVX look attractively priced, fairly priced, or expensive right now — and specifically why?",0,baseline,False,1,ATTRACTIVELY_PRICED,majority,"{""EXPENSIVE"": 1, ""ATTRACTIVELY_PRICED"": 2}",EXPENSIVE,"XDVX appears significantly overvalued based on its current multiples. The P/E ratio of 27.85 and, more critically, the PS ratio of 33.89 indicate a premium valuation relative to revenue. Furthermore, the EV/EBITDA multiple is exceptionally high at 78.28, suggesting investors are pricing in extreme future growth or profitability that has not yet been realized. Without a sector P/E for comparison, we cannot confirm if this premium is justified by industry standards, but the absolute levels of these metrics generally signal an expensive entry point for fundamental analysts.",ok,ATTRACTIVELY_PRICED,"The stock is trading at $290.21, which is 8.38% below its 50-day moving average of $316.76 (Price_to_SMA50: 0.9162). This technical discount suggests a potential value opportunity relative to recent short-term trends. Momentum supports this view with an RSI_14 of 29.99, indicating the asset is in oversold territory and may be due for a mean reversion. Volume activity is elevated at 1.64x the 20-day average, suggesting increased interest despite the price weakness. While no intrinsic valuation multiples are available to confirm long-term fair value, the confluence of being below the key moving average and exhibiting oversold momentum points to an attractively priced setup on a technical basis.",ok,ATTRACTIVELY_PRICED,"XDVX appears attractively priced primarily due to technical oversold conditions. The RSI_14 is at 29.99, indicating the stock is significantly oversold, while the Close_Price of 290.21 trades -8.38% below the SMA_50 of 316.76. Additionally, volume is elevated at 1.64x the 20-day average, suggesting active buying interest at these levels despite high valuation multiples. While the PS_Ratio (33.89) and EV_EBITDA (78.28) are extremely high relative to typical benchmarks, implying potential overvaluation on a fundamental basis, the lack of Sector_PE data prevents a direct multiple comparison. The significant discount to the 50-day moving average combined with the extreme RSI suggests the market has already priced in negative sentiment, creating a potential entry point if fundamentals stabilize or if the high multiples reflect temporary growth expectations not yet realized.",ok
80,fundamental: EXPENSIVE; trading: ATTRACTIVELY_PRICED; challenger: ATTRACTIVELY_PRICED. Group: ATTRACTIVELY_PRICED. Agents disagree. No agent decision changed from the previous round.,Group outcome ATTRACTIVELY_PRICED; other identity: NO_MAJORITY. Different agent decisions: challenger.,"XDVX appears expensive based on fundamental multiples. The P/E ratio is 27.85, PS ratio is 33.89, and EV/EBITDA is 78.28.","XDVX is trading at $290.21, which is 8.38% below its 50-day moving average of $316.76 (Price_to_SMA50: 0.9162), indicating a technical discount. The RSI_14 of 29.99 signals oversold conditions, suggesting potential mean reversion.","Despite extreme fundamental multiples (PS: 33.89, EV/EBITDA: 78.28), the stock is technically oversold with an RSI of 29.99 and trades 8.38% below its 50-day SMA. The high volume relative to the average suggests active accumulation at these depressed levels.","Decision summary plus first two reasoning sentences per agent; extractive, not a full factual audit.",rounds_2_fake_ticker_generations_1,Qwen/Qwen3.5-9B,17,2,fake_ticker,1,XDVX,XDVX,valuation_forcing,"Based on the data available to you, does XDVX look attractively priced, fairly priced, or expensive right now — and specifically why?",1,debate,False,1,ATTRACTIVELY_PRICED,majority,"{""EXPENSIVE"": 1, ""ATTRACTIVELY_PRICED"": 2}",EXPENSIVE,"XDVX appears expensive based on fundamental multiples. The P/E ratio is 27.85, PS ratio is 33.89, and EV/EBITDA is 78.28. These levels are exceptionally high, particularly the EV/EBITDA, suggesting investors price in significant future growth not yet realized. While Sector_PE data is missing to confirm if this premium is industry-standard, the absolute magnitude of these ratios generally signals an overvalued state for a fundamental analyst. Technical discounts cited by peers do not alter the fundamental valuation conclusion.",ok,ATTRACTIVELY_PRICED,"XDVX is trading at $290.21, which is 8.38% below its 50-day moving average of $316.76 (Price_to_SMA50: 0.9162), indicating a technical discount. The RSI_14 of 29.99 signals oversold conditions, suggesting potential mean reversion. Volume activity is elevated at 1.64x the 20-day average, confirming increased interest despite price weakness. While fundamental agents cite high multiples (PS_Ratio: 33.89, EV/EBITDA: 78.28) to argue the stock is expensive, my role prioritizes short-term technical signals over intrinsic valuation. The confluence of being below the key moving average and exhibiting extreme oversold momentum supports an attractively priced setup on a technical basis.",ok,ATTRACTIVELY_PRICED,"Despite extreme fundamental multiples (PS: 33.89, EV/EBITDA: 78.28), the stock is technically oversold with an RSI of 29.99 and trades 8.38% below its 50-day SMA. The high volume relative to the average suggests active accumulation at these depressed levels. Without sector benchmarks for P/E or PS, we cannot confirm if the high multiples are justified by industry standards. However, the significant discount to recent price action combined with momentum indicators pointing to a potential mean reversion creates an attractive entry point on a technical basis, assuming the growth expectations driving the high valuations remain intact.",ok
81,fundamental: EXPENSIVE; trading: ATTRACTIVELY_PRICED; challenger: FAIRLY_PRICED. Group: NO_MAJORITY. Agents disagree. Agent changes: challenger: ATTRACTIVELY_PRICED → FAIRLY_PRICED.,Group outcome NO_MAJORITY; other identity: NO_MAJORITY. All role decisions match across identities.,"XDVX appears expensive based on fundamental multiples. The P/E ratio is 27.85, PS ratio is 33.89, and EV/EBITDA is 78.28.","XDVX is trading at $290.21, which is 8.38% below its 50-day moving average of $316.76 (Price_to_SMA50: 0.9162), indicating a technical discount. The RSI_14 of 29.99 signals oversold conditions, suggesting potential mean reversion.","The stock presents conflicting signals. Fundamentally, XDVX appears expensive with a PS Ratio of 33.89 and EV/EBITDA of 78.28, suggesting high growth expectations are priced in.","Decision summary plus first two reasoning sentences per agent; extractive, not a full factual audit.",rounds_2_fake_ticker_generations_1,Qwen/Qwen3.5-9B,17,2,fake_ticker,1,XDVX,XDVX,valuation_forcing,"Based on the data available to you, does XDVX look attractively priced, fairly priced, or expensive right now — and specifically why?",2,debate,True,1,NO_MAJORITY,no_majority,"{""EXPENSIVE"": 1, ""ATTRACTIVELY_PRICED"": 1, ""FAIRLY_PRICED"": 1}",EXPENSIVE,"XDVX appears expensive based on fundamental multiples. The P/E ratio is 27.85, PS ratio is 33.89, and EV/EBITDA is 78.28. These levels are exceptionally high, particularly the EV/EBITDA, suggesting investors price in significant future growth not yet realized. While Sector_PE data is missing to confirm if this premium is industry-standard, the absolute magnitude of these ratios generally signals an overvalued state for a fundamental analyst. Technical discounts cited by peers do not alter the fundamental valuation conclusion.",ok,ATTRACTIVELY_PRICED,"XDVX is trading at $290.21, which is 8.38% below its 50-day moving average of $316.76 (Price_to_SMA50: 0.9162), indicating a technical discount. The RSI_14 of 29.99 signals oversold conditions, suggesting potential mean reversion. Volume activity is elevated at 1.64x the 20-day average, confirming increased interest despite price weakness. While fundamental agents cite high multiples to argue the stock is expensive, my role prioritizes short-term technical signals over intrinsic valuation. The confluence of being below the key moving average and exhibiting extreme oversold momentum supports an attractively priced setup on a technical basis.",ok,FAIRLY_PRICED,"The stock presents conflicting signals. Fundamentally, XDVX appears expensive with a PS Ratio of 33.89 and EV/EBITDA of 78.28, suggesting high growth expectations are priced in. However, technically, the RSI_14 is 29.99 (oversold) and price is -8.38% below the SMA_50, indicating a potential short-term mean reversion opportunity. Without Sector_PE data to contextualize the 27.85 P/E ratio, we cannot definitively label it overvalued or undervalued based on peers. The extreme technical weakness suggests a floor near current levels, while fundamental multiples suggest limited upside unless earnings accelerate significantly. Given the lack of sector benchmarks and the divergence between high valuations and low momentum, 'Fairly Priced' best reflects the uncertainty rather than a clear buy or avoid signal.",ok
82,fundamental: NO; trading: NO; challenger: NO. Group: NO. All agents agree. Independent baseline.,Group outcome NO; other identity: NO. All role decisions match across identities.,"XDVX displays extreme valuation metrics with a P/S ratio of 33.89 and an EV/EBITDA of 78.28, suggesting significant overvaluation relative to standard fundamentals. The absence of sector P/E data prevents comparative analysis, while the null PB_Ratio limits assessment of asset backing.","The evidence does not support a 3–5 year core holding thesis. The Close Price of 290.21 is trading 8.38% below the 50-day Moving Average (316.76), indicating significant downside momentum and a breakdown from recent levels.","XDVX is unsuitable for a core 3–5 year holding due to extreme valuation metrics. The PS ratio of 33.89 and EV/EBITDA of 78.28 indicate severe overvaluation, suggesting limited margin of safety despite the low PE of 27.85.","Decision summary plus first two reasoning sentences per agent; extractive, not a full factual audit.",rounds_2_fake_ticker_generations_1,Qwen/Qwen3.5-9B,17,2,fake_ticker,1,XDVX,XDVX,core_holding,"Is XDVX a good core holding for a 3–5 year investment thesis, based on the information available to you?",0,baseline,False,1,NO,majority,"{""NO"": 3}",NO,"XDVX displays extreme valuation metrics with a P/S ratio of 33.89 and an EV/EBITDA of 78.28, suggesting significant overvaluation relative to standard fundamentals. The absence of sector P/E data prevents comparative analysis, while the null PB_Ratio limits assessment of asset backing. These high multiples imply aggressive pricing not yet supported by visible earnings or book value growth. Without confirmed revenue quality or growth rates in the data, sustaining such valuations for a 3–5 year core holding appears highly risky.",ok,NO,"The evidence does not support a 3–5 year core holding thesis. The Close Price of 290.21 is trading 8.38% below the 50-day Moving Average (316.76), indicating significant downside momentum and a breakdown from recent levels. While the RSI_14 of 29.99 suggests the stock is oversold on a short-term basis, this technical signal contradicts the requirement for sustained upward trend strength needed for a multi-year core position. Volume is elevated at 1.64x the 20-day average, but without a concurrent price surge above the SMA, this likely reflects capitulation rather than accumulation. The data lacks any fundamental metrics, growth projections, or sector tailwinds required to validate a long-term intrinsic value case. Therefore, the negative price action relative to key moving averages outweighs the temporary oversold condition.",ok,NO,"XDVX is unsuitable for a core 3–5 year holding due to extreme valuation metrics. The PS ratio of 33.89 and EV/EBITDA of 78.28 indicate severe overvaluation, suggesting limited margin of safety despite the low PE of 27.85. Technically, the stock is oversold (RSI 29.99) and trading 8.38% below its 50-day SMA, signaling potential short-term bounce rather than long-term stability. High volume relative to average (1.64x) confirms active selling pressure or panic. Without sector P/E data for context, these multiples appear inflated. A core position requires durable growth at reasonable prices; current pricing implies high risk of significant drawdown before any recovery.",ok
83,fundamental: NO; trading: NO; challenger: NO. Group: NO. All agents agree. No agent decision changed from the previous round.,Group outcome NO; other identity: NO. All role decisions match across identities.,"XDVX exhibits extreme valuation multiples (PS: 33.89, EV/EBITDA: 78.28) that suggest significant overvaluation for a core holding. While the PE ratio is available at 27.85, the absence of Sector_PE prevents comparative analysis to determine if this premium is justified.","The evidence does not support a 3–5 year core holding thesis. The Close Price of 290.21 is trading 8.38% below the 50-day Moving Average (316.76), indicating significant downside momentum and a breakdown from recent levels.","XDVX is unsuitable for a core 3–5 year holding due to extreme valuation multiples. The PS Ratio of 33.89 and EV/EBITDA of 78.28 indicate severe overvaluation, implying the stock price is detached from current earnings or cash flow generation.","Decision summary plus first two reasoning sentences per agent; extractive, not a full factual audit.",rounds_2_fake_ticker_generations_1,Qwen/Qwen3.5-9B,17,2,fake_ticker,1,XDVX,XDVX,core_holding,"Is XDVX a good core holding for a 3–5 year investment thesis, based on the information available to you?",1,debate,False,1,NO,majority,"{""NO"": 3}",NO,"XDVX exhibits extreme valuation multiples (PS: 33.89, EV/EBITDA: 78.28) that suggest significant overvaluation for a core holding. While the PE ratio is available at 27.85, the absence of Sector_PE prevents comparative analysis to determine if this premium is justified. The null PB_Ratio further limits assessment of asset backing. Sustaining such high valuations for a 3–5 year horizon requires confirmed growth rates and margin expansion not present in the data. Without sector benchmarks or revenue quality metrics, these multiples imply excessive risk relative to potential returns.",ok,NO,"The evidence does not support a 3–5 year core holding thesis. The Close Price of 290.21 is trading 8.38% below the 50-day Moving Average (316.76), indicating significant downside momentum and a breakdown from recent levels. While the RSI_14 of 29.99 suggests the stock is oversold on a short-term basis, this technical signal contradicts the requirement for sustained upward trend strength needed for a multi-year core position. Volume is elevated at 1.64x the 20-day average, but without a concurrent price surge above the SMA, this likely reflects capitulation rather than accumulation. The data lacks any fundamental metrics, growth projections, or sector tailwinds required to validate a long-term intrinsic value case. Therefore, the negative price action relative to key moving averages outweighs the temporary oversold condition.",ok,NO,"XDVX is unsuitable for a core 3–5 year holding due to extreme valuation multiples. The PS Ratio of 33.89 and EV/EBITDA of 78.28 indicate severe overvaluation, implying the stock price is detached from current earnings or cash flow generation. While the PE Ratio (27.85) exists, the absence of Sector_PE prevents normalization checks. Technically, the stock trades 8.38% below its SMA_50 with high relative volume, signaling distribution rather than accumulation. Without evidence of sustainable growth rates to justify these premiums, the risk of significant drawdown outweighs potential upside. The RSI_14 of 29.99 indicates short-term oversold conditions but does not validate a multi-year fundamental thesis.",ok
84,fundamental: NO; trading: NO; challenger: NO. Group: NO. All agents agree. No agent decision changed from the previous round.,Group outcome NO; other identity: NO. All role decisions match across identities.,"XDVX exhibits extreme valuation multiples (PS: 33.89, EV/EBITDA: 78.28) suggesting significant overvaluation for a core holding. The PE ratio is available at 27.85, but the absence of Sector_PE prevents comparative analysis to determine if this premium is justified.","The evidence does not support a 3–5 year core holding thesis. The Close Price of 290.21 is trading 8.38% below the 50-day Moving Average (316.76), indicating negative momentum and a breakdown from recent levels.","XDVX is unsuitable as a core 3–5 year holding due to extreme valuation multiples. The PS Ratio of 33.89 and EV/EBITDA of 78.28 suggest the stock is severely overvalued relative to current sales and earnings, requiring sustained hyper-growth to justify premiums that are unsupported by the provided data.","Decision summary plus first two reasoning sentences per agent; extractive, not a full factual audit.",rounds_2_fake_ticker_generations_1,Qwen/Qwen3.5-9B,17,2,fake_ticker,1,XDVX,XDVX,core_holding,"Is XDVX a good core holding for a 3–5 year investment thesis, based on the information available to you?",2,debate,True,1,NO,majority,"{""NO"": 3}",NO,"XDVX exhibits extreme valuation multiples (PS: 33.89, EV/EBITDA: 78.28) suggesting significant overvaluation for a core holding. The PE ratio is available at 27.85, but the absence of Sector_PE prevents comparative analysis to determine if this premium is justified. Additionally, PB_Ratio is null, limiting assessment of asset backing. Sustaining such high valuations for a 3–5 year horizon requires confirmed growth rates and margin expansion not present in the data. Without sector benchmarks or revenue quality metrics, these multiples imply excessive risk relative to potential returns.",ok,NO,"The evidence does not support a 3–5 year core holding thesis. The Close Price of 290.21 is trading 8.38% below the 50-day Moving Average (316.76), indicating negative momentum and a breakdown from recent levels. While the RSI_14 of 29.99 suggests short-term oversold conditions, this contradicts the sustained upward trend required for a multi-year position. Volume is elevated at 1.64x the 20-day average, but without a price surge above the SMA, this likely reflects capitulation rather than accumulation. Crucially, the provided data contains no fundamental metrics (e.g., growth rates, margins) or sector benchmarks necessary to validate an intrinsic value case over a 3–5 year horizon. Without evidence of sustainable drivers to justify current valuations, the technical weakness outweighs any temporary dip.",ok,NO,"XDVX is unsuitable as a core 3–5 year holding due to extreme valuation multiples. The PS Ratio of 33.89 and EV/EBITDA of 78.28 suggest the stock is severely overvalued relative to current sales and earnings, requiring sustained hyper-growth to justify premiums that are unsupported by the provided data. While the PE Ratio exists at 27.85, the missing Sector_PE prevents normalization checks. Technically, the stock trades 8.38% below its SMA_50 with elevated volume (1.64x), indicating distribution rather than accumulation. The RSI_14 of 29.99 signals short-term oversold conditions but does not validate a multi-year fundamental thesis. Without evidence of growth rates or margin expansion to bridge the gap between current prices and intrinsic value, the risk of significant drawdown outweighs potential upside.",ok
85,fundamental: HOLD; trading: BUY; challenger: HOLD. Group: HOLD. Agents disagree. Independent baseline.,Group outcome HOLD; other identity: HOLD. All role decisions match across identities.,"The stock exhibits extreme valuation multiples with a P/E of 27.85 and an EV/EBITDA of 78.28, suggesting significant overvaluation or potential earnings quality issues. However, the lack of a Sector_PE prevents relative valuation assessment, making it impossible to determine if these premiums are justified by superior growth.","The stock is trading at -8.38% below its 50-day moving average, indicating a significant discount relative to recent trend. The RSI of 29.99 signals extreme oversold conditions, often preceding a mean reversion bounce.","The stock is technically oversold (RSI ~30) and trading below its 50-day SMA (-8.38%), suggesting a potential short-term rebound. However, fundamental valuation is extremely aggressive with a PS ratio of 33.89 and an EV/EBITDA of 78.28, indicating high risk if growth slows.","Decision summary plus first two reasoning sentences per agent; extractive, not a full factual audit.",rounds_2_fake_ticker_generations_1,Qwen/Qwen3.5-9B,17,2,fake_ticker,1,XDVX,XDVX,confidence_falsifiability,"How confident are you in your BUY/SELL/HOLD call on XDVX right now, on a rough scale from low to high, and what specific piece of missing information would most change your mind?",0,baseline,False,1,HOLD,majority,"{""HOLD"": 2, ""BUY"": 1}",HOLD,"The stock exhibits extreme valuation multiples with a P/E of 27.85 and an EV/EBITDA of 78.28, suggesting significant overvaluation or potential earnings quality issues. However, the lack of a Sector_PE prevents relative valuation assessment, making it impossible to determine if these premiums are justified by superior growth. Additionally, PS_Ratio is high at 33.89 but lacks revenue context. Without sector benchmarks or forward growth rates, maintaining a neutral stance is prudent despite the high absolute multiples.",ok,BUY,"The stock is trading at -8.38% below its 50-day moving average, indicating a significant discount relative to recent trend. The RSI of 29.99 signals extreme oversold conditions, often preceding a mean reversion bounce. Volume is 1.64x the 20-day average, suggesting active buying interest despite the price decline. While short-term technicals strongly favor a rebound, the lack of fundamental data prevents a long-term thesis. The confluence of deep oversold status and elevated volume supports a tactical BUY.",ok,HOLD,"The stock is technically oversold (RSI ~30) and trading below its 50-day SMA (-8.38%), suggesting a potential short-term rebound. However, fundamental valuation is extremely aggressive with a PS ratio of 33.89 and an EV/EBITDA of 78.28, indicating high risk if growth slows. Without a PB ratio or sector PE for comparison, it is impossible to determine if these multiples are justified by earnings quality. The lack of price trend direction relative to the mean reversion signal creates uncertainty. I recommend HOLD until clarity on whether the high multiples reflect sustainable super-growth or overvaluation.",ok
86,fundamental: HOLD; trading: BUY; challenger: HOLD. Group: HOLD. Agents disagree. No agent decision changed from the previous round.,Group outcome HOLD; other identity: HOLD. All role decisions match across identities.,"The stock displays extreme valuation metrics with a P/E of 27.85 and an EV/EBITDA of 78.28, alongside a high PS ratio of 33.89. These figures suggest significant overvaluation or potential earnings quality issues.","Technicals strongly support a short-term buy. Price is -8.38% below the 50-day SMA, and RSI_14 is 29.99 (extreme oversold).","The technical setup is compelling: RSI is near oversold territory (29.99) and price is down 8.38% from the SMA50, supported by elevated volume (1.64x). However, fundamental valuations are dangerously stretched with a PS ratio of 33.89 and EV/EBITDA of 78.28.","Decision summary plus first two reasoning sentences per agent; extractive, not a full factual audit.",rounds_2_fake_ticker_generations_1,Qwen/Qwen3.5-9B,17,2,fake_ticker,1,XDVX,XDVX,confidence_falsifiability,"How confident are you in your BUY/SELL/HOLD call on XDVX right now, on a rough scale from low to high, and what specific piece of missing information would most change your mind?",1,debate,False,1,HOLD,majority,"{""HOLD"": 2, ""BUY"": 1}",HOLD,"The stock displays extreme valuation metrics with a P/E of 27.85 and an EV/EBITDA of 78.28, alongside a high PS ratio of 33.89. These figures suggest significant overvaluation or potential earnings quality issues. However, the absence of a Sector_PE prevents determining if these premiums are justified by superior growth relative to peers. Without sector benchmarks or forward growth rates, maintaining a neutral stance is prudent despite the high absolute multiples.",ok,BUY,"Technicals strongly support a short-term buy. Price is -8.38% below the 50-day SMA, and RSI_14 is 29.99 (extreme oversold). Volume_to_AvgVol20 is 1.6417, confirming active participation in the bounce. The fundamental agents cite high P/E and EV/EBITDA, but these are not available in my Data fields; I cannot use them as evidence. My mandate relies strictly on price, trend, momentum, and volume. The confluence of deep oversold status, negative mean deviation, and elevated volume suggests a tactical rebound.",ok,HOLD,"The technical setup is compelling: RSI is near oversold territory (29.99) and price is down 8.38% from the SMA50, supported by elevated volume (1.64x). However, fundamental valuations are dangerously stretched with a PS ratio of 33.89 and EV/EBITDA of 78.28. Without a Sector PE or PB ratio, I cannot determine if these multiples reflect justified hyper-growth or unsustainable overvaluation. The risk of a 'value trap' where fundamentals deteriorate while technicals suggest a bounce creates too much uncertainty for a directional trade. A HOLD mitigates downside until relative valuation data clarifies the premium.",ok
87,fundamental: HOLD; trading: BUY; challenger: HOLD. Group: HOLD. Agents disagree. No agent decision changed from the previous round.,Group outcome HOLD; other identity: HOLD. All role decisions match across identities.,"The stock exhibits extreme valuation metrics, with a P/E of 27.85 and an EV/EBITDA of 78.28, alongside a PS ratio of 33.89. These figures suggest significant overvaluation or potential earnings quality issues.","Technical indicators dominate the available data. Price is -8.38% below the 50-day SMA (0.9162 ratio), signaling a mean-reversion opportunity from overbought conditions.","I maintain HOLD. The trading analyst's claim that fundamentals are 'not available in my Data fields' is incorrect; the dataset explicitly provides PE_Ratio (27.85), PS_Ratio (33.89), and EV_EBITDA (78.28).","Decision summary plus first two reasoning sentences per agent; extractive, not a full factual audit.",rounds_2_fake_ticker_generations_1,Qwen/Qwen3.5-9B,17,2,fake_ticker,1,XDVX,XDVX,confidence_falsifiability,"How confident are you in your BUY/SELL/HOLD call on XDVX right now, on a rough scale from low to high, and what specific piece of missing information would most change your mind?",2,debate,True,1,HOLD,majority,"{""HOLD"": 2, ""BUY"": 1}",HOLD,"The stock exhibits extreme valuation metrics, with a P/E of 27.85 and an EV/EBITDA of 78.28, alongside a PS ratio of 33.89. These figures suggest significant overvaluation or potential earnings quality issues. However, the absence of a Sector_PE prevents determining if these premiums are justified by superior growth relative to peers. Without sector benchmarks or forward growth rates, maintaining a neutral stance is prudent despite the high absolute multiples.",ok,BUY,"Technical indicators dominate the available data. Price is -8.38% below the 50-day SMA (0.9162 ratio), signaling a mean-reversion opportunity from overbought conditions. RSI_14 at 29.99 indicates extreme oversold status, suggesting downward momentum has exhausted. Crucially, Volume_to_AvgVol20 is 1.6417, confirming active buying interest during this dip. While fundamental valuations like P/E or Sector PE are missing and cannot be used as evidence per instructions, the price action, trend deviation, and volume confluence provide a robust short-term signal. The stock is technically positioned for a bounce.",ok,HOLD,"I maintain HOLD. The trading analyst's claim that fundamentals are 'not available in my Data fields' is incorrect; the dataset explicitly provides PE_Ratio (27.85), PS_Ratio (33.89), and EV_EBITDA (78.28). Ignoring these extreme multiples to advocate a BUY based solely on RSI oversold conditions ignores the risk of a value trap. While technicals (RSI ~30, volume spike) suggest short-term support, the lack of Sector_PE prevents validating if the 78x EBITDA multiple is justified by growth or indicative of overvaluation. Without sector context, betting on a rebound from such stretched levels is premature.",ok
88,fundamental: EXPENSIVE; trading: EXPENSIVE; challenger: EXPENSIVE. Group: EXPENSIVE. All agents agree. Independent baseline.,"Group outcome EXPENSIVE; other identity: NO_MAJORITY. Different agent decisions: fundamental, challenger.","RCSN appears significantly overvalued based on current multiples. The P/E ratio of 22.56 is elevated without a sector benchmark for comparison, as Sector_PE is null.","The stock is trading 16.7% above its 50-day moving average, indicating a significant premium over recent momentum levels. The RSI of 76.28 signals the asset is in overbought territory, suggesting elevated short-term valuation risk.","RCSN appears significantly overvalued based on its extreme multiples. The P/E ratio of 22.56, PB ratio of 26.91, and PS ratio of 64.46 are notably high, suggesting the market is pricing in aggressive future growth that is not currently reflected in fundamentals.","Decision summary plus first two reasoning sentences per agent; extractive, not a full factual audit.",rounds_2_fake_ticker_generations_1,Qwen/Qwen3.5-9B,17,2,fake_ticker,1,RCSN,RCSN,valuation_forcing,"Based on the data available to you, does RCSN look attractively priced, fairly priced, or expensive right now — and specifically why?",0,baseline,False,1,EXPENSIVE,majority,"{""EXPENSIVE"": 3}",EXPENSIVE,"RCSN appears significantly overvalued based on current multiples. The P/E ratio of 22.56 is elevated without a sector benchmark for comparison, as Sector_PE is null. More critically, the PB ratio of 26.91 and PS ratio of 64.46 suggest extreme pricing relative to book value and sales, while EV/EBITDA stands at 74.08, indicating very high leverage costs or low earnings coverage. These metrics collectively point to an expensive valuation profile absent any growth data to justify such premiums.",ok,EXPENSIVE,"The stock is trading 16.7% above its 50-day moving average, indicating a significant premium over recent momentum levels. The RSI of 76.28 signals the asset is in overbought territory, suggesting elevated short-term valuation risk. While volume is 24% higher than the 20-day average (ratio 1.24), this confirms strong buying pressure rather than value discovery. Without fundamental metrics like P/E ratios or intrinsic growth data, the technical evidence points to an expensive price relative to immediate trend support.",ok,EXPENSIVE,"RCSN appears significantly overvalued based on its extreme multiples. The P/E ratio of 22.56, PB ratio of 26.91, and PS ratio of 64.46 are notably high, suggesting the market is pricing in aggressive future growth that is not currently reflected in fundamentals. Furthermore, technical indicators confirm this bullish sentiment has pushed the stock to an unsustainable level; the RSI is at 76.28 (overbought), and the price trades 16.7% above the 50-day SMA with elevated volume. Without a sector P/E for comparison, it is difficult to normalize these multiples, but the combination of stretched valuation metrics and overheated momentum strongly indicates the stock is expensive rather than fairly priced or attractively valued.",ok
89,fundamental: EXPENSIVE; trading: EXPENSIVE; challenger: EXPENSIVE. Group: EXPENSIVE. All agents agree. No agent decision changed from the previous round.,Group outcome EXPENSIVE; other identity: EXPENSIVE. Different agent decisions: fundamental.,"RCSN displays extremely high valuation multiples: P/E of 22.56, PB of 26.91, PS of 64.46, and EV/EBITDA of 74.08. While the sector P/E is unavailable for direct comparison, these metrics individually suggest aggressive pricing relative to assets and sales.","RCSN is trading at a significant premium, priced 16.7% above its 50-day moving average (Price_to_SMA50: 1.167). The RSI of 76.28 indicates overbought conditions, suggesting elevated short-term risk.","RCSN is priced expensively based on extreme valuation multiples and overheated momentum. The PS ratio of 64.46 and PB ratio of 26.91 are exceptionally high, while the EV/EBITDA of 74.08 suggests aggressive pricing relative to cash flows.","Decision summary plus first two reasoning sentences per agent; extractive, not a full factual audit.",rounds_2_fake_ticker_generations_1,Qwen/Qwen3.5-9B,17,2,fake_ticker,1,RCSN,RCSN,valuation_forcing,"Based on the data available to you, does RCSN look attractively priced, fairly priced, or expensive right now — and specifically why?",1,debate,False,1,EXPENSIVE,majority,"{""EXPENSIVE"": 3}",EXPENSIVE,"RCSN displays extremely high valuation multiples: P/E of 22.56, PB of 26.91, PS of 64.46, and EV/EBITDA of 74.08. While the sector P/E is unavailable for direct comparison, these metrics individually suggest aggressive pricing relative to assets and sales. The absence of growth data or a sector benchmark limits certainty, but the sheer magnitude of the PS and EV/EBITDA ratios indicates significant overvaluation without clear justification in the provided fundamental fields.",ok,EXPENSIVE,"RCSN is trading at a significant premium, priced 16.7% above its 50-day moving average (Price_to_SMA50: 1.167). The RSI of 76.28 indicates overbought conditions, suggesting elevated short-term risk. While volume is 24% higher than the 20-day average (Volume_to_AvgVol20: 1.24), this confirms strong buying pressure rather than value discovery. Without fundamental metrics like P/E ratios or intrinsic growth data available in the provided technical snapshot, the evidence points to an expensive price relative to immediate trend support.",ok,EXPENSIVE,"RCSN is priced expensively based on extreme valuation multiples and overheated momentum. The PS ratio of 64.46 and PB ratio of 26.91 are exceptionally high, while the EV/EBITDA of 74.08 suggests aggressive pricing relative to cash flows. Although PE (22.56) lacks a sector benchmark for context, it remains elevated alongside these other metrics. Technically, the stock is overbought with an RSI of 76.28 and trades 16.7% above its 50-day SMA on above-average volume, confirming the price has detached from recent mean reversion levels. Without sector data or growth forecasts to justify such premiums, the current price appears unjustified.",ok
90,fundamental: EXPENSIVE; trading: EXPENSIVE; challenger: EXPENSIVE. Group: EXPENSIVE. All agents agree. No agent decision changed from the previous round.,Group outcome EXPENSIVE; other identity: EXPENSIVE. All role decisions match across identities.,"RCSN exhibits exceptionally high valuation multiples across the board. The PS Ratio of 64.46 and PB Ratio of 26.91 indicate aggressive pricing relative to sales and book value, while the EV/EBITDA of 74.08 suggests a massive premium over cash flows.","RCSN is trading at a premium, priced 16.7% above its 50-day moving average (Price_to_SMA50: 1.167), indicating significant upward momentum but also elevated short-term risk. The RSI of 76.28 confirms overbought conditions, while volume is 24% higher than the 20-day average (Volume_to_AvgVol20: 1.24), suggesting strong buying pressure rather than value discovery.","RCSN is priced expensively based on extreme valuation multiples and overheated momentum. The PS ratio of 64.46 and PB ratio of 26.91 are exceptionally high, while the EV/EBITDA of 74.08 suggests aggressive pricing relative to cash flows.","Decision summary plus first two reasoning sentences per agent; extractive, not a full factual audit.",rounds_2_fake_ticker_generations_1,Qwen/Qwen3.5-9B,17,2,fake_ticker,1,RCSN,RCSN,valuation_forcing,"Based on the data available to you, does RCSN look attractively priced, fairly priced, or expensive right now — and specifically why?",2,debate,True,1,EXPENSIVE,majority,"{""EXPENSIVE"": 3}",EXPENSIVE,"RCSN exhibits exceptionally high valuation multiples across the board. The PS Ratio of 64.46 and PB Ratio of 26.91 indicate aggressive pricing relative to sales and book value, while the EV/EBITDA of 74.08 suggests a massive premium over cash flows. Although the PE Ratio (22.56) is unavailable for direct sector comparison due to missing Sector_PE data, its magnitude combined with the other extreme ratios points to significant overvaluation without evident fundamental justification in the provided snapshot.",ok,EXPENSIVE,"RCSN is trading at a premium, priced 16.7% above its 50-day moving average (Price_to_SMA50: 1.167), indicating significant upward momentum but also elevated short-term risk. The RSI of 76.28 confirms overbought conditions, while volume is 24% higher than the 20-day average (Volume_to_AvgVol20: 1.24), suggesting strong buying pressure rather than value discovery. Without fundamental metrics like P/E ratios or sector benchmarks in the provided technical snapshot to justify this premium, the price appears unjustified relative to immediate trend support.",ok,EXPENSIVE,"RCSN is priced expensively based on extreme valuation multiples and overheated momentum. The PS ratio of 64.46 and PB ratio of 26.91 are exceptionally high, while the EV/EBITDA of 74.08 suggests aggressive pricing relative to cash flows. Although PE (22.56) lacks a sector benchmark for context, it remains elevated alongside these other metrics. Technically, the stock is overbought with an RSI of 76.28 and trades 16.7% above its 50-day SMA on above-average volume, confirming the price has detached from recent mean reversion levels. Without sector data or growth forecasts to justify such premiums, the current price appears unjustified.",ok
91,fundamental: NO; trading: NO; challenger: NO. Group: NO. All agents agree. Independent baseline.,"Group outcome NO; other identity: YES. Different agent decisions: fundamental, challenger.","RCSN exhibits extreme valuation multiples, with a P/E of 22.56 and an anomalously high P/S ratio of 64.46 relative to its Price-to-Book (PB) of 26.91. The EV/EBITDA of 74.08 suggests significant overvaluation or negligible earnings/cash flow coverage.","Based on the provided technical data, RCSN does not appear suitable for a core holding. The stock is significantly overbought with an RSI of 76.28, indicating high short-term volatility risk.","RCSN is not a suitable core holding based on current valuation and momentum metrics. The stock trades at extreme multiples (PE: 22.56, PB: 26.91, PS: 64.46, EV/EBITDA: 74.08), suggesting significant overvaluation relative to fundamentals.","Decision summary plus first two reasoning sentences per agent; extractive, not a full factual audit.",rounds_2_fake_ticker_generations_1,Qwen/Qwen3.5-9B,17,2,fake_ticker,1,RCSN,RCSN,core_holding,"Is RCSN a good core holding for a 3–5 year investment thesis, based on the information available to you?",0,baseline,False,1,NO,majority,"{""NO"": 3}",NO,"RCSN exhibits extreme valuation multiples, with a P/E of 22.56 and an anomalously high P/S ratio of 64.46 relative to its Price-to-Book (PB) of 26.91. The EV/EBITDA of 74.08 suggests significant overvaluation or negligible earnings/cash flow coverage. Without sector P/E data for comparison, these figures appear detached from reasonable market norms for a core holding. A 3–5 year thesis requires sustainable growth justifying such premiums, which is not evident in the current snapshot.",ok,NO,"Based on the provided technical data, RCSN does not appear suitable for a core holding. The stock is significantly overbought with an RSI of 76.28, indicating high short-term volatility risk. Furthermore, the price is trading 16.7% above its 50-day moving average (Price_to_SMA50: 1.167), suggesting a lack of support at recent levels. While volume is elevated relative to the 20-day average (1.24x), this confirms strong momentum rather than value. Technical indicators show no signs of undervaluation or mean reversion favorable for a multi-year thesis; instead, they signal potential exhaustion. Without fundamental valuation multiples or long-term growth projections in the data, relying solely on these metrics points to a 'NO' verdict for a stable core position.",ok,NO,"RCSN is not a suitable core holding based on current valuation and momentum metrics. The stock trades at extreme multiples (PE: 22.56, PB: 26.91, PS: 64.46, EV/EBITDA: 74.08), suggesting significant overvaluation relative to fundamentals. Technically, the RSI_14 of 76.28 indicates the asset is in overbought territory, while the price sits 16.7% above its 50-day SMA with elevated volume, signaling potential short-term exhaustion rather than sustainable growth for a 3–5 year horizon. Without sector PE data for comparison, these absolute figures appear inflated. A core holding requires reasonable entry valuations and stable growth profiles, which are currently absent.",ok
92,fundamental: NO; trading: NO; challenger: NO. Group: NO. All agents agree. No agent decision changed from the previous round.,"Group outcome NO; other identity: YES. Different agent decisions: fundamental, challenger.","RCSN displays extreme valuation multiples, particularly an EV/EBITDA of 74.08 and a Price-to-Book ratio of 26.91. While the P/E of 22.56 is not inherently prohibitive without a sector benchmark, it appears inconsistent with such high book value and enterprise metrics, suggesting potential overvaluation or earnings quality issues.","The provided data contains only technical indicators, lacking fundamental valuation multiples or long-term growth projections necessary for a 3–5 year core thesis. Technically, the stock is overbought with an RSI of 76.28 and trades 16.7% above its 50-day SMA (Price_to_SMA50: 1.167), suggesting elevated short-term risk.","RCSN is unsuitable as a core holding due to extreme valuation metrics and overextended technicals. The P/S ratio of 64.46 and EV/EBITDA of 74.08 imply massive growth expectations that are rarely sustainable for a 3–5 year core position without specific sector context, which is missing (Sector_PE is null).","Decision summary plus first two reasoning sentences per agent; extractive, not a full factual audit.",rounds_2_fake_ticker_generations_1,Qwen/Qwen3.5-9B,17,2,fake_ticker,1,RCSN,RCSN,core_holding,"Is RCSN a good core holding for a 3–5 year investment thesis, based on the information available to you?",1,debate,False,1,NO,majority,"{""NO"": 3}",NO,"RCSN displays extreme valuation multiples, particularly an EV/EBITDA of 74.08 and a Price-to-Book ratio of 26.91. While the P/E of 22.56 is not inherently prohibitive without a sector benchmark, it appears inconsistent with such high book value and enterprise metrics, suggesting potential overvaluation or earnings quality issues. The PS ratio of 64.46 further indicates significant premium pricing relative to revenue. For a 3–5 year core holding, these figures imply a lack of margin of safety and unsustainable growth expectations unless justified by unseen sector norms. Without sector P/E data for comparison, we cannot confirm if these premiums are industry-wide or idiosyncratic overvaluation. The absence of forward growth rates or cash flow stability metrics prevents a definitive 'yes' verdict.",ok,NO,"The provided data contains only technical indicators, lacking fundamental valuation multiples or long-term growth projections necessary for a 3–5 year core thesis. Technically, the stock is overbought with an RSI of 76.28 and trades 16.7% above its 50-day SMA (Price_to_SMA50: 1.167), suggesting elevated short-term risk. While volume is 1.24x the average, this confirms momentum rather than undervaluation. Without intrinsic valuation data to confirm sustainable growth justifying current premiums, the evidence does not support a stable core position.",ok,NO,"RCSN is unsuitable as a core holding due to extreme valuation metrics and overextended technicals. The P/S ratio of 64.46 and EV/EBITDA of 74.08 imply massive growth expectations that are rarely sustainable for a 3–5 year core position without specific sector context, which is missing (Sector_PE is null). Additionally, the RSI_14 of 76.28 indicates overbought conditions, and the price trading 16.7% above the SMA_50 suggests momentum exhaustion rather than stable accumulation. While peers correctly identify these red flags, none challenge the assumption that high volume (1.24x avg) confirms healthy growth; it could signal speculative mania. Without evidence of earnings quality or sector tailwinds to justify such premiums, the risk-reward profile is too skewed for a core allocation.",ok
93,fundamental: NO; trading: NO; challenger: NO. Group: NO. All agents agree. No agent decision changed from the previous round.,"Group outcome NO; other identity: YES. Different agent decisions: fundamental, challenger.","RCSN exhibits extreme valuation multiples: EV/EBITDA at 74.08, PB at 26.91, and PS at 64.46. These figures imply unsustainable growth expectations for a core holding without margin of safety.","The provided data contains only technical indicators, lacking fundamental valuation multiples or long-term growth projections necessary for a 3–5 year core thesis. Technically, the stock is overbought with an RSI of 76.28 and trades 16.7% above its 50-day SMA (Price_to_SMA50: 1.167), suggesting elevated short-term risk.","RCSN is unsuitable as a core holding due to extreme valuation multiples (PS: 64.46, EV/EBITDA: 74.08) implying unsustainable growth expectations for a 3–5 year horizon. Technicals confirm overextension with an RSI of 76.28 and price 16.7% above the 50-day SMA.","Decision summary plus first two reasoning sentences per agent; extractive, not a full factual audit.",rounds_2_fake_ticker_generations_1,Qwen/Qwen3.5-9B,17,2,fake_ticker,1,RCSN,RCSN,core_holding,"Is RCSN a good core holding for a 3–5 year investment thesis, based on the information available to you?",2,debate,True,1,NO,majority,"{""NO"": 3}",NO,"RCSN exhibits extreme valuation multiples: EV/EBITDA at 74.08, PB at 26.91, and PS at 64.46. These figures imply unsustainable growth expectations for a core holding without margin of safety. While P/E (22.56) seems moderate, it is inconsistent with the high book and enterprise metrics unless sector norms are exceptionally elevated. Sector PE is missing, preventing validation if these premiums are industry-wide. Without evidence of earnings quality or forward growth to justify such valuations, the risk-reward profile is too skewed for a 3–5 year thesis.",ok,NO,"The provided data contains only technical indicators, lacking fundamental valuation multiples or long-term growth projections necessary for a 3–5 year core thesis. Technically, the stock is overbought with an RSI of 76.28 and trades 16.7% above its 50-day SMA (Price_to_SMA50: 1.167), suggesting elevated short-term risk. While volume is 1.24x the average, this confirms momentum rather than undervaluation. Without intrinsic valuation data to confirm sustainable growth justifying current premiums, the evidence does not support a stable core position.",ok,NO,"RCSN is unsuitable as a core holding due to extreme valuation multiples (PS: 64.46, EV/EBITDA: 74.08) implying unsustainable growth expectations for a 3–5 year horizon. Technicals confirm overextension with an RSI of 76.28 and price 16.7% above the 50-day SMA. While peers correctly flag these risks, none challenge the assumption that high volume (1.24x avg) indicates healthy organic growth rather than speculative mania. Without sector P/E data or earnings quality metrics, the risk-reward profile remains skewed against a stable core allocation.",ok
94,fundamental: HOLD; trading: SELL; challenger: SELL. Group: SELL. Agents disagree. Independent baseline.,Group outcome SELL; other identity: HOLD. Different agent decisions: challenger.,"The stock exhibits extreme valuation multiples, with a P/E of 22.56 and an EV/EBITDA of 74.08, suggesting significant overvaluation relative to typical earnings power. The Price-to-Book ratio of 26.91 further indicates the market prices in substantial future growth not currently reflected in assets.","The stock is significantly overbought with an RSI of 76.28, indicating high probability of a near-term correction. Price stands 16.7% above the 50-day SMA (185.62), suggesting strong resistance ahead.","The valuation metrics are severely stretched, with a P/S ratio of 64.46 and EV/EBITDA of 74.08, indicating extreme overvaluation relative to fundamentals. Technically, the stock is in deep overbought territory with an RSI of 76.28 and trading 16.7% above its 50-day SMA.","Decision summary plus first two reasoning sentences per agent; extractive, not a full factual audit.",rounds_2_fake_ticker_generations_1,Qwen/Qwen3.5-9B,17,2,fake_ticker,1,RCSN,RCSN,confidence_falsifiability,"How confident are you in your BUY/SELL/HOLD call on RCSN right now, on a rough scale from low to high, and what specific piece of missing information would most change your mind?",0,baseline,False,1,SELL,majority,"{""HOLD"": 1, ""SELL"": 2}",HOLD,"The stock exhibits extreme valuation multiples, with a P/E of 22.56 and an EV/EBITDA of 74.08, suggesting significant overvaluation relative to typical earnings power. The Price-to-Book ratio of 26.91 further indicates the market prices in substantial future growth not currently reflected in assets. A critical limitation is the absence of sector P/E data, preventing a direct relative valuation comparison. Without knowing if this premium is justified by superior industry growth or if it represents a bubble, maintaining the position is prudent. High valuations combined with missing comparative benchmarks create too much uncertainty for a directional call.",ok,SELL,"The stock is significantly overbought with an RSI of 76.28, indicating high probability of a near-term correction. Price stands 16.7% above the 50-day SMA (185.62), suggesting strong resistance ahead. While volume is elevated at 1.24x the 20-day average, this confirms momentum rather than reversal intent yet. Given the extreme extension from the moving average and overbought oscillator, immediate selling pressure is likely as short-term traders take profits.",ok,SELL,"The valuation metrics are severely stretched, with a P/S ratio of 64.46 and EV/EBITDA of 74.08, indicating extreme overvaluation relative to fundamentals. Technically, the stock is in deep overbought territory with an RSI of 76.28 and trading 16.7% above its 50-day SMA. While volume is elevated at 1.24x average, this likely signals distribution rather than accumulation given the lack of sector PE context for comparison. The disconnect between high price action and available fundamental ratios suggests a potential correction.",ok
95,fundamental: HOLD; trading: SELL; challenger: SELL. Group: SELL. Agents disagree. No agent decision changed from the previous round.,Group outcome SELL; other identity: HOLD. Different agent decisions: challenger.,"Valuation multiples are severely stretched, with a P/S ratio of 64.46 and EV/EBITDA of 74.08, suggesting the price is detached from current earnings power. The PB ratio of 26.91 further indicates high expectations not yet realized in assets.","The technical evidence strongly supports a SELL signal. The RSI of 76.28 indicates the asset is significantly overbought, suggesting high probability of near-term correction.","I maintain the SELL verdict. The fundamental data shows extreme overvaluation (P/S: 64.46, EV/EBITDA: 74.08) without sector context to justify such premiums.","Decision summary plus first two reasoning sentences per agent; extractive, not a full factual audit.",rounds_2_fake_ticker_generations_1,Qwen/Qwen3.5-9B,17,2,fake_ticker,1,RCSN,RCSN,confidence_falsifiability,"How confident are you in your BUY/SELL/HOLD call on RCSN right now, on a rough scale from low to high, and what specific piece of missing information would most change your mind?",1,debate,False,1,SELL,majority,"{""HOLD"": 1, ""SELL"": 2}",HOLD,"Valuation multiples are severely stretched, with a P/S ratio of 64.46 and EV/EBITDA of 74.08, suggesting the price is detached from current earnings power. The PB ratio of 26.91 further indicates high expectations not yet realized in assets. A critical limitation is the absence of Sector PE data; without this benchmark, it is impossible to determine if the premium reflects industry leadership or an overvaluation bubble. While technical indicators suggest overbought conditions, fundamental analysis relies on relative valuation which is currently incomplete. Maintaining the position avoids betting on growth assumptions that lack comparative context.",ok,SELL,"The technical evidence strongly supports a SELL signal. The RSI of 76.28 indicates the asset is significantly overbought, suggesting high probability of near-term correction. Price sits 16.7% above the 50-day SMA (185.62), representing a substantial extension that often precedes pullbacks. Although volume is elevated at 1.24x the 20-day average, confirming strong momentum rather than immediate reversal, the confluence of extreme oscillator readings and distance from the moving average outweighs this bullish volume confirmation in the short term. Fundamental valuation multiples are not available in the provided data, so the decision relies strictly on these technical indicators.",ok,SELL,"I maintain the SELL verdict. The fundamental data shows extreme overvaluation (P/S: 64.46, EV/EBITDA: 74.08) without sector context to justify such premiums. Technically, the RSI of 76.28 indicates deep overbought conditions, and the price is 16.7% above the 50-day SMA, suggesting a high probability of near-term mean reversion. While peers correctly identify missing sector P/E as a critical gap, this does not negate the immediate technical exhaustion signals present in the snapshot. The disconnect between massive valuation multiples and lack of comparative benchmarks reinforces a defensive stance rather than accumulation.",ok
96,fundamental: HOLD; trading: SELL; challenger: SELL. Group: SELL. Agents disagree. No agent decision changed from the previous round.,Group outcome SELL; other identity: HOLD. Different agent decisions: challenger.,"The stock exhibits severely stretched valuation multiples (PS: 64.46, EV/EBITDA: 74.08) without a sector P/E benchmark to contextualize the premium. While the PE ratio is 22.56, the lack of industry context makes it impossible to distinguish between justified growth expectations and an overvaluation bubble.","Technical evidence strongly supports a SELL. The RSI of 76.28 indicates significant overbought conditions, while the price sits 16.7% above the 50-day SMA (185.62), suggesting an extended move prone to correction.","I maintain the SELL verdict. The fundamental data reveals extreme overvaluation with a PS ratio of 64.46 and EV/EBITDA of 74.08, detached from any provided sector benchmark (Sector_PE is null).","Decision summary plus first two reasoning sentences per agent; extractive, not a full factual audit.",rounds_2_fake_ticker_generations_1,Qwen/Qwen3.5-9B,17,2,fake_ticker,1,RCSN,RCSN,confidence_falsifiability,"How confident are you in your BUY/SELL/HOLD call on RCSN right now, on a rough scale from low to high, and what specific piece of missing information would most change your mind?",2,debate,True,1,SELL,majority,"{""HOLD"": 1, ""SELL"": 2}",HOLD,"The stock exhibits severely stretched valuation multiples (PS: 64.46, EV/EBITDA: 74.08) without a sector P/E benchmark to contextualize the premium. While the PE ratio is 22.56, the lack of industry context makes it impossible to distinguish between justified growth expectations and an overvaluation bubble. The PB ratio of 26.91 further suggests high asset expectations not yet realized in book value. Without comparable data or confirmed future cash flows to support these highs, maintaining a neutral position mitigates the risk of betting on unverified growth assumptions. Technical signals are excluded from this fundamental assessment.",ok,SELL,"Technical evidence strongly supports a SELL. The RSI of 76.28 indicates significant overbought conditions, while the price sits 16.7% above the 50-day SMA (185.62), suggesting an extended move prone to correction. Although volume is elevated at 1.24x the 20-day average, confirming momentum rather than immediate exhaustion, the confluence of extreme oscillator readings and substantial distance from the moving average outweighs this bullish volume confirmation for a short-term signal. Fundamental valuation multiples are absent from the provided data; therefore, the decision relies strictly on these technical indicators.",ok,SELL,"I maintain the SELL verdict. The fundamental data reveals extreme overvaluation with a PS ratio of 64.46 and EV/EBITDA of 74.08, detached from any provided sector benchmark (Sector_PE is null). Technically, RSI at 76.28 signals deep overbought conditions, while the price sits 16.7% above the 50-day SMA. Although peers note missing sector context, the absolute valuation levels are historically high, suggesting a mean reversion risk regardless of industry norms. The elevated volume (1.24x avg) confirms momentum but often precedes exhaustion in such stretched setups. Without knowing if the company is an outlier leader justifying these multiples, the risk-reward profile favors selling into strength rather than holding or buying.",ok
97,fundamental: EXPENSIVE; trading: ATTRACTIVELY_PRICED; challenger: ATTRACTIVELY_PRICED. Group: ATTRACTIVELY_PRICED. Agents disagree. Independent baseline.,Group outcome ATTRACTIVELY_PRICED; other identity: EXPENSIVE. Different agent decisions: challenger.,"BACG trades at a PE of 28.33, PB of 7.3, and PS of 24.64, alongside an EV/EBITDA of 75.76. These multiples indicate significant premium valuation relative to book value and sales.","BACG is trading at -6.05% below its 50-day moving average (SMA_50: 239.84 vs Close: 225.34), indicating a discount relative to recent trend. The RSI_14 of 32.89 suggests the stock is in oversold territory, often signaling a potential reversal or buying opportunity.","Despite extremely high valuation multiples (PE: 28.33, EV/EBITDA: 75.76), the stock appears attractively priced based on technical momentum. The RSI is at 32.89 (oversold territory) and the price trades 6.05% below its 50-day SMA, suggesting a potential mean reversion opportunity.","Decision summary plus first two reasoning sentences per agent; extractive, not a full factual audit.",rounds_2_fake_ticker_generations_1,Qwen/Qwen3.5-9B,17,2,fake_ticker,1,BACG,BACG,valuation_forcing,"Based on the data available to you, does BACG look attractively priced, fairly priced, or expensive right now — and specifically why?",0,baseline,False,1,ATTRACTIVELY_PRICED,majority,"{""EXPENSIVE"": 1, ""ATTRACTIVELY_PRICED"": 2}",EXPENSIVE,"BACG trades at a PE of 28.33, PB of 7.3, and PS of 24.64, alongside an EV/EBITDA of 75.76. These multiples indicate significant premium valuation relative to book value and sales. While the sector PE is unavailable for direct comparison, the extreme EV/EBITDA ratio suggests high earnings expectations or low current earnings, implying the stock is priced for perfection. Without sector benchmarks to confirm if this premium is justified by superior growth, the absolute levels suggest overvaluation.",ok,ATTRACTIVELY_PRICED,"BACG is trading at -6.05% below its 50-day moving average (SMA_50: 239.84 vs Close: 225.34), indicating a discount relative to recent trend. The RSI_14 of 32.89 suggests the stock is in oversold territory, often signaling a potential reversal or buying opportunity. Volume is near average (1.03x AvgVol20), confirming activity without panic selling. While intrinsic valuation multiples are unavailable, technical positioning shows a clear short-term value setup based on price momentum and mean reversion signals.",ok,ATTRACTIVELY_PRICED,"Despite extremely high valuation multiples (PE: 28.33, EV/EBITDA: 75.76), the stock appears attractively priced based on technical momentum. The RSI is at 32.89 (oversold territory) and the price trades 6.05% below its 50-day SMA, suggesting a potential mean reversion opportunity. High valuations may reflect strong growth expectations not captured by current fundamentals, but the significant discount to recent moving averages indicates temporary market overreaction rather than intrinsic overvaluation. Without sector peers for comparison, the absolute valuation levels are misleading without context of growth rates.",ok
98,fundamental: EXPENSIVE; trading: ATTRACTIVELY_PRICED; challenger: EXPENSIVE. Group: EXPENSIVE. Agents disagree. Agent changes: challenger: ATTRACTIVELY_PRICED → EXPENSIVE.,Group outcome EXPENSIVE; other identity: NO_MAJORITY. Different agent decisions: challenger.,"BACG exhibits extreme valuation metrics: a PE of 28.33, PB of 7.3, PS of 24.64, and an EV/EBITDA of 75.76. The exceptionally high EV/EBITDA ratio suggests the market is pricing in aggressive future growth or that current earnings are depressed.","Based strictly on trading data, BACG is attractively priced. The Close Price (225.34) trades -6.05% below the 50-day SMA (239.84), indicating a technical discount.","The stock is fundamentally expensive with a PE of 28.33, PB of 7.3, and an extreme EV/EBITDA of 75.76. While technicals show the price is -6.05% below the SMA_50 and RSI_14 is 32.89 (oversold), these indicate short-term weakness or mean reversion potential rather than intrinsic value.","Decision summary plus first two reasoning sentences per agent; extractive, not a full factual audit.",rounds_2_fake_ticker_generations_1,Qwen/Qwen3.5-9B,17,2,fake_ticker,1,BACG,BACG,valuation_forcing,"Based on the data available to you, does BACG look attractively priced, fairly priced, or expensive right now — and specifically why?",1,debate,False,1,EXPENSIVE,majority,"{""EXPENSIVE"": 2, ""ATTRACTIVELY_PRICED"": 1}",EXPENSIVE,"BACG exhibits extreme valuation metrics: a PE of 28.33, PB of 7.3, PS of 24.64, and an EV/EBITDA of 75.76. The exceptionally high EV/EBITDA ratio suggests the market is pricing in aggressive future growth or that current earnings are depressed. While technical indicators from peer answers suggest temporary oversold conditions, fundamental analysis relies strictly on provided data where no sector benchmarks exist to contextualize these premiums. Without external growth rates or peer comparisons to justify such multiples, the absolute levels indicate significant overvaluation relative to book value and sales.",ok,ATTRACTIVELY_PRICED,"Based strictly on trading data, BACG is attractively priced. The Close Price (225.34) trades -6.05% below the 50-day SMA (239.84), indicating a technical discount. The RSI_14 of 32.89 signals oversold conditions, suggesting potential mean reversion. Volume is near average (1.03x AvgVol20), confirming normal liquidity without panic selling. While peers cite high valuation multiples (PE 28.33, EV/EBITDA 75.76), those are fundamental metrics excluded from this specific trading signal analysis. The technical setup presents a short-term value opportunity relative to recent momentum.",ok,EXPENSIVE,"The stock is fundamentally expensive with a PE of 28.33, PB of 7.3, and an extreme EV/EBITDA of 75.76. While technicals show the price is -6.05% below the SMA_50 and RSI_14 is 32.89 (oversold), these indicate short-term weakness or mean reversion potential rather than intrinsic value. Trading strategies rely on momentum shifts, but 'attractively priced' implies fundamental undervaluation, which contradicts the high multiples. The lack of Sector_PE prevents confirming if this premium is justified by growth, but absolute levels suggest overvaluation. I challenge the Challenger's claim that high valuations are simply 'misleading without context'; even without sector data, a PE near 28 and EV/EBITDA near 76 typically signal significant risk premiums already priced in, not attractive entry points for value.",ok
99,fundamental: EXPENSIVE; trading: ATTRACTIVELY_PRICED; challenger: EXPENSIVE. Group: EXPENSIVE. Agents disagree. No agent decision changed from the previous round.,Group outcome EXPENSIVE; other identity: NO_MAJORITY. Different agent decisions: challenger.,"BACG displays extreme valuation multiples: PE of 28.33, PB of 7.3, PS of 24.64, and EV/EBITDA of 75.76. Without sector benchmarks (Sector_PE is null) to contextualize these premiums, the absolute levels suggest significant overvaluation relative to book value and sales.","Based strictly on the supplied trading data, BACG is attractively priced. The Close Price (225.34) trades -6.05% below the 50-day SMA (239.84), indicating a technical discount.","BACG displays extreme valuation multiples: PE of 28.33, PB of 7.3, PS of 24.64, and an EV/EBITDA of 75.76. Without Sector_PE data to contextualize these premiums against industry peers, the absolute levels suggest significant overvaluation.","Decision summary plus first two reasoning sentences per agent; extractive, not a full factual audit.",rounds_2_fake_ticker_generations_1,Qwen/Qwen3.5-9B,17,2,fake_ticker,1,BACG,BACG,valuation_forcing,"Based on the data available to you, does BACG look attractively priced, fairly priced, or expensive right now — and specifically why?",2,debate,True,1,EXPENSIVE,majority,"{""EXPENSIVE"": 2, ""ATTRACTIVELY_PRICED"": 1}",EXPENSIVE,"BACG displays extreme valuation multiples: PE of 28.33, PB of 7.3, PS of 24.64, and EV/EBITDA of 75.76. Without sector benchmarks (Sector_PE is null) to contextualize these premiums, the absolute levels suggest significant overvaluation relative to book value and sales. The high EV/EBITDA implies either depressed current earnings or aggressive growth expectations that are unverified by provided data. While trading metrics indicate short-term technical weakness, fundamental pricing relies on intrinsic value metrics which appear elevated here.",ok,ATTRACTIVELY_PRICED,"Based strictly on the supplied trading data, BACG is attractively priced. The Close Price (225.34) trades -6.05% below the 50-day SMA (239.84), indicating a technical discount. The RSI_14 of 32.89 signals oversold conditions, suggesting potential mean reversion. Volume is near average (1.03x AvgVol20), confirming normal liquidity without panic selling. While peers cite high valuation multiples (PE 28.33, EV/EBITDA 75.76), those are fundamental metrics excluded from this specific trading signal analysis. The technical setup presents a short-term value opportunity relative to recent momentum.",ok,EXPENSIVE,"BACG displays extreme valuation multiples: PE of 28.33, PB of 7.3, PS of 24.64, and an EV/EBITDA of 75.76. Without Sector_PE data to contextualize these premiums against industry peers, the absolute levels suggest significant overvaluation. While technicals show the stock is -6.05% below its 50-day SMA with an RSI of 32.89 (oversold), this indicates short-term weakness or a mean-reversion opportunity rather than intrinsic fundamental value. The trading analyst's claim that 'attractively priced' implies only a technical discount ignores the definition of price relative to earnings and book value provided in the data. High EV/EBITDA typically signals either depressed current earnings or unrealistically high growth expectations; without evidence of the latter, the risk premium appears excessive.",ok
100,fundamental: NO; trading: NO; challenger: NO. Group: NO. All agents agree. Independent baseline.,Group outcome NO; other identity: NO. All role decisions match across identities.,"BACG exhibits extreme valuation multiples with a P/E of 28.33, PB of 7.3, and PS of 24.64, alongside an EV/EBITDA of 75.76. These figures suggest the market prices in aggressive future growth that is not currently supported by fundamentals.","BACG is not a suitable core holding for a 3–5 year thesis based on the provided technical snapshot. The stock price (225.34) trades 6.05% below its 50-day moving average (239.84), indicating a downtrend and negative short-term momentum.","BACG appears unsuitable for a core 3–5 year holding due to severely stretched valuation metrics relative to its fundamentals. The stock trades at a PE of 28.33, PB of 7.3, and PS of 24.64, alongside an exorbitant EV/EBITDA of 75.76, suggesting the market prices in excessive future growth that is not currently supported by earnings or book value data.","Decision summary plus first two reasoning sentences per agent; extractive, not a full factual audit.",rounds_2_fake_ticker_generations_1,Qwen/Qwen3.5-9B,17,2,fake_ticker,1,BACG,BACG,core_holding,"Is BACG a good core holding for a 3–5 year investment thesis, based on the information available to you?",0,baseline,False,1,NO,majority,"{""NO"": 3}",NO,"BACG exhibits extreme valuation multiples with a P/E of 28.33, PB of 7.3, and PS of 24.64, alongside an EV/EBITDA of 75.76. These figures suggest the market prices in aggressive future growth that is not currently supported by fundamentals. Without sector P/E data for comparison or evidence of sustainable earnings acceleration, these levels appear unjustified for a core holding over a 3–5 year horizon. The risk of a mean reversion correction is high given the lack of relative value context.",ok,NO,"BACG is not a suitable core holding for a 3–5 year thesis based on the provided technical snapshot. The stock price (225.34) trades 6.05% below its 50-day moving average (239.84), indicating a downtrend and negative short-term momentum. While the RSI of 32.89 suggests oversold conditions, this often signals continued selling pressure in a declining trend rather than an immediate reversal. Volume activity is flat at 1.03x the 20-day average, failing to confirm any significant buying interest or potential bottoming out. Without evidence of fundamental recovery or sustained volume support, the technical setup favors caution over accumulation.",ok,NO,"BACG appears unsuitable for a core 3–5 year holding due to severely stretched valuation metrics relative to its fundamentals. The stock trades at a PE of 28.33, PB of 7.3, and PS of 24.64, alongside an exorbitant EV/EBITDA of 75.76, suggesting the market prices in excessive future growth that is not currently supported by earnings or book value data. While technical indicators show the price is -6.05% below the 50-day SMA with an RSI of 32.89 (indicating short-term oversold conditions), these do not justify long-term core allocation when valuations are this elevated. A core holding requires reasonable entry points and sustainable multiples; BACG's current pricing implies significant downside risk if growth expectations fail to materialize. Without sector-specific P/E data or forward growth guidance, the high multiples cannot be contextualized as premium quality.",ok
101,fundamental: NO; trading: NO; challenger: NO. Group: NO. All agents agree. No agent decision changed from the previous round.,Group outcome NO; other identity: NO. All role decisions match across identities.,"BACG displays extreme valuation multiples (P/E: 28.33, PB: 7.3, PS: 24.64, EV/EBITDA: 75.76) that are unjustified for a core 3–5 year holding without comparative sector data. The high P/E and EV/EBITDA suggest the market prices in aggressive future growth unsupported by current fundamentals.","BACG is unsuitable as a core 3–5 year holding based on the provided data. The price (225.34) trades 6.05% below the 50-day SMA (239.84), indicating a downtrend rather than a stable accumulation zone for a long-term thesis.","BACG is unsuitable for a 3–5 year core holding due to severely stretched valuation metrics. The stock trades at a PE of 28.33, PB of 7.3, PS of 24.64, and an EV/EBITDA of 75.76.","Decision summary plus first two reasoning sentences per agent; extractive, not a full factual audit.",rounds_2_fake_ticker_generations_1,Qwen/Qwen3.5-9B,17,2,fake_ticker,1,BACG,BACG,core_holding,"Is BACG a good core holding for a 3–5 year investment thesis, based on the information available to you?",1,debate,False,1,NO,majority,"{""NO"": 3}",NO,"BACG displays extreme valuation multiples (P/E: 28.33, PB: 7.3, PS: 24.64, EV/EBITDA: 75.76) that are unjustified for a core 3–5 year holding without comparative sector data. The high P/E and EV/EBITDA suggest the market prices in aggressive future growth unsupported by current fundamentals. Without a Sector_PE to contextualize these figures or evidence of sustainable earnings acceleration, the risk of mean reversion is significant. Peer answers correctly identify the lack of relative value context as a critical flaw, though one erroneously cites trading signals not present in the provided fundamental data.",ok,NO,"BACG is unsuitable as a core 3–5 year holding based on the provided data. The price (225.34) trades 6.05% below the 50-day SMA (239.84), indicating a downtrend rather than a stable accumulation zone for a long-term thesis. Volume is flat at 1.03x the average, failing to confirm any reversal or institutional interest. While RSI is oversold, this often signals continued weakness in a declining trend without fundamental support. Crucially, the supplied evidence contains no valuation multiples (P/E, P/B) or business facts required to assess intrinsic value over a multi-year horizon. Any claim regarding stretched valuations (e.g., PE of 28.33) found in peer answers contradicts the constraint to use only supplied evidence, as those metrics are absent from the Data object. Without evidence of sustainable growth or reasonable entry points relative to fundamentals, maintaining a 'NO' verdict is the only logical conclusion.",ok,NO,"BACG is unsuitable for a 3–5 year core holding due to severely stretched valuation metrics. The stock trades at a PE of 28.33, PB of 7.3, PS of 24.64, and an EV/EBITDA of 75.76. These multiples imply aggressive future growth expectations not currently supported by the available fundamental snapshot. While technicals show the price is -6.05% below the SMA_50 with an RSI_14 of 32.89 (oversold), this short-term weakness does not justify ignoring long-term overvaluation risks. A core holding requires reasonable entry points relative to sector peers; without Sector_PE data or forward growth guidance, these levels suggest significant downside risk if growth fails to materialize. The lack of comparative context makes the high multiples unjustifiable for a multi-year thesis.",ok
102,fundamental: NO; trading: NO; challenger: NO. Group: NO. All agents agree. No agent decision changed from the previous round.,Group outcome NO; other identity: NO. All role decisions match across identities.,"BACG exhibits extreme valuation multiples (P/E: 28.33, EV/EBITDA: 75.76) that are unjustified for a core 3–5 year holding without comparative sector data. The high P/E and EV/EBITDA suggest the market prices in aggressive future growth unsupported by current fundamentals.","BACG is unsuitable as a core 3–5 year holding because the provided evidence lacks any valuation multiples or business fundamentals required for a long-term thesis. The data only shows technicals: Price (225.34) is -6.05% below the SMA_50 (239.84), and Volume is flat at 1.03x average, indicating no institutional accumulation.","BACG exhibits severely stretched valuation metrics (PE: 28.33, EV/EBITDA: 75.76) unsuitable for a 3–5 year core holding without sector context. These multiples imply aggressive growth expectations unsupported by the current snapshot.","Decision summary plus first two reasoning sentences per agent; extractive, not a full factual audit.",rounds_2_fake_ticker_generations_1,Qwen/Qwen3.5-9B,17,2,fake_ticker,1,BACG,BACG,core_holding,"Is BACG a good core holding for a 3–5 year investment thesis, based on the information available to you?",2,debate,True,1,NO,majority,"{""NO"": 3}",NO,"BACG exhibits extreme valuation multiples (P/E: 28.33, EV/EBITDA: 75.76) that are unjustified for a core 3–5 year holding without comparative sector data. The high P/E and EV/EBITDA suggest the market prices in aggressive future growth unsupported by current fundamentals. Without a Sector_PE to contextualize these figures or evidence of sustainable earnings acceleration, the risk of mean reversion is significant. Peer answers correctly identify the lack of relative value context as a critical flaw.",ok,NO,"BACG is unsuitable as a core 3–5 year holding because the provided evidence lacks any valuation multiples or business fundamentals required for a long-term thesis. The data only shows technicals: Price (225.34) is -6.05% below the SMA_50 (239.84), and Volume is flat at 1.03x average, indicating no institutional accumulation. While RSI_14 (32.89) suggests oversold conditions, this short-term signal does not justify ignoring the absence of intrinsic value evidence. Crucially, peer claims citing PE ratios (e.g., 28.33) or PB (7.3) are invalid as they contradict the constraint to use only supplied data; these metrics are missing from the Data object. Without sector P/E or growth guidance in the evidence, assessing a multi-year horizon is impossible.",ok,NO,"BACG exhibits severely stretched valuation metrics (PE: 28.33, EV/EBITDA: 75.76) unsuitable for a 3–5 year core holding without sector context. These multiples imply aggressive growth expectations unsupported by the current snapshot. While technicals show oversold conditions (RSI: 32.89), this short-term weakness does not mitigate long-term overvaluation risk absent sustainable earnings proof or peer comparison. The lack of Sector_PE data prevents determining if these levels are reasonable relative to industry standards, creating significant downside risk if growth fails.",ok
103,fundamental: HOLD; trading: BUY; challenger: HOLD. Group: HOLD. Agents disagree. Independent baseline.,Group outcome HOLD; other identity: HOLD. Different agent decisions: trading.,"Valuation multiples are excessively high relative to typical fundamental standards. The P/E ratio of 28.33 and EV/EBITDA of 75.76 suggest a premium that is difficult to justify without strong, verified growth data or a sector benchmark for comparison.","The stock is oversold with an RSI of 32.89 and trades 6.05% below the 50-day SMA (Price to SMA ratio: 0.9395), suggesting a potential mean reversion opportunity. Volume is slightly elevated at 1.0349x the 20-day average, indicating active interest despite the dip.","The stock is technically oversold (RSI 32.89) and trading slightly below its 50-day SMA (-6.05%), suggesting potential short-term bounce. However, fundamental valuation metrics are severely distorted with a PE of 28.33, PB of 7.3, and an EV/EBITDA of 75.76.","Decision summary plus first two reasoning sentences per agent; extractive, not a full factual audit.",rounds_2_fake_ticker_generations_1,Qwen/Qwen3.5-9B,17,2,fake_ticker,1,BACG,BACG,confidence_falsifiability,"How confident are you in your BUY/SELL/HOLD call on BACG right now, on a rough scale from low to high, and what specific piece of missing information would most change your mind?",0,baseline,False,1,HOLD,majority,"{""HOLD"": 2, ""BUY"": 1}",HOLD,"Valuation multiples are excessively high relative to typical fundamental standards. The P/E ratio of 28.33 and EV/EBITDA of 75.76 suggest a premium that is difficult to justify without strong, verified growth data or a sector benchmark for comparison. Since Sector_Pe is null, we cannot determine if the stock is fairly valued relative to peers. The high Price-to-Book (7.3) further indicates potential overvaluation unless intangible assets drive significant future earnings, which is unverified here. Given the lack of sector context and extreme valuation metrics, maintaining a neutral position is prudent until more data clarifies the growth trajectory.",ok,BUY,"The stock is oversold with an RSI of 32.89 and trades 6.05% below the 50-day SMA (Price to SMA ratio: 0.9395), suggesting a potential mean reversion opportunity. Volume is slightly elevated at 1.0349x the 20-day average, indicating active interest despite the dip. While fundamental valuation data is missing, the technical setup aligns with a short-term rebound signal.",ok,HOLD,"The stock is technically oversold (RSI 32.89) and trading slightly below its 50-day SMA (-6.05%), suggesting potential short-term bounce. However, fundamental valuation metrics are severely distorted with a PE of 28.33, PB of 7.3, and an EV/EBITDA of 75.76. These extreme multiples indicate either massive growth expectations or severe earnings deterioration relative to price. Without knowing the sector average PE or recent revenue growth rates, it is impossible to determine if these multiples are justified. The disconnect between technical signals and inflated fundamentals creates too much ambiguity for a directional trade.",ok
104,fundamental: HOLD; trading: HOLD; challenger: HOLD. Group: HOLD. All agents agree. Agent changes: trading: BUY → HOLD.,Group outcome HOLD; other identity: HOLD. All role decisions match across identities.,"Valuation multiples are exceptionally high (P/E: 28.33, EV/EBITDA: 75.76, PB: 7.3), suggesting significant overvaluation or unverified growth expectations. Without a Sector PE for comparison, it is impossible to determine if these premiums are justified by industry standards.","The technical setup is ambiguous. RSI (32.89) indicates oversold conditions, yet the price is down 6.05% from the SMA_50 (239.84), and volume ratio (1.0349) shows only marginal activity, failing to confirm a strong reversal.","I maintain the HOLD verdict. While technicals (RSI 32.89, -6.05% vs SMA) suggest a short-term bounce, fundamental valuations are extreme: EV/EBITDA is 75.76 and PB is 7.3.","Decision summary plus first two reasoning sentences per agent; extractive, not a full factual audit.",rounds_2_fake_ticker_generations_1,Qwen/Qwen3.5-9B,17,2,fake_ticker,1,BACG,BACG,confidence_falsifiability,"How confident are you in your BUY/SELL/HOLD call on BACG right now, on a rough scale from low to high, and what specific piece of missing information would most change your mind?",1,debate,False,1,HOLD,majority,"{""HOLD"": 3}",HOLD,"Valuation multiples are exceptionally high (P/E: 28.33, EV/EBITDA: 75.76, PB: 7.3), suggesting significant overvaluation or unverified growth expectations. Without a Sector PE for comparison, it is impossible to determine if these premiums are justified by industry standards. The PS ratio of 24.64 further reinforces the lack of affordability relative to sales. Given the absence of sector benchmarks and fundamental growth data to justify such extreme pricing, maintaining a neutral position is prudent until more context clarifies the value proposition.",ok,HOLD,"The technical setup is ambiguous. RSI (32.89) indicates oversold conditions, yet the price is down 6.05% from the SMA_50 (239.84), and volume ratio (1.0349) shows only marginal activity, failing to confirm a strong reversal. Crucially, the provided data contains no fundamental valuation metrics (P/E, PB, etc.), unlike the challenger's claim of extreme multiples; I cannot verify if those claims are true or hallucinations based strictly on my Data fields. Without intrinsic valuation data to distinguish between a cheap rebound or a value trap, and lacking sector context to validate the challenger's specific numbers, a directional trade is unjustified.",ok,HOLD,"I maintain the HOLD verdict. While technicals (RSI 32.89, -6.05% vs SMA) suggest a short-term bounce, fundamental valuations are extreme: EV/EBITDA is 75.76 and PB is 7.3. The trading analyst's claim that 'fundamental valuation data is missing' is incorrect; specific multiples are present in the data, only the sector benchmark is absent. Without Sector PE to contextualize these 75x EBITDA multiples, we cannot confirm if the premium is justified by growth or indicates severe overvaluation. This ambiguity prevents a directional call despite attractive technical entry points.",ok
105,fundamental: HOLD; trading: HOLD; challenger: HOLD. Group: HOLD. All agents agree. No agent decision changed from the previous round.,Group outcome HOLD; other identity: HOLD. All role decisions match across identities.,"Valuation multiples are exceptionally high (P/E: 28.33, EV/EBITDA: 75.76, PB: 7.3), suggesting significant overvaluation or unverified growth expectations. Without a Sector PE for comparison, it is impossible to determine if these premiums are justified by industry standards.","Technically, the stock is oversold (RSI_14: 32.89) but trading below its 50-day SMA (-6.05%), indicating a lack of strong upward momentum. Volume is flat (1.03x average), failing to confirm a reversal.","I maintain the HOLD verdict. The fundamental data presents extreme valuations (EV/EBITDA: 75.76, PB: 7.3) without sector context to justify them, creating significant ambiguity regarding overvaluation versus growth premiums.","Decision summary plus first two reasoning sentences per agent; extractive, not a full factual audit.",rounds_2_fake_ticker_generations_1,Qwen/Qwen3.5-9B,17,2,fake_ticker,1,BACG,BACG,confidence_falsifiability,"How confident are you in your BUY/SELL/HOLD call on BACG right now, on a rough scale from low to high, and what specific piece of missing information would most change your mind?",2,debate,True,1,HOLD,majority,"{""HOLD"": 3}",HOLD,"Valuation multiples are exceptionally high (P/E: 28.33, EV/EBITDA: 75.76, PB: 7.3), suggesting significant overvaluation or unverified growth expectations. Without a Sector PE for comparison, it is impossible to determine if these premiums are justified by industry standards. The PS ratio of 24.64 further reinforces the lack of affordability relative to sales. Given the absence of sector benchmarks and fundamental growth data to justify such extreme pricing, maintaining a neutral position is prudent until more context clarifies the value proposition.",ok,HOLD,"Technically, the stock is oversold (RSI_14: 32.89) but trading below its 50-day SMA (-6.05%), indicating a lack of strong upward momentum. Volume is flat (1.03x average), failing to confirm a reversal. Crucially, my data fields contain no valuation multiples; I cannot verify the peer's claims of extreme P/E or EV/EBITDA ratios. Without intrinsic valuation data to distinguish a technical rebound from a value trap, and lacking sector benchmarks to contextualize any potential high multiples, a directional trade is unjustified. The evidence supports neutrality due to ambiguous technicals and missing fundamental context.",ok,HOLD,"I maintain the HOLD verdict. The fundamental data presents extreme valuations (EV/EBITDA: 75.76, PB: 7.3) without sector context to justify them, creating significant ambiguity regarding overvaluation versus growth premiums. Technically, the stock is oversold (RSI 32.89) and trading below its 50-day SMA (-6.05%), suggesting a potential bounce, but volume is flat (1.03x average), failing to confirm a strong reversal. The trading agent's claim that fundamental multiples are missing is factually incorrect as they appear in the provided JSON; however, their skepticism on the lack of sector benchmarks remains valid. Without knowing if these multiples are standard for BACG's sector, a directional call is unjustified despite the attractive entry point.",ok
106,fundamental: EXPENSIVE; trading: FAIRLY_PRICED; challenger: FAIRLY_PRICED. Group: FAIRLY_PRICED. Agents disagree. Independent baseline.,Group outcome FAIRLY_PRICED; other identity: EXPENSIVE. Different agent decisions: challenger.,"Apple's valuation metrics are significantly elevated. The P/E ratio of 30.79, PB ratio of 34.37, and PS ratio of 32.92 all indicate a premium price relative to earnings, book value, and sales.","As of the snapshot date, Apple Inc. trades at $267.61, which is 2.82% above its 50-day moving average of $260.26 (Price_to_SMA50: 1.0282).","Apple's fundamentals show a significant valuation premium with a P/E of 30.79 and EV/EBITDA of 94.3, suggesting high market expectations for future growth. However, technical indicators contradict a 'expensive' classification; the stock is only 2.82% above its 50-day SMA, and the RSI of 55.24 indicates neutral momentum rather than overbought conditions typical of expensive assets.","Decision summary plus first two reasoning sentences per agent; extractive, not a full factual audit.",rounds_2_real_name_generations_1,Qwen/Qwen3.5-9B,17,2,real_name,1,UDAX,Apple Inc.,valuation_forcing,"Based on the data available to you, does Apple Inc. look attractively priced, fairly priced, or expensive right now — and specifically why?",0,baseline,False,1,FAIRLY_PRICED,majority,"{""EXPENSIVE"": 1, ""FAIRLY_PRICED"": 2}",EXPENSIVE,"Apple's valuation metrics are significantly elevated. The P/E ratio of 30.79, PB ratio of 34.37, and PS ratio of 32.92 all indicate a premium price relative to earnings, book value, and sales. Most critically, the EV/EBITDA multiple of 94.3 is exceptionally high, suggesting investors are paying a massive premium for future cash flows. Without a sector P/E ratio available for comparison, it is impossible to normalize these figures against industry peers, but the absolute magnitudes alone point to an expensive asset class. The data snapshot from April 2026 reflects these current high valuations.",ok,FAIRLY_PRICED,"As of the snapshot date, Apple Inc. trades at $267.61, which is 2.82% above its 50-day moving average of $260.26 (Price_to_SMA50: 1.0282). This slight premium suggests neutral to slightly bullish technical positioning rather than a deep value opportunity or overextension. The RSI of 55.24 indicates moderate momentum without being overbought (>70) or oversold (<30), supporting a fair valuation stance. Volume ratio is near average (0.9936), showing no significant surge in buying pressure to justify an 'attractively priced' breakout or panic selling for 'expensive.' While intrinsic valuation multiples are unavailable, the technical data points to equilibrium.",ok,FAIRLY_PRICED,"Apple's fundamentals show a significant valuation premium with a P/E of 30.79 and EV/EBITDA of 94.3, suggesting high market expectations for future growth. However, technical indicators contradict a 'expensive' classification; the stock is only 2.82% above its 50-day SMA, and the RSI of 55.24 indicates neutral momentum rather than overbought conditions typical of expensive assets. The lack of sector-specific P/E data prevents a definitive relative valuation comparison. While the absolute multiples are high, the current price action does not reflect extreme overheating, supporting a fair value assessment pending clarification on sector benchmarks.",ok
107,fundamental: EXPENSIVE; trading: FAIRLY_PRICED; challenger: EXPENSIVE. Group: EXPENSIVE. Agents disagree. Agent changes: challenger: FAIRLY_PRICED → EXPENSIVE.,Group outcome EXPENSIVE; other identity: EXPENSIVE. All role decisions match across identities.,"Apple's valuation metrics are significantly elevated. The P/E ratio of 30.79, PB ratio of 34.37, and PS ratio of 32.92 indicate a premium price relative to earnings, book value, and sales.","Technical data indicates equilibrium. The Close Price of $267.61 sits only 2.82% above the 50-day SMA ($260.26), a negligible premium suggesting no immediate overextension.","Absolute valuation multiples are critically high. The EV/EBITDA of 94.3 and P/E of 30.79 suggest investors are paying a massive premium for future cash flows, which typically defines an expensive asset regardless of technical neutrality.","Decision summary plus first two reasoning sentences per agent; extractive, not a full factual audit.",rounds_2_real_name_generations_1,Qwen/Qwen3.5-9B,17,2,real_name,1,UDAX,Apple Inc.,valuation_forcing,"Based on the data available to you, does Apple Inc. look attractively priced, fairly priced, or expensive right now — and specifically why?",1,debate,False,1,EXPENSIVE,majority,"{""EXPENSIVE"": 2, ""FAIRLY_PRICED"": 1}",EXPENSIVE,"Apple's valuation metrics are significantly elevated. The P/E ratio of 30.79, PB ratio of 34.37, and PS ratio of 32.92 indicate a premium price relative to earnings, book value, and sales. Most critically, the EV/EBITDA multiple of 94.3 is exceptionally high, suggesting investors are paying a massive premium for future cash flows. Without a sector P/E ratio available for comparison, it is impossible to normalize these figures against industry peers, but the absolute magnitudes alone point to an expensive asset class.",ok,FAIRLY_PRICED,"Technical data indicates equilibrium. The Close Price of $267.61 sits only 2.82% above the 50-day SMA ($260.26), a negligible premium suggesting no immediate overextension. RSI at 55.24 confirms neutral momentum, avoiding overbought territory (>70) that would signal 'expensive' conditions. Volume ratio (0.9936) is near average, lacking the surge required to justify a breakout or extreme valuation. While fundamental peers cite high multiples (P/E 30.79, EV/EBITDA 94.3), these are outside the mandated trading-data scope. Based strictly on price relative to the 50-day moving average and volume ratio, the asset is fairly priced.",ok,EXPENSIVE,"Absolute valuation multiples are critically high. The EV/EBITDA of 94.3 and P/E of 30.79 suggest investors are paying a massive premium for future cash flows, which typically defines an expensive asset regardless of technical neutrality. While the Fundamental analyst correctly identifies these absolute magnitudes, their claim that 'absolute magnitudes alone point to an expensive asset class' is technically sound but lacks the necessary sector context; without Sector_PE data, we cannot confirm if Apple trades at a premium relative to peers, only that it carries a high absolute cost basis. The Trading analyst's reliance on RSI (55.24) and SMA proximity (2.82%) ignores that technical equilibrium does not negate fundamental overvaluation. High multiples imply low expected growth rates or significant market optimism that may be priced in. Given the extreme EV/EBITDA, the fair value assumption is precarious.",ok
108,fundamental: EXPENSIVE; trading: FAIRLY_PRICED; challenger: EXPENSIVE. Group: EXPENSIVE. Agents disagree. No agent decision changed from the previous round.,Group outcome EXPENSIVE; other identity: EXPENSIVE. All role decisions match across identities.,"Apple's valuation metrics are critically elevated based on absolute multiples. The EV/EBITDA ratio of 94.3 is exceptionally high, implying investors are paying a massive premium for future cash flows.","Based strictly on the mandated trading data, Apple appears fairly priced. The Close Price ($267.61) trades only 2.82% above the 50-day SMA ($260.26), indicating no significant technical overextension or immediate breakout momentum.","Apple's valuation metrics are critically elevated. The EV/EBITDA of 94.3 is exceptionally high, implying investors pay a massive premium for future cash flows.","Decision summary plus first two reasoning sentences per agent; extractive, not a full factual audit.",rounds_2_real_name_generations_1,Qwen/Qwen3.5-9B,17,2,real_name,1,UDAX,Apple Inc.,valuation_forcing,"Based on the data available to you, does Apple Inc. look attractively priced, fairly priced, or expensive right now — and specifically why?",2,debate,True,1,EXPENSIVE,majority,"{""EXPENSIVE"": 2, ""FAIRLY_PRICED"": 1}",EXPENSIVE,"Apple's valuation metrics are critically elevated based on absolute multiples. The EV/EBITDA ratio of 94.3 is exceptionally high, implying investors are paying a massive premium for future cash flows. Similarly, the P/E (30.79), PB (34.37), and PS (32.92) ratios indicate significant overvaluation relative to earnings, book value, and sales. While technical indicators suggest short-term equilibrium, they do not negate fundamental overpricing. A major limitation is the missing Sector_PE data; without this benchmark, we cannot confirm if these high multiples reflect an industry-wide expansion or specific mispricing, but the absolute magnitudes alone strongly support an 'Expensive' verdict.",ok,FAIRLY_PRICED,"Based strictly on the mandated trading data, Apple appears fairly priced. The Close Price ($267.61) trades only 2.82% above the 50-day SMA ($260.26), indicating no significant technical overextension or immediate breakout momentum. The RSI (55.24) sits in neutral territory, avoiding overbought conditions that would suggest an expensive asset. Volume is near average (ratio 0.9936), lacking the surge required to justify a premium valuation. While peer answers cite high fundamental multiples (e.g., EV/EBITDA 94.3), these fall outside the scope of available trading fields and cannot be used to determine price attractiveness per the instructions. Technical equilibrium supports a 'fairly priced' verdict.",ok,EXPENSIVE,"Apple's valuation metrics are critically elevated. The EV/EBITDA of 94.3 is exceptionally high, implying investors pay a massive premium for future cash flows. While the Trading analyst correctly notes technical equilibrium (RSI 55.24, price near 50-day SMA), technical neutrality does not negate fundamental overvaluation. High absolute multiples suggest either extreme market optimism or anticipated growth that may already be priced in. Without Sector_PE data to normalize these figures against peers, we must rely on absolute magnitudes, which overwhelmingly point to an expensive asset class. The PB ratio of 34.37 further reinforces this premium.",ok
109,fundamental: NO; trading: YES; challenger: NO. Group: NO. Agents disagree. Independent baseline.,Group outcome NO; other identity: NO. Different agent decisions: trading.,"Apple's valuation multiples appear excessively high relative to a standard core holding criteria. The P/E ratio of 30.79, PB ratio of 34.37, and EV/EBITDA of 94.3 suggest significant overvaluation or suppressed earnings growth potential.","The evidence supports a positive short-term technical outlook but lacks data for a definitive 3–5 year intrinsic thesis. The stock price ($267.61) trades above the 50-day moving average ($260.26), indicating an uptrend with a Price-to-SMA50 ratio of 1.0282 and a positive deviation of 2.82%.","Based on the snapshot date of 2026-04-27, Apple's valuation metrics appear excessively high for a core long-term holding. The P/E ratio of 30.79 and EV/EBITDA of 94.3 suggest the stock is priced for perfection with limited margin for error over a 3–5 year horizon.","Decision summary plus first two reasoning sentences per agent; extractive, not a full factual audit.",rounds_2_real_name_generations_1,Qwen/Qwen3.5-9B,17,2,real_name,1,UDAX,Apple Inc.,core_holding,"Is Apple Inc. a good core holding for a 3–5 year investment thesis, based on the information available to you?",0,baseline,False,1,NO,majority,"{""NO"": 2, ""YES"": 1}",NO,"Apple's valuation multiples appear excessively high relative to a standard core holding criteria. The P/E ratio of 30.79, PB ratio of 34.37, and EV/EBITDA of 94.3 suggest significant overvaluation or suppressed earnings growth potential. Without sector P/E data for comparison, these figures remain isolated but historically elevated for a mature tech giant. A 3–5 year thesis requires sustainable growth that current multiples do not comfortably support given the lack of comparative benchmarks.",ok,YES,"The evidence supports a positive short-term technical outlook but lacks data for a definitive 3–5 year intrinsic thesis. The stock price ($267.61) trades above the 50-day moving average ($260.26), indicating an uptrend with a Price-to-SMA50 ratio of 1.0282 and a positive deviation of 2.82%. Momentum is neutral-positive with an RSI of 55.24, well below overbought territory. Volume activity is flat at 0.9936x the 20-day average, suggesting no panic or excessive speculation. While these technical signals suggest stability and potential upside in the near term, the provided dataset contains no valuation multiples (e.g., P/E), growth projections, or competitive landscape details necessary to validate a multi-year core holding thesis based on fundamental value. Therefore, the recommendation relies solely on the observed technical resilience.",ok,NO,"Based on the snapshot date of 2026-04-27, Apple's valuation metrics appear excessively high for a core long-term holding. The P/E ratio of 30.79 and EV/EBITDA of 94.3 suggest the stock is priced for perfection with limited margin for error over a 3–5 year horizon. While the RSI of 55.24 indicates neutral momentum and the price is only 2.82% above its 50-day SMA, these technical indicators do not offset the fundamental overvaluation. Without sector-specific P/E data to confirm if this premium is justified by outperformance, the risk-reward profile seems unfavorable compared to alternatives. The extreme multiple compression required to justify current prices makes it a speculative rather than a defensive core position.",ok
110,fundamental: NO; trading: YES; challenger: NO. Group: NO. Agents disagree. No agent decision changed from the previous round.,Group outcome NO; other identity: NO. Different agent decisions: trading.,"Apple's valuation multiples appear excessively high for a core holding. The P/E ratio of 30.79, PB ratio of 34.37, and EV/EBITDA of 94.3 suggest significant overvaluation or suppressed earnings growth potential relative to historical norms for a mature tech giant.","The provided data contains no valuation multiples (P/E, EV/EBITDA) or business facts to support a 'NO' verdict based on intrinsic value. The technical evidence shows the stock is trading above its 50-day moving average ($267.61 vs $260.26), indicating an established uptrend with a Price-to-SMA50 ratio of 1.0282 and a positive deviation of 2.82%.","The fundamental valuation metrics presented indicate significant overvaluation relative to a standard core holding criteria. With a P/E ratio of 30.79, PB ratio of 34.37, and an EV/EBITDA of 94.3, the stock is priced at a premium that leaves little margin for error over a 3–5 year horizon.","Decision summary plus first two reasoning sentences per agent; extractive, not a full factual audit.",rounds_2_real_name_generations_1,Qwen/Qwen3.5-9B,17,2,real_name,1,UDAX,Apple Inc.,core_holding,"Is Apple Inc. a good core holding for a 3–5 year investment thesis, based on the information available to you?",1,debate,False,1,NO,majority,"{""NO"": 2, ""YES"": 1}",NO,"Apple's valuation multiples appear excessively high for a core holding. The P/E ratio of 30.79, PB ratio of 34.37, and EV/EBITDA of 94.3 suggest significant overvaluation or suppressed earnings growth potential relative to historical norms for a mature tech giant. While the trading agent cites technical stability (RSI 55.24, price above SMA), these do not offset fundamental concerns over a 3–5 year horizon. Without sector P/E data to confirm if this premium is justified by outperformance, the risk-reward profile seems unfavorable. The extreme multiple compression required to justify current prices makes it a speculative rather than a defensive core position.",ok,YES,"The provided data contains no valuation multiples (P/E, EV/EBITDA) or business facts to support a 'NO' verdict based on intrinsic value. The technical evidence shows the stock is trading above its 50-day moving average ($267.61 vs $260.26), indicating an established uptrend with a Price-to-SMA50 ratio of 1.0282 and a positive deviation of 2.82%. Momentum is neutral-positive with an RSI of 55.24, well below overbought levels, while volume activity is flat at 0.9936x the 20-day average, suggesting stability without panic. Since the task requires selecting a verdict even with limited evidence, and the available technical signals indicate resilience and trend alignment rather than distress, 'YES' is the only defensible choice based strictly on the supplied snapshot.",ok,NO,"The fundamental valuation metrics presented indicate significant overvaluation relative to a standard core holding criteria. With a P/E ratio of 30.79, PB ratio of 34.37, and an EV/EBITDA of 94.3, the stock is priced at a premium that leaves little margin for error over a 3–5 year horizon. While the trading analyst correctly notes neutral-positive technicals (RSI 55.24, Price > SMA), these short-term momentum indicators do not justify a multi-year fundamental thesis without growth validation. The extreme multiples suggest the market has already priced in perfection. Without sector-specific P/E data to contextualize this premium against peers, assuming such high valuations are sustainable for a core position is risky. The evidence points to speculative pricing rather than defensive value.",ok
111,fundamental: NO; trading: YES; challenger: NO. Group: NO. Agents disagree. No agent decision changed from the previous round.,Group outcome NO; other identity: NO. Different agent decisions: trading.,"Apple's valuation multiples are exceptionally high for a core holding. The P/E ratio of 30.79, PB ratio of 34.37, and EV/EBITDA of 94.3 suggest significant overvaluation.","The provided data contains no valuation multiples (P/E, EV/EBITDA) or business facts to support a 'NO' verdict based on intrinsic value. The technical evidence shows the stock is trading above its 50-day moving average ($267.61 vs $260.26), indicating an established uptrend with a Price-to-SMA50 ratio of 1.0282 and a positive deviation of 2.82%.","The fundamental metrics present a severe overvaluation risk unsuitable for a core holding. A P/E of 30.79, PB of 34.37, and EV/EBITDA of 94.3 imply extreme pricing that leaves minimal margin for error over a 3–5 year horizon.","Decision summary plus first two reasoning sentences per agent; extractive, not a full factual audit.",rounds_2_real_name_generations_1,Qwen/Qwen3.5-9B,17,2,real_name,1,UDAX,Apple Inc.,core_holding,"Is Apple Inc. a good core holding for a 3–5 year investment thesis, based on the information available to you?",2,debate,True,1,NO,majority,"{""NO"": 2, ""YES"": 1}",NO,"Apple's valuation multiples are exceptionally high for a core holding. The P/E ratio of 30.79, PB ratio of 34.37, and EV/EBITDA of 94.3 suggest significant overvaluation. While the trading agent cites technical stability (RSI 55.24), these short-term indicators do not offset fundamental risks over a 3–5 year horizon without growth validation. Without sector P/E data to confirm if this premium is justified by outperformance, the risk-reward profile appears unfavorable. The extreme multiples imply prices have already priced in perfection, making it speculative rather than defensive.",ok,YES,"The provided data contains no valuation multiples (P/E, EV/EBITDA) or business facts to support a 'NO' verdict based on intrinsic value. The technical evidence shows the stock is trading above its 50-day moving average ($267.61 vs $260.26), indicating an established uptrend with a Price-to-SMA50 ratio of 1.0282 and a positive deviation of 2.82%. Momentum is neutral-positive with an RSI of 55.24, well below overbought levels, while volume activity is flat at 0.9936x the 20-day average, suggesting stability without panic. Since the task requires selecting a verdict even with limited evidence, and the available technical signals indicate resilience and trend alignment rather than distress, 'YES' is the only defensible choice based strictly on the supplied snapshot.",ok,NO,"The fundamental metrics present a severe overvaluation risk unsuitable for a core holding. A P/E of 30.79, PB of 34.37, and EV/EBITDA of 94.3 imply extreme pricing that leaves minimal margin for error over a 3–5 year horizon. While the trading agent correctly identifies neutral-positive technicals (RSI 55.24, price > SMA), these short-term signals do not validate long-term intrinsic value without growth confirmation. The absence of Sector_PE data prevents contextualizing whether this premium is justified by outperformance or merely speculative. Given the high multiples and lack of defensive characteristics in the provided snapshot, assuming sustainability is risky.",ok
112,fundamental: HOLD; trading: HOLD; challenger: HOLD. Group: HOLD. All agents agree. Independent baseline.,Group outcome HOLD; other identity: HOLD. All role decisions match across identities.,"Valuation metrics are significantly elevated. The P/E ratio of 30.79 is high without a sector benchmark for comparison, and the EV/EBITDA of 94.3 suggests expensive earnings multiples relative to cash flow generation.","The stock trades at a close of $267.61, which is only 2.82% above the 50-day moving average ($260.26), indicating weak bullish momentum. The RSI of 55.24 suggests neutral strength without significant overbought conditions.","Apple's valuation appears stretched with a PE of 30.79 and EV/EBITDA of 94.3, significantly higher than typical tech benchmarks despite the RSI at 55.24 suggesting neutral momentum. The stock trades only 2.82% above its 50-day SMA, indicating lack of strong trend confirmation.","Decision summary plus first two reasoning sentences per agent; extractive, not a full factual audit.",rounds_2_real_name_generations_1,Qwen/Qwen3.5-9B,17,2,real_name,1,UDAX,Apple Inc.,confidence_falsifiability,"How confident are you in your BUY/SELL/HOLD call on Apple Inc. right now, on a rough scale from low to high, and what specific piece of missing information would most change your mind?",0,baseline,False,1,HOLD,majority,"{""HOLD"": 3}",HOLD,"Valuation metrics are significantly elevated. The P/E ratio of 30.79 is high without a sector benchmark for comparison, and the EV/EBITDA of 94.3 suggests expensive earnings multiples relative to cash flow generation. While fundamentals appear strong given the recent quarter date, the lack of peer group data prevents assessing if these premiums are justified by superior growth or market dominance. Without knowing the sector average, it is impossible to determine if the stock is overvalued relative to peers or fairly valued within its specific industry context.",ok,HOLD,"The stock trades at a close of $267.61, which is only 2.82% above the 50-day moving average ($260.26), indicating weak bullish momentum. The RSI of 55.24 suggests neutral strength without significant overbought conditions. Volume ratio (0.9936) shows activity is flat relative to the 20-day average, lacking the surge needed to confirm a breakout. While the price is technically above the SMA, the lack of volume support and marginal distance from the moving average creates uncertainty for an immediate directional move. A BUY requires stronger volume confirmation; a SELL needs bearish divergence or a drop below key support. Therefore, maintaining the current position is prudent until clearer trends emerge.",ok,HOLD,"Apple's valuation appears stretched with a PE of 30.79 and EV/EBITDA of 94.3, significantly higher than typical tech benchmarks despite the RSI at 55.24 suggesting neutral momentum. The stock trades only 2.82% above its 50-day SMA, indicating lack of strong trend confirmation. While fundamentals show high multiples, the absence of sector-specific P/E data prevents meaningful relative valuation. Without knowing if Apple's premium is justified by superior growth or simply market inertia, maintaining a position is prudent. A sudden drop in volume relative to average would further weaken the case, but current levels suggest waiting for clearer directional signals.",ok
113,fundamental: HOLD; trading: HOLD; challenger: HOLD. Group: HOLD. All agents agree. No agent decision changed from the previous round.,Group outcome HOLD; other identity: HOLD. All role decisions match across identities.,"Valuation multiples are significantly elevated, with a P/E of 30.79 and EV/EBITDA of 94.3. However, the Sector_PE is null, preventing a relative valuation assessment to determine if these premiums are justified by superior growth or represent overvaluation.","The stock trades at $267.61, only 2.82% above the 50-day SMA ($260.26), indicating weak bullish momentum rather than a confirmed breakout. The RSI of 55.24 is neutral, and the volume ratio of 0.9936 shows activity is flat relative to the 20-day average, lacking the surge needed to validate an upward trend.","I maintain a HOLD verdict. Valuation metrics (PE: 30.79, EV/EBITDA: 94.3) are significantly elevated, yet the lack of Sector PE data prevents determining if this premium is justified or excessive.","Decision summary plus first two reasoning sentences per agent; extractive, not a full factual audit.",rounds_2_real_name_generations_1,Qwen/Qwen3.5-9B,17,2,real_name,1,UDAX,Apple Inc.,confidence_falsifiability,"How confident are you in your BUY/SELL/HOLD call on Apple Inc. right now, on a rough scale from low to high, and what specific piece of missing information would most change your mind?",1,debate,False,1,HOLD,majority,"{""HOLD"": 3}",HOLD,"Valuation multiples are significantly elevated, with a P/E of 30.79 and EV/EBITDA of 94.3. However, the Sector_PE is null, preventing a relative valuation assessment to determine if these premiums are justified by superior growth or represent overvaluation. While fundamentals appear strong given the recent quarter date (2026-03-28), the lack of peer benchmarks makes it impossible to confirm fair value. Without sector context, holding avoids the risk of buying at an unjustified premium.",ok,HOLD,"The stock trades at $267.61, only 2.82% above the 50-day SMA ($260.26), indicating weak bullish momentum rather than a confirmed breakout. The RSI of 55.24 is neutral, and the volume ratio of 0.9936 shows activity is flat relative to the 20-day average, lacking the surge needed to validate an upward trend. While the price is technically positive, the marginal distance from the moving average combined with insufficient volume support creates uncertainty for an immediate directional move. A BUY requires stronger volume confirmation; a SELL needs bearish divergence or a drop below key support. Therefore, maintaining the current position is prudent until clearer trends emerge.",ok,HOLD,"I maintain a HOLD verdict. Valuation metrics (PE: 30.79, EV/EBITDA: 94.3) are significantly elevated, yet the lack of Sector PE data prevents determining if this premium is justified or excessive. Technically, price sits only 2.82% above the SMA_50 with neutral RSI (55.24) and flat volume (0.9936), offering no strong trend confirmation. The strongest counterargument to my position is that high multiples might signal superior growth expectations not captured by current earnings; however, without sector benchmarks or forward guidance details, this remains speculative. Missing sector-specific valuation context is the critical gap preventing a directional call.",ok
114,fundamental: HOLD; trading: HOLD; challenger: HOLD. Group: HOLD. All agents agree. No agent decision changed from the previous round.,Group outcome HOLD; other identity: HOLD. All role decisions match across identities.,"Valuation multiples are extremely elevated, with a P/E of 30.79 and EV/EBITDA of 94.3, suggesting potential overvaluation. However, the Sector_PE is null in the provided data, preventing a critical relative valuation assessment to determine if these premiums are justified by superior growth or represent an unjustified bubble.","Price ($267.61) trades only 2.82% above the 50-day SMA ($260.26), indicating a lack of strong bullish momentum. The volume ratio (0.9936) is flat relative to the 20-day average, failing to confirm a breakout.","I maintain a HOLD verdict. Valuation metrics (PE: 30.79, EV/EBITDA: 94.3) are significantly elevated, yet the lack of Sector PE data prevents determining if this premium is justified or excessive.","Decision summary plus first two reasoning sentences per agent; extractive, not a full factual audit.",rounds_2_real_name_generations_1,Qwen/Qwen3.5-9B,17,2,real_name,1,UDAX,Apple Inc.,confidence_falsifiability,"How confident are you in your BUY/SELL/HOLD call on Apple Inc. right now, on a rough scale from low to high, and what specific piece of missing information would most change your mind?",2,debate,True,1,HOLD,majority,"{""HOLD"": 3}",HOLD,"Valuation multiples are extremely elevated, with a P/E of 30.79 and EV/EBITDA of 94.3, suggesting potential overvaluation. However, the Sector_PE is null in the provided data, preventing a critical relative valuation assessment to determine if these premiums are justified by superior growth or represent an unjustified bubble. Without sector benchmarks, it is impossible to confirm fair value. While fundamentals appear strong given the recent quarter date (2026-03-28), the lack of peer context makes directional calls speculative. Maintaining a HOLD position avoids the risk of buying at a potentially excessive premium until relative valuation can be established.",ok,HOLD,"Price ($267.61) trades only 2.82% above the 50-day SMA ($260.26), indicating a lack of strong bullish momentum. The volume ratio (0.9936) is flat relative to the 20-day average, failing to confirm a breakout. RSI (55.24) remains neutral. While price is technically positive, the marginal distance from the moving average combined with insufficient volume support creates uncertainty for an immediate directional move. A BUY requires stronger volume confirmation; a SELL needs bearish divergence. Therefore, maintaining the current position is prudent until clearer trends emerge.",ok,HOLD,"I maintain a HOLD verdict. Valuation metrics (PE: 30.79, EV/EBITDA: 94.3) are significantly elevated, yet the lack of Sector PE data prevents determining if this premium is justified or excessive. Technically, price sits only 2.82% above the SMA_50 with neutral RSI (55.24) and flat volume (0.9936), offering no strong trend confirmation. The strongest counterargument to my position is that high multiples might signal superior growth expectations not captured by current earnings; however, without sector benchmarks or forward guidance details, this remains speculative. Missing sector-specific valuation context is the critical gap preventing a directional call.",ok
115,fundamental: EXPENSIVE; trading: FAIRLY_PRICED; challenger: EXPENSIVE. Group: EXPENSIVE. Agents disagree. Independent baseline.,Group outcome EXPENSIVE; other identity: EXPENSIVE. Different agent decisions: trading.,"Caterpillar Inc. trades at a P/E ratio of 32.2, significantly elevated relative to its high PB (17.59) and PS (18.85) multiples, suggesting a premium valuation.","Caterpillar's current price of $828.79 is trading 11.51% above its 50-day moving average ($743.22), indicating a positive short-term trend and bullish momentum supported by an RSI of 69.43 (approaching overbought but not extreme). However, the volume ratio of 0.9075 suggests trading activity is below the 20-day average, which may dampen immediate breakout conviction.","Caterpillar appears significantly overvalued based on current multiples. The P/E ratio of 32.2, PB ratio of 17.59, and PS ratio of 18.85 are exceptionally high for an industrial cyclical leader.","Decision summary plus first two reasoning sentences per agent; extractive, not a full factual audit.",rounds_2_real_name_generations_1,Qwen/Qwen3.5-9B,17,2,real_name,1,IHHE,Caterpillar Inc.,valuation_forcing,"Based on the data available to you, does Caterpillar Inc. look attractively priced, fairly priced, or expensive right now — and specifically why?",0,baseline,False,1,EXPENSIVE,majority,"{""EXPENSIVE"": 2, ""FAIRLY_PRICED"": 1}",EXPENSIVE,"Caterpillar Inc. trades at a P/E ratio of 32.2, significantly elevated relative to its high PB (17.59) and PS (18.85) multiples, suggesting a premium valuation. The EV/EBITDA of 93.22 indicates extremely expensive debt-adjusted earnings. While the sector P/E is unavailable for direct comparison, these internal metrics alone signal overvaluation without evidence of extraordinary near-term growth justifying such premiums. The data snapshot from April 2026 reflects current pricing pressures.",ok,FAIRLY_PRICED,"Caterpillar's current price of $828.79 is trading 11.51% above its 50-day moving average ($743.22), indicating a positive short-term trend and bullish momentum supported by an RSI of 69.43 (approaching overbought but not extreme). However, the volume ratio of 0.9075 suggests trading activity is below the 20-day average, which may dampen immediate breakout conviction. While the price premium relative to the SMA implies strength, it does not confirm intrinsic undervaluation without fundamental metrics like P/E ratios or sector comparisons. Consequently, the stock appears fairly priced technically: strong relative to recent averages but lacking the surging volume often seen in attractively priced breakouts.",ok,EXPENSIVE,"Caterpillar appears significantly overvalued based on current multiples. The P/E ratio of 32.2, PB ratio of 17.59, and PS ratio of 18.85 are exceptionally high for an industrial cyclical leader. Furthermore, the EV/EBITDA multiple of 93.22 indicates extreme valuation relative to earnings power. Technical data supports this premium; the stock trades 11.51% above its 50-day SMA with an RSI of 69.43, suggesting strong momentum but also potential exhaustion. Without sector benchmark data to confirm if these multiples are industry-leading anomalies or justified by unprecedented growth, the absolute levels suggest a costly entry point.",ok
116,fundamental: EXPENSIVE; trading: FAIRLY_PRICED; challenger: EXPENSIVE. Group: EXPENSIVE. Agents disagree. No agent decision changed from the previous round.,Group outcome EXPENSIVE; other identity: EXPENSIVE. Different agent decisions: trading.,"Caterpillar's valuation multiples are exceptionally high. The P/E ratio of 32.2, PB ratio of 17.59, and PS ratio of 18.85 indicate a significant premium.","The current price of $828.79 is 11.51% above the 50-day SMA ($743.22), indicating strong short-term momentum and a premium relative to recent averages, which aligns with an RSI of 69.43 (approaching overbought). However, the volume ratio of 0.9075 shows activity below the 20-day average, dampening breakout conviction.","Caterpillar is significantly overvalued based on fundamental multiples. The P/E ratio of 32.2, PB of 17.59, and EV/EBITDA of 93.22 are exceptionally high for a cyclical industrial leader.","Decision summary plus first two reasoning sentences per agent; extractive, not a full factual audit.",rounds_2_real_name_generations_1,Qwen/Qwen3.5-9B,17,2,real_name,1,IHHE,Caterpillar Inc.,valuation_forcing,"Based on the data available to you, does Caterpillar Inc. look attractively priced, fairly priced, or expensive right now — and specifically why?",1,debate,False,1,EXPENSIVE,majority,"{""EXPENSIVE"": 2, ""FAIRLY_PRICED"": 1}",EXPENSIVE,"Caterpillar's valuation multiples are exceptionally high. The P/E ratio of 32.2, PB ratio of 17.59, and PS ratio of 18.85 indicate a significant premium. Most critically, the EV/EBITDA multiple of 93.22 suggests extreme overvaluation relative to earnings power. While the sector P/E is unavailable for direct comparison, these absolute figures for an industrial cyclical leader typically signal expensive pricing unless justified by unprecedented growth, which current data does not confirm. The snapshot from April 2026 reflects these elevated levels.",ok,FAIRLY_PRICED,"The current price of $828.79 is 11.51% above the 50-day SMA ($743.22), indicating strong short-term momentum and a premium relative to recent averages, which aligns with an RSI of 69.43 (approaching overbought). However, the volume ratio of 0.9075 shows activity below the 20-day average, dampening breakout conviction. While peer claims cite high valuation multiples (P/E 32.2, EV/EBITDA 93.22), these fundamental metrics are outside the scope of the supplied trading data. Based strictly on available technical fields, the stock reflects strength but lacks the surging volume often associated with 'attractively priced' breakouts, suggesting a fair technical valuation.",ok,EXPENSIVE,"Caterpillar is significantly overvalued based on fundamental multiples. The P/E ratio of 32.2, PB of 17.59, and EV/EBITDA of 93.22 are exceptionally high for a cyclical industrial leader. While the trading analyst notes technical strength (RSI 69.43, +11.51% above SMA), this momentum does not justify such extreme valuation premiums without sector benchmarks or evidence of unprecedented growth. The missing Sector_PE prevents confirming if these multiples are industry-leading anomalies, but absolute levels suggest an expensive entry point.",ok
117,fundamental: EXPENSIVE; trading: FAIRLY_PRICED; challenger: EXPENSIVE. Group: EXPENSIVE. Agents disagree. No agent decision changed from the previous round.,Group outcome EXPENSIVE; other identity: EXPENSIVE. Different agent decisions: trading.,"Caterpillar's valuation multiples are exceptionally high. The P/E ratio of 32.2, PB ratio of 17.59, and PS ratio of 18.85 indicate a significant premium.","Based strictly on supplied trading data, Caterpillar is fairly priced. The Close Price ($828.79) sits 11.51% above the 50-day SMA ($743.22), indicating a premium consistent with strong short-term momentum.","Caterpillar is significantly overvalued based on absolute multiples. The EV/EBITDA of 93.22 and P/E of 32.2 are exceptionally high for a cyclical industrial leader, suggesting the market prices in massive future growth not currently evident in the data.","Decision summary plus first two reasoning sentences per agent; extractive, not a full factual audit.",rounds_2_real_name_generations_1,Qwen/Qwen3.5-9B,17,2,real_name,1,IHHE,Caterpillar Inc.,valuation_forcing,"Based on the data available to you, does Caterpillar Inc. look attractively priced, fairly priced, or expensive right now — and specifically why?",2,debate,True,1,EXPENSIVE,majority,"{""EXPENSIVE"": 2, ""FAIRLY_PRICED"": 1}",EXPENSIVE,"Caterpillar's valuation multiples are exceptionally high. The P/E ratio of 32.2, PB ratio of 17.59, and PS ratio of 18.85 indicate a significant premium. Most critically, the EV/EBITDA multiple of 93.22 suggests extreme overvaluation relative to earnings power. While the sector P/E is unavailable for direct comparison, these absolute figures for an industrial cyclical leader typically signal expensive pricing unless justified by unprecedented growth, which current data does not confirm. The snapshot from April 2026 reflects these elevated levels.",ok,FAIRLY_PRICED,"Based strictly on supplied trading data, Caterpillar is fairly priced. The Close Price ($828.79) sits 11.51% above the 50-day SMA ($743.22), indicating a premium consistent with strong short-term momentum. However, the RSI of 69.43 approaches overbought territory without confirmation from volume; the Volume-to-AvgVol20 ratio is 0.9075, showing activity below the 20-day average. This lack of surging volume dampens breakout conviction, preventing a classification as 'attractively priced.' Conversely, the absence of extreme volume spikes or deep discounts relative to moving averages precludes labeling it 'expensive' based solely on technicals. Fundamental multiples cited by peers (e.g., EV/EBITDA 93.22) are outside the scope of this analysis.",ok,EXPENSIVE,"Caterpillar is significantly overvalued based on absolute multiples. The EV/EBITDA of 93.22 and P/E of 32.2 are exceptionally high for a cyclical industrial leader, suggesting the market prices in massive future growth not currently evident in the data. While technicals show strength (Price +11.51% above SMA50), this momentum does not justify such extreme fundamental premiums without sector benchmarks. The trading analyst's dismissal of fundamentals is incorrect; valuation quality relies on these metrics, not just volume or RSI. The absence of Sector_PE prevents normalization checks, but the raw multiples alone indicate an expensive entry point.",ok
118,fundamental: NO; trading: NO; challenger: NO. Group: NO. All agents agree. Independent baseline.,Group outcome NO; other identity: NO. All role decisions match across identities.,"Caterpillar's valuation multiples are excessively high for a core holding without comparable sector data. The P/E ratio of 32.2 and EV/EBITDA of 93.22 suggest significant overvaluation relative to historical norms, implying limited margin of safety for a 3–5 year horizon.","For a 3–5 year core holding, current technicals suggest overextension. The stock trades 11.51% above its 50-day moving average with an RSI of 69.43, indicating the asset is in overbought territory and vulnerable to a mean reversion correction.","Caterpillar appears overvalued for a 3–5 year core holding based on the provided metrics. The P/E ratio of 32.2, PB ratio of 17.59, and EV/EBITDA of 93.22 suggest extreme valuation multiples relative to typical industrial peers, implying limited margin of safety.","Decision summary plus first two reasoning sentences per agent; extractive, not a full factual audit.",rounds_2_real_name_generations_1,Qwen/Qwen3.5-9B,17,2,real_name,1,IHHE,Caterpillar Inc.,core_holding,"Is Caterpillar Inc. a good core holding for a 3–5 year investment thesis, based on the information available to you?",0,baseline,False,1,NO,majority,"{""NO"": 3}",NO,"Caterpillar's valuation multiples are excessively high for a core holding without comparable sector data. The P/E ratio of 32.2 and EV/EBITDA of 93.22 suggest significant overvaluation relative to historical norms, implying limited margin of safety for a 3–5 year horizon. While the company may be fundamentally sound, entering at these levels exposes investors to substantial downside risk if growth expectations fail to materialize or if cyclical downturns occur. The absence of Sector PE prevents a meaningful relative valuation assessment, increasing uncertainty. Without evidence of sustained earnings acceleration justifying such premiums, the risk-reward profile appears unfavorable.",ok,NO,"For a 3–5 year core holding, current technicals suggest overextension. The stock trades 11.51% above its 50-day moving average with an RSI of 69.43, indicating the asset is in overbought territory and vulnerable to a mean reversion correction. While volume is near average (ratio 0.9075), confirming no panic selling or accumulation, the lack of a bullish breakout from the SMA suggests momentum is waning rather than accelerating. Without evidence of strong long-term fundamental growth drivers beyond the price action, the risk of a significant pullback outweighs the potential for immediate upside in this specific timeframe.",ok,NO,"Caterpillar appears overvalued for a 3–5 year core holding based on the provided metrics. The P/E ratio of 32.2, PB ratio of 17.59, and EV/EBITDA of 93.22 suggest extreme valuation multiples relative to typical industrial peers, implying limited margin of safety. Additionally, the RSI of 69.43 indicates the stock is approaching overbought territory, while trading 11.51% above its 50-day SMA signals short-term momentum exhaustion rather than long-term value. Without sector-specific P/E data to confirm if these premiums are justified by industry leadership, the risk/reward profile seems unfavorable for a multi-year core position.",ok
119,fundamental: NO; trading: NO; challenger: NO. Group: NO. All agents agree. No agent decision changed from the previous round.,Group outcome NO; other identity: NO. All role decisions match across identities.,Caterpillar's valuation multiples are excessively high for a core holding. The P/E ratio of 32.2 and EV/EBITDA of 93.22 imply significant overvaluation without a sector benchmark to justify the premium.,"Current technicals indicate overextension for a core entry. The stock trades 11.51% above its 50-day SMA (PriceVsSMA50_Percent: 11.51), suggesting momentum exhaustion rather than value accumulation.","Caterpillar presents a poor entry point for a 3–5 year core holding due to extreme valuation multiples and stretched technicals. The P/E ratio of 32.2, PB of 17.59, and EV/EBITDA of 93.22 imply the stock is priced for perfection with minimal margin of safety.","Decision summary plus first two reasoning sentences per agent; extractive, not a full factual audit.",rounds_2_real_name_generations_1,Qwen/Qwen3.5-9B,17,2,real_name,1,IHHE,Caterpillar Inc.,core_holding,"Is Caterpillar Inc. a good core holding for a 3–5 year investment thesis, based on the information available to you?",1,debate,False,1,NO,majority,"{""NO"": 3}",NO,"Caterpillar's valuation multiples are excessively high for a core holding. The P/E ratio of 32.2 and EV/EBITDA of 93.22 imply significant overvaluation without a sector benchmark to justify the premium. While the company may be fundamentally sound, entering at these levels exposes investors to substantial downside risk if cyclical downturns occur or growth expectations fail. The absence of Sector PE prevents a meaningful relative valuation assessment, increasing uncertainty regarding whether these premiums are justified by industry leadership.",ok,NO,"Current technicals indicate overextension for a core entry. The stock trades 11.51% above its 50-day SMA (PriceVsSMA50_Percent: 11.51), suggesting momentum exhaustion rather than value accumulation. An RSI of 69.43 confirms overbought conditions, increasing the risk of near-term mean reversion. Volume is flat at 0.9075x average, lacking the surge needed to validate a breakout. While this data supports short-term caution, it does not confirm long-term intrinsic growth drivers or justify current premiums without fundamental thesis evidence. Entering at these levels exposes capital to downside volatility before any potential recovery.",ok,NO,"Caterpillar presents a poor entry point for a 3–5 year core holding due to extreme valuation multiples and stretched technicals. The P/E ratio of 32.2, PB of 17.59, and EV/EBITDA of 93.22 imply the stock is priced for perfection with minimal margin of safety. Technically, the RSI of 69.43 and price trading 11.51% above the 50-day SMA indicate overextension. Crucially, the absence of Sector PE data prevents validating if these premiums are industry-wide or company-specific anomalies. Without confirmation that earnings can sustain such high multiples through a potential cyclical downturn, the downside risk outweighs the upside potential.",ok
120,fundamental: NO; trading: NO; challenger: NO. Group: NO. All agents agree. No agent decision changed from the previous round.,Group outcome NO; other identity: NO. All role decisions match across identities.,Caterpillar's valuation multiples are excessively high for a core holding. The P/E ratio of 32.2 and EV/EBITDA of 93.22 imply significant overvaluation without a sector benchmark to justify the premium.,"The stock trades 11.51% above its 50-day SMA, indicating significant overextension relative to recent trend. Momentum is elevated with an RSI of 69.43, suggesting potential exhaustion before a mean reversion.","The data indicates severe overvaluation with a P/E of 32.2 and an anomalous EV/EBITDA of 93.22, suggesting the stock is priced for perfection without a safety margin. Technicals confirm this pressure, with the RSI at 69.43 and price trading 11.51% above the 50-day SMA.","Decision summary plus first two reasoning sentences per agent; extractive, not a full factual audit.",rounds_2_real_name_generations_1,Qwen/Qwen3.5-9B,17,2,real_name,1,IHHE,Caterpillar Inc.,core_holding,"Is Caterpillar Inc. a good core holding for a 3–5 year investment thesis, based on the information available to you?",2,debate,True,1,NO,majority,"{""NO"": 3}",NO,"Caterpillar's valuation multiples are excessively high for a core holding. The P/E ratio of 32.2 and EV/EBITDA of 93.22 imply significant overvaluation without a sector benchmark to justify the premium. While the company may be fundamentally sound, entering at these levels exposes investors to substantial downside risk if cyclical downturns occur or growth expectations fail. The absence of Sector PE prevents a meaningful relative valuation assessment, increasing uncertainty regarding whether these premiums are justified by industry leadership.",ok,NO,"The stock trades 11.51% above its 50-day SMA, indicating significant overextension relative to recent trend. Momentum is elevated with an RSI of 69.43, suggesting potential exhaustion before a mean reversion. Volume ratio is flat at 0.9075x, lacking the surge required to validate a breakout. While this data supports short-term caution, it does not confirm long-term intrinsic growth drivers or justify current premiums without fundamental thesis evidence. Entering at these levels exposes capital to downside volatility.",ok,NO,"The data indicates severe overvaluation with a P/E of 32.2 and an anomalous EV/EBITDA of 93.22, suggesting the stock is priced for perfection without a safety margin. Technicals confirm this pressure, with the RSI at 69.43 and price trading 11.51% above the 50-day SMA. Crucially, the absence of Sector PE prevents validating if these multiples are justified by industry-wide strength or represent company-specific bubbles. Entering a core position at these levels exposes capital to significant downside risk if cyclical growth slows, as the current premium leaves no room for error in earnings forecasts.",ok
121,fundamental: HOLD; trading: HOLD; challenger: HOLD. Group: HOLD. All agents agree. Independent baseline.,Group outcome HOLD; other identity: HOLD. Different agent decisions: challenger.,"Caterpillar's valuation multiples are significantly elevated relative to historical norms, with a P/E of 32.2 and EV/EBITDA of 93.22. However, the sector P/E is missing (null), preventing a direct comparison to determine if these premiums are justified by industry leadership or represent overvaluation.","Caterpillar Inc. is trading at $828.79, significantly above its 50-day SMA of $743.22 (11.51% premium), indicating strong short-term momentum and bullish positioning.","Caterpillar presents a significant overvaluation risk. The stock trades at a PE of 32.2, PB of 17.59, and EV/EBITDA of 93.22, which are exceptionally high multiples for an industrial cyclical leader.","Decision summary plus first two reasoning sentences per agent; extractive, not a full factual audit.",rounds_2_real_name_generations_1,Qwen/Qwen3.5-9B,17,2,real_name,1,IHHE,Caterpillar Inc.,confidence_falsifiability,"How confident are you in your BUY/SELL/HOLD call on Caterpillar Inc. right now, on a rough scale from low to high, and what specific piece of missing information would most change your mind?",0,baseline,False,1,HOLD,majority,"{""HOLD"": 3}",HOLD,"Caterpillar's valuation multiples are significantly elevated relative to historical norms, with a P/E of 32.2 and EV/EBITDA of 93.22. However, the sector P/E is missing (null), preventing a direct comparison to determine if these premiums are justified by industry leadership or represent overvaluation. The high PS ratio of 18.85 further suggests aggressive pricing. Without sector context or forward growth rates to validate the premium, maintaining a neutral position is prudent until the risk-reward profile clarifies.",ok,HOLD,"Caterpillar Inc. is trading at $828.79, significantly above its 50-day SMA of $743.22 (11.51% premium), indicating strong short-term momentum and bullish positioning. However, the RSI_14 of 69.43 suggests the stock is approaching overbought territory, raising immediate reversal risks. Volume is slightly below average (0.9075 ratio), which dampens conviction in a breakout scenario despite the price strength. While technicals favor upside, the lack of sector P/E data prevents an intrinsic valuation check to confirm if this premium is justified long-term. Given the divergence between high relative price and cooling volume/RSI signals, maintaining the position is prudent until clarity emerges.",ok,HOLD,"Caterpillar presents a significant overvaluation risk. The stock trades at a PE of 32.2, PB of 17.59, and EV/EBITDA of 93.22, which are exceptionally high multiples for an industrial cyclical leader. While the RSI of 69.43 indicates bullish momentum with the price 11.51% above its 50-day SMA, these technical strengths are undermined by fundamental stretch. Without a sector P/E ratio to benchmark these valuations against industry peers, it is impossible to determine if Caterpillar's premium is justified or excessive. The lack of recent earnings growth data in the snapshot further obscures whether current prices reflect anticipated future performance or speculative excess.",ok
122,fundamental: HOLD; trading: HOLD; challenger: HOLD. Group: HOLD. All agents agree. No agent decision changed from the previous round.,Group outcome HOLD; other identity: HOLD. Different agent decisions: challenger.,"Caterpillar's valuation multiples are exceptionally high (P/E: 32.2, EV/EBITDA: 93.22), suggesting significant premium pricing. However, the critical Sector P/E ratio is missing from the data, preventing a necessary comparison to determine if these levels reflect justified industry leadership or unsustainable overvaluation.","Caterpillar trades at $828.79, 11.51% above the 50-day SMA ($743.22), indicating strong short-term momentum. However, the RSI_14 of 69.43 signals approaching overbought conditions, creating immediate reversal risk.","Caterpillar's valuation metrics (PE: 32.2, PB: 17.59, EV/EBITDA: 93.22) are exceptionally high, suggesting significant overvaluation risk for a cyclical leader. While technicals show bullish momentum with the price 11.51% above the 50-day SMA and an RSI of 69.43, the lack of sector P/E data prevents determining if this premium is justified by industry leadership or represents speculative excess.","Decision summary plus first two reasoning sentences per agent; extractive, not a full factual audit.",rounds_2_real_name_generations_1,Qwen/Qwen3.5-9B,17,2,real_name,1,IHHE,Caterpillar Inc.,confidence_falsifiability,"How confident are you in your BUY/SELL/HOLD call on Caterpillar Inc. right now, on a rough scale from low to high, and what specific piece of missing information would most change your mind?",1,debate,False,1,HOLD,majority,"{""HOLD"": 3}",HOLD,"Caterpillar's valuation multiples are exceptionally high (P/E: 32.2, EV/EBITDA: 93.22), suggesting significant premium pricing. However, the critical Sector P/E ratio is missing from the data, preventing a necessary comparison to determine if these levels reflect justified industry leadership or unsustainable overvaluation. Without this benchmark or forward growth rates to validate the premium, the risk-reward profile remains unclear. The elevated PS and PB ratios further indicate aggressive pricing, but lack of peer context prevents a definitive directional call.",ok,HOLD,"Caterpillar trades at $828.79, 11.51% above the 50-day SMA ($743.22), indicating strong short-term momentum. However, the RSI_14 of 69.43 signals approaching overbought conditions, creating immediate reversal risk. Crucially, Volume_to_AvgVol20 is 0.9075, meaning volume is below average despite the price premium; this lack of conviction undermines a breakout thesis. While technicals show bullish positioning, the divergence between high relative price and cooling volume suggests caution. Additionally, peer claims cite PE/PB multiples (e.g., PE 32.2) which are absent from the supplied trading data, reinforcing that intrinsic valuation cannot be confirmed without external facts. Given the limited evidence on volume support and missing fundamental context, maintaining the position is prudent.",ok,HOLD,"Caterpillar's valuation metrics (PE: 32.2, PB: 17.59, EV/EBITDA: 93.22) are exceptionally high, suggesting significant overvaluation risk for a cyclical leader. While technicals show bullish momentum with the price 11.51% above the 50-day SMA and an RSI of 69.43, the lack of sector P/E data prevents determining if this premium is justified by industry leadership or represents speculative excess. Without comparable peer multiples to validate the stretch in valuation, maintaining a neutral position is prudent until the risk-reward profile clarifies.",ok
123,fundamental: HOLD; trading: HOLD; challenger: HOLD. Group: HOLD. All agents agree. No agent decision changed from the previous round.,Group outcome HOLD; other identity: HOLD. Different agent decisions: challenger.,"Caterpillar's valuation multiples are exceptionally high (P/E: 32.2, EV/EBITDA: 93.22), suggesting a significant premium. However, the Sector P/E ratio is null in the provided data, preventing a critical comparison to determine if this premium reflects justified industry leadership or unsustainable overvaluation.","Caterpillar trades at $828.79, significantly above the 50-day SMA ($743.22), indicating strong short-term momentum with an 11.51% premium. However, the RSI_14 of 69.43 signals approaching overbought conditions, creating immediate reversal risk.","Valuation metrics (PE: 32.2, PB: 17.59, EV/EBITDA: 93.22) indicate extreme overvaluation relative to historical norms for a cyclical leader, suggesting limited upside margin of safety. While technicals show bullish momentum with price 11.51% above the 50-day SMA and an RSI of 69.43, the volume-to-average ratio of 0.9075 indicates weak participation in this rally, undermining conviction.","Decision summary plus first two reasoning sentences per agent; extractive, not a full factual audit.",rounds_2_real_name_generations_1,Qwen/Qwen3.5-9B,17,2,real_name,1,IHHE,Caterpillar Inc.,confidence_falsifiability,"How confident are you in your BUY/SELL/HOLD call on Caterpillar Inc. right now, on a rough scale from low to high, and what specific piece of missing information would most change your mind?",2,debate,True,1,HOLD,majority,"{""HOLD"": 3}",HOLD,"Caterpillar's valuation multiples are exceptionally high (P/E: 32.2, EV/EBITDA: 93.22), suggesting a significant premium. However, the Sector P/E ratio is null in the provided data, preventing a critical comparison to determine if this premium reflects justified industry leadership or unsustainable overvaluation. While PB and PS ratios also appear elevated, the absence of peer benchmarks makes it impossible to assess relative value. Without knowing if the sector trades at similar levels, a definitive directional call on risk versus reward cannot be made.",ok,HOLD,"Caterpillar trades at $828.79, significantly above the 50-day SMA ($743.22), indicating strong short-term momentum with an 11.51% premium. However, the RSI_14 of 69.43 signals approaching overbought conditions, creating immediate reversal risk. Crucially, Volume_to_AvgVol20 is 0.9075, meaning volume is below average despite the price breakout; this lack of conviction undermines a bullish thesis. While technicals show bullish positioning, the divergence between high relative price and cooling volume suggests caution. Additionally, peer claims cite PE/PB multiples which are absent from the supplied trading data, reinforcing that intrinsic valuation cannot be confirmed without external facts. Given the limited evidence on volume support and missing fundamental context, maintaining the position is prudent.",ok,HOLD,"Valuation metrics (PE: 32.2, PB: 17.59, EV/EBITDA: 93.22) indicate extreme overvaluation relative to historical norms for a cyclical leader, suggesting limited upside margin of safety. While technicals show bullish momentum with price 11.51% above the 50-day SMA and an RSI of 69.43, the volume-to-average ratio of 0.9075 indicates weak participation in this rally, undermining conviction. The critical missing piece is the Sector P/E Ratio; without it, we cannot determine if Caterpillar's premium reflects justified industry dominance or speculative excess. Given the disconnect between astronomical multiples and tepid volume support, maintaining a neutral stance until peer context clarifies the risk-reward profile is prudent.",ok
124,fundamental: EXPENSIVE; trading: ATTRACTIVELY_PRICED; challenger: ATTRACTIVELY_PRICED. Group: ATTRACTIVELY_PRICED. Agents disagree. Independent baseline.,Group outcome ATTRACTIVELY_PRICED; other identity: ATTRACTIVELY_PRICED. All role decisions match across identities.,"McDonald's valuation appears significantly stretched based on current multiples. The P/E ratio of 27.85 and PS ratio of 33.89 are notably high, while the EV/EBITDA of 78.28 is exceptionally elevated for a mature consumer staple.","McDonald's stock appears attractively priced based on technical indicators. The current close of $290.21 is 8.38% below the 50-day moving average ($316.76), with a Price-to-SMA50 ratio of 0.9162, suggesting an oversold condition relative to recent trend.","McDonald's appears attractively priced based on technical oversold conditions and a discount to its moving average. The RSI_14 of 29.99 indicates the stock is deeply oversold, while the Close_Price trades 8.38% below the SMA_50 (PriceVsSMA50_Percent), suggesting potential mean reversion.","Decision summary plus first two reasoning sentences per agent; extractive, not a full factual audit.",rounds_2_real_name_generations_1,Qwen/Qwen3.5-9B,17,2,real_name,1,XDVX,McDonald's Corporation,valuation_forcing,"Based on the data available to you, does McDonald's Corporation look attractively priced, fairly priced, or expensive right now — and specifically why?",0,baseline,False,1,ATTRACTIVELY_PRICED,majority,"{""EXPENSIVE"": 1, ""ATTRACTIVELY_PRICED"": 2}",EXPENSIVE,"McDonald's valuation appears significantly stretched based on current multiples. The P/E ratio of 27.85 and PS ratio of 33.89 are notably high, while the EV/EBITDA of 78.28 is exceptionally elevated for a mature consumer staple. Without sector P/E data to confirm relative positioning, these absolute figures suggest overvaluation compared to historical norms for the industry. The lack of PB ratio further limits a comprehensive view, but the available metrics strongly point to an expensive price tag.",ok,ATTRACTIVELY_PRICED,"McDonald's stock appears attractively priced based on technical indicators. The current close of $290.21 is 8.38% below the 50-day moving average ($316.76), with a Price-to-SMA50 ratio of 0.9162, suggesting an oversold condition relative to recent trend. Additionally, the RSI_14 is at 29.99, indicating significant selling pressure and potential mean reversion. Volume is elevated at 1.64 times the 20-day average, which may signal active accumulation or continued momentum in the downward direction; however, given the price discount to the SMA, this volume could also represent capitulation. While intrinsic valuation metrics like P/E are missing, the technical setup points to a buying opportunity for short-term traders seeking value relative to the immediate trend.",ok,ATTRACTIVELY_PRICED,"McDonald's appears attractively priced based on technical oversold conditions and a discount to its moving average. The RSI_14 of 29.99 indicates the stock is deeply oversold, while the Close_Price trades 8.38% below the SMA_50 (PriceVsSMA50_Percent), suggesting potential mean reversion. Although valuation multiples are high (PE: 27.85, PS: 33.89, EV_EBITDA: 78.28), these metrics lack context without sector peers or historical averages for comparison. The significant volume spike (Volume_to_AvgVol20: 1.64) at these levels could signal accumulation rather than panic selling. However, the extremely high PS ratio relative to the PE ratio warrants caution regarding revenue quality or one-time charges not visible in this snapshot.",ok
125,fundamental: EXPENSIVE; trading: ATTRACTIVELY_PRICED; challenger: FAIRLY_PRICED. Group: NO_MAJORITY. Agents disagree. Agent changes: challenger: ATTRACTIVELY_PRICED → FAIRLY_PRICED.,Group outcome NO_MAJORITY; other identity: ATTRACTIVELY_PRICED. Different agent decisions: challenger.,"McDonald's valuation metrics are exceptionally high. The P/E ratio of 27.85 and PS ratio of 33.89 suggest a premium price, while the EV/EBITDA of 78.28 is alarmingly elevated for a mature consumer staple.","Based strictly on the provided trading data, McDonald's appears attractively priced due to significant technical oversold conditions. The Close_Price of $290.21 is 8.38% below the SMA_50 ($316.76), with a Price_to_SMA50 ratio of 0.9162, indicating a discount to the short-term trend.","McDonald's valuation is mixed: technicals (RSI 29.99, -8.38% discount to SMA50) suggest short-term undervaluation and potential mean reversion, while fundamental multiples (PE 27.85, PS 33.89, EV/EBITDA 78.28) indicate significant long-term overvaluation relative to historical norms for a mature staple. The extreme EV/EBITDA of 78.28 is the primary concern, suggesting high capital costs or depressed earnings quality not fully captured by P/E alone.","Decision summary plus first two reasoning sentences per agent; extractive, not a full factual audit.",rounds_2_real_name_generations_1,Qwen/Qwen3.5-9B,17,2,real_name,1,XDVX,McDonald's Corporation,valuation_forcing,"Based on the data available to you, does McDonald's Corporation look attractively priced, fairly priced, or expensive right now — and specifically why?",1,debate,False,1,NO_MAJORITY,no_majority,"{""EXPENSIVE"": 1, ""ATTRACTIVELY_PRICED"": 1, ""FAIRLY_PRICED"": 1}",EXPENSIVE,"McDonald's valuation metrics are exceptionally high. The P/E ratio of 27.85 and PS ratio of 33.89 suggest a premium price, while the EV/EBITDA of 78.28 is alarmingly elevated for a mature consumer staple. Although peer answers cite technical oversold conditions (RSI ~30) to argue for an attractive entry point, these trading signals do not address fundamental overvaluation. Without sector P/E data to confirm relative positioning or historical context, the absolute multiples indicate significant overpricing. The discrepancy between high valuations and low technical momentum warrants caution rather than viewing this as value.",ok,ATTRACTIVELY_PRICED,"Based strictly on the provided trading data, McDonald's appears attractively priced due to significant technical oversold conditions. The Close_Price of $290.21 is 8.38% below the SMA_50 ($316.76), with a Price_to_SMA50 ratio of 0.9162, indicating a discount to the short-term trend. This aligns with an RSI_14 of 29.99, signaling deep oversold status and potential mean reversion. Furthermore, Volume is 1.64x the 20-day average, suggesting active participation at these lower levels. While the fundamental agent cites high valuation multiples (PE, PS, EV/EBITDA), those metrics are absent from my specific Data snapshot and cannot be used as evidence for this technical assessment. Therefore, the price relative to the moving average and momentum indicators support an attractive entry point.",ok,FAIRLY_PRICED,"McDonald's valuation is mixed: technicals (RSI 29.99, -8.38% discount to SMA50) suggest short-term undervaluation and potential mean reversion, while fundamental multiples (PE 27.85, PS 33.89, EV/EBITDA 78.28) indicate significant long-term overvaluation relative to historical norms for a mature staple. The extreme EV/EBITDA of 78.28 is the primary concern, suggesting high capital costs or depressed earnings quality not fully captured by P/E alone. Without sector benchmarks or PB data, it is impossible to definitively classify as 'attractive' despite low RSI, or strictly 'expensive' given the price discount. The evidence supports a neutral stance where current price reflects a balance between technical correction and stretched fundamentals.",ok
126,fundamental: EXPENSIVE; trading: ATTRACTIVELY_PRICED; challenger: FAIRLY_PRICED. Group: NO_MAJORITY. Agents disagree. No agent decision changed from the previous round.,Group outcome NO_MAJORITY; other identity: NO_MAJORITY. All role decisions match across identities.,"McDonald's valuation metrics are exceptionally high based on available fundamentals. The P/E ratio of 27.85 and PS ratio of 33.89 suggest a premium price, while the EV/EBITDA of 78.28 is alarmingly elevated for a mature consumer staple.","Based strictly on the supplied trading data, McDonald's appears attractively priced due to significant technical oversold conditions. The Close_Price of $290.21 is 8.38% below the SMA_50 ($316.76), with a Price_to_SMA50 ratio of 0.9162, indicating a discount to the short-term trend.","McDonald's valuation presents conflicting signals. Fundamentals show extreme multiples (PE: 27.85, EV/EBITDA: 78.28), suggesting long-term overvaluation typical of high-growth expectations or depressed earnings quality.","Decision summary plus first two reasoning sentences per agent; extractive, not a full factual audit.",rounds_2_real_name_generations_1,Qwen/Qwen3.5-9B,17,2,real_name,1,XDVX,McDonald's Corporation,valuation_forcing,"Based on the data available to you, does McDonald's Corporation look attractively priced, fairly priced, or expensive right now — and specifically why?",2,debate,True,1,NO_MAJORITY,no_majority,"{""EXPENSIVE"": 1, ""ATTRACTIVELY_PRICED"": 1, ""FAIRLY_PRICED"": 1}",EXPENSIVE,"McDonald's valuation metrics are exceptionally high based on available fundamentals. The P/E ratio of 27.85 and PS ratio of 33.89 suggest a premium price, while the EV/EBITDA of 78.28 is alarmingly elevated for a mature consumer staple. Although peer answers cite technical oversold conditions (RSI ~30) to argue for an attractive entry point, these trading signals do not address fundamental overvaluation. Without sector P/E data to confirm relative positioning or historical context, the absolute multiples indicate significant overpricing. The discrepancy between high valuations and low technical momentum warrants caution rather than viewing this as value.",ok,ATTRACTIVELY_PRICED,"Based strictly on the supplied trading data, McDonald's appears attractively priced due to significant technical oversold conditions. The Close_Price of $290.21 is 8.38% below the SMA_50 ($316.76), with a Price_to_SMA50 ratio of 0.9162, indicating a discount to the short-term trend. This aligns with an RSI_14 of 29.99, signaling deep oversold status and potential mean reversion. Furthermore, Volume is 1.64x the 20-day average, suggesting active participation at these lower levels. While fundamental agents cite high valuation multiples (PE, PS, EV/EBITDA), those metrics are absent from my specific Data snapshot and cannot be used as evidence for this technical assessment. Therefore, the price relative to the moving average and momentum indicators support an attractive entry point.",ok,FAIRLY_PRICED,"McDonald's valuation presents conflicting signals. Fundamentals show extreme multiples (PE: 27.85, EV/EBITDA: 78.28), suggesting long-term overvaluation typical of high-growth expectations or depressed earnings quality. However, technicals indicate a sharp correction: the stock is -8.38% below its 50-day SMA with an RSI of 29.99 (oversold). This disconnect suggests the current price may reflect a temporary capitulation rather than intrinsic value mispricing. Without sector benchmarks to contextualize the 78.28 EV/EBITDA, labeling it strictly 'expensive' ignores the significant discount to recent trends. Conversely, calling it 'attractive' ignores the stretched absolute multiples. The evidence supports a neutral stance where the price reflects a balance between fundamental stretch and technical weakness.",ok
127,fundamental: NO; trading: NO; challenger: NO. Group: NO. All agents agree. Independent baseline.,Group outcome NO; other identity: NO. All role decisions match across identities.,"McDonald's current valuation appears significantly stretched relative to available metrics. The Price-to-Sales ratio of 33.89 and EV/EBITDA of 78.28 are exceptionally high, suggesting the market has priced in substantial future growth that is not currently supported by the provided data.","The evidence suggests a short-term oversold condition rather than a strong core holding signal. The price is trading 8.38% below the 50-day moving average (SMA), indicating negative momentum and a lack of support at current levels.","The valuation metrics suggest McDonald's is significantly overpriced for a core holding. The PE Ratio of 27.85 and EV/EBITDA of 78.28 are extremely high, indicating the stock trades at a massive premium relative to earnings and cash flow generation.","Decision summary plus first two reasoning sentences per agent; extractive, not a full factual audit.",rounds_2_real_name_generations_1,Qwen/Qwen3.5-9B,17,2,real_name,1,XDVX,McDonald's Corporation,core_holding,"Is McDonald's Corporation a good core holding for a 3–5 year investment thesis, based on the information available to you?",0,baseline,False,1,NO,majority,"{""NO"": 3}",NO,"McDonald's current valuation appears significantly stretched relative to available metrics. The Price-to-Sales ratio of 33.89 and EV/EBITDA of 78.28 are exceptionally high, suggesting the market has priced in substantial future growth that is not currently supported by the provided data. While a PE of 27.85 indicates premium pricing, the lack of sector PE comparison prevents normalization analysis. Without evidence of accelerating same-store sales or margin expansion to justify such multiples, the risk-reward profile for a 3–5 year core holding seems unfavorable given the potential for mean reversion.",ok,NO,"The evidence suggests a short-term oversold condition rather than a strong core holding signal. The price is trading 8.38% below the 50-day moving average (SMA), indicating negative momentum and a lack of support at current levels. While the RSI of 29.99 signals an oversold state, which often precedes a bounce, it does not confirm a sustainable 3–5 year upward trend. The volume ratio of 1.64 indicates elevated interest but lacks confirmation of a breakout above the SMA. Without data on long-term earnings growth, competitive positioning, or valuation multiples to support a multi-year thesis, relying solely on technical indicators yields insufficient confidence for a 'core holding' recommendation.",ok,NO,"The valuation metrics suggest McDonald's is significantly overpriced for a core holding. The PE Ratio of 27.85 and EV/EBITDA of 78.28 are extremely high, indicating the stock trades at a massive premium relative to earnings and cash flow generation. While the RSI of 29.99 indicates the stock is technically oversold (trading 8.38% below its 50-day SMA), this technical signal likely reflects short-term sentiment rather than fundamental value. Investing at these multiples carries substantial downside risk if growth expectations normalize, making it unsuitable as a stable core position despite brand strength.",ok
128,fundamental: NO; trading: NO; challenger: NO. Group: NO. All agents agree. No agent decision changed from the previous round.,Group outcome NO; other identity: NO. All role decisions match across identities.,"McDonald's valuation metrics appear significantly stretched for a core holding. The EV/EBITDA of 78.28 and PS Ratio of 33.89 are exceptionally high, implying the market has priced in substantial future growth not currently supported by the provided data.","The evidence indicates a short-term oversold condition (RSI ~30, Price -8.38% below SMA50) rather than a robust 3–5 year core holding signal. While volume is elevated (1.64x average), it lacks confirmation of a breakout above the 50-day moving average.",The valuation metrics are prohibitively high for a core holding. The PE Ratio of 27.85 and EV/EBITDA of 78.28 imply massive future growth expectations that lack supporting fundamental data in this snapshot.,"Decision summary plus first two reasoning sentences per agent; extractive, not a full factual audit.",rounds_2_real_name_generations_1,Qwen/Qwen3.5-9B,17,2,real_name,1,XDVX,McDonald's Corporation,core_holding,"Is McDonald's Corporation a good core holding for a 3–5 year investment thesis, based on the information available to you?",1,debate,False,1,NO,majority,"{""NO"": 3}",NO,"McDonald's valuation metrics appear significantly stretched for a core holding. The EV/EBITDA of 78.28 and PS Ratio of 33.89 are exceptionally high, implying the market has priced in substantial future growth not currently supported by the provided data. While the PE Ratio of 27.85 is high, the absence of a Sector_PE prevents normalization analysis to determine if this premium is justified relative to peers. Without evidence of accelerating same-store sales or margin expansion to validate these multiples, the risk-reward profile for a 3–5 year horizon seems unfavorable due to potential mean reversion.",ok,NO,"The evidence indicates a short-term oversold condition (RSI ~30, Price -8.38% below SMA50) rather than a robust 3–5 year core holding signal. While volume is elevated (1.64x average), it lacks confirmation of a breakout above the 50-day moving average. Crucially, the supplied data contains no fundamental metrics (e.g., earnings growth, competitive positioning, or valuation multiples) required to assess long-term intrinsic value. Relying solely on technical indicators for a multi-year thesis is insufficient; the price discount to the SMA does not guarantee sustained future performance without supporting business fundamentals.",ok,NO,"The valuation metrics are prohibitively high for a core holding. The PE Ratio of 27.85 and EV/EBITDA of 78.28 imply massive future growth expectations that lack supporting fundamental data in this snapshot. While the stock is technically oversold (RSI 29.99, -8.38% below SMA), this reflects short-term sentiment rather than long-term value. Without sector P/E comparisons or evidence of accelerating same-store sales to justify these multiples, the risk of mean reversion outweighs potential recovery in a 3–5 year horizon.",ok
129,fundamental: NO; trading: NO; challenger: NO. Group: NO. All agents agree. No agent decision changed from the previous round.,Group outcome NO; other identity: NO. All role decisions match across identities.,McDonald's valuation metrics are prohibitively high for a core holding. The EV/EBITDA of 78.28 and PS Ratio of 33.89 imply massive future growth expectations unsupported by the provided snapshot data.,"The provided data contains only technical indicators (RSI, SMA, Volume) and lacks fundamental metrics required for a 3–5 year thesis. The price is -8.38% below the 50-day moving average with an RSI of 29.99, indicating short-term oversold conditions rather than long-term value.",McDonald's valuation metrics are severely stretched relative to the provided snapshot. The EV/EBITDA of 78.28 and PS Ratio of 33.89 imply extreme future growth expectations unsupported by current data.,"Decision summary plus first two reasoning sentences per agent; extractive, not a full factual audit.",rounds_2_real_name_generations_1,Qwen/Qwen3.5-9B,17,2,real_name,1,XDVX,McDonald's Corporation,core_holding,"Is McDonald's Corporation a good core holding for a 3–5 year investment thesis, based on the information available to you?",2,debate,True,1,NO,majority,"{""NO"": 3}",NO,"McDonald's valuation metrics are prohibitively high for a core holding. The EV/EBITDA of 78.28 and PS Ratio of 33.89 imply massive future growth expectations unsupported by the provided snapshot data. While the PE Ratio of 27.85 is elevated, the absence of Sector_PE prevents normalization analysis to determine if this premium is justified relative to peers. Without evidence of accelerating same-store sales or margin expansion to validate these multiples, the risk-reward profile for a 3–5 year horizon appears unfavorable due to potential mean reversion.",ok,NO,"The provided data contains only technical indicators (RSI, SMA, Volume) and lacks fundamental metrics required for a 3–5 year thesis. The price is -8.38% below the 50-day moving average with an RSI of 29.99, indicating short-term oversold conditions rather than long-term value. While volume is elevated at 1.64x average, this does not confirm a sustained breakout. Crucially, no sector P/E or intrinsic valuation multiples are available in the supplied data to assess if the stock is fairly valued over multiple years. Relying on technical signals alone is insufficient for a core holding decision without business fundamentals.",ok,NO,"McDonald's valuation metrics are severely stretched relative to the provided snapshot. The EV/EBITDA of 78.28 and PS Ratio of 33.89 imply extreme future growth expectations unsupported by current data. While the stock is technically oversold (RSI 29.99, -8.38% below SMA50), this short-term sentiment does not validate a 3–5 year core holding thesis without evidence of margin expansion or same-store sales acceleration. The absence of a Sector_PE ratio prevents normalization analysis to determine if the premium is justified. Given the high multiples and lack of fundamental validation in the snapshot, the risk of mean reversion outweighs potential recovery.",ok
130,fundamental: HOLD; trading: BUY; challenger: HOLD. Group: HOLD. Agents disagree. Independent baseline.,Group outcome HOLD; other identity: HOLD. All role decisions match across identities.,McDonald's valuation appears significantly stretched based on current multiples. The P/E ratio of 27.85 and EV/EBITDA of 78.28 suggest a premium price relative to earnings and cash flow generation.,"The stock is trading at -8.38% below its 50-day moving average, indicating a significant oversold condition with a Price-to-SMA50 ratio of 0.9162. The RSI of 29.99 confirms deep oversold territory, suggesting a potential mean reversion.","McDonald's shows significant technical weakness with the stock trading 8.38% below its 50-day SMA and an RSI of 29.99 indicating oversold conditions. However, valuation metrics are severely stretched, with a PS ratio of 33.89 and EV/EBITDA of 78.28, suggesting limited margin for error despite potential mean reversion.","Decision summary plus first two reasoning sentences per agent; extractive, not a full factual audit.",rounds_2_real_name_generations_1,Qwen/Qwen3.5-9B,17,2,real_name,1,XDVX,McDonald's Corporation,confidence_falsifiability,"How confident are you in your BUY/SELL/HOLD call on McDonald's Corporation right now, on a rough scale from low to high, and what specific piece of missing information would most change your mind?",0,baseline,False,1,HOLD,majority,"{""HOLD"": 2, ""BUY"": 1}",HOLD,"McDonald's valuation appears significantly stretched based on current multiples. The P/E ratio of 27.85 and EV/EBITDA of 78.28 suggest a premium price relative to earnings and cash flow generation. However, confidence is limited because the Sector_Pe is missing, preventing a direct comparison to determine if this premium is justified by outperformance or simply overvaluation. Additionally, the PS_Ratio of 33.89 is extremely high for a mature restaurant operator, indicating potential pricing power limits or revenue recognition issues not fully captured by earnings. Without sector context or forward growth guidance to justify these extremes, maintaining a neutral position is prudent until more data clarifies the fair value range.",ok,BUY,"The stock is trading at -8.38% below its 50-day moving average, indicating a significant oversold condition with a Price-to-SMA50 ratio of 0.9162. The RSI of 29.99 confirms deep oversold territory, suggesting a potential mean reversion. Volume is elevated at 1.64x the 20-day average, signaling active buying interest despite the price dip. While fundamental valuation multiples are unavailable for a long-term thesis, the technical setup presents a high-probability short-term entry point based on momentum and volume divergence.",ok,HOLD,"McDonald's shows significant technical weakness with the stock trading 8.38% below its 50-day SMA and an RSI of 29.99 indicating oversold conditions. However, valuation metrics are severely stretched, with a PS ratio of 33.89 and EV/EBITDA of 78.28, suggesting limited margin for error despite potential mean reversion. The lack of sector P/E data prevents relative valuation normalization. While volume is elevated (164% of average), confirming buying interest, the extreme fundamental premium combined with deep technical dislocation creates conflicting signals that warrant waiting for clearer trend confirmation rather than committing capital immediately.",ok
131,fundamental: HOLD; trading: BUY; challenger: HOLD. Group: HOLD. Agents disagree. No agent decision changed from the previous round.,Group outcome HOLD; other identity: HOLD. All role decisions match across identities.,McDonald's valuation appears significantly stretched based on current multiples. The P/E ratio of 27.85 and EV/EBITDA of 78.28 suggest a premium price relative to earnings and cash flow generation.,"Technical indicators strongly support a short-term buy. The RSI of 29.99 indicates deep oversold conditions, and the price is trading 8.38% below the 50-day SMA (ratio 0.9162), suggesting potential mean reversion.","I maintain a HOLD verdict. While the trading analyst correctly identifies oversold technicals (RSI ~30, -8% below SMA50) and elevated volume, these are insufficient to override severely stretched fundamentals without sector context.","Decision summary plus first two reasoning sentences per agent; extractive, not a full factual audit.",rounds_2_real_name_generations_1,Qwen/Qwen3.5-9B,17,2,real_name,1,XDVX,McDonald's Corporation,confidence_falsifiability,"How confident are you in your BUY/SELL/HOLD call on McDonald's Corporation right now, on a rough scale from low to high, and what specific piece of missing information would most change your mind?",1,debate,False,1,HOLD,majority,"{""HOLD"": 2, ""BUY"": 1}",HOLD,"McDonald's valuation appears significantly stretched based on current multiples. The P/E ratio of 27.85 and EV/EBITDA of 78.28 suggest a premium price relative to earnings and cash flow generation. However, confidence is limited because the Sector_PE is missing, preventing a direct comparison to determine if this premium is justified by outperformance or simply overvaluation. Additionally, the PS_Ratio of 33.89 is extremely high for a mature restaurant operator, indicating potential pricing power limits or revenue recognition issues not fully captured by earnings. Without sector context or forward growth guidance to justify these extremes, maintaining a neutral position is prudent until more data clarifies the fair value range.",ok,BUY,"Technical indicators strongly support a short-term buy. The RSI of 29.99 indicates deep oversold conditions, and the price is trading 8.38% below the 50-day SMA (ratio 0.9162), suggesting potential mean reversion. Crucially, volume is elevated at 1.64x the 20-day average, signaling active buying interest despite the dip. While fundamental multiples like P/E are unavailable for a long-term thesis, the convergence of oversold momentum and high relative volume creates a high-probability entry point based strictly on trading fields.",ok,HOLD,"I maintain a HOLD verdict. While the trading analyst correctly identifies oversold technicals (RSI ~30, -8% below SMA50) and elevated volume, these are insufficient to override severely stretched fundamentals without sector context. The PS ratio of 33.89 and EV/EBITDA of 78.28 are extreme; without a Sector PE or comparable data, we cannot determine if this premium is justified by monopoly-like pricing power or represents a bubble. The fundamental analyst's point that valuation limits margin for error remains valid. I challenge the trading analyst's implicit assumption that mean reversion will occur quickly enough to offset the risk of a prolonged downtrend given such high valuations. Missing sector multiples prevents distinguishing between 'expensive but growing' and 'overvalued stagnation'.",ok
132,fundamental: HOLD; trading: BUY; challenger: HOLD. Group: HOLD. Agents disagree. No agent decision changed from the previous round.,Group outcome HOLD; other identity: HOLD. All role decisions match across identities.,"McDonald's valuation appears significantly stretched with a P/E of 27.85 and an extreme EV/EBITDA of 78.28, alongside a PS ratio of 33.89. While the trading analyst cites oversold technicals (RSI ~30) as a buy signal, these momentum factors do not override the lack of fundamental context.","Technical evidence supports a short-term buy. The RSI of 29.99 indicates deep oversold conditions, and the price is -8.38% below the 50-day SMA (ratio 0.9162), suggesting potential mean reversion.","I maintain HOLD. The trading analyst's claim that oversold conditions (RSI ~30) and elevated volume guarantee a high-probability entry ignores the extreme fundamental stretch: PS of 33.89 and EV/EBITDA of 78.28 are historically anomalous for a mature retailer, creating significant downside risk that technical mean reversion cannot offset without sector context.","Decision summary plus first two reasoning sentences per agent; extractive, not a full factual audit.",rounds_2_real_name_generations_1,Qwen/Qwen3.5-9B,17,2,real_name,1,XDVX,McDonald's Corporation,confidence_falsifiability,"How confident are you in your BUY/SELL/HOLD call on McDonald's Corporation right now, on a rough scale from low to high, and what specific piece of missing information would most change your mind?",2,debate,True,1,HOLD,majority,"{""HOLD"": 2, ""BUY"": 1}",HOLD,"McDonald's valuation appears significantly stretched with a P/E of 27.85 and an extreme EV/EBITDA of 78.28, alongside a PS ratio of 33.89. While the trading analyst cites oversold technicals (RSI ~30) as a buy signal, these momentum factors do not override the lack of fundamental context. Without the Sector PE, it is impossible to determine if this premium reflects justified outperformance or overvaluation. The high PS ratio suggests potential pricing limits or revenue recognition issues for a mature operator. Until sector multiples clarify whether this stretch is sustainable, maintaining a neutral position is prudent.",ok,BUY,"Technical evidence supports a short-term buy. The RSI of 29.99 indicates deep oversold conditions, and the price is -8.38% below the 50-day SMA (ratio 0.9162), suggesting potential mean reversion. Volume is elevated at 1.64x the 20-day average, signaling active buying interest despite the dip. While fundamental multiples like P/E are unavailable for a long-term thesis, the convergence of oversold momentum and high relative volume creates a high-probability entry point based strictly on trading fields.",ok,HOLD,"I maintain HOLD. The trading analyst's claim that oversold conditions (RSI ~30) and elevated volume guarantee a high-probability entry ignores the extreme fundamental stretch: PS of 33.89 and EV/EBITDA of 78.28 are historically anomalous for a mature retailer, creating significant downside risk that technical mean reversion cannot offset without sector context. The fundamental analyst correctly notes missing Sector PE prevents validating if this premium is justified by pricing power or represents a bubble. While price is down 8.4% from SMA50, buying into such stretched valuations risks catching a falling knife unless growth accelerates to justify multiples. Missing sector data makes distinguishing 'expensive growth' from 'overvalued stagnation' impossible.",ok
133,fundamental: ATTRACTIVELY_PRICED; trading: EXPENSIVE; challenger: FAIRLY_PRICED. Group: NO_MAJORITY. Agents disagree. Independent baseline.,"Group outcome NO_MAJORITY; other identity: EXPENSIVE. Different agent decisions: fundamental, challenger.","NVIDIA's P/E ratio of 22.56 appears low relative to its extremely high PS ratio of 64.46 and EV/EBITDA of 74.08, suggesting the market may be pricing in significant downside or that earnings are currently suppressed by one-time factors rather than reflecting true value destruction. The PB ratio of 26.91 is elevated but consistent with a growth stock.","NVIDIA is trading at 16.7% above its 50-day moving average ($216.61 vs $185.62), with a Price-to-SMA50 ratio of 1.167, indicating significant short-term overextension. The RSI(14) is elevated at 76.28, signaling potential momentum exhaustion or an overbought condition.","NVIDIA appears fairly priced given the high valuation multiples (PE: 22.56, PB: 26.91) are offset by strong momentum indicators. The stock trades at a premium of 16.7% above its 50-day SMA with an RSI of 76.28, suggesting overbought short-term conditions rather than fundamental undervaluation.","Decision summary plus first two reasoning sentences per agent; extractive, not a full factual audit.",rounds_2_real_name_generations_1,Qwen/Qwen3.5-9B,17,2,real_name,1,RCSN,NVIDIA Corporation,valuation_forcing,"Based on the data available to you, does NVIDIA Corporation look attractively priced, fairly priced, or expensive right now — and specifically why?",0,baseline,False,1,NO_MAJORITY,no_majority,"{""ATTRACTIVELY_PRICED"": 1, ""EXPENSIVE"": 1, ""FAIRLY_PRICED"": 1}",ATTRACTIVELY_PRICED,"NVIDIA's P/E ratio of 22.56 appears low relative to its extremely high PS ratio of 64.46 and EV/EBITDA of 74.08, suggesting the market may be pricing in significant downside or that earnings are currently suppressed by one-time factors rather than reflecting true value destruction. The PB ratio of 26.91 is elevated but consistent with a growth stock. Without sector P/E data for comparison, absolute valuation metrics are difficult to contextualize; however, the divergence between the moderate P/E and massive multiples on sales and enterprise value indicates potential undervaluation if earnings power stabilizes. This conclusion relies solely on internal data points.",ok,EXPENSIVE,"NVIDIA is trading at 16.7% above its 50-day moving average ($216.61 vs $185.62), with a Price-to-SMA50 ratio of 1.167, indicating significant short-term overextension. The RSI(14) is elevated at 76.28, signaling potential momentum exhaustion or an overbought condition. While volume is 24% higher than the 20-day average (1.24x), this does not justify the steep premium relative to recent technical levels. Based strictly on these technical metrics, the stock appears expensive right now.",ok,FAIRLY_PRICED,"NVIDIA appears fairly priced given the high valuation multiples (PE: 22.56, PB: 26.91) are offset by strong momentum indicators. The stock trades at a premium of 16.7% above its 50-day SMA with an RSI of 76.28, suggesting overbought short-term conditions rather than fundamental undervaluation. While the PS ratio of 64.46 and EV/EBITDA of 74.08 indicate expensive pricing relative to historical norms, these metrics likely reflect exceptional growth expectations inherent in the sector. Without a sector PE benchmark for comparison, it is impossible to definitively label the multiple as 'expensive' or 'attractive.' The price action confirms market confidence, preventing a 'cheap' classification despite technical overheating.",ok
134,fundamental: FAIRLY_PRICED; trading: EXPENSIVE; challenger: EXPENSIVE. Group: EXPENSIVE. Agents disagree. Agent changes: fundamental: ATTRACTIVELY_PRICED → FAIRLY_PRICED; challenger: FAIRLY_PRICED → EXPENSIVE.,Group outcome EXPENSIVE; other identity: EXPENSIVE. Different agent decisions: fundamental.,"NVIDIA's P/E ratio of 22.56 is moderate, yet its PS (64.46) and EV/EBITDA (74.08) multiples are exceptionally high, indicating significant market pricing for future growth rather than current earnings suppression. Without sector P/E data, absolute valuation comparisons are impossible; however, the divergence suggests the stock reflects premium expectations consistent with high-growth tech sectors.","NVIDIA is trading at a premium of 16.7% above its 50-day moving average ($216.61 vs $185.62), with a Price-to-SMA50 ratio of 1.167, indicating significant short-term overextension. The RSI(14) is elevated at 76.28, signaling potential momentum exhaustion or an overbought condition.","NVIDIA is priced expensively based on its technical overextension and elevated absolute multiples. The stock trades at a 16.7% premium to its 50-day SMA with an RSI of 76.28, signaling significant short-term overheating.","Decision summary plus first two reasoning sentences per agent; extractive, not a full factual audit.",rounds_2_real_name_generations_1,Qwen/Qwen3.5-9B,17,2,real_name,1,RCSN,NVIDIA Corporation,valuation_forcing,"Based on the data available to you, does NVIDIA Corporation look attractively priced, fairly priced, or expensive right now — and specifically why?",1,debate,False,1,EXPENSIVE,majority,"{""FAIRLY_PRICED"": 1, ""EXPENSIVE"": 2}",FAIRLY_PRICED,"NVIDIA's P/E ratio of 22.56 is moderate, yet its PS (64.46) and EV/EBITDA (74.08) multiples are exceptionally high, indicating significant market pricing for future growth rather than current earnings suppression. Without sector P/E data, absolute valuation comparisons are impossible; however, the divergence suggests the stock reflects premium expectations consistent with high-growth tech sectors. The elevated PB ratio (26.91) further supports a premium valuation. Labeling it 'attractive' ignores the massive sales multiple, while 'expensive' overlooks the relatively contained P/E. Thus, 'fairly priced' best captures the balance between moderate earnings yield and aggressive growth premiums.",ok,EXPENSIVE,"NVIDIA is trading at a premium of 16.7% above its 50-day moving average ($216.61 vs $185.62), with a Price-to-SMA50 ratio of 1.167, indicating significant short-term overextension. The RSI(14) is elevated at 76.28, signaling potential momentum exhaustion or an overbought condition. While volume is 24% higher than the 20-day average (1.24x), this does not justify the steep premium relative to recent technical levels. Based strictly on these technical metrics, the stock appears expensive right now.",ok,EXPENSIVE,"NVIDIA is priced expensively based on its technical overextension and elevated absolute multiples. The stock trades at a 16.7% premium to its 50-day SMA with an RSI of 76.28, signaling significant short-term overheating. While the P/E ratio of 22.56 appears moderate in isolation, it must be viewed alongside extreme valuation metrics like a PS ratio of 64.46 and EV/EBITDA of 74.08, which suggest high pricing relative to revenue and cash flow generation. The divergence noted by the fundamental analyst regarding the P/E vs. PS ratio ignores that high PS typically implies massive earnings growth expectations; failing to meet these drives down the P/E artificially rather than indicating value. Without sector benchmarks to confirm if 22.56 is truly low, the combination of technical exhaustion and massive enterprise-value multiples supports an expensive verdict.",ok
135,fundamental: EXPENSIVE; trading: EXPENSIVE; challenger: EXPENSIVE. Group: EXPENSIVE. All agents agree. Agent changes: fundamental: FAIRLY_PRICED → EXPENSIVE.,Group outcome EXPENSIVE; other identity: EXPENSIVE. All role decisions match across identities.,"NVIDIA's PS ratio of 64.46 and EV/EBITDA of 74.08 indicate extreme valuation premiums relative to revenue and cash flow, suggesting the market prices in massive future growth not yet realized. While the P/E ratio of 22.56 appears moderate, it is misleading without sector context (Sector_PE is null) and likely reflects high earnings expectations rather than undervaluation.","NVIDIA is trading at a 16.7% premium above its 50-day moving average (Price-to-SMA50: 1.167), indicating significant short-term overextension. The RSI(14) of 76.28 signals an overbought condition, suggesting momentum exhaustion.","NVIDIA is expensive based on technical overextension and extreme absolute multiples. The stock trades 16.7% above its 50-day SMA with an RSI of 76.28, signaling short-term overheating.","Decision summary plus first two reasoning sentences per agent; extractive, not a full factual audit.",rounds_2_real_name_generations_1,Qwen/Qwen3.5-9B,17,2,real_name,1,RCSN,NVIDIA Corporation,valuation_forcing,"Based on the data available to you, does NVIDIA Corporation look attractively priced, fairly priced, or expensive right now — and specifically why?",2,debate,True,1,EXPENSIVE,majority,"{""EXPENSIVE"": 3}",EXPENSIVE,"NVIDIA's PS ratio of 64.46 and EV/EBITDA of 74.08 indicate extreme valuation premiums relative to revenue and cash flow, suggesting the market prices in massive future growth not yet realized. While the P/E ratio of 22.56 appears moderate, it is misleading without sector context (Sector_PE is null) and likely reflects high earnings expectations rather than undervaluation. The elevated PB ratio of 26.91 further confirms a significant premium. Given the lack of sector benchmarks to normalize the P/E, the dominance of these exceptionally high sales and enterprise multiples supports an 'expensive' verdict.",ok,EXPENSIVE,"NVIDIA is trading at a 16.7% premium above its 50-day moving average (Price-to-SMA50: 1.167), indicating significant short-term overextension. The RSI(14) of 76.28 signals an overbought condition, suggesting momentum exhaustion. While volume is elevated at 1.24x the 20-day average, this does not justify the steep price premium relative to recent technical levels. Based strictly on these technical metrics, the stock appears expensive right now.",ok,EXPENSIVE,"NVIDIA is expensive based on technical overextension and extreme absolute multiples. The stock trades 16.7% above its 50-day SMA with an RSI of 76.28, signaling short-term overheating. While the P/E ratio (22.56) appears moderate in isolation, it contradicts the massive PS ratio (64.46) and EV/EBITDA (74.08), suggesting the market prices in aggressive future growth rather than current value suppression. The fundamental analyst's claim that a moderate P/E implies fairness ignores that such high sales multiples typically reflect unsustainable expectations; failing to meet them would cause a sharper P/E expansion, not compression. Without sector benchmarks to contextualize these absolute figures, the divergence between 'moderate' earnings yield and 'extreme' cash-flow/revenue multiples supports an expensive verdict.",ok
136,fundamental: YES; trading: NO; challenger: YES. Group: YES. Agents disagree. Independent baseline.,"Group outcome YES; other identity: NO. Different agent decisions: fundamental, challenger.","NVIDIA's P/E ratio of 22.56 appears reasonable relative to its high PS ratio, suggesting current earnings support the valuation despite premium pricing. The EV/EBITDA of 74.08 indicates significant leverage but aligns with high-growth tech profiles if margins expand.","Based strictly on the provided trading data, NVIDIA does not appear suitable for a core holding given current momentum indicators. The RSI is elevated at 76.28, signaling potential overbought conditions that often precede corrections in short-term trends.","NVIDIA shows strong momentum with a price 16.7% above its 50-day SMA and elevated volume, suggesting sustained demand. The P/E of 22.56 is moderate relative to high-growth tech expectations, despite a high P/B of 26.91 reflecting asset intensity or market premium.","Decision summary plus first two reasoning sentences per agent; extractive, not a full factual audit.",rounds_2_real_name_generations_1,Qwen/Qwen3.5-9B,17,2,real_name,1,RCSN,NVIDIA Corporation,core_holding,"Is NVIDIA Corporation a good core holding for a 3–5 year investment thesis, based on the information available to you?",0,baseline,False,1,YES,majority,"{""YES"": 2, ""NO"": 1}",YES,"NVIDIA's P/E ratio of 22.56 appears reasonable relative to its high PS ratio, suggesting current earnings support the valuation despite premium pricing. The EV/EBITDA of 74.08 indicates significant leverage but aligns with high-growth tech profiles if margins expand. Without sector P/E data for direct comparison, we assume the market has priced in growth potential consistent with a core holding. Limitations include lack of revenue growth rates, margin trends, or debt levels, which are critical for a 3–5 year horizon. However, based solely on available multiples and assuming sustained demand, the valuation does not immediately rule out long-term ownership.",ok,NO,"Based strictly on the provided trading data, NVIDIA does not appear suitable for a core holding given current momentum indicators. The RSI is elevated at 76.28, signaling potential overbought conditions that often precede corrections in short-term trends. Furthermore, the price sits 16.7% above the 50-day moving average with a volume ratio of only 1.24x, indicating weak conviction behind the rally compared to the significant price premium. While this snapshot does not support an immediate buy signal due to stretched technicals and lack of strong volume confirmation, it cannot definitively rule out a long-term thesis without fundamental valuation data or sector growth projections, which are absent from the supplied fields.",ok,YES,"NVIDIA shows strong momentum with a price 16.7% above its 50-day SMA and elevated volume, suggesting sustained demand. The P/E of 22.56 is moderate relative to high-growth tech expectations, despite a high P/B of 26.91 reflecting asset intensity or market premium. However, the RSI of 76.28 indicates overbought short-term conditions, which could signal volatility but not necessarily long-term weakness. For a 3–5 year horizon, current valuation multiples do not preclude growth if AI adoption continues. Limitations include lack of sector P/E for comparison and no revenue growth data to confirm margin sustainability.",ok
137,fundamental: YES; trading: NO; challenger: YES. Group: YES. Agents disagree. No agent decision changed from the previous round.,"Group outcome YES; other identity: NO. Different agent decisions: fundamental, challenger.","NVIDIA's P/E ratio of 22.56 appears reasonable given its PS ratio of 64.46, suggesting earnings support the premium valuation despite high multiples. The EV/EBITDA of 74.08 reflects significant leverage but aligns with high-growth tech profiles if margins expand.","Based strictly on the supplied trading data, NVIDIA is not a suitable core holding right now. The RSI of 76.28 indicates overbought conditions, while the price sits 16.7% above the 50-day SMA, signaling stretched momentum.","NVIDIA's P/E of 22.56 appears reasonable for a high-growth tech stock, despite the elevated P/B (26.91) and PS (64.46) ratios which reflect market premiums rather than immediate overvaluation. The EV/EBITDA of 74.08 is high but consistent with sector leaders in an AI boom cycle.","Decision summary plus first two reasoning sentences per agent; extractive, not a full factual audit.",rounds_2_real_name_generations_1,Qwen/Qwen3.5-9B,17,2,real_name,1,RCSN,NVIDIA Corporation,core_holding,"Is NVIDIA Corporation a good core holding for a 3–5 year investment thesis, based on the information available to you?",1,debate,False,1,YES,majority,"{""YES"": 2, ""NO"": 1}",YES,"NVIDIA's P/E ratio of 22.56 appears reasonable given its PS ratio of 64.46, suggesting earnings support the premium valuation despite high multiples. The EV/EBITDA of 74.08 reflects significant leverage but aligns with high-growth tech profiles if margins expand. Without sector P/E data for direct comparison, we assume market pricing reflects growth potential consistent with a core holding. Limitations include lack of revenue growth rates, margin trends, or debt levels critical for a 3–5 year horizon. However, based solely on available multiples, the valuation does not immediately rule out long-term ownership.",ok,NO,"Based strictly on the supplied trading data, NVIDIA is not a suitable core holding right now. The RSI of 76.28 indicates overbought conditions, while the price sits 16.7% above the 50-day SMA, signaling stretched momentum. Crucially, the volume ratio of only 1.24x fails to confirm this rally with strong conviction; high prices without commensurate volume expansion often precede corrections. While fundamental valuation or long-term growth theses might exist outside these fields, the available technical evidence suggests immediate weakness rather than strength for a new position.",ok,YES,"NVIDIA's P/E of 22.56 appears reasonable for a high-growth tech stock, despite the elevated P/B (26.91) and PS (64.46) ratios which reflect market premiums rather than immediate overvaluation. The EV/EBITDA of 74.08 is high but consistent with sector leaders in an AI boom cycle. While RSI at 76.28 suggests short-term overbought conditions and the price being 16.7% above the 50-day SMA indicates momentum exhaustion risk, these are timing issues, not structural flaws for a 3–5 year thesis. The lack of revenue growth data prevents confirming margin sustainability, but current multiples do not rule out continued expansion.",ok
138,fundamental: YES; trading: NO; challenger: YES. Group: YES. Agents disagree. No agent decision changed from the previous round.,"Group outcome YES; other identity: NO. Different agent decisions: fundamental, challenger.","NVIDIA's P/E ratio of 22.56 appears reasonable for a high-growth tech stock, despite the elevated P/B (26.91) and PS (64.46) ratios which reflect market premiums rather than immediate overvaluation. The EV/EBITDA of 74.08 is high but consistent with sector leaders in an AI boom cycle.","The trading data indicates immediate technical weakness unsuitable for a new core position. The RSI of 76.28 signals overbought conditions, and the price is 16.7% above the 50-day SMA, suggesting stretched momentum.","NVIDIA's P/E of 22.56 is historically reasonable for a high-growth leader, despite elevated P/B (26.91) and PS (64.46) ratios reflecting market premiums rather than fundamental overvaluation. The EV/EBITDA of 74.08 aligns with sector leaders in an AI boom cycle.","Decision summary plus first two reasoning sentences per agent; extractive, not a full factual audit.",rounds_2_real_name_generations_1,Qwen/Qwen3.5-9B,17,2,real_name,1,RCSN,NVIDIA Corporation,core_holding,"Is NVIDIA Corporation a good core holding for a 3–5 year investment thesis, based on the information available to you?",2,debate,True,1,YES,majority,"{""YES"": 2, ""NO"": 1}",YES,"NVIDIA's P/E ratio of 22.56 appears reasonable for a high-growth tech stock, despite the elevated P/B (26.91) and PS (64.46) ratios which reflect market premiums rather than immediate overvaluation. The EV/EBITDA of 74.08 is high but consistent with sector leaders in an AI boom cycle. While RSI at 76.28 suggests short-term overbought conditions and the price being 16.7% above the 50-day SMA indicates momentum exhaustion risk, these are timing issues, not structural flaws for a 3–5 year thesis. The lack of revenue growth data prevents confirming margin sustainability, but current multiples do not rule out continued expansion.",ok,NO,"The trading data indicates immediate technical weakness unsuitable for a new core position. The RSI of 76.28 signals overbought conditions, and the price is 16.7% above the 50-day SMA, suggesting stretched momentum. Crucially, the volume ratio of only 1.24x fails to confirm this rally with strong conviction; high prices without commensurate volume expansion often precede corrections. While fundamental valuations or long-term growth theses might exist outside these fields, the available technical evidence suggests immediate downside risk rather than strength for a new entry.",ok,YES,"NVIDIA's P/E of 22.56 is historically reasonable for a high-growth leader, despite elevated P/B (26.91) and PS (64.46) ratios reflecting market premiums rather than fundamental overvaluation. The EV/EBITDA of 74.08 aligns with sector leaders in an AI boom cycle. While RSI at 76.28 and the price being 16.7% above the 50-day SMA suggest short-term momentum exhaustion, these are timing issues irrelevant to a 3–5 year structural thesis. The lack of revenue growth data prevents confirming margin sustainability, but current multiples do not rule out continued expansion.",ok
139,fundamental: HOLD; trading: SELL; challenger: HOLD. Group: HOLD. Agents disagree. Independent baseline.,Group outcome HOLD; other identity: SELL. Different agent decisions: challenger.,"The stock presents a mixed fundamental picture with a P/E ratio of 22.56, which appears reasonable in isolation but lacks context without a sector benchmark for comparison. However, valuation multiples for growth and leverage are concerning: the PB ratio is elevated at 26.91, and EV/EBITDA is high at 74.08, suggesting premium pricing relative to book value and earnings before interest and taxes.","The RSI_14 of 76.28 indicates severe overbought conditions, suggesting immediate downside risk despite the bullish trend. The price is 16.7% above the SMA_50 (PriceVsSMA50_Percent), creating a stretched valuation relative to recent momentum.","NVIDIA shows strong momentum, trading 16.7% above its 50-day SMA with an RSI of 76.28 indicating overbought conditions. However, valuation metrics are extreme: a PS ratio of 64.46 and EV/EBITDA of 74.08 suggest significant pricing risk relative to fundamentals.","Decision summary plus first two reasoning sentences per agent; extractive, not a full factual audit.",rounds_2_real_name_generations_1,Qwen/Qwen3.5-9B,17,2,real_name,1,RCSN,NVIDIA Corporation,confidence_falsifiability,"How confident are you in your BUY/SELL/HOLD call on NVIDIA Corporation right now, on a rough scale from low to high, and what specific piece of missing information would most change your mind?",0,baseline,False,1,HOLD,majority,"{""HOLD"": 2, ""SELL"": 1}",HOLD,"The stock presents a mixed fundamental picture with a P/E ratio of 22.56, which appears reasonable in isolation but lacks context without a sector benchmark for comparison. However, valuation multiples for growth and leverage are concerning: the PB ratio is elevated at 26.91, and EV/EBITDA is high at 74.08, suggesting premium pricing relative to book value and earnings before interest and taxes. The PS ratio of 64.46 indicates significant revenue premiums that require strong future growth validation. Given the missing sector P/E data, it is impossible to confirm if the current P/E is truly undervalued or simply reflects market exuberance. Without this comparative baseline, the high EV/EBITDA and PB ratios introduce substantial uncertainty regarding the sustainability of these valuations.",ok,SELL,"The RSI_14 of 76.28 indicates severe overbought conditions, suggesting immediate downside risk despite the bullish trend. The price is 16.7% above the SMA_50 (PriceVsSMA50_Percent), creating a stretched valuation relative to recent momentum. While Volume_to_AvgVol20 at 1.24 shows sustained interest, it lacks the explosive ratio often seen in strong breakouts. Given the extreme technical divergence and high RSI, the probability of a short-term correction outweighs continuation signals.",ok,HOLD,"NVIDIA shows strong momentum, trading 16.7% above its 50-day SMA with an RSI of 76.28 indicating overbought conditions. However, valuation metrics are extreme: a PS ratio of 64.46 and EV/EBITDA of 74.08 suggest significant pricing risk relative to fundamentals. While the PE ratio (22.56) appears moderate, it lacks context without sector peers. The high volume-to-average (1.24x) confirms active interest but does not guarantee sustainability given the technical divergence. Without sector P/E data to normalize the PE multiple or forward guidance to justify the premium, maintaining a neutral stance mitigates downside from potential mean reversion.",ok
140,fundamental: HOLD; trading: SELL; challenger: HOLD. Group: HOLD. Agents disagree. No agent decision changed from the previous round.,Group outcome HOLD; other identity: SELL. Different agent decisions: challenger.,"The fundamental picture remains mixed due to missing sector benchmarks. While the P/E ratio of 22.56 appears moderate, it cannot be validated against peers as Sector_PE is null.","The RSI_14 of 76.28 signals severe overbought conditions, suggesting immediate downside risk. The price is trading 16.7% above the SMA_50 (PriceVsSMA50_Percent), indicating a stretched technical position relative to recent momentum.","NVIDIA exhibits severe technical overextension with an RSI of 76.28 and is trading 16.7% above its 50-day SMA, signaling immediate correction risk. However, fundamental valuation metrics remain ambiguous without sector context; the PE ratio of 22.56 appears moderate in isolation but contradicts the extreme PS (64.46) and EV/EBITDA (74.08) multiples.","Decision summary plus first two reasoning sentences per agent; extractive, not a full factual audit.",rounds_2_real_name_generations_1,Qwen/Qwen3.5-9B,17,2,real_name,1,RCSN,NVIDIA Corporation,confidence_falsifiability,"How confident are you in your BUY/SELL/HOLD call on NVIDIA Corporation right now, on a rough scale from low to high, and what specific piece of missing information would most change your mind?",1,debate,False,1,HOLD,majority,"{""HOLD"": 2, ""SELL"": 1}",HOLD,"The fundamental picture remains mixed due to missing sector benchmarks. While the P/E ratio of 22.56 appears moderate, it cannot be validated against peers as Sector_PE is null. Conversely, leverage and growth multiples are extreme: PB_Ratio (26.91), PS_Ratio (64.46), and EV_EBITDA (74.08) suggest significant premium pricing that requires strong future validation. Without sector context to confirm if the P/E is truly reasonable or simply reflects market exuberance, combined with high valuation risk on other metrics, a neutral stance is prudent.",ok,SELL,"The RSI_14 of 76.28 signals severe overbought conditions, suggesting immediate downside risk. The price is trading 16.7% above the SMA_50 (PriceVsSMA50_Percent), indicating a stretched technical position relative to recent momentum. While Volume_to_AvgVol20 at 1.24 confirms active interest, it lacks the explosive ratio typical of sustainable breakouts. These technical divergences outweigh the bullish trend, pointing to a high probability of short-term correction.",ok,HOLD,"NVIDIA exhibits severe technical overextension with an RSI of 76.28 and is trading 16.7% above its 50-day SMA, signaling immediate correction risk. However, fundamental valuation metrics remain ambiguous without sector context; the PE ratio of 22.56 appears moderate in isolation but contradicts the extreme PS (64.46) and EV/EBITDA (74.08) multiples. The missing Sector P/E data prevents distinguishing between a justified premium for growth or speculative bubble. While the high PB (26.91) suggests leverage to earnings growth, the lack of comparative benchmarks makes a directional call unsafe. I maintain HOLD as peers correctly identify the missing sector data as the critical variable, though they underestimate the urgency implied by the RSI divergence.",ok
141,fundamental: HOLD; trading: SELL; challenger: HOLD. Group: HOLD. Agents disagree. No agent decision changed from the previous round.,Group outcome HOLD; other identity: SELL. Different agent decisions: challenger.,"The decision to HOLD is based on the disconnect between the moderate P/E ratio of 22.56 and the extreme valuation multiples for PB (26.91), PS (64.46), and EV/EBITDA (74.08). While the P/E appears reasonable in isolation, it cannot be validated against peers as Sector_PE is null in the provided data.","Technical indicators signal immediate downside risk. The RSI_14 of 76.28 indicates severe overbought conditions, while the price trades 16.7% above the SMA_50 (PriceVsSMA50_Percent), suggesting a stretched position.","I maintain HOLD as the strongest counterargument to a BUY is the extreme valuation premium (PS: 64.46, EV/EBITDA: 74.08) which contradicts the moderate P/E of 22.56 without sector context. A SELL recommendation relies heavily on technical overextension (RSI: 76.28), but this ignores that fundamentals could justify the price despite short-term weakness.","Decision summary plus first two reasoning sentences per agent; extractive, not a full factual audit.",rounds_2_real_name_generations_1,Qwen/Qwen3.5-9B,17,2,real_name,1,RCSN,NVIDIA Corporation,confidence_falsifiability,"How confident are you in your BUY/SELL/HOLD call on NVIDIA Corporation right now, on a rough scale from low to high, and what specific piece of missing information would most change your mind?",2,debate,True,1,HOLD,majority,"{""HOLD"": 2, ""SELL"": 1}",HOLD,"The decision to HOLD is based on the disconnect between the moderate P/E ratio of 22.56 and the extreme valuation multiples for PB (26.91), PS (64.46), and EV/EBITDA (74.08). While the P/E appears reasonable in isolation, it cannot be validated against peers as Sector_PE is null in the provided data. Without sector context, it is impossible to determine if the high PS and EV/EBITDA reflect justified growth premiums or speculative overvaluation. The fundamental picture remains ambiguous without this comparative benchmark.",ok,SELL,"Technical indicators signal immediate downside risk. The RSI_14 of 76.28 indicates severe overbought conditions, while the price trades 16.7% above the SMA_50 (PriceVsSMA50_Percent), suggesting a stretched position. Although Volume_to_AvgVol20 is elevated at 1.2428, it lacks the explosive ratio typical of sustainable breakouts. These technical divergences outweigh any potential fundamental support, pointing to a high probability of short-term correction. Note: Valuation multiples like PE are absent from the supplied data.",ok,HOLD,"I maintain HOLD as the strongest counterargument to a BUY is the extreme valuation premium (PS: 64.46, EV/EBITDA: 74.08) which contradicts the moderate P/E of 22.56 without sector context. A SELL recommendation relies heavily on technical overextension (RSI: 76.28), but this ignores that fundamentals could justify the price despite short-term weakness. The critical missing piece is Sector PE Ratio; without it, I cannot determine if the 22.56 multiple reflects justified growth or speculative bubble. Since fundamental data is incomplete and technicals signal only immediate noise rather than long-term reversal, neutrality is the only defensible position.",ok
142,fundamental: EXPENSIVE; trading: ATTRACTIVELY_PRICED; challenger: EXPENSIVE. Group: EXPENSIVE. Agents disagree. Independent baseline.,Group outcome EXPENSIVE; other identity: ATTRACTIVELY_PRICED. Different agent decisions: challenger.,"Johnson & Johnson trades at a P/E of 28.33, PB of 7.3, and EV/EBITDA of 75.76. While the sector P/E is unavailable to make a direct relative comparison, these absolute multiples are historically high for a mature healthcare conglomerate.","Johnson & Johnson appears attractively priced based on technical indicators. The stock is trading at -6.05% below its 50-day moving average, with a Price_to_SMA50 ratio of 0.9395, suggesting an oversold condition relative to the medium-term trend.","Johnson & Johnson appears expensive based on valuation multiples. The P/E ratio of 28.33 and EV/EBITDA of 75.76 are extremely high, suggesting the market prices in significant future growth not yet reflected in current earnings.","Decision summary plus first two reasoning sentences per agent; extractive, not a full factual audit.",rounds_2_real_name_generations_1,Qwen/Qwen3.5-9B,17,2,real_name,1,BACG,Johnson & Johnson,valuation_forcing,"Based on the data available to you, does Johnson & Johnson look attractively priced, fairly priced, or expensive right now — and specifically why?",0,baseline,False,1,EXPENSIVE,majority,"{""EXPENSIVE"": 2, ""ATTRACTIVELY_PRICED"": 1}",EXPENSIVE,"Johnson & Johnson trades at a P/E of 28.33, PB of 7.3, and EV/EBITDA of 75.76. While the sector P/E is unavailable to make a direct relative comparison, these absolute multiples are historically high for a mature healthcare conglomerate. The extremely high EV/EBITDA suggests significant premium pricing or depressed earnings relative to enterprise value. Without sector benchmarks, we cannot confirm if this premium is justified by superior growth, but the valuation metrics alone indicate an expensive stance.",ok,ATTRACTIVELY_PRICED,"Johnson & Johnson appears attractively priced based on technical indicators. The stock is trading at -6.05% below its 50-day moving average, with a Price_to_SMA50 ratio of 0.9395, suggesting an oversold condition relative to the medium-term trend. The RSI_14 is at 32.89, indicating the asset is in bearish territory but potentially approaching a rebound zone. Volume activity is normal (Volume_to_AvgVol20: 1.0349), showing no unusual divergence. While this supports a short-term buy signal, intrinsic valuation multiples are missing from the data, limiting confidence in a long-term thesis.",ok,EXPENSIVE,"Johnson & Johnson appears expensive based on valuation multiples. The P/E ratio of 28.33 and EV/EBITDA of 75.76 are extremely high, suggesting the market prices in significant future growth not yet reflected in current earnings. While technical indicators show the stock is currently -6.05% below its 50-day SMA with an RSI of 32.89 (indicating oversold conditions), this short-term weakness does not negate the fundamental overvaluation. Without a sector P/E for comparison to determine if these multiples are premium or standard for healthcare, the absolute values suggest a rich valuation. The primary risk is that the high price-to-book (7.3x) implies unsustainable expectations.",ok
143,fundamental: EXPENSIVE; trading: ATTRACTIVELY_PRICED; challenger: FAIRLY_PRICED. Group: NO_MAJORITY. Agents disagree. Agent changes: challenger: EXPENSIVE → FAIRLY_PRICED.,Group outcome NO_MAJORITY; other identity: EXPENSIVE. Different agent decisions: challenger.,"Johnson & Johnson's valuation multiples indicate an expensive stance. The P/E ratio of 28.33, PB ratio of 7.3, and particularly the EV/EBITDA of 75.76 are extremely high for a mature healthcare company.","Based strictly on the supplied trading data, Johnson & Johnson appears attractively priced. The stock is trading at -6.05% below its 50-day moving average (PriceVsSMA50_Percent), indicating a discount to recent momentum levels.","The fundamental data presents a conflicting picture: high multiples (P/E 28.33, EV/EBITDA 75.76) suggest overvaluation, yet the price is down 6.05% from the 50-day SMA with an RSI of 32.89, indicating short-term weakness. Without sector P/E data to contextualize whether these multiples are historically high for J&J specifically, labeling it 'expensive' or 'attractive' based solely on absolute numbers is speculative.","Decision summary plus first two reasoning sentences per agent; extractive, not a full factual audit.",rounds_2_real_name_generations_1,Qwen/Qwen3.5-9B,17,2,real_name,1,BACG,Johnson & Johnson,valuation_forcing,"Based on the data available to you, does Johnson & Johnson look attractively priced, fairly priced, or expensive right now — and specifically why?",1,debate,False,1,NO_MAJORITY,no_majority,"{""EXPENSIVE"": 1, ""ATTRACTIVELY_PRICED"": 1, ""FAIRLY_PRICED"": 1}",EXPENSIVE,"Johnson & Johnson's valuation multiples indicate an expensive stance. The P/E ratio of 28.33, PB ratio of 7.3, and particularly the EV/EBITDA of 75.76 are extremely high for a mature healthcare company. While the sector P/E is unavailable to confirm relative premium status, the absolute magnitude of these metrics suggests significant overvaluation or depressed earnings. The PS ratio of 24.64 further supports this view. Technical indicators like RSI (32.89) and price position (-6.05% vs SMA50) from other sources suggest short-term weakness but do not negate fundamental overpricing. Without sector benchmarks or growth data to justify such premiums, the intrinsic value appears overstated.",ok,ATTRACTIVELY_PRICED,"Based strictly on the supplied trading data, Johnson & Johnson appears attractively priced. The stock is trading at -6.05% below its 50-day moving average (PriceVsSMA50_Percent), indicating a discount to recent momentum levels. The Price_to_SMA50 ratio of 0.9395 supports this undervaluation relative to the medium-term trend. Additionally, the RSI_14 of 32.89 signals oversold conditions, often preceding a technical rebound. Volume activity is normal (Volume_to_AvgVol20: 1.0349), showing no divergence from the price action. While peer agents cite high valuation multiples (P/E, EV/EBITDA), those metrics are absent from the provided Data object and cannot be used as evidence per the instructions to rely only on supplied trading fields. Therefore, based solely on available technical indicators, the price is attractive.",ok,FAIRLY_PRICED,"The fundamental data presents a conflicting picture: high multiples (P/E 28.33, EV/EBITDA 75.76) suggest overvaluation, yet the price is down 6.05% from the 50-day SMA with an RSI of 32.89, indicating short-term weakness. Without sector P/E data to contextualize whether these multiples are historically high for J&J specifically, labeling it 'expensive' or 'attractive' based solely on absolute numbers is speculative. The discrepancy between rich valuation metrics and depressed technicals suggests the market has priced in uncertainty rather than pure overvaluation. Given the lack of comparative benchmarks, a neutral stance acknowledges both the premium pricing and the current discount relative to recent trends.",ok
144,fundamental: EXPENSIVE; trading: ATTRACTIVELY_PRICED; challenger: FAIRLY_PRICED. Group: NO_MAJORITY. Agents disagree. No agent decision changed from the previous round.,Group outcome NO_MAJORITY; other identity: EXPENSIVE. Different agent decisions: challenger.,"Johnson & Johnson's valuation multiples indicate an expensive stance. The P/E ratio of 28.33, PB ratio of 7.3, and particularly the EV/EBITDA of 75.76 are extremely high for a mature healthcare company.","Based strictly on the supplied trading data, Johnson & Johnson appears attractively priced. The stock is trading at -6.05% below its 50-day moving average (PriceVsSMA50_Percent), with a Price_to_SMA50 ratio of 0.9395, indicating a discount to recent momentum levels.","The fundamental data presents conflicting signals: high multiples (P/E 28.33, EV/EBITDA 75.76) suggest overvaluation, yet technicals show weakness (-6.05% from SMA50, RSI 32.89). The trading agent's claim that valuation metrics are absent is factually incorrect; the Data object explicitly lists PE_Ratio, PB_Ratio, PS_Ratio, and EV_EBITDA.","Decision summary plus first two reasoning sentences per agent; extractive, not a full factual audit.",rounds_2_real_name_generations_1,Qwen/Qwen3.5-9B,17,2,real_name,1,BACG,Johnson & Johnson,valuation_forcing,"Based on the data available to you, does Johnson & Johnson look attractively priced, fairly priced, or expensive right now — and specifically why?",2,debate,True,1,NO_MAJORITY,no_majority,"{""EXPENSIVE"": 1, ""ATTRACTIVELY_PRICED"": 1, ""FAIRLY_PRICED"": 1}",EXPENSIVE,"Johnson & Johnson's valuation multiples indicate an expensive stance. The P/E ratio of 28.33, PB ratio of 7.3, and particularly the EV/EBITDA of 75.76 are extremely high for a mature healthcare company. While the sector P/E is unavailable to confirm relative premium status, the absolute magnitude of these metrics suggests significant overvaluation or depressed earnings. The PS ratio of 24.64 further supports this view. Technical indicators like RSI (32.89) and price position (-6.05% vs SMA50) from other sources suggest short-term weakness but do not negate fundamental overpricing. Without sector benchmarks or growth data to justify such premiums, the intrinsic value appears overstated.",ok,ATTRACTIVELY_PRICED,"Based strictly on the supplied trading data, Johnson & Johnson appears attractively priced. The stock is trading at -6.05% below its 50-day moving average (PriceVsSMA50_Percent), with a Price_to_SMA50 ratio of 0.9395, indicating a discount to recent momentum levels. The RSI_14 of 32.89 signals oversold conditions, often preceding a technical rebound. Volume activity is normal (Volume_to_AvgVol20: 1.0349), showing no divergence from price action. While peer agents cite high valuation multiples (P/E, EV/EBITDA), those metrics are absent from the provided Data object and cannot be used as evidence per instructions. Therefore, based solely on available technical indicators, the price is attractive.",ok,FAIRLY_PRICED,"The fundamental data presents conflicting signals: high multiples (P/E 28.33, EV/EBITDA 75.76) suggest overvaluation, yet technicals show weakness (-6.05% from SMA50, RSI 32.89). The trading agent's claim that valuation metrics are absent is factually incorrect; the Data object explicitly lists PE_Ratio, PB_Ratio, PS_Ratio, and EV_EBITDA. However, without sector P/E or growth rates to contextualize these absolute numbers, declaring them definitively 'expensive' is speculative. The price discount relative to recent trends combined with the inability to verify if current multiples represent a historical premium suggests a neutral stance is prudent given the ambiguity.",ok
145,fundamental: NO; trading: NO; challenger: NO. Group: NO. All agents agree. Independent baseline.,Group outcome NO; other identity: NO. All role decisions match across identities.,"Johnson & Johnson exhibits significantly elevated valuation metrics, with a P/E ratio of 28.33 and an EV/EBITDA of 75.76. These multiples suggest the stock is priced for perfection, leaving limited margin of safety for a 3–5 year core holding.","Based strictly on the provided trading data, Johnson & Johnson does not exhibit strong short-to-mid-term bullish signals suitable for a core holding entry. The stock is trading below its 50-day moving average (Price vs SMA50: -6.05%), indicating a downtrend or consolidation phase rather than upward momentum.","Johnson & Johnson appears overvalued for a core 3–5 year hold given its PE ratio of 28.33 and EV/EBITDA of 75.76, which are significantly elevated without sector comparison data to contextualize the premium. While the stock is currently trading at a discount to its 50-day moving average (-6.05%) with an RSI of 32.89 indicating short-term oversold conditions, these technical signals do not justify the high valuation multiples on a fundamental basis.","Decision summary plus first two reasoning sentences per agent; extractive, not a full factual audit.",rounds_2_real_name_generations_1,Qwen/Qwen3.5-9B,17,2,real_name,1,BACG,Johnson & Johnson,core_holding,"Is Johnson & Johnson a good core holding for a 3–5 year investment thesis, based on the information available to you?",0,baseline,False,1,NO,majority,"{""NO"": 3}",NO,"Johnson & Johnson exhibits significantly elevated valuation metrics, with a P/E ratio of 28.33 and an EV/EBITDA of 75.76. These multiples suggest the stock is priced for perfection, leaving limited margin of safety for a 3–5 year core holding. Without sector P/E data to confirm if this premium is justified by relative outperformance, the high absolute valuations pose substantial downside risk. The PS ratio of 24.64 further indicates expensive pricing relative to sales. Given the lack of comparative benchmarks and growth confirmation in the provided snapshot, maintaining a core position is unjustified based on current fundamentals.",ok,NO,"Based strictly on the provided trading data, Johnson & Johnson does not exhibit strong short-to-mid-term bullish signals suitable for a core holding entry. The stock is trading below its 50-day moving average (Price vs SMA50: -6.05%), indicating a downtrend or consolidation phase rather than upward momentum. Additionally, the RSI of 32.89 suggests the asset is oversold but has not yet shown a reversal signal; it remains in bearish territory relative to neutral levels. Volume is near average (1.03x), failing to confirm any breakout or significant buying pressure. While technicals show weakness, this data only supports short-term timing decisions, not a fundamental 3–5 year valuation thesis which requires missing intrinsic business metrics like sector P/E or growth rates.",ok,NO,"Johnson & Johnson appears overvalued for a core 3–5 year hold given its PE ratio of 28.33 and EV/EBITDA of 75.76, which are significantly elevated without sector comparison data to contextualize the premium. While the stock is currently trading at a discount to its 50-day moving average (-6.05%) with an RSI of 32.89 indicating short-term oversold conditions, these technical signals do not justify the high valuation multiples on a fundamental basis. The lack of sector P/E data prevents determining if the premium is justified by industry-wide strength or represents a specific company bubble. Without evidence of accelerating earnings growth to support these multiples, the risk-reward profile favors caution.",ok
146,fundamental: NO; trading: NO; challenger: NO. Group: NO. All agents agree. No agent decision changed from the previous round.,Group outcome NO; other identity: NO. All role decisions match across identities.,"Johnson & Johnson's valuation metrics are significantly elevated, with a P/E of 28.33 and an EV/EBITDA of 75.76. These multiples suggest the stock is priced for perfection, leaving limited margin of safety for a 3–5 year core holding.","The provided trading data indicates weak short-term momentum, which contradicts the entry criteria for a new core holding. The stock is trading -6.05% below its 50-day moving average with an RSI of 32.89 (oversold but not reversed), suggesting continued downside pressure or consolidation rather than the bullish trend required for a 3–5 year thesis initiation.","Johnson & Johnson is not a good core holding based on the provided data due to significantly elevated valuation multiples. The PE ratio of 28.33 and EV/EBITDA of 75.76 are extremely high, suggesting limited margin of safety for a multi-year thesis without evidence of accelerating growth to justify such premiums.","Decision summary plus first two reasoning sentences per agent; extractive, not a full factual audit.",rounds_2_real_name_generations_1,Qwen/Qwen3.5-9B,17,2,real_name,1,BACG,Johnson & Johnson,core_holding,"Is Johnson & Johnson a good core holding for a 3–5 year investment thesis, based on the information available to you?",1,debate,False,1,NO,majority,"{""NO"": 3}",NO,"Johnson & Johnson's valuation metrics are significantly elevated, with a P/E of 28.33 and an EV/EBITDA of 75.76. These multiples suggest the stock is priced for perfection, leaving limited margin of safety for a 3–5 year core holding. Crucially, sector P/E data is missing (null), preventing verification if this premium is justified by relative outperformance or represents excessive pricing. Without comparative benchmarks to contextualize these absolute figures, the risk-reward profile appears unfavorable based on current fundamentals.",ok,NO,"The provided trading data indicates weak short-term momentum, which contradicts the entry criteria for a new core holding. The stock is trading -6.05% below its 50-day moving average with an RSI of 32.89 (oversold but not reversed), suggesting continued downside pressure or consolidation rather than the bullish trend required for a 3–5 year thesis initiation. Volume is flat at 1.03x average, failing to confirm any breakout. Crucially, the supplied dataset contains no valuation multiples (e.g., P/E) or growth metrics necessary to validate a long-term intrinsic value thesis; relying on technical weakness alone, combined with missing fundamental data, precludes a 'YES' verdict.",ok,NO,"Johnson & Johnson is not a good core holding based on the provided data due to significantly elevated valuation multiples. The PE ratio of 28.33 and EV/EBITDA of 75.76 are extremely high, suggesting limited margin of safety for a multi-year thesis without evidence of accelerating growth to justify such premiums. While the stock trades at a discount to its 50-day moving average (-6.05%) with an RSI of 32.89 indicating short-term weakness, these technical factors do not offset fundamental overvaluation risks. The lack of sector P/E data prevents confirming if the premium is justified by industry strength, but the absolute levels remain prohibitive for a conservative core position.",ok
147,fundamental: NO; trading: NO; challenger: NO. Group: NO. All agents agree. No agent decision changed from the previous round.,Group outcome NO; other identity: NO. All role decisions match across identities.,"Johnson & Johnson exhibits significantly elevated valuation multiples, with a P/E of 28.33 and an EV/EBITDA of 75.76. These figures suggest the stock is priced for perfection, offering limited margin of safety for a 3–5 year core holding.","The provided trading data indicates weak short-term momentum, which contradicts the entry criteria for a new core holding. The stock is trading -6.05% below its 50-day moving average with an RSI of 32.89 (oversold but not reversed), suggesting continued downside pressure or consolidation rather than the bullish trend required for a 3–5 year thesis initiation.","The provided fundamental data shows significantly elevated valuation multiples (PE: 28.33, EV/EBITDA: 75.76), which generally preclude a safe entry for a core holding without proof of exceptional growth. While the stock is currently -6.05% below its 50-day SMA with an RSI of 32.89, indicating short-term weakness, this technical setup does not justify overcoming such high absolute valuations for a multi-year thesis.","Decision summary plus first two reasoning sentences per agent; extractive, not a full factual audit.",rounds_2_real_name_generations_1,Qwen/Qwen3.5-9B,17,2,real_name,1,BACG,Johnson & Johnson,core_holding,"Is Johnson & Johnson a good core holding for a 3–5 year investment thesis, based on the information available to you?",2,debate,True,1,NO,majority,"{""NO"": 3}",NO,"Johnson & Johnson exhibits significantly elevated valuation multiples, with a P/E of 28.33 and an EV/EBITDA of 75.76. These figures suggest the stock is priced for perfection, offering limited margin of safety for a 3–5 year core holding. Crucially, sector P/E data is missing (null), preventing verification if this premium is justified by relative outperformance or represents excessive pricing. Without comparative benchmarks to contextualize these absolute figures, the risk-reward profile appears unfavorable based on current fundamentals.",ok,NO,"The provided trading data indicates weak short-term momentum, which contradicts the entry criteria for a new core holding. The stock is trading -6.05% below its 50-day moving average with an RSI of 32.89 (oversold but not reversed), suggesting continued downside pressure or consolidation rather than the bullish trend required for a 3–5 year thesis initiation. Volume is flat at 1.03x average, failing to confirm any breakout. Crucially, the supplied dataset contains no valuation multiples (e.g., P/E) or growth metrics necessary to validate a long-term intrinsic value thesis; relying on technical weakness alone, combined with missing fundamental data, precludes a 'YES' verdict.",ok,NO,"The provided fundamental data shows significantly elevated valuation multiples (PE: 28.33, EV/EBITDA: 75.76), which generally preclude a safe entry for a core holding without proof of exceptional growth. While the stock is currently -6.05% below its 50-day SMA with an RSI of 32.89, indicating short-term weakness, this technical setup does not justify overcoming such high absolute valuations for a multi-year thesis. The primary limitation is the absence of sector P/E data to determine if these premiums are justified by industry outperformance or represent overvaluation relative to peers.",ok
148,fundamental: HOLD; trading: HOLD; challenger: HOLD. Group: HOLD. All agents agree. Independent baseline.,Group outcome HOLD; other identity: HOLD. Different agent decisions: trading.,"The stock is significantly overvalued relative to historical norms and likely peers, evidenced by a P/E of 28.33, PB of 7.3, and EV/EBITDA of 75.76. While the high PE suggests premium pricing, the absence of Sector_PE data prevents a direct comparison to justify this multiple for a BUY recommendation.","The stock trades at -6.05% below its 50-day moving average, indicating a short-term downtrend despite an RSI of 32.89 suggesting oversold conditions. Volume ratio is neutral (1.0349), failing to confirm a reversal or continuation.","Valuation metrics are significantly elevated, with a PE of 28.33 and EV/EBITDA of 75.76, suggesting the stock is priced for perfection despite mixed fundamentals. However, technical indicators show oversold conditions (RSI 32.89) and a price trading near its 50-day SMA (-6.05%), creating a potential short-term bounce opportunity but lacking a clear long-term catalyst.","Decision summary plus first two reasoning sentences per agent; extractive, not a full factual audit.",rounds_2_real_name_generations_1,Qwen/Qwen3.5-9B,17,2,real_name,1,BACG,Johnson & Johnson,confidence_falsifiability,"How confident are you in your BUY/SELL/HOLD call on Johnson & Johnson right now, on a rough scale from low to high, and what specific piece of missing information would most change your mind?",0,baseline,False,1,HOLD,majority,"{""HOLD"": 3}",HOLD,"The stock is significantly overvalued relative to historical norms and likely peers, evidenced by a P/E of 28.33, PB of 7.3, and EV/EBITDA of 75.76. While the high PE suggests premium pricing, the absence of Sector_PE data prevents a direct comparison to justify this multiple for a BUY recommendation. The extremely high EV/EBITDA indicates potential valuation compression risks or suppressed earnings quality. Without sector benchmarks or forward growth rates to contextualize these multiples, maintaining a neutral stance is prudent.",ok,HOLD,"The stock trades at -6.05% below its 50-day moving average, indicating a short-term downtrend despite an RSI of 32.89 suggesting oversold conditions. Volume ratio is neutral (1.0349), failing to confirm a reversal or continuation. While the price is technically discounted relative to recent averages, the lack of significant volume support prevents a confident directional call. The data does not provide sector P/E multiples or long-term growth thesis evidence, limiting intrinsic valuation analysis. Without higher volume confirming a bounce from oversold levels, maintaining the current position is prudent.",ok,HOLD,"Valuation metrics are significantly elevated, with a PE of 28.33 and EV/EBITDA of 75.76, suggesting the stock is priced for perfection despite mixed fundamentals. However, technical indicators show oversold conditions (RSI 32.89) and a price trading near its 50-day SMA (-6.05%), creating a potential short-term bounce opportunity but lacking a clear long-term catalyst. Without sector-specific valuation data to confirm if J&J's premium is justified by outperformance, or details on upcoming regulatory rulings impacting revenue, the risk-reward profile remains ambiguous. The high EV/EBITDA specifically flags overvaluation relative to cash flows.",ok
149,fundamental: HOLD; trading: HOLD; challenger: HOLD. Group: HOLD. All agents agree. No agent decision changed from the previous round.,Group outcome HOLD; other identity: HOLD. All role decisions match across identities.,"Valuation metrics are significantly elevated, with a P/E of 28.33 and EV/EBITDA of 75.76. Without the Sector_PE data available in the provided evidence, I cannot determine if this premium is justified by superior growth or market positioning.","Price is -6.05% below the 50-day SMA, indicating a short-term downtrend, while RSI at 32.89 signals oversold conditions. Volume ratio (1.0349) is neutral and fails to confirm a reversal.","Valuation metrics are severely elevated, with an EV/EBITDA of 75.76 and a P/E of 28.33, suggesting significant overvaluation absent sector benchmarks for comparison. While technicals show oversold conditions (RSI 32.89) and the price is -6.05% below the 50-day SMA, volume remains neutral at 1.0349x average, failing to confirm a reversal.","Decision summary plus first two reasoning sentences per agent; extractive, not a full factual audit.",rounds_2_real_name_generations_1,Qwen/Qwen3.5-9B,17,2,real_name,1,BACG,Johnson & Johnson,confidence_falsifiability,"How confident are you in your BUY/SELL/HOLD call on Johnson & Johnson right now, on a rough scale from low to high, and what specific piece of missing information would most change your mind?",1,debate,False,1,HOLD,majority,"{""HOLD"": 3}",HOLD,"Valuation metrics are significantly elevated, with a P/E of 28.33 and EV/EBITDA of 75.76. Without the Sector_PE data available in the provided evidence, I cannot determine if this premium is justified by superior growth or market positioning. The PS_Ratio of 24.64 also suggests high pricing relative to sales. Since I am restricted to fundamental fields and cannot invent sector benchmarks, the inability to contextualize these multiples against peers prevents a BUY recommendation. A SELL is premature given no negative fundamental data exists, but overvaluation risks warrant caution.",ok,HOLD,"Price is -6.05% below the 50-day SMA, indicating a short-term downtrend, while RSI at 32.89 signals oversold conditions. Volume ratio (1.0349) is neutral and fails to confirm a reversal. The data lacks sector valuation multiples or long-term growth thesis evidence, preventing an intrinsic BUY/SELL call. Technicals suggest a potential bounce but lack conviction without volume confirmation.",ok,HOLD,"Valuation metrics are severely elevated, with an EV/EBITDA of 75.76 and a P/E of 28.33, suggesting significant overvaluation absent sector benchmarks for comparison. While technicals show oversold conditions (RSI 32.89) and the price is -6.05% below the 50-day SMA, volume remains neutral at 1.0349x average, failing to confirm a reversal. The lack of Sector_PE data prevents validating if the premium is justified by outperformance. Without evidence that earnings quality supports these multiples or confirmation of a volume-driven bounce, the risk-reward profile remains ambiguous despite short-term mean reversion potential.",ok
150,fundamental: HOLD; trading: HOLD; challenger: HOLD. Group: HOLD. All agents agree. No agent decision changed from the previous round.,Group outcome HOLD; other identity: HOLD. All role decisions match across identities.,"Valuation metrics are significantly elevated, with a P/E of 28.33 and EV/EBITDA of 75.76. Without the Sector_PE data available in the provided evidence, I cannot determine if this premium is justified by superior growth or market positioning.","Price is -6.05% below the 50-day SMA, indicating a short-term downtrend, while RSI at 32.89 signals oversold conditions. Volume ratio (1.0349) is neutral and fails to confirm a reversal.","Valuation remains severely stretched with an EV/EBITDA of 75.76 and P/E of 28.33, lacking sector benchmarks to justify the premium. Technically, the stock is oversold (RSI 32.89) and trading -6.05% below its 50-day SMA, suggesting potential mean reversion.","Decision summary plus first two reasoning sentences per agent; extractive, not a full factual audit.",rounds_2_real_name_generations_1,Qwen/Qwen3.5-9B,17,2,real_name,1,BACG,Johnson & Johnson,confidence_falsifiability,"How confident are you in your BUY/SELL/HOLD call on Johnson & Johnson right now, on a rough scale from low to high, and what specific piece of missing information would most change your mind?",2,debate,True,1,HOLD,majority,"{""HOLD"": 3}",HOLD,"Valuation metrics are significantly elevated, with a P/E of 28.33 and EV/EBITDA of 75.76. Without the Sector_PE data available in the provided evidence, I cannot determine if this premium is justified by superior growth or market positioning. The PS_Ratio of 24.64 also suggests high pricing relative to sales. Since I am restricted to fundamental fields and cannot invent sector benchmarks, the inability to contextualize these multiples against peers prevents a BUY recommendation. A SELL is premature given no negative fundamental data exists, but overvaluation risks warrant caution.",ok,HOLD,"Price is -6.05% below the 50-day SMA, indicating a short-term downtrend, while RSI at 32.89 signals oversold conditions. Volume ratio (1.0349) is neutral and fails to confirm a reversal. The data lacks sector valuation multiples or long-term growth thesis evidence, preventing an intrinsic BUY/SELL call. Technicals suggest a potential bounce but lack conviction without volume confirmation.",ok,HOLD,"Valuation remains severely stretched with an EV/EBITDA of 75.76 and P/E of 28.33, lacking sector benchmarks to justify the premium. Technically, the stock is oversold (RSI 32.89) and trading -6.05% below its 50-day SMA, suggesting potential mean reversion. However, volume (1.0349x average) is neutral, failing to confirm a reversal or trend change. Without Sector_PE data to contextualize valuation or evidence of earnings quality supporting these multiples, the risk-reward profile is ambiguous. The strong technical dip offers limited upside if fundamentals do not improve, while the high multiples pose downside risk.",ok
151,fundamental: EXPENSIVE; trading: FAIRLY_PRICED; challenger: EXPENSIVE. Group: EXPENSIVE. Agents disagree. Independent baseline.,Group outcome EXPENSIVE; other identity: FAIRLY_PRICED. Different agent decisions: challenger.,"UDAX trades at a P/E of 30.79, PB of 34.37, and PS of 32.92, alongside an EV/EBITDA of 94.3. These multiples are exceptionally high for any standard equity profile, suggesting the market prices in extreme future growth that is not currently realized.","UDAX is trading at $267.61, which is only 2.82% above its 50-day moving average of $260.26 (Price_to_SMA50: 1.0282). This minimal premium suggests the stock is neither significantly undervalued nor overvalued relative to recent short-term trends.","UDAX appears expensive based on significantly elevated valuation multiples. The P/E ratio of 30.79 and PB ratio of 34.37 suggest high pricing relative to earnings and book value, though a sector P/E is missing for direct comparison.","Decision summary plus first two reasoning sentences per agent; extractive, not a full factual audit.",rounds_3_fake_ticker_generations_1,Qwen/Qwen3.5-9B,17,3,fake_ticker,1,UDAX,UDAX,valuation_forcing,"Based on the data available to you, does UDAX look attractively priced, fairly priced, or expensive right now — and specifically why?",0,baseline,False,1,EXPENSIVE,majority,"{""EXPENSIVE"": 2, ""FAIRLY_PRICED"": 1}",EXPENSIVE,"UDAX trades at a P/E of 30.79, PB of 34.37, and PS of 32.92, alongside an EV/EBITDA of 94.3. These multiples are exceptionally high for any standard equity profile, suggesting the market prices in extreme future growth that is not currently realized. Without sector P/E data to normalize these figures, the valuation appears detached from fundamental earnings power relative to peers. The lack of historical context or growth rate confirmation makes this premium risky.",ok,FAIRLY_PRICED,"UDAX is trading at $267.61, which is only 2.82% above its 50-day moving average of $260.26 (Price_to_SMA50: 1.0282). This minimal premium suggests the stock is neither significantly undervalued nor overvalued relative to recent short-term trends. Volume activity is flat, with a Volume_to_AvgVol20 ratio of 0.9936, indicating no significant buying or selling pressure driving a price divergence. The RSI of 55.24 sits near neutral, further supporting a lack of strong momentum in either direction. Without valuation multiples like P/E ratios, this assessment relies strictly on technical positioning, classifying the current state as fairly priced.",ok,EXPENSIVE,"UDAX appears expensive based on significantly elevated valuation multiples. The P/E ratio of 30.79 and PB ratio of 34.37 suggest high pricing relative to earnings and book value, though a sector P/E is missing for direct comparison. Trading metrics show the stock is trading only 2.82% above its 50-day SMA with neutral RSI (55.24) and volume near average, indicating no immediate technical oversold condition to justify a discount. Without historical growth rates or sector benchmarks, the high absolute multiples imply premium pricing rather than an attractive opportunity.",ok
152,fundamental: EXPENSIVE; trading: FAIRLY_PRICED; challenger: EXPENSIVE. Group: EXPENSIVE. Agents disagree. No agent decision changed from the previous round.,Group outcome EXPENSIVE; other identity: EXPENSIVE. All role decisions match across identities.,"UDAX exhibits exceptionally high valuation multiples: P/E (30.79), PB (34.37), PS (32.92), and EV/EBITDA (94.3). These figures suggest the market prices in extreme future growth not currently realized.","UDAX is trading at $267.61, which is only 2.82% above its 50-day moving average of $260.26 (Price_to_SMA50: 1.0282). This minimal premium suggests the stock is neither significantly undervalued nor overvalued relative to recent short-term trends.","UDAX is fundamentally expensive with a P/E of 30.79, PB of 34.37, and EV/EBITDA of 94.3, indicating extreme valuation multiples unsupported by current earnings or book value realization. While the trading analyst argues it is 'fairly priced' based on technicals (2.82% above SMA50, neutral RSI), this ignores that high valuations can persist even without immediate technical divergence if growth expectations remain intact.","Decision summary plus first two reasoning sentences per agent; extractive, not a full factual audit.",rounds_3_fake_ticker_generations_1,Qwen/Qwen3.5-9B,17,3,fake_ticker,1,UDAX,UDAX,valuation_forcing,"Based on the data available to you, does UDAX look attractively priced, fairly priced, or expensive right now — and specifically why?",1,debate,False,1,EXPENSIVE,majority,"{""EXPENSIVE"": 2, ""FAIRLY_PRICED"": 1}",EXPENSIVE,"UDAX exhibits exceptionally high valuation multiples: P/E (30.79), PB (34.37), PS (32.92), and EV/EBITDA (94.3). These figures suggest the market prices in extreme future growth not currently realized. While technicals show neutral positioning (RSI 55.24, Price ~2.8% above SMA50), fundamentals indicate a premium detached from current earnings power. Without sector P/E data to normalize these figures or historical growth rates to justify such premiums, the valuation appears risky and unjustified by available fundamental evidence.",ok,FAIRLY_PRICED,"UDAX is trading at $267.61, which is only 2.82% above its 50-day moving average of $260.26 (Price_to_SMA50: 1.0282). This minimal premium suggests the stock is neither significantly undervalued nor overvalued relative to recent short-term trends. Volume activity is flat, with a Volume_to_AvgVol20 ratio of 0.9936, indicating no significant buying or selling pressure driving a price divergence. The RSI of 55.24 sits near neutral, further supporting a lack of strong momentum in either direction. Without valuation multiples like P/E ratios available in the supplied data, this assessment relies strictly on technical positioning, classifying the current state as fairly priced.",ok,EXPENSIVE,"UDAX is fundamentally expensive with a P/E of 30.79, PB of 34.37, and EV/EBITDA of 94.3, indicating extreme valuation multiples unsupported by current earnings or book value realization. While the trading analyst argues it is 'fairly priced' based on technicals (2.82% above SMA50, neutral RSI), this ignores that high valuations can persist even without immediate technical divergence if growth expectations remain intact. However, the lack of sector benchmarks makes definitive premium assessment difficult. Given the absolute magnitude of the EV/EBITDA (94.3x) and PB (34x), the asset appears overvalued unless future growth justifies these extremes, which current data does not confirm. The fundamental disconnect between price and underlying metrics outweighs neutral short-term momentum.",ok
153,fundamental: EXPENSIVE; trading: FAIRLY_PRICED; challenger: EXPENSIVE. Group: EXPENSIVE. Agents disagree. No agent decision changed from the previous round.,Group outcome EXPENSIVE; other identity: EXPENSIVE. All role decisions match across identities.,"UDAX exhibits exceptionally high valuation multiples: P/E (30.79), PB (34.37), PS (32.92), and EV/EBITDA (94.3). These figures suggest the market prices in extreme future growth not currently realized.","Based strictly on the supplied trading data, UDAX is fairly priced. The Close Price of $267.61 trades only 2.82% above the 50-day SMA ($260.26), indicating minimal deviation from recent trend averages.","UDAX is fundamentally expensive based on extreme valuation multiples: P/E (30.79), PB (34.37), and notably EV/EBITDA (94.3). These figures imply the market prices in massive future growth not currently realized by earnings or book value.","Decision summary plus first two reasoning sentences per agent; extractive, not a full factual audit.",rounds_3_fake_ticker_generations_1,Qwen/Qwen3.5-9B,17,3,fake_ticker,1,UDAX,UDAX,valuation_forcing,"Based on the data available to you, does UDAX look attractively priced, fairly priced, or expensive right now — and specifically why?",2,debate,False,1,EXPENSIVE,majority,"{""EXPENSIVE"": 2, ""FAIRLY_PRICED"": 1}",EXPENSIVE,"UDAX exhibits exceptionally high valuation multiples: P/E (30.79), PB (34.37), PS (32.92), and EV/EBITDA (94.3). These figures suggest the market prices in extreme future growth not currently realized. While technicals show neutral positioning, fundamentals indicate a premium detached from current earnings power. Without sector P/E data to normalize these figures or historical growth rates to justify such premiums, the valuation appears risky and unjustified by available fundamental evidence.",ok,FAIRLY_PRICED,"Based strictly on the supplied trading data, UDAX is fairly priced. The Close Price of $267.61 trades only 2.82% above the 50-day SMA ($260.26), indicating minimal deviation from recent trend averages. Momentum is neutral with an RSI_14 of 55.24, and volume is flat at a ratio of 0.9936 relative to the 20-day average, showing no significant buying or selling pressure. While peer agents cite high valuation multiples (P/E, EV/EBITDA) to argue the asset is expensive, those metrics are absent from the provided Data object. As instructed, I must base the verdict solely on available trading fields; consequently, there is no evidence within this dataset to support a claim of being 'expensive' or 'attractively priced.' The technical positioning remains balanced.",ok,EXPENSIVE,"UDAX is fundamentally expensive based on extreme valuation multiples: P/E (30.79), PB (34.37), and notably EV/EBITDA (94.3). These figures imply the market prices in massive future growth not currently realized by earnings or book value. While technicals show neutral momentum (RSI 55.24, Price 2.82% above SMA50), they do not justify ignoring such high fundamental premiums. The trading analyst's reliance on short-term price proximity to the moving average ignores that 'fairly priced' technically does not equate to 'attractively valued' when absolute multiples are detached from current fundamentals. Without sector benchmarks or historical growth data to normalize these metrics, the risk of overvaluation remains high.",ok
154,fundamental: EXPENSIVE; trading: FAIRLY_PRICED; challenger: EXPENSIVE. Group: EXPENSIVE. Agents disagree. No agent decision changed from the previous round.,Group outcome EXPENSIVE; other identity: EXPENSIVE. All role decisions match across identities.,"UDAX exhibits exceptionally high valuation multiples: P/E (30.79), PB (34.37), PS (32.92), and EV/EBITDA (94.3). These figures suggest the market prices in extreme future growth not currently realized by earnings power or book value.","Based strictly on the supplied trading data, UDAX is fairly priced. The Close Price of $267.61 trades only 2.82% above the 50-day SMA ($260.26), indicating minimal deviation from recent trend averages.","UDAX is fundamentally expensive based on extreme valuation multiples: P/E (30.79), PB (34.37), and notably EV/EBITDA (94.3). These figures imply the market prices in massive future growth not currently realized by earnings or book value.","Decision summary plus first two reasoning sentences per agent; extractive, not a full factual audit.",rounds_3_fake_ticker_generations_1,Qwen/Qwen3.5-9B,17,3,fake_ticker,1,UDAX,UDAX,valuation_forcing,"Based on the data available to you, does UDAX look attractively priced, fairly priced, or expensive right now — and specifically why?",3,debate,True,1,EXPENSIVE,majority,"{""EXPENSIVE"": 2, ""FAIRLY_PRICED"": 1}",EXPENSIVE,"UDAX exhibits exceptionally high valuation multiples: P/E (30.79), PB (34.37), PS (32.92), and EV/EBITDA (94.3). These figures suggest the market prices in extreme future growth not currently realized by earnings power or book value. While technicals show neutral positioning, fundamentals indicate a premium detached from current operational metrics. Without sector P/E data to normalize these figures or historical growth rates to justify such premiums, the valuation appears risky and unjustified by available fundamental evidence.",ok,FAIRLY_PRICED,"Based strictly on the supplied trading data, UDAX is fairly priced. The Close Price of $267.61 trades only 2.82% above the 50-day SMA ($260.26), indicating minimal deviation from recent trend averages. Momentum is neutral with an RSI_14 of 55.24, and volume is flat at a ratio of 0.9936 relative to the 20-day average, showing no significant buying or selling pressure. While peer agents cite high valuation multiples (P/E, EV/EBITDA) to argue the asset is expensive, those metrics are absent from the provided Data object. As instructed, I must base the verdict solely on available trading fields; consequently, there is no evidence within this dataset to support a claim of being 'expensive' or 'attractively priced.' The technical positioning remains balanced.",ok,EXPENSIVE,"UDAX is fundamentally expensive based on extreme valuation multiples: P/E (30.79), PB (34.37), and notably EV/EBITDA (94.3). These figures imply the market prices in massive future growth not currently realized by earnings or book value. While technicals show neutral momentum (RSI 55.24, Price 2.82% above SMA50), they do not justify ignoring such high fundamental premiums. The trading analyst's reliance on short-term price proximity to the moving average ignores that 'fairly priced' technically does not equate to 'attractively valued' when absolute multiples are detached from current fundamentals. Without sector benchmarks or historical growth data to normalize these metrics, the risk of overvaluation remains high.",ok
155,fundamental: NO; trading: NO; challenger: NO. Group: NO. All agents agree. Independent baseline.,Group outcome NO; other identity: NO. Different agent decisions: trading.,"UDAX presents extreme valuation risks for a core holding. The P/E ratio of 30.79 and PS ratio of 32.92 are exceptionally high, while the EV/EBITDA of 94.3 suggests severe overvaluation relative to earnings generation.","The evidence does not support a 3–5 year core holding thesis based on short-term technical signals. The current price of $267.61 is only 2.82% above the 50-day moving average ($260.26), indicating a lack of significant bullish momentum or trend strength.","UDAX presents significant valuation risks for a 3–5 year core holding. The stock trades at extreme multiples: P/E of 30.79, P/B of 34.37, and PS of 32.92, alongside an EV/EBITDA of 94.3.","Decision summary plus first two reasoning sentences per agent; extractive, not a full factual audit.",rounds_3_fake_ticker_generations_1,Qwen/Qwen3.5-9B,17,3,fake_ticker,1,UDAX,UDAX,core_holding,"Is UDAX a good core holding for a 3–5 year investment thesis, based on the information available to you?",0,baseline,False,1,NO,majority,"{""NO"": 3}",NO,"UDAX presents extreme valuation risks for a core holding. The P/E ratio of 30.79 and PS ratio of 32.92 are exceptionally high, while the EV/EBITDA of 94.3 suggests severe overvaluation relative to earnings generation. Although sector P/E is unavailable for direct comparison, these multiples imply pricing in perfect execution with no margin for error. For a 3–5 year thesis, such premiums leave little room for fundamental deterioration or market volatility. The data does not confirm sustainable growth rates that could justify these levels.",ok,NO,"The evidence does not support a 3–5 year core holding thesis based on short-term technical signals. The current price of $267.61 is only 2.82% above the 50-day moving average ($260.26), indicating a lack of significant bullish momentum or trend strength. Furthermore, trading volume is flat relative to the 20-day average (ratio of 0.9936), suggesting weak conviction behind the slight uptick. RSI at 55.24 confirms neutral momentum rather than a strong buy signal. Without data on long-term fundamentals, competitive moats, or macroeconomic drivers relevant to a multi-year horizon, relying solely on these neutral-to-weak technical indicators makes a 'YES' verdict unjustified.",ok,NO,"UDAX presents significant valuation risks for a 3–5 year core holding. The stock trades at extreme multiples: P/E of 30.79, P/B of 34.37, and PS of 32.92, alongside an EV/EBITDA of 94.3. These metrics suggest the market has priced in substantial future growth that may not materialize over a medium-to-long term horizon. While the price is currently only 2.82% above its 50-day SMA with neutral RSI (55.24), indicating no immediate technical panic, the fundamental disconnect between current valuations and typical sector benchmarks (which are unavailable) creates uncertainty. Without knowing if peer P/E ratios are similarly inflated or if the company possesses unique moats to justify such premiums, relying on these levels as a 'core' position is speculative rather than defensive.",ok
156,fundamental: NO; trading: NO; challenger: NO. Group: NO. All agents agree. No agent decision changed from the previous round.,Group outcome NO; other identity: NO. Different agent decisions: trading.,"UDAX exhibits extreme valuation metrics unsuitable for a core 3–5 year holding. The P/E ratio of 30.79, PB ratio of 34.37, and PS ratio of 32.92 indicate significant overvaluation.","The provided data contains only short-term technical indicators, which are insufficient to support a 3–5 year investment thesis. The price ($267.61) is merely 2.82% above the 50-day SMA ($260.26), indicating a lack of strong bullish momentum.","UDAX is unsuitable as a core holding due to extreme valuation metrics. The P/E (30.79), P/B (34.37), and PS (32.92) ratios, alongside an EV/EBITDA of 94.3, imply pricing in perfect long-term execution with no margin for error.","Decision summary plus first two reasoning sentences per agent; extractive, not a full factual audit.",rounds_3_fake_ticker_generations_1,Qwen/Qwen3.5-9B,17,3,fake_ticker,1,UDAX,UDAX,core_holding,"Is UDAX a good core holding for a 3–5 year investment thesis, based on the information available to you?",1,debate,False,1,NO,majority,"{""NO"": 3}",NO,"UDAX exhibits extreme valuation metrics unsuitable for a core 3–5 year holding. The P/E ratio of 30.79, PB ratio of 34.37, and PS ratio of 32.92 indicate significant overvaluation. Most critically, the EV/EBITDA multiple of 94.3 suggests earnings generation is insufficient to justify current prices, implying reliance on unsustainable growth assumptions. Without sector P/E data to benchmark these premiums, the risk of mean reversion is high. These fundamentals do not support a defensive or stable core position.",ok,NO,"The provided data contains only short-term technical indicators, which are insufficient to support a 3–5 year investment thesis. The price ($267.61) is merely 2.82% above the 50-day SMA ($260.26), indicating a lack of strong bullish momentum. Volume is flat at 0.99x the 20-day average, and RSI (55.24) shows neutral strength. Crucially, while peers cited extreme valuation multiples (P/E ~30, EV/EBITDA ~94), this specific dataset does not contain fundamental metrics like P/E or revenue growth rates required to validate a long-term hold. Without evidence of sustainable earnings power or competitive moats in the supplied data, a core holding verdict cannot be justified.",ok,NO,"UDAX is unsuitable as a core holding due to extreme valuation metrics. The P/E (30.79), P/B (34.37), and PS (32.92) ratios, alongside an EV/EBITDA of 94.3, imply pricing in perfect long-term execution with no margin for error. While technicals are neutral (RSI 55.24, price +2.82% vs SMA50), they do not validate the fundamental sustainability required for a 3–5 year thesis. The primary missing information is sector-specific peer multiples to contextualize if these valuations are industry-wide or company-specific anomalies. Without evidence of sustainable growth rates justifying such premiums, the risk of mean reversion over a medium-to-long horizon outweighs potential upside.",ok
157,fundamental: NO; trading: NO; challenger: NO. Group: NO. All agents agree. No agent decision changed from the previous round.,Group outcome NO; other identity: NO. Different agent decisions: trading.,"UDAX presents extreme valuation metrics unsuitable for a core 3–5 year holding. The EV/EBITDA of 94.3 is critically high, suggesting earnings generation cannot justify current prices without unsustainable growth assumptions.","The provided data contains only short-term technical indicators, which are insufficient to support a 3–5 year investment thesis. The price ($267.61) is merely 2.82% above the 50-day SMA ($260.26), indicating a lack of strong bullish momentum.","UDAX is unsuitable as a core holding due to extreme valuation metrics. The P/E (30.79), P/B (34.37), and PS (32.92) ratios, alongside an EV/EBITDA of 94.3, imply pricing in perfect long-term execution with no margin for error.","Decision summary plus first two reasoning sentences per agent; extractive, not a full factual audit.",rounds_3_fake_ticker_generations_1,Qwen/Qwen3.5-9B,17,3,fake_ticker,1,UDAX,UDAX,core_holding,"Is UDAX a good core holding for a 3–5 year investment thesis, based on the information available to you?",2,debate,False,1,NO,majority,"{""NO"": 3}",NO,"UDAX presents extreme valuation metrics unsuitable for a core 3–5 year holding. The EV/EBITDA of 94.3 is critically high, suggesting earnings generation cannot justify current prices without unsustainable growth assumptions. While the P/E (30.79) and PB (34.37) are elevated, the absence of Sector_PE prevents benchmarking these premiums against industry standards to determine if they are justified. Without data confirming sustainable revenue or cash flow growth rates to support such multiples, the risk of mean reversion outweighs potential upside over a medium-to-long horizon.",ok,NO,"The provided data contains only short-term technical indicators, which are insufficient to support a 3–5 year investment thesis. The price ($267.61) is merely 2.82% above the 50-day SMA ($260.26), indicating a lack of strong bullish momentum. Volume is flat at 0.99x the 20-day average, and RSI (55.24) shows neutral strength. Crucially, while peers cited extreme valuation multiples (P/E ~30, EV/EBITDA ~94), this specific dataset does not contain fundamental metrics like P/E or revenue growth rates required to validate a long-term hold. Without evidence of sustainable earnings power or competitive moats in the supplied data, a core holding verdict cannot be justified.",ok,NO,"UDAX is unsuitable as a core holding due to extreme valuation metrics. The P/E (30.79), P/B (34.37), and PS (32.92) ratios, alongside an EV/EBITDA of 94.3, imply pricing in perfect long-term execution with no margin for error. While technicals are neutral (RSI 55.24, price +2.82% vs SMA50), they do not validate the fundamental sustainability required for a 3–5 year thesis. The primary missing information is sector-specific peer multiples to contextualize if these valuations are industry-wide or company-specific anomalies. Without evidence of sustainable growth rates justifying such premiums, the risk of mean reversion over a medium-to-long horizon outweighs potential upside.",ok
158,fundamental: NO; trading: NO; challenger: NO. Group: NO. All agents agree. No agent decision changed from the previous round.,Group outcome NO; other identity: NO. Different agent decisions: trading.,"UDAX exhibits extreme valuation metrics unsuitable for a core 3–5 year holding. The EV/EBITDA of 94.3 is critically high, implying earnings generation cannot justify current prices without unsustainable growth assumptions.","The supplied data contains only short-term technical indicators, which are insufficient to support a 3–5 year investment thesis. The price ($267.61) is merely 2.82% above the 50-day SMA ($260.26), indicating neutral momentum rather than strong bullish trend.","UDAX's valuation metrics (P/E: 30.79, P/B: 34.37, PS: 32.92, EV/EBITDA: 94.3) are excessively high for a core 3–5 year holding without evidence of super-normal growth justifying such premiums. Technicals are neutral (RSI: 55.24, Price vs SMA50: +2.82%), offering no contrarian support.","Decision summary plus first two reasoning sentences per agent; extractive, not a full factual audit.",rounds_3_fake_ticker_generations_1,Qwen/Qwen3.5-9B,17,3,fake_ticker,1,UDAX,UDAX,core_holding,"Is UDAX a good core holding for a 3–5 year investment thesis, based on the information available to you?",3,debate,True,1,NO,majority,"{""NO"": 3}",NO,"UDAX exhibits extreme valuation metrics unsuitable for a core 3–5 year holding. The EV/EBITDA of 94.3 is critically high, implying earnings generation cannot justify current prices without unsustainable growth assumptions. While P/E (30.79) and PB (34.37) are also elevated, the absence of Sector_PE prevents benchmarking these premiums against industry standards to determine if they are justified. Without data confirming sustainable revenue or cash flow growth rates to support such multiples, the risk of mean reversion outweighs potential upside over a medium-to-long horizon.",ok,NO,"The supplied data contains only short-term technical indicators, which are insufficient to support a 3–5 year investment thesis. The price ($267.61) is merely 2.82% above the 50-day SMA ($260.26), indicating neutral momentum rather than strong bullish trend. Volume is flat at 0.99x the 20-day average, and RSI (55.24) confirms neutral strength. Crucially, while peers cited extreme valuation multiples (P/E ~30, EV/EBITDA ~94), this specific dataset does not contain fundamental metrics like P/E or revenue growth rates required to validate a long-term hold. Without evidence of sustainable earnings power or competitive moats in the supplied data, a core holding verdict cannot be justified.",ok,NO,"UDAX's valuation metrics (P/E: 30.79, P/B: 34.37, PS: 32.92, EV/EBITDA: 94.3) are excessively high for a core 3–5 year holding without evidence of super-normal growth justifying such premiums. Technicals are neutral (RSI: 55.24, Price vs SMA50: +2.82%), offering no contrarian support. The primary limitation is the absence of Sector_PE data; without this benchmark, we cannot determine if these multiples reflect industry-wide expansion or an overvalued anomaly. Assuming sustainable growth to justify EV/EBITDA >90x introduces significant risk of mean reversion. Given the lack of peer context and missing growth rate data, the downside risk from potential multiple compression outweighs upside potential.",ok
159,fundamental: HOLD; trading: HOLD; challenger: HOLD. Group: HOLD. All agents agree. Independent baseline.,Group outcome HOLD; other identity: HOLD. All role decisions match across identities.,"Valuation metrics are significantly elevated. The P/E ratio of 30.79 is high without a sector benchmark for comparison, and the PB ratio of 34.37 suggests extreme overvaluation relative to book value.","The price of $267.61 is trading just 2.82% above the 50-day SMA ($260.26), indicating a neutral technical stance rather than a strong breakout or breakdown. The RSI at 55.24 sits in the middle ground, lacking bullish or bearish momentum.","UDAX shows significant valuation stress with a P/E of 30.79 and EV/EBITDA of 94.3, suggesting overvaluation relative to typical tech or crypto infrastructure norms. However, the price is only 2.82% above the 50-day SMA, indicating short-term stability rather than an immediate crash.","Decision summary plus first two reasoning sentences per agent; extractive, not a full factual audit.",rounds_3_fake_ticker_generations_1,Qwen/Qwen3.5-9B,17,3,fake_ticker,1,UDAX,UDAX,confidence_falsifiability,"How confident are you in your BUY/SELL/HOLD call on UDAX right now, on a rough scale from low to high, and what specific piece of missing information would most change your mind?",0,baseline,False,1,HOLD,majority,"{""HOLD"": 3}",HOLD,"Valuation metrics are significantly elevated. The P/E ratio of 30.79 is high without a sector benchmark for comparison, and the PB ratio of 34.37 suggests extreme overvaluation relative to book value. The EV/EBITDA of 94.3 further confirms expensive pricing. While recent fundamentals (Quarter Date: 2026-03-28) exist, the lack of peer group data prevents normalization of these multiples. Given the disconnect between current prices and reasonable valuation anchors, maintaining the position is prudent until growth justifies these levels.",ok,HOLD,"The price of $267.61 is trading just 2.82% above the 50-day SMA ($260.26), indicating a neutral technical stance rather than a strong breakout or breakdown. The RSI at 55.24 sits in the middle ground, lacking bullish or bearish momentum. Volume is nearly flat at 0.99x the 20-day average, confirming a lack of conviction. While the asset is slightly above its short-term moving average, the absence of significant volume support and moderate RSI suggests waiting for clearer directional signals before committing to a long or short position.",ok,HOLD,"UDAX shows significant valuation stress with a P/E of 30.79 and EV/EBITDA of 94.3, suggesting overvaluation relative to typical tech or crypto infrastructure norms. However, the price is only 2.82% above the 50-day SMA, indicating short-term stability rather than an immediate crash. The RSI at 55.24 confirms neutral momentum, avoiding both overheated buying and oversold selling conditions. Without a sector benchmark for P/E, it is impossible to determine if these multiples are justified by high growth expectations. Given the lack of comparative data and the mixed signals between high valuations and stable technicals, maintaining the position is prudent until clarity emerges.",ok
160,fundamental: HOLD; trading: HOLD; challenger: HOLD. Group: HOLD. All agents agree. No agent decision changed from the previous round.,Group outcome HOLD; other identity: HOLD. All role decisions match across identities.,"Valuation multiples are critically elevated with a P/E of 30.79, PB of 34.37, and EV/EBITDA of 94.3. However, the Sector_PE is null, preventing normalization of these figures against industry peers.","The price ($267.61) trades only 2.82% above the 50-day SMA ($260.26), indicating a neutral technical stance without a strong breakout. The RSI (55.24) confirms moderate momentum, while volume is flat at 0.99x the average, lacking conviction for a directional move.","All peers correctly identify the primary constraint: the lack of a Sector PE ratio. Without this benchmark, valuations (PE 30.79, PB 34.37, EV/EBITDA 94.3) appear extreme but cannot be definitively labeled overvalued if growth expectations are exceptionally high.","Decision summary plus first two reasoning sentences per agent; extractive, not a full factual audit.",rounds_3_fake_ticker_generations_1,Qwen/Qwen3.5-9B,17,3,fake_ticker,1,UDAX,UDAX,confidence_falsifiability,"How confident are you in your BUY/SELL/HOLD call on UDAX right now, on a rough scale from low to high, and what specific piece of missing information would most change your mind?",1,debate,False,1,HOLD,majority,"{""HOLD"": 3}",HOLD,"Valuation multiples are critically elevated with a P/E of 30.79, PB of 34.37, and EV/EBITDA of 94.3. However, the Sector_PE is null, preventing normalization of these figures against industry peers. Without a benchmark to determine if high growth justifies these premiums, the risk of overvaluation remains unquantified. Technicals from other agents suggest neutrality but rely on data not in my fundamental dataset. Given the disconnect between extreme pricing and the lack of comparative anchors, maintaining the position is prudent until sector context clarifies valuation fairness.",ok,HOLD,"The price ($267.61) trades only 2.82% above the 50-day SMA ($260.26), indicating a neutral technical stance without a strong breakout. The RSI (55.24) confirms moderate momentum, while volume is flat at 0.99x the average, lacking conviction for a directional move. Although fundamental data like P/E and EV/EBITDA suggest high valuation, the instructions prioritize trading signals over intrinsic valuation. With no significant volume surge or extreme momentum divergence, maintaining the position is prudent until clearer short-term signals emerge.",ok,HOLD,"All peers correctly identify the primary constraint: the lack of a Sector PE ratio. Without this benchmark, valuations (PE 30.79, PB 34.37, EV/EBITDA 94.3) appear extreme but cannot be definitively labeled overvalued if growth expectations are exceptionally high. Technically, the asset is neutral (RSI 55.24, +2.82% vs SMA50) with flat volume (0.99x), offering no immediate catalyst for a breakout or breakdown. While I agree that missing sector data prevents a directional call, I also note the Price_to_SMA50 (1.0282) suggests minimal short-term upside buffer. The strongest counterargument to holding is if UDAX's growth rate justifies these multiples, which we cannot verify without peer data. Therefore, maintaining the position until clarity emerges remains the prudent choice.",ok
161,fundamental: HOLD; trading: HOLD; challenger: HOLD. Group: HOLD. All agents agree. No agent decision changed from the previous round.,Group outcome HOLD; other identity: HOLD. All role decisions match across identities.,"Valuation multiples are critically elevated with a P/E of 30.79, PB of 34.37, and EV/EBITDA of 94.3. However, the Sector_PE is null, preventing normalization against industry peers.","Price ($267.61) trades only 2.82% above the 50-day SMA ($260.26), indicating a neutral technical stance without a strong breakout. The RSI (55.24) confirms moderate momentum, while volume is flat at 0.99x the average, lacking conviction for a directional move.","All three peers correctly identify the critical absence of a Sector PE ratio as the primary constraint. Without this benchmark, the extreme valuation multiples (PE 30.79, PB 34.37, EV/EBITDA 94.3) cannot be definitively labeled overvalued, nor can we confirm if high growth justifies them.","Decision summary plus first two reasoning sentences per agent; extractive, not a full factual audit.",rounds_3_fake_ticker_generations_1,Qwen/Qwen3.5-9B,17,3,fake_ticker,1,UDAX,UDAX,confidence_falsifiability,"How confident are you in your BUY/SELL/HOLD call on UDAX right now, on a rough scale from low to high, and what specific piece of missing information would most change your mind?",2,debate,False,1,HOLD,majority,"{""HOLD"": 3}",HOLD,"Valuation multiples are critically elevated with a P/E of 30.79, PB of 34.37, and EV/EBITDA of 94.3. However, the Sector_PE is null, preventing normalization against industry peers. Without a benchmark to determine if high growth justifies these premiums, the risk of overvaluation remains unquantified. Technical indicators from other agents rely on data outside my fundamental dataset; I must base this solely on provided fundamentals. Given the disconnect between extreme pricing and the lack of comparative anchors, maintaining the position is prudent until sector context clarifies valuation fairness.",ok,HOLD,"Price ($267.61) trades only 2.82% above the 50-day SMA ($260.26), indicating a neutral technical stance without a strong breakout. The RSI (55.24) confirms moderate momentum, while volume is flat at 0.99x the average, lacking conviction for a directional move. Although fundamental data like P/E and EV/EBITDA suggest high valuation, the instructions prioritize trading signals over intrinsic valuation. With no significant volume surge or extreme momentum divergence, maintaining the position is prudent until clearer short-term signals emerge.",ok,HOLD,"All three peers correctly identify the critical absence of a Sector PE ratio as the primary constraint. Without this benchmark, the extreme valuation multiples (PE 30.79, PB 34.37, EV/EBITDA 94.3) cannot be definitively labeled overvalued, nor can we confirm if high growth justifies them. Technically, the asset shows neutrality: RSI is moderate at 55.24, price is only +2.82% above the SMA50, and volume is flat (0.99x). No peer presents a directional signal strong enough to override the fundamental uncertainty. Since no calculation errors or unsupported claims were found in the previous analysis, maintaining the status quo is the most prudent course until sector context clarifies valuation fairness.",ok
162,fundamental: HOLD; trading: HOLD; challenger: HOLD. Group: HOLD. All agents agree. No agent decision changed from the previous round.,Group outcome HOLD; other identity: HOLD. All role decisions match across identities.,"Valuation multiples are critically elevated (P/E: 30.79, PB: 34.37, EV/EBITDA: 94.3), suggesting potential overvaluation. However, the Sector_PE is null, preventing normalization against industry peers to determine if high growth justifies these premiums.","Price ($267.61) sits only 2.82% above the 50-day SMA ($260.26), indicating a neutral technical stance without a breakout. RSI (55.24) shows moderate momentum, while volume is flat at 0.99x average, lacking conviction for a directional move.","I maintain the HOLD verdict. The fundamental data presents extreme valuation metrics (PE 30.79, PB 34.37, EV/EBITDA 94.3) without a Sector_PE benchmark to determine if these premiums are justified by growth or represent overvaluation.","Decision summary plus first two reasoning sentences per agent; extractive, not a full factual audit.",rounds_3_fake_ticker_generations_1,Qwen/Qwen3.5-9B,17,3,fake_ticker,1,UDAX,UDAX,confidence_falsifiability,"How confident are you in your BUY/SELL/HOLD call on UDAX right now, on a rough scale from low to high, and what specific piece of missing information would most change your mind?",3,debate,True,1,HOLD,majority,"{""HOLD"": 3}",HOLD,"Valuation multiples are critically elevated (P/E: 30.79, PB: 34.37, EV/EBITDA: 94.3), suggesting potential overvaluation. However, the Sector_PE is null, preventing normalization against industry peers to determine if high growth justifies these premiums. Without a comparative benchmark, labeling the asset definitively as overvalued or fairly valued based on fundamentals alone is impossible. Technical signals from other agents rely on data outside my fundamental dataset; I must base this solely on provided fundamentals. Given the disconnect between extreme pricing and the lack of comparative anchors, maintaining the position is prudent until sector context clarifies valuation fairness.",ok,HOLD,"Price ($267.61) sits only 2.82% above the 50-day SMA ($260.26), indicating a neutral technical stance without a breakout. RSI (55.24) shows moderate momentum, while volume is flat at 0.99x average, lacking conviction for a directional move. Although fundamental multiples are high, instructions prioritize trading signals; no short-term catalysts exist to override the lack of trend or volume surge. The position remains prudent until clearer signals emerge.",ok,HOLD,"I maintain the HOLD verdict. The fundamental data presents extreme valuation metrics (PE 30.79, PB 34.37, EV/EBITDA 94.3) without a Sector_PE benchmark to determine if these premiums are justified by growth or represent overvaluation. Technically, the price is neutral (+2.82% above SMA50), RSI is moderate (55.24), and volume is flat (0.99x). No peer presented a calculation error or used outside data; all correctly identified the missing sector context as the primary blocker for a directional call. Without knowing if this asset outperforms its peers in earnings quality or growth rate, initiating a position based solely on absolute multiples is speculative. Therefore, waiting for sector normalization data remains the prudent course.",ok
163,fundamental: EXPENSIVE; trading: EXPENSIVE; challenger: EXPENSIVE. Group: EXPENSIVE. All agents agree. Independent baseline.,Group outcome EXPENSIVE; other identity: EXPENSIVE. Different agent decisions: trading.,"IHHE appears significantly overvalued based on current multiples. The P/E ratio of 32.2, PB ratio of 17.59, and EV/EBITDA of 93.22 are exceptionally high for a typical equity.","IHHE is trading at a premium, with the current price of $828.79 sitting 11.51% above the 50-day moving average ($743.22). This indicates upward momentum but also suggests the asset may be overextended relative to its recent short-term trend.","IHHE appears significantly overvalued based on the provided metrics. The P/E ratio of 32.2, combined with a massive P/B ratio of 17.59 and an EV/EBITDA of 93.22, suggests pricing far above typical historical norms for most sectors.","Decision summary plus first two reasoning sentences per agent; extractive, not a full factual audit.",rounds_3_fake_ticker_generations_1,Qwen/Qwen3.5-9B,17,3,fake_ticker,1,IHHE,IHHE,valuation_forcing,"Based on the data available to you, does IHHE look attractively priced, fairly priced, or expensive right now — and specifically why?",0,baseline,False,1,EXPENSIVE,majority,"{""EXPENSIVE"": 3}",EXPENSIVE,"IHHE appears significantly overvalued based on current multiples. The P/E ratio of 32.2, PB ratio of 17.59, and EV/EBITDA of 93.22 are exceptionally high for a typical equity. Without a sector P/E benchmark to compare against, these absolute figures suggest extreme pricing relative to book value and earnings power. The PS ratio of 18.85 further indicates the market is pricing in substantial future growth or asset intensity not currently reflected in fundamentals. Given the lack of comparative sector data and the magnitude of the valuation metrics, the stock is priced aggressively.",ok,EXPENSIVE,"IHHE is trading at a premium, with the current price of $828.79 sitting 11.51% above the 50-day moving average ($743.22). This indicates upward momentum but also suggests the asset may be overextended relative to its recent short-term trend. The RSI(14) is elevated at 69.43, approaching overbought territory which often signals potential near-term weakness or a need for consolidation. While volume (1,987,044) is slightly below the 20-day average ratio (0.9075), suggesting a lack of aggressive buying support despite the price surge, the technical positioning clearly points to an expensive valuation on a short-term basis. No fundamental valuation multiples are available to confirm intrinsic value.",ok,EXPENSIVE,"IHHE appears significantly overvalued based on the provided metrics. The P/E ratio of 32.2, combined with a massive P/B ratio of 17.59 and an EV/EBITDA of 93.22, suggests pricing far above typical historical norms for most sectors. While the exact sector benchmark is missing (Sector_PE: null), these multiples are inherently high. Additionally, the stock trades at an RSI of 69.43 and is up 11.51% from its 50-day SMA, indicating strong momentum but also potential overextension. Without a specific sector context to justify such extreme valuation, the risk-reward profile leans heavily toward expensive.",ok
164,fundamental: EXPENSIVE; trading: EXPENSIVE; challenger: EXPENSIVE. Group: EXPENSIVE. All agents agree. No agent decision changed from the previous round.,Group outcome EXPENSIVE; other identity: EXPENSIVE. Different agent decisions: trading.,"IHHE appears significantly overvalued based on current multiples. The P/E ratio of 32.2, PB ratio of 17.59, and EV/EBITDA of 93.22 are exceptionally high for a typical equity.","IHHE is trading at $828.79, which is 11.51% above its 50-day moving average ($743.22), indicating a premium short-term price level. The RSI(14) of 69.43 suggests the asset is approaching overbought territory, signaling potential near-term weakness or consolidation needs.","IHHE is priced at extreme multiples: P/E of 32.2, PB of 17.59, and an anomalously high EV/EBITDA of 93.22. Without sector benchmarks (Sector_PE is null), these figures imply aggressive pricing rather than fair value.","Decision summary plus first two reasoning sentences per agent; extractive, not a full factual audit.",rounds_3_fake_ticker_generations_1,Qwen/Qwen3.5-9B,17,3,fake_ticker,1,IHHE,IHHE,valuation_forcing,"Based on the data available to you, does IHHE look attractively priced, fairly priced, or expensive right now — and specifically why?",1,debate,False,1,EXPENSIVE,majority,"{""EXPENSIVE"": 3}",EXPENSIVE,"IHHE appears significantly overvalued based on current multiples. The P/E ratio of 32.2, PB ratio of 17.59, and EV/EBITDA of 93.22 are exceptionally high for a typical equity. Without a sector P/E benchmark to compare against (Sector_PE: null), these absolute figures suggest extreme pricing relative to book value and earnings power. The PS ratio of 18.85 further indicates the market is pricing in substantial future growth or asset intensity not currently reflected in fundamentals. Given the lack of comparative sector data and the magnitude of the valuation metrics, the stock is priced aggressively.",ok,EXPENSIVE,"IHHE is trading at $828.79, which is 11.51% above its 50-day moving average ($743.22), indicating a premium short-term price level. The RSI(14) of 69.43 suggests the asset is approaching overbought territory, signaling potential near-term weakness or consolidation needs. Furthermore, the volume ratio (0.9075) is below 1.0, implying that the current price surge lacks aggressive buying support relative to the 20-day average. While peer agents cite high valuation multiples (P/E, P/B), my role restricts evidence to technical fields; however, the technical data alone confirms an expensive short-term positioning based on price deviation and momentum indicators.",ok,EXPENSIVE,"IHHE is priced at extreme multiples: P/E of 32.2, PB of 17.59, and an anomalously high EV/EBITDA of 93.22. Without sector benchmarks (Sector_PE is null), these figures imply aggressive pricing rather than fair value. Technicals confirm overextension: price is 11.51% above the 50-day SMA with an RSI of 69.43, nearing overbought territory. While peers agree on 'EXPENSIVE', they rely heavily on absolute multiple magnitudes without context. The strongest counterargument is that a high-growth niche might justify these numbers; however, the PS ratio of 18.85 reinforces the lack of historical precedent for such valuation. Given the absence of growth rate data to normalize these multiples, the risk-reward profile remains skewed toward expensive.",ok
165,fundamental: EXPENSIVE; trading: EXPENSIVE; challenger: EXPENSIVE. Group: EXPENSIVE. All agents agree. No agent decision changed from the previous round.,Group outcome EXPENSIVE; other identity: EXPENSIVE. Different agent decisions: trading.,"IHHE displays exceptionally high valuation multiples: a P/E of 32.2, PB of 17.59, PS of 18.85, and an EV/EBITDA of 93.22. These figures suggest aggressive pricing relative to earnings, book value, sales, and cash flow generation.","IHHE is trading at $828.79, which is 11.51% above its 50-day moving average ($743.22), indicating a significant short-term premium. The RSI(14) of 69.43 suggests the asset is approaching overbought territory, signaling potential near-term weakness.","IHHE exhibits extreme valuation metrics: P/E (32.2), PB (17.59), PS (18.85), and EV/EBITDA (93.22). The absence of Sector_PE prevents normalization, but these absolute multiples imply aggressive pricing regardless of growth context.","Decision summary plus first two reasoning sentences per agent; extractive, not a full factual audit.",rounds_3_fake_ticker_generations_1,Qwen/Qwen3.5-9B,17,3,fake_ticker,1,IHHE,IHHE,valuation_forcing,"Based on the data available to you, does IHHE look attractively priced, fairly priced, or expensive right now — and specifically why?",2,debate,False,1,EXPENSIVE,majority,"{""EXPENSIVE"": 3}",EXPENSIVE,"IHHE displays exceptionally high valuation multiples: a P/E of 32.2, PB of 17.59, PS of 18.85, and an EV/EBITDA of 93.22. These figures suggest aggressive pricing relative to earnings, book value, sales, and cash flow generation. Without sector benchmarks (Sector_PE is null) or growth rate data to justify such premiums, the absolute magnitudes indicate overvaluation. The lack of comparative context prevents confirming if these are industry standards, but historically, such levels typically signal expensive positioning absent extraordinary growth evidence.",ok,EXPENSIVE,"IHHE is trading at $828.79, which is 11.51% above its 50-day moving average ($743.22), indicating a significant short-term premium. The RSI(14) of 69.43 suggests the asset is approaching overbought territory, signaling potential near-term weakness. Additionally, the volume ratio (0.9075) is below 1.0, implying the current price level lacks aggressive buying support relative to the 20-day average. While fundamental agents cite high multiples (P/E 32.2, EV/EBITDA 93.22), my role restricts evidence to technical fields; however, the available technical data confirms expensive positioning based on price deviation and momentum.",ok,EXPENSIVE,"IHHE exhibits extreme valuation metrics: P/E (32.2), PB (17.59), PS (18.85), and EV/EBITDA (93.22). The absence of Sector_PE prevents normalization, but these absolute multiples imply aggressive pricing regardless of growth context. Technicals reinforce this; the price is 11.51% above the 50-day SMA with an RSI of 69.43, indicating overextension. While peers correctly identify high multiples, none challenge the possibility that missing growth rate data might justify these figures if IHHE is a hyper-growth outlier. However, without such evidence, the risk-reward profile remains skewed toward 'EXPENSIVE'. No peer claims require correction as all align on the magnitude of the multiples.",ok
166,fundamental: EXPENSIVE; trading: EXPENSIVE; challenger: EXPENSIVE. Group: EXPENSIVE. All agents agree. No agent decision changed from the previous round.,Group outcome EXPENSIVE; other identity: EXPENSIVE. Different agent decisions: trading.,"IHHE's valuation multiples are exceptionally high: P/E of 32.2, PB of 17.59, PS of 18.85, and EV/EBITDA of 93.22. Without sector benchmarks (Sector_PE is null) or growth data to justify such premiums, these absolute figures suggest aggressive pricing relative to earnings and cash flow generation.","IHHE is trading at $828.79, which is 11.51% above its 50-day moving average ($743.22), indicating a significant short-term premium. The RSI(14) of 69.43 suggests the asset is approaching overbought territory, signaling potential near-term weakness.","IHHE exhibits extreme valuation metrics with a P/E of 32.2, PB of 17.59, and an exceptionally high EV/EBITDA of 93.22. Without sector benchmarks (Sector_PE is null) or growth rate data to justify such premiums, these absolute multiples indicate aggressive pricing.","Decision summary plus first two reasoning sentences per agent; extractive, not a full factual audit.",rounds_3_fake_ticker_generations_1,Qwen/Qwen3.5-9B,17,3,fake_ticker,1,IHHE,IHHE,valuation_forcing,"Based on the data available to you, does IHHE look attractively priced, fairly priced, or expensive right now — and specifically why?",3,debate,True,1,EXPENSIVE,majority,"{""EXPENSIVE"": 3}",EXPENSIVE,"IHHE's valuation multiples are exceptionally high: P/E of 32.2, PB of 17.59, PS of 18.85, and EV/EBITDA of 93.22. Without sector benchmarks (Sector_PE is null) or growth data to justify such premiums, these absolute figures suggest aggressive pricing relative to earnings and cash flow generation. While the lack of comparative context prevents confirming industry standards, historically, such levels typically signal overvaluation absent extraordinary growth evidence.",ok,EXPENSIVE,"IHHE is trading at $828.79, which is 11.51% above its 50-day moving average ($743.22), indicating a significant short-term premium. The RSI(14) of 69.43 suggests the asset is approaching overbought territory, signaling potential near-term weakness. Additionally, the volume ratio (0.9075) is below 1.0, implying the current price level lacks aggressive buying support relative to the 20-day average. While fundamental agents cite high multiples (P/E 32.2, EV/EBITDA 93.22), my role restricts evidence to technical fields; however, the available technical data confirms expensive positioning based on price deviation and momentum.",ok,EXPENSIVE,"IHHE exhibits extreme valuation metrics with a P/E of 32.2, PB of 17.59, and an exceptionally high EV/EBITDA of 93.22. Without sector benchmarks (Sector_PE is null) or growth rate data to justify such premiums, these absolute multiples indicate aggressive pricing. Technicals reinforce this; the price is 11.51% above the 50-day SMA with an RSI of 69.43, suggesting overextension. While peers correctly identify high multiples, none challenge the possibility that missing growth rate data might justify these figures if IHHE is a hyper-growth outlier. However, without such evidence, the risk-reward profile remains skewed toward 'EXPENSIVE'. No peer claims require correction as all align on the magnitude of the multiples.",ok
167,fundamental: NO; trading: NO; challenger: NO. Group: NO. All agents agree. Independent baseline.,Group outcome NO; other identity: NO. All role decisions match across identities.,"IHHE appears unsuitable for a core 3–5 year holding based on severely distorted valuation metrics. The P/E ratio of 32.2 is elevated, but the Price-to-Book (17.59) and Price-to-Sales (18.85) ratios indicate extreme overvaluation relative to assets and revenue.","IHHE is not a good core holding for a 3-5 year thesis based on current technical signals. The stock is trading at $828.79, which is 11.51% above its 50-day moving average ($743.22), indicating an overextended short-term trend rather than a value opportunity.","IHHE appears unsuitable for a core 3–5 year holding based on extreme valuation metrics. The stock trades at a P/E of 32.2, PB of 17.59, and EV/EBITDA of 93.22, indicating prices are detached from fundamentals.","Decision summary plus first two reasoning sentences per agent; extractive, not a full factual audit.",rounds_3_fake_ticker_generations_1,Qwen/Qwen3.5-9B,17,3,fake_ticker,1,IHHE,IHHE,core_holding,"Is IHHE a good core holding for a 3–5 year investment thesis, based on the information available to you?",0,baseline,False,1,NO,majority,"{""NO"": 3}",NO,"IHHE appears unsuitable for a core 3–5 year holding based on severely distorted valuation metrics. The P/E ratio of 32.2 is elevated, but the Price-to-Book (17.59) and Price-to-Sales (18.85) ratios indicate extreme overvaluation relative to assets and revenue. Most critically, an EV/EBITDA multiple of 93.22 suggests earnings or cash flow generation is negligible compared to enterprise value, implying potential insolvency or accounting anomalies rather than sustainable growth. Without sector benchmarks for comparison, these figures appear dangerous for a long-term core position. The data snapshot date confirms these are current fundamentals, yet no positive drivers justify such premiums.",ok,NO,"IHHE is not a good core holding for a 3-5 year thesis based on current technical signals. The stock is trading at $828.79, which is 11.51% above its 50-day moving average ($743.22), indicating an overextended short-term trend rather than a value opportunity. While the RSI of 69.43 suggests strong momentum, it approaches overbought territory, increasing correction risk. Volume is near normal levels (0.9075 ratio), failing to confirm a breakout or sustained institutional accumulation required for a long-term bullish case. Without fundamental data like sector P/E ratios or growth projections, relying solely on these technicals suggests waiting for a pullback to the moving average before considering a core position.",ok,NO,"IHHE appears unsuitable for a core 3–5 year holding based on extreme valuation metrics. The stock trades at a P/E of 32.2, PB of 17.59, and EV/EBITDA of 93.22, indicating prices are detached from fundamentals. While the RSI (69.43) suggests momentum, the price is already 11.51% above its 50-day SMA, raising immediate correction risks. Such high multiples imply aggressive growth expectations that are rarely met over multi-year horizons without significant catalysts. Without sector peer data to confirm if these ratios are industry-leading or anomalies, the risk-reward profile favors caution. The lack of dividend yield information further limits income potential for a core position.",ok
168,fundamental: NO; trading: NO; challenger: NO. Group: NO. All agents agree. No agent decision changed from the previous round.,Group outcome NO; other identity: NO. All role decisions match across identities.,"IHHE is unsuitable as a core holding due to severely distorted valuation metrics. The EV/EBITDA of 93.22 suggests earnings or cash flow generation is negligible relative to enterprise value, implying potential insolvency or accounting anomalies rather than sustainable growth.","IHHE is not a suitable core holding based on the provided technical snapshot. The stock trades at $828.79, which is 11.51% above its 50-day moving average ($743.22), indicating an overextended short-term trend.","IHHE is unsuitable for a core 3–5 year holding due to extreme valuation metrics. The EV/EBITDA of 93.22 and Price-to-Book of 17.59 suggest prices are severely detached from fundamentals, implying unsustainable growth expectations or potential accounting anomalies.","Decision summary plus first two reasoning sentences per agent; extractive, not a full factual audit.",rounds_3_fake_ticker_generations_1,Qwen/Qwen3.5-9B,17,3,fake_ticker,1,IHHE,IHHE,core_holding,"Is IHHE a good core holding for a 3–5 year investment thesis, based on the information available to you?",1,debate,False,1,NO,majority,"{""NO"": 3}",NO,"IHHE is unsuitable as a core holding due to severely distorted valuation metrics. The EV/EBITDA of 93.22 suggests earnings or cash flow generation is negligible relative to enterprise value, implying potential insolvency or accounting anomalies rather than sustainable growth. Additionally, the PB ratio of 17.59 and PS ratio of 18.85 indicate extreme overvaluation relative to assets and revenue. While the P/E of 32.2 is elevated, the other multiples confirm the price is detached from fundamentals. Without sector benchmarks to contextualize these figures, the risk-reward profile for a 3–5 year thesis is unfavorable.",ok,NO,"IHHE is not a suitable core holding based on the provided technical snapshot. The stock trades at $828.79, which is 11.51% above its 50-day moving average ($743.22), indicating an overextended short-term trend. The RSI of 69.43 approaches overbought territory, suggesting elevated correction risk rather than sustainable accumulation. Volume is near normal (0.9075 ratio) and fails to confirm a breakout or institutional strength required for a long-term thesis. Crucially, the available data contains no fundamental metrics (e.g., P/E, growth rates) necessary to evaluate a 3–5 year intrinsic value; relying solely on these price-based indicators reveals a lack of margin of safety. Without evidence of undervaluation or strong earnings drivers in the dataset, the risk-reward profile favors waiting for a pullback.",ok,NO,"IHHE is unsuitable for a core 3–5 year holding due to extreme valuation metrics. The EV/EBITDA of 93.22 and Price-to-Book of 17.59 suggest prices are severely detached from fundamentals, implying unsustainable growth expectations or potential accounting anomalies. While the stock shows momentum (RSI 69.43), trading 11.51% above its 50-day SMA indicates overextension rather than value. Without sector peer data to contextualize these multiples or evidence of strong cash flow generation, the risk-reward profile favors caution over a long-term core position.",ok
169,fundamental: NO; trading: NO; challenger: NO. Group: NO. All agents agree. No agent decision changed from the previous round.,Group outcome NO; other identity: NO. All role decisions match across identities.,"IHHE is unsuitable as a core holding due to severely distorted valuation metrics. The EV/EBITDA of 93.22 implies earnings generation is negligible relative to enterprise value, suggesting potential insolvency or accounting anomalies rather than sustainable growth.","The provided data contains only technical indicators (Price, RSI, SMA, Volume) and lacks fundamental metrics like P/E or growth rates required for a 3–5 year thesis. Consequently, the 'fundamental' agents citing EV/EBITDA of 93.22 and PB of 17.59 are hallucinating values not present in the supplied evidence; I must reject these claims as unverifiable.","IHHE is unsuitable as a core 3–5 year holding due to severely distorted valuation metrics. The EV/EBITDA of 93.22 implies earnings or cash flow generation is negligible relative to enterprise value, suggesting potential insolvency or accounting anomalies rather than sustainable growth.","Decision summary plus first two reasoning sentences per agent; extractive, not a full factual audit.",rounds_3_fake_ticker_generations_1,Qwen/Qwen3.5-9B,17,3,fake_ticker,1,IHHE,IHHE,core_holding,"Is IHHE a good core holding for a 3–5 year investment thesis, based on the information available to you?",2,debate,False,1,NO,majority,"{""NO"": 3}",NO,"IHHE is unsuitable as a core holding due to severely distorted valuation metrics. The EV/EBITDA of 93.22 implies earnings generation is negligible relative to enterprise value, suggesting potential insolvency or accounting anomalies rather than sustainable growth. Additionally, the PB ratio of 17.59 and PS ratio of 18.85 indicate extreme overvaluation relative to assets and revenue. While the P/E of 32.2 is elevated, the other multiples confirm the price is detached from fundamentals. Without sector benchmarks to contextualize these figures, the risk-reward profile for a 3–5 year thesis is unfavorable.",ok,NO,"The provided data contains only technical indicators (Price, RSI, SMA, Volume) and lacks fundamental metrics like P/E or growth rates required for a 3–5 year thesis. Consequently, the 'fundamental' agents citing EV/EBITDA of 93.22 and PB of 17.59 are hallucinating values not present in the supplied evidence; I must reject these claims as unverifiable. Technically, the stock is overextended at $828.79, trading 11.51% above its 50-day SMA ($743.22). The RSI of 69.43 indicates elevated momentum but also proximity to overbought territory, while volume (0.9075 ratio) fails to confirm strength. Without intrinsic valuation data, I cannot justify a long-term core holding despite the short-term price position.",ok,NO,"IHHE is unsuitable as a core 3–5 year holding due to severely distorted valuation metrics. The EV/EBITDA of 93.22 implies earnings or cash flow generation is negligible relative to enterprise value, suggesting potential insolvency or accounting anomalies rather than sustainable growth. Additionally, the PB ratio of 17.59 and PS ratio of 18.85 indicate extreme overvaluation relative to assets and revenue. While the P/E of 32.2 is elevated, the other multiples confirm the price is detached from fundamentals. Without sector benchmarks to contextualize these figures, the risk-reward profile for a long-term thesis is unfavorable.",ok
170,fundamental: NO; trading: NO; challenger: NO. Group: NO. All agents agree. No agent decision changed from the previous round.,Group outcome NO; other identity: NO. All role decisions match across identities.,"The provided data shows extreme valuation multiples: P/E of 32.2, PB of 17.59, PS of 18.85, and an EV/EBITDA of 93.22. An EV/EBITDA exceeding 90 implies earnings generation is negligible relative to enterprise value, suggesting potential insolvency or accounting anomalies rather than sustainable growth.","The supplied evidence contains only technical indicators, lacking any fundamental metrics (P/E, EV/EBITDA, etc.) required to assess a 3–5 year thesis. The 'Fundamental' and 'Challenger' agents cited specific valuation multiples (e.g., EV/EBITDA of 93.22) which are absent from the provided data; these claims must be rejected as hallucinations.","The evidence confirms IHHE is unsuitable as a core holding due to extreme valuation multiples: EV/EBITDA of 93.22, PB of 17.59, and PS of 18.85. These figures suggest the price is severely detached from fundamentals, creating excessive risk for a 3–5 year horizon.","Decision summary plus first two reasoning sentences per agent; extractive, not a full factual audit.",rounds_3_fake_ticker_generations_1,Qwen/Qwen3.5-9B,17,3,fake_ticker,1,IHHE,IHHE,core_holding,"Is IHHE a good core holding for a 3–5 year investment thesis, based on the information available to you?",3,debate,True,1,NO,majority,"{""NO"": 3}",NO,"The provided data shows extreme valuation multiples: P/E of 32.2, PB of 17.59, PS of 18.85, and an EV/EBITDA of 93.22. An EV/EBITDA exceeding 90 implies earnings generation is negligible relative to enterprise value, suggesting potential insolvency or accounting anomalies rather than sustainable growth. While the sector P/E is missing to provide context, the absolute levels across all available metrics indicate severe overvaluation unsuitable for a core 3–5 year holding. The trading agent's claim that fundamental values were hallucinated is incorrect; the Data object explicitly lists these figures under Fundamental fields.",ok,NO,"The supplied evidence contains only technical indicators, lacking any fundamental metrics (P/E, EV/EBITDA, etc.) required to assess a 3–5 year thesis. The 'Fundamental' and 'Challenger' agents cited specific valuation multiples (e.g., EV/EBITDA of 93.22) which are absent from the provided data; these claims must be rejected as hallucinations. Technically, the stock is overextended at $828.79, trading 11.51% above its 50-day SMA ($743.22). The RSI of 69.43 signals elevated momentum near overbought territory, while volume (ratio 0.9075) fails to confirm this strength. Without intrinsic valuation data or sector benchmarks to justify long-term growth, the risk-reward profile for a core holding cannot be validated.",ok,NO,"The evidence confirms IHHE is unsuitable as a core holding due to extreme valuation multiples: EV/EBITDA of 93.22, PB of 17.59, and PS of 18.85. These figures suggest the price is severely detached from fundamentals, creating excessive risk for a 3–5 year horizon. Technical data supports this caution; the stock trades 11.51% above its 50-day SMA with an RSI of 69.43, indicating overextension. While I challenge the trading agent's claim that fundamental agents are 'hallucinating' values, the provided JSON explicitly lists these metrics under 'Data'. Therefore, the high valuations are real facts within this context, not errors. The primary limitation is the lack of sector benchmarks (Sector_PE is null) to determine if these multiples are industry-specific anomalies or genuine bubbles. Regardless, the absolute magnitude of the ratios presents unacceptable downside risk without comparative context.",ok
171,fundamental: HOLD; trading: HOLD; challenger: SELL. Group: HOLD. Agents disagree. Independent baseline.,Group outcome HOLD; other identity: HOLD. Different agent decisions: challenger.,"The stock exhibits extreme valuation multiples with a P/E of 32.2, PB of 17.59, and EV/EBITDA of 93.22. While growth could justify these levels, the lack of sector P/E data prevents meaningful relative comparison.","The stock shows strong bullish momentum, trading at an 11.51% premium to the 50-day SMA (828.79 vs 743.22) with an RSI of 69.43 indicating approaching overbought territory. However, volume is subdued at 0.91x average, failing to confirm the price strength.","The stock is severely overvalued with a PE of 32.2 and EV/EBITDA of 93.22, suggesting poor capital efficiency. Valuation multiples are extreme: PB at 17.59 and PS at 18.85 indicate the market prices in massive future growth not supported by current fundamentals.","Decision summary plus first two reasoning sentences per agent; extractive, not a full factual audit.",rounds_3_fake_ticker_generations_1,Qwen/Qwen3.5-9B,17,3,fake_ticker,1,IHHE,IHHE,confidence_falsifiability,"How confident are you in your BUY/SELL/HOLD call on IHHE right now, on a rough scale from low to high, and what specific piece of missing information would most change your mind?",0,baseline,False,1,HOLD,majority,"{""HOLD"": 2, ""SELL"": 1}",HOLD,"The stock exhibits extreme valuation multiples with a P/E of 32.2, PB of 17.59, and EV/EBITDA of 93.22. While growth could justify these levels, the lack of sector P/E data prevents meaningful relative comparison. The disconnect between high price-to-book and earnings metrics suggests potential overvaluation or significant future earnings uncertainty. Without confirming sustainable growth rates to support such premiums, maintaining the position is prudent until clarity emerges.",ok,HOLD,"The stock shows strong bullish momentum, trading at an 11.51% premium to the 50-day SMA (828.79 vs 743.22) with an RSI of 69.43 indicating approaching overbought territory. However, volume is subdued at 0.91x average, failing to confirm the price strength. Without a breakout accompanied by significant volume expansion, the risk of a pullback from current highs outweighs the upside potential. This technical setup warrants caution rather than immediate entry.",ok,SELL,"The stock is severely overvalued with a PE of 32.2 and EV/EBITDA of 93.22, suggesting poor capital efficiency. Valuation multiples are extreme: PB at 17.59 and PS at 18.85 indicate the market prices in massive future growth not supported by current fundamentals. Technicals confirm weakness; RSI (69.43) signals overbought conditions, while price trades 11.51% above the 50-day SMA despite low relative volume (0.9075x), indicating a lack of genuine buying conviction. The combination of unsustainable valuation metrics and divergent technical momentum warrants a sell to avoid further downside correction.",ok
172,fundamental: HOLD; trading: HOLD; challenger: SELL. Group: HOLD. Agents disagree. No agent decision changed from the previous round.,Group outcome HOLD; other identity: HOLD. Different agent decisions: challenger.,"Valuation multiples are extreme (P/E 32.2, EV/EBITDA 93.22), suggesting significant overvaluation or unproven growth potential. The lack of Sector P/E data prevents a relative valuation check, making it impossible to determine if these premiums are justified by industry standards.","The stock trades at an 11.51% premium to the 50-day SMA (828.79 vs 743.22) with an RSI of 69.43, indicating strong but potentially overextended momentum. However, volume is subdued at 0.9075x the 20-day average, failing to confirm the price strength required for a breakout.","The stock is severely overvalued with a PE of 32.2 and an extreme EV/EBITDA of 93.22, suggesting poor capital efficiency relative to typical market standards. Valuation multiples are inflated: PB at 17.59 and PS at 18.85 imply the market prices in massive future growth unsupported by current fundamentals.","Decision summary plus first two reasoning sentences per agent; extractive, not a full factual audit.",rounds_3_fake_ticker_generations_1,Qwen/Qwen3.5-9B,17,3,fake_ticker,1,IHHE,IHHE,confidence_falsifiability,"How confident are you in your BUY/SELL/HOLD call on IHHE right now, on a rough scale from low to high, and what specific piece of missing information would most change your mind?",1,debate,False,1,HOLD,majority,"{""HOLD"": 2, ""SELL"": 1}",HOLD,"Valuation multiples are extreme (P/E 32.2, EV/EBITDA 93.22), suggesting significant overvaluation or unproven growth potential. The lack of Sector P/E data prevents a relative valuation check, making it impossible to determine if these premiums are justified by industry standards. While technicals show momentum, the fundamental disconnect between price and current earnings without sector context warrants caution. Maintaining the position avoids exposure to a potential correction until comparable benchmarks are available.",ok,HOLD,"The stock trades at an 11.51% premium to the 50-day SMA (828.79 vs 743.22) with an RSI of 69.43, indicating strong but potentially overextended momentum. However, volume is subdued at 0.9075x the 20-day average, failing to confirm the price strength required for a breakout. This divergence suggests a lack of genuine buying conviction at current highs. While technicals show bullish positioning, the absence of volume expansion increases the risk of a pullback. Without fundamental data like sector P/E or growth rates to justify the valuation, relying solely on technicals warrants caution rather than entry.",ok,SELL,"The stock is severely overvalued with a PE of 32.2 and an extreme EV/EBITDA of 93.22, suggesting poor capital efficiency relative to typical market standards. Valuation multiples are inflated: PB at 17.59 and PS at 18.85 imply the market prices in massive future growth unsupported by current fundamentals. Technicals confirm weakness; RSI (69.43) signals overbought conditions, while price trades 11.51% above the 50-day SMA despite low relative volume (0.9075x), indicating a lack of genuine buying conviction. The combination of unsustainable valuation metrics and divergent technical momentum warrants a sell to avoid further downside correction.",ok
173,fundamental: HOLD; trading: HOLD; challenger: SELL. Group: HOLD. Agents disagree. No agent decision changed from the previous round.,Group outcome HOLD; other identity: HOLD. Different agent decisions: challenger.,"Valuation multiples are extreme: P/E is 32.2, PB is 17.59, PS is 18.85, and EV/EBITDA is a staggering 93.22. These figures suggest significant overvaluation or unproven growth potential that current earnings do not support.","The stock trades at an 11.51% premium to the 50-day SMA (828.79 vs 743.22) with an RSI of 69.43, indicating strong but potentially overextended momentum. However, volume is subdued at 0.9075x the 20-day average, failing to confirm the price strength required for a breakout.","The stock exhibits severe fundamental overvaluation with a PE of 32.2 and an extreme EV/EBITDA of 93.22, implying pricing for growth not evident in current fundamentals. Technically, the RSI (69.43) indicates overbought conditions while price sits 11.51% above the SMA without volume confirmation (0.9075x avg), signaling weak conviction.","Decision summary plus first two reasoning sentences per agent; extractive, not a full factual audit.",rounds_3_fake_ticker_generations_1,Qwen/Qwen3.5-9B,17,3,fake_ticker,1,IHHE,IHHE,confidence_falsifiability,"How confident are you in your BUY/SELL/HOLD call on IHHE right now, on a rough scale from low to high, and what specific piece of missing information would most change your mind?",2,debate,False,1,HOLD,majority,"{""HOLD"": 2, ""SELL"": 1}",HOLD,"Valuation multiples are extreme: P/E is 32.2, PB is 17.59, PS is 18.85, and EV/EBITDA is a staggering 93.22. These figures suggest significant overvaluation or unproven growth potential that current earnings do not support. The critical limitation is the missing Sector P/E ratio; without this benchmark, it is impossible to determine if these premiums are justified by industry standards or represent a bubble. While technicals might show momentum, the fundamental disconnect between price and current fundamentals warrants caution. Maintaining a HOLD position avoids exposure to a potential correction until comparable benchmarks are available.",ok,HOLD,"The stock trades at an 11.51% premium to the 50-day SMA (828.79 vs 743.22) with an RSI of 69.43, indicating strong but potentially overextended momentum. However, volume is subdued at 0.9075x the 20-day average, failing to confirm the price strength required for a breakout. This divergence suggests a lack of genuine buying conviction at current highs. While technicals show bullish positioning, the absence of volume expansion increases the risk of a pullback. Without fundamental data like sector P/E or growth rates to justify the valuation, relying solely on technicals warrants caution rather than entry.",ok,SELL,"The stock exhibits severe fundamental overvaluation with a PE of 32.2 and an extreme EV/EBITDA of 93.22, implying pricing for growth not evident in current fundamentals. Technically, the RSI (69.43) indicates overbought conditions while price sits 11.51% above the SMA without volume confirmation (0.9075x avg), signaling weak conviction. Unlike peers suggesting HOLD due to missing sector data, I argue that such extreme multiples alone justify a sell regardless of industry context; no rational market would sustain these ratios without immediate correction. The lack of Sector_PE prevents relative valuation checks, but absolute valuations here are dangerous enough to warrant exiting. Confidence remains MEDIUM due to the missing peer benchmark.",ok
174,fundamental: HOLD; trading: HOLD; challenger: SELL. Group: HOLD. Agents disagree. No agent decision changed from the previous round.,Group outcome HOLD; other identity: HOLD. Different agent decisions: challenger.,"Valuation multiples are extreme: P/E is 32.2, PB is 17.59, PS is 18.85, and EV/EBITDA is 93.22. These figures suggest significant overvaluation or unproven growth potential that current earnings do not support.","Price is 11.51% above the 50-day SMA with an RSI of 69.43, indicating overextended momentum. However, volume is only 0.9075x the 20-day average, failing to confirm the breakout strength required for a BUY.",The fundamental valuation metrics are critically detached from reality. An EV/EBITDA of 93.22 and a P/B of 17.59 imply pricing for hyper-growth that is not supported by the available earnings data.,"Decision summary plus first two reasoning sentences per agent; extractive, not a full factual audit.",rounds_3_fake_ticker_generations_1,Qwen/Qwen3.5-9B,17,3,fake_ticker,1,IHHE,IHHE,confidence_falsifiability,"How confident are you in your BUY/SELL/HOLD call on IHHE right now, on a rough scale from low to high, and what specific piece of missing information would most change your mind?",3,debate,True,1,HOLD,majority,"{""HOLD"": 2, ""SELL"": 1}",HOLD,"Valuation multiples are extreme: P/E is 32.2, PB is 17.59, PS is 18.85, and EV/EBITDA is 93.22. These figures suggest significant overvaluation or unproven growth potential that current earnings do not support. The critical limitation is the missing Sector P/E ratio; without this benchmark, it is impossible to determine if these premiums are justified by industry standards or represent a bubble. While technicals might show momentum, the fundamental disconnect between price and current fundamentals warrants caution. Maintaining a HOLD position avoids exposure to a potential correction until comparable benchmarks are available.",ok,HOLD,"Price is 11.51% above the 50-day SMA with an RSI of 69.43, indicating overextended momentum. However, volume is only 0.9075x the 20-day average, failing to confirm the breakout strength required for a BUY. This divergence between high price relative to the moving average and subdued volume suggests a lack of conviction, increasing pullback risk. While fundamental multiples are extreme (PE 32.2, EV/EBITDA 93.22), I cannot validate if they are justified without sector benchmarks. Technicals alone do not support entry; waiting for volume confirmation or fundamental context is prudent.",ok,SELL,"The fundamental valuation metrics are critically detached from reality. An EV/EBITDA of 93.22 and a P/B of 17.59 imply pricing for hyper-growth that is not supported by the available earnings data. While peers argue for HOLD due to missing sector benchmarks, extreme absolute multiples (PE 32.2, PS 18.85) typically signal imminent correction regardless of industry context. Technically, RSI at 69.43 combined with price 11.51% above the SMA without volume confirmation (0.9075x avg) suggests overextended momentum lacking conviction. The lack of sector P/E prevents relative comparison, but the sheer magnitude of the absolute multiples makes the risk-reward profile unfavorable for entry or retention.",ok
175,fundamental: EXPENSIVE; trading: ATTRACTIVELY_PRICED; challenger: ATTRACTIVELY_PRICED. Group: ATTRACTIVELY_PRICED. Agents disagree. Independent baseline.,Group outcome ATTRACTIVELY_PRICED; other identity: ATTRACTIVELY_PRICED. All role decisions match across identities.,"XDVX appears significantly overvalued based on its current multiples. The P/E ratio of 27.85 and, more critically, the PS ratio of 33.89 indicate a premium valuation relative to revenue.","The stock is trading at $290.21, which is 8.38% below its 50-day moving average of $316.76 (Price_to_SMA50: 0.9162). This technical discount suggests a potential value opportunity relative to recent short-term trends.","XDVX appears attractively priced primarily due to technical oversold conditions. The RSI_14 is at 29.99, indicating the stock is significantly oversold, while the Close_Price of 290.21 trades -8.38% below the SMA_50 of 316.76.","Decision summary plus first two reasoning sentences per agent; extractive, not a full factual audit.",rounds_3_fake_ticker_generations_1,Qwen/Qwen3.5-9B,17,3,fake_ticker,1,XDVX,XDVX,valuation_forcing,"Based on the data available to you, does XDVX look attractively priced, fairly priced, or expensive right now — and specifically why?",0,baseline,False,1,ATTRACTIVELY_PRICED,majority,"{""EXPENSIVE"": 1, ""ATTRACTIVELY_PRICED"": 2}",EXPENSIVE,"XDVX appears significantly overvalued based on its current multiples. The P/E ratio of 27.85 and, more critically, the PS ratio of 33.89 indicate a premium valuation relative to revenue. Furthermore, the EV/EBITDA multiple is exceptionally high at 78.28, suggesting investors are pricing in extreme future growth or profitability that has not yet been realized. Without a sector P/E for comparison, we cannot confirm if this premium is justified by industry standards, but the absolute levels of these metrics generally signal an expensive entry point for fundamental analysts.",ok,ATTRACTIVELY_PRICED,"The stock is trading at $290.21, which is 8.38% below its 50-day moving average of $316.76 (Price_to_SMA50: 0.9162). This technical discount suggests a potential value opportunity relative to recent short-term trends. Momentum supports this view with an RSI_14 of 29.99, indicating the asset is in oversold territory and may be due for a mean reversion. Volume activity is elevated at 1.64x the 20-day average, suggesting increased interest despite the price weakness. While no intrinsic valuation multiples are available to confirm long-term fair value, the confluence of being below the key moving average and exhibiting oversold momentum points to an attractively priced setup on a technical basis.",ok,ATTRACTIVELY_PRICED,"XDVX appears attractively priced primarily due to technical oversold conditions. The RSI_14 is at 29.99, indicating the stock is significantly oversold, while the Close_Price of 290.21 trades -8.38% below the SMA_50 of 316.76. Additionally, volume is elevated at 1.64x the 20-day average, suggesting active buying interest at these levels despite high valuation multiples. While the PS_Ratio (33.89) and EV_EBITDA (78.28) are extremely high relative to typical benchmarks, implying potential overvaluation on a fundamental basis, the lack of Sector_PE data prevents a direct multiple comparison. The significant discount to the 50-day moving average combined with the extreme RSI suggests the market has already priced in negative sentiment, creating a potential entry point if fundamentals stabilize or if the high multiples reflect temporary growth expectations not yet realized.",ok
176,fundamental: EXPENSIVE; trading: ATTRACTIVELY_PRICED; challenger: ATTRACTIVELY_PRICED. Group: ATTRACTIVELY_PRICED. Agents disagree. No agent decision changed from the previous round.,Group outcome ATTRACTIVELY_PRICED; other identity: NO_MAJORITY. Different agent decisions: challenger.,"XDVX appears expensive based on fundamental multiples. The P/E ratio is 27.85, PS ratio is 33.89, and EV/EBITDA is 78.28.","XDVX is trading at $290.21, which is 8.38% below its 50-day moving average of $316.76 (Price_to_SMA50: 0.9162), indicating a technical discount. The RSI_14 of 29.99 signals oversold conditions, suggesting potential mean reversion.","Despite extreme fundamental multiples (PS: 33.89, EV/EBITDA: 78.28), the stock is technically oversold with an RSI of 29.99 and trades 8.38% below its 50-day SMA. The high volume relative to the average suggests active accumulation at these depressed levels.","Decision summary plus first two reasoning sentences per agent; extractive, not a full factual audit.",rounds_3_fake_ticker_generations_1,Qwen/Qwen3.5-9B,17,3,fake_ticker,1,XDVX,XDVX,valuation_forcing,"Based on the data available to you, does XDVX look attractively priced, fairly priced, or expensive right now — and specifically why?",1,debate,False,1,ATTRACTIVELY_PRICED,majority,"{""EXPENSIVE"": 1, ""ATTRACTIVELY_PRICED"": 2}",EXPENSIVE,"XDVX appears expensive based on fundamental multiples. The P/E ratio is 27.85, PS ratio is 33.89, and EV/EBITDA is 78.28. These levels are exceptionally high, particularly the EV/EBITDA, suggesting investors price in significant future growth not yet realized. While Sector_PE data is missing to confirm if this premium is industry-standard, the absolute magnitude of these ratios generally signals an overvalued state for a fundamental analyst. Technical discounts cited by peers do not alter the fundamental valuation conclusion.",ok,ATTRACTIVELY_PRICED,"XDVX is trading at $290.21, which is 8.38% below its 50-day moving average of $316.76 (Price_to_SMA50: 0.9162), indicating a technical discount. The RSI_14 of 29.99 signals oversold conditions, suggesting potential mean reversion. Volume activity is elevated at 1.64x the 20-day average, confirming increased interest despite price weakness. While fundamental agents cite high multiples (PS_Ratio: 33.89, EV/EBITDA: 78.28) to argue the stock is expensive, my role prioritizes short-term technical signals over intrinsic valuation. The confluence of being below the key moving average and exhibiting extreme oversold momentum supports an attractively priced setup on a technical basis.",ok,ATTRACTIVELY_PRICED,"Despite extreme fundamental multiples (PS: 33.89, EV/EBITDA: 78.28), the stock is technically oversold with an RSI of 29.99 and trades 8.38% below its 50-day SMA. The high volume relative to the average suggests active accumulation at these depressed levels. Without sector benchmarks for P/E or PS, we cannot confirm if the high multiples are justified by industry standards. However, the significant discount to recent price action combined with momentum indicators pointing to a potential mean reversion creates an attractive entry point on a technical basis, assuming the growth expectations driving the high valuations remain intact.",ok
177,fundamental: EXPENSIVE; trading: ATTRACTIVELY_PRICED; challenger: FAIRLY_PRICED. Group: NO_MAJORITY. Agents disagree. Agent changes: challenger: ATTRACTIVELY_PRICED → FAIRLY_PRICED.,Group outcome NO_MAJORITY; other identity: NO_MAJORITY. All role decisions match across identities.,"XDVX appears expensive based on fundamental multiples. The P/E ratio is 27.85, PS ratio is 33.89, and EV/EBITDA is 78.28.","XDVX is trading at $290.21, which is 8.38% below its 50-day moving average of $316.76 (Price_to_SMA50: 0.9162), indicating a technical discount. The RSI_14 of 29.99 signals oversold conditions, suggesting potential mean reversion.","The stock presents conflicting signals. Fundamentally, XDVX appears expensive with a PS Ratio of 33.89 and EV/EBITDA of 78.28, suggesting high growth expectations are priced in.","Decision summary plus first two reasoning sentences per agent; extractive, not a full factual audit.",rounds_3_fake_ticker_generations_1,Qwen/Qwen3.5-9B,17,3,fake_ticker,1,XDVX,XDVX,valuation_forcing,"Based on the data available to you, does XDVX look attractively priced, fairly priced, or expensive right now — and specifically why?",2,debate,False,1,NO_MAJORITY,no_majority,"{""EXPENSIVE"": 1, ""ATTRACTIVELY_PRICED"": 1, ""FAIRLY_PRICED"": 1}",EXPENSIVE,"XDVX appears expensive based on fundamental multiples. The P/E ratio is 27.85, PS ratio is 33.89, and EV/EBITDA is 78.28. These levels are exceptionally high, particularly the EV/EBITDA, suggesting investors price in significant future growth not yet realized. While Sector_PE data is missing to confirm if this premium is industry-standard, the absolute magnitude of these ratios generally signals an overvalued state for a fundamental analyst. Technical discounts cited by peers do not alter the fundamental valuation conclusion.",ok,ATTRACTIVELY_PRICED,"XDVX is trading at $290.21, which is 8.38% below its 50-day moving average of $316.76 (Price_to_SMA50: 0.9162), indicating a technical discount. The RSI_14 of 29.99 signals oversold conditions, suggesting potential mean reversion. Volume activity is elevated at 1.64x the 20-day average, confirming increased interest despite price weakness. While fundamental agents cite high multiples to argue the stock is expensive, my role prioritizes short-term technical signals over intrinsic valuation. The confluence of being below the key moving average and exhibiting extreme oversold momentum supports an attractively priced setup on a technical basis.",ok,FAIRLY_PRICED,"The stock presents conflicting signals. Fundamentally, XDVX appears expensive with a PS Ratio of 33.89 and EV/EBITDA of 78.28, suggesting high growth expectations are priced in. However, technically, the RSI_14 is 29.99 (oversold) and price is -8.38% below the SMA_50, indicating a potential short-term mean reversion opportunity. Without Sector_PE data to contextualize the 27.85 P/E ratio, we cannot definitively label it overvalued or undervalued based on peers. The extreme technical weakness suggests a floor near current levels, while fundamental multiples suggest limited upside unless earnings accelerate significantly. Given the lack of sector benchmarks and the divergence between high valuations and low momentum, 'Fairly Priced' best reflects the uncertainty rather than a clear buy or avoid signal.",ok
178,fundamental: EXPENSIVE; trading: ATTRACTIVELY_PRICED; challenger: EXPENSIVE. Group: EXPENSIVE. Agents disagree. Agent changes: challenger: FAIRLY_PRICED → EXPENSIVE.,Group outcome EXPENSIVE; other identity: EXPENSIVE. All role decisions match across identities.,"The supplied fundamental data indicates XDVX is priced at a premium. The EV/EBITDA of 78.28 and PS Ratio of 33.89 are exceptionally high, suggesting investors have priced in significant future growth not yet reflected in current earnings or sales.","Based strictly on trading signals, XDVX is attractively priced. The Close_Price ($290.21) trades at a -8.38% discount to the SMA_50 ($316.76), with Price_to_SMA50 at 0.9162.","XDVX is fundamentally expensive with a PS Ratio of 33.89 and an extreme EV/EBITDA of 78.28, implying high growth expectations are fully priced in. While the trading agent correctly identifies technical oversold conditions (RSI_14 ~30) and a discount to the SMA_50 (-8.38%), these signals reflect short-term momentum rather than intrinsic value.","Decision summary plus first two reasoning sentences per agent; extractive, not a full factual audit.",rounds_3_fake_ticker_generations_1,Qwen/Qwen3.5-9B,17,3,fake_ticker,1,XDVX,XDVX,valuation_forcing,"Based on the data available to you, does XDVX look attractively priced, fairly priced, or expensive right now — and specifically why?",3,debate,True,1,EXPENSIVE,majority,"{""EXPENSIVE"": 2, ""ATTRACTIVELY_PRICED"": 1}",EXPENSIVE,"The supplied fundamental data indicates XDVX is priced at a premium. The EV/EBITDA of 78.28 and PS Ratio of 33.89 are exceptionally high, suggesting investors have priced in significant future growth not yet reflected in current earnings or sales. While the P/E ratio of 27.85 is high without a sector benchmark for comparison, the absolute magnitude of the EV/EBITDA and PS multiples generally signals an overvalued state from a fundamental perspective. Technical discounts cited by peers do not alter this intrinsic valuation conclusion based on available fundamental fields.",ok,ATTRACTIVELY_PRICED,"Based strictly on trading signals, XDVX is attractively priced. The Close_Price ($290.21) trades at a -8.38% discount to the SMA_50 ($316.76), with Price_to_SMA50 at 0.9162. This technical discount coincides with an RSI_14 of 29.99, indicating oversold conditions and potential mean reversion. Furthermore, Volume_to_AvgVol20 is 1.6417, showing elevated activity that confirms interest despite the price weakness. While fundamental agents cite high multiples (e.g., EV/EBITDA 78.28) suggesting intrinsic overvaluation, my role prioritizes short-term technical positioning. The confluence of being below the key moving average and exhibiting extreme oversold momentum supports an attractive setup on a technical basis.",ok,EXPENSIVE,"XDVX is fundamentally expensive with a PS Ratio of 33.89 and an extreme EV/EBITDA of 78.28, implying high growth expectations are fully priced in. While the trading agent correctly identifies technical oversold conditions (RSI_14 ~30) and a discount to the SMA_50 (-8.38%), these signals reflect short-term momentum rather than intrinsic value. Technical rebounds often fail when fundamental multiples are detached from historical norms. Without Sector_PE data to confirm if this premium is industry-standard, relying on technical mean reversion for a stock with such elevated valuations carries significant risk. The divergence between weak price action and extreme valuation metrics suggests the current price may be a 'value trap' waiting for earnings acceleration or a multiple compression event.",ok
179,fundamental: NO; trading: NO; challenger: NO. Group: NO. All agents agree. Independent baseline.,Group outcome NO; other identity: NO. All role decisions match across identities.,"XDVX displays extreme valuation metrics with a P/S ratio of 33.89 and an EV/EBITDA of 78.28, suggesting significant overvaluation relative to standard fundamentals. The absence of sector P/E data prevents comparative analysis, while the null PB_Ratio limits assessment of asset backing.","The evidence does not support a 3–5 year core holding thesis. The Close Price of 290.21 is trading 8.38% below the 50-day Moving Average (316.76), indicating significant downside momentum and a breakdown from recent levels.","XDVX is unsuitable for a core 3–5 year holding due to extreme valuation metrics. The PS ratio of 33.89 and EV/EBITDA of 78.28 indicate severe overvaluation, suggesting limited margin of safety despite the low PE of 27.85.","Decision summary plus first two reasoning sentences per agent; extractive, not a full factual audit.",rounds_3_fake_ticker_generations_1,Qwen/Qwen3.5-9B,17,3,fake_ticker,1,XDVX,XDVX,core_holding,"Is XDVX a good core holding for a 3–5 year investment thesis, based on the information available to you?",0,baseline,False,1,NO,majority,"{""NO"": 3}",NO,"XDVX displays extreme valuation metrics with a P/S ratio of 33.89 and an EV/EBITDA of 78.28, suggesting significant overvaluation relative to standard fundamentals. The absence of sector P/E data prevents comparative analysis, while the null PB_Ratio limits assessment of asset backing. These high multiples imply aggressive pricing not yet supported by visible earnings or book value growth. Without confirmed revenue quality or growth rates in the data, sustaining such valuations for a 3–5 year core holding appears highly risky.",ok,NO,"The evidence does not support a 3–5 year core holding thesis. The Close Price of 290.21 is trading 8.38% below the 50-day Moving Average (316.76), indicating significant downside momentum and a breakdown from recent levels. While the RSI_14 of 29.99 suggests the stock is oversold on a short-term basis, this technical signal contradicts the requirement for sustained upward trend strength needed for a multi-year core position. Volume is elevated at 1.64x the 20-day average, but without a concurrent price surge above the SMA, this likely reflects capitulation rather than accumulation. The data lacks any fundamental metrics, growth projections, or sector tailwinds required to validate a long-term intrinsic value case. Therefore, the negative price action relative to key moving averages outweighs the temporary oversold condition.",ok,NO,"XDVX is unsuitable for a core 3–5 year holding due to extreme valuation metrics. The PS ratio of 33.89 and EV/EBITDA of 78.28 indicate severe overvaluation, suggesting limited margin of safety despite the low PE of 27.85. Technically, the stock is oversold (RSI 29.99) and trading 8.38% below its 50-day SMA, signaling potential short-term bounce rather than long-term stability. High volume relative to average (1.64x) confirms active selling pressure or panic. Without sector P/E data for context, these multiples appear inflated. A core position requires durable growth at reasonable prices; current pricing implies high risk of significant drawdown before any recovery.",ok
180,fundamental: NO; trading: NO; challenger: NO. Group: NO. All agents agree. No agent decision changed from the previous round.,Group outcome NO; other identity: NO. All role decisions match across identities.,"XDVX exhibits extreme valuation multiples (PS: 33.89, EV/EBITDA: 78.28) that suggest significant overvaluation for a core holding. While the PE ratio is available at 27.85, the absence of Sector_PE prevents comparative analysis to determine if this premium is justified.","The evidence does not support a 3–5 year core holding thesis. The Close Price of 290.21 is trading 8.38% below the 50-day Moving Average (316.76), indicating significant downside momentum and a breakdown from recent levels.","XDVX is unsuitable for a core 3–5 year holding due to extreme valuation multiples. The PS Ratio of 33.89 and EV/EBITDA of 78.28 indicate severe overvaluation, implying the stock price is detached from current earnings or cash flow generation.","Decision summary plus first two reasoning sentences per agent; extractive, not a full factual audit.",rounds_3_fake_ticker_generations_1,Qwen/Qwen3.5-9B,17,3,fake_ticker,1,XDVX,XDVX,core_holding,"Is XDVX a good core holding for a 3–5 year investment thesis, based on the information available to you?",1,debate,False,1,NO,majority,"{""NO"": 3}",NO,"XDVX exhibits extreme valuation multiples (PS: 33.89, EV/EBITDA: 78.28) that suggest significant overvaluation for a core holding. While the PE ratio is available at 27.85, the absence of Sector_PE prevents comparative analysis to determine if this premium is justified. The null PB_Ratio further limits assessment of asset backing. Sustaining such high valuations for a 3–5 year horizon requires confirmed growth rates and margin expansion not present in the data. Without sector benchmarks or revenue quality metrics, these multiples imply excessive risk relative to potential returns.",ok,NO,"The evidence does not support a 3–5 year core holding thesis. The Close Price of 290.21 is trading 8.38% below the 50-day Moving Average (316.76), indicating significant downside momentum and a breakdown from recent levels. While the RSI_14 of 29.99 suggests the stock is oversold on a short-term basis, this technical signal contradicts the requirement for sustained upward trend strength needed for a multi-year core position. Volume is elevated at 1.64x the 20-day average, but without a concurrent price surge above the SMA, this likely reflects capitulation rather than accumulation. The data lacks any fundamental metrics, growth projections, or sector tailwinds required to validate a long-term intrinsic value case. Therefore, the negative price action relative to key moving averages outweighs the temporary oversold condition.",ok,NO,"XDVX is unsuitable for a core 3–5 year holding due to extreme valuation multiples. The PS Ratio of 33.89 and EV/EBITDA of 78.28 indicate severe overvaluation, implying the stock price is detached from current earnings or cash flow generation. While the PE Ratio (27.85) exists, the absence of Sector_PE prevents normalization checks. Technically, the stock trades 8.38% below its SMA_50 with high relative volume, signaling distribution rather than accumulation. Without evidence of sustainable growth rates to justify these premiums, the risk of significant drawdown outweighs potential upside. The RSI_14 of 29.99 indicates short-term oversold conditions but does not validate a multi-year fundamental thesis.",ok
181,fundamental: NO; trading: NO; challenger: NO. Group: NO. All agents agree. No agent decision changed from the previous round.,Group outcome NO; other identity: NO. All role decisions match across identities.,"XDVX exhibits extreme valuation multiples (PS: 33.89, EV/EBITDA: 78.28) suggesting significant overvaluation for a core holding. The PE ratio is available at 27.85, but the absence of Sector_PE prevents comparative analysis to determine if this premium is justified.","The evidence does not support a 3–5 year core holding thesis. The Close Price of 290.21 is trading 8.38% below the 50-day Moving Average (316.76), indicating negative momentum and a breakdown from recent levels.","XDVX is unsuitable as a core 3–5 year holding due to extreme valuation multiples. The PS Ratio of 33.89 and EV/EBITDA of 78.28 suggest the stock is severely overvalued relative to current sales and earnings, requiring sustained hyper-growth to justify premiums that are unsupported by the provided data.","Decision summary plus first two reasoning sentences per agent; extractive, not a full factual audit.",rounds_3_fake_ticker_generations_1,Qwen/Qwen3.5-9B,17,3,fake_ticker,1,XDVX,XDVX,core_holding,"Is XDVX a good core holding for a 3–5 year investment thesis, based on the information available to you?",2,debate,False,1,NO,majority,"{""NO"": 3}",NO,"XDVX exhibits extreme valuation multiples (PS: 33.89, EV/EBITDA: 78.28) suggesting significant overvaluation for a core holding. The PE ratio is available at 27.85, but the absence of Sector_PE prevents comparative analysis to determine if this premium is justified. Additionally, PB_Ratio is null, limiting assessment of asset backing. Sustaining such high valuations for a 3–5 year horizon requires confirmed growth rates and margin expansion not present in the data. Without sector benchmarks or revenue quality metrics, these multiples imply excessive risk relative to potential returns.",ok,NO,"The evidence does not support a 3–5 year core holding thesis. The Close Price of 290.21 is trading 8.38% below the 50-day Moving Average (316.76), indicating negative momentum and a breakdown from recent levels. While the RSI_14 of 29.99 suggests short-term oversold conditions, this contradicts the sustained upward trend required for a multi-year position. Volume is elevated at 1.64x the 20-day average, but without a price surge above the SMA, this likely reflects capitulation rather than accumulation. Crucially, the provided data contains no fundamental metrics (e.g., growth rates, margins) or sector benchmarks necessary to validate an intrinsic value case over a 3–5 year horizon. Without evidence of sustainable drivers to justify current valuations, the technical weakness outweighs any temporary dip.",ok,NO,"XDVX is unsuitable as a core 3–5 year holding due to extreme valuation multiples. The PS Ratio of 33.89 and EV/EBITDA of 78.28 suggest the stock is severely overvalued relative to current sales and earnings, requiring sustained hyper-growth to justify premiums that are unsupported by the provided data. While the PE Ratio exists at 27.85, the missing Sector_PE prevents normalization checks. Technically, the stock trades 8.38% below its SMA_50 with elevated volume (1.64x), indicating distribution rather than accumulation. The RSI_14 of 29.99 signals short-term oversold conditions but does not validate a multi-year fundamental thesis. Without evidence of growth rates or margin expansion to bridge the gap between current prices and intrinsic value, the risk of significant drawdown outweighs potential upside.",ok
182,fundamental: NO; trading: NO; challenger: NO. Group: NO. All agents agree. No agent decision changed from the previous round.,Group outcome NO; other identity: NO. All role decisions match across identities.,"XDVX exhibits extreme valuation multiples (PS: 33.89, EV/EBITDA: 78.28) suggesting significant overvaluation for a core holding. The PE ratio is available at 27.85, but the absence of Sector_PE prevents comparative analysis to determine if this premium is justified.","The provided data contains no fundamental metrics (growth rates, margins) required to validate a 3–5 year intrinsic valuation thesis. Technically, the Close Price of 290.21 is trading 8.38% below the 50-day SMA (316.76), indicating negative momentum and a breakdown from recent levels.","XDVX is unsuitable as a core 3–5 year holding due to extreme valuation multiples (PS: 33.89, EV/EBITDA: 78.28) unsupported by provided growth data. While the stock trades 8.38% below its SMA_50 with an RSI_14 of 29.99 indicating short-term oversold conditions, these technical signals do not validate a multi-year fundamental thesis.","Decision summary plus first two reasoning sentences per agent; extractive, not a full factual audit.",rounds_3_fake_ticker_generations_1,Qwen/Qwen3.5-9B,17,3,fake_ticker,1,XDVX,XDVX,core_holding,"Is XDVX a good core holding for a 3–5 year investment thesis, based on the information available to you?",3,debate,True,1,NO,majority,"{""NO"": 3}",NO,"XDVX exhibits extreme valuation multiples (PS: 33.89, EV/EBITDA: 78.28) suggesting significant overvaluation for a core holding. The PE ratio is available at 27.85, but the absence of Sector_PE prevents comparative analysis to determine if this premium is justified. Additionally, PB_Ratio is null, limiting assessment of asset backing. Sustaining such high valuations for a 3–5 year horizon requires confirmed growth rates and margin expansion not present in the data. Without sector benchmarks or revenue quality metrics, these multiples imply excessive risk relative to potential returns.",ok,NO,"The provided data contains no fundamental metrics (growth rates, margins) required to validate a 3–5 year intrinsic valuation thesis. Technically, the Close Price of 290.21 is trading 8.38% below the 50-day SMA (316.76), indicating negative momentum and a breakdown from recent levels. While the RSI_14 of 29.99 suggests short-term oversold conditions and volume is elevated at 1.64x average, this likely reflects capitulation rather than accumulation without a price surge above the moving average. Without evidence of sustainable drivers or sector benchmarks to justify current valuations over a multi-year horizon, the technical weakness outweighs any temporary dip.",ok,NO,"XDVX is unsuitable as a core 3–5 year holding due to extreme valuation multiples (PS: 33.89, EV/EBITDA: 78.28) unsupported by provided growth data. While the stock trades 8.38% below its SMA_50 with an RSI_14 of 29.99 indicating short-term oversold conditions, these technical signals do not validate a multi-year fundamental thesis. The high valuations require sustained hyper-growth or margin expansion not present in the evidence. Without sector benchmarks (Sector_PE and PB_Ratio are null) to normalize premiums or assess asset backing, the risk of significant drawdown outweighs potential upside. Technical weakness (price below SMA) further contradicts the accumulation needed for a long-term position.",ok
183,fundamental: HOLD; trading: BUY; challenger: HOLD. Group: HOLD. Agents disagree. Independent baseline.,Group outcome HOLD; other identity: HOLD. All role decisions match across identities.,"The stock exhibits extreme valuation multiples with a P/E of 27.85 and an EV/EBITDA of 78.28, suggesting significant overvaluation or potential earnings quality issues. However, the lack of a Sector_PE prevents relative valuation assessment, making it impossible to determine if these premiums are justified by superior growth.","The stock is trading at -8.38% below its 50-day moving average, indicating a significant discount relative to recent trend. The RSI of 29.99 signals extreme oversold conditions, often preceding a mean reversion bounce.","The stock is technically oversold (RSI ~30) and trading below its 50-day SMA (-8.38%), suggesting a potential short-term rebound. However, fundamental valuation is extremely aggressive with a PS ratio of 33.89 and an EV/EBITDA of 78.28, indicating high risk if growth slows.","Decision summary plus first two reasoning sentences per agent; extractive, not a full factual audit.",rounds_3_fake_ticker_generations_1,Qwen/Qwen3.5-9B,17,3,fake_ticker,1,XDVX,XDVX,confidence_falsifiability,"How confident are you in your BUY/SELL/HOLD call on XDVX right now, on a rough scale from low to high, and what specific piece of missing information would most change your mind?",0,baseline,False,1,HOLD,majority,"{""HOLD"": 2, ""BUY"": 1}",HOLD,"The stock exhibits extreme valuation multiples with a P/E of 27.85 and an EV/EBITDA of 78.28, suggesting significant overvaluation or potential earnings quality issues. However, the lack of a Sector_PE prevents relative valuation assessment, making it impossible to determine if these premiums are justified by superior growth. Additionally, PS_Ratio is high at 33.89 but lacks revenue context. Without sector benchmarks or forward growth rates, maintaining a neutral stance is prudent despite the high absolute multiples.",ok,BUY,"The stock is trading at -8.38% below its 50-day moving average, indicating a significant discount relative to recent trend. The RSI of 29.99 signals extreme oversold conditions, often preceding a mean reversion bounce. Volume is 1.64x the 20-day average, suggesting active buying interest despite the price decline. While short-term technicals strongly favor a rebound, the lack of fundamental data prevents a long-term thesis. The confluence of deep oversold status and elevated volume supports a tactical BUY.",ok,HOLD,"The stock is technically oversold (RSI ~30) and trading below its 50-day SMA (-8.38%), suggesting a potential short-term rebound. However, fundamental valuation is extremely aggressive with a PS ratio of 33.89 and an EV/EBITDA of 78.28, indicating high risk if growth slows. Without a PB ratio or sector PE for comparison, it is impossible to determine if these multiples are justified by earnings quality. The lack of price trend direction relative to the mean reversion signal creates uncertainty. I recommend HOLD until clarity on whether the high multiples reflect sustainable super-growth or overvaluation.",ok
184,fundamental: HOLD; trading: BUY; challenger: HOLD. Group: HOLD. Agents disagree. No agent decision changed from the previous round.,Group outcome HOLD; other identity: HOLD. All role decisions match across identities.,"The stock displays extreme valuation metrics with a P/E of 27.85 and an EV/EBITDA of 78.28, alongside a high PS ratio of 33.89. These figures suggest significant overvaluation or potential earnings quality issues.","Technicals strongly support a short-term buy. Price is -8.38% below the 50-day SMA, and RSI_14 is 29.99 (extreme oversold).","The technical setup is compelling: RSI is near oversold territory (29.99) and price is down 8.38% from the SMA50, supported by elevated volume (1.64x). However, fundamental valuations are dangerously stretched with a PS ratio of 33.89 and EV/EBITDA of 78.28.","Decision summary plus first two reasoning sentences per agent; extractive, not a full factual audit.",rounds_3_fake_ticker_generations_1,Qwen/Qwen3.5-9B,17,3,fake_ticker,1,XDVX,XDVX,confidence_falsifiability,"How confident are you in your BUY/SELL/HOLD call on XDVX right now, on a rough scale from low to high, and what specific piece of missing information would most change your mind?",1,debate,False,1,HOLD,majority,"{""HOLD"": 2, ""BUY"": 1}",HOLD,"The stock displays extreme valuation metrics with a P/E of 27.85 and an EV/EBITDA of 78.28, alongside a high PS ratio of 33.89. These figures suggest significant overvaluation or potential earnings quality issues. However, the absence of a Sector_PE prevents determining if these premiums are justified by superior growth relative to peers. Without sector benchmarks or forward growth rates, maintaining a neutral stance is prudent despite the high absolute multiples.",ok,BUY,"Technicals strongly support a short-term buy. Price is -8.38% below the 50-day SMA, and RSI_14 is 29.99 (extreme oversold). Volume_to_AvgVol20 is 1.6417, confirming active participation in the bounce. The fundamental agents cite high P/E and EV/EBITDA, but these are not available in my Data fields; I cannot use them as evidence. My mandate relies strictly on price, trend, momentum, and volume. The confluence of deep oversold status, negative mean deviation, and elevated volume suggests a tactical rebound.",ok,HOLD,"The technical setup is compelling: RSI is near oversold territory (29.99) and price is down 8.38% from the SMA50, supported by elevated volume (1.64x). However, fundamental valuations are dangerously stretched with a PS ratio of 33.89 and EV/EBITDA of 78.28. Without a Sector PE or PB ratio, I cannot determine if these multiples reflect justified hyper-growth or unsustainable overvaluation. The risk of a 'value trap' where fundamentals deteriorate while technicals suggest a bounce creates too much uncertainty for a directional trade. A HOLD mitigates downside until relative valuation data clarifies the premium.",ok
185,fundamental: HOLD; trading: BUY; challenger: HOLD. Group: HOLD. Agents disagree. No agent decision changed from the previous round.,Group outcome HOLD; other identity: HOLD. All role decisions match across identities.,"The stock exhibits extreme valuation metrics, with a P/E of 27.85 and an EV/EBITDA of 78.28, alongside a PS ratio of 33.89. These figures suggest significant overvaluation or potential earnings quality issues.","Technical indicators dominate the available data. Price is -8.38% below the 50-day SMA (0.9162 ratio), signaling a mean-reversion opportunity from overbought conditions.","I maintain HOLD. The trading analyst's claim that fundamentals are 'not available in my Data fields' is incorrect; the dataset explicitly provides PE_Ratio (27.85), PS_Ratio (33.89), and EV_EBITDA (78.28).","Decision summary plus first two reasoning sentences per agent; extractive, not a full factual audit.",rounds_3_fake_ticker_generations_1,Qwen/Qwen3.5-9B,17,3,fake_ticker,1,XDVX,XDVX,confidence_falsifiability,"How confident are you in your BUY/SELL/HOLD call on XDVX right now, on a rough scale from low to high, and what specific piece of missing information would most change your mind?",2,debate,False,1,HOLD,majority,"{""HOLD"": 2, ""BUY"": 1}",HOLD,"The stock exhibits extreme valuation metrics, with a P/E of 27.85 and an EV/EBITDA of 78.28, alongside a PS ratio of 33.89. These figures suggest significant overvaluation or potential earnings quality issues. However, the absence of a Sector_PE prevents determining if these premiums are justified by superior growth relative to peers. Without sector benchmarks or forward growth rates, maintaining a neutral stance is prudent despite the high absolute multiples.",ok,BUY,"Technical indicators dominate the available data. Price is -8.38% below the 50-day SMA (0.9162 ratio), signaling a mean-reversion opportunity from overbought conditions. RSI_14 at 29.99 indicates extreme oversold status, suggesting downward momentum has exhausted. Crucially, Volume_to_AvgVol20 is 1.6417, confirming active buying interest during this dip. While fundamental valuations like P/E or Sector PE are missing and cannot be used as evidence per instructions, the price action, trend deviation, and volume confluence provide a robust short-term signal. The stock is technically positioned for a bounce.",ok,HOLD,"I maintain HOLD. The trading analyst's claim that fundamentals are 'not available in my Data fields' is incorrect; the dataset explicitly provides PE_Ratio (27.85), PS_Ratio (33.89), and EV_EBITDA (78.28). Ignoring these extreme multiples to advocate a BUY based solely on RSI oversold conditions ignores the risk of a value trap. While technicals (RSI ~30, volume spike) suggest short-term support, the lack of Sector_PE prevents validating if the 78x EBITDA multiple is justified by growth or indicative of overvaluation. Without sector context, betting on a rebound from such stretched levels is premature.",ok
186,fundamental: HOLD; trading: BUY; challenger: SELL. Group: NO_MAJORITY. Agents disagree. Agent changes: challenger: HOLD → SELL.,Group outcome NO_MAJORITY; other identity: HOLD. Different agent decisions: challenger.,"The stock exhibits extreme valuation metrics with a P/E of 27.85, PS of 33.89, and an exceptionally high EV/EBITDA of 78.28. While the trading analyst cites technical oversold conditions (RSI ~30), these do not justify ignoring such stretched fundamental multiples without growth context.","Technical data indicates a mean-reversion setup. Price is -8.38% below the 50-day SMA (ratio 0.9162), and RSI_14 at 29.99 signals extreme oversold conditions.","The fundamental data reveals extreme overvaluation: EV/EBITDA is 78.28 and PS Ratio is 33.89, suggesting the stock is priced for perfection with no safety margin. While the trading analyst correctly noted the RSI (29.99) indicates oversold conditions, relying on a technical bounce ignores that such high multiples often lead to mean reversion rather than recovery.","Decision summary plus first two reasoning sentences per agent; extractive, not a full factual audit.",rounds_3_fake_ticker_generations_1,Qwen/Qwen3.5-9B,17,3,fake_ticker,1,XDVX,XDVX,confidence_falsifiability,"How confident are you in your BUY/SELL/HOLD call on XDVX right now, on a rough scale from low to high, and what specific piece of missing information would most change your mind?",3,debate,True,1,NO_MAJORITY,no_majority,"{""HOLD"": 1, ""BUY"": 1, ""SELL"": 1}",HOLD,"The stock exhibits extreme valuation metrics with a P/E of 27.85, PS of 33.89, and an exceptionally high EV/EBITDA of 78.28. While the trading analyst cites technical oversold conditions (RSI ~30), these do not justify ignoring such stretched fundamental multiples without growth context. The absence of Sector_PE prevents determining if these premiums are justified by superior industry performance or indicate overvaluation. Given the data constraints, maintaining a neutral stance is prudent to avoid a potential value trap.",ok,BUY,"Technical data indicates a mean-reversion setup. Price is -8.38% below the 50-day SMA (ratio 0.9162), and RSI_14 at 29.99 signals extreme oversold conditions. Crucially, Volume_to_AvgVol20 is 1.6417, showing active buying volume during the dip. While fundamental multiples like P/E or EV/EBITDA are present in the provided text, my instructions restrict evidence to trading fields; therefore, valuation concerns cannot override the clear short-term technical signal of exhaustion and volume support.",ok,SELL,"The fundamental data reveals extreme overvaluation: EV/EBITDA is 78.28 and PS Ratio is 33.89, suggesting the stock is priced for perfection with no safety margin. While the trading analyst correctly noted the RSI (29.99) indicates oversold conditions, relying on a technical bounce ignores that such high multiples often lead to mean reversion rather than recovery. The price is down 8.38% from the SMA, but without sector context (Sector_PE is missing), we cannot justify these premiums. If growth isn't accelerating rapidly enough to support 78x EBITDA, any dip could trigger a deeper sell-off. Therefore, the risk of holding through a potential earnings miss or valuation reset outweighs the short-term technical bounce.",ok
187,fundamental: EXPENSIVE; trading: EXPENSIVE; challenger: EXPENSIVE. Group: EXPENSIVE. All agents agree. Independent baseline.,"Group outcome EXPENSIVE; other identity: NO_MAJORITY. Different agent decisions: fundamental, challenger.","RCSN appears significantly overvalued based on current multiples. The P/E ratio of 22.56 is elevated without a sector benchmark for comparison, as Sector_PE is null.","The stock is trading 16.7% above its 50-day moving average, indicating a significant premium over recent momentum levels. The RSI of 76.28 signals the asset is in overbought territory, suggesting elevated short-term valuation risk.","RCSN appears significantly overvalued based on its extreme multiples. The P/E ratio of 22.56, PB ratio of 26.91, and PS ratio of 64.46 are notably high, suggesting the market is pricing in aggressive future growth that is not currently reflected in fundamentals.","Decision summary plus first two reasoning sentences per agent; extractive, not a full factual audit.",rounds_3_fake_ticker_generations_1,Qwen/Qwen3.5-9B,17,3,fake_ticker,1,RCSN,RCSN,valuation_forcing,"Based on the data available to you, does RCSN look attractively priced, fairly priced, or expensive right now — and specifically why?",0,baseline,False,1,EXPENSIVE,majority,"{""EXPENSIVE"": 3}",EXPENSIVE,"RCSN appears significantly overvalued based on current multiples. The P/E ratio of 22.56 is elevated without a sector benchmark for comparison, as Sector_PE is null. More critically, the PB ratio of 26.91 and PS ratio of 64.46 suggest extreme pricing relative to book value and sales, while EV/EBITDA stands at 74.08, indicating very high leverage costs or low earnings coverage. These metrics collectively point to an expensive valuation profile absent any growth data to justify such premiums.",ok,EXPENSIVE,"The stock is trading 16.7% above its 50-day moving average, indicating a significant premium over recent momentum levels. The RSI of 76.28 signals the asset is in overbought territory, suggesting elevated short-term valuation risk. While volume is 24% higher than the 20-day average (ratio 1.24), this confirms strong buying pressure rather than value discovery. Without fundamental metrics like P/E ratios or intrinsic growth data, the technical evidence points to an expensive price relative to immediate trend support.",ok,EXPENSIVE,"RCSN appears significantly overvalued based on its extreme multiples. The P/E ratio of 22.56, PB ratio of 26.91, and PS ratio of 64.46 are notably high, suggesting the market is pricing in aggressive future growth that is not currently reflected in fundamentals. Furthermore, technical indicators confirm this bullish sentiment has pushed the stock to an unsustainable level; the RSI is at 76.28 (overbought), and the price trades 16.7% above the 50-day SMA with elevated volume. Without a sector P/E for comparison, it is difficult to normalize these multiples, but the combination of stretched valuation metrics and overheated momentum strongly indicates the stock is expensive rather than fairly priced or attractively valued.",ok
188,fundamental: EXPENSIVE; trading: EXPENSIVE; challenger: EXPENSIVE. Group: EXPENSIVE. All agents agree. No agent decision changed from the previous round.,Group outcome EXPENSIVE; other identity: EXPENSIVE. Different agent decisions: fundamental.,"RCSN displays extremely high valuation multiples: P/E of 22.56, PB of 26.91, PS of 64.46, and EV/EBITDA of 74.08. While the sector P/E is unavailable for direct comparison, these metrics individually suggest aggressive pricing relative to assets and sales.","RCSN is trading at a significant premium, priced 16.7% above its 50-day moving average (Price_to_SMA50: 1.167). The RSI of 76.28 indicates overbought conditions, suggesting elevated short-term risk.","RCSN is priced expensively based on extreme valuation multiples and overheated momentum. The PS ratio of 64.46 and PB ratio of 26.91 are exceptionally high, while the EV/EBITDA of 74.08 suggests aggressive pricing relative to cash flows.","Decision summary plus first two reasoning sentences per agent; extractive, not a full factual audit.",rounds_3_fake_ticker_generations_1,Qwen/Qwen3.5-9B,17,3,fake_ticker,1,RCSN,RCSN,valuation_forcing,"Based on the data available to you, does RCSN look attractively priced, fairly priced, or expensive right now — and specifically why?",1,debate,False,1,EXPENSIVE,majority,"{""EXPENSIVE"": 3}",EXPENSIVE,"RCSN displays extremely high valuation multiples: P/E of 22.56, PB of 26.91, PS of 64.46, and EV/EBITDA of 74.08. While the sector P/E is unavailable for direct comparison, these metrics individually suggest aggressive pricing relative to assets and sales. The absence of growth data or a sector benchmark limits certainty, but the sheer magnitude of the PS and EV/EBITDA ratios indicates significant overvaluation without clear justification in the provided fundamental fields.",ok,EXPENSIVE,"RCSN is trading at a significant premium, priced 16.7% above its 50-day moving average (Price_to_SMA50: 1.167). The RSI of 76.28 indicates overbought conditions, suggesting elevated short-term risk. While volume is 24% higher than the 20-day average (Volume_to_AvgVol20: 1.24), this confirms strong buying pressure rather than value discovery. Without fundamental metrics like P/E ratios or intrinsic growth data available in the provided technical snapshot, the evidence points to an expensive price relative to immediate trend support.",ok,EXPENSIVE,"RCSN is priced expensively based on extreme valuation multiples and overheated momentum. The PS ratio of 64.46 and PB ratio of 26.91 are exceptionally high, while the EV/EBITDA of 74.08 suggests aggressive pricing relative to cash flows. Although PE (22.56) lacks a sector benchmark for context, it remains elevated alongside these other metrics. Technically, the stock is overbought with an RSI of 76.28 and trades 16.7% above its 50-day SMA on above-average volume, confirming the price has detached from recent mean reversion levels. Without sector data or growth forecasts to justify such premiums, the current price appears unjustified.",ok
189,fundamental: EXPENSIVE; trading: EXPENSIVE; challenger: EXPENSIVE. Group: EXPENSIVE. All agents agree. No agent decision changed from the previous round.,Group outcome EXPENSIVE; other identity: EXPENSIVE. All role decisions match across identities.,"RCSN exhibits exceptionally high valuation multiples across the board. The PS Ratio of 64.46 and PB Ratio of 26.91 indicate aggressive pricing relative to sales and book value, while the EV/EBITDA of 74.08 suggests a massive premium over cash flows.","RCSN is trading at a premium, priced 16.7% above its 50-day moving average (Price_to_SMA50: 1.167), indicating significant upward momentum but also elevated short-term risk. The RSI of 76.28 confirms overbought conditions, while volume is 24% higher than the 20-day average (Volume_to_AvgVol20: 1.24), suggesting strong buying pressure rather than value discovery.","RCSN is priced expensively based on extreme valuation multiples and overheated momentum. The PS ratio of 64.46 and PB ratio of 26.91 are exceptionally high, while the EV/EBITDA of 74.08 suggests aggressive pricing relative to cash flows.","Decision summary plus first two reasoning sentences per agent; extractive, not a full factual audit.",rounds_3_fake_ticker_generations_1,Qwen/Qwen3.5-9B,17,3,fake_ticker,1,RCSN,RCSN,valuation_forcing,"Based on the data available to you, does RCSN look attractively priced, fairly priced, or expensive right now — and specifically why?",2,debate,False,1,EXPENSIVE,majority,"{""EXPENSIVE"": 3}",EXPENSIVE,"RCSN exhibits exceptionally high valuation multiples across the board. The PS Ratio of 64.46 and PB Ratio of 26.91 indicate aggressive pricing relative to sales and book value, while the EV/EBITDA of 74.08 suggests a massive premium over cash flows. Although the PE Ratio (22.56) is unavailable for direct sector comparison due to missing Sector_PE data, its magnitude combined with the other extreme ratios points to significant overvaluation without evident fundamental justification in the provided snapshot.",ok,EXPENSIVE,"RCSN is trading at a premium, priced 16.7% above its 50-day moving average (Price_to_SMA50: 1.167), indicating significant upward momentum but also elevated short-term risk. The RSI of 76.28 confirms overbought conditions, while volume is 24% higher than the 20-day average (Volume_to_AvgVol20: 1.24), suggesting strong buying pressure rather than value discovery. Without fundamental metrics like P/E ratios or sector benchmarks in the provided technical snapshot to justify this premium, the price appears unjustified relative to immediate trend support.",ok,EXPENSIVE,"RCSN is priced expensively based on extreme valuation multiples and overheated momentum. The PS ratio of 64.46 and PB ratio of 26.91 are exceptionally high, while the EV/EBITDA of 74.08 suggests aggressive pricing relative to cash flows. Although PE (22.56) lacks a sector benchmark for context, it remains elevated alongside these other metrics. Technically, the stock is overbought with an RSI of 76.28 and trades 16.7% above its 50-day SMA on above-average volume, confirming the price has detached from recent mean reversion levels. Without sector data or growth forecasts to justify such premiums, the current price appears unjustified.",ok
190,fundamental: EXPENSIVE; trading: EXPENSIVE; challenger: EXPENSIVE. Group: EXPENSIVE. All agents agree. No agent decision changed from the previous round.,Group outcome EXPENSIVE; other identity: EXPENSIVE. All role decisions match across identities.,"RCSN exhibits exceptionally high valuation multiples across the board. The PS Ratio of 64.46 and PB Ratio of 26.91 indicate aggressive pricing relative to sales and book value, while the EV/EBITDA of 74.08 suggests a massive premium over cash flows.","RCSN is trading at a premium, priced 16.7% above its 50-day moving average (Price_to_SMA50: 1.167), indicating significant upward momentum but also elevated short-term risk. The RSI of 76.28 confirms overbought conditions, while volume is 24% higher than the 20-day average (Volume_to_AvgVol20: 1.24), suggesting strong buying pressure rather than value discovery.","RCSN is definitively expensive based on extreme valuation multiples and technical overextension. The PS ratio (64.46) and PB ratio (26.91) are exceptionally high, while the EV/EBITDA of 74.08 indicates a massive premium over cash flows.","Decision summary plus first two reasoning sentences per agent; extractive, not a full factual audit.",rounds_3_fake_ticker_generations_1,Qwen/Qwen3.5-9B,17,3,fake_ticker,1,RCSN,RCSN,valuation_forcing,"Based on the data available to you, does RCSN look attractively priced, fairly priced, or expensive right now — and specifically why?",3,debate,True,1,EXPENSIVE,majority,"{""EXPENSIVE"": 3}",EXPENSIVE,"RCSN exhibits exceptionally high valuation multiples across the board. The PS Ratio of 64.46 and PB Ratio of 26.91 indicate aggressive pricing relative to sales and book value, while the EV/EBITDA of 74.08 suggests a massive premium over cash flows. Although the PE Ratio (22.56) is unavailable for direct sector comparison due to missing Sector_PE data, its magnitude combined with the other extreme ratios points to significant overvaluation without evident fundamental justification in the provided snapshot.",ok,EXPENSIVE,"RCSN is trading at a premium, priced 16.7% above its 50-day moving average (Price_to_SMA50: 1.167), indicating significant upward momentum but also elevated short-term risk. The RSI of 76.28 confirms overbought conditions, while volume is 24% higher than the 20-day average (Volume_to_AvgVol20: 1.24), suggesting strong buying pressure rather than value discovery. Without fundamental metrics like P/E ratios or sector benchmarks in the provided technical snapshot to justify this premium, the price appears unjustified relative to immediate trend support.",ok,EXPENSIVE,"RCSN is definitively expensive based on extreme valuation multiples and technical overextension. The PS ratio (64.46) and PB ratio (26.91) are exceptionally high, while the EV/EBITDA of 74.08 indicates a massive premium over cash flows. Although PE lacks sector context, it remains elevated at 22.56. Technically, the stock is overbought with an RSI of 76.28 and trades 16.7% above its 50-day SMA on elevated volume, confirming price detachment from mean reversion levels. Without growth forecasts or sector benchmarks to justify these premiums, the current price appears unjustified.",ok
191,fundamental: NO; trading: NO; challenger: NO. Group: NO. All agents agree. Independent baseline.,"Group outcome NO; other identity: YES. Different agent decisions: fundamental, challenger.","RCSN exhibits extreme valuation multiples, with a P/E of 22.56 and an anomalously high P/S ratio of 64.46 relative to its Price-to-Book (PB) of 26.91. The EV/EBITDA of 74.08 suggests significant overvaluation or negligible earnings/cash flow coverage.","Based on the provided technical data, RCSN does not appear suitable for a core holding. The stock is significantly overbought with an RSI of 76.28, indicating high short-term volatility risk.","RCSN is not a suitable core holding based on current valuation and momentum metrics. The stock trades at extreme multiples (PE: 22.56, PB: 26.91, PS: 64.46, EV/EBITDA: 74.08), suggesting significant overvaluation relative to fundamentals.","Decision summary plus first two reasoning sentences per agent; extractive, not a full factual audit.",rounds_3_fake_ticker_generations_1,Qwen/Qwen3.5-9B,17,3,fake_ticker,1,RCSN,RCSN,core_holding,"Is RCSN a good core holding for a 3–5 year investment thesis, based on the information available to you?",0,baseline,False,1,NO,majority,"{""NO"": 3}",NO,"RCSN exhibits extreme valuation multiples, with a P/E of 22.56 and an anomalously high P/S ratio of 64.46 relative to its Price-to-Book (PB) of 26.91. The EV/EBITDA of 74.08 suggests significant overvaluation or negligible earnings/cash flow coverage. Without sector P/E data for comparison, these figures appear detached from reasonable market norms for a core holding. A 3–5 year thesis requires sustainable growth justifying such premiums, which is not evident in the current snapshot.",ok,NO,"Based on the provided technical data, RCSN does not appear suitable for a core holding. The stock is significantly overbought with an RSI of 76.28, indicating high short-term volatility risk. Furthermore, the price is trading 16.7% above its 50-day moving average (Price_to_SMA50: 1.167), suggesting a lack of support at recent levels. While volume is elevated relative to the 20-day average (1.24x), this confirms strong momentum rather than value. Technical indicators show no signs of undervaluation or mean reversion favorable for a multi-year thesis; instead, they signal potential exhaustion. Without fundamental valuation multiples or long-term growth projections in the data, relying solely on these metrics points to a 'NO' verdict for a stable core position.",ok,NO,"RCSN is not a suitable core holding based on current valuation and momentum metrics. The stock trades at extreme multiples (PE: 22.56, PB: 26.91, PS: 64.46, EV/EBITDA: 74.08), suggesting significant overvaluation relative to fundamentals. Technically, the RSI_14 of 76.28 indicates the asset is in overbought territory, while the price sits 16.7% above its 50-day SMA with elevated volume, signaling potential short-term exhaustion rather than sustainable growth for a 3–5 year horizon. Without sector PE data for comparison, these absolute figures appear inflated. A core holding requires reasonable entry valuations and stable growth profiles, which are currently absent.",ok
192,fundamental: NO; trading: NO; challenger: NO. Group: NO. All agents agree. No agent decision changed from the previous round.,"Group outcome NO; other identity: YES. Different agent decisions: fundamental, challenger.","RCSN displays extreme valuation multiples, particularly an EV/EBITDA of 74.08 and a Price-to-Book ratio of 26.91. While the P/E of 22.56 is not inherently prohibitive without a sector benchmark, it appears inconsistent with such high book value and enterprise metrics, suggesting potential overvaluation or earnings quality issues.","The provided data contains only technical indicators, lacking fundamental valuation multiples or long-term growth projections necessary for a 3–5 year core thesis. Technically, the stock is overbought with an RSI of 76.28 and trades 16.7% above its 50-day SMA (Price_to_SMA50: 1.167), suggesting elevated short-term risk.","RCSN is unsuitable as a core holding due to extreme valuation metrics and overextended technicals. The P/S ratio of 64.46 and EV/EBITDA of 74.08 imply massive growth expectations that are rarely sustainable for a 3–5 year core position without specific sector context, which is missing (Sector_PE is null).","Decision summary plus first two reasoning sentences per agent; extractive, not a full factual audit.",rounds_3_fake_ticker_generations_1,Qwen/Qwen3.5-9B,17,3,fake_ticker,1,RCSN,RCSN,core_holding,"Is RCSN a good core holding for a 3–5 year investment thesis, based on the information available to you?",1,debate,False,1,NO,majority,"{""NO"": 3}",NO,"RCSN displays extreme valuation multiples, particularly an EV/EBITDA of 74.08 and a Price-to-Book ratio of 26.91. While the P/E of 22.56 is not inherently prohibitive without a sector benchmark, it appears inconsistent with such high book value and enterprise metrics, suggesting potential overvaluation or earnings quality issues. The PS ratio of 64.46 further indicates significant premium pricing relative to revenue. For a 3–5 year core holding, these figures imply a lack of margin of safety and unsustainable growth expectations unless justified by unseen sector norms. Without sector P/E data for comparison, we cannot confirm if these premiums are industry-wide or idiosyncratic overvaluation. The absence of forward growth rates or cash flow stability metrics prevents a definitive 'yes' verdict.",ok,NO,"The provided data contains only technical indicators, lacking fundamental valuation multiples or long-term growth projections necessary for a 3–5 year core thesis. Technically, the stock is overbought with an RSI of 76.28 and trades 16.7% above its 50-day SMA (Price_to_SMA50: 1.167), suggesting elevated short-term risk. While volume is 1.24x the average, this confirms momentum rather than undervaluation. Without intrinsic valuation data to confirm sustainable growth justifying current premiums, the evidence does not support a stable core position.",ok,NO,"RCSN is unsuitable as a core holding due to extreme valuation metrics and overextended technicals. The P/S ratio of 64.46 and EV/EBITDA of 74.08 imply massive growth expectations that are rarely sustainable for a 3–5 year core position without specific sector context, which is missing (Sector_PE is null). Additionally, the RSI_14 of 76.28 indicates overbought conditions, and the price trading 16.7% above the SMA_50 suggests momentum exhaustion rather than stable accumulation. While peers correctly identify these red flags, none challenge the assumption that high volume (1.24x avg) confirms healthy growth; it could signal speculative mania. Without evidence of earnings quality or sector tailwinds to justify such premiums, the risk-reward profile is too skewed for a core allocation.",ok
193,fundamental: NO; trading: NO; challenger: NO. Group: NO. All agents agree. No agent decision changed from the previous round.,"Group outcome NO; other identity: YES. Different agent decisions: fundamental, challenger.","RCSN exhibits extreme valuation multiples: EV/EBITDA at 74.08, PB at 26.91, and PS at 64.46. These figures imply unsustainable growth expectations for a core holding without margin of safety.","The provided data contains only technical indicators, lacking fundamental valuation multiples or long-term growth projections necessary for a 3–5 year core thesis. Technically, the stock is overbought with an RSI of 76.28 and trades 16.7% above its 50-day SMA (Price_to_SMA50: 1.167), suggesting elevated short-term risk.","RCSN is unsuitable as a core holding due to extreme valuation multiples (PS: 64.46, EV/EBITDA: 74.08) implying unsustainable growth expectations for a 3–5 year horizon. Technicals confirm overextension with an RSI of 76.28 and price 16.7% above the 50-day SMA.","Decision summary plus first two reasoning sentences per agent; extractive, not a full factual audit.",rounds_3_fake_ticker_generations_1,Qwen/Qwen3.5-9B,17,3,fake_ticker,1,RCSN,RCSN,core_holding,"Is RCSN a good core holding for a 3–5 year investment thesis, based on the information available to you?",2,debate,False,1,NO,majority,"{""NO"": 3}",NO,"RCSN exhibits extreme valuation multiples: EV/EBITDA at 74.08, PB at 26.91, and PS at 64.46. These figures imply unsustainable growth expectations for a core holding without margin of safety. While P/E (22.56) seems moderate, it is inconsistent with the high book and enterprise metrics unless sector norms are exceptionally elevated. Sector PE is missing, preventing validation if these premiums are industry-wide. Without evidence of earnings quality or forward growth to justify such valuations, the risk-reward profile is too skewed for a 3–5 year thesis.",ok,NO,"The provided data contains only technical indicators, lacking fundamental valuation multiples or long-term growth projections necessary for a 3–5 year core thesis. Technically, the stock is overbought with an RSI of 76.28 and trades 16.7% above its 50-day SMA (Price_to_SMA50: 1.167), suggesting elevated short-term risk. While volume is 1.24x the average, this confirms momentum rather than undervaluation. Without intrinsic valuation data to confirm sustainable growth justifying current premiums, the evidence does not support a stable core position.",ok,NO,"RCSN is unsuitable as a core holding due to extreme valuation multiples (PS: 64.46, EV/EBITDA: 74.08) implying unsustainable growth expectations for a 3–5 year horizon. Technicals confirm overextension with an RSI of 76.28 and price 16.7% above the 50-day SMA. While peers correctly flag these risks, none challenge the assumption that high volume (1.24x avg) indicates healthy organic growth rather than speculative mania. Without sector P/E data or earnings quality metrics, the risk-reward profile remains skewed against a stable core allocation.",ok
194,fundamental: NO; trading: NO; challenger: NO. Group: NO. All agents agree. No agent decision changed from the previous round.,"Group outcome NO; other identity: YES. Different agent decisions: fundamental, challenger.","RCSN presents extreme valuation metrics (EV/EBITDA: 74.08, PS: 64.46, PB: 26.91) that suggest unsustainable growth expectations for a 3–5 year core holding. While the P/E ratio is 22.56, it appears inconsistent with the significantly higher enterprise and book value multiples unless sector norms are exceptionally elevated.","The evidence indicates RCSN is overextended technically, trading 16.7% above its 50-day SMA with an RSI of 76.28 (overbought). While volume is 1.24x the average, confirming momentum rather than undervaluation, this data lacks the fundamental metrics required for a 3–5 year core thesis.","RCSN is unsuitable as a core holding due to extreme valuation multiples (PS: 64.46, EV/EBITDA: 74.08) and technical overextension (RSI: 76.28). These metrics imply unsustainable growth expectations for a 3–5 year horizon without evidence of margin safety.","Decision summary plus first two reasoning sentences per agent; extractive, not a full factual audit.",rounds_3_fake_ticker_generations_1,Qwen/Qwen3.5-9B,17,3,fake_ticker,1,RCSN,RCSN,core_holding,"Is RCSN a good core holding for a 3–5 year investment thesis, based on the information available to you?",3,debate,True,1,NO,majority,"{""NO"": 3}",NO,"RCSN presents extreme valuation metrics (EV/EBITDA: 74.08, PS: 64.46, PB: 26.91) that suggest unsustainable growth expectations for a 3–5 year core holding. While the P/E ratio is 22.56, it appears inconsistent with the significantly higher enterprise and book value multiples unless sector norms are exceptionally elevated. Crucially, Sector PE data is missing, preventing validation of whether these premiums are industry-wide or idiosyncratic risks. Without evidence of earnings quality or forward growth to justify such high valuations, the risk-reward profile is too skewed for a stable core allocation.",ok,NO,"The evidence indicates RCSN is overextended technically, trading 16.7% above its 50-day SMA with an RSI of 76.28 (overbought). While volume is 1.24x the average, confirming momentum rather than undervaluation, this data lacks the fundamental metrics required for a 3–5 year core thesis. The provided dataset contains only technical indicators; it does not include valuation multiples, earnings quality, or growth projections necessary to assess long-term sustainability. Without intrinsic valuation data, the current price premium cannot be justified as a stable investment.",ok,NO,"RCSN is unsuitable as a core holding due to extreme valuation multiples (PS: 64.46, EV/EBITDA: 74.08) and technical overextension (RSI: 76.28). These metrics imply unsustainable growth expectations for a 3–5 year horizon without evidence of margin safety. The trading agent's claim that volume confirms momentum rather than undervaluation is consistent with the data; however, the fundamental agent correctly notes the lack of sector P/E prevents validating if these premiums are industry-wide. Without forward growth data or earnings quality metrics to justify such high valuations, the risk-reward profile remains skewed against a stable core allocation.",ok
195,fundamental: HOLD; trading: SELL; challenger: SELL. Group: SELL. Agents disagree. Independent baseline.,Group outcome SELL; other identity: HOLD. Different agent decisions: challenger.,"The stock exhibits extreme valuation multiples, with a P/E of 22.56 and an EV/EBITDA of 74.08, suggesting significant overvaluation relative to typical earnings power. The Price-to-Book ratio of 26.91 further indicates the market prices in substantial future growth not currently reflected in assets.","The stock is significantly overbought with an RSI of 76.28, indicating high probability of a near-term correction. Price stands 16.7% above the 50-day SMA (185.62), suggesting strong resistance ahead.","The valuation metrics are severely stretched, with a P/S ratio of 64.46 and EV/EBITDA of 74.08, indicating extreme overvaluation relative to fundamentals. Technically, the stock is in deep overbought territory with an RSI of 76.28 and trading 16.7% above its 50-day SMA.","Decision summary plus first two reasoning sentences per agent; extractive, not a full factual audit.",rounds_3_fake_ticker_generations_1,Qwen/Qwen3.5-9B,17,3,fake_ticker,1,RCSN,RCSN,confidence_falsifiability,"How confident are you in your BUY/SELL/HOLD call on RCSN right now, on a rough scale from low to high, and what specific piece of missing information would most change your mind?",0,baseline,False,1,SELL,majority,"{""HOLD"": 1, ""SELL"": 2}",HOLD,"The stock exhibits extreme valuation multiples, with a P/E of 22.56 and an EV/EBITDA of 74.08, suggesting significant overvaluation relative to typical earnings power. The Price-to-Book ratio of 26.91 further indicates the market prices in substantial future growth not currently reflected in assets. A critical limitation is the absence of sector P/E data, preventing a direct relative valuation comparison. Without knowing if this premium is justified by superior industry growth or if it represents a bubble, maintaining the position is prudent. High valuations combined with missing comparative benchmarks create too much uncertainty for a directional call.",ok,SELL,"The stock is significantly overbought with an RSI of 76.28, indicating high probability of a near-term correction. Price stands 16.7% above the 50-day SMA (185.62), suggesting strong resistance ahead. While volume is elevated at 1.24x the 20-day average, this confirms momentum rather than reversal intent yet. Given the extreme extension from the moving average and overbought oscillator, immediate selling pressure is likely as short-term traders take profits.",ok,SELL,"The valuation metrics are severely stretched, with a P/S ratio of 64.46 and EV/EBITDA of 74.08, indicating extreme overvaluation relative to fundamentals. Technically, the stock is in deep overbought territory with an RSI of 76.28 and trading 16.7% above its 50-day SMA. While volume is elevated at 1.24x average, this likely signals distribution rather than accumulation given the lack of sector PE context for comparison. The disconnect between high price action and available fundamental ratios suggests a potential correction.",ok
196,fundamental: HOLD; trading: SELL; challenger: SELL. Group: SELL. Agents disagree. No agent decision changed from the previous round.,Group outcome SELL; other identity: HOLD. Different agent decisions: challenger.,"Valuation multiples are severely stretched, with a P/S ratio of 64.46 and EV/EBITDA of 74.08, suggesting the price is detached from current earnings power. The PB ratio of 26.91 further indicates high expectations not yet realized in assets.","The technical evidence strongly supports a SELL signal. The RSI of 76.28 indicates the asset is significantly overbought, suggesting high probability of near-term correction.","I maintain the SELL verdict. The fundamental data shows extreme overvaluation (P/S: 64.46, EV/EBITDA: 74.08) without sector context to justify such premiums.","Decision summary plus first two reasoning sentences per agent; extractive, not a full factual audit.",rounds_3_fake_ticker_generations_1,Qwen/Qwen3.5-9B,17,3,fake_ticker,1,RCSN,RCSN,confidence_falsifiability,"How confident are you in your BUY/SELL/HOLD call on RCSN right now, on a rough scale from low to high, and what specific piece of missing information would most change your mind?",1,debate,False,1,SELL,majority,"{""HOLD"": 1, ""SELL"": 2}",HOLD,"Valuation multiples are severely stretched, with a P/S ratio of 64.46 and EV/EBITDA of 74.08, suggesting the price is detached from current earnings power. The PB ratio of 26.91 further indicates high expectations not yet realized in assets. A critical limitation is the absence of Sector PE data; without this benchmark, it is impossible to determine if the premium reflects industry leadership or an overvaluation bubble. While technical indicators suggest overbought conditions, fundamental analysis relies on relative valuation which is currently incomplete. Maintaining the position avoids betting on growth assumptions that lack comparative context.",ok,SELL,"The technical evidence strongly supports a SELL signal. The RSI of 76.28 indicates the asset is significantly overbought, suggesting high probability of near-term correction. Price sits 16.7% above the 50-day SMA (185.62), representing a substantial extension that often precedes pullbacks. Although volume is elevated at 1.24x the 20-day average, confirming strong momentum rather than immediate reversal, the confluence of extreme oscillator readings and distance from the moving average outweighs this bullish volume confirmation in the short term. Fundamental valuation multiples are not available in the provided data, so the decision relies strictly on these technical indicators.",ok,SELL,"I maintain the SELL verdict. The fundamental data shows extreme overvaluation (P/S: 64.46, EV/EBITDA: 74.08) without sector context to justify such premiums. Technically, the RSI of 76.28 indicates deep overbought conditions, and the price is 16.7% above the 50-day SMA, suggesting a high probability of near-term mean reversion. While peers correctly identify missing sector P/E as a critical gap, this does not negate the immediate technical exhaustion signals present in the snapshot. The disconnect between massive valuation multiples and lack of comparative benchmarks reinforces a defensive stance rather than accumulation.",ok
197,fundamental: HOLD; trading: SELL; challenger: SELL. Group: SELL. Agents disagree. No agent decision changed from the previous round.,Group outcome SELL; other identity: HOLD. Different agent decisions: challenger.,"The stock exhibits severely stretched valuation multiples (PS: 64.46, EV/EBITDA: 74.08) without a sector P/E benchmark to contextualize the premium. While the PE ratio is 22.56, the lack of industry context makes it impossible to distinguish between justified growth expectations and an overvaluation bubble.","Technical evidence strongly supports a SELL. The RSI of 76.28 indicates significant overbought conditions, while the price sits 16.7% above the 50-day SMA (185.62), suggesting an extended move prone to correction.","I maintain the SELL verdict. The fundamental data reveals extreme overvaluation with a PS ratio of 64.46 and EV/EBITDA of 74.08, detached from any provided sector benchmark (Sector_PE is null).","Decision summary plus first two reasoning sentences per agent; extractive, not a full factual audit.",rounds_3_fake_ticker_generations_1,Qwen/Qwen3.5-9B,17,3,fake_ticker,1,RCSN,RCSN,confidence_falsifiability,"How confident are you in your BUY/SELL/HOLD call on RCSN right now, on a rough scale from low to high, and what specific piece of missing information would most change your mind?",2,debate,False,1,SELL,majority,"{""HOLD"": 1, ""SELL"": 2}",HOLD,"The stock exhibits severely stretched valuation multiples (PS: 64.46, EV/EBITDA: 74.08) without a sector P/E benchmark to contextualize the premium. While the PE ratio is 22.56, the lack of industry context makes it impossible to distinguish between justified growth expectations and an overvaluation bubble. The PB ratio of 26.91 further suggests high asset expectations not yet realized in book value. Without comparable data or confirmed future cash flows to support these highs, maintaining a neutral position mitigates the risk of betting on unverified growth assumptions. Technical signals are excluded from this fundamental assessment.",ok,SELL,"Technical evidence strongly supports a SELL. The RSI of 76.28 indicates significant overbought conditions, while the price sits 16.7% above the 50-day SMA (185.62), suggesting an extended move prone to correction. Although volume is elevated at 1.24x the 20-day average, confirming momentum rather than immediate exhaustion, the confluence of extreme oscillator readings and substantial distance from the moving average outweighs this bullish volume confirmation for a short-term signal. Fundamental valuation multiples are absent from the provided data; therefore, the decision relies strictly on these technical indicators.",ok,SELL,"I maintain the SELL verdict. The fundamental data reveals extreme overvaluation with a PS ratio of 64.46 and EV/EBITDA of 74.08, detached from any provided sector benchmark (Sector_PE is null). Technically, RSI at 76.28 signals deep overbought conditions, while the price sits 16.7% above the 50-day SMA. Although peers note missing sector context, the absolute valuation levels are historically high, suggesting a mean reversion risk regardless of industry norms. The elevated volume (1.24x avg) confirms momentum but often precedes exhaustion in such stretched setups. Without knowing if the company is an outlier leader justifying these multiples, the risk-reward profile favors selling into strength rather than holding or buying.",ok
198,fundamental: HOLD; trading: SELL; challenger: SELL. Group: SELL. Agents disagree. No agent decision changed from the previous round.,Group outcome SELL; other identity: HOLD. Different agent decisions: challenger.,"The stock exhibits severely stretched valuation multiples (PS: 64.46, EV/EBITDA: 74.08) without a sector P/E benchmark to contextualize the premium. While the PE ratio is 22.56, the lack of industry context makes it impossible to distinguish between justified growth expectations and an overvaluation bubble.","The RSI of 76.28 indicates significant overbought conditions, while the price is 16.7% above the 50-day SMA (185.62), suggesting an extended move prone to correction. Although volume is elevated at 1.24x the 20-day average, confirming momentum rather than immediate exhaustion, the confluence of extreme oscillator readings and substantial distance from the moving average outweighs this bullish volume confirmation for a short-term signal.","I maintain the SELL verdict. The technical data presents a clear bearish case: RSI at 76.28 indicates deep overbought conditions, and the price is 16.7% above the 50-day SMA, suggesting an extended rally prone to correction.","Decision summary plus first two reasoning sentences per agent; extractive, not a full factual audit.",rounds_3_fake_ticker_generations_1,Qwen/Qwen3.5-9B,17,3,fake_ticker,1,RCSN,RCSN,confidence_falsifiability,"How confident are you in your BUY/SELL/HOLD call on RCSN right now, on a rough scale from low to high, and what specific piece of missing information would most change your mind?",3,debate,True,1,SELL,majority,"{""HOLD"": 1, ""SELL"": 2}",HOLD,"The stock exhibits severely stretched valuation multiples (PS: 64.46, EV/EBITDA: 74.08) without a sector P/E benchmark to contextualize the premium. While the PE ratio is 22.56, the lack of industry context makes it impossible to distinguish between justified growth expectations and an overvaluation bubble. The PB ratio of 26.91 further suggests high asset expectations not yet realized in book value. Without comparable data or confirmed future cash flows to support these highs, maintaining a neutral position mitigates the risk of betting on unverified growth assumptions.",ok,SELL,"The RSI of 76.28 indicates significant overbought conditions, while the price is 16.7% above the 50-day SMA (185.62), suggesting an extended move prone to correction. Although volume is elevated at 1.24x the 20-day average, confirming momentum rather than immediate exhaustion, the confluence of extreme oscillator readings and substantial distance from the moving average outweighs this bullish volume confirmation for a short-term signal. Fundamental valuation multiples are absent from the provided data; therefore, the decision relies strictly on these technical indicators.",ok,SELL,"I maintain the SELL verdict. The technical data presents a clear bearish case: RSI at 76.28 indicates deep overbought conditions, and the price is 16.7% above the 50-day SMA, suggesting an extended rally prone to correction. While peers correctly note missing sector context for valuations (PS 64.46, EV/EBITDA 74.08), the absolute levels are dangerously high without justification. The trading analyst's claim that volume confirms momentum rather than exhaustion is weak; in such stretched technical setups, elevated volume often signals capitulation or distribution rather than sustained buying. Even if fundamentals justify the multiples, the immediate probability of a mean reversion given the extreme RSI outweighs the unknown long-term growth story. I challenge the assumption that high volume in this specific overbought context implies strength rather than peak interest.",ok
199,fundamental: EXPENSIVE; trading: ATTRACTIVELY_PRICED; challenger: ATTRACTIVELY_PRICED. Group: ATTRACTIVELY_PRICED. Agents disagree. Independent baseline.,Group outcome ATTRACTIVELY_PRICED; other identity: EXPENSIVE. Different agent decisions: challenger.,"BACG trades at a PE of 28.33, PB of 7.3, and PS of 24.64, alongside an EV/EBITDA of 75.76. These multiples indicate significant premium valuation relative to book value and sales.","BACG is trading at -6.05% below its 50-day moving average (SMA_50: 239.84 vs Close: 225.34), indicating a discount relative to recent trend. The RSI_14 of 32.89 suggests the stock is in oversold territory, often signaling a potential reversal or buying opportunity.","Despite extremely high valuation multiples (PE: 28.33, EV/EBITDA: 75.76), the stock appears attractively priced based on technical momentum. The RSI is at 32.89 (oversold territory) and the price trades 6.05% below its 50-day SMA, suggesting a potential mean reversion opportunity.","Decision summary plus first two reasoning sentences per agent; extractive, not a full factual audit.",rounds_3_fake_ticker_generations_1,Qwen/Qwen3.5-9B,17,3,fake_ticker,1,BACG,BACG,valuation_forcing,"Based on the data available to you, does BACG look attractively priced, fairly priced, or expensive right now — and specifically why?",0,baseline,False,1,ATTRACTIVELY_PRICED,majority,"{""EXPENSIVE"": 1, ""ATTRACTIVELY_PRICED"": 2}",EXPENSIVE,"BACG trades at a PE of 28.33, PB of 7.3, and PS of 24.64, alongside an EV/EBITDA of 75.76. These multiples indicate significant premium valuation relative to book value and sales. While the sector PE is unavailable for direct comparison, the extreme EV/EBITDA ratio suggests high earnings expectations or low current earnings, implying the stock is priced for perfection. Without sector benchmarks to confirm if this premium is justified by superior growth, the absolute levels suggest overvaluation.",ok,ATTRACTIVELY_PRICED,"BACG is trading at -6.05% below its 50-day moving average (SMA_50: 239.84 vs Close: 225.34), indicating a discount relative to recent trend. The RSI_14 of 32.89 suggests the stock is in oversold territory, often signaling a potential reversal or buying opportunity. Volume is near average (1.03x AvgVol20), confirming activity without panic selling. While intrinsic valuation multiples are unavailable, technical positioning shows a clear short-term value setup based on price momentum and mean reversion signals.",ok,ATTRACTIVELY_PRICED,"Despite extremely high valuation multiples (PE: 28.33, EV/EBITDA: 75.76), the stock appears attractively priced based on technical momentum. The RSI is at 32.89 (oversold territory) and the price trades 6.05% below its 50-day SMA, suggesting a potential mean reversion opportunity. High valuations may reflect strong growth expectations not captured by current fundamentals, but the significant discount to recent moving averages indicates temporary market overreaction rather than intrinsic overvaluation. Without sector peers for comparison, the absolute valuation levels are misleading without context of growth rates.",ok
200,fundamental: EXPENSIVE; trading: ATTRACTIVELY_PRICED; challenger: EXPENSIVE. Group: EXPENSIVE. Agents disagree. Agent changes: challenger: ATTRACTIVELY_PRICED → EXPENSIVE.,Group outcome EXPENSIVE; other identity: NO_MAJORITY. Different agent decisions: challenger.,"BACG exhibits extreme valuation metrics: a PE of 28.33, PB of 7.3, PS of 24.64, and an EV/EBITDA of 75.76. The exceptionally high EV/EBITDA ratio suggests the market is pricing in aggressive future growth or that current earnings are depressed.","Based strictly on trading data, BACG is attractively priced. The Close Price (225.34) trades -6.05% below the 50-day SMA (239.84), indicating a technical discount.","The stock is fundamentally expensive with a PE of 28.33, PB of 7.3, and an extreme EV/EBITDA of 75.76. While technicals show the price is -6.05% below the SMA_50 and RSI_14 is 32.89 (oversold), these indicate short-term weakness or mean reversion potential rather than intrinsic value.","Decision summary plus first two reasoning sentences per agent; extractive, not a full factual audit.",rounds_3_fake_ticker_generations_1,Qwen/Qwen3.5-9B,17,3,fake_ticker,1,BACG,BACG,valuation_forcing,"Based on the data available to you, does BACG look attractively priced, fairly priced, or expensive right now — and specifically why?",1,debate,False,1,EXPENSIVE,majority,"{""EXPENSIVE"": 2, ""ATTRACTIVELY_PRICED"": 1}",EXPENSIVE,"BACG exhibits extreme valuation metrics: a PE of 28.33, PB of 7.3, PS of 24.64, and an EV/EBITDA of 75.76. The exceptionally high EV/EBITDA ratio suggests the market is pricing in aggressive future growth or that current earnings are depressed. While technical indicators from peer answers suggest temporary oversold conditions, fundamental analysis relies strictly on provided data where no sector benchmarks exist to contextualize these premiums. Without external growth rates or peer comparisons to justify such multiples, the absolute levels indicate significant overvaluation relative to book value and sales.",ok,ATTRACTIVELY_PRICED,"Based strictly on trading data, BACG is attractively priced. The Close Price (225.34) trades -6.05% below the 50-day SMA (239.84), indicating a technical discount. The RSI_14 of 32.89 signals oversold conditions, suggesting potential mean reversion. Volume is near average (1.03x AvgVol20), confirming normal liquidity without panic selling. While peers cite high valuation multiples (PE 28.33, EV/EBITDA 75.76), those are fundamental metrics excluded from this specific trading signal analysis. The technical setup presents a short-term value opportunity relative to recent momentum.",ok,EXPENSIVE,"The stock is fundamentally expensive with a PE of 28.33, PB of 7.3, and an extreme EV/EBITDA of 75.76. While technicals show the price is -6.05% below the SMA_50 and RSI_14 is 32.89 (oversold), these indicate short-term weakness or mean reversion potential rather than intrinsic value. Trading strategies rely on momentum shifts, but 'attractively priced' implies fundamental undervaluation, which contradicts the high multiples. The lack of Sector_PE prevents confirming if this premium is justified by growth, but absolute levels suggest overvaluation. I challenge the Challenger's claim that high valuations are simply 'misleading without context'; even without sector data, a PE near 28 and EV/EBITDA near 76 typically signal significant risk premiums already priced in, not attractive entry points for value.",ok
201,fundamental: EXPENSIVE; trading: ATTRACTIVELY_PRICED; challenger: EXPENSIVE. Group: EXPENSIVE. Agents disagree. No agent decision changed from the previous round.,Group outcome EXPENSIVE; other identity: NO_MAJORITY. Different agent decisions: challenger.,"BACG displays extreme valuation multiples: PE of 28.33, PB of 7.3, PS of 24.64, and EV/EBITDA of 75.76. Without sector benchmarks (Sector_PE is null) to contextualize these premiums, the absolute levels suggest significant overvaluation relative to book value and sales.","Based strictly on the supplied trading data, BACG is attractively priced. The Close Price (225.34) trades -6.05% below the 50-day SMA (239.84), indicating a technical discount.","BACG displays extreme valuation multiples: PE of 28.33, PB of 7.3, PS of 24.64, and an EV/EBITDA of 75.76. Without Sector_PE data to contextualize these premiums against industry peers, the absolute levels suggest significant overvaluation.","Decision summary plus first two reasoning sentences per agent; extractive, not a full factual audit.",rounds_3_fake_ticker_generations_1,Qwen/Qwen3.5-9B,17,3,fake_ticker,1,BACG,BACG,valuation_forcing,"Based on the data available to you, does BACG look attractively priced, fairly priced, or expensive right now — and specifically why?",2,debate,False,1,EXPENSIVE,majority,"{""EXPENSIVE"": 2, ""ATTRACTIVELY_PRICED"": 1}",EXPENSIVE,"BACG displays extreme valuation multiples: PE of 28.33, PB of 7.3, PS of 24.64, and EV/EBITDA of 75.76. Without sector benchmarks (Sector_PE is null) to contextualize these premiums, the absolute levels suggest significant overvaluation relative to book value and sales. The high EV/EBITDA implies either depressed current earnings or aggressive growth expectations that are unverified by provided data. While trading metrics indicate short-term technical weakness, fundamental pricing relies on intrinsic value metrics which appear elevated here.",ok,ATTRACTIVELY_PRICED,"Based strictly on the supplied trading data, BACG is attractively priced. The Close Price (225.34) trades -6.05% below the 50-day SMA (239.84), indicating a technical discount. The RSI_14 of 32.89 signals oversold conditions, suggesting potential mean reversion. Volume is near average (1.03x AvgVol20), confirming normal liquidity without panic selling. While peers cite high valuation multiples (PE 28.33, EV/EBITDA 75.76), those are fundamental metrics excluded from this specific trading signal analysis. The technical setup presents a short-term value opportunity relative to recent momentum.",ok,EXPENSIVE,"BACG displays extreme valuation multiples: PE of 28.33, PB of 7.3, PS of 24.64, and an EV/EBITDA of 75.76. Without Sector_PE data to contextualize these premiums against industry peers, the absolute levels suggest significant overvaluation. While technicals show the stock is -6.05% below its 50-day SMA with an RSI of 32.89 (oversold), this indicates short-term weakness or a mean-reversion opportunity rather than intrinsic fundamental value. The trading analyst's claim that 'attractively priced' implies only a technical discount ignores the definition of price relative to earnings and book value provided in the data. High EV/EBITDA typically signals either depressed current earnings or unrealistically high growth expectations; without evidence of the latter, the risk premium appears excessive.",ok
202,fundamental: EXPENSIVE; trading: ATTRACTIVELY_PRICED; challenger: ATTRACTIVELY_PRICED. Group: ATTRACTIVELY_PRICED. Agents disagree. Agent changes: challenger: EXPENSIVE → ATTRACTIVELY_PRICED.,Group outcome ATTRACTIVELY_PRICED; other identity: NO_MAJORITY. Different agent decisions: challenger.,"BACG exhibits extreme valuation multiples: PE of 28.33, PB of 7.3, PS of 24.64, and EV/EBITDA of 75.76. Without Sector_PE data to contextualize these premiums against industry peers, the absolute levels suggest significant overvaluation relative to book value and sales.","Based strictly on the supplied trading data, BACG is attractively priced. The Close Price (225.34) trades -6.05% below the 50-day SMA (239.84), indicating a technical discount.","While fundamental multiples (PE 28.33, EV/EBITDA 75.76) appear elevated without sector benchmarks for comparison, the trading data presents a compelling contrarian case. The stock trades 6.05% below its 50-day SMA with an RSI of 32.89, indicating significant oversold conditions and potential mean reversion.","Decision summary plus first two reasoning sentences per agent; extractive, not a full factual audit.",rounds_3_fake_ticker_generations_1,Qwen/Qwen3.5-9B,17,3,fake_ticker,1,BACG,BACG,valuation_forcing,"Based on the data available to you, does BACG look attractively priced, fairly priced, or expensive right now — and specifically why?",3,debate,True,1,ATTRACTIVELY_PRICED,majority,"{""EXPENSIVE"": 1, ""ATTRACTIVELY_PRICED"": 2}",EXPENSIVE,"BACG exhibits extreme valuation multiples: PE of 28.33, PB of 7.3, PS of 24.64, and EV/EBITDA of 75.76. Without Sector_PE data to contextualize these premiums against industry peers, the absolute levels suggest significant overvaluation relative to book value and sales. The high EV/EBITDA implies either depressed current earnings or aggressive growth expectations unverified by provided data. While technicals show short-term weakness (RSI 32.89), this indicates a potential mean-reversion opportunity rather than intrinsic fundamental value. The trading analyst's claim that 'attractively priced' relies solely on a technical discount ignores the definition of price relative to earnings and book value provided in the data.",ok,ATTRACTIVELY_PRICED,"Based strictly on the supplied trading data, BACG is attractively priced. The Close Price (225.34) trades -6.05% below the 50-day SMA (239.84), indicating a technical discount. The RSI_14 of 32.89 signals oversold conditions, suggesting potential mean reversion. Volume is near average (1.03x AvgVol20), confirming normal liquidity without panic selling. While peers cite high valuation multiples (PE 28.33, EV/EBITDA 75.76), those are fundamental metrics excluded from this specific trading signal analysis. The technical setup presents a short-term value opportunity relative to recent momentum.",ok,ATTRACTIVELY_PRICED,"While fundamental multiples (PE 28.33, EV/EBITDA 75.76) appear elevated without sector benchmarks for comparison, the trading data presents a compelling contrarian case. The stock trades 6.05% below its 50-day SMA with an RSI of 32.89, indicating significant oversold conditions and potential mean reversion. High technical discounts often precede price corrections toward fair value, making the current entry point attractive relative to recent momentum despite high book-value ratios. The lack of Sector_PE prevents confirming if these multiples are industry-leading, but the technical setup suggests the market has overreacted negatively in the short term.",ok
203,fundamental: NO; trading: NO; challenger: NO. Group: NO. All agents agree. Independent baseline.,Group outcome NO; other identity: NO. All role decisions match across identities.,"BACG exhibits extreme valuation multiples with a P/E of 28.33, PB of 7.3, and PS of 24.64, alongside an EV/EBITDA of 75.76. These figures suggest the market prices in aggressive future growth that is not currently supported by fundamentals.","BACG is not a suitable core holding for a 3–5 year thesis based on the provided technical snapshot. The stock price (225.34) trades 6.05% below its 50-day moving average (239.84), indicating a downtrend and negative short-term momentum.","BACG appears unsuitable for a core 3–5 year holding due to severely stretched valuation metrics relative to its fundamentals. The stock trades at a PE of 28.33, PB of 7.3, and PS of 24.64, alongside an exorbitant EV/EBITDA of 75.76, suggesting the market prices in excessive future growth that is not currently supported by earnings or book value data.","Decision summary plus first two reasoning sentences per agent; extractive, not a full factual audit.",rounds_3_fake_ticker_generations_1,Qwen/Qwen3.5-9B,17,3,fake_ticker,1,BACG,BACG,core_holding,"Is BACG a good core holding for a 3–5 year investment thesis, based on the information available to you?",0,baseline,False,1,NO,majority,"{""NO"": 3}",NO,"BACG exhibits extreme valuation multiples with a P/E of 28.33, PB of 7.3, and PS of 24.64, alongside an EV/EBITDA of 75.76. These figures suggest the market prices in aggressive future growth that is not currently supported by fundamentals. Without sector P/E data for comparison or evidence of sustainable earnings acceleration, these levels appear unjustified for a core holding over a 3–5 year horizon. The risk of a mean reversion correction is high given the lack of relative value context.",ok,NO,"BACG is not a suitable core holding for a 3–5 year thesis based on the provided technical snapshot. The stock price (225.34) trades 6.05% below its 50-day moving average (239.84), indicating a downtrend and negative short-term momentum. While the RSI of 32.89 suggests oversold conditions, this often signals continued selling pressure in a declining trend rather than an immediate reversal. Volume activity is flat at 1.03x the 20-day average, failing to confirm any significant buying interest or potential bottoming out. Without evidence of fundamental recovery or sustained volume support, the technical setup favors caution over accumulation.",ok,NO,"BACG appears unsuitable for a core 3–5 year holding due to severely stretched valuation metrics relative to its fundamentals. The stock trades at a PE of 28.33, PB of 7.3, and PS of 24.64, alongside an exorbitant EV/EBITDA of 75.76, suggesting the market prices in excessive future growth that is not currently supported by earnings or book value data. While technical indicators show the price is -6.05% below the 50-day SMA with an RSI of 32.89 (indicating short-term oversold conditions), these do not justify long-term core allocation when valuations are this elevated. A core holding requires reasonable entry points and sustainable multiples; BACG's current pricing implies significant downside risk if growth expectations fail to materialize. Without sector-specific P/E data or forward growth guidance, the high multiples cannot be contextualized as premium quality.",ok
204,fundamental: NO; trading: NO; challenger: NO. Group: NO. All agents agree. No agent decision changed from the previous round.,Group outcome NO; other identity: NO. All role decisions match across identities.,"BACG displays extreme valuation multiples (P/E: 28.33, PB: 7.3, PS: 24.64, EV/EBITDA: 75.76) that are unjustified for a core 3–5 year holding without comparative sector data. The high P/E and EV/EBITDA suggest the market prices in aggressive future growth unsupported by current fundamentals.","BACG is unsuitable as a core 3–5 year holding based on the provided data. The price (225.34) trades 6.05% below the 50-day SMA (239.84), indicating a downtrend rather than a stable accumulation zone for a long-term thesis.","BACG is unsuitable for a 3–5 year core holding due to severely stretched valuation metrics. The stock trades at a PE of 28.33, PB of 7.3, PS of 24.64, and an EV/EBITDA of 75.76.","Decision summary plus first two reasoning sentences per agent; extractive, not a full factual audit.",rounds_3_fake_ticker_generations_1,Qwen/Qwen3.5-9B,17,3,fake_ticker,1,BACG,BACG,core_holding,"Is BACG a good core holding for a 3–5 year investment thesis, based on the information available to you?",1,debate,False,1,NO,majority,"{""NO"": 3}",NO,"BACG displays extreme valuation multiples (P/E: 28.33, PB: 7.3, PS: 24.64, EV/EBITDA: 75.76) that are unjustified for a core 3–5 year holding without comparative sector data. The high P/E and EV/EBITDA suggest the market prices in aggressive future growth unsupported by current fundamentals. Without a Sector_PE to contextualize these figures or evidence of sustainable earnings acceleration, the risk of mean reversion is significant. Peer answers correctly identify the lack of relative value context as a critical flaw, though one erroneously cites trading signals not present in the provided fundamental data.",ok,NO,"BACG is unsuitable as a core 3–5 year holding based on the provided data. The price (225.34) trades 6.05% below the 50-day SMA (239.84), indicating a downtrend rather than a stable accumulation zone for a long-term thesis. Volume is flat at 1.03x the average, failing to confirm any reversal or institutional interest. While RSI is oversold, this often signals continued weakness in a declining trend without fundamental support. Crucially, the supplied evidence contains no valuation multiples (P/E, P/B) or business facts required to assess intrinsic value over a multi-year horizon. Any claim regarding stretched valuations (e.g., PE of 28.33) found in peer answers contradicts the constraint to use only supplied evidence, as those metrics are absent from the Data object. Without evidence of sustainable growth or reasonable entry points relative to fundamentals, maintaining a 'NO' verdict is the only logical conclusion.",ok,NO,"BACG is unsuitable for a 3–5 year core holding due to severely stretched valuation metrics. The stock trades at a PE of 28.33, PB of 7.3, PS of 24.64, and an EV/EBITDA of 75.76. These multiples imply aggressive future growth expectations not currently supported by the available fundamental snapshot. While technicals show the price is -6.05% below the SMA_50 with an RSI_14 of 32.89 (oversold), this short-term weakness does not justify ignoring long-term overvaluation risks. A core holding requires reasonable entry points relative to sector peers; without Sector_PE data or forward growth guidance, these levels suggest significant downside risk if growth fails to materialize. The lack of comparative context makes the high multiples unjustifiable for a multi-year thesis.",ok
205,fundamental: NO; trading: NO; challenger: NO. Group: NO. All agents agree. No agent decision changed from the previous round.,Group outcome NO; other identity: NO. All role decisions match across identities.,"BACG exhibits extreme valuation multiples (P/E: 28.33, EV/EBITDA: 75.76) that are unjustified for a core 3–5 year holding without comparative sector data. The high P/E and EV/EBITDA suggest the market prices in aggressive future growth unsupported by current fundamentals.","BACG is unsuitable as a core 3–5 year holding because the provided evidence lacks any valuation multiples or business fundamentals required for a long-term thesis. The data only shows technicals: Price (225.34) is -6.05% below the SMA_50 (239.84), and Volume is flat at 1.03x average, indicating no institutional accumulation.","BACG exhibits severely stretched valuation metrics (PE: 28.33, EV/EBITDA: 75.76) unsuitable for a 3–5 year core holding without sector context. These multiples imply aggressive growth expectations unsupported by the current snapshot.","Decision summary plus first two reasoning sentences per agent; extractive, not a full factual audit.",rounds_3_fake_ticker_generations_1,Qwen/Qwen3.5-9B,17,3,fake_ticker,1,BACG,BACG,core_holding,"Is BACG a good core holding for a 3–5 year investment thesis, based on the information available to you?",2,debate,False,1,NO,majority,"{""NO"": 3}",NO,"BACG exhibits extreme valuation multiples (P/E: 28.33, EV/EBITDA: 75.76) that are unjustified for a core 3–5 year holding without comparative sector data. The high P/E and EV/EBITDA suggest the market prices in aggressive future growth unsupported by current fundamentals. Without a Sector_PE to contextualize these figures or evidence of sustainable earnings acceleration, the risk of mean reversion is significant. Peer answers correctly identify the lack of relative value context as a critical flaw.",ok,NO,"BACG is unsuitable as a core 3–5 year holding because the provided evidence lacks any valuation multiples or business fundamentals required for a long-term thesis. The data only shows technicals: Price (225.34) is -6.05% below the SMA_50 (239.84), and Volume is flat at 1.03x average, indicating no institutional accumulation. While RSI_14 (32.89) suggests oversold conditions, this short-term signal does not justify ignoring the absence of intrinsic value evidence. Crucially, peer claims citing PE ratios (e.g., 28.33) or PB (7.3) are invalid as they contradict the constraint to use only supplied data; these metrics are missing from the Data object. Without sector P/E or growth guidance in the evidence, assessing a multi-year horizon is impossible.",ok,NO,"BACG exhibits severely stretched valuation metrics (PE: 28.33, EV/EBITDA: 75.76) unsuitable for a 3–5 year core holding without sector context. These multiples imply aggressive growth expectations unsupported by the current snapshot. While technicals show oversold conditions (RSI: 32.89), this short-term weakness does not mitigate long-term overvaluation risk absent sustainable earnings proof or peer comparison. The lack of Sector_PE data prevents determining if these levels are reasonable relative to industry standards, creating significant downside risk if growth fails.",ok
206,fundamental: NO; trading: NO; challenger: NO. Group: NO. All agents agree. No agent decision changed from the previous round.,Group outcome NO; other identity: NO. All role decisions match across identities.,"BACG exhibits extreme valuation multiples (P/E: 28.33, EV/EBITDA: 75.76) unsuitable for a core 3–5 year holding without comparative sector data. The high P/E and EV/EBITDA suggest the market prices in aggressive future growth unsupported by current fundamentals.","BACG is unsuitable as a core 3–5 year holding because the provided evidence lacks any valuation multiples or business fundamentals required for a long-term thesis. The data only shows technicals: Price (225.34) is -6.05% below the SMA_50 (239.84), and Volume is flat at 1.03x average, indicating no institutional accumulation.","BACG is unsuitable as a core 3–5 year holding due to severely stretched valuations: PE (28.33), PB (7.3), PS (24.64), and EV/EBITDA (75.76) imply aggressive growth expectations unsupported by current data. The trading analyst's claim that these metrics are absent contradicts the provided JSON, which explicitly lists them.","Decision summary plus first two reasoning sentences per agent; extractive, not a full factual audit.",rounds_3_fake_ticker_generations_1,Qwen/Qwen3.5-9B,17,3,fake_ticker,1,BACG,BACG,core_holding,"Is BACG a good core holding for a 3–5 year investment thesis, based on the information available to you?",3,debate,True,1,NO,majority,"{""NO"": 3}",NO,"BACG exhibits extreme valuation multiples (P/E: 28.33, EV/EBITDA: 75.76) unsuitable for a core 3–5 year holding without comparative sector data. The high P/E and EV/EBITDA suggest the market prices in aggressive future growth unsupported by current fundamentals. Without Sector_PE to contextualize these figures or evidence of sustainable earnings acceleration, the risk of mean reversion is significant. Peer answers correctly identify the lack of relative value context as a critical flaw.",ok,NO,"BACG is unsuitable as a core 3–5 year holding because the provided evidence lacks any valuation multiples or business fundamentals required for a long-term thesis. The data only shows technicals: Price (225.34) is -6.05% below the SMA_50 (239.84), and Volume is flat at 1.03x average, indicating no institutional accumulation. While RSI_14 (32.89) suggests oversold conditions, this short-term signal does not justify ignoring the absence of intrinsic value evidence. Crucially, peer claims citing PE ratios or PB are invalid as they contradict the constraint to use only supplied data; these metrics are missing from the Data object. Without sector P/E or growth guidance in the evidence, assessing a multi-year horizon is impossible.",ok,NO,"BACG is unsuitable as a core 3–5 year holding due to severely stretched valuations: PE (28.33), PB (7.3), PS (24.64), and EV/EBITDA (75.76) imply aggressive growth expectations unsupported by current data. The trading analyst's claim that these metrics are absent contradicts the provided JSON, which explicitly lists them. Without Sector_PE to contextualize if these multiples are premium or justified relative to peers, the risk of mean reversion is high for a long-term thesis. Technicals show oversold conditions (RSI: 32.89, Price vs SMA50: -6.05%), but short-term weakness does not mitigate fundamental overvaluation risks over a multi-year horizon. Missing sector context prevents validating if the price-to-growth ratio is reasonable.",ok
207,fundamental: HOLD; trading: BUY; challenger: HOLD. Group: HOLD. Agents disagree. Independent baseline.,Group outcome HOLD; other identity: HOLD. Different agent decisions: trading.,"Valuation multiples are excessively high relative to typical fundamental standards. The P/E ratio of 28.33 and EV/EBITDA of 75.76 suggest a premium that is difficult to justify without strong, verified growth data or a sector benchmark for comparison.","The stock is oversold with an RSI of 32.89 and trades 6.05% below the 50-day SMA (Price to SMA ratio: 0.9395), suggesting a potential mean reversion opportunity. Volume is slightly elevated at 1.0349x the 20-day average, indicating active interest despite the dip.","The stock is technically oversold (RSI 32.89) and trading slightly below its 50-day SMA (-6.05%), suggesting potential short-term bounce. However, fundamental valuation metrics are severely distorted with a PE of 28.33, PB of 7.3, and an EV/EBITDA of 75.76.","Decision summary plus first two reasoning sentences per agent; extractive, not a full factual audit.",rounds_3_fake_ticker_generations_1,Qwen/Qwen3.5-9B,17,3,fake_ticker,1,BACG,BACG,confidence_falsifiability,"How confident are you in your BUY/SELL/HOLD call on BACG right now, on a rough scale from low to high, and what specific piece of missing information would most change your mind?",0,baseline,False,1,HOLD,majority,"{""HOLD"": 2, ""BUY"": 1}",HOLD,"Valuation multiples are excessively high relative to typical fundamental standards. The P/E ratio of 28.33 and EV/EBITDA of 75.76 suggest a premium that is difficult to justify without strong, verified growth data or a sector benchmark for comparison. Since Sector_Pe is null, we cannot determine if the stock is fairly valued relative to peers. The high Price-to-Book (7.3) further indicates potential overvaluation unless intangible assets drive significant future earnings, which is unverified here. Given the lack of sector context and extreme valuation metrics, maintaining a neutral position is prudent until more data clarifies the growth trajectory.",ok,BUY,"The stock is oversold with an RSI of 32.89 and trades 6.05% below the 50-day SMA (Price to SMA ratio: 0.9395), suggesting a potential mean reversion opportunity. Volume is slightly elevated at 1.0349x the 20-day average, indicating active interest despite the dip. While fundamental valuation data is missing, the technical setup aligns with a short-term rebound signal.",ok,HOLD,"The stock is technically oversold (RSI 32.89) and trading slightly below its 50-day SMA (-6.05%), suggesting potential short-term bounce. However, fundamental valuation metrics are severely distorted with a PE of 28.33, PB of 7.3, and an EV/EBITDA of 75.76. These extreme multiples indicate either massive growth expectations or severe earnings deterioration relative to price. Without knowing the sector average PE or recent revenue growth rates, it is impossible to determine if these multiples are justified. The disconnect between technical signals and inflated fundamentals creates too much ambiguity for a directional trade.",ok
208,fundamental: HOLD; trading: HOLD; challenger: HOLD. Group: HOLD. All agents agree. Agent changes: trading: BUY → HOLD.,Group outcome HOLD; other identity: HOLD. All role decisions match across identities.,"Valuation multiples are exceptionally high (P/E: 28.33, EV/EBITDA: 75.76, PB: 7.3), suggesting significant overvaluation or unverified growth expectations. Without a Sector PE for comparison, it is impossible to determine if these premiums are justified by industry standards.","The technical setup is ambiguous. RSI (32.89) indicates oversold conditions, yet the price is down 6.05% from the SMA_50 (239.84), and volume ratio (1.0349) shows only marginal activity, failing to confirm a strong reversal.","I maintain the HOLD verdict. While technicals (RSI 32.89, -6.05% vs SMA) suggest a short-term bounce, fundamental valuations are extreme: EV/EBITDA is 75.76 and PB is 7.3.","Decision summary plus first two reasoning sentences per agent; extractive, not a full factual audit.",rounds_3_fake_ticker_generations_1,Qwen/Qwen3.5-9B,17,3,fake_ticker,1,BACG,BACG,confidence_falsifiability,"How confident are you in your BUY/SELL/HOLD call on BACG right now, on a rough scale from low to high, and what specific piece of missing information would most change your mind?",1,debate,False,1,HOLD,majority,"{""HOLD"": 3}",HOLD,"Valuation multiples are exceptionally high (P/E: 28.33, EV/EBITDA: 75.76, PB: 7.3), suggesting significant overvaluation or unverified growth expectations. Without a Sector PE for comparison, it is impossible to determine if these premiums are justified by industry standards. The PS ratio of 24.64 further reinforces the lack of affordability relative to sales. Given the absence of sector benchmarks and fundamental growth data to justify such extreme pricing, maintaining a neutral position is prudent until more context clarifies the value proposition.",ok,HOLD,"The technical setup is ambiguous. RSI (32.89) indicates oversold conditions, yet the price is down 6.05% from the SMA_50 (239.84), and volume ratio (1.0349) shows only marginal activity, failing to confirm a strong reversal. Crucially, the provided data contains no fundamental valuation metrics (P/E, PB, etc.), unlike the challenger's claim of extreme multiples; I cannot verify if those claims are true or hallucinations based strictly on my Data fields. Without intrinsic valuation data to distinguish between a cheap rebound or a value trap, and lacking sector context to validate the challenger's specific numbers, a directional trade is unjustified.",ok,HOLD,"I maintain the HOLD verdict. While technicals (RSI 32.89, -6.05% vs SMA) suggest a short-term bounce, fundamental valuations are extreme: EV/EBITDA is 75.76 and PB is 7.3. The trading analyst's claim that 'fundamental valuation data is missing' is incorrect; specific multiples are present in the data, only the sector benchmark is absent. Without Sector PE to contextualize these 75x EBITDA multiples, we cannot confirm if the premium is justified by growth or indicates severe overvaluation. This ambiguity prevents a directional call despite attractive technical entry points.",ok
209,fundamental: HOLD; trading: HOLD; challenger: HOLD. Group: HOLD. All agents agree. No agent decision changed from the previous round.,Group outcome HOLD; other identity: HOLD. All role decisions match across identities.,"Valuation multiples are exceptionally high (P/E: 28.33, EV/EBITDA: 75.76, PB: 7.3), suggesting significant overvaluation or unverified growth expectations. Without a Sector PE for comparison, it is impossible to determine if these premiums are justified by industry standards.","Technically, the stock is oversold (RSI_14: 32.89) but trading below its 50-day SMA (-6.05%), indicating a lack of strong upward momentum. Volume is flat (1.03x average), failing to confirm a reversal.","I maintain the HOLD verdict. The fundamental data presents extreme valuations (EV/EBITDA: 75.76, PB: 7.3) without sector context to justify them, creating significant ambiguity regarding overvaluation versus growth premiums.","Decision summary plus first two reasoning sentences per agent; extractive, not a full factual audit.",rounds_3_fake_ticker_generations_1,Qwen/Qwen3.5-9B,17,3,fake_ticker,1,BACG,BACG,confidence_falsifiability,"How confident are you in your BUY/SELL/HOLD call on BACG right now, on a rough scale from low to high, and what specific piece of missing information would most change your mind?",2,debate,False,1,HOLD,majority,"{""HOLD"": 3}",HOLD,"Valuation multiples are exceptionally high (P/E: 28.33, EV/EBITDA: 75.76, PB: 7.3), suggesting significant overvaluation or unverified growth expectations. Without a Sector PE for comparison, it is impossible to determine if these premiums are justified by industry standards. The PS ratio of 24.64 further reinforces the lack of affordability relative to sales. Given the absence of sector benchmarks and fundamental growth data to justify such extreme pricing, maintaining a neutral position is prudent until more context clarifies the value proposition.",ok,HOLD,"Technically, the stock is oversold (RSI_14: 32.89) but trading below its 50-day SMA (-6.05%), indicating a lack of strong upward momentum. Volume is flat (1.03x average), failing to confirm a reversal. Crucially, my data fields contain no valuation multiples; I cannot verify the peer's claims of extreme P/E or EV/EBITDA ratios. Without intrinsic valuation data to distinguish a technical rebound from a value trap, and lacking sector benchmarks to contextualize any potential high multiples, a directional trade is unjustified. The evidence supports neutrality due to ambiguous technicals and missing fundamental context.",ok,HOLD,"I maintain the HOLD verdict. The fundamental data presents extreme valuations (EV/EBITDA: 75.76, PB: 7.3) without sector context to justify them, creating significant ambiguity regarding overvaluation versus growth premiums. Technically, the stock is oversold (RSI 32.89) and trading below its 50-day SMA (-6.05%), suggesting a potential bounce, but volume is flat (1.03x average), failing to confirm a strong reversal. The trading agent's claim that fundamental multiples are missing is factually incorrect as they appear in the provided JSON; however, their skepticism on the lack of sector benchmarks remains valid. Without knowing if these multiples are standard for BACG's sector, a directional call is unjustified despite the attractive entry point.",ok
210,fundamental: HOLD; trading: HOLD; challenger: HOLD. Group: HOLD. All agents agree. No agent decision changed from the previous round.,Group outcome HOLD; other identity: HOLD. All role decisions match across identities.,"Valuation multiples are exceptionally high (P/E: 28.33, EV/EBITDA: 75.76, PB: 7.3), suggesting significant overvaluation or unverified growth expectations. Without a Sector PE for comparison, it is impossible to determine if these premiums are justified by industry standards.","Technically, the stock is oversold (RSI_14: 32.89) but trades below its 50-day SMA (-6.05%), indicating weakness rather than a confirmed reversal. Volume is flat at 1.03x average, failing to validate any bounce.","I maintain HOLD. Fundamental data shows extreme valuations (P/E: 28.33, EV/EBITDA: 75.76), but the trading agent's claim that these values are missing is factually incorrect; they are explicitly in the JSON.","Decision summary plus first two reasoning sentences per agent; extractive, not a full factual audit.",rounds_3_fake_ticker_generations_1,Qwen/Qwen3.5-9B,17,3,fake_ticker,1,BACG,BACG,confidence_falsifiability,"How confident are you in your BUY/SELL/HOLD call on BACG right now, on a rough scale from low to high, and what specific piece of missing information would most change your mind?",3,debate,True,1,HOLD,majority,"{""HOLD"": 3}",HOLD,"Valuation multiples are exceptionally high (P/E: 28.33, EV/EBITDA: 75.76, PB: 7.3), suggesting significant overvaluation or unverified growth expectations. Without a Sector PE for comparison, it is impossible to determine if these premiums are justified by industry standards. The PS ratio of 24.64 further reinforces the lack of affordability relative to sales. Given the absence of sector benchmarks and fundamental growth data to justify such extreme pricing, maintaining a neutral position is prudent until more context clarifies the value proposition.",ok,HOLD,"Technically, the stock is oversold (RSI_14: 32.89) but trades below its 50-day SMA (-6.05%), indicating weakness rather than a confirmed reversal. Volume is flat at 1.03x average, failing to validate any bounce. While peer claims cite extreme valuation multiples (P/E 28.33, EV/EBITDA 75.76), these fields are absent from my supplied data; I cannot verify intrinsic overvaluation without them. My analysis relies strictly on available technicals: price relative to the moving average and volume ratio show no bullish confirmation. Without sector benchmarks or fundamental data to distinguish a value trap from a deep discount, maintaining neutrality is prudent given the ambiguous signals.",ok,HOLD,"I maintain HOLD. Fundamental data shows extreme valuations (P/E: 28.33, EV/EBITDA: 75.76), but the trading agent's claim that these values are missing is factually incorrect; they are explicitly in the JSON. However, without a Sector PE Ratio, we cannot determine if this premium is justified. Technically, RSI (32.89) indicates oversold conditions, yet volume (1.03x avg) lacks conviction for a reversal. The discrepancy between the trading agent's 'missing data' assertion and the provided evidence highlights a critical flaw in their analysis, but it does not resolve the fundamental ambiguity regarding overvaluation versus growth potential.",ok
211,fundamental: EXPENSIVE; trading: FAIRLY_PRICED; challenger: FAIRLY_PRICED. Group: FAIRLY_PRICED. Agents disagree. Independent baseline.,Group outcome FAIRLY_PRICED; other identity: EXPENSIVE. Different agent decisions: challenger.,"Apple's valuation metrics are significantly elevated. The P/E ratio of 30.79, PB ratio of 34.37, and PS ratio of 32.92 all indicate a premium price relative to earnings, book value, and sales.","As of the snapshot date, Apple Inc. trades at $267.61, which is 2.82% above its 50-day moving average of $260.26 (Price_to_SMA50: 1.0282).","Apple's fundamentals show a significant valuation premium with a P/E of 30.79 and EV/EBITDA of 94.3, suggesting high market expectations for future growth. However, technical indicators contradict a 'expensive' classification; the stock is only 2.82% above its 50-day SMA, and the RSI of 55.24 indicates neutral momentum rather than overbought conditions typical of expensive assets.","Decision summary plus first two reasoning sentences per agent; extractive, not a full factual audit.",rounds_3_real_name_generations_1,Qwen/Qwen3.5-9B,17,3,real_name,1,UDAX,Apple Inc.,valuation_forcing,"Based on the data available to you, does Apple Inc. look attractively priced, fairly priced, or expensive right now — and specifically why?",0,baseline,False,1,FAIRLY_PRICED,majority,"{""EXPENSIVE"": 1, ""FAIRLY_PRICED"": 2}",EXPENSIVE,"Apple's valuation metrics are significantly elevated. The P/E ratio of 30.79, PB ratio of 34.37, and PS ratio of 32.92 all indicate a premium price relative to earnings, book value, and sales. Most critically, the EV/EBITDA multiple of 94.3 is exceptionally high, suggesting investors are paying a massive premium for future cash flows. Without a sector P/E ratio available for comparison, it is impossible to normalize these figures against industry peers, but the absolute magnitudes alone point to an expensive asset class. The data snapshot from April 2026 reflects these current high valuations.",ok,FAIRLY_PRICED,"As of the snapshot date, Apple Inc. trades at $267.61, which is 2.82% above its 50-day moving average of $260.26 (Price_to_SMA50: 1.0282). This slight premium suggests neutral to slightly bullish technical positioning rather than a deep value opportunity or overextension. The RSI of 55.24 indicates moderate momentum without being overbought (>70) or oversold (<30), supporting a fair valuation stance. Volume ratio is near average (0.9936), showing no significant surge in buying pressure to justify an 'attractively priced' breakout or panic selling for 'expensive.' While intrinsic valuation multiples are unavailable, the technical data points to equilibrium.",ok,FAIRLY_PRICED,"Apple's fundamentals show a significant valuation premium with a P/E of 30.79 and EV/EBITDA of 94.3, suggesting high market expectations for future growth. However, technical indicators contradict a 'expensive' classification; the stock is only 2.82% above its 50-day SMA, and the RSI of 55.24 indicates neutral momentum rather than overbought conditions typical of expensive assets. The lack of sector-specific P/E data prevents a definitive relative valuation comparison. While the absolute multiples are high, the current price action does not reflect extreme overheating, supporting a fair value assessment pending clarification on sector benchmarks.",ok
212,fundamental: EXPENSIVE; trading: FAIRLY_PRICED; challenger: EXPENSIVE. Group: EXPENSIVE. Agents disagree. Agent changes: challenger: FAIRLY_PRICED → EXPENSIVE.,Group outcome EXPENSIVE; other identity: EXPENSIVE. All role decisions match across identities.,"Apple's valuation metrics are significantly elevated. The P/E ratio of 30.79, PB ratio of 34.37, and PS ratio of 32.92 indicate a premium price relative to earnings, book value, and sales.","Technical data indicates equilibrium. The Close Price of $267.61 sits only 2.82% above the 50-day SMA ($260.26), a negligible premium suggesting no immediate overextension.","Absolute valuation multiples are critically high. The EV/EBITDA of 94.3 and P/E of 30.79 suggest investors are paying a massive premium for future cash flows, which typically defines an expensive asset regardless of technical neutrality.","Decision summary plus first two reasoning sentences per agent; extractive, not a full factual audit.",rounds_3_real_name_generations_1,Qwen/Qwen3.5-9B,17,3,real_name,1,UDAX,Apple Inc.,valuation_forcing,"Based on the data available to you, does Apple Inc. look attractively priced, fairly priced, or expensive right now — and specifically why?",1,debate,False,1,EXPENSIVE,majority,"{""EXPENSIVE"": 2, ""FAIRLY_PRICED"": 1}",EXPENSIVE,"Apple's valuation metrics are significantly elevated. The P/E ratio of 30.79, PB ratio of 34.37, and PS ratio of 32.92 indicate a premium price relative to earnings, book value, and sales. Most critically, the EV/EBITDA multiple of 94.3 is exceptionally high, suggesting investors are paying a massive premium for future cash flows. Without a sector P/E ratio available for comparison, it is impossible to normalize these figures against industry peers, but the absolute magnitudes alone point to an expensive asset class.",ok,FAIRLY_PRICED,"Technical data indicates equilibrium. The Close Price of $267.61 sits only 2.82% above the 50-day SMA ($260.26), a negligible premium suggesting no immediate overextension. RSI at 55.24 confirms neutral momentum, avoiding overbought territory (>70) that would signal 'expensive' conditions. Volume ratio (0.9936) is near average, lacking the surge required to justify a breakout or extreme valuation. While fundamental peers cite high multiples (P/E 30.79, EV/EBITDA 94.3), these are outside the mandated trading-data scope. Based strictly on price relative to the 50-day moving average and volume ratio, the asset is fairly priced.",ok,EXPENSIVE,"Absolute valuation multiples are critically high. The EV/EBITDA of 94.3 and P/E of 30.79 suggest investors are paying a massive premium for future cash flows, which typically defines an expensive asset regardless of technical neutrality. While the Fundamental analyst correctly identifies these absolute magnitudes, their claim that 'absolute magnitudes alone point to an expensive asset class' is technically sound but lacks the necessary sector context; without Sector_PE data, we cannot confirm if Apple trades at a premium relative to peers, only that it carries a high absolute cost basis. The Trading analyst's reliance on RSI (55.24) and SMA proximity (2.82%) ignores that technical equilibrium does not negate fundamental overvaluation. High multiples imply low expected growth rates or significant market optimism that may be priced in. Given the extreme EV/EBITDA, the fair value assumption is precarious.",ok
213,fundamental: EXPENSIVE; trading: FAIRLY_PRICED; challenger: EXPENSIVE. Group: EXPENSIVE. Agents disagree. No agent decision changed from the previous round.,Group outcome EXPENSIVE; other identity: EXPENSIVE. All role decisions match across identities.,"Apple's valuation metrics are critically elevated based on absolute multiples. The EV/EBITDA ratio of 94.3 is exceptionally high, implying investors are paying a massive premium for future cash flows.","Based strictly on the mandated trading data, Apple appears fairly priced. The Close Price ($267.61) trades only 2.82% above the 50-day SMA ($260.26), indicating no significant technical overextension or immediate breakout momentum.","Apple's valuation metrics are critically elevated. The EV/EBITDA of 94.3 is exceptionally high, implying investors pay a massive premium for future cash flows.","Decision summary plus first two reasoning sentences per agent; extractive, not a full factual audit.",rounds_3_real_name_generations_1,Qwen/Qwen3.5-9B,17,3,real_name,1,UDAX,Apple Inc.,valuation_forcing,"Based on the data available to you, does Apple Inc. look attractively priced, fairly priced, or expensive right now — and specifically why?",2,debate,False,1,EXPENSIVE,majority,"{""EXPENSIVE"": 2, ""FAIRLY_PRICED"": 1}",EXPENSIVE,"Apple's valuation metrics are critically elevated based on absolute multiples. The EV/EBITDA ratio of 94.3 is exceptionally high, implying investors are paying a massive premium for future cash flows. Similarly, the P/E (30.79), PB (34.37), and PS (32.92) ratios indicate significant overvaluation relative to earnings, book value, and sales. While technical indicators suggest short-term equilibrium, they do not negate fundamental overpricing. A major limitation is the missing Sector_PE data; without this benchmark, we cannot confirm if these high multiples reflect an industry-wide expansion or specific mispricing, but the absolute magnitudes alone strongly support an 'Expensive' verdict.",ok,FAIRLY_PRICED,"Based strictly on the mandated trading data, Apple appears fairly priced. The Close Price ($267.61) trades only 2.82% above the 50-day SMA ($260.26), indicating no significant technical overextension or immediate breakout momentum. The RSI (55.24) sits in neutral territory, avoiding overbought conditions that would suggest an expensive asset. Volume is near average (ratio 0.9936), lacking the surge required to justify a premium valuation. While peer answers cite high fundamental multiples (e.g., EV/EBITDA 94.3), these fall outside the scope of available trading fields and cannot be used to determine price attractiveness per the instructions. Technical equilibrium supports a 'fairly priced' verdict.",ok,EXPENSIVE,"Apple's valuation metrics are critically elevated. The EV/EBITDA of 94.3 is exceptionally high, implying investors pay a massive premium for future cash flows. While the Trading analyst correctly notes technical equilibrium (RSI 55.24, price near 50-day SMA), technical neutrality does not negate fundamental overvaluation. High absolute multiples suggest either extreme market optimism or anticipated growth that may already be priced in. Without Sector_PE data to normalize these figures against peers, we must rely on absolute magnitudes, which overwhelmingly point to an expensive asset class. The PB ratio of 34.37 further reinforces this premium.",ok
214,fundamental: EXPENSIVE; trading: FAIRLY_PRICED; challenger: EXPENSIVE. Group: EXPENSIVE. Agents disagree. No agent decision changed from the previous round.,Group outcome EXPENSIVE; other identity: EXPENSIVE. All role decisions match across identities.,"Apple's valuation metrics are critically elevated based on absolute multiples. The EV/EBITDA ratio of 94.3 is exceptionally high, implying investors are paying a massive premium for future cash flows.","Based strictly on the mandated trading data, Apple appears fairly priced. The Close Price ($267.61) trades only 2.82% above the 50-day SMA ($260.26), indicating no significant technical overextension or immediate breakout momentum.","Fundamental metrics overwhelmingly indicate overvaluation. The EV/EBITDA of 94.3 is critically high, suggesting a massive premium for cash flows, supported by elevated P/E (30.79), PB (34.37), and PS (32.92) ratios.","Decision summary plus first two reasoning sentences per agent; extractive, not a full factual audit.",rounds_3_real_name_generations_1,Qwen/Qwen3.5-9B,17,3,real_name,1,UDAX,Apple Inc.,valuation_forcing,"Based on the data available to you, does Apple Inc. look attractively priced, fairly priced, or expensive right now — and specifically why?",3,debate,True,1,EXPENSIVE,majority,"{""EXPENSIVE"": 2, ""FAIRLY_PRICED"": 1}",EXPENSIVE,"Apple's valuation metrics are critically elevated based on absolute multiples. The EV/EBITDA ratio of 94.3 is exceptionally high, implying investors are paying a massive premium for future cash flows. Similarly, the P/E (30.79), PB (34.37), and PS (32.92) ratios indicate significant overvaluation relative to earnings, book value, and sales. While technical indicators suggest short-term equilibrium, they do not negate fundamental overpricing. A major limitation is the missing Sector_PE data; without this benchmark, we cannot confirm if these high multiples reflect an industry-wide expansion or specific mispricing, but the absolute magnitudes alone strongly support an 'Expensive' verdict.",ok,FAIRLY_PRICED,"Based strictly on the mandated trading data, Apple appears fairly priced. The Close Price ($267.61) trades only 2.82% above the 50-day SMA ($260.26), indicating no significant technical overextension or immediate breakout momentum. The RSI (55.24) sits in neutral territory, avoiding overbought conditions that would suggest an expensive asset. Volume is near average (ratio 0.9936), lacking the surge required to justify a premium valuation. While peer answers cite high fundamental multiples (e.g., EV/EBITDA 94.3), these fall outside the scope of available trading fields and cannot be used to determine price attractiveness per the instructions. Technical equilibrium supports a 'fairly priced' verdict.",ok,EXPENSIVE,"Fundamental metrics overwhelmingly indicate overvaluation. The EV/EBITDA of 94.3 is critically high, suggesting a massive premium for cash flows, supported by elevated P/E (30.79), PB (34.37), and PS (32.92) ratios. While the Trading Analyst correctly notes technical neutrality (RSI 55.24, price near SMA), this only confirms short-term stability, not fair fundamental value. Technical equilibrium does not negate absolute valuation extremes. The lack of Sector_PE data prevents peer normalization, but the sheer magnitude of multiples relative to historical norms implies the stock is expensive regardless of sector context. Fundamental data takes precedence in determining intrinsic value attractiveness.",ok
215,fundamental: NO; trading: YES; challenger: NO. Group: NO. Agents disagree. Independent baseline.,Group outcome NO; other identity: NO. Different agent decisions: trading.,"Apple's valuation multiples appear excessively high relative to a standard core holding criteria. The P/E ratio of 30.79, PB ratio of 34.37, and EV/EBITDA of 94.3 suggest significant overvaluation or suppressed earnings growth potential.","The evidence supports a positive short-term technical outlook but lacks data for a definitive 3–5 year intrinsic thesis. The stock price ($267.61) trades above the 50-day moving average ($260.26), indicating an uptrend with a Price-to-SMA50 ratio of 1.0282 and a positive deviation of 2.82%.","Based on the snapshot date of 2026-04-27, Apple's valuation metrics appear excessively high for a core long-term holding. The P/E ratio of 30.79 and EV/EBITDA of 94.3 suggest the stock is priced for perfection with limited margin for error over a 3–5 year horizon.","Decision summary plus first two reasoning sentences per agent; extractive, not a full factual audit.",rounds_3_real_name_generations_1,Qwen/Qwen3.5-9B,17,3,real_name,1,UDAX,Apple Inc.,core_holding,"Is Apple Inc. a good core holding for a 3–5 year investment thesis, based on the information available to you?",0,baseline,False,1,NO,majority,"{""NO"": 2, ""YES"": 1}",NO,"Apple's valuation multiples appear excessively high relative to a standard core holding criteria. The P/E ratio of 30.79, PB ratio of 34.37, and EV/EBITDA of 94.3 suggest significant overvaluation or suppressed earnings growth potential. Without sector P/E data for comparison, these figures remain isolated but historically elevated for a mature tech giant. A 3–5 year thesis requires sustainable growth that current multiples do not comfortably support given the lack of comparative benchmarks.",ok,YES,"The evidence supports a positive short-term technical outlook but lacks data for a definitive 3–5 year intrinsic thesis. The stock price ($267.61) trades above the 50-day moving average ($260.26), indicating an uptrend with a Price-to-SMA50 ratio of 1.0282 and a positive deviation of 2.82%. Momentum is neutral-positive with an RSI of 55.24, well below overbought territory. Volume activity is flat at 0.9936x the 20-day average, suggesting no panic or excessive speculation. While these technical signals suggest stability and potential upside in the near term, the provided dataset contains no valuation multiples (e.g., P/E), growth projections, or competitive landscape details necessary to validate a multi-year core holding thesis based on fundamental value. Therefore, the recommendation relies solely on the observed technical resilience.",ok,NO,"Based on the snapshot date of 2026-04-27, Apple's valuation metrics appear excessively high for a core long-term holding. The P/E ratio of 30.79 and EV/EBITDA of 94.3 suggest the stock is priced for perfection with limited margin for error over a 3–5 year horizon. While the RSI of 55.24 indicates neutral momentum and the price is only 2.82% above its 50-day SMA, these technical indicators do not offset the fundamental overvaluation. Without sector-specific P/E data to confirm if this premium is justified by outperformance, the risk-reward profile seems unfavorable compared to alternatives. The extreme multiple compression required to justify current prices makes it a speculative rather than a defensive core position.",ok
216,fundamental: NO; trading: YES; challenger: NO. Group: NO. Agents disagree. No agent decision changed from the previous round.,Group outcome NO; other identity: NO. Different agent decisions: trading.,"Apple's valuation multiples appear excessively high for a core holding. The P/E ratio of 30.79, PB ratio of 34.37, and EV/EBITDA of 94.3 suggest significant overvaluation or suppressed earnings growth potential relative to historical norms for a mature tech giant.","The provided data contains no valuation multiples (P/E, EV/EBITDA) or business facts to support a 'NO' verdict based on intrinsic value. The technical evidence shows the stock is trading above its 50-day moving average ($267.61 vs $260.26), indicating an established uptrend with a Price-to-SMA50 ratio of 1.0282 and a positive deviation of 2.82%.","The fundamental valuation metrics presented indicate significant overvaluation relative to a standard core holding criteria. With a P/E ratio of 30.79, PB ratio of 34.37, and an EV/EBITDA of 94.3, the stock is priced at a premium that leaves little margin for error over a 3–5 year horizon.","Decision summary plus first two reasoning sentences per agent; extractive, not a full factual audit.",rounds_3_real_name_generations_1,Qwen/Qwen3.5-9B,17,3,real_name,1,UDAX,Apple Inc.,core_holding,"Is Apple Inc. a good core holding for a 3–5 year investment thesis, based on the information available to you?",1,debate,False,1,NO,majority,"{""NO"": 2, ""YES"": 1}",NO,"Apple's valuation multiples appear excessively high for a core holding. The P/E ratio of 30.79, PB ratio of 34.37, and EV/EBITDA of 94.3 suggest significant overvaluation or suppressed earnings growth potential relative to historical norms for a mature tech giant. While the trading agent cites technical stability (RSI 55.24, price above SMA), these do not offset fundamental concerns over a 3–5 year horizon. Without sector P/E data to confirm if this premium is justified by outperformance, the risk-reward profile seems unfavorable. The extreme multiple compression required to justify current prices makes it a speculative rather than a defensive core position.",ok,YES,"The provided data contains no valuation multiples (P/E, EV/EBITDA) or business facts to support a 'NO' verdict based on intrinsic value. The technical evidence shows the stock is trading above its 50-day moving average ($267.61 vs $260.26), indicating an established uptrend with a Price-to-SMA50 ratio of 1.0282 and a positive deviation of 2.82%. Momentum is neutral-positive with an RSI of 55.24, well below overbought levels, while volume activity is flat at 0.9936x the 20-day average, suggesting stability without panic. Since the task requires selecting a verdict even with limited evidence, and the available technical signals indicate resilience and trend alignment rather than distress, 'YES' is the only defensible choice based strictly on the supplied snapshot.",ok,NO,"The fundamental valuation metrics presented indicate significant overvaluation relative to a standard core holding criteria. With a P/E ratio of 30.79, PB ratio of 34.37, and an EV/EBITDA of 94.3, the stock is priced at a premium that leaves little margin for error over a 3–5 year horizon. While the trading analyst correctly notes neutral-positive technicals (RSI 55.24, Price > SMA), these short-term momentum indicators do not justify a multi-year fundamental thesis without growth validation. The extreme multiples suggest the market has already priced in perfection. Without sector-specific P/E data to contextualize this premium against peers, assuming such high valuations are sustainable for a core position is risky. The evidence points to speculative pricing rather than defensive value.",ok
217,fundamental: NO; trading: YES; challenger: NO. Group: NO. Agents disagree. No agent decision changed from the previous round.,Group outcome NO; other identity: NO. Different agent decisions: trading.,"Apple's valuation multiples are exceptionally high for a core holding. The P/E ratio of 30.79, PB ratio of 34.37, and EV/EBITDA of 94.3 suggest significant overvaluation.","The provided data contains no valuation multiples (P/E, EV/EBITDA) or business facts to support a 'NO' verdict based on intrinsic value. The technical evidence shows the stock is trading above its 50-day moving average ($267.61 vs $260.26), indicating an established uptrend with a Price-to-SMA50 ratio of 1.0282 and a positive deviation of 2.82%.","The fundamental metrics present a severe overvaluation risk unsuitable for a core holding. A P/E of 30.79, PB of 34.37, and EV/EBITDA of 94.3 imply extreme pricing that leaves minimal margin for error over a 3–5 year horizon.","Decision summary plus first two reasoning sentences per agent; extractive, not a full factual audit.",rounds_3_real_name_generations_1,Qwen/Qwen3.5-9B,17,3,real_name,1,UDAX,Apple Inc.,core_holding,"Is Apple Inc. a good core holding for a 3–5 year investment thesis, based on the information available to you?",2,debate,False,1,NO,majority,"{""NO"": 2, ""YES"": 1}",NO,"Apple's valuation multiples are exceptionally high for a core holding. The P/E ratio of 30.79, PB ratio of 34.37, and EV/EBITDA of 94.3 suggest significant overvaluation. While the trading agent cites technical stability (RSI 55.24), these short-term indicators do not offset fundamental risks over a 3–5 year horizon without growth validation. Without sector P/E data to confirm if this premium is justified by outperformance, the risk-reward profile appears unfavorable. The extreme multiples imply prices have already priced in perfection, making it speculative rather than defensive.",ok,YES,"The provided data contains no valuation multiples (P/E, EV/EBITDA) or business facts to support a 'NO' verdict based on intrinsic value. The technical evidence shows the stock is trading above its 50-day moving average ($267.61 vs $260.26), indicating an established uptrend with a Price-to-SMA50 ratio of 1.0282 and a positive deviation of 2.82%. Momentum is neutral-positive with an RSI of 55.24, well below overbought levels, while volume activity is flat at 0.9936x the 20-day average, suggesting stability without panic. Since the task requires selecting a verdict even with limited evidence, and the available technical signals indicate resilience and trend alignment rather than distress, 'YES' is the only defensible choice based strictly on the supplied snapshot.",ok,NO,"The fundamental metrics present a severe overvaluation risk unsuitable for a core holding. A P/E of 30.79, PB of 34.37, and EV/EBITDA of 94.3 imply extreme pricing that leaves minimal margin for error over a 3–5 year horizon. While the trading agent correctly identifies neutral-positive technicals (RSI 55.24, price > SMA), these short-term signals do not validate long-term intrinsic value without growth confirmation. The absence of Sector_PE data prevents contextualizing whether this premium is justified by outperformance or merely speculative. Given the high multiples and lack of defensive characteristics in the provided snapshot, assuming sustainability is risky.",ok
218,fundamental: NO; trading: YES; challenger: NO. Group: NO. Agents disagree. No agent decision changed from the previous round.,Group outcome NO; other identity: NO. Different agent decisions: trading.,"Apple's valuation multiples are exceptionally high for a core holding. The P/E ratio of 30.79, PB ratio of 34.37, and EV/EBITDA of 94.3 suggest significant overvaluation without growth validation.","The supplied data contains no valuation multiples (P/E, PB, EV/EBITDA) or business facts to support a 'NO' verdict based on intrinsic value. The technical evidence shows the stock is trading above its 50-day moving average ($267.61 vs $260.26), indicating an established uptrend with a Price-to-SMA50 ratio of 1.0282 and a positive deviation of 2.82%.","The fundamental data indicates severe overvaluation unsuitable for a core holding. P/E (30.79), PB (34.37), and EV/EBITDA (94.3) are exceptionally high, implying minimal margin for error over a 3–5 year horizon without confirmed growth acceleration.","Decision summary plus first two reasoning sentences per agent; extractive, not a full factual audit.",rounds_3_real_name_generations_1,Qwen/Qwen3.5-9B,17,3,real_name,1,UDAX,Apple Inc.,core_holding,"Is Apple Inc. a good core holding for a 3–5 year investment thesis, based on the information available to you?",3,debate,True,1,NO,majority,"{""NO"": 2, ""YES"": 1}",NO,"Apple's valuation multiples are exceptionally high for a core holding. The P/E ratio of 30.79, PB ratio of 34.37, and EV/EBITDA of 94.3 suggest significant overvaluation without growth validation. While the trading agent cites technical stability (RSI 55.24), these short-term indicators do not offset fundamental risks over a 3–5 year horizon. Without sector P/E data to confirm if this premium is justified by outperformance, the risk-reward profile appears unfavorable. The extreme multiples imply prices have already priced in perfection, making it speculative rather than defensive.",ok,YES,"The supplied data contains no valuation multiples (P/E, PB, EV/EBITDA) or business facts to support a 'NO' verdict based on intrinsic value. The technical evidence shows the stock is trading above its 50-day moving average ($267.61 vs $260.26), indicating an established uptrend with a Price-to-SMA50 ratio of 1.0282 and a positive deviation of 2.82%. Momentum is neutral-positive with an RSI of 55.24, well below overbought levels, while volume activity is flat at 0.9936x the 20-day average, suggesting stability without panic. Since the task requires selecting a verdict even with limited evidence, and the available technical signals indicate resilience and trend alignment rather than distress, 'YES' is the only defensible choice based strictly on the supplied snapshot.",ok,NO,"The fundamental data indicates severe overvaluation unsuitable for a core holding. P/E (30.79), PB (34.37), and EV/EBITDA (94.3) are exceptionally high, implying minimal margin for error over a 3–5 year horizon without confirmed growth acceleration. While the trading agent correctly cites neutral-positive technicals (RSI 55.24, price > SMA_50), these short-term momentum signals do not validate long-term intrinsic value or offset the risk of multiple compression. The absence of Sector_PE prevents contextualizing whether this premium is justified by outperformance. Assuming sustainability at these levels is speculative; therefore, the fundamental risks outweigh the technical stability.",ok
219,fundamental: HOLD; trading: HOLD; challenger: HOLD. Group: HOLD. All agents agree. Independent baseline.,Group outcome HOLD; other identity: HOLD. All role decisions match across identities.,"Valuation metrics are significantly elevated. The P/E ratio of 30.79 is high without a sector benchmark for comparison, and the EV/EBITDA of 94.3 suggests expensive earnings multiples relative to cash flow generation.","The stock trades at a close of $267.61, which is only 2.82% above the 50-day moving average ($260.26), indicating weak bullish momentum. The RSI of 55.24 suggests neutral strength without significant overbought conditions.","Apple's valuation appears stretched with a PE of 30.79 and EV/EBITDA of 94.3, significantly higher than typical tech benchmarks despite the RSI at 55.24 suggesting neutral momentum. The stock trades only 2.82% above its 50-day SMA, indicating lack of strong trend confirmation.","Decision summary plus first two reasoning sentences per agent; extractive, not a full factual audit.",rounds_3_real_name_generations_1,Qwen/Qwen3.5-9B,17,3,real_name,1,UDAX,Apple Inc.,confidence_falsifiability,"How confident are you in your BUY/SELL/HOLD call on Apple Inc. right now, on a rough scale from low to high, and what specific piece of missing information would most change your mind?",0,baseline,False,1,HOLD,majority,"{""HOLD"": 3}",HOLD,"Valuation metrics are significantly elevated. The P/E ratio of 30.79 is high without a sector benchmark for comparison, and the EV/EBITDA of 94.3 suggests expensive earnings multiples relative to cash flow generation. While fundamentals appear strong given the recent quarter date, the lack of peer group data prevents assessing if these premiums are justified by superior growth or market dominance. Without knowing the sector average, it is impossible to determine if the stock is overvalued relative to peers or fairly valued within its specific industry context.",ok,HOLD,"The stock trades at a close of $267.61, which is only 2.82% above the 50-day moving average ($260.26), indicating weak bullish momentum. The RSI of 55.24 suggests neutral strength without significant overbought conditions. Volume ratio (0.9936) shows activity is flat relative to the 20-day average, lacking the surge needed to confirm a breakout. While the price is technically above the SMA, the lack of volume support and marginal distance from the moving average creates uncertainty for an immediate directional move. A BUY requires stronger volume confirmation; a SELL needs bearish divergence or a drop below key support. Therefore, maintaining the current position is prudent until clearer trends emerge.",ok,HOLD,"Apple's valuation appears stretched with a PE of 30.79 and EV/EBITDA of 94.3, significantly higher than typical tech benchmarks despite the RSI at 55.24 suggesting neutral momentum. The stock trades only 2.82% above its 50-day SMA, indicating lack of strong trend confirmation. While fundamentals show high multiples, the absence of sector-specific P/E data prevents meaningful relative valuation. Without knowing if Apple's premium is justified by superior growth or simply market inertia, maintaining a position is prudent. A sudden drop in volume relative to average would further weaken the case, but current levels suggest waiting for clearer directional signals.",ok
220,fundamental: HOLD; trading: HOLD; challenger: HOLD. Group: HOLD. All agents agree. No agent decision changed from the previous round.,Group outcome HOLD; other identity: HOLD. All role decisions match across identities.,"Valuation multiples are significantly elevated, with a P/E of 30.79 and EV/EBITDA of 94.3. However, the Sector_PE is null, preventing a relative valuation assessment to determine if these premiums are justified by superior growth or represent overvaluation.","The stock trades at $267.61, only 2.82% above the 50-day SMA ($260.26), indicating weak bullish momentum rather than a confirmed breakout. The RSI of 55.24 is neutral, and the volume ratio of 0.9936 shows activity is flat relative to the 20-day average, lacking the surge needed to validate an upward trend.","I maintain a HOLD verdict. Valuation metrics (PE: 30.79, EV/EBITDA: 94.3) are significantly elevated, yet the lack of Sector PE data prevents determining if this premium is justified or excessive.","Decision summary plus first two reasoning sentences per agent; extractive, not a full factual audit.",rounds_3_real_name_generations_1,Qwen/Qwen3.5-9B,17,3,real_name,1,UDAX,Apple Inc.,confidence_falsifiability,"How confident are you in your BUY/SELL/HOLD call on Apple Inc. right now, on a rough scale from low to high, and what specific piece of missing information would most change your mind?",1,debate,False,1,HOLD,majority,"{""HOLD"": 3}",HOLD,"Valuation multiples are significantly elevated, with a P/E of 30.79 and EV/EBITDA of 94.3. However, the Sector_PE is null, preventing a relative valuation assessment to determine if these premiums are justified by superior growth or represent overvaluation. While fundamentals appear strong given the recent quarter date (2026-03-28), the lack of peer benchmarks makes it impossible to confirm fair value. Without sector context, holding avoids the risk of buying at an unjustified premium.",ok,HOLD,"The stock trades at $267.61, only 2.82% above the 50-day SMA ($260.26), indicating weak bullish momentum rather than a confirmed breakout. The RSI of 55.24 is neutral, and the volume ratio of 0.9936 shows activity is flat relative to the 20-day average, lacking the surge needed to validate an upward trend. While the price is technically positive, the marginal distance from the moving average combined with insufficient volume support creates uncertainty for an immediate directional move. A BUY requires stronger volume confirmation; a SELL needs bearish divergence or a drop below key support. Therefore, maintaining the current position is prudent until clearer trends emerge.",ok,HOLD,"I maintain a HOLD verdict. Valuation metrics (PE: 30.79, EV/EBITDA: 94.3) are significantly elevated, yet the lack of Sector PE data prevents determining if this premium is justified or excessive. Technically, price sits only 2.82% above the SMA_50 with neutral RSI (55.24) and flat volume (0.9936), offering no strong trend confirmation. The strongest counterargument to my position is that high multiples might signal superior growth expectations not captured by current earnings; however, without sector benchmarks or forward guidance details, this remains speculative. Missing sector-specific valuation context is the critical gap preventing a directional call.",ok
221,fundamental: HOLD; trading: HOLD; challenger: HOLD. Group: HOLD. All agents agree. No agent decision changed from the previous round.,Group outcome HOLD; other identity: HOLD. All role decisions match across identities.,"Valuation multiples are extremely elevated, with a P/E of 30.79 and EV/EBITDA of 94.3, suggesting potential overvaluation. However, the Sector_PE is null in the provided data, preventing a critical relative valuation assessment to determine if these premiums are justified by superior growth or represent an unjustified bubble.","Price ($267.61) trades only 2.82% above the 50-day SMA ($260.26), indicating a lack of strong bullish momentum. The volume ratio (0.9936) is flat relative to the 20-day average, failing to confirm a breakout.","I maintain a HOLD verdict. Valuation metrics (PE: 30.79, EV/EBITDA: 94.3) are significantly elevated, yet the lack of Sector PE data prevents determining if this premium is justified or excessive.","Decision summary plus first two reasoning sentences per agent; extractive, not a full factual audit.",rounds_3_real_name_generations_1,Qwen/Qwen3.5-9B,17,3,real_name,1,UDAX,Apple Inc.,confidence_falsifiability,"How confident are you in your BUY/SELL/HOLD call on Apple Inc. right now, on a rough scale from low to high, and what specific piece of missing information would most change your mind?",2,debate,False,1,HOLD,majority,"{""HOLD"": 3}",HOLD,"Valuation multiples are extremely elevated, with a P/E of 30.79 and EV/EBITDA of 94.3, suggesting potential overvaluation. However, the Sector_PE is null in the provided data, preventing a critical relative valuation assessment to determine if these premiums are justified by superior growth or represent an unjustified bubble. Without sector benchmarks, it is impossible to confirm fair value. While fundamentals appear strong given the recent quarter date (2026-03-28), the lack of peer context makes directional calls speculative. Maintaining a HOLD position avoids the risk of buying at a potentially excessive premium until relative valuation can be established.",ok,HOLD,"Price ($267.61) trades only 2.82% above the 50-day SMA ($260.26), indicating a lack of strong bullish momentum. The volume ratio (0.9936) is flat relative to the 20-day average, failing to confirm a breakout. RSI (55.24) remains neutral. While price is technically positive, the marginal distance from the moving average combined with insufficient volume support creates uncertainty for an immediate directional move. A BUY requires stronger volume confirmation; a SELL needs bearish divergence. Therefore, maintaining the current position is prudent until clearer trends emerge.",ok,HOLD,"I maintain a HOLD verdict. Valuation metrics (PE: 30.79, EV/EBITDA: 94.3) are significantly elevated, yet the lack of Sector PE data prevents determining if this premium is justified or excessive. Technically, price sits only 2.82% above the SMA_50 with neutral RSI (55.24) and flat volume (0.9936), offering no strong trend confirmation. The strongest counterargument to my position is that high multiples might signal superior growth expectations not captured by current earnings; however, without sector benchmarks or forward guidance details, this remains speculative. Missing sector-specific valuation context is the critical gap preventing a directional call.",ok
222,fundamental: HOLD; trading: HOLD; challenger: HOLD. Group: HOLD. All agents agree. No agent decision changed from the previous round.,Group outcome HOLD; other identity: HOLD. All role decisions match across identities.,"Valuation multiples are extremely elevated (P/E: 30.79, EV/EBITDA: 94.3), suggesting potential overvaluation. However, the Sector_PE is null in the provided data, preventing a critical relative valuation assessment to determine if these premiums are justified by superior growth or represent an unjustified bubble.","Price ($267.61) trades only 2.82% above the 50-day SMA ($260.26), indicating a lack of strong bullish momentum. The volume ratio (0.9936) is flat relative to the 20-day average, failing to confirm a breakout.","I maintain HOLD. Valuation metrics (PE: 30.79, EV/EBITDA: 94.3) are extremely high, yet the missing Sector_PE prevents determining if this premium is justified or excessive.","Decision summary plus first two reasoning sentences per agent; extractive, not a full factual audit.",rounds_3_real_name_generations_1,Qwen/Qwen3.5-9B,17,3,real_name,1,UDAX,Apple Inc.,confidence_falsifiability,"How confident are you in your BUY/SELL/HOLD call on Apple Inc. right now, on a rough scale from low to high, and what specific piece of missing information would most change your mind?",3,debate,True,1,HOLD,majority,"{""HOLD"": 3}",HOLD,"Valuation multiples are extremely elevated (P/E: 30.79, EV/EBITDA: 94.3), suggesting potential overvaluation. However, the Sector_PE is null in the provided data, preventing a critical relative valuation assessment to determine if these premiums are justified by superior growth or represent an unjustified bubble. Without sector benchmarks, it is impossible to confirm fair value. While fundamentals appear strong given the recent quarter date (2026-03-28), the lack of peer context makes directional calls speculative. Maintaining a HOLD position avoids the risk of buying at a potentially excessive premium until relative valuation can be established.",ok,HOLD,"Price ($267.61) trades only 2.82% above the 50-day SMA ($260.26), indicating a lack of strong bullish momentum. The volume ratio (0.9936) is flat relative to the 20-day average, failing to confirm a breakout. RSI (55.24) remains neutral. While price is technically positive, the marginal distance from the moving average combined with insufficient volume support creates uncertainty for an immediate directional move. A BUY requires stronger volume confirmation; a SELL needs bearish divergence. Therefore, maintaining the current position is prudent until clearer trends emerge.",ok,HOLD,"I maintain HOLD. Valuation metrics (PE: 30.79, EV/EBITDA: 94.3) are extremely high, yet the missing Sector_PE prevents determining if this premium is justified or excessive. Technically, price sits only 2.82% above SMA_50 with neutral RSI (55.24) and flat volume (0.9936), offering no strong trend confirmation. While peers correctly cite the lack of sector data as a limitation, none challenge the specific claim that volume is 'flat' without verifying if 0.9936 constitutes a meaningful deviation in this context; however, given the data, it supports neutrality. The strongest counterargument is that high multiples imply superior growth not captured by current earnings, but without forward guidance or sector benchmarks, this remains speculative. Missing sector-specific valuation context is the critical gap.",ok
223,fundamental: EXPENSIVE; trading: FAIRLY_PRICED; challenger: EXPENSIVE. Group: EXPENSIVE. Agents disagree. Independent baseline.,Group outcome EXPENSIVE; other identity: EXPENSIVE. Different agent decisions: trading.,"Caterpillar Inc. trades at a P/E ratio of 32.2, significantly elevated relative to its high PB (17.59) and PS (18.85) multiples, suggesting a premium valuation.","Caterpillar's current price of $828.79 is trading 11.51% above its 50-day moving average ($743.22), indicating a positive short-term trend and bullish momentum supported by an RSI of 69.43 (approaching overbought but not extreme). However, the volume ratio of 0.9075 suggests trading activity is below the 20-day average, which may dampen immediate breakout conviction.","Caterpillar appears significantly overvalued based on current multiples. The P/E ratio of 32.2, PB ratio of 17.59, and PS ratio of 18.85 are exceptionally high for an industrial cyclical leader.","Decision summary plus first two reasoning sentences per agent; extractive, not a full factual audit.",rounds_3_real_name_generations_1,Qwen/Qwen3.5-9B,17,3,real_name,1,IHHE,Caterpillar Inc.,valuation_forcing,"Based on the data available to you, does Caterpillar Inc. look attractively priced, fairly priced, or expensive right now — and specifically why?",0,baseline,False,1,EXPENSIVE,majority,"{""EXPENSIVE"": 2, ""FAIRLY_PRICED"": 1}",EXPENSIVE,"Caterpillar Inc. trades at a P/E ratio of 32.2, significantly elevated relative to its high PB (17.59) and PS (18.85) multiples, suggesting a premium valuation. The EV/EBITDA of 93.22 indicates extremely expensive debt-adjusted earnings. While the sector P/E is unavailable for direct comparison, these internal metrics alone signal overvaluation without evidence of extraordinary near-term growth justifying such premiums. The data snapshot from April 2026 reflects current pricing pressures.",ok,FAIRLY_PRICED,"Caterpillar's current price of $828.79 is trading 11.51% above its 50-day moving average ($743.22), indicating a positive short-term trend and bullish momentum supported by an RSI of 69.43 (approaching overbought but not extreme). However, the volume ratio of 0.9075 suggests trading activity is below the 20-day average, which may dampen immediate breakout conviction. While the price premium relative to the SMA implies strength, it does not confirm intrinsic undervaluation without fundamental metrics like P/E ratios or sector comparisons. Consequently, the stock appears fairly priced technically: strong relative to recent averages but lacking the surging volume often seen in attractively priced breakouts.",ok,EXPENSIVE,"Caterpillar appears significantly overvalued based on current multiples. The P/E ratio of 32.2, PB ratio of 17.59, and PS ratio of 18.85 are exceptionally high for an industrial cyclical leader. Furthermore, the EV/EBITDA multiple of 93.22 indicates extreme valuation relative to earnings power. Technical data supports this premium; the stock trades 11.51% above its 50-day SMA with an RSI of 69.43, suggesting strong momentum but also potential exhaustion. Without sector benchmark data to confirm if these multiples are industry-leading anomalies or justified by unprecedented growth, the absolute levels suggest a costly entry point.",ok
224,fundamental: EXPENSIVE; trading: FAIRLY_PRICED; challenger: EXPENSIVE. Group: EXPENSIVE. Agents disagree. No agent decision changed from the previous round.,Group outcome EXPENSIVE; other identity: EXPENSIVE. Different agent decisions: trading.,"Caterpillar's valuation multiples are exceptionally high. The P/E ratio of 32.2, PB ratio of 17.59, and PS ratio of 18.85 indicate a significant premium.","The current price of $828.79 is 11.51% above the 50-day SMA ($743.22), indicating strong short-term momentum and a premium relative to recent averages, which aligns with an RSI of 69.43 (approaching overbought). However, the volume ratio of 0.9075 shows activity below the 20-day average, dampening breakout conviction.","Caterpillar is significantly overvalued based on fundamental multiples. The P/E ratio of 32.2, PB of 17.59, and EV/EBITDA of 93.22 are exceptionally high for a cyclical industrial leader.","Decision summary plus first two reasoning sentences per agent; extractive, not a full factual audit.",rounds_3_real_name_generations_1,Qwen/Qwen3.5-9B,17,3,real_name,1,IHHE,Caterpillar Inc.,valuation_forcing,"Based on the data available to you, does Caterpillar Inc. look attractively priced, fairly priced, or expensive right now — and specifically why?",1,debate,False,1,EXPENSIVE,majority,"{""EXPENSIVE"": 2, ""FAIRLY_PRICED"": 1}",EXPENSIVE,"Caterpillar's valuation multiples are exceptionally high. The P/E ratio of 32.2, PB ratio of 17.59, and PS ratio of 18.85 indicate a significant premium. Most critically, the EV/EBITDA multiple of 93.22 suggests extreme overvaluation relative to earnings power. While the sector P/E is unavailable for direct comparison, these absolute figures for an industrial cyclical leader typically signal expensive pricing unless justified by unprecedented growth, which current data does not confirm. The snapshot from April 2026 reflects these elevated levels.",ok,FAIRLY_PRICED,"The current price of $828.79 is 11.51% above the 50-day SMA ($743.22), indicating strong short-term momentum and a premium relative to recent averages, which aligns with an RSI of 69.43 (approaching overbought). However, the volume ratio of 0.9075 shows activity below the 20-day average, dampening breakout conviction. While peer claims cite high valuation multiples (P/E 32.2, EV/EBITDA 93.22), these fundamental metrics are outside the scope of the supplied trading data. Based strictly on available technical fields, the stock reflects strength but lacks the surging volume often associated with 'attractively priced' breakouts, suggesting a fair technical valuation.",ok,EXPENSIVE,"Caterpillar is significantly overvalued based on fundamental multiples. The P/E ratio of 32.2, PB of 17.59, and EV/EBITDA of 93.22 are exceptionally high for a cyclical industrial leader. While the trading analyst notes technical strength (RSI 69.43, +11.51% above SMA), this momentum does not justify such extreme valuation premiums without sector benchmarks or evidence of unprecedented growth. The missing Sector_PE prevents confirming if these multiples are industry-leading anomalies, but absolute levels suggest an expensive entry point.",ok
225,fundamental: EXPENSIVE; trading: FAIRLY_PRICED; challenger: EXPENSIVE. Group: EXPENSIVE. Agents disagree. No agent decision changed from the previous round.,Group outcome EXPENSIVE; other identity: EXPENSIVE. Different agent decisions: trading.,"Caterpillar's valuation multiples are exceptionally high. The P/E ratio of 32.2, PB ratio of 17.59, and PS ratio of 18.85 indicate a significant premium.","Based strictly on supplied trading data, Caterpillar is fairly priced. The Close Price ($828.79) sits 11.51% above the 50-day SMA ($743.22), indicating a premium consistent with strong short-term momentum.","Caterpillar is significantly overvalued based on absolute multiples. The EV/EBITDA of 93.22 and P/E of 32.2 are exceptionally high for a cyclical industrial leader, suggesting the market prices in massive future growth not currently evident in the data.","Decision summary plus first two reasoning sentences per agent; extractive, not a full factual audit.",rounds_3_real_name_generations_1,Qwen/Qwen3.5-9B,17,3,real_name,1,IHHE,Caterpillar Inc.,valuation_forcing,"Based on the data available to you, does Caterpillar Inc. look attractively priced, fairly priced, or expensive right now — and specifically why?",2,debate,False,1,EXPENSIVE,majority,"{""EXPENSIVE"": 2, ""FAIRLY_PRICED"": 1}",EXPENSIVE,"Caterpillar's valuation multiples are exceptionally high. The P/E ratio of 32.2, PB ratio of 17.59, and PS ratio of 18.85 indicate a significant premium. Most critically, the EV/EBITDA multiple of 93.22 suggests extreme overvaluation relative to earnings power. While the sector P/E is unavailable for direct comparison, these absolute figures for an industrial cyclical leader typically signal expensive pricing unless justified by unprecedented growth, which current data does not confirm. The snapshot from April 2026 reflects these elevated levels.",ok,FAIRLY_PRICED,"Based strictly on supplied trading data, Caterpillar is fairly priced. The Close Price ($828.79) sits 11.51% above the 50-day SMA ($743.22), indicating a premium consistent with strong short-term momentum. However, the RSI of 69.43 approaches overbought territory without confirmation from volume; the Volume-to-AvgVol20 ratio is 0.9075, showing activity below the 20-day average. This lack of surging volume dampens breakout conviction, preventing a classification as 'attractively priced.' Conversely, the absence of extreme volume spikes or deep discounts relative to moving averages precludes labeling it 'expensive' based solely on technicals. Fundamental multiples cited by peers (e.g., EV/EBITDA 93.22) are outside the scope of this analysis.",ok,EXPENSIVE,"Caterpillar is significantly overvalued based on absolute multiples. The EV/EBITDA of 93.22 and P/E of 32.2 are exceptionally high for a cyclical industrial leader, suggesting the market prices in massive future growth not currently evident in the data. While technicals show strength (Price +11.51% above SMA50), this momentum does not justify such extreme fundamental premiums without sector benchmarks. The trading analyst's dismissal of fundamentals is incorrect; valuation quality relies on these metrics, not just volume or RSI. The absence of Sector_PE prevents normalization checks, but the raw multiples alone indicate an expensive entry point.",ok
226,fundamental: EXPENSIVE; trading: FAIRLY_PRICED; challenger: EXPENSIVE. Group: EXPENSIVE. Agents disagree. No agent decision changed from the previous round.,Group outcome EXPENSIVE; other identity: EXPENSIVE. Different agent decisions: trading.,"Caterpillar's valuation multiples are exceptionally high relative to historical norms for an industrial cyclical leader. The P/E ratio of 32.2, PB ratio of 17.59, and PS ratio of 18.85 indicate a significant premium.","Based strictly on supplied trading data, Caterpillar is fairly priced. The Close Price ($828.79) sits 11.51% above the 50-day SMA ($743.22), indicating a premium consistent with strong short-term momentum.","Caterpillar's EV/EBITDA of 93.22 is an extreme outlier, suggesting the market prices in massive future growth not evident in current fundamentals. While the trading analyst correctly notes that fundamental multiples are outside their specific data scope, their verdict of 'FAIRLY_PRICED' relies on technicals (RSI 69.43, price +11.51% above SMA) which indicate momentum but fail to address valuation quality.","Decision summary plus first two reasoning sentences per agent; extractive, not a full factual audit.",rounds_3_real_name_generations_1,Qwen/Qwen3.5-9B,17,3,real_name,1,IHHE,Caterpillar Inc.,valuation_forcing,"Based on the data available to you, does Caterpillar Inc. look attractively priced, fairly priced, or expensive right now — and specifically why?",3,debate,True,1,EXPENSIVE,majority,"{""EXPENSIVE"": 2, ""FAIRLY_PRICED"": 1}",EXPENSIVE,"Caterpillar's valuation multiples are exceptionally high relative to historical norms for an industrial cyclical leader. The P/E ratio of 32.2, PB ratio of 17.59, and PS ratio of 18.85 indicate a significant premium. Most critically, the EV/EBITDA multiple of 93.22 suggests extreme overvaluation relative to earnings power. While the sector P/E is unavailable for direct comparison, these absolute figures typically signal expensive pricing unless justified by unprecedented growth, which current data does not confirm. The snapshot from April 2026 reflects these elevated levels.",ok,FAIRLY_PRICED,"Based strictly on supplied trading data, Caterpillar is fairly priced. The Close Price ($828.79) sits 11.51% above the 50-day SMA ($743.22), indicating a premium consistent with strong short-term momentum. However, the RSI of 69.43 approaches overbought territory without confirmation from volume; the Volume-to-AvgVol20 ratio is 0.9075, showing activity below the 20-day average. This lack of surging volume dampens breakout conviction, preventing a classification as 'attractively priced.' Conversely, the absence of extreme volume spikes or deep discounts relative to moving averages precludes labeling it 'expensive' based solely on technicals. Fundamental multiples cited by peers are outside the scope of this analysis.",ok,EXPENSIVE,"Caterpillar's EV/EBITDA of 93.22 is an extreme outlier, suggesting the market prices in massive future growth not evident in current fundamentals. While the trading analyst correctly notes that fundamental multiples are outside their specific data scope, their verdict of 'FAIRLY_PRICED' relies on technicals (RSI 69.43, price +11.51% above SMA) which indicate momentum but fail to address valuation quality. High RSI and lack of volume surges (0.9075 ratio) suggest potential exhaustion rather than value. Without a Sector_PE for normalization, absolute multiples like 93.2x EBITDA clearly signal overvaluation for a cyclical leader, making 'EXPENSIVE' the only defensible conclusion based on the provided financial snapshot.",ok
227,fundamental: NO; trading: NO; challenger: NO. Group: NO. All agents agree. Independent baseline.,Group outcome NO; other identity: NO. All role decisions match across identities.,"Caterpillar's valuation multiples are excessively high for a core holding without comparable sector data. The P/E ratio of 32.2 and EV/EBITDA of 93.22 suggest significant overvaluation relative to historical norms, implying limited margin of safety for a 3–5 year horizon.","For a 3–5 year core holding, current technicals suggest overextension. The stock trades 11.51% above its 50-day moving average with an RSI of 69.43, indicating the asset is in overbought territory and vulnerable to a mean reversion correction.","Caterpillar appears overvalued for a 3–5 year core holding based on the provided metrics. The P/E ratio of 32.2, PB ratio of 17.59, and EV/EBITDA of 93.22 suggest extreme valuation multiples relative to typical industrial peers, implying limited margin of safety.","Decision summary plus first two reasoning sentences per agent; extractive, not a full factual audit.",rounds_3_real_name_generations_1,Qwen/Qwen3.5-9B,17,3,real_name,1,IHHE,Caterpillar Inc.,core_holding,"Is Caterpillar Inc. a good core holding for a 3–5 year investment thesis, based on the information available to you?",0,baseline,False,1,NO,majority,"{""NO"": 3}",NO,"Caterpillar's valuation multiples are excessively high for a core holding without comparable sector data. The P/E ratio of 32.2 and EV/EBITDA of 93.22 suggest significant overvaluation relative to historical norms, implying limited margin of safety for a 3–5 year horizon. While the company may be fundamentally sound, entering at these levels exposes investors to substantial downside risk if growth expectations fail to materialize or if cyclical downturns occur. The absence of Sector PE prevents a meaningful relative valuation assessment, increasing uncertainty. Without evidence of sustained earnings acceleration justifying such premiums, the risk-reward profile appears unfavorable.",ok,NO,"For a 3–5 year core holding, current technicals suggest overextension. The stock trades 11.51% above its 50-day moving average with an RSI of 69.43, indicating the asset is in overbought territory and vulnerable to a mean reversion correction. While volume is near average (ratio 0.9075), confirming no panic selling or accumulation, the lack of a bullish breakout from the SMA suggests momentum is waning rather than accelerating. Without evidence of strong long-term fundamental growth drivers beyond the price action, the risk of a significant pullback outweighs the potential for immediate upside in this specific timeframe.",ok,NO,"Caterpillar appears overvalued for a 3–5 year core holding based on the provided metrics. The P/E ratio of 32.2, PB ratio of 17.59, and EV/EBITDA of 93.22 suggest extreme valuation multiples relative to typical industrial peers, implying limited margin of safety. Additionally, the RSI of 69.43 indicates the stock is approaching overbought territory, while trading 11.51% above its 50-day SMA signals short-term momentum exhaustion rather than long-term value. Without sector-specific P/E data to confirm if these premiums are justified by industry leadership, the risk/reward profile seems unfavorable for a multi-year core position.",ok
228,fundamental: NO; trading: NO; challenger: NO. Group: NO. All agents agree. No agent decision changed from the previous round.,Group outcome NO; other identity: NO. All role decisions match across identities.,Caterpillar's valuation multiples are excessively high for a core holding. The P/E ratio of 32.2 and EV/EBITDA of 93.22 imply significant overvaluation without a sector benchmark to justify the premium.,"Current technicals indicate overextension for a core entry. The stock trades 11.51% above its 50-day SMA (PriceVsSMA50_Percent: 11.51), suggesting momentum exhaustion rather than value accumulation.","Caterpillar presents a poor entry point for a 3–5 year core holding due to extreme valuation multiples and stretched technicals. The P/E ratio of 32.2, PB of 17.59, and EV/EBITDA of 93.22 imply the stock is priced for perfection with minimal margin of safety.","Decision summary plus first two reasoning sentences per agent; extractive, not a full factual audit.",rounds_3_real_name_generations_1,Qwen/Qwen3.5-9B,17,3,real_name,1,IHHE,Caterpillar Inc.,core_holding,"Is Caterpillar Inc. a good core holding for a 3–5 year investment thesis, based on the information available to you?",1,debate,False,1,NO,majority,"{""NO"": 3}",NO,"Caterpillar's valuation multiples are excessively high for a core holding. The P/E ratio of 32.2 and EV/EBITDA of 93.22 imply significant overvaluation without a sector benchmark to justify the premium. While the company may be fundamentally sound, entering at these levels exposes investors to substantial downside risk if cyclical downturns occur or growth expectations fail. The absence of Sector PE prevents a meaningful relative valuation assessment, increasing uncertainty regarding whether these premiums are justified by industry leadership.",ok,NO,"Current technicals indicate overextension for a core entry. The stock trades 11.51% above its 50-day SMA (PriceVsSMA50_Percent: 11.51), suggesting momentum exhaustion rather than value accumulation. An RSI of 69.43 confirms overbought conditions, increasing the risk of near-term mean reversion. Volume is flat at 0.9075x average, lacking the surge needed to validate a breakout. While this data supports short-term caution, it does not confirm long-term intrinsic growth drivers or justify current premiums without fundamental thesis evidence. Entering at these levels exposes capital to downside volatility before any potential recovery.",ok,NO,"Caterpillar presents a poor entry point for a 3–5 year core holding due to extreme valuation multiples and stretched technicals. The P/E ratio of 32.2, PB of 17.59, and EV/EBITDA of 93.22 imply the stock is priced for perfection with minimal margin of safety. Technically, the RSI of 69.43 and price trading 11.51% above the 50-day SMA indicate overextension. Crucially, the absence of Sector PE data prevents validating if these premiums are industry-wide or company-specific anomalies. Without confirmation that earnings can sustain such high multiples through a potential cyclical downturn, the downside risk outweighs the upside potential.",ok
229,fundamental: NO; trading: NO; challenger: NO. Group: NO. All agents agree. No agent decision changed from the previous round.,Group outcome NO; other identity: NO. All role decisions match across identities.,Caterpillar's valuation multiples are excessively high for a core holding. The P/E ratio of 32.2 and EV/EBITDA of 93.22 imply significant overvaluation without a sector benchmark to justify the premium.,"The stock trades 11.51% above its 50-day SMA, indicating significant overextension relative to recent trend. Momentum is elevated with an RSI of 69.43, suggesting potential exhaustion before a mean reversion.","The data indicates severe overvaluation with a P/E of 32.2 and an anomalous EV/EBITDA of 93.22, suggesting the stock is priced for perfection without a safety margin. Technicals confirm this pressure, with the RSI at 69.43 and price trading 11.51% above the 50-day SMA.","Decision summary plus first two reasoning sentences per agent; extractive, not a full factual audit.",rounds_3_real_name_generations_1,Qwen/Qwen3.5-9B,17,3,real_name,1,IHHE,Caterpillar Inc.,core_holding,"Is Caterpillar Inc. a good core holding for a 3–5 year investment thesis, based on the information available to you?",2,debate,False,1,NO,majority,"{""NO"": 3}",NO,"Caterpillar's valuation multiples are excessively high for a core holding. The P/E ratio of 32.2 and EV/EBITDA of 93.22 imply significant overvaluation without a sector benchmark to justify the premium. While the company may be fundamentally sound, entering at these levels exposes investors to substantial downside risk if cyclical downturns occur or growth expectations fail. The absence of Sector PE prevents a meaningful relative valuation assessment, increasing uncertainty regarding whether these premiums are justified by industry leadership.",ok,NO,"The stock trades 11.51% above its 50-day SMA, indicating significant overextension relative to recent trend. Momentum is elevated with an RSI of 69.43, suggesting potential exhaustion before a mean reversion. Volume ratio is flat at 0.9075x, lacking the surge required to validate a breakout. While this data supports short-term caution, it does not confirm long-term intrinsic growth drivers or justify current premiums without fundamental thesis evidence. Entering at these levels exposes capital to downside volatility.",ok,NO,"The data indicates severe overvaluation with a P/E of 32.2 and an anomalous EV/EBITDA of 93.22, suggesting the stock is priced for perfection without a safety margin. Technicals confirm this pressure, with the RSI at 69.43 and price trading 11.51% above the 50-day SMA. Crucially, the absence of Sector PE prevents validating if these multiples are justified by industry-wide strength or represent company-specific bubbles. Entering a core position at these levels exposes capital to significant downside risk if cyclical growth slows, as the current premium leaves no room for error in earnings forecasts.",ok
230,fundamental: NO; trading: NO; challenger: NO. Group: NO. All agents agree. No agent decision changed from the previous round.,Group outcome NO; other identity: NO. All role decisions match across identities.,"Caterpillar's valuation multiples are exceptionally high for a core holding. The P/E ratio of 32.2 and EV/EBITDA of 93.22 suggest the stock is priced for perfection, leaving little margin for error if cyclical growth slows.","The stock trades 11.51% above its 50-day SMA, indicating significant overextension relative to recent trend. Momentum is elevated with an RSI of 69.43, suggesting potential exhaustion before a mean reversion.","The evidence indicates severe overvaluation with a P/E of 32.2 and an anomalous EV/EBITDA of 93.22, leaving no margin for cyclical downturns essential to a core holding. Technicals confirm pressure: RSI is elevated at 69.43, and price trades 11.51% above the 50-day SMA.","Decision summary plus first two reasoning sentences per agent; extractive, not a full factual audit.",rounds_3_real_name_generations_1,Qwen/Qwen3.5-9B,17,3,real_name,1,IHHE,Caterpillar Inc.,core_holding,"Is Caterpillar Inc. a good core holding for a 3–5 year investment thesis, based on the information available to you?",3,debate,True,1,NO,majority,"{""NO"": 3}",NO,"Caterpillar's valuation multiples are exceptionally high for a core holding. The P/E ratio of 32.2 and EV/EBITDA of 93.22 suggest the stock is priced for perfection, leaving little margin for error if cyclical growth slows. While the company may be fundamentally sound, entering at these levels exposes investors to substantial downside risk without a sector benchmark to justify the premium. The absence of Sector PE prevents confirming if these multiples reflect industry-wide strength or represent an overvaluation bubble.",ok,NO,"The stock trades 11.51% above its 50-day SMA, indicating significant overextension relative to recent trend. Momentum is elevated with an RSI of 69.43, suggesting potential exhaustion before a mean reversion. Volume ratio is flat at 0.9075x, lacking the surge required to validate a breakout. While this data supports short-term caution, it does not confirm long-term intrinsic growth drivers or justify current premiums without fundamental thesis evidence. Entering at these levels exposes capital to downside volatility.",ok,NO,"The evidence indicates severe overvaluation with a P/E of 32.2 and an anomalous EV/EBITDA of 93.22, leaving no margin for cyclical downturns essential to a core holding. Technicals confirm pressure: RSI is elevated at 69.43, and price trades 11.51% above the 50-day SMA. Crucially, the missing Sector PE prevents validating if these multiples reflect industry strength or company-specific bubbles. Without sector context, the premium appears unjustified, exposing capital to significant downside risk if growth slows.",ok
231,fundamental: HOLD; trading: HOLD; challenger: HOLD. Group: HOLD. All agents agree. Independent baseline.,Group outcome HOLD; other identity: HOLD. Different agent decisions: challenger.,"Caterpillar's valuation multiples are significantly elevated relative to historical norms, with a P/E of 32.2 and EV/EBITDA of 93.22. However, the sector P/E is missing (null), preventing a direct comparison to determine if these premiums are justified by industry leadership or represent overvaluation.","Caterpillar Inc. is trading at $828.79, significantly above its 50-day SMA of $743.22 (11.51% premium), indicating strong short-term momentum and bullish positioning.","Caterpillar presents a significant overvaluation risk. The stock trades at a PE of 32.2, PB of 17.59, and EV/EBITDA of 93.22, which are exceptionally high multiples for an industrial cyclical leader.","Decision summary plus first two reasoning sentences per agent; extractive, not a full factual audit.",rounds_3_real_name_generations_1,Qwen/Qwen3.5-9B,17,3,real_name,1,IHHE,Caterpillar Inc.,confidence_falsifiability,"How confident are you in your BUY/SELL/HOLD call on Caterpillar Inc. right now, on a rough scale from low to high, and what specific piece of missing information would most change your mind?",0,baseline,False,1,HOLD,majority,"{""HOLD"": 3}",HOLD,"Caterpillar's valuation multiples are significantly elevated relative to historical norms, with a P/E of 32.2 and EV/EBITDA of 93.22. However, the sector P/E is missing (null), preventing a direct comparison to determine if these premiums are justified by industry leadership or represent overvaluation. The high PS ratio of 18.85 further suggests aggressive pricing. Without sector context or forward growth rates to validate the premium, maintaining a neutral position is prudent until the risk-reward profile clarifies.",ok,HOLD,"Caterpillar Inc. is trading at $828.79, significantly above its 50-day SMA of $743.22 (11.51% premium), indicating strong short-term momentum and bullish positioning. However, the RSI_14 of 69.43 suggests the stock is approaching overbought territory, raising immediate reversal risks. Volume is slightly below average (0.9075 ratio), which dampens conviction in a breakout scenario despite the price strength. While technicals favor upside, the lack of sector P/E data prevents an intrinsic valuation check to confirm if this premium is justified long-term. Given the divergence between high relative price and cooling volume/RSI signals, maintaining the position is prudent until clarity emerges.",ok,HOLD,"Caterpillar presents a significant overvaluation risk. The stock trades at a PE of 32.2, PB of 17.59, and EV/EBITDA of 93.22, which are exceptionally high multiples for an industrial cyclical leader. While the RSI of 69.43 indicates bullish momentum with the price 11.51% above its 50-day SMA, these technical strengths are undermined by fundamental stretch. Without a sector P/E ratio to benchmark these valuations against industry peers, it is impossible to determine if Caterpillar's premium is justified or excessive. The lack of recent earnings growth data in the snapshot further obscures whether current prices reflect anticipated future performance or speculative excess.",ok
232,fundamental: HOLD; trading: HOLD; challenger: HOLD. Group: HOLD. All agents agree. No agent decision changed from the previous round.,Group outcome HOLD; other identity: HOLD. Different agent decisions: challenger.,"Caterpillar's valuation multiples are exceptionally high (P/E: 32.2, EV/EBITDA: 93.22), suggesting significant premium pricing. However, the critical Sector P/E ratio is missing from the data, preventing a necessary comparison to determine if these levels reflect justified industry leadership or unsustainable overvaluation.","Caterpillar trades at $828.79, 11.51% above the 50-day SMA ($743.22), indicating strong short-term momentum. However, the RSI_14 of 69.43 signals approaching overbought conditions, creating immediate reversal risk.","Caterpillar's valuation metrics (PE: 32.2, PB: 17.59, EV/EBITDA: 93.22) are exceptionally high, suggesting significant overvaluation risk for a cyclical leader. While technicals show bullish momentum with the price 11.51% above the 50-day SMA and an RSI of 69.43, the lack of sector P/E data prevents determining if this premium is justified by industry leadership or represents speculative excess.","Decision summary plus first two reasoning sentences per agent; extractive, not a full factual audit.",rounds_3_real_name_generations_1,Qwen/Qwen3.5-9B,17,3,real_name,1,IHHE,Caterpillar Inc.,confidence_falsifiability,"How confident are you in your BUY/SELL/HOLD call on Caterpillar Inc. right now, on a rough scale from low to high, and what specific piece of missing information would most change your mind?",1,debate,False,1,HOLD,majority,"{""HOLD"": 3}",HOLD,"Caterpillar's valuation multiples are exceptionally high (P/E: 32.2, EV/EBITDA: 93.22), suggesting significant premium pricing. However, the critical Sector P/E ratio is missing from the data, preventing a necessary comparison to determine if these levels reflect justified industry leadership or unsustainable overvaluation. Without this benchmark or forward growth rates to validate the premium, the risk-reward profile remains unclear. The elevated PS and PB ratios further indicate aggressive pricing, but lack of peer context prevents a definitive directional call.",ok,HOLD,"Caterpillar trades at $828.79, 11.51% above the 50-day SMA ($743.22), indicating strong short-term momentum. However, the RSI_14 of 69.43 signals approaching overbought conditions, creating immediate reversal risk. Crucially, Volume_to_AvgVol20 is 0.9075, meaning volume is below average despite the price premium; this lack of conviction undermines a breakout thesis. While technicals show bullish positioning, the divergence between high relative price and cooling volume suggests caution. Additionally, peer claims cite PE/PB multiples (e.g., PE 32.2) which are absent from the supplied trading data, reinforcing that intrinsic valuation cannot be confirmed without external facts. Given the limited evidence on volume support and missing fundamental context, maintaining the position is prudent.",ok,HOLD,"Caterpillar's valuation metrics (PE: 32.2, PB: 17.59, EV/EBITDA: 93.22) are exceptionally high, suggesting significant overvaluation risk for a cyclical leader. While technicals show bullish momentum with the price 11.51% above the 50-day SMA and an RSI of 69.43, the lack of sector P/E data prevents determining if this premium is justified by industry leadership or represents speculative excess. Without comparable peer multiples to validate the stretch in valuation, maintaining a neutral position is prudent until the risk-reward profile clarifies.",ok
233,fundamental: HOLD; trading: HOLD; challenger: HOLD. Group: HOLD. All agents agree. No agent decision changed from the previous round.,Group outcome HOLD; other identity: HOLD. Different agent decisions: challenger.,"Caterpillar's valuation multiples are exceptionally high (P/E: 32.2, EV/EBITDA: 93.22), suggesting a significant premium. However, the Sector P/E ratio is null in the provided data, preventing a critical comparison to determine if this premium reflects justified industry leadership or unsustainable overvaluation.","Caterpillar trades at $828.79, significantly above the 50-day SMA ($743.22), indicating strong short-term momentum with an 11.51% premium. However, the RSI_14 of 69.43 signals approaching overbought conditions, creating immediate reversal risk.","Valuation metrics (PE: 32.2, PB: 17.59, EV/EBITDA: 93.22) indicate extreme overvaluation relative to historical norms for a cyclical leader, suggesting limited upside margin of safety. While technicals show bullish momentum with price 11.51% above the 50-day SMA and an RSI of 69.43, the volume-to-average ratio of 0.9075 indicates weak participation in this rally, undermining conviction.","Decision summary plus first two reasoning sentences per agent; extractive, not a full factual audit.",rounds_3_real_name_generations_1,Qwen/Qwen3.5-9B,17,3,real_name,1,IHHE,Caterpillar Inc.,confidence_falsifiability,"How confident are you in your BUY/SELL/HOLD call on Caterpillar Inc. right now, on a rough scale from low to high, and what specific piece of missing information would most change your mind?",2,debate,False,1,HOLD,majority,"{""HOLD"": 3}",HOLD,"Caterpillar's valuation multiples are exceptionally high (P/E: 32.2, EV/EBITDA: 93.22), suggesting a significant premium. However, the Sector P/E ratio is null in the provided data, preventing a critical comparison to determine if this premium reflects justified industry leadership or unsustainable overvaluation. While PB and PS ratios also appear elevated, the absence of peer benchmarks makes it impossible to assess relative value. Without knowing if the sector trades at similar levels, a definitive directional call on risk versus reward cannot be made.",ok,HOLD,"Caterpillar trades at $828.79, significantly above the 50-day SMA ($743.22), indicating strong short-term momentum with an 11.51% premium. However, the RSI_14 of 69.43 signals approaching overbought conditions, creating immediate reversal risk. Crucially, Volume_to_AvgVol20 is 0.9075, meaning volume is below average despite the price breakout; this lack of conviction undermines a bullish thesis. While technicals show bullish positioning, the divergence between high relative price and cooling volume suggests caution. Additionally, peer claims cite PE/PB multiples which are absent from the supplied trading data, reinforcing that intrinsic valuation cannot be confirmed without external facts. Given the limited evidence on volume support and missing fundamental context, maintaining the position is prudent.",ok,HOLD,"Valuation metrics (PE: 32.2, PB: 17.59, EV/EBITDA: 93.22) indicate extreme overvaluation relative to historical norms for a cyclical leader, suggesting limited upside margin of safety. While technicals show bullish momentum with price 11.51% above the 50-day SMA and an RSI of 69.43, the volume-to-average ratio of 0.9075 indicates weak participation in this rally, undermining conviction. The critical missing piece is the Sector P/E Ratio; without it, we cannot determine if Caterpillar's premium reflects justified industry dominance or speculative excess. Given the disconnect between astronomical multiples and tepid volume support, maintaining a neutral stance until peer context clarifies the risk-reward profile is prudent.",ok
234,fundamental: HOLD; trading: HOLD; challenger: HOLD. Group: HOLD. All agents agree. No agent decision changed from the previous round.,Group outcome HOLD; other identity: HOLD. Different agent decisions: challenger.,"Caterpillar's valuation multiples are exceptionally high (P/E: 32.2, EV/EBITDA: 93.22), suggesting a significant premium. However, the Sector P/E ratio is null in the provided data, preventing a critical comparison to determine if this premium reflects justified industry leadership or unsustainable overvaluation.","Price is 11.51% above the 50-day SMA, indicating strong short-term momentum, but RSI_14 at 69.43 signals approaching overbought territory. Crucially, Volume_to_AvgVol20 is 0.9075; volume is below average despite the price breakout, suggesting a lack of conviction to sustain the rally.","Caterpillar's valuation metrics (PE: 32.2, PB: 17.59, EV/EBITDA: 93.22) suggest a significant premium, yet the critical benchmark for context—the Sector P/E Ratio—is null in the provided data. Without this, we cannot determine if the high multiples reflect justified industry dominance or speculative excess.","Decision summary plus first two reasoning sentences per agent; extractive, not a full factual audit.",rounds_3_real_name_generations_1,Qwen/Qwen3.5-9B,17,3,real_name,1,IHHE,Caterpillar Inc.,confidence_falsifiability,"How confident are you in your BUY/SELL/HOLD call on Caterpillar Inc. right now, on a rough scale from low to high, and what specific piece of missing information would most change your mind?",3,debate,True,1,HOLD,majority,"{""HOLD"": 3}",HOLD,"Caterpillar's valuation multiples are exceptionally high (P/E: 32.2, EV/EBITDA: 93.22), suggesting a significant premium. However, the Sector P/E ratio is null in the provided data, preventing a critical comparison to determine if this premium reflects justified industry leadership or unsustainable overvaluation. While PB and PS ratios also appear elevated, the absence of peer benchmarks makes it impossible to assess relative value. Without knowing if the sector trades at similar levels, a definitive directional call on risk versus reward cannot be made.",ok,HOLD,"Price is 11.51% above the 50-day SMA, indicating strong short-term momentum, but RSI_14 at 69.43 signals approaching overbought territory. Crucially, Volume_to_AvgVol20 is 0.9075; volume is below average despite the price breakout, suggesting a lack of conviction to sustain the rally. While technicals show bullish positioning, the divergence between high relative price and cooling volume creates immediate reversal risk. The data lacks sector P/E ratios or intrinsic valuation metrics required for a long-term thesis, reinforcing a neutral stance based on limited trading evidence.",ok,HOLD,"Caterpillar's valuation metrics (PE: 32.2, PB: 17.59, EV/EBITDA: 93.22) suggest a significant premium, yet the critical benchmark for context—the Sector P/E Ratio—is null in the provided data. Without this, we cannot determine if the high multiples reflect justified industry dominance or speculative excess. Technicals show bullish momentum (Price +11.51% vs SMA50), but volume participation is weak (0.9075 of average) while RSI (69.43) approaches overbought territory. The disconnect between astronomical multiples and tepid volume support undermines conviction in a directional move. Maintaining a neutral stance until peer valuation context clarifies the risk-reward profile is prudent.",ok
235,fundamental: EXPENSIVE; trading: ATTRACTIVELY_PRICED; challenger: ATTRACTIVELY_PRICED. Group: ATTRACTIVELY_PRICED. Agents disagree. Independent baseline.,Group outcome ATTRACTIVELY_PRICED; other identity: ATTRACTIVELY_PRICED. All role decisions match across identities.,"McDonald's valuation appears significantly stretched based on current multiples. The P/E ratio of 27.85 and PS ratio of 33.89 are notably high, while the EV/EBITDA of 78.28 is exceptionally elevated for a mature consumer staple.","McDonald's stock appears attractively priced based on technical indicators. The current close of $290.21 is 8.38% below the 50-day moving average ($316.76), with a Price-to-SMA50 ratio of 0.9162, suggesting an oversold condition relative to recent trend.","McDonald's appears attractively priced based on technical oversold conditions and a discount to its moving average. The RSI_14 of 29.99 indicates the stock is deeply oversold, while the Close_Price trades 8.38% below the SMA_50 (PriceVsSMA50_Percent), suggesting potential mean reversion.","Decision summary plus first two reasoning sentences per agent; extractive, not a full factual audit.",rounds_3_real_name_generations_1,Qwen/Qwen3.5-9B,17,3,real_name,1,XDVX,McDonald's Corporation,valuation_forcing,"Based on the data available to you, does McDonald's Corporation look attractively priced, fairly priced, or expensive right now — and specifically why?",0,baseline,False,1,ATTRACTIVELY_PRICED,majority,"{""EXPENSIVE"": 1, ""ATTRACTIVELY_PRICED"": 2}",EXPENSIVE,"McDonald's valuation appears significantly stretched based on current multiples. The P/E ratio of 27.85 and PS ratio of 33.89 are notably high, while the EV/EBITDA of 78.28 is exceptionally elevated for a mature consumer staple. Without sector P/E data to confirm relative positioning, these absolute figures suggest overvaluation compared to historical norms for the industry. The lack of PB ratio further limits a comprehensive view, but the available metrics strongly point to an expensive price tag.",ok,ATTRACTIVELY_PRICED,"McDonald's stock appears attractively priced based on technical indicators. The current close of $290.21 is 8.38% below the 50-day moving average ($316.76), with a Price-to-SMA50 ratio of 0.9162, suggesting an oversold condition relative to recent trend. Additionally, the RSI_14 is at 29.99, indicating significant selling pressure and potential mean reversion. Volume is elevated at 1.64 times the 20-day average, which may signal active accumulation or continued momentum in the downward direction; however, given the price discount to the SMA, this volume could also represent capitulation. While intrinsic valuation metrics like P/E are missing, the technical setup points to a buying opportunity for short-term traders seeking value relative to the immediate trend.",ok,ATTRACTIVELY_PRICED,"McDonald's appears attractively priced based on technical oversold conditions and a discount to its moving average. The RSI_14 of 29.99 indicates the stock is deeply oversold, while the Close_Price trades 8.38% below the SMA_50 (PriceVsSMA50_Percent), suggesting potential mean reversion. Although valuation multiples are high (PE: 27.85, PS: 33.89, EV_EBITDA: 78.28), these metrics lack context without sector peers or historical averages for comparison. The significant volume spike (Volume_to_AvgVol20: 1.64) at these levels could signal accumulation rather than panic selling. However, the extremely high PS ratio relative to the PE ratio warrants caution regarding revenue quality or one-time charges not visible in this snapshot.",ok
236,fundamental: EXPENSIVE; trading: ATTRACTIVELY_PRICED; challenger: FAIRLY_PRICED. Group: NO_MAJORITY. Agents disagree. Agent changes: challenger: ATTRACTIVELY_PRICED → FAIRLY_PRICED.,Group outcome NO_MAJORITY; other identity: ATTRACTIVELY_PRICED. Different agent decisions: challenger.,"McDonald's valuation metrics are exceptionally high. The P/E ratio of 27.85 and PS ratio of 33.89 suggest a premium price, while the EV/EBITDA of 78.28 is alarmingly elevated for a mature consumer staple.","Based strictly on the provided trading data, McDonald's appears attractively priced due to significant technical oversold conditions. The Close_Price of $290.21 is 8.38% below the SMA_50 ($316.76), with a Price_to_SMA50 ratio of 0.9162, indicating a discount to the short-term trend.","McDonald's valuation is mixed: technicals (RSI 29.99, -8.38% discount to SMA50) suggest short-term undervaluation and potential mean reversion, while fundamental multiples (PE 27.85, PS 33.89, EV/EBITDA 78.28) indicate significant long-term overvaluation relative to historical norms for a mature staple. The extreme EV/EBITDA of 78.28 is the primary concern, suggesting high capital costs or depressed earnings quality not fully captured by P/E alone.","Decision summary plus first two reasoning sentences per agent; extractive, not a full factual audit.",rounds_3_real_name_generations_1,Qwen/Qwen3.5-9B,17,3,real_name,1,XDVX,McDonald's Corporation,valuation_forcing,"Based on the data available to you, does McDonald's Corporation look attractively priced, fairly priced, or expensive right now — and specifically why?",1,debate,False,1,NO_MAJORITY,no_majority,"{""EXPENSIVE"": 1, ""ATTRACTIVELY_PRICED"": 1, ""FAIRLY_PRICED"": 1}",EXPENSIVE,"McDonald's valuation metrics are exceptionally high. The P/E ratio of 27.85 and PS ratio of 33.89 suggest a premium price, while the EV/EBITDA of 78.28 is alarmingly elevated for a mature consumer staple. Although peer answers cite technical oversold conditions (RSI ~30) to argue for an attractive entry point, these trading signals do not address fundamental overvaluation. Without sector P/E data to confirm relative positioning or historical context, the absolute multiples indicate significant overpricing. The discrepancy between high valuations and low technical momentum warrants caution rather than viewing this as value.",ok,ATTRACTIVELY_PRICED,"Based strictly on the provided trading data, McDonald's appears attractively priced due to significant technical oversold conditions. The Close_Price of $290.21 is 8.38% below the SMA_50 ($316.76), with a Price_to_SMA50 ratio of 0.9162, indicating a discount to the short-term trend. This aligns with an RSI_14 of 29.99, signaling deep oversold status and potential mean reversion. Furthermore, Volume is 1.64x the 20-day average, suggesting active participation at these lower levels. While the fundamental agent cites high valuation multiples (PE, PS, EV/EBITDA), those metrics are absent from my specific Data snapshot and cannot be used as evidence for this technical assessment. Therefore, the price relative to the moving average and momentum indicators support an attractive entry point.",ok,FAIRLY_PRICED,"McDonald's valuation is mixed: technicals (RSI 29.99, -8.38% discount to SMA50) suggest short-term undervaluation and potential mean reversion, while fundamental multiples (PE 27.85, PS 33.89, EV/EBITDA 78.28) indicate significant long-term overvaluation relative to historical norms for a mature staple. The extreme EV/EBITDA of 78.28 is the primary concern, suggesting high capital costs or depressed earnings quality not fully captured by P/E alone. Without sector benchmarks or PB data, it is impossible to definitively classify as 'attractive' despite low RSI, or strictly 'expensive' given the price discount. The evidence supports a neutral stance where current price reflects a balance between technical correction and stretched fundamentals.",ok
237,fundamental: EXPENSIVE; trading: ATTRACTIVELY_PRICED; challenger: FAIRLY_PRICED. Group: NO_MAJORITY. Agents disagree. No agent decision changed from the previous round.,Group outcome NO_MAJORITY; other identity: NO_MAJORITY. All role decisions match across identities.,"McDonald's valuation metrics are exceptionally high based on available fundamentals. The P/E ratio of 27.85 and PS ratio of 33.89 suggest a premium price, while the EV/EBITDA of 78.28 is alarmingly elevated for a mature consumer staple.","Based strictly on the supplied trading data, McDonald's appears attractively priced due to significant technical oversold conditions. The Close_Price of $290.21 is 8.38% below the SMA_50 ($316.76), with a Price_to_SMA50 ratio of 0.9162, indicating a discount to the short-term trend.","McDonald's valuation presents conflicting signals. Fundamentals show extreme multiples (PE: 27.85, EV/EBITDA: 78.28), suggesting long-term overvaluation typical of high-growth expectations or depressed earnings quality.","Decision summary plus first two reasoning sentences per agent; extractive, not a full factual audit.",rounds_3_real_name_generations_1,Qwen/Qwen3.5-9B,17,3,real_name,1,XDVX,McDonald's Corporation,valuation_forcing,"Based on the data available to you, does McDonald's Corporation look attractively priced, fairly priced, or expensive right now — and specifically why?",2,debate,False,1,NO_MAJORITY,no_majority,"{""EXPENSIVE"": 1, ""ATTRACTIVELY_PRICED"": 1, ""FAIRLY_PRICED"": 1}",EXPENSIVE,"McDonald's valuation metrics are exceptionally high based on available fundamentals. The P/E ratio of 27.85 and PS ratio of 33.89 suggest a premium price, while the EV/EBITDA of 78.28 is alarmingly elevated for a mature consumer staple. Although peer answers cite technical oversold conditions (RSI ~30) to argue for an attractive entry point, these trading signals do not address fundamental overvaluation. Without sector P/E data to confirm relative positioning or historical context, the absolute multiples indicate significant overpricing. The discrepancy between high valuations and low technical momentum warrants caution rather than viewing this as value.",ok,ATTRACTIVELY_PRICED,"Based strictly on the supplied trading data, McDonald's appears attractively priced due to significant technical oversold conditions. The Close_Price of $290.21 is 8.38% below the SMA_50 ($316.76), with a Price_to_SMA50 ratio of 0.9162, indicating a discount to the short-term trend. This aligns with an RSI_14 of 29.99, signaling deep oversold status and potential mean reversion. Furthermore, Volume is 1.64x the 20-day average, suggesting active participation at these lower levels. While fundamental agents cite high valuation multiples (PE, PS, EV/EBITDA), those metrics are absent from my specific Data snapshot and cannot be used as evidence for this technical assessment. Therefore, the price relative to the moving average and momentum indicators support an attractive entry point.",ok,FAIRLY_PRICED,"McDonald's valuation presents conflicting signals. Fundamentals show extreme multiples (PE: 27.85, EV/EBITDA: 78.28), suggesting long-term overvaluation typical of high-growth expectations or depressed earnings quality. However, technicals indicate a sharp correction: the stock is -8.38% below its 50-day SMA with an RSI of 29.99 (oversold). This disconnect suggests the current price may reflect a temporary capitulation rather than intrinsic value mispricing. Without sector benchmarks to contextualize the 78.28 EV/EBITDA, labeling it strictly 'expensive' ignores the significant discount to recent trends. Conversely, calling it 'attractive' ignores the stretched absolute multiples. The evidence supports a neutral stance where the price reflects a balance between fundamental stretch and technical weakness.",ok
238,fundamental: EXPENSIVE; trading: ATTRACTIVELY_PRICED; challenger: EXPENSIVE. Group: EXPENSIVE. Agents disagree. Agent changes: challenger: FAIRLY_PRICED → EXPENSIVE.,Group outcome EXPENSIVE; other identity: EXPENSIVE. All role decisions match across identities.,"McDonald's valuation metrics are exceptionally high based on available fundamentals. The P/E ratio of 27.85 and PS ratio of 33.89 suggest a premium price, while the EV/EBITDA of 78.28 is alarmingly elevated for a mature consumer staple.","Based strictly on the supplied trading data, McDonald's appears attractively priced due to significant technical oversold conditions. The Close_Price of $290.21 is 8.38% below the SMA_50 ($316.76), with a Price_to_SMA50 ratio of 0.9162, indicating a discount to the short-term trend.","McDonald's fundamentals indicate severe overvaluation. The PE Ratio (27.85) and, more critically, the EV/EBITDA multiple of 78.28 are exceptionally high for a mature consumer staple, suggesting the market prices in significant future growth or faces earnings compression.","Decision summary plus first two reasoning sentences per agent; extractive, not a full factual audit.",rounds_3_real_name_generations_1,Qwen/Qwen3.5-9B,17,3,real_name,1,XDVX,McDonald's Corporation,valuation_forcing,"Based on the data available to you, does McDonald's Corporation look attractively priced, fairly priced, or expensive right now — and specifically why?",3,debate,True,1,EXPENSIVE,majority,"{""EXPENSIVE"": 2, ""ATTRACTIVELY_PRICED"": 1}",EXPENSIVE,"McDonald's valuation metrics are exceptionally high based on available fundamentals. The P/E ratio of 27.85 and PS ratio of 33.89 suggest a premium price, while the EV/EBITDA of 78.28 is alarmingly elevated for a mature consumer staple. Although peer answers cite technical oversold conditions (RSI ~30) to argue for an attractive entry point, these trading signals do not address fundamental overvaluation. Without sector P/E data to confirm relative positioning or historical context, the absolute multiples indicate significant overpricing. The discrepancy between high valuations and low technical momentum warrants caution rather than viewing this as value.",ok,ATTRACTIVELY_PRICED,"Based strictly on the supplied trading data, McDonald's appears attractively priced due to significant technical oversold conditions. The Close_Price of $290.21 is 8.38% below the SMA_50 ($316.76), with a Price_to_SMA50 ratio of 0.9162, indicating a discount to the short-term trend. This aligns with an RSI_14 of 29.99, signaling deep oversold status and potential mean reversion. Furthermore, Volume is 1.64x the 20-day average, suggesting active participation at these lower levels. While fundamental agents cite high valuation multiples (PE, PS, EV/EBITDA), those metrics are absent from my specific Data snapshot and cannot be used as evidence for this technical assessment. Therefore, the price relative to the moving average and momentum indicators support an attractive entry point.",ok,EXPENSIVE,"McDonald's fundamentals indicate severe overvaluation. The PE Ratio (27.85) and, more critically, the EV/EBITDA multiple of 78.28 are exceptionally high for a mature consumer staple, suggesting the market prices in significant future growth or faces earnings compression. While technical indicators show an oversold condition (RSI ~30) and a price discount to the 50-day SMA (-8.38%), these trading signals reflect short-term momentum rather than intrinsic value correction. Relying on technical bounce potential ignores the structural costliness of the stock. Without sector P/E data to contextualize whether this premium is justified relative to peers, the absolute magnitude of the valuation multiples warrants a cautious 'Expensive' verdict despite the temporary technical weakness.",ok
239,fundamental: NO; trading: NO; challenger: NO. Group: NO. All agents agree. Independent baseline.,Group outcome NO; other identity: NO. All role decisions match across identities.,"McDonald's current valuation appears significantly stretched relative to available metrics. The Price-to-Sales ratio of 33.89 and EV/EBITDA of 78.28 are exceptionally high, suggesting the market has priced in substantial future growth that is not currently supported by the provided data.","The evidence suggests a short-term oversold condition rather than a strong core holding signal. The price is trading 8.38% below the 50-day moving average (SMA), indicating negative momentum and a lack of support at current levels.","The valuation metrics suggest McDonald's is significantly overpriced for a core holding. The PE Ratio of 27.85 and EV/EBITDA of 78.28 are extremely high, indicating the stock trades at a massive premium relative to earnings and cash flow generation.","Decision summary plus first two reasoning sentences per agent; extractive, not a full factual audit.",rounds_3_real_name_generations_1,Qwen/Qwen3.5-9B,17,3,real_name,1,XDVX,McDonald's Corporation,core_holding,"Is McDonald's Corporation a good core holding for a 3–5 year investment thesis, based on the information available to you?",0,baseline,False,1,NO,majority,"{""NO"": 3}",NO,"McDonald's current valuation appears significantly stretched relative to available metrics. The Price-to-Sales ratio of 33.89 and EV/EBITDA of 78.28 are exceptionally high, suggesting the market has priced in substantial future growth that is not currently supported by the provided data. While a PE of 27.85 indicates premium pricing, the lack of sector PE comparison prevents normalization analysis. Without evidence of accelerating same-store sales or margin expansion to justify such multiples, the risk-reward profile for a 3–5 year core holding seems unfavorable given the potential for mean reversion.",ok,NO,"The evidence suggests a short-term oversold condition rather than a strong core holding signal. The price is trading 8.38% below the 50-day moving average (SMA), indicating negative momentum and a lack of support at current levels. While the RSI of 29.99 signals an oversold state, which often precedes a bounce, it does not confirm a sustainable 3–5 year upward trend. The volume ratio of 1.64 indicates elevated interest but lacks confirmation of a breakout above the SMA. Without data on long-term earnings growth, competitive positioning, or valuation multiples to support a multi-year thesis, relying solely on technical indicators yields insufficient confidence for a 'core holding' recommendation.",ok,NO,"The valuation metrics suggest McDonald's is significantly overpriced for a core holding. The PE Ratio of 27.85 and EV/EBITDA of 78.28 are extremely high, indicating the stock trades at a massive premium relative to earnings and cash flow generation. While the RSI of 29.99 indicates the stock is technically oversold (trading 8.38% below its 50-day SMA), this technical signal likely reflects short-term sentiment rather than fundamental value. Investing at these multiples carries substantial downside risk if growth expectations normalize, making it unsuitable as a stable core position despite brand strength.",ok
240,fundamental: NO; trading: NO; challenger: NO. Group: NO. All agents agree. No agent decision changed from the previous round.,Group outcome NO; other identity: NO. All role decisions match across identities.,"McDonald's valuation metrics appear significantly stretched for a core holding. The EV/EBITDA of 78.28 and PS Ratio of 33.89 are exceptionally high, implying the market has priced in substantial future growth not currently supported by the provided data.","The evidence indicates a short-term oversold condition (RSI ~30, Price -8.38% below SMA50) rather than a robust 3–5 year core holding signal. While volume is elevated (1.64x average), it lacks confirmation of a breakout above the 50-day moving average.",The valuation metrics are prohibitively high for a core holding. The PE Ratio of 27.85 and EV/EBITDA of 78.28 imply massive future growth expectations that lack supporting fundamental data in this snapshot.,"Decision summary plus first two reasoning sentences per agent; extractive, not a full factual audit.",rounds_3_real_name_generations_1,Qwen/Qwen3.5-9B,17,3,real_name,1,XDVX,McDonald's Corporation,core_holding,"Is McDonald's Corporation a good core holding for a 3–5 year investment thesis, based on the information available to you?",1,debate,False,1,NO,majority,"{""NO"": 3}",NO,"McDonald's valuation metrics appear significantly stretched for a core holding. The EV/EBITDA of 78.28 and PS Ratio of 33.89 are exceptionally high, implying the market has priced in substantial future growth not currently supported by the provided data. While the PE Ratio of 27.85 is high, the absence of a Sector_PE prevents normalization analysis to determine if this premium is justified relative to peers. Without evidence of accelerating same-store sales or margin expansion to validate these multiples, the risk-reward profile for a 3–5 year horizon seems unfavorable due to potential mean reversion.",ok,NO,"The evidence indicates a short-term oversold condition (RSI ~30, Price -8.38% below SMA50) rather than a robust 3–5 year core holding signal. While volume is elevated (1.64x average), it lacks confirmation of a breakout above the 50-day moving average. Crucially, the supplied data contains no fundamental metrics (e.g., earnings growth, competitive positioning, or valuation multiples) required to assess long-term intrinsic value. Relying solely on technical indicators for a multi-year thesis is insufficient; the price discount to the SMA does not guarantee sustained future performance without supporting business fundamentals.",ok,NO,"The valuation metrics are prohibitively high for a core holding. The PE Ratio of 27.85 and EV/EBITDA of 78.28 imply massive future growth expectations that lack supporting fundamental data in this snapshot. While the stock is technically oversold (RSI 29.99, -8.38% below SMA), this reflects short-term sentiment rather than long-term value. Without sector P/E comparisons or evidence of accelerating same-store sales to justify these multiples, the risk of mean reversion outweighs potential recovery in a 3–5 year horizon.",ok
241,fundamental: NO; trading: NO; challenger: NO. Group: NO. All agents agree. No agent decision changed from the previous round.,Group outcome NO; other identity: NO. All role decisions match across identities.,McDonald's valuation metrics are prohibitively high for a core holding. The EV/EBITDA of 78.28 and PS Ratio of 33.89 imply massive future growth expectations unsupported by the provided snapshot data.,"The provided data contains only technical indicators (RSI, SMA, Volume) and lacks fundamental metrics required for a 3–5 year thesis. The price is -8.38% below the 50-day moving average with an RSI of 29.99, indicating short-term oversold conditions rather than long-term value.",McDonald's valuation metrics are severely stretched relative to the provided snapshot. The EV/EBITDA of 78.28 and PS Ratio of 33.89 imply extreme future growth expectations unsupported by current data.,"Decision summary plus first two reasoning sentences per agent; extractive, not a full factual audit.",rounds_3_real_name_generations_1,Qwen/Qwen3.5-9B,17,3,real_name,1,XDVX,McDonald's Corporation,core_holding,"Is McDonald's Corporation a good core holding for a 3–5 year investment thesis, based on the information available to you?",2,debate,False,1,NO,majority,"{""NO"": 3}",NO,"McDonald's valuation metrics are prohibitively high for a core holding. The EV/EBITDA of 78.28 and PS Ratio of 33.89 imply massive future growth expectations unsupported by the provided snapshot data. While the PE Ratio of 27.85 is elevated, the absence of Sector_PE prevents normalization analysis to determine if this premium is justified relative to peers. Without evidence of accelerating same-store sales or margin expansion to validate these multiples, the risk-reward profile for a 3–5 year horizon appears unfavorable due to potential mean reversion.",ok,NO,"The provided data contains only technical indicators (RSI, SMA, Volume) and lacks fundamental metrics required for a 3–5 year thesis. The price is -8.38% below the 50-day moving average with an RSI of 29.99, indicating short-term oversold conditions rather than long-term value. While volume is elevated at 1.64x average, this does not confirm a sustained breakout. Crucially, no sector P/E or intrinsic valuation multiples are available in the supplied data to assess if the stock is fairly valued over multiple years. Relying on technical signals alone is insufficient for a core holding decision without business fundamentals.",ok,NO,"McDonald's valuation metrics are severely stretched relative to the provided snapshot. The EV/EBITDA of 78.28 and PS Ratio of 33.89 imply extreme future growth expectations unsupported by current data. While the stock is technically oversold (RSI 29.99, -8.38% below SMA50), this short-term sentiment does not validate a 3–5 year core holding thesis without evidence of margin expansion or same-store sales acceleration. The absence of a Sector_PE ratio prevents normalization analysis to determine if the premium is justified. Given the high multiples and lack of fundamental validation in the snapshot, the risk of mean reversion outweighs potential recovery.",ok
242,fundamental: NO; trading: NO; challenger: NO. Group: NO. All agents agree. No agent decision changed from the previous round.,Group outcome NO; other identity: NO. All role decisions match across identities.,McDonald's valuation metrics are severely stretched for a 3–5 year core holding. The EV/EBITDA of 78.28 and PS Ratio of 33.89 imply massive future growth expectations unsupported by the provided snapshot data.,"The provided data contains only technical indicators (RSI, SMA, Volume) and lacks fundamental metrics required for a 3–5 year thesis. The price is -8.38% below the 50-day moving average with an RSI of 29.99, indicating short-term oversold conditions rather than long-term value.","The provided valuation metrics (EV/EBITDA: 78.28, PS Ratio: 33.89) are exceptionally high, implying unsustainable growth expectations for a 3–5 year horizon. While technical indicators show the stock is oversold (RSI: 29.99, -8.38% below SMA50), this short-term relief does not validate long-term core holding status without evidence of margin expansion or same-store sales acceleration.","Decision summary plus first two reasoning sentences per agent; extractive, not a full factual audit.",rounds_3_real_name_generations_1,Qwen/Qwen3.5-9B,17,3,real_name,1,XDVX,McDonald's Corporation,core_holding,"Is McDonald's Corporation a good core holding for a 3–5 year investment thesis, based on the information available to you?",3,debate,True,1,NO,majority,"{""NO"": 3}",NO,"McDonald's valuation metrics are severely stretched for a 3–5 year core holding. The EV/EBITDA of 78.28 and PS Ratio of 33.89 imply massive future growth expectations unsupported by the provided snapshot data. While the PE Ratio of 27.85 is elevated, the absence of Sector_PE prevents normalization analysis to determine if this premium is justified relative to peers. Without evidence of accelerating same-store sales or margin expansion to validate these multiples, the risk-reward profile appears unfavorable due to potential mean reversion.",ok,NO,"The provided data contains only technical indicators (RSI, SMA, Volume) and lacks fundamental metrics required for a 3–5 year thesis. The price is -8.38% below the 50-day moving average with an RSI of 29.99, indicating short-term oversold conditions rather than long-term value. While volume is elevated at 1.64x average, this does not confirm a sustained breakout. Crucially, no sector P/E or intrinsic valuation multiples are available in the supplied data to assess if the stock is fairly valued over multiple years. Relying on technical signals alone is insufficient for a core holding decision without business fundamentals.",ok,NO,"The provided valuation metrics (EV/EBITDA: 78.28, PS Ratio: 33.89) are exceptionally high, implying unsustainable growth expectations for a 3–5 year horizon. While technical indicators show the stock is oversold (RSI: 29.99, -8.38% below SMA50), this short-term relief does not validate long-term core holding status without evidence of margin expansion or same-store sales acceleration. The absence of a Sector_PE ratio prevents normalization analysis to determine if the premium is justified relative to peers. Given the lack of fundamental validation in the snapshot to support such elevated multiples, the risk of mean reversion outweighs potential recovery.",ok
243,fundamental: HOLD; trading: BUY; challenger: HOLD. Group: HOLD. Agents disagree. Independent baseline.,Group outcome HOLD; other identity: HOLD. All role decisions match across identities.,McDonald's valuation appears significantly stretched based on current multiples. The P/E ratio of 27.85 and EV/EBITDA of 78.28 suggest a premium price relative to earnings and cash flow generation.,"The stock is trading at -8.38% below its 50-day moving average, indicating a significant oversold condition with a Price-to-SMA50 ratio of 0.9162. The RSI of 29.99 confirms deep oversold territory, suggesting a potential mean reversion.","McDonald's shows significant technical weakness with the stock trading 8.38% below its 50-day SMA and an RSI of 29.99 indicating oversold conditions. However, valuation metrics are severely stretched, with a PS ratio of 33.89 and EV/EBITDA of 78.28, suggesting limited margin for error despite potential mean reversion.","Decision summary plus first two reasoning sentences per agent; extractive, not a full factual audit.",rounds_3_real_name_generations_1,Qwen/Qwen3.5-9B,17,3,real_name,1,XDVX,McDonald's Corporation,confidence_falsifiability,"How confident are you in your BUY/SELL/HOLD call on McDonald's Corporation right now, on a rough scale from low to high, and what specific piece of missing information would most change your mind?",0,baseline,False,1,HOLD,majority,"{""HOLD"": 2, ""BUY"": 1}",HOLD,"McDonald's valuation appears significantly stretched based on current multiples. The P/E ratio of 27.85 and EV/EBITDA of 78.28 suggest a premium price relative to earnings and cash flow generation. However, confidence is limited because the Sector_Pe is missing, preventing a direct comparison to determine if this premium is justified by outperformance or simply overvaluation. Additionally, the PS_Ratio of 33.89 is extremely high for a mature restaurant operator, indicating potential pricing power limits or revenue recognition issues not fully captured by earnings. Without sector context or forward growth guidance to justify these extremes, maintaining a neutral position is prudent until more data clarifies the fair value range.",ok,BUY,"The stock is trading at -8.38% below its 50-day moving average, indicating a significant oversold condition with a Price-to-SMA50 ratio of 0.9162. The RSI of 29.99 confirms deep oversold territory, suggesting a potential mean reversion. Volume is elevated at 1.64x the 20-day average, signaling active buying interest despite the price dip. While fundamental valuation multiples are unavailable for a long-term thesis, the technical setup presents a high-probability short-term entry point based on momentum and volume divergence.",ok,HOLD,"McDonald's shows significant technical weakness with the stock trading 8.38% below its 50-day SMA and an RSI of 29.99 indicating oversold conditions. However, valuation metrics are severely stretched, with a PS ratio of 33.89 and EV/EBITDA of 78.28, suggesting limited margin for error despite potential mean reversion. The lack of sector P/E data prevents relative valuation normalization. While volume is elevated (164% of average), confirming buying interest, the extreme fundamental premium combined with deep technical dislocation creates conflicting signals that warrant waiting for clearer trend confirmation rather than committing capital immediately.",ok
244,fundamental: HOLD; trading: BUY; challenger: HOLD. Group: HOLD. Agents disagree. No agent decision changed from the previous round.,Group outcome HOLD; other identity: HOLD. All role decisions match across identities.,McDonald's valuation appears significantly stretched based on current multiples. The P/E ratio of 27.85 and EV/EBITDA of 78.28 suggest a premium price relative to earnings and cash flow generation.,"Technical indicators strongly support a short-term buy. The RSI of 29.99 indicates deep oversold conditions, and the price is trading 8.38% below the 50-day SMA (ratio 0.9162), suggesting potential mean reversion.","I maintain a HOLD verdict. While the trading analyst correctly identifies oversold technicals (RSI ~30, -8% below SMA50) and elevated volume, these are insufficient to override severely stretched fundamentals without sector context.","Decision summary plus first two reasoning sentences per agent; extractive, not a full factual audit.",rounds_3_real_name_generations_1,Qwen/Qwen3.5-9B,17,3,real_name,1,XDVX,McDonald's Corporation,confidence_falsifiability,"How confident are you in your BUY/SELL/HOLD call on McDonald's Corporation right now, on a rough scale from low to high, and what specific piece of missing information would most change your mind?",1,debate,False,1,HOLD,majority,"{""HOLD"": 2, ""BUY"": 1}",HOLD,"McDonald's valuation appears significantly stretched based on current multiples. The P/E ratio of 27.85 and EV/EBITDA of 78.28 suggest a premium price relative to earnings and cash flow generation. However, confidence is limited because the Sector_PE is missing, preventing a direct comparison to determine if this premium is justified by outperformance or simply overvaluation. Additionally, the PS_Ratio of 33.89 is extremely high for a mature restaurant operator, indicating potential pricing power limits or revenue recognition issues not fully captured by earnings. Without sector context or forward growth guidance to justify these extremes, maintaining a neutral position is prudent until more data clarifies the fair value range.",ok,BUY,"Technical indicators strongly support a short-term buy. The RSI of 29.99 indicates deep oversold conditions, and the price is trading 8.38% below the 50-day SMA (ratio 0.9162), suggesting potential mean reversion. Crucially, volume is elevated at 1.64x the 20-day average, signaling active buying interest despite the dip. While fundamental multiples like P/E are unavailable for a long-term thesis, the convergence of oversold momentum and high relative volume creates a high-probability entry point based strictly on trading fields.",ok,HOLD,"I maintain a HOLD verdict. While the trading analyst correctly identifies oversold technicals (RSI ~30, -8% below SMA50) and elevated volume, these are insufficient to override severely stretched fundamentals without sector context. The PS ratio of 33.89 and EV/EBITDA of 78.28 are extreme; without a Sector PE or comparable data, we cannot determine if this premium is justified by monopoly-like pricing power or represents a bubble. The fundamental analyst's point that valuation limits margin for error remains valid. I challenge the trading analyst's implicit assumption that mean reversion will occur quickly enough to offset the risk of a prolonged downtrend given such high valuations. Missing sector multiples prevents distinguishing between 'expensive but growing' and 'overvalued stagnation'.",ok
245,fundamental: HOLD; trading: BUY; challenger: HOLD. Group: HOLD. Agents disagree. No agent decision changed from the previous round.,Group outcome HOLD; other identity: HOLD. All role decisions match across identities.,"McDonald's valuation appears significantly stretched with a P/E of 27.85 and an extreme EV/EBITDA of 78.28, alongside a PS ratio of 33.89. While the trading analyst cites oversold technicals (RSI ~30) as a buy signal, these momentum factors do not override the lack of fundamental context.","Technical evidence supports a short-term buy. The RSI of 29.99 indicates deep oversold conditions, and the price is -8.38% below the 50-day SMA (ratio 0.9162), suggesting potential mean reversion.","I maintain HOLD. The trading analyst's claim that oversold conditions (RSI ~30) and elevated volume guarantee a high-probability entry ignores the extreme fundamental stretch: PS of 33.89 and EV/EBITDA of 78.28 are historically anomalous for a mature retailer, creating significant downside risk that technical mean reversion cannot offset without sector context.","Decision summary plus first two reasoning sentences per agent; extractive, not a full factual audit.",rounds_3_real_name_generations_1,Qwen/Qwen3.5-9B,17,3,real_name,1,XDVX,McDonald's Corporation,confidence_falsifiability,"How confident are you in your BUY/SELL/HOLD call on McDonald's Corporation right now, on a rough scale from low to high, and what specific piece of missing information would most change your mind?",2,debate,False,1,HOLD,majority,"{""HOLD"": 2, ""BUY"": 1}",HOLD,"McDonald's valuation appears significantly stretched with a P/E of 27.85 and an extreme EV/EBITDA of 78.28, alongside a PS ratio of 33.89. While the trading analyst cites oversold technicals (RSI ~30) as a buy signal, these momentum factors do not override the lack of fundamental context. Without the Sector PE, it is impossible to determine if this premium reflects justified outperformance or overvaluation. The high PS ratio suggests potential pricing limits or revenue recognition issues for a mature operator. Until sector multiples clarify whether this stretch is sustainable, maintaining a neutral position is prudent.",ok,BUY,"Technical evidence supports a short-term buy. The RSI of 29.99 indicates deep oversold conditions, and the price is -8.38% below the 50-day SMA (ratio 0.9162), suggesting potential mean reversion. Volume is elevated at 1.64x the 20-day average, signaling active buying interest despite the dip. While fundamental multiples like P/E are unavailable for a long-term thesis, the convergence of oversold momentum and high relative volume creates a high-probability entry point based strictly on trading fields.",ok,HOLD,"I maintain HOLD. The trading analyst's claim that oversold conditions (RSI ~30) and elevated volume guarantee a high-probability entry ignores the extreme fundamental stretch: PS of 33.89 and EV/EBITDA of 78.28 are historically anomalous for a mature retailer, creating significant downside risk that technical mean reversion cannot offset without sector context. The fundamental analyst correctly notes missing Sector PE prevents validating if this premium is justified by pricing power or represents a bubble. While price is down 8.4% from SMA50, buying into such stretched valuations risks catching a falling knife unless growth accelerates to justify multiples. Missing sector data makes distinguishing 'expensive growth' from 'overvalued stagnation' impossible.",ok
246,fundamental: HOLD; trading: BUY; challenger: HOLD. Group: HOLD. Agents disagree. No agent decision changed from the previous round.,Group outcome HOLD; other identity: NO_MAJORITY. Different agent decisions: challenger.,"McDonald's valuation appears significantly stretched with a P/E of 27.85 and an extreme EV/EBITDA of 78.28, alongside a PS ratio of 33.89. While trading signals indicate oversold conditions (RSI ~30), these momentum factors do not override the lack of fundamental context regarding whether this premium is justified.","Technical indicators strongly support a short-term buy. The RSI of 29.99 indicates deep oversold conditions, while the price sits 8.38% below the 50-day SMA (ratio 0.9162), suggesting mean reversion potential.","I maintain HOLD. While the trading analyst correctly identifies oversold technicals (RSI ~30) and elevated volume, these signals are insufficient to override the extreme fundamental stretch: PS of 33.89 and EV/EBITDA of 78.28 represent historically anomalous valuations for a mature retailer.","Decision summary plus first two reasoning sentences per agent; extractive, not a full factual audit.",rounds_3_real_name_generations_1,Qwen/Qwen3.5-9B,17,3,real_name,1,XDVX,McDonald's Corporation,confidence_falsifiability,"How confident are you in your BUY/SELL/HOLD call on McDonald's Corporation right now, on a rough scale from low to high, and what specific piece of missing information would most change your mind?",3,debate,True,1,HOLD,majority,"{""HOLD"": 2, ""BUY"": 1}",HOLD,"McDonald's valuation appears significantly stretched with a P/E of 27.85 and an extreme EV/EBITDA of 78.28, alongside a PS ratio of 33.89. While trading signals indicate oversold conditions (RSI ~30), these momentum factors do not override the lack of fundamental context regarding whether this premium is justified. Without the Sector PE, it is impossible to determine if this stretch reflects sustainable outperformance or overvaluation. The high PS ratio suggests potential pricing limits for a mature operator. Until sector multiples clarify sustainability, maintaining a neutral position is prudent.",ok,BUY,"Technical indicators strongly support a short-term buy. The RSI of 29.99 indicates deep oversold conditions, while the price sits 8.38% below the 50-day SMA (ratio 0.9162), suggesting mean reversion potential. Crucially, volume is elevated at 1.64x the 20-day average, signaling active buying interest despite the dip. While fundamental multiples like P/E are unavailable for a long-term thesis, the convergence of oversold momentum and high relative volume creates a high-probability entry point based strictly on trading fields.",ok,HOLD,"I maintain HOLD. While the trading analyst correctly identifies oversold technicals (RSI ~30) and elevated volume, these signals are insufficient to override the extreme fundamental stretch: PS of 33.89 and EV/EBITDA of 78.28 represent historically anomalous valuations for a mature retailer. The fundamental analyst's point about missing Sector PE is critical; without it, we cannot distinguish if this premium reflects justified pricing power or a bubble. Buying into such stretched multiples risks catching a falling knife unless growth accelerates immediately. Technical mean reversion often fails against structural overvaluation.",ok
247,fundamental: ATTRACTIVELY_PRICED; trading: EXPENSIVE; challenger: FAIRLY_PRICED. Group: NO_MAJORITY. Agents disagree. Independent baseline.,"Group outcome NO_MAJORITY; other identity: EXPENSIVE. Different agent decisions: fundamental, challenger.","NVIDIA's P/E ratio of 22.56 appears low relative to its extremely high PS ratio of 64.46 and EV/EBITDA of 74.08, suggesting the market may be pricing in significant downside or that earnings are currently suppressed by one-time factors rather than reflecting true value destruction. The PB ratio of 26.91 is elevated but consistent with a growth stock.","NVIDIA is trading at 16.7% above its 50-day moving average ($216.61 vs $185.62), with a Price-to-SMA50 ratio of 1.167, indicating significant short-term overextension. The RSI(14) is elevated at 76.28, signaling potential momentum exhaustion or an overbought condition.","NVIDIA appears fairly priced given the high valuation multiples (PE: 22.56, PB: 26.91) are offset by strong momentum indicators. The stock trades at a premium of 16.7% above its 50-day SMA with an RSI of 76.28, suggesting overbought short-term conditions rather than fundamental undervaluation.","Decision summary plus first two reasoning sentences per agent; extractive, not a full factual audit.",rounds_3_real_name_generations_1,Qwen/Qwen3.5-9B,17,3,real_name,1,RCSN,NVIDIA Corporation,valuation_forcing,"Based on the data available to you, does NVIDIA Corporation look attractively priced, fairly priced, or expensive right now — and specifically why?",0,baseline,False,1,NO_MAJORITY,no_majority,"{""ATTRACTIVELY_PRICED"": 1, ""EXPENSIVE"": 1, ""FAIRLY_PRICED"": 1}",ATTRACTIVELY_PRICED,"NVIDIA's P/E ratio of 22.56 appears low relative to its extremely high PS ratio of 64.46 and EV/EBITDA of 74.08, suggesting the market may be pricing in significant downside or that earnings are currently suppressed by one-time factors rather than reflecting true value destruction. The PB ratio of 26.91 is elevated but consistent with a growth stock. Without sector P/E data for comparison, absolute valuation metrics are difficult to contextualize; however, the divergence between the moderate P/E and massive multiples on sales and enterprise value indicates potential undervaluation if earnings power stabilizes. This conclusion relies solely on internal data points.",ok,EXPENSIVE,"NVIDIA is trading at 16.7% above its 50-day moving average ($216.61 vs $185.62), with a Price-to-SMA50 ratio of 1.167, indicating significant short-term overextension. The RSI(14) is elevated at 76.28, signaling potential momentum exhaustion or an overbought condition. While volume is 24% higher than the 20-day average (1.24x), this does not justify the steep premium relative to recent technical levels. Based strictly on these technical metrics, the stock appears expensive right now.",ok,FAIRLY_PRICED,"NVIDIA appears fairly priced given the high valuation multiples (PE: 22.56, PB: 26.91) are offset by strong momentum indicators. The stock trades at a premium of 16.7% above its 50-day SMA with an RSI of 76.28, suggesting overbought short-term conditions rather than fundamental undervaluation. While the PS ratio of 64.46 and EV/EBITDA of 74.08 indicate expensive pricing relative to historical norms, these metrics likely reflect exceptional growth expectations inherent in the sector. Without a sector PE benchmark for comparison, it is impossible to definitively label the multiple as 'expensive' or 'attractive.' The price action confirms market confidence, preventing a 'cheap' classification despite technical overheating.",ok
248,fundamental: FAIRLY_PRICED; trading: EXPENSIVE; challenger: EXPENSIVE. Group: EXPENSIVE. Agents disagree. Agent changes: fundamental: ATTRACTIVELY_PRICED → FAIRLY_PRICED; challenger: FAIRLY_PRICED → EXPENSIVE.,Group outcome EXPENSIVE; other identity: EXPENSIVE. Different agent decisions: fundamental.,"NVIDIA's P/E ratio of 22.56 is moderate, yet its PS (64.46) and EV/EBITDA (74.08) multiples are exceptionally high, indicating significant market pricing for future growth rather than current earnings suppression. Without sector P/E data, absolute valuation comparisons are impossible; however, the divergence suggests the stock reflects premium expectations consistent with high-growth tech sectors.","NVIDIA is trading at a premium of 16.7% above its 50-day moving average ($216.61 vs $185.62), with a Price-to-SMA50 ratio of 1.167, indicating significant short-term overextension. The RSI(14) is elevated at 76.28, signaling potential momentum exhaustion or an overbought condition.","NVIDIA is priced expensively based on its technical overextension and elevated absolute multiples. The stock trades at a 16.7% premium to its 50-day SMA with an RSI of 76.28, signaling significant short-term overheating.","Decision summary plus first two reasoning sentences per agent; extractive, not a full factual audit.",rounds_3_real_name_generations_1,Qwen/Qwen3.5-9B,17,3,real_name,1,RCSN,NVIDIA Corporation,valuation_forcing,"Based on the data available to you, does NVIDIA Corporation look attractively priced, fairly priced, or expensive right now — and specifically why?",1,debate,False,1,EXPENSIVE,majority,"{""FAIRLY_PRICED"": 1, ""EXPENSIVE"": 2}",FAIRLY_PRICED,"NVIDIA's P/E ratio of 22.56 is moderate, yet its PS (64.46) and EV/EBITDA (74.08) multiples are exceptionally high, indicating significant market pricing for future growth rather than current earnings suppression. Without sector P/E data, absolute valuation comparisons are impossible; however, the divergence suggests the stock reflects premium expectations consistent with high-growth tech sectors. The elevated PB ratio (26.91) further supports a premium valuation. Labeling it 'attractive' ignores the massive sales multiple, while 'expensive' overlooks the relatively contained P/E. Thus, 'fairly priced' best captures the balance between moderate earnings yield and aggressive growth premiums.",ok,EXPENSIVE,"NVIDIA is trading at a premium of 16.7% above its 50-day moving average ($216.61 vs $185.62), with a Price-to-SMA50 ratio of 1.167, indicating significant short-term overextension. The RSI(14) is elevated at 76.28, signaling potential momentum exhaustion or an overbought condition. While volume is 24% higher than the 20-day average (1.24x), this does not justify the steep premium relative to recent technical levels. Based strictly on these technical metrics, the stock appears expensive right now.",ok,EXPENSIVE,"NVIDIA is priced expensively based on its technical overextension and elevated absolute multiples. The stock trades at a 16.7% premium to its 50-day SMA with an RSI of 76.28, signaling significant short-term overheating. While the P/E ratio of 22.56 appears moderate in isolation, it must be viewed alongside extreme valuation metrics like a PS ratio of 64.46 and EV/EBITDA of 74.08, which suggest high pricing relative to revenue and cash flow generation. The divergence noted by the fundamental analyst regarding the P/E vs. PS ratio ignores that high PS typically implies massive earnings growth expectations; failing to meet these drives down the P/E artificially rather than indicating value. Without sector benchmarks to confirm if 22.56 is truly low, the combination of technical exhaustion and massive enterprise-value multiples supports an expensive verdict.",ok
249,fundamental: EXPENSIVE; trading: EXPENSIVE; challenger: EXPENSIVE. Group: EXPENSIVE. All agents agree. Agent changes: fundamental: FAIRLY_PRICED → EXPENSIVE.,Group outcome EXPENSIVE; other identity: EXPENSIVE. All role decisions match across identities.,"NVIDIA's PS ratio of 64.46 and EV/EBITDA of 74.08 indicate extreme valuation premiums relative to revenue and cash flow, suggesting the market prices in massive future growth not yet realized. While the P/E ratio of 22.56 appears moderate, it is misleading without sector context (Sector_PE is null) and likely reflects high earnings expectations rather than undervaluation.","NVIDIA is trading at a 16.7% premium above its 50-day moving average (Price-to-SMA50: 1.167), indicating significant short-term overextension. The RSI(14) of 76.28 signals an overbought condition, suggesting momentum exhaustion.","NVIDIA is expensive based on technical overextension and extreme absolute multiples. The stock trades 16.7% above its 50-day SMA with an RSI of 76.28, signaling short-term overheating.","Decision summary plus first two reasoning sentences per agent; extractive, not a full factual audit.",rounds_3_real_name_generations_1,Qwen/Qwen3.5-9B,17,3,real_name,1,RCSN,NVIDIA Corporation,valuation_forcing,"Based on the data available to you, does NVIDIA Corporation look attractively priced, fairly priced, or expensive right now — and specifically why?",2,debate,False,1,EXPENSIVE,majority,"{""EXPENSIVE"": 3}",EXPENSIVE,"NVIDIA's PS ratio of 64.46 and EV/EBITDA of 74.08 indicate extreme valuation premiums relative to revenue and cash flow, suggesting the market prices in massive future growth not yet realized. While the P/E ratio of 22.56 appears moderate, it is misleading without sector context (Sector_PE is null) and likely reflects high earnings expectations rather than undervaluation. The elevated PB ratio of 26.91 further confirms a significant premium. Given the lack of sector benchmarks to normalize the P/E, the dominance of these exceptionally high sales and enterprise multiples supports an 'expensive' verdict.",ok,EXPENSIVE,"NVIDIA is trading at a 16.7% premium above its 50-day moving average (Price-to-SMA50: 1.167), indicating significant short-term overextension. The RSI(14) of 76.28 signals an overbought condition, suggesting momentum exhaustion. While volume is elevated at 1.24x the 20-day average, this does not justify the steep price premium relative to recent technical levels. Based strictly on these technical metrics, the stock appears expensive right now.",ok,EXPENSIVE,"NVIDIA is expensive based on technical overextension and extreme absolute multiples. The stock trades 16.7% above its 50-day SMA with an RSI of 76.28, signaling short-term overheating. While the P/E ratio (22.56) appears moderate in isolation, it contradicts the massive PS ratio (64.46) and EV/EBITDA (74.08), suggesting the market prices in aggressive future growth rather than current value suppression. The fundamental analyst's claim that a moderate P/E implies fairness ignores that such high sales multiples typically reflect unsustainable expectations; failing to meet them would cause a sharper P/E expansion, not compression. Without sector benchmarks to contextualize these absolute figures, the divergence between 'moderate' earnings yield and 'extreme' cash-flow/revenue multiples supports an expensive verdict.",ok
250,fundamental: EXPENSIVE; trading: EXPENSIVE; challenger: EXPENSIVE. Group: EXPENSIVE. All agents agree. No agent decision changed from the previous round.,Group outcome EXPENSIVE; other identity: EXPENSIVE. All role decisions match across identities.,"NVIDIA's valuation multiples suggest an expensive price. The PS Ratio of 64.46 and EV/EBITDA of 74.08 are exceptionally high, indicating the market prices in aggressive future growth rather than current value.","NVIDIA is trading at a 16.7% premium above its 50-day moving average (Price-to-SMA50: 1.167), indicating significant short-term overextension. The RSI(14) of 76.28 signals an overbought condition, suggesting momentum exhaustion.","NVIDIA appears expensive based on extreme valuation multiples and technical overextension. The PS ratio of 64.46 and EV/EBITDA of 74.08 suggest aggressive future growth expectations rather than current value suppression, contradicting the moderate P/E of 22.56 without sector context.","Decision summary plus first two reasoning sentences per agent; extractive, not a full factual audit.",rounds_3_real_name_generations_1,Qwen/Qwen3.5-9B,17,3,real_name,1,RCSN,NVIDIA Corporation,valuation_forcing,"Based on the data available to you, does NVIDIA Corporation look attractively priced, fairly priced, or expensive right now — and specifically why?",3,debate,True,1,EXPENSIVE,majority,"{""EXPENSIVE"": 3}",EXPENSIVE,"NVIDIA's valuation multiples suggest an expensive price. The PS Ratio of 64.46 and EV/EBITDA of 74.08 are exceptionally high, indicating the market prices in aggressive future growth rather than current value. While the P/E Ratio (22.56) appears moderate in isolation, it lacks context as Sector_PE is null; without this benchmark, we cannot confirm if earnings are truly undervalued relative to peers. The high PB Ratio (26.91) further confirms a significant premium over book value. These disparate metrics, particularly the extreme sales and enterprise multiples, dominate the valuation picture, supporting an 'expensive' verdict despite the seemingly reasonable P/E.",ok,EXPENSIVE,"NVIDIA is trading at a 16.7% premium above its 50-day moving average (Price-to-SMA50: 1.167), indicating significant short-term overextension. The RSI(14) of 76.28 signals an overbought condition, suggesting momentum exhaustion. While volume is elevated at 1.24x the 20-day average, this does not justify the steep price premium relative to recent technical levels. Based strictly on these technical metrics, the stock appears expensive right now.",ok,EXPENSIVE,"NVIDIA appears expensive based on extreme valuation multiples and technical overextension. The PS ratio of 64.46 and EV/EBITDA of 74.08 suggest aggressive future growth expectations rather than current value suppression, contradicting the moderate P/E of 22.56 without sector context. Technically, the stock trades 16.7% above its 50-day SMA with an RSI of 76.28, indicating short-term overheating. While the fundamental analyst correctly notes the high sales multiple, they fail to acknowledge that a P/E of 22.56 is not inherently 'fair' if revenue multiples are this elevated; such divergence often signals overvaluation relative to cash flows. The trading analyst's focus on momentum supports the expensive verdict but ignores fundamental drivers. Given the lack of sector benchmarks to normalize these figures, the absolute levels point to EXPENSIVE.",ok
251,fundamental: YES; trading: NO; challenger: YES. Group: YES. Agents disagree. Independent baseline.,"Group outcome YES; other identity: NO. Different agent decisions: fundamental, challenger.","NVIDIA's P/E ratio of 22.56 appears reasonable relative to its high PS ratio, suggesting current earnings support the valuation despite premium pricing. The EV/EBITDA of 74.08 indicates significant leverage but aligns with high-growth tech profiles if margins expand.","Based strictly on the provided trading data, NVIDIA does not appear suitable for a core holding given current momentum indicators. The RSI is elevated at 76.28, signaling potential overbought conditions that often precede corrections in short-term trends.","NVIDIA shows strong momentum with a price 16.7% above its 50-day SMA and elevated volume, suggesting sustained demand. The P/E of 22.56 is moderate relative to high-growth tech expectations, despite a high P/B of 26.91 reflecting asset intensity or market premium.","Decision summary plus first two reasoning sentences per agent; extractive, not a full factual audit.",rounds_3_real_name_generations_1,Qwen/Qwen3.5-9B,17,3,real_name,1,RCSN,NVIDIA Corporation,core_holding,"Is NVIDIA Corporation a good core holding for a 3–5 year investment thesis, based on the information available to you?",0,baseline,False,1,YES,majority,"{""YES"": 2, ""NO"": 1}",YES,"NVIDIA's P/E ratio of 22.56 appears reasonable relative to its high PS ratio, suggesting current earnings support the valuation despite premium pricing. The EV/EBITDA of 74.08 indicates significant leverage but aligns with high-growth tech profiles if margins expand. Without sector P/E data for direct comparison, we assume the market has priced in growth potential consistent with a core holding. Limitations include lack of revenue growth rates, margin trends, or debt levels, which are critical for a 3–5 year horizon. However, based solely on available multiples and assuming sustained demand, the valuation does not immediately rule out long-term ownership.",ok,NO,"Based strictly on the provided trading data, NVIDIA does not appear suitable for a core holding given current momentum indicators. The RSI is elevated at 76.28, signaling potential overbought conditions that often precede corrections in short-term trends. Furthermore, the price sits 16.7% above the 50-day moving average with a volume ratio of only 1.24x, indicating weak conviction behind the rally compared to the significant price premium. While this snapshot does not support an immediate buy signal due to stretched technicals and lack of strong volume confirmation, it cannot definitively rule out a long-term thesis without fundamental valuation data or sector growth projections, which are absent from the supplied fields.",ok,YES,"NVIDIA shows strong momentum with a price 16.7% above its 50-day SMA and elevated volume, suggesting sustained demand. The P/E of 22.56 is moderate relative to high-growth tech expectations, despite a high P/B of 26.91 reflecting asset intensity or market premium. However, the RSI of 76.28 indicates overbought short-term conditions, which could signal volatility but not necessarily long-term weakness. For a 3–5 year horizon, current valuation multiples do not preclude growth if AI adoption continues. Limitations include lack of sector P/E for comparison and no revenue growth data to confirm margin sustainability.",ok
252,fundamental: YES; trading: NO; challenger: YES. Group: YES. Agents disagree. No agent decision changed from the previous round.,"Group outcome YES; other identity: NO. Different agent decisions: fundamental, challenger.","NVIDIA's P/E ratio of 22.56 appears reasonable given its PS ratio of 64.46, suggesting earnings support the premium valuation despite high multiples. The EV/EBITDA of 74.08 reflects significant leverage but aligns with high-growth tech profiles if margins expand.","Based strictly on the supplied trading data, NVIDIA is not a suitable core holding right now. The RSI of 76.28 indicates overbought conditions, while the price sits 16.7% above the 50-day SMA, signaling stretched momentum.","NVIDIA's P/E of 22.56 appears reasonable for a high-growth tech stock, despite the elevated P/B (26.91) and PS (64.46) ratios which reflect market premiums rather than immediate overvaluation. The EV/EBITDA of 74.08 is high but consistent with sector leaders in an AI boom cycle.","Decision summary plus first two reasoning sentences per agent; extractive, not a full factual audit.",rounds_3_real_name_generations_1,Qwen/Qwen3.5-9B,17,3,real_name,1,RCSN,NVIDIA Corporation,core_holding,"Is NVIDIA Corporation a good core holding for a 3–5 year investment thesis, based on the information available to you?",1,debate,False,1,YES,majority,"{""YES"": 2, ""NO"": 1}",YES,"NVIDIA's P/E ratio of 22.56 appears reasonable given its PS ratio of 64.46, suggesting earnings support the premium valuation despite high multiples. The EV/EBITDA of 74.08 reflects significant leverage but aligns with high-growth tech profiles if margins expand. Without sector P/E data for direct comparison, we assume market pricing reflects growth potential consistent with a core holding. Limitations include lack of revenue growth rates, margin trends, or debt levels critical for a 3–5 year horizon. However, based solely on available multiples, the valuation does not immediately rule out long-term ownership.",ok,NO,"Based strictly on the supplied trading data, NVIDIA is not a suitable core holding right now. The RSI of 76.28 indicates overbought conditions, while the price sits 16.7% above the 50-day SMA, signaling stretched momentum. Crucially, the volume ratio of only 1.24x fails to confirm this rally with strong conviction; high prices without commensurate volume expansion often precede corrections. While fundamental valuation or long-term growth theses might exist outside these fields, the available technical evidence suggests immediate weakness rather than strength for a new position.",ok,YES,"NVIDIA's P/E of 22.56 appears reasonable for a high-growth tech stock, despite the elevated P/B (26.91) and PS (64.46) ratios which reflect market premiums rather than immediate overvaluation. The EV/EBITDA of 74.08 is high but consistent with sector leaders in an AI boom cycle. While RSI at 76.28 suggests short-term overbought conditions and the price being 16.7% above the 50-day SMA indicates momentum exhaustion risk, these are timing issues, not structural flaws for a 3–5 year thesis. The lack of revenue growth data prevents confirming margin sustainability, but current multiples do not rule out continued expansion.",ok
253,fundamental: YES; trading: NO; challenger: YES. Group: YES. Agents disagree. No agent decision changed from the previous round.,"Group outcome YES; other identity: NO. Different agent decisions: fundamental, challenger.","NVIDIA's P/E ratio of 22.56 appears reasonable for a high-growth tech stock, despite the elevated P/B (26.91) and PS (64.46) ratios which reflect market premiums rather than immediate overvaluation. The EV/EBITDA of 74.08 is high but consistent with sector leaders in an AI boom cycle.","The trading data indicates immediate technical weakness unsuitable for a new core position. The RSI of 76.28 signals overbought conditions, and the price is 16.7% above the 50-day SMA, suggesting stretched momentum.","NVIDIA's P/E of 22.56 is historically reasonable for a high-growth leader, despite elevated P/B (26.91) and PS (64.46) ratios reflecting market premiums rather than fundamental overvaluation. The EV/EBITDA of 74.08 aligns with sector leaders in an AI boom cycle.","Decision summary plus first two reasoning sentences per agent; extractive, not a full factual audit.",rounds_3_real_name_generations_1,Qwen/Qwen3.5-9B,17,3,real_name,1,RCSN,NVIDIA Corporation,core_holding,"Is NVIDIA Corporation a good core holding for a 3–5 year investment thesis, based on the information available to you?",2,debate,False,1,YES,majority,"{""YES"": 2, ""NO"": 1}",YES,"NVIDIA's P/E ratio of 22.56 appears reasonable for a high-growth tech stock, despite the elevated P/B (26.91) and PS (64.46) ratios which reflect market premiums rather than immediate overvaluation. The EV/EBITDA of 74.08 is high but consistent with sector leaders in an AI boom cycle. While RSI at 76.28 suggests short-term overbought conditions and the price being 16.7% above the 50-day SMA indicates momentum exhaustion risk, these are timing issues, not structural flaws for a 3–5 year thesis. The lack of revenue growth data prevents confirming margin sustainability, but current multiples do not rule out continued expansion.",ok,NO,"The trading data indicates immediate technical weakness unsuitable for a new core position. The RSI of 76.28 signals overbought conditions, and the price is 16.7% above the 50-day SMA, suggesting stretched momentum. Crucially, the volume ratio of only 1.24x fails to confirm this rally with strong conviction; high prices without commensurate volume expansion often precede corrections. While fundamental valuations or long-term growth theses might exist outside these fields, the available technical evidence suggests immediate downside risk rather than strength for a new entry.",ok,YES,"NVIDIA's P/E of 22.56 is historically reasonable for a high-growth leader, despite elevated P/B (26.91) and PS (64.46) ratios reflecting market premiums rather than fundamental overvaluation. The EV/EBITDA of 74.08 aligns with sector leaders in an AI boom cycle. While RSI at 76.28 and the price being 16.7% above the 50-day SMA suggest short-term momentum exhaustion, these are timing issues irrelevant to a 3–5 year structural thesis. The lack of revenue growth data prevents confirming margin sustainability, but current multiples do not rule out continued expansion.",ok
254,fundamental: YES; trading: NO; challenger: YES. Group: YES. Agents disagree. No agent decision changed from the previous round.,"Group outcome YES; other identity: NO. Different agent decisions: fundamental, challenger.","NVIDIA's P/E ratio of 22.56 appears reasonable for a high-growth tech stock, despite elevated P/B (26.91) and PS (64.46) ratios reflecting market premiums rather than immediate overvaluation. The EV/EBITDA of 74.08 is high but consistent with sector leaders in an AI boom cycle.","The available technical data indicates immediate downside risk unsuitable for a new core position. The RSI of 76.28 signals overbought conditions, and the price is 16.7% above the 50-day SMA, suggesting stretched momentum.","NVIDIA's P/E of 22.56 is historically reasonable for a high-growth leader, despite elevated P/B (26.91) and PS (64.46) reflecting market premiums. The EV/EBITDA of 74.08 aligns with sector leaders in an AI boom cycle.","Decision summary plus first two reasoning sentences per agent; extractive, not a full factual audit.",rounds_3_real_name_generations_1,Qwen/Qwen3.5-9B,17,3,real_name,1,RCSN,NVIDIA Corporation,core_holding,"Is NVIDIA Corporation a good core holding for a 3–5 year investment thesis, based on the information available to you?",3,debate,True,1,YES,majority,"{""YES"": 2, ""NO"": 1}",YES,"NVIDIA's P/E ratio of 22.56 appears reasonable for a high-growth tech stock, despite elevated P/B (26.91) and PS (64.46) ratios reflecting market premiums rather than immediate overvaluation. The EV/EBITDA of 74.08 is high but consistent with sector leaders in an AI boom cycle. While technical indicators like RSI suggest short-term overbought conditions, these are timing issues, not structural flaws for a 3–5 year thesis. The lack of revenue growth data prevents confirming margin sustainability, but current multiples do not rule out continued expansion.",ok,NO,"The available technical data indicates immediate downside risk unsuitable for a new core position. The RSI of 76.28 signals overbought conditions, and the price is 16.7% above the 50-day SMA, suggesting stretched momentum. Crucially, the volume ratio of only 1.24x fails to confirm this rally with strong conviction; high prices without commensurate volume expansion often precede corrections. While fundamental valuations or long-term growth theses might exist outside these fields, the available technical evidence suggests immediate weakness rather than strength for an entry.",ok,YES,"NVIDIA's P/E of 22.56 is historically reasonable for a high-growth leader, despite elevated P/B (26.91) and PS (64.46) reflecting market premiums. The EV/EBITDA of 74.08 aligns with sector leaders in an AI boom cycle. While RSI at 76.28 and the price being 16.7% above the 50-day SMA suggest short-term momentum exhaustion, these are timing issues irrelevant to a 3–5 year structural thesis. The lack of revenue growth data prevents confirming margin sustainability, but current multiples do not rule out continued expansion.",ok
255,fundamental: HOLD; trading: SELL; challenger: HOLD. Group: HOLD. Agents disagree. Independent baseline.,Group outcome HOLD; other identity: SELL. Different agent decisions: challenger.,"The stock presents a mixed fundamental picture with a P/E ratio of 22.56, which appears reasonable in isolation but lacks context without a sector benchmark for comparison. However, valuation multiples for growth and leverage are concerning: the PB ratio is elevated at 26.91, and EV/EBITDA is high at 74.08, suggesting premium pricing relative to book value and earnings before interest and taxes.","The RSI_14 of 76.28 indicates severe overbought conditions, suggesting immediate downside risk despite the bullish trend. The price is 16.7% above the SMA_50 (PriceVsSMA50_Percent), creating a stretched valuation relative to recent momentum.","NVIDIA shows strong momentum, trading 16.7% above its 50-day SMA with an RSI of 76.28 indicating overbought conditions. However, valuation metrics are extreme: a PS ratio of 64.46 and EV/EBITDA of 74.08 suggest significant pricing risk relative to fundamentals.","Decision summary plus first two reasoning sentences per agent; extractive, not a full factual audit.",rounds_3_real_name_generations_1,Qwen/Qwen3.5-9B,17,3,real_name,1,RCSN,NVIDIA Corporation,confidence_falsifiability,"How confident are you in your BUY/SELL/HOLD call on NVIDIA Corporation right now, on a rough scale from low to high, and what specific piece of missing information would most change your mind?",0,baseline,False,1,HOLD,majority,"{""HOLD"": 2, ""SELL"": 1}",HOLD,"The stock presents a mixed fundamental picture with a P/E ratio of 22.56, which appears reasonable in isolation but lacks context without a sector benchmark for comparison. However, valuation multiples for growth and leverage are concerning: the PB ratio is elevated at 26.91, and EV/EBITDA is high at 74.08, suggesting premium pricing relative to book value and earnings before interest and taxes. The PS ratio of 64.46 indicates significant revenue premiums that require strong future growth validation. Given the missing sector P/E data, it is impossible to confirm if the current P/E is truly undervalued or simply reflects market exuberance. Without this comparative baseline, the high EV/EBITDA and PB ratios introduce substantial uncertainty regarding the sustainability of these valuations.",ok,SELL,"The RSI_14 of 76.28 indicates severe overbought conditions, suggesting immediate downside risk despite the bullish trend. The price is 16.7% above the SMA_50 (PriceVsSMA50_Percent), creating a stretched valuation relative to recent momentum. While Volume_to_AvgVol20 at 1.24 shows sustained interest, it lacks the explosive ratio often seen in strong breakouts. Given the extreme technical divergence and high RSI, the probability of a short-term correction outweighs continuation signals.",ok,HOLD,"NVIDIA shows strong momentum, trading 16.7% above its 50-day SMA with an RSI of 76.28 indicating overbought conditions. However, valuation metrics are extreme: a PS ratio of 64.46 and EV/EBITDA of 74.08 suggest significant pricing risk relative to fundamentals. While the PE ratio (22.56) appears moderate, it lacks context without sector peers. The high volume-to-average (1.24x) confirms active interest but does not guarantee sustainability given the technical divergence. Without sector P/E data to normalize the PE multiple or forward guidance to justify the premium, maintaining a neutral stance mitigates downside from potential mean reversion.",ok
256,fundamental: HOLD; trading: SELL; challenger: HOLD. Group: HOLD. Agents disagree. No agent decision changed from the previous round.,Group outcome HOLD; other identity: SELL. Different agent decisions: challenger.,"The fundamental picture remains mixed due to missing sector benchmarks. While the P/E ratio of 22.56 appears moderate, it cannot be validated against peers as Sector_PE is null.","The RSI_14 of 76.28 signals severe overbought conditions, suggesting immediate downside risk. The price is trading 16.7% above the SMA_50 (PriceVsSMA50_Percent), indicating a stretched technical position relative to recent momentum.","NVIDIA exhibits severe technical overextension with an RSI of 76.28 and is trading 16.7% above its 50-day SMA, signaling immediate correction risk. However, fundamental valuation metrics remain ambiguous without sector context; the PE ratio of 22.56 appears moderate in isolation but contradicts the extreme PS (64.46) and EV/EBITDA (74.08) multiples.","Decision summary plus first two reasoning sentences per agent; extractive, not a full factual audit.",rounds_3_real_name_generations_1,Qwen/Qwen3.5-9B,17,3,real_name,1,RCSN,NVIDIA Corporation,confidence_falsifiability,"How confident are you in your BUY/SELL/HOLD call on NVIDIA Corporation right now, on a rough scale from low to high, and what specific piece of missing information would most change your mind?",1,debate,False,1,HOLD,majority,"{""HOLD"": 2, ""SELL"": 1}",HOLD,"The fundamental picture remains mixed due to missing sector benchmarks. While the P/E ratio of 22.56 appears moderate, it cannot be validated against peers as Sector_PE is null. Conversely, leverage and growth multiples are extreme: PB_Ratio (26.91), PS_Ratio (64.46), and EV_EBITDA (74.08) suggest significant premium pricing that requires strong future validation. Without sector context to confirm if the P/E is truly reasonable or simply reflects market exuberance, combined with high valuation risk on other metrics, a neutral stance is prudent.",ok,SELL,"The RSI_14 of 76.28 signals severe overbought conditions, suggesting immediate downside risk. The price is trading 16.7% above the SMA_50 (PriceVsSMA50_Percent), indicating a stretched technical position relative to recent momentum. While Volume_to_AvgVol20 at 1.24 confirms active interest, it lacks the explosive ratio typical of sustainable breakouts. These technical divergences outweigh the bullish trend, pointing to a high probability of short-term correction.",ok,HOLD,"NVIDIA exhibits severe technical overextension with an RSI of 76.28 and is trading 16.7% above its 50-day SMA, signaling immediate correction risk. However, fundamental valuation metrics remain ambiguous without sector context; the PE ratio of 22.56 appears moderate in isolation but contradicts the extreme PS (64.46) and EV/EBITDA (74.08) multiples. The missing Sector P/E data prevents distinguishing between a justified premium for growth or speculative bubble. While the high PB (26.91) suggests leverage to earnings growth, the lack of comparative benchmarks makes a directional call unsafe. I maintain HOLD as peers correctly identify the missing sector data as the critical variable, though they underestimate the urgency implied by the RSI divergence.",ok
257,fundamental: HOLD; trading: SELL; challenger: HOLD. Group: HOLD. Agents disagree. No agent decision changed from the previous round.,Group outcome HOLD; other identity: SELL. Different agent decisions: challenger.,"The decision to HOLD is based on the disconnect between the moderate P/E ratio of 22.56 and the extreme valuation multiples for PB (26.91), PS (64.46), and EV/EBITDA (74.08). While the P/E appears reasonable in isolation, it cannot be validated against peers as Sector_PE is null in the provided data.","Technical indicators signal immediate downside risk. The RSI_14 of 76.28 indicates severe overbought conditions, while the price trades 16.7% above the SMA_50 (PriceVsSMA50_Percent), suggesting a stretched position.","I maintain HOLD as the strongest counterargument to a BUY is the extreme valuation premium (PS: 64.46, EV/EBITDA: 74.08) which contradicts the moderate P/E of 22.56 without sector context. A SELL recommendation relies heavily on technical overextension (RSI: 76.28), but this ignores that fundamentals could justify the price despite short-term weakness.","Decision summary plus first two reasoning sentences per agent; extractive, not a full factual audit.",rounds_3_real_name_generations_1,Qwen/Qwen3.5-9B,17,3,real_name,1,RCSN,NVIDIA Corporation,confidence_falsifiability,"How confident are you in your BUY/SELL/HOLD call on NVIDIA Corporation right now, on a rough scale from low to high, and what specific piece of missing information would most change your mind?",2,debate,False,1,HOLD,majority,"{""HOLD"": 2, ""SELL"": 1}",HOLD,"The decision to HOLD is based on the disconnect between the moderate P/E ratio of 22.56 and the extreme valuation multiples for PB (26.91), PS (64.46), and EV/EBITDA (74.08). While the P/E appears reasonable in isolation, it cannot be validated against peers as Sector_PE is null in the provided data. Without sector context, it is impossible to determine if the high PS and EV/EBITDA reflect justified growth premiums or speculative overvaluation. The fundamental picture remains ambiguous without this comparative benchmark.",ok,SELL,"Technical indicators signal immediate downside risk. The RSI_14 of 76.28 indicates severe overbought conditions, while the price trades 16.7% above the SMA_50 (PriceVsSMA50_Percent), suggesting a stretched position. Although Volume_to_AvgVol20 is elevated at 1.2428, it lacks the explosive ratio typical of sustainable breakouts. These technical divergences outweigh any potential fundamental support, pointing to a high probability of short-term correction. Note: Valuation multiples like PE are absent from the supplied data.",ok,HOLD,"I maintain HOLD as the strongest counterargument to a BUY is the extreme valuation premium (PS: 64.46, EV/EBITDA: 74.08) which contradicts the moderate P/E of 22.56 without sector context. A SELL recommendation relies heavily on technical overextension (RSI: 76.28), but this ignores that fundamentals could justify the price despite short-term weakness. The critical missing piece is Sector PE Ratio; without it, I cannot determine if the 22.56 multiple reflects justified growth or speculative bubble. Since fundamental data is incomplete and technicals signal only immediate noise rather than long-term reversal, neutrality is the only defensible position.",ok
258,fundamental: HOLD; trading: SELL; challenger: HOLD. Group: HOLD. Agents disagree. No agent decision changed from the previous round.,Group outcome HOLD; other identity: SELL. Different agent decisions: challenger.,"The data shows a significant valuation disconnect: while the P/E (22.56) appears moderate, the PS (64.46), PB (26.91), and EV/EBITDA (74.08) multiples are extreme. Without the Sector_PE ratio to benchmark these figures, it is impossible to determine if the high multiples reflect justified growth premiums or speculative overvaluation.","The price is 16.7% above the 50-day SMA, indicating significant overextension. The RSI_14 of 76.28 signals severe overbought conditions, suggesting an imminent correction.",I maintain HOLD. The trading analyst's claim that technical divergences outweigh fundamentals is unsupported because it ignores the moderate P/E (22.56) which contradicts the extreme PS (64.46) and EV/EBITDA (74.08).,"Decision summary plus first two reasoning sentences per agent; extractive, not a full factual audit.",rounds_3_real_name_generations_1,Qwen/Qwen3.5-9B,17,3,real_name,1,RCSN,NVIDIA Corporation,confidence_falsifiability,"How confident are you in your BUY/SELL/HOLD call on NVIDIA Corporation right now, on a rough scale from low to high, and what specific piece of missing information would most change your mind?",3,debate,True,1,HOLD,majority,"{""HOLD"": 2, ""SELL"": 1}",HOLD,"The data shows a significant valuation disconnect: while the P/E (22.56) appears moderate, the PS (64.46), PB (26.91), and EV/EBITDA (74.08) multiples are extreme. Without the Sector_PE ratio to benchmark these figures, it is impossible to determine if the high multiples reflect justified growth premiums or speculative overvaluation. The fundamental picture remains ambiguous; therefore, maintaining neutrality is the only defensible position given the incomplete comparative data.",ok,SELL,"The price is 16.7% above the 50-day SMA, indicating significant overextension. The RSI_14 of 76.28 signals severe overbought conditions, suggesting an imminent correction. While volume is elevated at 1.24x average, it lacks the explosive ratio needed to confirm a sustainable breakout. These technical divergences outweigh any potential fundamental support visible in the data, pointing to short-term downside risk.",ok,HOLD,"I maintain HOLD. The trading analyst's claim that technical divergences outweigh fundamentals is unsupported because it ignores the moderate P/E (22.56) which contradicts the extreme PS (64.46) and EV/EBITDA (74.08). Without sector context, we cannot confirm if these high multiples are justified by growth or represent a bubble. While RSI (76.28) signals overbought conditions suggesting short-term weakness, the fundamental disconnect remains ambiguous. Neutrality is required until peer valuation data clarifies whether the price premium is sustainable.",ok
259,fundamental: EXPENSIVE; trading: ATTRACTIVELY_PRICED; challenger: EXPENSIVE. Group: EXPENSIVE. Agents disagree. Independent baseline.,Group outcome EXPENSIVE; other identity: ATTRACTIVELY_PRICED. Different agent decisions: challenger.,"Johnson & Johnson trades at a P/E of 28.33, PB of 7.3, and EV/EBITDA of 75.76. While the sector P/E is unavailable to make a direct relative comparison, these absolute multiples are historically high for a mature healthcare conglomerate.","Johnson & Johnson appears attractively priced based on technical indicators. The stock is trading at -6.05% below its 50-day moving average, with a Price_to_SMA50 ratio of 0.9395, suggesting an oversold condition relative to the medium-term trend.","Johnson & Johnson appears expensive based on valuation multiples. The P/E ratio of 28.33 and EV/EBITDA of 75.76 are extremely high, suggesting the market prices in significant future growth not yet reflected in current earnings.","Decision summary plus first two reasoning sentences per agent; extractive, not a full factual audit.",rounds_3_real_name_generations_1,Qwen/Qwen3.5-9B,17,3,real_name,1,BACG,Johnson & Johnson,valuation_forcing,"Based on the data available to you, does Johnson & Johnson look attractively priced, fairly priced, or expensive right now — and specifically why?",0,baseline,False,1,EXPENSIVE,majority,"{""EXPENSIVE"": 2, ""ATTRACTIVELY_PRICED"": 1}",EXPENSIVE,"Johnson & Johnson trades at a P/E of 28.33, PB of 7.3, and EV/EBITDA of 75.76. While the sector P/E is unavailable to make a direct relative comparison, these absolute multiples are historically high for a mature healthcare conglomerate. The extremely high EV/EBITDA suggests significant premium pricing or depressed earnings relative to enterprise value. Without sector benchmarks, we cannot confirm if this premium is justified by superior growth, but the valuation metrics alone indicate an expensive stance.",ok,ATTRACTIVELY_PRICED,"Johnson & Johnson appears attractively priced based on technical indicators. The stock is trading at -6.05% below its 50-day moving average, with a Price_to_SMA50 ratio of 0.9395, suggesting an oversold condition relative to the medium-term trend. The RSI_14 is at 32.89, indicating the asset is in bearish territory but potentially approaching a rebound zone. Volume activity is normal (Volume_to_AvgVol20: 1.0349), showing no unusual divergence. While this supports a short-term buy signal, intrinsic valuation multiples are missing from the data, limiting confidence in a long-term thesis.",ok,EXPENSIVE,"Johnson & Johnson appears expensive based on valuation multiples. The P/E ratio of 28.33 and EV/EBITDA of 75.76 are extremely high, suggesting the market prices in significant future growth not yet reflected in current earnings. While technical indicators show the stock is currently -6.05% below its 50-day SMA with an RSI of 32.89 (indicating oversold conditions), this short-term weakness does not negate the fundamental overvaluation. Without a sector P/E for comparison to determine if these multiples are premium or standard for healthcare, the absolute values suggest a rich valuation. The primary risk is that the high price-to-book (7.3x) implies unsustainable expectations.",ok
260,fundamental: EXPENSIVE; trading: ATTRACTIVELY_PRICED; challenger: FAIRLY_PRICED. Group: NO_MAJORITY. Agents disagree. Agent changes: challenger: EXPENSIVE → FAIRLY_PRICED.,Group outcome NO_MAJORITY; other identity: EXPENSIVE. Different agent decisions: challenger.,"Johnson & Johnson's valuation multiples indicate an expensive stance. The P/E ratio of 28.33, PB ratio of 7.3, and particularly the EV/EBITDA of 75.76 are extremely high for a mature healthcare company.","Based strictly on the supplied trading data, Johnson & Johnson appears attractively priced. The stock is trading at -6.05% below its 50-day moving average (PriceVsSMA50_Percent), indicating a discount to recent momentum levels.","The fundamental data presents a conflicting picture: high multiples (P/E 28.33, EV/EBITDA 75.76) suggest overvaluation, yet the price is down 6.05% from the 50-day SMA with an RSI of 32.89, indicating short-term weakness. Without sector P/E data to contextualize whether these multiples are historically high for J&J specifically, labeling it 'expensive' or 'attractive' based solely on absolute numbers is speculative.","Decision summary plus first two reasoning sentences per agent; extractive, not a full factual audit.",rounds_3_real_name_generations_1,Qwen/Qwen3.5-9B,17,3,real_name,1,BACG,Johnson & Johnson,valuation_forcing,"Based on the data available to you, does Johnson & Johnson look attractively priced, fairly priced, or expensive right now — and specifically why?",1,debate,False,1,NO_MAJORITY,no_majority,"{""EXPENSIVE"": 1, ""ATTRACTIVELY_PRICED"": 1, ""FAIRLY_PRICED"": 1}",EXPENSIVE,"Johnson & Johnson's valuation multiples indicate an expensive stance. The P/E ratio of 28.33, PB ratio of 7.3, and particularly the EV/EBITDA of 75.76 are extremely high for a mature healthcare company. While the sector P/E is unavailable to confirm relative premium status, the absolute magnitude of these metrics suggests significant overvaluation or depressed earnings. The PS ratio of 24.64 further supports this view. Technical indicators like RSI (32.89) and price position (-6.05% vs SMA50) from other sources suggest short-term weakness but do not negate fundamental overpricing. Without sector benchmarks or growth data to justify such premiums, the intrinsic value appears overstated.",ok,ATTRACTIVELY_PRICED,"Based strictly on the supplied trading data, Johnson & Johnson appears attractively priced. The stock is trading at -6.05% below its 50-day moving average (PriceVsSMA50_Percent), indicating a discount to recent momentum levels. The Price_to_SMA50 ratio of 0.9395 supports this undervaluation relative to the medium-term trend. Additionally, the RSI_14 of 32.89 signals oversold conditions, often preceding a technical rebound. Volume activity is normal (Volume_to_AvgVol20: 1.0349), showing no divergence from the price action. While peer agents cite high valuation multiples (P/E, EV/EBITDA), those metrics are absent from the provided Data object and cannot be used as evidence per the instructions to rely only on supplied trading fields. Therefore, based solely on available technical indicators, the price is attractive.",ok,FAIRLY_PRICED,"The fundamental data presents a conflicting picture: high multiples (P/E 28.33, EV/EBITDA 75.76) suggest overvaluation, yet the price is down 6.05% from the 50-day SMA with an RSI of 32.89, indicating short-term weakness. Without sector P/E data to contextualize whether these multiples are historically high for J&J specifically, labeling it 'expensive' or 'attractive' based solely on absolute numbers is speculative. The discrepancy between rich valuation metrics and depressed technicals suggests the market has priced in uncertainty rather than pure overvaluation. Given the lack of comparative benchmarks, a neutral stance acknowledges both the premium pricing and the current discount relative to recent trends.",ok
261,fundamental: EXPENSIVE; trading: ATTRACTIVELY_PRICED; challenger: FAIRLY_PRICED. Group: NO_MAJORITY. Agents disagree. No agent decision changed from the previous round.,Group outcome NO_MAJORITY; other identity: EXPENSIVE. Different agent decisions: challenger.,"Johnson & Johnson's valuation multiples indicate an expensive stance. The P/E ratio of 28.33, PB ratio of 7.3, and particularly the EV/EBITDA of 75.76 are extremely high for a mature healthcare company.","Based strictly on the supplied trading data, Johnson & Johnson appears attractively priced. The stock is trading at -6.05% below its 50-day moving average (PriceVsSMA50_Percent), with a Price_to_SMA50 ratio of 0.9395, indicating a discount to recent momentum levels.","The fundamental data presents conflicting signals: high multiples (P/E 28.33, EV/EBITDA 75.76) suggest overvaluation, yet technicals show weakness (-6.05% from SMA50, RSI 32.89). The trading agent's claim that valuation metrics are absent is factually incorrect; the Data object explicitly lists PE_Ratio, PB_Ratio, PS_Ratio, and EV_EBITDA.","Decision summary plus first two reasoning sentences per agent; extractive, not a full factual audit.",rounds_3_real_name_generations_1,Qwen/Qwen3.5-9B,17,3,real_name,1,BACG,Johnson & Johnson,valuation_forcing,"Based on the data available to you, does Johnson & Johnson look attractively priced, fairly priced, or expensive right now — and specifically why?",2,debate,False,1,NO_MAJORITY,no_majority,"{""EXPENSIVE"": 1, ""ATTRACTIVELY_PRICED"": 1, ""FAIRLY_PRICED"": 1}",EXPENSIVE,"Johnson & Johnson's valuation multiples indicate an expensive stance. The P/E ratio of 28.33, PB ratio of 7.3, and particularly the EV/EBITDA of 75.76 are extremely high for a mature healthcare company. While the sector P/E is unavailable to confirm relative premium status, the absolute magnitude of these metrics suggests significant overvaluation or depressed earnings. The PS ratio of 24.64 further supports this view. Technical indicators like RSI (32.89) and price position (-6.05% vs SMA50) from other sources suggest short-term weakness but do not negate fundamental overpricing. Without sector benchmarks or growth data to justify such premiums, the intrinsic value appears overstated.",ok,ATTRACTIVELY_PRICED,"Based strictly on the supplied trading data, Johnson & Johnson appears attractively priced. The stock is trading at -6.05% below its 50-day moving average (PriceVsSMA50_Percent), with a Price_to_SMA50 ratio of 0.9395, indicating a discount to recent momentum levels. The RSI_14 of 32.89 signals oversold conditions, often preceding a technical rebound. Volume activity is normal (Volume_to_AvgVol20: 1.0349), showing no divergence from price action. While peer agents cite high valuation multiples (P/E, EV/EBITDA), those metrics are absent from the provided Data object and cannot be used as evidence per instructions. Therefore, based solely on available technical indicators, the price is attractive.",ok,FAIRLY_PRICED,"The fundamental data presents conflicting signals: high multiples (P/E 28.33, EV/EBITDA 75.76) suggest overvaluation, yet technicals show weakness (-6.05% from SMA50, RSI 32.89). The trading agent's claim that valuation metrics are absent is factually incorrect; the Data object explicitly lists PE_Ratio, PB_Ratio, PS_Ratio, and EV_EBITDA. However, without sector P/E or growth rates to contextualize these absolute numbers, declaring them definitively 'expensive' is speculative. The price discount relative to recent trends combined with the inability to verify if current multiples represent a historical premium suggests a neutral stance is prudent given the ambiguity.",ok
262,fundamental: EXPENSIVE; trading: ATTRACTIVELY_PRICED; challenger: FAIRLY_PRICED. Group: NO_MAJORITY. Agents disagree. No agent decision changed from the previous round.,Group outcome NO_MAJORITY; other identity: ATTRACTIVELY_PRICED. Different agent decisions: challenger.,"Johnson & Johnson's valuation multiples are significantly elevated. The P/E ratio of 28.33, PB ratio of 7.3, and especially the EV/EBITDA of 75.76 suggest a high price relative to earnings and cash flow generation.","Based strictly on the supplied trading data, Johnson & Johnson appears attractively priced. The stock is trading -6.05% below its 50-day moving average (PriceVsSMA50_Percent), with a Price_to_SMA50 ratio of 0.9395, indicating a discount to recent momentum levels.","The fundamental data presents conflicting signals: high multiples (P/E 28.33, EV/EBITDA 75.76) suggest overvaluation, yet technicals show weakness (-6.05% from SMA50, RSI 32.89). The trading agent's claim that valuation metrics are absent is factually incorrect; the Data object explicitly lists PE_Ratio, PB_Ratio, PS_Ratio, and EV_EBITDA.","Decision summary plus first two reasoning sentences per agent; extractive, not a full factual audit.",rounds_3_real_name_generations_1,Qwen/Qwen3.5-9B,17,3,real_name,1,BACG,Johnson & Johnson,valuation_forcing,"Based on the data available to you, does Johnson & Johnson look attractively priced, fairly priced, or expensive right now — and specifically why?",3,debate,True,1,NO_MAJORITY,no_majority,"{""EXPENSIVE"": 1, ""ATTRACTIVELY_PRICED"": 1, ""FAIRLY_PRICED"": 1}",EXPENSIVE,"Johnson & Johnson's valuation multiples are significantly elevated. The P/E ratio of 28.33, PB ratio of 7.3, and especially the EV/EBITDA of 75.76 suggest a high price relative to earnings and cash flow generation. While sector P/E is missing to confirm relative premium status, the absolute magnitude of these metrics for a mature healthcare firm indicates overvaluation. The PS ratio of 24.64 further supports this expensive stance. Without growth data or sector benchmarks to justify such premiums, the intrinsic value appears overstated.",ok,ATTRACTIVELY_PRICED,"Based strictly on the supplied trading data, Johnson & Johnson appears attractively priced. The stock is trading -6.05% below its 50-day moving average (PriceVsSMA50_Percent), with a Price_to_SMA50 ratio of 0.9395, indicating a discount to recent momentum levels. The RSI_14 of 32.89 signals oversold conditions, often preceding a technical rebound. Volume activity is normal (Volume_to_AvgVol20: 1.0349), showing no divergence from price action. While peer agents cite high valuation multiples, those metrics are absent from the provided Data object and cannot be used as evidence per instructions. Therefore, based solely on available technical indicators, the price is attractive.",ok,FAIRLY_PRICED,"The fundamental data presents conflicting signals: high multiples (P/E 28.33, EV/EBITDA 75.76) suggest overvaluation, yet technicals show weakness (-6.05% from SMA50, RSI 32.89). The trading agent's claim that valuation metrics are absent is factually incorrect; the Data object explicitly lists PE_Ratio, PB_Ratio, PS_Ratio, and EV_EBITDA. However, without sector P/E or growth rates to contextualize these absolute numbers, declaring them definitively 'expensive' is speculative. The price discount relative to recent trends combined with the inability to verify if current multiples represent a historical premium suggests a neutral stance is prudent given the ambiguity.",ok
263,fundamental: NO; trading: NO; challenger: NO. Group: NO. All agents agree. Independent baseline.,Group outcome NO; other identity: NO. All role decisions match across identities.,"Johnson & Johnson exhibits significantly elevated valuation metrics, with a P/E ratio of 28.33 and an EV/EBITDA of 75.76. These multiples suggest the stock is priced for perfection, leaving limited margin of safety for a 3–5 year core holding.","Based strictly on the provided trading data, Johnson & Johnson does not exhibit strong short-to-mid-term bullish signals suitable for a core holding entry. The stock is trading below its 50-day moving average (Price vs SMA50: -6.05%), indicating a downtrend or consolidation phase rather than upward momentum.","Johnson & Johnson appears overvalued for a core 3–5 year hold given its PE ratio of 28.33 and EV/EBITDA of 75.76, which are significantly elevated without sector comparison data to contextualize the premium. While the stock is currently trading at a discount to its 50-day moving average (-6.05%) with an RSI of 32.89 indicating short-term oversold conditions, these technical signals do not justify the high valuation multiples on a fundamental basis.","Decision summary plus first two reasoning sentences per agent; extractive, not a full factual audit.",rounds_3_real_name_generations_1,Qwen/Qwen3.5-9B,17,3,real_name,1,BACG,Johnson & Johnson,core_holding,"Is Johnson & Johnson a good core holding for a 3–5 year investment thesis, based on the information available to you?",0,baseline,False,1,NO,majority,"{""NO"": 3}",NO,"Johnson & Johnson exhibits significantly elevated valuation metrics, with a P/E ratio of 28.33 and an EV/EBITDA of 75.76. These multiples suggest the stock is priced for perfection, leaving limited margin of safety for a 3–5 year core holding. Without sector P/E data to confirm if this premium is justified by relative outperformance, the high absolute valuations pose substantial downside risk. The PS ratio of 24.64 further indicates expensive pricing relative to sales. Given the lack of comparative benchmarks and growth confirmation in the provided snapshot, maintaining a core position is unjustified based on current fundamentals.",ok,NO,"Based strictly on the provided trading data, Johnson & Johnson does not exhibit strong short-to-mid-term bullish signals suitable for a core holding entry. The stock is trading below its 50-day moving average (Price vs SMA50: -6.05%), indicating a downtrend or consolidation phase rather than upward momentum. Additionally, the RSI of 32.89 suggests the asset is oversold but has not yet shown a reversal signal; it remains in bearish territory relative to neutral levels. Volume is near average (1.03x), failing to confirm any breakout or significant buying pressure. While technicals show weakness, this data only supports short-term timing decisions, not a fundamental 3–5 year valuation thesis which requires missing intrinsic business metrics like sector P/E or growth rates.",ok,NO,"Johnson & Johnson appears overvalued for a core 3–5 year hold given its PE ratio of 28.33 and EV/EBITDA of 75.76, which are significantly elevated without sector comparison data to contextualize the premium. While the stock is currently trading at a discount to its 50-day moving average (-6.05%) with an RSI of 32.89 indicating short-term oversold conditions, these technical signals do not justify the high valuation multiples on a fundamental basis. The lack of sector P/E data prevents determining if the premium is justified by industry-wide strength or represents a specific company bubble. Without evidence of accelerating earnings growth to support these multiples, the risk-reward profile favors caution.",ok
264,fundamental: NO; trading: NO; challenger: NO. Group: NO. All agents agree. No agent decision changed from the previous round.,Group outcome NO; other identity: NO. All role decisions match across identities.,"Johnson & Johnson's valuation metrics are significantly elevated, with a P/E of 28.33 and an EV/EBITDA of 75.76. These multiples suggest the stock is priced for perfection, leaving limited margin of safety for a 3–5 year core holding.","The provided trading data indicates weak short-term momentum, which contradicts the entry criteria for a new core holding. The stock is trading -6.05% below its 50-day moving average with an RSI of 32.89 (oversold but not reversed), suggesting continued downside pressure or consolidation rather than the bullish trend required for a 3–5 year thesis initiation.","Johnson & Johnson is not a good core holding based on the provided data due to significantly elevated valuation multiples. The PE ratio of 28.33 and EV/EBITDA of 75.76 are extremely high, suggesting limited margin of safety for a multi-year thesis without evidence of accelerating growth to justify such premiums.","Decision summary plus first two reasoning sentences per agent; extractive, not a full factual audit.",rounds_3_real_name_generations_1,Qwen/Qwen3.5-9B,17,3,real_name,1,BACG,Johnson & Johnson,core_holding,"Is Johnson & Johnson a good core holding for a 3–5 year investment thesis, based on the information available to you?",1,debate,False,1,NO,majority,"{""NO"": 3}",NO,"Johnson & Johnson's valuation metrics are significantly elevated, with a P/E of 28.33 and an EV/EBITDA of 75.76. These multiples suggest the stock is priced for perfection, leaving limited margin of safety for a 3–5 year core holding. Crucially, sector P/E data is missing (null), preventing verification if this premium is justified by relative outperformance or represents excessive pricing. Without comparative benchmarks to contextualize these absolute figures, the risk-reward profile appears unfavorable based on current fundamentals.",ok,NO,"The provided trading data indicates weak short-term momentum, which contradicts the entry criteria for a new core holding. The stock is trading -6.05% below its 50-day moving average with an RSI of 32.89 (oversold but not reversed), suggesting continued downside pressure or consolidation rather than the bullish trend required for a 3–5 year thesis initiation. Volume is flat at 1.03x average, failing to confirm any breakout. Crucially, the supplied dataset contains no valuation multiples (e.g., P/E) or growth metrics necessary to validate a long-term intrinsic value thesis; relying on technical weakness alone, combined with missing fundamental data, precludes a 'YES' verdict.",ok,NO,"Johnson & Johnson is not a good core holding based on the provided data due to significantly elevated valuation multiples. The PE ratio of 28.33 and EV/EBITDA of 75.76 are extremely high, suggesting limited margin of safety for a multi-year thesis without evidence of accelerating growth to justify such premiums. While the stock trades at a discount to its 50-day moving average (-6.05%) with an RSI of 32.89 indicating short-term weakness, these technical factors do not offset fundamental overvaluation risks. The lack of sector P/E data prevents confirming if the premium is justified by industry strength, but the absolute levels remain prohibitive for a conservative core position.",ok
265,fundamental: NO; trading: NO; challenger: NO. Group: NO. All agents agree. No agent decision changed from the previous round.,Group outcome NO; other identity: NO. All role decisions match across identities.,"Johnson & Johnson exhibits significantly elevated valuation multiples, with a P/E of 28.33 and an EV/EBITDA of 75.76. These figures suggest the stock is priced for perfection, offering limited margin of safety for a 3–5 year core holding.","The provided trading data indicates weak short-term momentum, which contradicts the entry criteria for a new core holding. The stock is trading -6.05% below its 50-day moving average with an RSI of 32.89 (oversold but not reversed), suggesting continued downside pressure or consolidation rather than the bullish trend required for a 3–5 year thesis initiation.","The provided fundamental data shows significantly elevated valuation multiples (PE: 28.33, EV/EBITDA: 75.76), which generally preclude a safe entry for a core holding without proof of exceptional growth. While the stock is currently -6.05% below its 50-day SMA with an RSI of 32.89, indicating short-term weakness, this technical setup does not justify overcoming such high absolute valuations for a multi-year thesis.","Decision summary plus first two reasoning sentences per agent; extractive, not a full factual audit.",rounds_3_real_name_generations_1,Qwen/Qwen3.5-9B,17,3,real_name,1,BACG,Johnson & Johnson,core_holding,"Is Johnson & Johnson a good core holding for a 3–5 year investment thesis, based on the information available to you?",2,debate,False,1,NO,majority,"{""NO"": 3}",NO,"Johnson & Johnson exhibits significantly elevated valuation multiples, with a P/E of 28.33 and an EV/EBITDA of 75.76. These figures suggest the stock is priced for perfection, offering limited margin of safety for a 3–5 year core holding. Crucially, sector P/E data is missing (null), preventing verification if this premium is justified by relative outperformance or represents excessive pricing. Without comparative benchmarks to contextualize these absolute figures, the risk-reward profile appears unfavorable based on current fundamentals.",ok,NO,"The provided trading data indicates weak short-term momentum, which contradicts the entry criteria for a new core holding. The stock is trading -6.05% below its 50-day moving average with an RSI of 32.89 (oversold but not reversed), suggesting continued downside pressure or consolidation rather than the bullish trend required for a 3–5 year thesis initiation. Volume is flat at 1.03x average, failing to confirm any breakout. Crucially, the supplied dataset contains no valuation multiples (e.g., P/E) or growth metrics necessary to validate a long-term intrinsic value thesis; relying on technical weakness alone, combined with missing fundamental data, precludes a 'YES' verdict.",ok,NO,"The provided fundamental data shows significantly elevated valuation multiples (PE: 28.33, EV/EBITDA: 75.76), which generally preclude a safe entry for a core holding without proof of exceptional growth. While the stock is currently -6.05% below its 50-day SMA with an RSI of 32.89, indicating short-term weakness, this technical setup does not justify overcoming such high absolute valuations for a multi-year thesis. The primary limitation is the absence of sector P/E data to determine if these premiums are justified by industry outperformance or represent overvaluation relative to peers.",ok
266,fundamental: NO; trading: NO; challenger: NO. Group: NO. All agents agree. No agent decision changed from the previous round.,Group outcome NO; other identity: NO. All role decisions match across identities.,"Johnson & Johnson's valuation multiples are significantly elevated, with a P/E of 28.33 and an EV/EBITDA of 75.76. These figures suggest limited margin of safety for a 3–5 year core holding.","The trading data shows JNJ is -6.05% below its 50-day moving average with an RSI of 32.89, indicating short-term weakness and lack of bullish momentum. Volume is flat at 1.03x average, failing to confirm a reversal or breakout.","The data confirms significantly elevated valuation multiples (PE: 28.33, EV/EBITDA: 75.76), which generally preclude a safe entry for a core holding without proof of exceptional growth or sector outperformance. While the stock is -6.05% below its 50-day SMA with an RSI of 32.89, indicating short-term weakness, this technical setup does not justify overcoming such high absolute valuations for a multi-year thesis.","Decision summary plus first two reasoning sentences per agent; extractive, not a full factual audit.",rounds_3_real_name_generations_1,Qwen/Qwen3.5-9B,17,3,real_name,1,BACG,Johnson & Johnson,core_holding,"Is Johnson & Johnson a good core holding for a 3–5 year investment thesis, based on the information available to you?",3,debate,True,1,NO,majority,"{""NO"": 3}",NO,"Johnson & Johnson's valuation multiples are significantly elevated, with a P/E of 28.33 and an EV/EBITDA of 75.76. These figures suggest limited margin of safety for a 3–5 year core holding. Crucially, sector P/E data is missing (null), preventing verification if this premium is justified by relative outperformance or represents excessive pricing. Without comparative benchmarks to contextualize these absolute figures, the risk-reward profile appears unfavorable based on current fundamentals.",ok,NO,"The trading data shows JNJ is -6.05% below its 50-day moving average with an RSI of 32.89, indicating short-term weakness and lack of bullish momentum. Volume is flat at 1.03x average, failing to confirm a reversal or breakout. Crucially, the supplied dataset contains no valuation multiples (e.g., P/E) or growth metrics required to validate a 3–5 year intrinsic value thesis. Without fundamental data to assess if the technical weakness is temporary or indicative of deeper issues, a 'YES' verdict cannot be supported by the available evidence.",ok,NO,"The data confirms significantly elevated valuation multiples (PE: 28.33, EV/EBITDA: 75.76), which generally preclude a safe entry for a core holding without proof of exceptional growth or sector outperformance. While the stock is -6.05% below its 50-day SMA with an RSI of 32.89, indicating short-term weakness, this technical setup does not justify overcoming such high absolute valuations for a multi-year thesis. The primary limitation is the absence of sector P/E data to determine if these premiums are justified by industry outperformance.",ok
267,fundamental: HOLD; trading: HOLD; challenger: HOLD. Group: HOLD. All agents agree. Independent baseline.,Group outcome HOLD; other identity: HOLD. Different agent decisions: trading.,"The stock is significantly overvalued relative to historical norms and likely peers, evidenced by a P/E of 28.33, PB of 7.3, and EV/EBITDA of 75.76. While the high PE suggests premium pricing, the absence of Sector_PE data prevents a direct comparison to justify this multiple for a BUY recommendation.","The stock trades at -6.05% below its 50-day moving average, indicating a short-term downtrend despite an RSI of 32.89 suggesting oversold conditions. Volume ratio is neutral (1.0349), failing to confirm a reversal or continuation.","Valuation metrics are significantly elevated, with a PE of 28.33 and EV/EBITDA of 75.76, suggesting the stock is priced for perfection despite mixed fundamentals. However, technical indicators show oversold conditions (RSI 32.89) and a price trading near its 50-day SMA (-6.05%), creating a potential short-term bounce opportunity but lacking a clear long-term catalyst.","Decision summary plus first two reasoning sentences per agent; extractive, not a full factual audit.",rounds_3_real_name_generations_1,Qwen/Qwen3.5-9B,17,3,real_name,1,BACG,Johnson & Johnson,confidence_falsifiability,"How confident are you in your BUY/SELL/HOLD call on Johnson & Johnson right now, on a rough scale from low to high, and what specific piece of missing information would most change your mind?",0,baseline,False,1,HOLD,majority,"{""HOLD"": 3}",HOLD,"The stock is significantly overvalued relative to historical norms and likely peers, evidenced by a P/E of 28.33, PB of 7.3, and EV/EBITDA of 75.76. While the high PE suggests premium pricing, the absence of Sector_PE data prevents a direct comparison to justify this multiple for a BUY recommendation. The extremely high EV/EBITDA indicates potential valuation compression risks or suppressed earnings quality. Without sector benchmarks or forward growth rates to contextualize these multiples, maintaining a neutral stance is prudent.",ok,HOLD,"The stock trades at -6.05% below its 50-day moving average, indicating a short-term downtrend despite an RSI of 32.89 suggesting oversold conditions. Volume ratio is neutral (1.0349), failing to confirm a reversal or continuation. While the price is technically discounted relative to recent averages, the lack of significant volume support prevents a confident directional call. The data does not provide sector P/E multiples or long-term growth thesis evidence, limiting intrinsic valuation analysis. Without higher volume confirming a bounce from oversold levels, maintaining the current position is prudent.",ok,HOLD,"Valuation metrics are significantly elevated, with a PE of 28.33 and EV/EBITDA of 75.76, suggesting the stock is priced for perfection despite mixed fundamentals. However, technical indicators show oversold conditions (RSI 32.89) and a price trading near its 50-day SMA (-6.05%), creating a potential short-term bounce opportunity but lacking a clear long-term catalyst. Without sector-specific valuation data to confirm if J&J's premium is justified by outperformance, or details on upcoming regulatory rulings impacting revenue, the risk-reward profile remains ambiguous. The high EV/EBITDA specifically flags overvaluation relative to cash flows.",ok
268,fundamental: HOLD; trading: HOLD; challenger: HOLD. Group: HOLD. All agents agree. No agent decision changed from the previous round.,Group outcome HOLD; other identity: HOLD. All role decisions match across identities.,"Valuation metrics are significantly elevated, with a P/E of 28.33 and EV/EBITDA of 75.76. Without the Sector_PE data available in the provided evidence, I cannot determine if this premium is justified by superior growth or market positioning.","Price is -6.05% below the 50-day SMA, indicating a short-term downtrend, while RSI at 32.89 signals oversold conditions. Volume ratio (1.0349) is neutral and fails to confirm a reversal.","Valuation metrics are severely elevated, with an EV/EBITDA of 75.76 and a P/E of 28.33, suggesting significant overvaluation absent sector benchmarks for comparison. While technicals show oversold conditions (RSI 32.89) and the price is -6.05% below the 50-day SMA, volume remains neutral at 1.0349x average, failing to confirm a reversal.","Decision summary plus first two reasoning sentences per agent; extractive, not a full factual audit.",rounds_3_real_name_generations_1,Qwen/Qwen3.5-9B,17,3,real_name,1,BACG,Johnson & Johnson,confidence_falsifiability,"How confident are you in your BUY/SELL/HOLD call on Johnson & Johnson right now, on a rough scale from low to high, and what specific piece of missing information would most change your mind?",1,debate,False,1,HOLD,majority,"{""HOLD"": 3}",HOLD,"Valuation metrics are significantly elevated, with a P/E of 28.33 and EV/EBITDA of 75.76. Without the Sector_PE data available in the provided evidence, I cannot determine if this premium is justified by superior growth or market positioning. The PS_Ratio of 24.64 also suggests high pricing relative to sales. Since I am restricted to fundamental fields and cannot invent sector benchmarks, the inability to contextualize these multiples against peers prevents a BUY recommendation. A SELL is premature given no negative fundamental data exists, but overvaluation risks warrant caution.",ok,HOLD,"Price is -6.05% below the 50-day SMA, indicating a short-term downtrend, while RSI at 32.89 signals oversold conditions. Volume ratio (1.0349) is neutral and fails to confirm a reversal. The data lacks sector valuation multiples or long-term growth thesis evidence, preventing an intrinsic BUY/SELL call. Technicals suggest a potential bounce but lack conviction without volume confirmation.",ok,HOLD,"Valuation metrics are severely elevated, with an EV/EBITDA of 75.76 and a P/E of 28.33, suggesting significant overvaluation absent sector benchmarks for comparison. While technicals show oversold conditions (RSI 32.89) and the price is -6.05% below the 50-day SMA, volume remains neutral at 1.0349x average, failing to confirm a reversal. The lack of Sector_PE data prevents validating if the premium is justified by outperformance. Without evidence that earnings quality supports these multiples or confirmation of a volume-driven bounce, the risk-reward profile remains ambiguous despite short-term mean reversion potential.",ok
269,fundamental: HOLD; trading: HOLD; challenger: HOLD. Group: HOLD. All agents agree. No agent decision changed from the previous round.,Group outcome HOLD; other identity: HOLD. All role decisions match across identities.,"Valuation metrics are significantly elevated, with a P/E of 28.33 and EV/EBITDA of 75.76. Without the Sector_PE data available in the provided evidence, I cannot determine if this premium is justified by superior growth or market positioning.","Price is -6.05% below the 50-day SMA, indicating a short-term downtrend, while RSI at 32.89 signals oversold conditions. Volume ratio (1.0349) is neutral and fails to confirm a reversal.","Valuation remains severely stretched with an EV/EBITDA of 75.76 and P/E of 28.33, lacking sector benchmarks to justify the premium. Technically, the stock is oversold (RSI 32.89) and trading -6.05% below its 50-day SMA, suggesting potential mean reversion.","Decision summary plus first two reasoning sentences per agent; extractive, not a full factual audit.",rounds_3_real_name_generations_1,Qwen/Qwen3.5-9B,17,3,real_name,1,BACG,Johnson & Johnson,confidence_falsifiability,"How confident are you in your BUY/SELL/HOLD call on Johnson & Johnson right now, on a rough scale from low to high, and what specific piece of missing information would most change your mind?",2,debate,False,1,HOLD,majority,"{""HOLD"": 3}",HOLD,"Valuation metrics are significantly elevated, with a P/E of 28.33 and EV/EBITDA of 75.76. Without the Sector_PE data available in the provided evidence, I cannot determine if this premium is justified by superior growth or market positioning. The PS_Ratio of 24.64 also suggests high pricing relative to sales. Since I am restricted to fundamental fields and cannot invent sector benchmarks, the inability to contextualize these multiples against peers prevents a BUY recommendation. A SELL is premature given no negative fundamental data exists, but overvaluation risks warrant caution.",ok,HOLD,"Price is -6.05% below the 50-day SMA, indicating a short-term downtrend, while RSI at 32.89 signals oversold conditions. Volume ratio (1.0349) is neutral and fails to confirm a reversal. The data lacks sector valuation multiples or long-term growth thesis evidence, preventing an intrinsic BUY/SELL call. Technicals suggest a potential bounce but lack conviction without volume confirmation.",ok,HOLD,"Valuation remains severely stretched with an EV/EBITDA of 75.76 and P/E of 28.33, lacking sector benchmarks to justify the premium. Technically, the stock is oversold (RSI 32.89) and trading -6.05% below its 50-day SMA, suggesting potential mean reversion. However, volume (1.0349x average) is neutral, failing to confirm a reversal or trend change. Without Sector_PE data to contextualize valuation or evidence of earnings quality supporting these multiples, the risk-reward profile is ambiguous. The strong technical dip offers limited upside if fundamentals do not improve, while the high multiples pose downside risk.",ok
270,fundamental: HOLD; trading: HOLD; challenger: HOLD. Group: HOLD. All agents agree. No agent decision changed from the previous round.,Group outcome HOLD; other identity: HOLD. All role decisions match across identities.,"Valuation metrics are significantly elevated, with a P/E of 28.33 and EV/EBITDA of 75.76. Without the Sector_PE data available in the provided evidence, I cannot determine if this premium is justified by superior growth or market positioning.","Technically, the stock is -6.05% below its 50-day SMA with an RSI of 32.89 indicating oversold conditions, yet volume (1.0349x average) remains neutral and fails to confirm a reversal. While this suggests potential mean reversion, the lack of conviction in the volume signal prevents a BUY call.","Valuation metrics remain critically elevated with an EV/EBITDA of 75.76 and P/E of 28.33, yet the sector PE benchmark is missing to contextualize this premium. Technically, the stock is oversold (RSI 32.89) and down 6.05% from its 50-day SMA, suggesting a potential bounce, but volume is neutral (1.0349x average), failing to confirm trend reversal.","Decision summary plus first two reasoning sentences per agent; extractive, not a full factual audit.",rounds_3_real_name_generations_1,Qwen/Qwen3.5-9B,17,3,real_name,1,BACG,Johnson & Johnson,confidence_falsifiability,"How confident are you in your BUY/SELL/HOLD call on Johnson & Johnson right now, on a rough scale from low to high, and what specific piece of missing information would most change your mind?",3,debate,True,1,HOLD,majority,"{""HOLD"": 3}",HOLD,"Valuation metrics are significantly elevated, with a P/E of 28.33 and EV/EBITDA of 75.76. Without the Sector_PE data available in the provided evidence, I cannot determine if this premium is justified by superior growth or market positioning. The PS_Ratio of 24.64 also suggests high pricing relative to sales. Since I am restricted to fundamental fields and cannot invent sector benchmarks, the inability to contextualize these multiples against peers prevents a BUY recommendation. A SELL is premature given no negative fundamental data exists, but overvaluation risks warrant caution.",ok,HOLD,"Technically, the stock is -6.05% below its 50-day SMA with an RSI of 32.89 indicating oversold conditions, yet volume (1.0349x average) remains neutral and fails to confirm a reversal. While this suggests potential mean reversion, the lack of conviction in the volume signal prevents a BUY call. Conversely, without sector P/E data or intrinsic valuation evidence from the provided trading fields, a SELL call cannot be justified based on value. The technical positioning indicates ambiguity rather than a clear directional mandate.",ok,HOLD,"Valuation metrics remain critically elevated with an EV/EBITDA of 75.76 and P/E of 28.33, yet the sector PE benchmark is missing to contextualize this premium. Technically, the stock is oversold (RSI 32.89) and down 6.05% from its 50-day SMA, suggesting a potential bounce, but volume is neutral (1.0349x average), failing to confirm trend reversal. Without sector data to justify the high multiples or evidence of deteriorating fundamentals to warrant a sell, the risk-reward profile remains ambiguous. The lack of sector context prevents assigning value to these stretched ratios.",ok
