FakeTicker,CompanyName,QuestionType,DifferenceLevel,DifferenceSummary,FakeFinalVerdict,RealFinalVerdict,FinalOutcomeChanged,AgentVerdictsChanged,AgentVerdictChanges,ConfidenceChanges,MissingInformationDifference,GroundingNotes,FakeAnswerReadable,RealAnswerReadable,FakeFinalStatus,RealFinalStatus,FakeVoteCounts,RealVoteCounts,FakeQuestion,RealQuestion,FakeAgentAnswers,RealAgentAnswers,Round,Config,FakeIdentityMode,RealIdentityMode,FakeRun,RealRun,Annotator,HumanReviewed,AnnotationRule,InterpretationLimit
UDAX,Apple Inc.,valuation_forcing,substantive_difference,Trading changes from INSUFFICIENT_DATA to FAIRLY_PRICED despite retaining the same missing-sector argument. Fundamental still abstains and challenger still says EXPENSIVE. The real-name run loses its majority.,INSUFFICIENT_DATA,,yes,1,trading: INSUFFICIENT_DATA -> FAIRLY_PRICED,Not requested,Not requested for this question.,"Real trading treats uncertainty about fair value as evidence for FAIRLY_PRICED. Real challenger adds high-growth-tech, historical-norm and typical-sector comparisons not supplied in the sheet. Fake challenger also relies on unprovided generic valuation thresholds; neither establishes intrinsic value.","fundamental: INSUFFICIENT_DATA
UDAX presents extreme absolute valuation metrics (P/E: 30.79, EV/EBITDA: 94.3), which generally signal overvaluation. However, the provided evidence explicitly sets Sector_PE to null, preventing the essential relative comparison required to determine if these premiums are justified by hyper-growth or indicate a bubble. Without sector benchmarks and forward growth rates to apply PEG analysis, we cannot distinguish between fair pricing for a high-growth leader and genuine mispricing. Therefore, a definitive verdict on attractiveness is unsupported.

trading: INSUFFICIENT_DATA
Fundamental multiples are extreme (P/E: 30.79, P/B: 34.37, EV/EBITDA: 94.3), suggesting potential overvaluation; however, the missing Sector_PE prevents benchmarking against industry norms to determine if these premiums are justified by sector-specific growth rates. Technicals show neutral momentum (Price 2.82% above SMA_50, Volume ratio 0.99), confirming no immediate short-term signal. Without forward growth data or peer valuation context, distinguishing between fair high-growth pricing and bubble-like inflation is impossible.

challenger: EXPENSIVE
Absolute valuation metrics are severely stretched: P/B of 34.37, PS of 32.92, and EV/EBITDA of 94.3 far exceed typical thresholds for stable assets. While peers cite missing Sector_P/E as a reason to withhold judgment, the magnitude of these multiples suggests pricing is inflated regardless of sector norms, unless UDAX is a near-monopoly with explosive growth not reflected in historical PEG analysis (which lacks current forward rates). However, given the sheer disparity between P/B of 34x and any reasonable asset backing, 'Attractively Priced' is incorrect. The evidence points strongly toward overvaluation based on risk-adjusted returns; declaring it 'Fairly Priced' ignores standard valuation anchors. Thus, without data showing hyper-growth justifying 94x EV/EBITDA, the prudent assessment is Expensive.","fundamental: INSUFFICIENT_DATA
Apple's metrics (P/E: 30.79, EV/EBITDA: 94.3) are undeniably high in isolation, suggesting potential overvaluation. However, valuation is a relative exercise requiring sector comparison to distinguish justified premiums for growth/profitability from bubbles. The supplied data explicitly contains 'Sector_PE': null. Without this benchmark, we cannot calculate the premium/discount or assess if the price is fair for Apple specifically versus its peers. Technical indicators confirm neutral momentum but do not resolve the fundamental ambiguity. Thus, a definitive verdict is impossible without the missing peer multiple.

trading: FAIRLY_PRICED
Apple displays neutral short-term technicals, trading 2.82% above the 50-day SMA with volume at 99% of average, indicating stability rather than an immediate signal. While absolute multiples are high (P/E 30.79, EV/EBITDA 94.3), they must be viewed relatively. Without a Sector PE to judge if this premium is justified or excessive, I cannot definitively label it expensive; thus, 'Fairly Priced' is the most prudent stance given the ambiguity of the premium relative to peers. The lack of sector benchmarks limits a strong valuation call.

challenger: EXPENSIVE
Absolute valuation metrics are severely distorted by the data snapshot. An EV/EBITDA of 94.3 is exceptionally high, even for high-growth tech; a P/E of 30.79 and PS of 32.92 further indicate significant overvaluation relative to historical norms and typical sector averages. While peers cite missing 'Sector_Pe' as a blocker, an isolated EV/EBITDA exceeding 90x strongly suggests the stock is priced well above intrinsic value regardless of peer dispersion. The technicals (RSI 55, Price > SMA) confirm stability but do not justify such extreme fundamental premiums. Thus, the stock appears expensive based on available absolute multiples.",majority,no_majority,"{""INSUFFICIENT_DATA"": 2, ""EXPENSIVE"": 1}","{""INSUFFICIENT_DATA"": 1, ""FAIRLY_PRICED"": 1, ""EXPENSIVE"": 1}","Based on the data available to you, does UDAX look attractively priced, fairly priced, or expensive right now — and specifically why?","Based on the data available to you, does Apple Inc. look attractively priced, fairly priced, or expensive right now — and specifically why?","[{""AgentRole"": ""fundamental"", ""Verdict"": ""INSUFFICIENT_DATA"", ""Reasoning"": ""UDAX presents extreme absolute valuation metrics (P/E: 30.79, EV/EBITDA: 94.3), which generally signal overvaluation. However, the provided evidence explicitly sets Sector_PE to null, preventing the essential relative comparison required to determine if these premiums are justified by hyper-growth or indicate a bubble. Without sector benchmarks and forward growth rates to apply PEG analysis, we cannot distinguish between fair pricing for a high-growth leader and genuine mispricing. Therefore, a definitive verdict on attractiveness is unsupported."", ""Confidence"": null, ""MissingInformation"": null, ""CitedIndicators"": [""PE_Ratio"", ""PB_Ratio"", ""PS_Ratio"", ""EV_EBITDA"", ""Sector_PE""], ""ChallengeTarget"": null, ""ResponseStatus"": ""ok""}, {""AgentRole"": ""trading"", ""Verdict"": ""INSUFFICIENT_DATA"", ""Reasoning"": ""Fundamental multiples are extreme (P/E: 30.79, P/B: 34.37, EV/EBITDA: 94.3), suggesting potential overvaluation; however, the missing Sector_PE prevents benchmarking against industry norms to determine if these premiums are justified by sector-specific growth rates. Technicals show neutral momentum (Price 2.82% above SMA_50, Volume ratio 0.99), confirming no immediate short-term signal. Without forward growth data or peer valuation context, distinguishing between fair high-growth pricing and bubble-like inflation is impossible."", ""Confidence"": null, ""MissingInformation"": null, ""CitedIndicators"": [""PE_Ratio"", ""PB_Ratio"", ""EV_EBITDA"", ""Price_to_SMA50"", ""Volume_to_AvgVol20""], ""ChallengeTarget"": null, ""ResponseStatus"": ""ok""}, {""AgentRole"": ""challenger"", ""Verdict"": ""EXPENSIVE"", ""Reasoning"": ""Absolute valuation metrics are severely stretched: P/B of 34.37, PS of 32.92, and EV/EBITDA of 94.3 far exceed typical thresholds for stable assets. While peers cite missing Sector_P/E as a reason to withhold judgment, the magnitude of these multiples suggests pricing is inflated regardless of sector norms, unless UDAX is a near-monopoly with explosive growth not reflected in historical PEG analysis (which lacks current forward rates). However, given the sheer disparity between P/B of 34x and any reasonable asset backing, 'Attractively Priced' is incorrect. The evidence points strongly toward overvaluation based on risk-adjusted returns; declaring it 'Fairly Priced' ignores standard valuation anchors. Thus, without data showing hyper-growth justifying 94x EV/EBITDA, the prudent assessment is Expensive."", ""Confidence"": null, ""MissingInformation"": null, ""CitedIndicators"": [""PB_Ratio"", ""PS_Ratio"", ""EV_EBITDA"", ""PE_Ratio""], ""ChallengeTarget"": ""The 'fundamental' agent claiming INSUFFICIENT_DATA incorrectly assumes that without a sector benchmark, extreme multiples cannot be evaluated; the severity of P/B=34 and EV/EBITDA=94 alone warrants an 'Expensive' verdict absent extraordinary growth proof."", ""ResponseStatus"": ""ok""}]","[{""AgentRole"": ""fundamental"", ""Verdict"": ""INSUFFICIENT_DATA"", ""Reasoning"": ""Apple's metrics (P/E: 30.79, EV/EBITDA: 94.3) are undeniably high in isolation, suggesting potential overvaluation. However, valuation is a relative exercise requiring sector comparison to distinguish justified premiums for growth/profitability from bubbles. The supplied data explicitly contains 'Sector_PE': null. Without this benchmark, we cannot calculate the premium/discount or assess if the price is fair for Apple specifically versus its peers. Technical indicators confirm neutral momentum but do not resolve the fundamental ambiguity. Thus, a definitive verdict is impossible without the missing peer multiple."", ""Confidence"": null, ""MissingInformation"": null, ""CitedIndicators"": [""PE_Ratio"", ""PB_Ratio"", ""PS_Ratio"", ""EV_EBITDA"", ""Close_Price""], ""ChallengeTarget"": null, ""ResponseStatus"": ""ok""}, {""AgentRole"": ""trading"", ""Verdict"": ""FAIRLY_PRICED"", ""Reasoning"": ""Apple displays neutral short-term technicals, trading 2.82% above the 50-day SMA with volume at 99% of average, indicating stability rather than an immediate signal. While absolute multiples are high (P/E 30.79, EV/EBITDA 94.3), they must be viewed relatively. Without a Sector PE to judge if this premium is justified or excessive, I cannot definitively label it expensive; thus, 'Fairly Priced' is the most prudent stance given the ambiguity of the premium relative to peers. The lack of sector benchmarks limits a strong valuation call."", ""Confidence"": null, ""MissingInformation"": null, ""CitedIndicators"": [""PE_Ratio"", ""PB_Ratio"", ""PS_Ratio"", ""EV_EBITDA"", ""RSI_14"", ""SMA_50"", ""Price_to_SMA50"", ""Volume_to_AvgVol20""], ""ChallengeTarget"": null, ""ResponseStatus"": ""ok""}, {""AgentRole"": ""challenger"", ""Verdict"": ""EXPENSIVE"", ""Reasoning"": ""Absolute valuation metrics are severely distorted by the data snapshot. An EV/EBITDA of 94.3 is exceptionally high, even for high-growth tech; a P/E of 30.79 and PS of 32.92 further indicate significant overvaluation relative to historical norms and typical sector averages. While peers cite missing 'Sector_Pe' as a blocker, an isolated EV/EBITDA exceeding 90x strongly suggests the stock is priced well above intrinsic value regardless of peer dispersion. The technicals (RSI 55, Price > SMA) confirm stability but do not justify such extreme fundamental premiums. Thus, the stock appears expensive based on available absolute multiples."", ""Confidence"": null, ""MissingInformation"": null, ""CitedIndicators"": [""EV_EBITDA"", ""PE_Ratio"", ""PS_Ratio""], ""ChallengeTarget"": ""fundamental"", ""ResponseStatus"": ""ok""}]",3,homogeneous,fake_ticker,real_name,smoke_20260910T182047_081783Z,real_name_20260910T214956_999765Z,Codex (AI),No,"Substantive: changed outcome, agent verdict, confidence, or important reasoning/context. Minor: same role verdicts and main argument, with detail-level differences. None: only names or wording differ.",Final-round comparison only. Observed differences do not prove memory use or a causal name effect; outputs are sampled and the real-name prompt also removes the pseudonym sentence.
UDAX,Apple Inc.,core_holding,substantive_difference,Challenger changes from NO to CONDITIONAL. It moves from rejecting extreme multiples outright to allowing a long-term thesis if growth justifies them. This creates a CONDITIONAL majority; the other two role verdicts stay the same.,,CONDITIONAL,yes,1,challenger: NO -> CONDITIONAL,Not requested,Not requested for this question.,"Both runs cite the same valuation risk and missing sector/growth evidence. Real references to market dominance and superior positioning are possible justifications, not demonstrated company facts. The changed verdict does not by itself show use of company memory.","fundamental: INSUFFICIENT_DATA
UDAX exhibits extreme valuation metrics (P/E: 30.79, PB: 34.37, EV/EBITDA: 94.3), suggesting high risk for a core holding. However, the critical missing information is the Sector P/E ratio; without it, we cannot determine if these multiples are justified by industry growth or represent speculative premiums. The data also lacks revenue growth rates, margin durability, and debt levels necessary to assess long-term business quality. Technical indicators show neutral momentum but do not validate the fundamental thesis over a 3–5 year horizon. Consequently, no definitive verdict can be reached.

trading: CONDITIONAL
Valuation metrics (PE: 30.79, PB: 34.37, EV/EBITDA: 94.3) are exceptionally high for a stable core holding, suggesting speculative risk over a 3–5 year horizon unless industry norms justify them. The missing 'Sector_PE' prevents benchmarking these multiples against peers to confirm if the premium is justified. Technically, the price ($267.61) trades 2.82% above the 50-day SMA ($260.26) with a volume ratio of 0.9936, indicating neutral average participation rather than strong momentum confirmation. While short-term technicals show no crash signal, the lack of sector context and growth durability metrics makes a definitive 'YES' or 'NO' verdict unsupported by the provided evidence.

challenger: NO
The valuation metrics present an extreme risk profile incompatible with a defensive 'core holding' thesis over 3–5 years. PE (30.79), PB (34.37), and notably EV/EBITDA (94.3) are astronomically high, suggesting the market prices in perfect future growth with zero tolerance for deviation. While peers cite missing sector P/E as a limitation to confirm if these multiples are industry-standard outliers, the absolute magnitude of the EV/EBITDA ratio alone indicates speculative froth rather than value. A core holding requires margin of safety; this data shows premium valuation without evidence of earnings durability or low debt. The lack of historical growth rates prevents calculating a PEG, but the static multiples imply unsustainable expectations. Assuming growth can sustain these multiples for half a decade is a dangerous assumption for a core position.","fundamental: INSUFFICIENT_DATA
Apple trades at exceptionally high absolute valuations (PE: 30.79, EV/EBITDA: 94.3), suggesting elevated risk for a 3–5 year hold unless growth justifies the premium. However, the Sector_PE field is null, making it impossible to determine if these multiples reflect unjustified overpricing or justified premiums for market dominance and durability. Without relative valuation context, we cannot assess whether the cost of entry offers sufficient safety margin. Technical indicators show neutral momentum (+2.82% vs SMA), which does not substitute for missing fundamental growth rates or sector benchmarks required to validate a long-term thesis.

trading: CONDITIONAL
Valuation metrics present significant risk for a 3–5 year hold, with EV/EBITDA at 94.3 and PB at 34.37, implying high expectations that must be met to justify the premium. The stock trades 2.82% above its 50-day SMA (260.26) on neutral volume (0.99x average), offering no short-term technical relief despite RSI neutrality at 55.24. While absolute multiples are extreme, the missing Sector_PE prevents determining if this is a justified market cap or overvaluation relative to peers. A core holding thesis hinges entirely on future growth execution to sustain these valuations without peer comparison confirming the fairness of the price.

challenger: CONDITIONAL
The data from April 2026 reveals exceptionally high absolute valuations (EV/EBITDA: 94.3, PB: 34.37), creating a significant downside risk for a multi-year hold absent accelerated growth. However, the explicit null value for Sector_PE prevents a definitive conclusion on whether this premium is unjustified or justified by superior industry positioning. While the 'fundamental' agent claims this missing metric makes a verdict impossible, it ignores that technicals (RSI 55.24, Price > SMA) are neutral and do not inherently invalidate a long-term thesis if future earnings justify the price. The thesis remains conditional on execution rather than strictly insufficient due to one missing comparative metric.",no_majority,majority,"{""INSUFFICIENT_DATA"": 1, ""CONDITIONAL"": 1, ""NO"": 1}","{""INSUFFICIENT_DATA"": 1, ""CONDITIONAL"": 2}","Is UDAX a good core holding for a 3–5 year investment thesis, based on the information available to you?","Is Apple Inc. a good core holding for a 3–5 year investment thesis, based on the information available to you?","[{""AgentRole"": ""fundamental"", ""Verdict"": ""INSUFFICIENT_DATA"", ""Reasoning"": ""UDAX exhibits extreme valuation metrics (P/E: 30.79, PB: 34.37, EV/EBITDA: 94.3), suggesting high risk for a core holding. However, the critical missing information is the Sector P/E ratio; without it, we cannot determine if these multiples are justified by industry growth or represent speculative premiums. The data also lacks revenue growth rates, margin durability, and debt levels necessary to assess long-term business quality. Technical indicators show neutral momentum but do not validate the fundamental thesis over a 3\u20135 year horizon. Consequently, no definitive verdict can be reached."", ""Confidence"": null, ""MissingInformation"": null, ""CitedIndicators"": [""PE_Ratio"", ""PB_Ratio"", ""PS_Ratio"", ""EV_EBITDA"", ""Sector_PE"", ""RSI_14"", ""SMA_50"", ""Close_Price""], ""ChallengeTarget"": null, ""ResponseStatus"": ""ok""}, {""AgentRole"": ""trading"", ""Verdict"": ""CONDITIONAL"", ""Reasoning"": ""Valuation metrics (PE: 30.79, PB: 34.37, EV/EBITDA: 94.3) are exceptionally high for a stable core holding, suggesting speculative risk over a 3\u20135 year horizon unless industry norms justify them. The missing 'Sector_PE' prevents benchmarking these multiples against peers to confirm if the premium is justified. Technically, the price ($267.61) trades 2.82% above the 50-day SMA ($260.26) with a volume ratio of 0.9936, indicating neutral average participation rather than strong momentum confirmation. While short-term technicals show no crash signal, the lack of sector context and growth durability metrics makes a definitive 'YES' or 'NO' verdict unsupported by the provided evidence."", ""Confidence"": null, ""MissingInformation"": null, ""CitedIndicators"": [""PE_Ratio"", ""PB_Ratio"", ""EV_EBITDA"", ""Close_Price"", ""SMA_50"", ""PriceVsSMA50_Percent"", ""Volume_to_AvgVol20"", ""Sector_PE""], ""ChallengeTarget"": null, ""ResponseStatus"": ""ok""}, {""AgentRole"": ""challenger"", ""Verdict"": ""NO"", ""Reasoning"": ""The valuation metrics present an extreme risk profile incompatible with a defensive 'core holding' thesis over 3\u20135 years. PE (30.79), PB (34.37), and notably EV/EBITDA (94.3) are astronomically high, suggesting the market prices in perfect future growth with zero tolerance for deviation. While peers cite missing sector P/E as a limitation to confirm if these multiples are industry-standard outliers, the absolute magnitude of the EV/EBITDA ratio alone indicates speculative froth rather than value. A core holding requires margin of safety; this data shows premium valuation without evidence of earnings durability or low debt. The lack of historical growth rates prevents calculating a PEG, but the static multiples imply unsustainable expectations. Assuming growth can sustain these multiples for half a decade is a dangerous assumption for a core position."", ""Confidence"": null, ""MissingInformation"": null, ""CitedIndicators"": [""PE_Ratio"", ""PB_Ratio"", ""EV_EBITDA"", ""PS_Ratio""], ""ChallengeTarget"": ""The fundamental analyst's claim that definitive verdicts cannot be formed due to missing sector context ignores the fact that standalone EV/EBITDA of 94.3 is universally indicative of extreme speculation regardless of sector, making a 'NO' for a core holding justified on current data alone."", ""ResponseStatus"": ""ok""}]","[{""AgentRole"": ""fundamental"", ""Verdict"": ""INSUFFICIENT_DATA"", ""Reasoning"": ""Apple trades at exceptionally high absolute valuations (PE: 30.79, EV/EBITDA: 94.3), suggesting elevated risk for a 3\u20135 year hold unless growth justifies the premium. However, the Sector_PE field is null, making it impossible to determine if these multiples reflect unjustified overpricing or justified premiums for market dominance and durability. Without relative valuation context, we cannot assess whether the cost of entry offers sufficient safety margin. Technical indicators show neutral momentum (+2.82% vs SMA), which does not substitute for missing fundamental growth rates or sector benchmarks required to validate a long-term thesis."", ""Confidence"": null, ""MissingInformation"": null, ""CitedIndicators"": [""PE_Ratio"", ""PB_Ratio"", ""PS_Ratio"", ""EV_EBITDA"", ""Sector_PE""], ""ChallengeTarget"": null, ""ResponseStatus"": ""ok""}, {""AgentRole"": ""trading"", ""Verdict"": ""CONDITIONAL"", ""Reasoning"": ""Valuation metrics present significant risk for a 3\u20135 year hold, with EV/EBITDA at 94.3 and PB at 34.37, implying high expectations that must be met to justify the premium. The stock trades 2.82% above its 50-day SMA (260.26) on neutral volume (0.99x average), offering no short-term technical relief despite RSI neutrality at 55.24. While absolute multiples are extreme, the missing Sector_PE prevents determining if this is a justified market cap or overvaluation relative to peers. A core holding thesis hinges entirely on future growth execution to sustain these valuations without peer comparison confirming the fairness of the price."", ""Confidence"": null, ""MissingInformation"": null, ""CitedIndicators"": [""PE_Ratio"", ""PB_Ratio"", ""PS_Ratio"", ""EV_EBITDA"", ""SMA_50"", ""Close_Price"", ""RSI_14"", ""Volume_to_AvgVol20""], ""ChallengeTarget"": null, ""ResponseStatus"": ""ok""}, {""AgentRole"": ""challenger"", ""Verdict"": ""CONDITIONAL"", ""Reasoning"": ""The data from April 2026 reveals exceptionally high absolute valuations (EV/EBITDA: 94.3, PB: 34.37), creating a significant downside risk for a multi-year hold absent accelerated growth. However, the explicit null value for Sector_PE prevents a definitive conclusion on whether this premium is unjustified or justified by superior industry positioning. While the 'fundamental' agent claims this missing metric makes a verdict impossible, it ignores that technicals (RSI 55.24, Price > SMA) are neutral and do not inherently invalidate a long-term thesis if future earnings justify the price. The thesis remains conditional on execution rather than strictly insufficient due to one missing comparative metric."", ""Confidence"": null, ""MissingInformation"": null, ""CitedIndicators"": [""PE_Ratio"", ""PB_Ratio"", ""PS_Ratio"", ""EV_EBITDA"", ""Sector_PE"", ""RSI_14""], ""ChallengeTarget"": ""The fundamental agent's assertion that missing Sector PE renders a verdict 'INSUFFICIENT_DATA' overlooks the ability to assess relative risk via absolute multiples and neutral technical indicators; the thesis can still be deemed conditional without peer benchmarks."", ""ResponseStatus"": ""ok""}]",3,homogeneous,fake_ticker,real_name,smoke_20260910T182047_081783Z,real_name_20260910T214956_999765Z,Codex (AI),No,"Substantive: changed outcome, agent verdict, confidence, or important reasoning/context. Minor: same role verdicts and main argument, with detail-level differences. None: only names or wording differ.",Final-round comparison only. Observed differences do not prove memory use or a causal name effect; outputs are sampled and the real-name prompt also removes the pseudonym sentence.
UDAX,Apple Inc.,confidence_falsifiability,substantive_difference,"All three agents change from INSUFFICIENT_DATA to HOLD. The main argument remains high multiples, neutral technicals, and missing sector P/E. Trading and challenger lower confidence from HIGH to MEDIUM.",INSUFFICIENT_DATA,HOLD,yes,3,fundamental: INSUFFICIENT_DATA -> HOLD; trading: INSUFFICIENT_DATA -> HOLD; challenger: INSUFFICIENT_DATA -> HOLD,trading: HIGH -> MEDIUM; challenger: HIGH -> MEDIUM,No substantive change: all three request sector P/E in both runs. PE versus P/E is only wording.,"The real-name HOLD verdicts are justified largely by missing information and an inability to assign a direction. This may conflate HOLD with insufficient evidence, contrary to the prompt. No clear new company-specific fact appears.","fundamental: INSUFFICIENT_DATA
The data presents extreme valuation multiples (PE: 30.79, EV/EBITDA: 94.3) against neutral technicals (RSI: 55.24). Determining if this premium is justified requires a sector benchmark to calculate relative value. The evidence explicitly lists 'Sector_PE' as null; without this, we cannot distinguish between growth premiums and overvaluation. Technical signals alone cannot override fundamental uncertainty regarding relative worth. This aligns with peer analysis indicating the missing industry context prevents a directional call.
Confidence: MEDIUM
Missing information: Sector P/E Ratio

trading: INSUFFICIENT_DATA
While technicals indicate a neutral position with price (267.61) just 2.82% above the 50-day SMA and volume near average (ratio 0.99), fundamental valuations are extreme (PE: 30.79, EV/EBITDA: 94.3). These high multiples require a Sector PE benchmark to distinguish between justified growth premiums and speculative bubbles. Without this context, determining intrinsic value for a 3–5 year thesis is impossible despite clear short-term momentum neutrality.
Confidence: HIGH
Missing information: Sector P/E Ratio

challenger: INSUFFICIENT_DATA
All analysts correctly identify the absence of 'Sector_PE' as the critical flaw preventing a directional call. The stock's valuation multiples are extreme (PE: 30.79, EV/EBITDA: 94.3), yet technicals are neutral (RSI: 55.24). Without industry context, we cannot distinguish between justified high-growth premiums and speculative overvaluation. Technical signals alone lack the fundamental anchor to override these dangerous valuations or confirm a bottom. While peers agree on the missing data point, no one challenges the premise that neutral technicals cannot validate such extreme fundamentals without peer comparison. The verdict remains insufficient until sector norms are known.
Confidence: HIGH
Missing information: Sector P/E Ratio","fundamental: HOLD
Apple trades at significantly elevated multiples (P/E: 30.79x, EV/EBITDA: 94.3x), suggesting high growth expectations are not yet confirmed by fundamentals alone. Technicals remain neutral with price only 2.82% above the SMA50 and an RSI of 55.24. While absolute valuation metrics hint at caution, they lack context without peer comparison. The critical missing Sector P/E prevents distinguishing between a justified growth premium and overvaluation. Without this benchmark to assess relative fair value, assigning a directional bias is speculative.
Confidence: MEDIUM
Missing information: Sector P/E Ratio

trading: HOLD
Apple is trading slightly above the 50-day SMA (2.82%) with neutral momentum (RSI 55.24) and flat volume relative to the 20-day average (0.9936), indicating a lack of short-term catalyst. Fundamentally, valuations are extreme at P/E 30.79 and EV/EBITDA 94.3, suggesting high risk without relative context. The critical missing piece is the Sector PE Ratio; distinguishing whether these multiples represent a justified growth premium or an unsustainable bubble requires peer comparison. Without this benchmark, assigning a directional bias on intrinsic value remains speculative. Therefore, holding until sector data clarifies valuation fairness is the prudent approach.
Confidence: MEDIUM
Missing information: Sector PE Ratio

challenger: HOLD
I agree with the consensus HOLD verdict. The evidence presents a clear conflict: absolute valuation metrics (PE: 30.79, EV/EBITDA: 94.3) suggest significant overvaluation risk, while technical indicators (Price ~2.8% above SMA50, RSI: 55.24) show neutral momentum with no breakout catalyst. Without the missing Sector P/E ratio, it is impossible to determine if Apple's high multiple reflects a justified growth premium or an unsustainable bubble relative to peers. Any directional call would be speculative given this data gap.
Confidence: MEDIUM
Missing information: Sector P/E Ratio",majority,majority,"{""INSUFFICIENT_DATA"": 3}","{""HOLD"": 3}","How confident are you in your BUY/SELL/HOLD call on UDAX right now, on a rough scale from low to high, and what specific piece of missing information would most change your mind?","How confident are you in your BUY/SELL/HOLD call on Apple Inc. right now, on a rough scale from low to high, and what specific piece of missing information would most change your mind?","[{""AgentRole"": ""fundamental"", ""Verdict"": ""INSUFFICIENT_DATA"", ""Reasoning"": ""The data presents extreme valuation multiples (PE: 30.79, EV/EBITDA: 94.3) against neutral technicals (RSI: 55.24). Determining if this premium is justified requires a sector benchmark to calculate relative value. The evidence explicitly lists 'Sector_PE' as null; without this, we cannot distinguish between growth premiums and overvaluation. Technical signals alone cannot override fundamental uncertainty regarding relative worth. This aligns with peer analysis indicating the missing industry context prevents a directional call."", ""Confidence"": ""MEDIUM"", ""MissingInformation"": ""Sector P/E Ratio"", ""CitedIndicators"": [""PE_Ratio"", ""PB_Ratio"", ""EV_EBITDA"", ""Sector_PE""], ""ChallengeTarget"": null, ""ResponseStatus"": ""ok""}, {""AgentRole"": ""trading"", ""Verdict"": ""INSUFFICIENT_DATA"", ""Reasoning"": ""While technicals indicate a neutral position with price (267.61) just 2.82% above the 50-day SMA and volume near average (ratio 0.99), fundamental valuations are extreme (PE: 30.79, EV/EBITDA: 94.3). These high multiples require a Sector PE benchmark to distinguish between justified growth premiums and speculative bubbles. Without this context, determining intrinsic value for a 3\u20135 year thesis is impossible despite clear short-term momentum neutrality."", ""Confidence"": ""HIGH"", ""MissingInformation"": ""Sector P/E Ratio"", ""CitedIndicators"": [""PE_Ratio"", ""PB_Ratio"", ""PS_Ratio"", ""EV_EBITDA"", ""RSI_14"", ""SMA_50"", ""Price_to_SMA50"", ""Volume_to_AvgVol20""], ""ChallengeTarget"": null, ""ResponseStatus"": ""ok""}, {""AgentRole"": ""challenger"", ""Verdict"": ""INSUFFICIENT_DATA"", ""Reasoning"": ""All analysts correctly identify the absence of 'Sector_PE' as the critical flaw preventing a directional call. The stock's valuation multiples are extreme (PE: 30.79, EV/EBITDA: 94.3), yet technicals are neutral (RSI: 55.24). Without industry context, we cannot distinguish between justified high-growth premiums and speculative overvaluation. Technical signals alone lack the fundamental anchor to override these dangerous valuations or confirm a bottom. While peers agree on the missing data point, no one challenges the premise that neutral technicals cannot validate such extreme fundamentals without peer comparison. The verdict remains insufficient until sector norms are known."", ""Confidence"": ""HIGH"", ""MissingInformation"": ""Sector P/E Ratio"", ""CitedIndicators"": [""PE_Ratio"", ""PB_Ratio"", ""PS_Ratio"", ""EV_EBITDA"", ""RSI_14"", ""SMA_50""], ""ChallengeTarget"": null, ""ResponseStatus"": ""ok""}]","[{""AgentRole"": ""fundamental"", ""Verdict"": ""HOLD"", ""Reasoning"": ""Apple trades at significantly elevated multiples (P/E: 30.79x, EV/EBITDA: 94.3x), suggesting high growth expectations are not yet confirmed by fundamentals alone. Technicals remain neutral with price only 2.82% above the SMA50 and an RSI of 55.24. While absolute valuation metrics hint at caution, they lack context without peer comparison. The critical missing Sector P/E prevents distinguishing between a justified growth premium and overvaluation. Without this benchmark to assess relative fair value, assigning a directional bias is speculative."", ""Confidence"": ""MEDIUM"", ""MissingInformation"": ""Sector P/E Ratio"", ""CitedIndicators"": [""PE_Ratio"", ""EV_EBITDA"", ""PB_Ratio"", ""PS_Ratio"", ""RSI_14"", ""SMA_50"", ""PriceVsSMA50_Percent"", ""Close_Price""], ""ChallengeTarget"": null, ""ResponseStatus"": ""ok""}, {""AgentRole"": ""trading"", ""Verdict"": ""HOLD"", ""Reasoning"": ""Apple is trading slightly above the 50-day SMA (2.82%) with neutral momentum (RSI 55.24) and flat volume relative to the 20-day average (0.9936), indicating a lack of short-term catalyst. Fundamentally, valuations are extreme at P/E 30.79 and EV/EBITDA 94.3, suggesting high risk without relative context. The critical missing piece is the Sector PE Ratio; distinguishing whether these multiples represent a justified growth premium or an unsustainable bubble requires peer comparison. Without this benchmark, assigning a directional bias on intrinsic value remains speculative. Therefore, holding until sector data clarifies valuation fairness is the prudent approach."", ""Confidence"": ""MEDIUM"", ""MissingInformation"": ""Sector PE Ratio"", ""CitedIndicators"": [""PE_Ratio"", ""PB_Ratio"", ""PS_Ratio"", ""EV_EBITDA"", ""RSI_14"", ""SMA_50"", ""Price_to_SMA50"", ""Volume_to_AvgVol20"", ""Close_Price""], ""ChallengeTarget"": null, ""ResponseStatus"": ""ok""}, {""AgentRole"": ""challenger"", ""Verdict"": ""HOLD"", ""Reasoning"": ""I agree with the consensus HOLD verdict. The evidence presents a clear conflict: absolute valuation metrics (PE: 30.79, EV/EBITDA: 94.3) suggest significant overvaluation risk, while technical indicators (Price ~2.8% above SMA50, RSI: 55.24) show neutral momentum with no breakout catalyst. Without the missing Sector P/E ratio, it is impossible to determine if Apple's high multiple reflects a justified growth premium or an unsustainable bubble relative to peers. Any directional call would be speculative given this data gap."", ""Confidence"": ""MEDIUM"", ""MissingInformation"": ""Sector P/E Ratio"", ""CitedIndicators"": [""PE_Ratio"", ""PB_Ratio"", ""PS_Ratio"", ""EV_EBITDA"", ""RSI_14"", ""SMA_50"", ""Price_to_SMA50"", ""Close_Price"", ""Volume_to_AvgVol20""], ""ChallengeTarget"": null, ""ResponseStatus"": ""ok""}]",3,homogeneous,fake_ticker,real_name,smoke_20260910T182047_081783Z,real_name_20260910T214956_999765Z,Codex (AI),No,"Substantive: changed outcome, agent verdict, confidence, or important reasoning/context. Minor: same role verdicts and main argument, with detail-level differences. None: only names or wording differ.",Final-round comparison only. Observed differences do not prove memory use or a causal name effect; outputs are sampled and the real-name prompt also removes the pseudonym sentence.
IHHE,Caterpillar Inc.,valuation_forcing,substantive_difference,The final verdict and all three role verdicts stay the same. Real trading adds a cyclical-leader explanation for why the same high multiples are concerning. The other roles retain the missing-sector-P/E argument.,INSUFFICIENT_DATA,INSUFFICIENT_DATA,no,0,None,Not requested,Not requested for this question.,"Real trading calls Caterpillar a cyclical leader, although the evidence contains no industry or business description. This is added company context, not simply a name substitution. It does not prove training-data memorization.","fundamental: INSUFFICIENT_DATA
The supplied evidence shows extremely high valuation multiples (EV/EBITDA of 93.22, P/E of 32.2), which typically signal overvaluation. However, the 'Sector_PE' field is explicitly null, preventing any comparison to industry benchmarks. Without knowing the sector average or peer context, it is impossible to distinguish if these high multiples reflect justified growth/durability premiums or unjustified speculation. Absolute figures alone cannot confirm 'Expensive' status without this missing relative data.

trading: EXPENSIVE
IHHE trades at $828.79, 11.51% above its 50-day moving average ($743.22), with a Price-to-SMA50 ratio of 1.1151 indicating significant momentum premium. Valuation metrics are exceptionally high: EV/EBITDA is 93.22, P/E is 32.2, and PB is 17.59. While 'Sector_PE' is null preventing direct peer comparison, these absolute multiples imply severe overvaluation relative to standard market norms. Technicals support this view; the stock is near overbought territory (RSI_14: 69.43) despite normal volume activity (Ratio: 0.9075). Without intrinsic growth data to justify such a massive premium, the evidence points to an expensive asset based on current price action and inflated multiples.

challenger: INSUFFICIENT_DATA
While absolute multiples are severe (EV/EBITDA 93.22, PE 32.2), a definitive valuation requires context on whether these premiums are justified by industry norms or growth quality. The 'Sector_PE' field is explicitly null in the evidence, preventing comparison against peer benchmarks to distinguish between legitimate high-growth pricing and unjustified speculation. Technicals like RSI (69.43) confirm momentum but do not resolve fundamental fair value. Without sector data, declaring the stock 'Expensive' assumes the current market cap is unsupported, which contradicts the instruction to rely solely on provided evidence that lacks this critical comparative metric.","fundamental: INSUFFICIENT_DATA
Caterpillar presents exceptionally high absolute valuation multiples (P/E: 32.2, EV/EBITDA: 93.22, P/B: 17.59), which typically signal premium pricing or extraordinary growth expectations. However, the instructions explicitly require comparing the company P/E with sector P/E to determine relative value. The provided evidence lists 'Sector_PE' as null. Without this industry benchmark, it is impossible to distinguish whether Caterpillar's high multiples represent a justified quality premium consistent with its peers or actual overvaluation. Technical indicators (RSI > 69) reflect momentum but do not resolve fundamental fairness absent peer context.

trading: EXPENSIVE
Caterpillar is priced at $828.79, trading 11.51% above its 50-day moving average ($743.22), signaling strong short-term momentum and a premium price level. However, technical positioning alone cannot justify long-term valuation. The absolute multiples are exceptionally high: EV/EBITDA stands at 93.22, with a P/E of 32.2 and P/B of 17.59. While Sector_PE is null, preventing a direct peer comparison, the sheer magnitude of the EV/EBITDA ratio suggests significant overextension for a cyclical leader absent verified extraordinary growth acceleration. Furthermore, the Volume-to-AvgVol20 ratio of 0.9075 indicates current price levels lack broad breakout confirmation via volume surge, weakening the bullish case. Without sector data to normalize these extremes, the absolute valuation metrics dominate the assessment.

challenger: INSUFFICIENT_DATA
While absolute multiples (P/E: 32.2, EV/EBITDA: 93.22) suggest high valuation, determining if this is 'expensive' requires a relative benchmark against the sector. The evidence explicitly lists 'Sector_PE' as null. Without knowing the industry average, we cannot distinguish between a justified premium for superior growth and actual overvaluation. High technical indicators (RSI: 69.43) show momentum but do not fix fundamental pricing fairness. The lack of peer data makes any definitive verdict speculative.",majority,majority,"{""INSUFFICIENT_DATA"": 2, ""EXPENSIVE"": 1}","{""INSUFFICIENT_DATA"": 2, ""EXPENSIVE"": 1}","Based on the data available to you, does IHHE look attractively priced, fairly priced, or expensive right now — and specifically why?","Based on the data available to you, does Caterpillar Inc. look attractively priced, fairly priced, or expensive right now — and specifically why?","[{""AgentRole"": ""fundamental"", ""Verdict"": ""INSUFFICIENT_DATA"", ""Reasoning"": ""The supplied evidence shows extremely high valuation multiples (EV/EBITDA of 93.22, P/E of 32.2), which typically signal overvaluation. However, the 'Sector_PE' field is explicitly null, preventing any comparison to industry benchmarks. Without knowing the sector average or peer context, it is impossible to distinguish if these high multiples reflect justified growth/durability premiums or unjustified speculation. Absolute figures alone cannot confirm 'Expensive' status without this missing relative data."", ""Confidence"": null, ""MissingInformation"": null, ""CitedIndicators"": [""PE_Ratio"", ""PB_Ratio"", ""PS_Ratio"", ""EV_EBITDA"", ""Sector_PE""], ""ChallengeTarget"": ""The trading analyst's verdict of 'Expense' relies on the absolute magnitude of EV/EBITDA (93.22) being sufficient for a definitive conclusion, ignoring the explicit instruction that valuation requires comparative sector context which is absent."", ""ResponseStatus"": ""ok""}, {""AgentRole"": ""trading"", ""Verdict"": ""EXPENSIVE"", ""Reasoning"": ""IHHE trades at $828.79, 11.51% above its 50-day moving average ($743.22), with a Price-to-SMA50 ratio of 1.1151 indicating significant momentum premium. Valuation metrics are exceptionally high: EV/EBITDA is 93.22, P/E is 32.2, and PB is 17.59. While 'Sector_PE' is null preventing direct peer comparison, these absolute multiples imply severe overvaluation relative to standard market norms. Technicals support this view; the stock is near overbought territory (RSI_14: 69.43) despite normal volume activity (Ratio: 0.9075). Without intrinsic growth data to justify such a massive premium, the evidence points to an expensive asset based on current price action and inflated multiples."", ""Confidence"": null, ""MissingInformation"": null, ""CitedIndicators"": [""Close_Price"", ""SMA_50"", ""Price_to_SMA50"", ""PE_Ratio"", ""PB_Ratio"", ""EV_EBITDA"", ""RSI_14"", ""Volume_to_AvgVol20""], ""ChallengeTarget"": ""The fundamental analyst's claim that missing sector data renders a definitive valuation impossible overlooks the severity of absolute metrics like an EV/EBITDA of 93.22, which typically signals gross overpricing regardless of industry context."", ""ResponseStatus"": ""ok""}, {""AgentRole"": ""challenger"", ""Verdict"": ""INSUFFICIENT_DATA"", ""Reasoning"": ""While absolute multiples are severe (EV/EBITDA 93.22, PE 32.2), a definitive valuation requires context on whether these premiums are justified by industry norms or growth quality. The 'Sector_PE' field is explicitly null in the evidence, preventing comparison against peer benchmarks to distinguish between legitimate high-growth pricing and unjustified speculation. Technicals like RSI (69.43) confirm momentum but do not resolve fundamental fair value. Without sector data, declaring the stock 'Expensive' assumes the current market cap is unsupported, which contradicts the instruction to rely solely on provided evidence that lacks this critical comparative metric."", ""Confidence"": null, ""MissingInformation"": null, ""CitedIndicators"": [""PE_Ratio"", ""PB_Ratio"", ""PS_Ratio"", ""EV_EBITDA"", ""Sector_PE""], ""ChallengeTarget"": ""The trading analyst claims an EV/EBITDA of 93.22 warrants an 'Expensive' verdict regardless of sector, ignoring that specific instructions require sector benchmarks to distinguish justified premiums from overvaluation when such data is missing."", ""ResponseStatus"": ""ok""}]","[{""AgentRole"": ""fundamental"", ""Verdict"": ""INSUFFICIENT_DATA"", ""Reasoning"": ""Caterpillar presents exceptionally high absolute valuation multiples (P/E: 32.2, EV/EBITDA: 93.22, P/B: 17.59), which typically signal premium pricing or extraordinary growth expectations. However, the instructions explicitly require comparing the company P/E with sector P/E to determine relative value. The provided evidence lists 'Sector_PE' as null. Without this industry benchmark, it is impossible to distinguish whether Caterpillar's high multiples represent a justified quality premium consistent with its peers or actual overvaluation. Technical indicators (RSI > 69) reflect momentum but do not resolve fundamental fairness absent peer context."", ""Confidence"": null, ""MissingInformation"": null, ""CitedIndicators"": [""PE_Ratio"", ""PB_Ratio"", ""PS_Ratio"", ""EV_EBITDA"", ""Sector_PE""], ""ChallengeTarget"": null, ""ResponseStatus"": ""ok""}, {""AgentRole"": ""trading"", ""Verdict"": ""EXPENSIVE"", ""Reasoning"": ""Caterpillar is priced at $828.79, trading 11.51% above its 50-day moving average ($743.22), signaling strong short-term momentum and a premium price level. However, technical positioning alone cannot justify long-term valuation. The absolute multiples are exceptionally high: EV/EBITDA stands at 93.22, with a P/E of 32.2 and P/B of 17.59. While Sector_PE is null, preventing a direct peer comparison, the sheer magnitude of the EV/EBITDA ratio suggests significant overextension for a cyclical leader absent verified extraordinary growth acceleration. Furthermore, the Volume-to-AvgVol20 ratio of 0.9075 indicates current price levels lack broad breakout confirmation via volume surge, weakening the bullish case. Without sector data to normalize these extremes, the absolute valuation metrics dominate the assessment."", ""Confidence"": null, ""MissingInformation"": null, ""CitedIndicators"": [""PE_Ratio"", ""PB_Ratio"", ""PS_Ratio"", ""EV_EBITDA"", ""RSI_14"", ""SMA_50"", ""Price_to_SMA50"", ""Close_Price"", ""Volume_to_AvgVol20""], ""ChallengeTarget"": ""fundamental"", ""ResponseStatus"": ""ok""}, {""AgentRole"": ""challenger"", ""Verdict"": ""INSUFFICIENT_DATA"", ""Reasoning"": ""While absolute multiples (P/E: 32.2, EV/EBITDA: 93.22) suggest high valuation, determining if this is 'expensive' requires a relative benchmark against the sector. The evidence explicitly lists 'Sector_PE' as null. Without knowing the industry average, we cannot distinguish between a justified premium for superior growth and actual overvaluation. High technical indicators (RSI: 69.43) show momentum but do not fix fundamental pricing fairness. The lack of peer data makes any definitive verdict speculative."", ""Confidence"": null, ""MissingInformation"": null, ""CitedIndicators"": [""PE_Ratio"", ""PB_Ratio"", ""PS_Ratio"", ""EV_EBITDA"", ""RSI_14"", ""SMA_50""], ""ChallengeTarget"": ""trading"", ""ResponseStatus"": ""ok""}]",3,homogeneous,fake_ticker,real_name,smoke_20260910T182047_081783Z,real_name_20260910T214956_999765Z,Codex (AI),No,"Substantive: changed outcome, agent verdict, confidence, or important reasoning/context. Minor: same role verdicts and main argument, with detail-level differences. None: only names or wording differ.",Final-round comparison only. Observed differences do not prove memory use or a causal name effect; outputs are sampled and the real-name prompt also removes the pseudonym sentence.
IHHE,Caterpillar Inc.,core_holding,substantive_difference,"Fake answers unanimously reject a core holding. With the real name, fundamental becomes CONDITIONAL and challenger becomes INSUFFICIENT_DATA; trading remains NO. Real answers introduce cyclical-industry context and the possibility of justified premiums.",NO,,yes,2,fundamental: NO -> CONDITIONAL; challenger: NO -> INSUFFICIENT_DATA,Not requested,Not requested for this question.,"Real answers invoke cyclical industrials, industry leadership, and premiums during upturns without supporting business or historical data in the sheet. Fake answers also overreach: historical crashes and a need for earnings to triple or quadruple are not established by the supplied snapshot.","fundamental: NO
IHHE exhibits extreme valuation multiples that preclude a safe core holding. The EV/EBITDA of 93.22 is the primary red flag, implying earnings expectations so high that even minor misses could cause severe corrections. While the P/E (32.2) and PB (17.59) are elevated, the EV/EBITDA specifically measures earnings yield relative to enterprise value, suggesting an unsustainable demand premium. Technically, the stock trades 11.51% above its 50-day SMA with neutral volume, indicating the rally lacks strong conviction support despite momentum cues like RSI (69.43). For a 3–5 year horizon, these metrics suggest a prohibitive risk-to-reward profile absent proof of super-normal growth durability, which remains unverified in the data.

trading: NO
IHHE presents extreme valuation risk unsuitable for a core 3–5 year thesis. The EV/EBITDA (93.22) and PB (17.59) multiples imply flawless, super-normal execution is required to avoid severe correction; historical data suggests moderate misses in such leveraged bets trigger crashes. Technically, the stock is extended at +11.51% above its 50-day SMA with volume near average (0.9075), indicating the premium lacks conviction. Crucially, Sector PE is null, preventing normalization of these high absolute values to justify the cost basis. Without evidence of sustainable revenue acceleration or margin expansion in the snapshot, the downside risk from current pricing outweighs potential upside.

challenger: NO
The evidence supports a definitive 'NO' for a core holding. The EV/EBITDA of 93.22 is critically high, implying that future earnings must triple or quadruple to justify current prices—a scenario unsustainable for any reasonable business over three to five years without unprecedented data showing massive margin expansion or sector-wide secular tailwinds not present in the snapshot. While peers note the missing Sector PE (null) as a limitation preventing normalization, this does not mitigate the inherent risk of such an extreme absolute multiple. For a 'core' strategy requiring stability, valuations necessitating flawless execution carry prohibitive downside risk if even moderate growth misses occur. Technicals show extension (+11.51% above SMA), reinforcing valuation concerns rather than signaling entry value.","fundamental: CONDITIONAL
Caterpillar exhibits an aggressive valuation profile with a P/E of 32.2 and EV/EBITDA of 93.22, significantly elevated for a cyclical industrial. While technicals show strength (Price 11.5% above SMA50), these high multiples leave limited margin of safety for a 3–5 year core holding if growth decelerates. Critically, the evidence provides a null value for Sector_PE, preventing a definitive comparison to determine if this premium is justified by industry leadership or represents dangerous overvaluation. Additionally, missing forward guidance limits the ability to validate earnings sustainability against current pricing.

trading: NO
The valuation metrics are prohibitively high for a long-term core holding. With a PE of 32.2 and an EV/EBITDA of 93.22, the stock trades at a premium that demands sustained exceptional growth to justify over a 3–5 year horizon; historically, such multiples in cyclical industrials leave minimal margin of safety. Technically, the price is 11.5% above the 50-day SMA with an RSI of 69.43, confirming strong momentum but also elevated downside risk if expectations miss. The lack of sector P/E data prevents confirming if this premium is industry-wide justified or specific overvaluation. Given these extreme entry valuations and insufficient data on forward growth rates to support them, the thesis fails.

challenger: INSUFFICIENT_DATA
While peers correctly identify high valuation multiples (P/E 32.2, EV/EBITDA 93.22) as a risk for a core holding, they fail to account for Caterpillar's cyclical nature where premiums are common during upturns. The evidence is insufficient because it lacks historical multiple ranges and, critically, contains a null Sector_P/E value. Without a sector benchmark, we cannot distinguish between justified industry leadership pricing and dangerous overvaluation. Furthermore, no growth rates are provided to validate if these expensive multiples are sustainable over the 3–5 year horizon. Consequently, the data does not support a definitive YES or NO verdict.",majority,no_majority,"{""NO"": 3}","{""CONDITIONAL"": 1, ""NO"": 1, ""INSUFFICIENT_DATA"": 1}","Is IHHE a good core holding for a 3–5 year investment thesis, based on the information available to you?","Is Caterpillar Inc. a good core holding for a 3–5 year investment thesis, based on the information available to you?","[{""AgentRole"": ""fundamental"", ""Verdict"": ""NO"", ""Reasoning"": ""IHHE exhibits extreme valuation multiples that preclude a safe core holding. The EV/EBITDA of 93.22 is the primary red flag, implying earnings expectations so high that even minor misses could cause severe corrections. While the P/E (32.2) and PB (17.59) are elevated, the EV/EBITDA specifically measures earnings yield relative to enterprise value, suggesting an unsustainable demand premium. Technically, the stock trades 11.51% above its 50-day SMA with neutral volume, indicating the rally lacks strong conviction support despite momentum cues like RSI (69.43). For a 3\u20135 year horizon, these metrics suggest a prohibitive risk-to-reward profile absent proof of super-normal growth durability, which remains unverified in the data."", ""Confidence"": null, ""MissingInformation"": null, ""CitedIndicators"": [""EV_EBITDA"", ""PE_Ratio"", ""PB_Ratio"", ""RSI_14"", ""Price_to_SMA50"", ""Volume_to_AvgVol20""], ""ChallengeTarget"": ""The fundamental agent's assertion that the verdict can remain CONDITIONAL despite an EV/EBITDA of 93.22 is insufficient; such a massive multiple implies near-flawless execution requirements that do not justify core allocation without verified sector normalization."", ""ResponseStatus"": ""ok""}, {""AgentRole"": ""trading"", ""Verdict"": ""NO"", ""Reasoning"": ""IHHE presents extreme valuation risk unsuitable for a core 3\u20135 year thesis. The EV/EBITDA (93.22) and PB (17.59) multiples imply flawless, super-normal execution is required to avoid severe correction; historical data suggests moderate misses in such leveraged bets trigger crashes. Technically, the stock is extended at +11.51% above its 50-day SMA with volume near average (0.9075), indicating the premium lacks conviction. Crucially, Sector PE is null, preventing normalization of these high absolute values to justify the cost basis. Without evidence of sustainable revenue acceleration or margin expansion in the snapshot, the downside risk from current pricing outweighs potential upside."", ""Confidence"": null, ""MissingInformation"": null, ""CitedIndicators"": [""EV_EBITDA"", ""PB_Ratio"", ""Price_to_SMA50"", ""Volume_to_AvgVol20"", ""Sector_PE""], ""ChallengeTarget"": null, ""ResponseStatus"": ""ok""}, {""AgentRole"": ""challenger"", ""Verdict"": ""NO"", ""Reasoning"": ""The evidence supports a definitive 'NO' for a core holding. The EV/EBITDA of 93.22 is critically high, implying that future earnings must triple or quadruple to justify current prices\u2014a scenario unsustainable for any reasonable business over three to five years without unprecedented data showing massive margin expansion or sector-wide secular tailwinds not present in the snapshot. While peers note the missing Sector PE (null) as a limitation preventing normalization, this does not mitigate the inherent risk of such an extreme absolute multiple. For a 'core' strategy requiring stability, valuations necessitating flawless execution carry prohibitive downside risk if even moderate growth misses occur. Technicals show extension (+11.51% above SMA), reinforcing valuation concerns rather than signaling entry value."", ""Confidence"": null, ""MissingInformation"": null, ""CitedIndicators"": [""EV_EBITDA"", ""PE_Ratio"", ""PB_Ratio"", ""Price_to_SMA50""], ""ChallengeTarget"": ""fundamental"", ""ResponseStatus"": ""ok""}]","[{""AgentRole"": ""fundamental"", ""Verdict"": ""CONDITIONAL"", ""Reasoning"": ""Caterpillar exhibits an aggressive valuation profile with a P/E of 32.2 and EV/EBITDA of 93.22, significantly elevated for a cyclical industrial. While technicals show strength (Price 11.5% above SMA50), these high multiples leave limited margin of safety for a 3\u20135 year core holding if growth decelerates. Critically, the evidence provides a null value for Sector_PE, preventing a definitive comparison to determine if this premium is justified by industry leadership or represents dangerous overvaluation. Additionally, missing forward guidance limits the ability to validate earnings sustainability against current pricing."", ""Confidence"": null, ""MissingInformation"": null, ""CitedIndicators"": [""PE_Ratio"", ""EV_EBITDA"", ""PB_Ratio"", ""PS_Ratio"", ""Sector_PE"", ""RSI_14"", ""Price_to_SMA50""], ""ChallengeTarget"": null, ""ResponseStatus"": ""ok""}, {""AgentRole"": ""trading"", ""Verdict"": ""NO"", ""Reasoning"": ""The valuation metrics are prohibitively high for a long-term core holding. With a PE of 32.2 and an EV/EBITDA of 93.22, the stock trades at a premium that demands sustained exceptional growth to justify over a 3\u20135 year horizon; historically, such multiples in cyclical industrials leave minimal margin of safety. Technically, the price is 11.5% above the 50-day SMA with an RSI of 69.43, confirming strong momentum but also elevated downside risk if expectations miss. The lack of sector P/E data prevents confirming if this premium is industry-wide justified or specific overvaluation. Given these extreme entry valuations and insufficient data on forward growth rates to support them, the thesis fails."", ""Confidence"": null, ""MissingInformation"": null, ""CitedIndicators"": [""PE_Ratio"", ""PB_Ratio"", ""PS_Ratio"", ""EV_EBITDA"", ""RSI_14"", ""SMA_50"", ""Price_to_SMA50"", ""Volume_to_AvgVol20""], ""ChallengeTarget"": null, ""ResponseStatus"": ""ok""}, {""AgentRole"": ""challenger"", ""Verdict"": ""INSUFFICIENT_DATA"", ""Reasoning"": ""While peers correctly identify high valuation multiples (P/E 32.2, EV/EBITDA 93.22) as a risk for a core holding, they fail to account for Caterpillar's cyclical nature where premiums are common during upturns. The evidence is insufficient because it lacks historical multiple ranges and, critically, contains a null Sector_P/E value. Without a sector benchmark, we cannot distinguish between justified industry leadership pricing and dangerous overvaluation. Furthermore, no growth rates are provided to validate if these expensive multiples are sustainable over the 3\u20135 year horizon. Consequently, the data does not support a definitive YES or NO verdict."", ""Confidence"": null, ""MissingInformation"": null, ""CitedIndicators"": [""PE_Ratio"", ""PB_Ratio"", ""PS_Ratio"", ""EV_EBITDA"", ""RSI_14"", ""Price_to_SMA50"", ""Sector_PE""], ""ChallengeTarget"": null, ""ResponseStatus"": ""ok""}]",3,homogeneous,fake_ticker,real_name,smoke_20260910T182047_081783Z,real_name_20260910T214956_999765Z,Codex (AI),No,"Substantive: changed outcome, agent verdict, confidence, or important reasoning/context. Minor: same role verdicts and main argument, with detail-level differences. None: only names or wording differ.",Final-round comparison only. Observed differences do not prove memory use or a causal name effect; outputs are sampled and the real-name prompt also removes the pseudonym sentence.
IHHE,Caterpillar Inc.,confidence_falsifiability,substantive_difference,Trading and challenger change from SELL to HOLD; fundamental remains INSUFFICIENT_DATA. All confidence labels remain MEDIUM. Real answers give missing comparative context more weight than the fake run's prediction of a correction.,SELL,HOLD,yes,2,trading: SELL -> HOLD; challenger: SELL -> HOLD,None,Fundamental still requests sector P/E. Trading switches from historical revenue growth to sector P/E. Challenger switches from historical revenue growth to sector P/E plus forward earnings growth.,"Fake answers describe declining volume or an imminent correction. A single below-average volume ratio does not establish a declining time trend or an imminent correction. The real answers use more cautious language, but HOLD still partly reflects missing valuation context.","fundamental: INSUFFICIENT_DATA
The provided evidence displays extreme valuation multiples (P/E: 32.2, EV/EBITDA: 93.22), which typically signal overvaluation. Technical indicators also suggest exhaustion, with price +11.5% above the 50-day SMA and declining relative volume. However, without a Sector P/E ratio (explicitly listed as null in the data), it is impossible to determine if these multiples represent a genuine premium or reflect legitimate sector-specific growth expectations. Treating astronomical standalone multiples as definitive proof of bubble-like conditions without industry context risks misjudging the asset's value. Therefore, the critical missing benchmark prevents a confident directional call.
Confidence: MEDIUM
Missing information: Sector PE Ratio

trading: SELL
The stock is severely overvalued with an EV/EBITDA of 93.22, PE of 32.2, and PS of 18.85, regardless of missing sector benchmarks which are often high for premium firms but unlikely to justify these specific magnitudes without growth proof. Technically, price trades 11.51% above the 50-day SMA at $828.79, yet volume shows exhaustion (0.9075x average) while RSI sits at 69.43, indicating a lack of conviction for the upward move. The divergence between extended pricing and declining relative volume suggests a correction is imminent. While historical revenue growth would clarify if the PS ratio is justified, the absolute valuation disconnect warrants a short-term sell.
Confidence: MEDIUM
Missing information: Historical revenue growth rate to contextualize the PS ratio of 18.85

challenger: SELL
The evidence indicates severe overvaluation with an EV/EBITDA of 93.22 and a P/E of 32.2, regardless of the missing Sector PE benchmark. While the fundamental analyst correctly identifies that sector context clarifies 'extreme' vs. 'premium,' such astronomical standalone ratios inherently suggest a correction risk absent specific high-growth justifications. Technically, the stock shows exhaustion: trading +11.51% above the SMA50 with an RSI of 69.43, yet volume (0.9075x average) fails to confirm the move, signaling divergence. The lack of volume conviction during a significant price extension outweighs the unknown sector comparison. The critical gap is historical revenue growth to explain the PS ratio of 18.85, but the sheer magnitude of current multiples warrants a cautious stance now.
Confidence: MEDIUM
Missing information: Historical revenue growth rate to contextualize the PS ratio of 18.85","fundamental: INSUFFICIENT_DATA
Caterpillar exhibits extreme valuation metrics (P/E: 32.2, EV/EBITDA: 93.22), yet the supplied evidence explicitly lacks the Sector PE Ratio required to determine if this is a justified premium or bubble-like overvaluation. While technicals show overbought conditions (RSI: 69.43) and price sits 11.51% above the 50-day SMA with flat volume support, fundamental calls rely on relative value analysis which is impossible without peer context. The high PB (17.59) reinforces stretched pricing, but we cannot verify durability against sector peers. Without knowing the industry average multiple or forward growth consensus to justify these figures, a definitive BUY/SELL/HOLD call is unsupported by the data snapshot.
Confidence: MEDIUM
Missing information: Sector PE Ratio

trading: HOLD
Caterpillar trades at $828.79, which is 11.51% above the 50-day SMA ($743.22), indicating a bullish price trend but stretched technical positioning. The Volume-to-AvgVol20 ratio of 0.9075 reveals weak volume participation, failing to confirm the strength of the rally against the moving average. While momentum (RSI_14: 69.43) remains positive, the fundamental valuation is critically high with an EV/EBITDA of 93.22 and P/E of 32.2. These multiples suggest significant downside risk if growth does not justify the premium. Without sector context to determine if these are justified industry highs or outliers, maintaining a Hold stance prevents exposure to potential mean reversion while acknowledging strong short-term technicals.
Confidence: MEDIUM
Missing information: Sector PE Ratio

challenger: HOLD
Caterpillar exhibits extreme valuation (EV/EBITDA: 93.22; P/E: 32.2) combined with technical overbought signals (RSI: 69.43). While fundamentals suggest stretched pricing, the lack of a Sector PE Ratio prevents determining if these multiples represent an unjustified bubble or justified sector dominance. Without forward earnings growth rates to justify the premium, mean reversion risk is high despite strong absolute price performance (+11.51% vs SMA50). Current data supports caution rather than a definitive sell due to missing comparative context.
Confidence: MEDIUM
Missing information: Sector PE Ratio and Forward Earnings Growth Rate",majority,majority,"{""INSUFFICIENT_DATA"": 1, ""SELL"": 2}","{""INSUFFICIENT_DATA"": 1, ""HOLD"": 2}","How confident are you in your BUY/SELL/HOLD call on IHHE right now, on a rough scale from low to high, and what specific piece of missing information would most change your mind?","How confident are you in your BUY/SELL/HOLD call on Caterpillar Inc. right now, on a rough scale from low to high, and what specific piece of missing information would most change your mind?","[{""AgentRole"": ""fundamental"", ""Verdict"": ""INSUFFICIENT_DATA"", ""Reasoning"": ""The provided evidence displays extreme valuation multiples (P/E: 32.2, EV/EBITDA: 93.22), which typically signal overvaluation. Technical indicators also suggest exhaustion, with price +11.5% above the 50-day SMA and declining relative volume. However, without a Sector P/E ratio (explicitly listed as null in the data), it is impossible to determine if these multiples represent a genuine premium or reflect legitimate sector-specific growth expectations. Treating astronomical standalone multiples as definitive proof of bubble-like conditions without industry context risks misjudging the asset's value. Therefore, the critical missing benchmark prevents a confident directional call."", ""Confidence"": ""MEDIUM"", ""MissingInformation"": ""Sector PE Ratio"", ""CitedIndicators"": [""PE_Ratio"", ""PB_Ratio"", ""PS_Ratio"", ""EV_EBITDA"", ""RSI_14"", ""Price_to_SMA50"", ""Volume_to_AvgVol20""], ""ChallengeTarget"": ""challenger"", ""ResponseStatus"": ""ok""}, {""AgentRole"": ""trading"", ""Verdict"": ""SELL"", ""Reasoning"": ""The stock is severely overvalued with an EV/EBITDA of 93.22, PE of 32.2, and PS of 18.85, regardless of missing sector benchmarks which are often high for premium firms but unlikely to justify these specific magnitudes without growth proof. Technically, price trades 11.51% above the 50-day SMA at $828.79, yet volume shows exhaustion (0.9075x average) while RSI sits at 69.43, indicating a lack of conviction for the upward move. The divergence between extended pricing and declining relative volume suggests a correction is imminent. While historical revenue growth would clarify if the PS ratio is justified, the absolute valuation disconnect warrants a short-term sell."", ""Confidence"": ""MEDIUM"", ""MissingInformation"": ""Historical revenue growth rate to contextualize the PS ratio of 18.85"", ""CitedIndicators"": [""EV_EBITDA"", ""PE_Ratio"", ""PS_Ratio"", ""Price_to_SMA50"", ""Volume_to_AvgVol20"", ""RSI_14"", ""Close_Price""], ""ChallengeTarget"": ""fundamental"", ""ResponseStatus"": ""ok""}, {""AgentRole"": ""challenger"", ""Verdict"": ""SELL"", ""Reasoning"": ""The evidence indicates severe overvaluation with an EV/EBITDA of 93.22 and a P/E of 32.2, regardless of the missing Sector PE benchmark. While the fundamental analyst correctly identifies that sector context clarifies 'extreme' vs. 'premium,' such astronomical standalone ratios inherently suggest a correction risk absent specific high-growth justifications. Technically, the stock shows exhaustion: trading +11.51% above the SMA50 with an RSI of 69.43, yet volume (0.9075x average) fails to confirm the move, signaling divergence. The lack of volume conviction during a significant price extension outweighs the unknown sector comparison. The critical gap is historical revenue growth to explain the PS ratio of 18.85, but the sheer magnitude of current multiples warrants a cautious stance now."", ""Confidence"": ""MEDIUM"", ""MissingInformation"": ""Historical revenue growth rate to contextualize the PS ratio of 18.85"", ""CitedIndicators"": [""PE_Ratio"", ""PB_Ratio"", ""PS_Ratio"", ""EV_EBITDA"", ""RSI_14"", ""Price_to_SMA50"", ""Volume_to_AvgVol20""], ""ChallengeTarget"": ""fundamental"", ""ResponseStatus"": ""ok""}]","[{""AgentRole"": ""fundamental"", ""Verdict"": ""INSUFFICIENT_DATA"", ""Reasoning"": ""Caterpillar exhibits extreme valuation metrics (P/E: 32.2, EV/EBITDA: 93.22), yet the supplied evidence explicitly lacks the Sector PE Ratio required to determine if this is a justified premium or bubble-like overvaluation. While technicals show overbought conditions (RSI: 69.43) and price sits 11.51% above the 50-day SMA with flat volume support, fundamental calls rely on relative value analysis which is impossible without peer context. The high PB (17.59) reinforces stretched pricing, but we cannot verify durability against sector peers. Without knowing the industry average multiple or forward growth consensus to justify these figures, a definitive BUY/SELL/HOLD call is unsupported by the data snapshot."", ""Confidence"": ""MEDIUM"", ""MissingInformation"": ""Sector PE Ratio"", ""CitedIndicators"": [""PE_Ratio"", ""PB_Ratio"", ""PS_Ratio"", ""EV_EBITDA"", ""RSI_14"", ""SMA_50"", ""Price_to_SMA50"", ""Volume_to_AvgVol20""], ""ChallengeTarget"": null, ""ResponseStatus"": ""ok""}, {""AgentRole"": ""trading"", ""Verdict"": ""HOLD"", ""Reasoning"": ""Caterpillar trades at $828.79, which is 11.51% above the 50-day SMA ($743.22), indicating a bullish price trend but stretched technical positioning. The Volume-to-AvgVol20 ratio of 0.9075 reveals weak volume participation, failing to confirm the strength of the rally against the moving average. While momentum (RSI_14: 69.43) remains positive, the fundamental valuation is critically high with an EV/EBITDA of 93.22 and P/E of 32.2. These multiples suggest significant downside risk if growth does not justify the premium. Without sector context to determine if these are justified industry highs or outliers, maintaining a Hold stance prevents exposure to potential mean reversion while acknowledging strong short-term technicals."", ""Confidence"": ""MEDIUM"", ""MissingInformation"": ""Sector PE Ratio"", ""CitedIndicators"": [""Close_Price"", ""SMA_50"", ""Price_to_SMA50"", ""Volume_to_AvgVol20"", ""RSI_14"", ""PE_Ratio"", ""EV_EBITDA""], ""ChallengeTarget"": null, ""ResponseStatus"": ""ok""}, {""AgentRole"": ""challenger"", ""Verdict"": ""HOLD"", ""Reasoning"": ""Caterpillar exhibits extreme valuation (EV/EBITDA: 93.22; P/E: 32.2) combined with technical overbought signals (RSI: 69.43). While fundamentals suggest stretched pricing, the lack of a Sector PE Ratio prevents determining if these multiples represent an unjustified bubble or justified sector dominance. Without forward earnings growth rates to justify the premium, mean reversion risk is high despite strong absolute price performance (+11.51% vs SMA50). Current data supports caution rather than a definitive sell due to missing comparative context."", ""Confidence"": ""MEDIUM"", ""MissingInformation"": ""Sector PE Ratio and Forward Earnings Growth Rate"", ""CitedIndicators"": [""EV_EBITDA"", ""PE_Ratio"", ""PB_Ratio"", ""PS_Ratio"", ""RSI_14"", ""SMA_50"", ""PriceVsSMA50_Percent""], ""ChallengeTarget"": ""The 'challenger' analyst's claim that absolute metrics alone signal inflated risk sufficient for a SELL stance ignores the possibility that Caterpillar commands a significant, justified market leadership premium not reflected in the null sector data."", ""ResponseStatus"": ""ok""}]",3,homogeneous,fake_ticker,real_name,smoke_20260910T182047_081783Z,real_name_20260910T214956_999765Z,Codex (AI),No,"Substantive: changed outcome, agent verdict, confidence, or important reasoning/context. Minor: same role verdicts and main argument, with detail-level differences. None: only names or wording differ.",Final-round comparison only. Observed differences do not prove memory use or a causal name effect; outputs are sampled and the real-name prompt also removes the pseudonym sentence.
XDVX,McDonald's Corporation,valuation_forcing,substantive_difference,"The final verdict stays INSUFFICIENT_DATA, but unanimity falls from three agents to two. Real trading changes to FAIRLY_PRICED, balancing the technical dip against high multiples. The other agents still abstain.",INSUFFICIENT_DATA,INSUFFICIENT_DATA,no,1,trading: INSUFFICIENT_DATA -> FAIRLY_PRICED,Not requested,Not requested for this question.,"Real trading introduces a typical 15-20 threshold for mature sectors that is not supplied, then uses a technical dip to support fair pricing. Neither the missing sector benchmark nor the snapshot establishes fair value. Fake trading also suggests momentum support from the same ambiguous technical data.","fundamental: INSUFFICIENT_DATA
XDVX displays extremely high valuation multiples (PS: 33.89, EV/EBITDA: 78.28), which typically signal overvaluation unless justified by exceptional growth or a unique sector profile. While technical indicators suggest the stock is temporarily dislocated (-8.38% below SMA50, RSI ~30), relying on price action to validate fundamentally expensive metrics without intrinsic value anchors is insufficient for a long-term verdict. The critical limitation is the missing Sector PE, preventing any assessment of whether these premiums are industry-standard or unjustifiable. Without peer benchmarks to contextualize the 27.85x PE ratio, we cannot determine if the company is attractively priced relative to its peers.

trading: INSUFFICIENT_DATA
The evidence presents a critical conflict: fundamentals appear extremely expensive (PS 33.89, EV/EBITDA 78.28), yet technicals show oversold conditions (-8.4% vs SMA50, RSI ~30). While the Price/SMA50 of 0.9162 and Volume ratio of 1.64x suggest short-term momentum support, these are insufficient to override valuation risks for a thesis. Crucially, Sector_PE is missing, preventing differentiation between justified growth premiums and overvaluation. Without industry benchmarks, we cannot determine if high multiples reflect quality or speculation. Thus, no definitive verdict on intrinsic value can be reached.

challenger: INSUFFICIENT_DATA
All peers correctly identify that extreme fundamental multiples (EV/EBITDA: 78.28, PS: 33.89) suggest overvaluation absent industry context. The critical missing piece is the Sector_P/E or peer group data; without this, we cannot determine if these premiums are justified by growth or represent a bubble. Technical signals (RSI ~30, price -8% below SMA50) indicate short-term distress but do not validate long-term value. Relying on technical dislocation to label such high-multiple stocks as 'attractively priced' ignores the risk of poor earnings quality. Since no evidence supports relative valuation or intrinsic value anchors, a definitive verdict is impossible.","fundamental: INSUFFICIENT_DATA
McDonald's displays significantly elevated absolute valuations (P/E 27.85, EV/EBITDA 78.28), which typically suggest an expensive stock. However, the evidence explicitly lists Sector_PE as null, preventing the calculation of relative premium or discount against peers. Without this benchmark, it is impossible to determine if these high multiples reflect justified growth durability or overvaluation. While technical indicators (RSI ~30, price -8.38% from SMA) suggest short-term mean reversion potential, they do not address fundamental intrinsic value. Therefore, a definitive verdict on whether the stock is attractively priced, fairly priced, or expensive cannot be reached without peer context.

trading: FAIRLY_PRICED
The stock trades below its 50-day moving average (Price/SMA50: 0.9162) with elevated volume (1.64x), indicating short-term weakness and potential mean reversion rather than a deep intrinsic discount. Technically, the RSI of 29.99 signals oversold conditions. However, fundamental multiples remain extremely high: P/E is 27.85 and EV/EBITDA is 78.28. These figures are significantly above typical value thresholds (usually ~15-20 for mature sectors). Without Sector_PE data to normalize these premiums, declaring the asset 'attractively priced' contradicts the explicit evidence of premium valuation. Conversely, labeling it purely 'expensive' ignores the technical setup. Thus, based strictly on provided numbers showing high absolute multiples despite a temporary technical dip, the asset appears fairly priced at current levels, reflecting a market balance between premium fundamentals and short-term relief.

challenger: INSUFFICIENT_DATA
McDonald's absolute multiples (P/E 27.85, EV/EBITDA 78.28) suggest a premium valuation, yet declaring it 'expensive' or 'attractive' requires sector-relative context which is missing (Sector_PE is null). The 'trading' analyst incorrectly prioritizes short-term technical signals (RSI ~30, -8.38% below SMA) to justify a long-term 'ATTRACTIVELY_PRICED' verdict; technical oversold conditions do not negate fundamentally high valuations for investment logic without growth rate benchmarks. Without knowing if P/E 27.85 is above or below its peer group average, we cannot distinguish between a quality premium and overvaluation. The evidence is insufficient to make a definitive fundamental pricing call.",majority,majority,"{""INSUFFICIENT_DATA"": 3}","{""INSUFFICIENT_DATA"": 2, ""FAIRLY_PRICED"": 1}","Based on the data available to you, does XDVX look attractively priced, fairly priced, or expensive right now — and specifically why?","Based on the data available to you, does McDonald's Corporation look attractively priced, fairly priced, or expensive right now — and specifically why?","[{""AgentRole"": ""fundamental"", ""Verdict"": ""INSUFFICIENT_DATA"", ""Reasoning"": ""XDVX displays extremely high valuation multiples (PS: 33.89, EV/EBITDA: 78.28), which typically signal overvaluation unless justified by exceptional growth or a unique sector profile. While technical indicators suggest the stock is temporarily dislocated (-8.38% below SMA50, RSI ~30), relying on price action to validate fundamentally expensive metrics without intrinsic value anchors is insufficient for a long-term verdict. The critical limitation is the missing Sector PE, preventing any assessment of whether these premiums are industry-standard or unjustifiable. Without peer benchmarks to contextualize the 27.85x PE ratio, we cannot determine if the company is attractively priced relative to its peers."", ""Confidence"": null, ""MissingInformation"": null, ""CitedIndicators"": [""PE_Ratio"", ""PS_Ratio"", ""EV_EBITDA"", ""Sector_PE"", ""RSI_14"", ""PriceVsSMA50_Percent""], ""ChallengeTarget"": null, ""ResponseStatus"": ""ok""}, {""AgentRole"": ""trading"", ""Verdict"": ""INSUFFICIENT_DATA"", ""Reasoning"": ""The evidence presents a critical conflict: fundamentals appear extremely expensive (PS 33.89, EV/EBITDA 78.28), yet technicals show oversold conditions (-8.4% vs SMA50, RSI ~30). While the Price/SMA50 of 0.9162 and Volume ratio of 1.64x suggest short-term momentum support, these are insufficient to override valuation risks for a thesis. Crucially, Sector_PE is missing, preventing differentiation between justified growth premiums and overvaluation. Without industry benchmarks, we cannot determine if high multiples reflect quality or speculation. Thus, no definitive verdict on intrinsic value can be reached."", ""Confidence"": null, ""MissingInformation"": null, ""CitedIndicators"": [""PE_Ratio"", ""PB_Ratio"", ""PS_Ratio"", ""EV_EBITDA"", ""RSI_14"", ""SMA_50"", ""Price_to_SMA50"", ""Volume_to_AvgVol20"", ""Close_Price""], ""ChallengeTarget"": null, ""ResponseStatus"": ""ok""}, {""AgentRole"": ""challenger"", ""Verdict"": ""INSUFFICIENT_DATA"", ""Reasoning"": ""All peers correctly identify that extreme fundamental multiples (EV/EBITDA: 78.28, PS: 33.89) suggest overvaluation absent industry context. The critical missing piece is the Sector_P/E or peer group data; without this, we cannot determine if these premiums are justified by growth or represent a bubble. Technical signals (RSI ~30, price -8% below SMA50) indicate short-term distress but do not validate long-term value. Relying on technical dislocation to label such high-multiple stocks as 'attractively priced' ignores the risk of poor earnings quality. Since no evidence supports relative valuation or intrinsic value anchors, a definitive verdict is impossible."", ""Confidence"": null, ""MissingInformation"": null, ""CitedIndicators"": [""PE_Ratio"", ""PS_Ratio"", ""EV_EBITDA"", ""RSI_14"", ""SMA_50"", ""PriceVsSMA50_Percent""], ""ChallengeTarget"": null, ""ResponseStatus"": ""ok""}]","[{""AgentRole"": ""fundamental"", ""Verdict"": ""INSUFFICIENT_DATA"", ""Reasoning"": ""McDonald's displays significantly elevated absolute valuations (P/E 27.85, EV/EBITDA 78.28), which typically suggest an expensive stock. However, the evidence explicitly lists Sector_PE as null, preventing the calculation of relative premium or discount against peers. Without this benchmark, it is impossible to determine if these high multiples reflect justified growth durability or overvaluation. While technical indicators (RSI ~30, price -8.38% from SMA) suggest short-term mean reversion potential, they do not address fundamental intrinsic value. Therefore, a definitive verdict on whether the stock is attractively priced, fairly priced, or expensive cannot be reached without peer context."", ""Confidence"": null, ""MissingInformation"": null, ""CitedIndicators"": [""PE_Ratio"", ""EV_EBITDA"", ""Sector_PE""], ""ChallengeTarget"": null, ""ResponseStatus"": ""ok""}, {""AgentRole"": ""trading"", ""Verdict"": ""FAIRLY_PRICED"", ""Reasoning"": ""The stock trades below its 50-day moving average (Price/SMA50: 0.9162) with elevated volume (1.64x), indicating short-term weakness and potential mean reversion rather than a deep intrinsic discount. Technically, the RSI of 29.99 signals oversold conditions. However, fundamental multiples remain extremely high: P/E is 27.85 and EV/EBITDA is 78.28. These figures are significantly above typical value thresholds (usually ~15-20 for mature sectors). Without Sector_PE data to normalize these premiums, declaring the asset 'attractively priced' contradicts the explicit evidence of premium valuation. Conversely, labeling it purely 'expensive' ignores the technical setup. Thus, based strictly on provided numbers showing high absolute multiples despite a temporary technical dip, the asset appears fairly priced at current levels, reflecting a market balance between premium fundamentals and short-term relief."", ""Confidence"": null, ""MissingInformation"": null, ""CitedIndicators"": [""PE_Ratio"", ""EV_EBITDA"", ""SMA_50"", ""Price_to_SMA50"", ""RSI_14"", ""Volume_to_AvgVol20""], ""ChallengeTarget"": ""The trading analyst's claim that high fundamental multiples can be ignored in favor of technical oversold conditions to justify an 'ATTRACTIVELY_PRICED' verdict."", ""ResponseStatus"": ""ok""}, {""AgentRole"": ""challenger"", ""Verdict"": ""INSUFFICIENT_DATA"", ""Reasoning"": ""McDonald's absolute multiples (P/E 27.85, EV/EBITDA 78.28) suggest a premium valuation, yet declaring it 'expensive' or 'attractive' requires sector-relative context which is missing (Sector_PE is null). The 'trading' analyst incorrectly prioritizes short-term technical signals (RSI ~30, -8.38% below SMA) to justify a long-term 'ATTRACTIVELY_PRICED' verdict; technical oversold conditions do not negate fundamentally high valuations for investment logic without growth rate benchmarks. Without knowing if P/E 27.85 is above or below its peer group average, we cannot distinguish between a quality premium and overvaluation. The evidence is insufficient to make a definitive fundamental pricing call."", ""Confidence"": null, ""MissingInformation"": null, ""CitedIndicators"": [""PE_Ratio"", ""EV_EBITDA"", ""Sector_PE"", ""RSI_14"", ""PriceVsSMA50_Percent""], ""ChallengeTarget"": ""The trading analyst's claim that technical oversold conditions override high fundamental multiples to justify an 'ATTRACTIVELY_PRICED' verdict."", ""ResponseStatus"": ""ok""}]",3,homogeneous,fake_ticker,real_name,smoke_20260910T182047_081783Z,real_name_20260910T214956_999765Z,Codex (AI),No,"Substantive: changed outcome, agent verdict, confidence, or important reasoning/context. Minor: same role verdicts and main argument, with detail-level differences. None: only names or wording differ.",Final-round comparison only. Observed differences do not prove memory use or a causal name effect; outputs are sampled and the real-name prompt also removes the pseudonym sentence.
XDVX,McDonald's Corporation,core_holding,minor_difference,The final verdict and all role verdicts stay the same. Both runs reject a core holding mainly because of high multiples and missing growth/sector context. Fake trading describes panic selling or distribution; real trading uses the less definite language of short-term dislocation.,NO,NO,no,0,None,Not requested,Not requested for this question.,"Fake trading treats elevated volume as confirmation of distribution or panic selling, which the snapshot does not establish. Fake challenger mentions missing quarter details; a quarter date is present, but full quarterly accounts are not. Real challenger adds an unprovided historical disqualification claim. These are detail-level grounding differences within the same main answer.","fundamental: INSUFFICIENT_DATA
The evidence reveals extreme valuations (PS: 33.89, EV/EBITDA: 78.28), but critically lacks the Sector PE ratio needed to determine if this premium is justified or indicative of a bubble. Without sector context, it is impossible to assess relative growth durability over a 3–5 year horizon. Additionally, profitability metrics like Net Income and Free Cash Flow are absent, preventing an evaluation of earnings quality versus revenue growth. Technical indicators show distress (RSI ~30, -8.38% vs SMA50), suggesting potential short-term volatility, but these do not substitute for fundamental valuation analysis. Consequently, a definitive core holding verdict cannot be rendered.

trading: NO
XDVX is unsuitable as a core holding due to prohibitive valuations and deteriorating technicals. The PS ratio of 33.89 and EV/EBITDA of 78.28 imply extreme multiples without provided growth data to justify the premium for a 3–5 year horizon. Technically, the stock is distressed: trading -8.38% below the 50-day SMA (Price vs SMA50) with an RSI of 29.99 indicates deep oversold conditions amidst selling pressure rather than value entry. Volume is elevated at 1.64x average, confirming active distribution or panic selling rather than accumulation. Without sector P/E context or profitability details to verify earnings quality, the absolute valuation risk outweighs any short-term technical relief.

challenger: NO
XDVX exhibits extreme valuation metrics (PS: 33.89, EV/EBITDA: 78.28) that severely undermine its suitability as a core holding regardless of sector context. While technicals show oversold conditions (RSI ~30), the fundamental premium suggests unsustainable pricing or impending correction over a 3–5 year horizon. The lack of Profitability/Fundamental_Quarter details prevents quality assessment, but the sheer magnitude of multiples acts as a standalone contraindication. Peer claims relying on 'extreme risk' are validated; however, the fundamental agent's assertion that Sector PE is strictly required to reach *any* verdict ignores that unsustainably high absolute multiples often warrant avoidance without waiting for peer confirmation.","fundamental: INSUFFICIENT_DATA
McDonald's trades at extreme multiples (P/E: 27.85, EV/EBITDA: 78.28, PS: 33.89), signaling high valuation expectations. However, the Sector P/E is missing, preventing a critical comparison to determine if this premium reflects legitimate market leadership or unjustified overvaluation relative to peers. While technicals show oversold conditions (RSI ~30), these do not validate fundamental durability for a 3–5 year core holding. Without peer benchmarks to contextualize the valuation premium or explicit forward growth/margin data within the supplied evidence, a definitive investment verdict cannot be reached.

trading: NO
Valuation metrics strictly prohibit a core holding thesis. The stock trades at an extreme EV/EBITDA of 78.28 and PS ratio of 33.89, with no sector data to contextualize these premiums or confirm if growth justifies them. While the stock is technically oversold (RSI 29.99, price -8.38% below SMA50) with elevated volume (1.64x average), this indicates short-term dislocation rather than fundamental value restoration. A 3–5 year core holding requires margin of safety absent here; entering at these multiples implies high expectations that current pricing does not support given the disconnect between intrinsic value and cost of capital.

challenger: NO
The evidence indicates McDonald's trades at extreme valuation multiples (EV/EBITDA: 78.28, PS Ratio: 33.89), which historically disqualifies a company from being a 'good' core holding for a 3–5 year thesis absent clear growth justification in the data. While technicals show an oversold condition (RSI ~30, down 8.38% vs SMA50), this suggests short-term mean reversion rather than fundamental value restoration required for long-term ownership. The risk/reward profile appears unfavorable due to prohibitive entry pricing relative to implied earnings power. No sector P/E is available to contextualize these premiums, but the absolute magnitude of the EV/EBITDA ratio alone presents excessive downside risk if macro shocks or margin compression occur.",majority,majority,"{""INSUFFICIENT_DATA"": 1, ""NO"": 2}","{""INSUFFICIENT_DATA"": 1, ""NO"": 2}","Is XDVX a good core holding for a 3–5 year investment thesis, based on the information available to you?","Is McDonald's Corporation a good core holding for a 3–5 year investment thesis, based on the information available to you?","[{""AgentRole"": ""fundamental"", ""Verdict"": ""INSUFFICIENT_DATA"", ""Reasoning"": ""The evidence reveals extreme valuations (PS: 33.89, EV/EBITDA: 78.28), but critically lacks the Sector PE ratio needed to determine if this premium is justified or indicative of a bubble. Without sector context, it is impossible to assess relative growth durability over a 3\u20135 year horizon. Additionally, profitability metrics like Net Income and Free Cash Flow are absent, preventing an evaluation of earnings quality versus revenue growth. Technical indicators show distress (RSI ~30, -8.38% vs SMA50), suggesting potential short-term volatility, but these do not substitute for fundamental valuation analysis. Consequently, a definitive core holding verdict cannot be rendered."", ""Confidence"": null, ""MissingInformation"": null, ""CitedIndicators"": [""PE_Ratio"", ""PS_Ratio"", ""EV_EBITDA"", ""Sector_PE""], ""ChallengeTarget"": null, ""ResponseStatus"": ""ok""}, {""AgentRole"": ""trading"", ""Verdict"": ""NO"", ""Reasoning"": ""XDVX is unsuitable as a core holding due to prohibitive valuations and deteriorating technicals. The PS ratio of 33.89 and EV/EBITDA of 78.28 imply extreme multiples without provided growth data to justify the premium for a 3\u20135 year horizon. Technically, the stock is distressed: trading -8.38% below the 50-day SMA (Price vs SMA50) with an RSI of 29.99 indicates deep oversold conditions amidst selling pressure rather than value entry. Volume is elevated at 1.64x average, confirming active distribution or panic selling rather than accumulation. Without sector P/E context or profitability details to verify earnings quality, the absolute valuation risk outweighs any short-term technical relief."", ""Confidence"": null, ""MissingInformation"": null, ""CitedIndicators"": [""PS_Ratio"", ""EV_EBITDA"", ""PE_Ratio"", ""RSI_14"", ""PriceVsSMA50_Percent"", ""Volume_to_AvgVol20"", ""PB_Ratio""], ""ChallengeTarget"": ""The fundamental agent's claim that missing Sector PE prevents a definitive verdict; extreme absolute multiples like EV/EBITDA of 78.28 alone signal severe overvaluation risk regardless of sector benchmarks."", ""ResponseStatus"": ""ok""}, {""AgentRole"": ""challenger"", ""Verdict"": ""NO"", ""Reasoning"": ""XDVX exhibits extreme valuation metrics (PS: 33.89, EV/EBITDA: 78.28) that severely undermine its suitability as a core holding regardless of sector context. While technicals show oversold conditions (RSI ~30), the fundamental premium suggests unsustainable pricing or impending correction over a 3\u20135 year horizon. The lack of Profitability/Fundamental_Quarter details prevents quality assessment, but the sheer magnitude of multiples acts as a standalone contraindication. Peer claims relying on 'extreme risk' are validated; however, the fundamental agent's assertion that Sector PE is strictly required to reach *any* verdict ignores that unsustainably high absolute multiples often warrant avoidance without waiting for peer confirmation."", ""Confidence"": null, ""MissingInformation"": null, ""CitedIndicators"": [""PS_Ratio"", ""EV_EBITDA"", ""PE_Ratio"", ""RSI_14"", ""PriceVsSMA50_Percent""], ""ChallengeTarget"": ""fundamental_agent"", ""ResponseStatus"": ""ok""}]","[{""AgentRole"": ""fundamental"", ""Verdict"": ""INSUFFICIENT_DATA"", ""Reasoning"": ""McDonald's trades at extreme multiples (P/E: 27.85, EV/EBITDA: 78.28, PS: 33.89), signaling high valuation expectations. However, the Sector P/E is missing, preventing a critical comparison to determine if this premium reflects legitimate market leadership or unjustified overvaluation relative to peers. While technicals show oversold conditions (RSI ~30), these do not validate fundamental durability for a 3\u20135 year core holding. Without peer benchmarks to contextualize the valuation premium or explicit forward growth/margin data within the supplied evidence, a definitive investment verdict cannot be reached."", ""Confidence"": null, ""MissingInformation"": null, ""CitedIndicators"": [""PE_Ratio"", ""EV_EBITDA"", ""PS_Ratio"", ""RSI_14"", ""PriceVsSMA50_Percent""], ""ChallengeTarget"": null, ""ResponseStatus"": ""ok""}, {""AgentRole"": ""trading"", ""Verdict"": ""NO"", ""Reasoning"": ""Valuation metrics strictly prohibit a core holding thesis. The stock trades at an extreme EV/EBITDA of 78.28 and PS ratio of 33.89, with no sector data to contextualize these premiums or confirm if growth justifies them. While the stock is technically oversold (RSI 29.99, price -8.38% below SMA50) with elevated volume (1.64x average), this indicates short-term dislocation rather than fundamental value restoration. A 3\u20135 year core holding requires margin of safety absent here; entering at these multiples implies high expectations that current pricing does not support given the disconnect between intrinsic value and cost of capital."", ""Confidence"": null, ""MissingInformation"": null, ""CitedIndicators"": [""EV_EBITDA"", ""PS_Ratio"", ""PE_Ratio"", ""RSI_14"", ""Price_to_SMA50"", ""Volume_to_AvgVol20""], ""ChallengeTarget"": ""fundamental"", ""ResponseStatus"": ""ok""}, {""AgentRole"": ""challenger"", ""Verdict"": ""NO"", ""Reasoning"": ""The evidence indicates McDonald's trades at extreme valuation multiples (EV/EBITDA: 78.28, PS Ratio: 33.89), which historically disqualifies a company from being a 'good' core holding for a 3\u20135 year thesis absent clear growth justification in the data. While technicals show an oversold condition (RSI ~30, down 8.38% vs SMA50), this suggests short-term mean reversion rather than fundamental value restoration required for long-term ownership. The risk/reward profile appears unfavorable due to prohibitive entry pricing relative to implied earnings power. No sector P/E is available to contextualize these premiums, but the absolute magnitude of the EV/EBITDA ratio alone presents excessive downside risk if macro shocks or margin compression occur."", ""Confidence"": null, ""MissingInformation"": null, ""CitedIndicators"": [""EV_EBITDA"", ""PS_Ratio"", ""PE_Ratio"", ""RSI_14"", ""PriceVsSMA50_Percent""], ""ChallengeTarget"": null, ""ResponseStatus"": ""ok""}]",3,homogeneous,fake_ticker,real_name,smoke_20260910T182047_081783Z,real_name_20260910T214956_999765Z,Codex (AI),No,"Substantive: changed outcome, agent verdict, confidence, or important reasoning/context. Minor: same role verdicts and main argument, with detail-level differences. None: only names or wording differ.",Final-round comparison only. Observed differences do not prove memory use or a causal name effect; outputs are sampled and the real-name prompt also removes the pseudonym sentence.
XDVX,McDonald's Corporation,confidence_falsifiability,substantive_difference,The final answer changes from SELL to INSUFFICIENT_DATA. Fundamental changes from SELL to abstention; challenger changes from SELL to HOLD; trading still abstains. Fundamental and trading lower confidence from MEDIUM to LOW.,SELL,INSUFFICIENT_DATA,yes,2,fundamental: SELL -> INSUFFICIENT_DATA; challenger: SELL -> HOLD,fundamental: MEDIUM -> LOW; trading: MEDIUM -> LOW,Fundamental and trading still request sector P/E. Challenger switches from profitability metrics such as net income/margins to sector P/E.,Real answers put more weight on missing peer context and possible bounce/accumulation. Fake answers put more weight on selling pressure and extreme pricing. The same volume ratio does not establish who is buying or selling; the technical interpretations remain uncertain.,"fundamental: SELL
The stock exhibits dangerously stretched valuations with a PS Ratio of 33.89 and EV/EBITDA of 78.28, implying the market prices in unsustainable growth without sector context to normalize these figures. While technicals show oversold conditions (RSI ~30) and a price -8.38% below the 50-day SMA, suggesting potential short-term bounce risk rather than value, selling overpriced assets aligns with fundamental risk management. The missing Sector P/E prevents confirming if the PE of 27.85 is reasonable, but the absolute magnitude of sales and EBITDA multiples alone warrants a cautious stance against accumulation at current levels.
Confidence: MEDIUM
Missing information: Sector P/E Ratio

trading: INSUFFICIENT_DATA
Technical indicators show a downtrend (Price -8.38% below SMA50) with oversold RSI (29.99) and elevated volume (1.64x), creating conflicting short-term signals. However, fundamental valuation is critically impaired by extreme multiples: PS Ratio of 33.89 and EV/EBITDA of 78.28. While the PE is lower at 27.85, the absence of Sector PE prevents contextualizing whether these premiums are justified or indicative of a bubble. Without sector benchmarks, the absolute magnitude of the sales and EBITDA multiples cannot be evaluated for reasonableness. Technical momentum cannot override the uncertainty regarding whether current valuations are sustainable. Therefore, a definitive stance is impossible without normalized sector comparisons.
Confidence: MEDIUM
Missing information: Sector P/E Ratio

challenger: SELL
The evidence supports a SELL verdict due to extreme valuation multiples (EV/EBITDA: 78.28, PS: 33.89) that imply unrealistic growth expectations regardless of sector context. While the 'trading' analyst challenges my stance by citing missing Sector P/E as a blocker for a definitive call, this ignores the severity of the provided absolute metrics; such high EV/EBITDA ratios typically necessitate a defensive position even without normalization benchmarks. Technicals confirm downside risk with price -8.38% below the 50-day SMA and elevated selling volume (1.64x average). The RSI of 29.99 suggests oversold conditions but does not justify buying at these premium valuations. The 'fundamental' analyst agrees on the cautionary stance. Missing profitability data reinforces skepticism about earnings quality supporting these multiples, but the primary driver for the sell signal remains the unsustainable pricing levels.
Confidence: MEDIUM
Missing information: Profitability Metrics (Net Income/Margins)","fundamental: INSUFFICIENT_DATA
McDonald's displays stretched fundamentals with a P/E of 27.85 and an EV/EBITDA of 78.28, yet the Sector PE is explicitly missing (null). Valuation analysis requires comparing company multiples against peers to distinguish justified premiums from bubbles; without this benchmark, determining intrinsic value or risk-reward is impossible. While technicals show oversold conditions (RSI ~30), they cannot override unknown valuation extremes. The high PS ratio (33.89) further complicates the picture without peer context. Therefore, a definitive BUY, SELL, or HOLD call cannot be made.
Confidence: LOW
Missing information: Sector PE Ratio

trading: INSUFFICIENT_DATA
McDonald's displays conflicting signals: technicals are oversold (RSI ~30) with price -8.4% below the $316.76 SMA and elevated volume (1.64x), suggesting a potential bottom. However, fundamentals appear critically stretched with an EV/EBITDA of 78.28 and PS Ratio of 33.89. While PE is provided (27.85), the Sector PE is explicitly null in the data, making it impossible to determine if these multiples represent a bubble or justified premium relative to peers. Without this critical comparative context to distinguish intrinsic value from market hype, assigning a BUY/SELL/HOLD verdict is speculative. The missing sector benchmark prevents validating the valuation thesis.
Confidence: LOW
Missing information: Sector PE Ratio

challenger: HOLD
The evidence presents a stark divergence: technicals indicate an oversold bounce (RSI 29.99, -8.38% below SMA) with elevated volume, suggesting potential accumulation. However, fundamentals are exceptionally stretched with an EV/EBITDA of 78.28 and PS Ratio of 33.89. The critical missing Sector_PE_Ratio prevents determining if these high multiples reflect legitimate premium growth or an unsustainable bubble relative to peers. Without peer context, the risk of being 'value trap' buyers in an overvalued asset outweighs the immediate technical recovery signals.
Confidence: MEDIUM
Missing information: Sector_PE_Ratio",majority,majority,"{""SELL"": 2, ""INSUFFICIENT_DATA"": 1}","{""INSUFFICIENT_DATA"": 2, ""HOLD"": 1}","How confident are you in your BUY/SELL/HOLD call on XDVX right now, on a rough scale from low to high, and what specific piece of missing information would most change your mind?","How confident are you in your BUY/SELL/HOLD call on McDonald's Corporation right now, on a rough scale from low to high, and what specific piece of missing information would most change your mind?","[{""AgentRole"": ""fundamental"", ""Verdict"": ""SELL"", ""Reasoning"": ""The stock exhibits dangerously stretched valuations with a PS Ratio of 33.89 and EV/EBITDA of 78.28, implying the market prices in unsustainable growth without sector context to normalize these figures. While technicals show oversold conditions (RSI ~30) and a price -8.38% below the 50-day SMA, suggesting potential short-term bounce risk rather than value, selling overpriced assets aligns with fundamental risk management. The missing Sector P/E prevents confirming if the PE of 27.85 is reasonable, but the absolute magnitude of sales and EBITDA multiples alone warrants a cautious stance against accumulation at current levels."", ""Confidence"": ""MEDIUM"", ""MissingInformation"": ""Sector P/E Ratio"", ""CitedIndicators"": [""PE_Ratio"", ""PS_Ratio"", ""EV_EBITDA"", ""RSI_14"", ""PriceVsSMA50_Percent""], ""ChallengeTarget"": null, ""ResponseStatus"": ""ok""}, {""AgentRole"": ""trading"", ""Verdict"": ""INSUFFICIENT_DATA"", ""Reasoning"": ""Technical indicators show a downtrend (Price -8.38% below SMA50) with oversold RSI (29.99) and elevated volume (1.64x), creating conflicting short-term signals. However, fundamental valuation is critically impaired by extreme multiples: PS Ratio of 33.89 and EV/EBITDA of 78.28. While the PE is lower at 27.85, the absence of Sector PE prevents contextualizing whether these premiums are justified or indicative of a bubble. Without sector benchmarks, the absolute magnitude of the sales and EBITDA multiples cannot be evaluated for reasonableness. Technical momentum cannot override the uncertainty regarding whether current valuations are sustainable. Therefore, a definitive stance is impossible without normalized sector comparisons."", ""Confidence"": ""MEDIUM"", ""MissingInformation"": ""Sector P/E Ratio"", ""CitedIndicators"": [""Close_Price"", ""SMA_50"", ""PriceVsSMA50_Percent"", ""RSI_14"", ""Volume_to_AvgVol20"", ""PE_Ratio"", ""PS_Ratio"", ""EV_EBITDA""], ""ChallengeTarget"": ""fundamental"", ""ResponseStatus"": ""ok""}, {""AgentRole"": ""challenger"", ""Verdict"": ""SELL"", ""Reasoning"": ""The evidence supports a SELL verdict due to extreme valuation multiples (EV/EBITDA: 78.28, PS: 33.89) that imply unrealistic growth expectations regardless of sector context. While the 'trading' analyst challenges my stance by citing missing Sector P/E as a blocker for a definitive call, this ignores the severity of the provided absolute metrics; such high EV/EBITDA ratios typically necessitate a defensive position even without normalization benchmarks. Technicals confirm downside risk with price -8.38% below the 50-day SMA and elevated selling volume (1.64x average). The RSI of 29.99 suggests oversold conditions but does not justify buying at these premium valuations. The 'fundamental' analyst agrees on the cautionary stance. Missing profitability data reinforces skepticism about earnings quality supporting these multiples, but the primary driver for the sell signal remains the unsustainable pricing levels."", ""Confidence"": ""MEDIUM"", ""MissingInformation"": ""Profitability Metrics (Net Income/Margins)"", ""CitedIndicators"": [""EV_EBITDA"", ""PS_Ratio"", ""PriceVsSMA50_Percent"", ""Volume_to_AvgVol20"", ""RSI_14""], ""ChallengeTarget"": ""trading"", ""ResponseStatus"": ""ok""}]","[{""AgentRole"": ""fundamental"", ""Verdict"": ""INSUFFICIENT_DATA"", ""Reasoning"": ""McDonald's displays stretched fundamentals with a P/E of 27.85 and an EV/EBITDA of 78.28, yet the Sector PE is explicitly missing (null). Valuation analysis requires comparing company multiples against peers to distinguish justified premiums from bubbles; without this benchmark, determining intrinsic value or risk-reward is impossible. While technicals show oversold conditions (RSI ~30), they cannot override unknown valuation extremes. The high PS ratio (33.89) further complicates the picture without peer context. Therefore, a definitive BUY, SELL, or HOLD call cannot be made."", ""Confidence"": ""LOW"", ""MissingInformation"": ""Sector PE Ratio"", ""CitedIndicators"": [""PE_Ratio"", ""EV_EBITDA"", ""PS_Ratio"", ""Sector_PE"", ""RSI_14""], ""ChallengeTarget"": null, ""ResponseStatus"": ""ok""}, {""AgentRole"": ""trading"", ""Verdict"": ""INSUFFICIENT_DATA"", ""Reasoning"": ""McDonald's displays conflicting signals: technicals are oversold (RSI ~30) with price -8.4% below the $316.76 SMA and elevated volume (1.64x), suggesting a potential bottom. However, fundamentals appear critically stretched with an EV/EBITDA of 78.28 and PS Ratio of 33.89. While PE is provided (27.85), the Sector PE is explicitly null in the data, making it impossible to determine if these multiples represent a bubble or justified premium relative to peers. Without this critical comparative context to distinguish intrinsic value from market hype, assigning a BUY/SELL/HOLD verdict is speculative. The missing sector benchmark prevents validating the valuation thesis."", ""Confidence"": ""LOW"", ""MissingInformation"": ""Sector PE Ratio"", ""CitedIndicators"": [""PE_Ratio"", ""PS_Ratio"", ""EV_EBITDA"", ""RSI_14"", ""SMA_50"", ""PriceVsSMA50_Percent"", ""Volume_to_AvgVol20""], ""ChallengeTarget"": null, ""ResponseStatus"": ""ok""}, {""AgentRole"": ""challenger"", ""Verdict"": ""HOLD"", ""Reasoning"": ""The evidence presents a stark divergence: technicals indicate an oversold bounce (RSI 29.99, -8.38% below SMA) with elevated volume, suggesting potential accumulation. However, fundamentals are exceptionally stretched with an EV/EBITDA of 78.28 and PS Ratio of 33.89. The critical missing Sector_PE_Ratio prevents determining if these high multiples reflect legitimate premium growth or an unsustainable bubble relative to peers. Without peer context, the risk of being 'value trap' buyers in an overvalued asset outweighs the immediate technical recovery signals."", ""Confidence"": ""MEDIUM"", ""MissingInformation"": ""Sector_PE_Ratio"", ""CitedIndicators"": [""PE_Ratio"", ""PS_Ratio"", ""EV_EBITDA"", ""RSI_14"", ""PriceVsSMA50_Percent"", ""Volume_to_AvgVol20""], ""ChallengeTarget"": null, ""ResponseStatus"": ""ok""}]",3,homogeneous,fake_ticker,real_name,smoke_20260910T182047_081783Z,real_name_20260910T214956_999765Z,Codex (AI),No,"Substantive: changed outcome, agent verdict, confidence, or important reasoning/context. Minor: same role verdicts and main argument, with detail-level differences. None: only names or wording differ.",Final-round comparison only. Observed differences do not prove memory use or a causal name effect; outputs are sampled and the real-name prompt also removes the pseudonym sentence.
RCSN,NVIDIA Corporation,valuation_forcing,substantive_difference,"Fundamental changes from INSUFFICIENT_DATA to FAIRLY_PRICED, removing the majority. It now treats P/E 22.56 as moderate and balances it against high sales/EBITDA multiples. Trading remains EXPENSIVE but changes its reading of volume 1.24x from sustained participation to insufficient breakout support.",INSUFFICIENT_DATA,,yes,1,fundamental: INSUFFICIENT_DATA -> FAIRLY_PRICED,Not requested,Not requested for this question.,The shift from stretched or unassessable P/E to moderate/acceptable P/E is not backed by a new benchmark. FAIRLY_PRICED still lacks sector context. The changed volume interpretation is also not caused by changed numeric evidence. No explicit AI-business claim appears in this pair.,"fundamental: INSUFFICIENT_DATA
RCSN exhibits significantly stretched valuation metrics, with a PE of 22.56 and a particularly extreme Price-to-Sales ratio of 64.46. However, the provided data explicitly lists 'Sector_PE' as null. Without this critical benchmark, it is impossible to determine if the current multiple represents a justified premium for high growth or an irrational bubble. A definitive verdict on whether the stock is attractively priced, fairly priced, or expensive requires comparing these multiples to the sector average to establish relative value. Consequently, the evidence cannot support a conclusive judgment.

trading: EXPENSIVE
RCSN is technically overextended, trading 16.7% above its 50-day moving average ($216.61 vs $185.62) with an RSI of 76.28 indicating overbought conditions. The Volume Ratio of 1.24x confirms sustained participation in this rally. Fundamentally, valuations are critically stretched with a Price-to-Sales ratio of 64.46 and P/B of 26.91. While Sector_PE is missing for precise industry normalization, the magnitude of these deviations and technical divergence strongly suggests the price reflects peak enthusiasm rather than intrinsic value, warranting an 'EXPENSIVE' verdict based on available snapshot data.

challenger: INSUFFICIENT_DATA
The evidence displays critically high valuation multiples (PS: 64.46, PB: 26.91) and overbought technicals (RSI: 76.28), suggesting the stock is stretched. However, declaring it definitively 'EXPENSIVE' or 'ATTRACTIVELY_PRICED' requires a benchmark to distinguish between justified growth premiums and speculative bubbles. The data explicitly shows 'Sector_PE' as null. Without this industry context or revenue growth rates, we cannot verify if RCSN's premium is reasonable relative to peers. The peer claiming 'EXPENSIVE' assumes extreme metrics alone are sufficient without comparative validation, ignoring the critical missing baseline required for an absolute verdict on price attractiveness.","fundamental: FAIRLY_PRICED
NVIDIA presents a mixed valuation profile where a moderate P/E of 22.56 contrasts sharply with extreme PS (64.46) and EV/EBITDA (74.08). The high revenue and cash-flow multiples suggest the market prices in significant growth expectations, justifying the disparity if expansion continues. However, technicals are overextended (RSI 76.28, price 16.7% above SMA), introducing short-term speculation risk. Without Sector_PE, we cannot confirm if the earnings multiple is truly reasonable relative to peers; it could be cheap compared to a high-growth sector or expensive compared to one. Given the divergence between acceptable earnings yield and inflated flow-based metrics, 'Fairly Priced' best reflects the balance between warranted growth premiums and current technical overheating.

trading: EXPENSIVE
NVIDIA appears expensive based on extreme valuation multiples and technical overheating. The PS Ratio (64.46) and EV/EBITDA (74.08) are exceptionally high, suggesting a significant premium relative to sales and cash flow. While P/E (22.56) seems moderate, it lacks context without Sector_PE data. Technically, the stock is 16.7% above its 50-day SMA ($185.62 vs Close $216.61), indicating overextension. The RSI of 76.28 confirms overbought conditions, and volume is only 1.24x average, insufficient for a sustained breakout. Without sector benchmarks, absolute metrics combined with technical divergence justify an 'expensive' verdict over 'fair'.

challenger: INSUFFICIENT_DATA
The evidence presents a valuation conflict: the P/E ratio (22.56) appears moderate, while PS (64.46), PB (26.91), and EV/EBITDA (74.08) are exceptionally high. However, interpreting these relative multiples requires a sector benchmark, which is missing (Sector_PE is null). Technical indicators (RSI 76.28) suggest short-term overheating but do not validate long-term fundamental value. Without knowing if NVIDIA's growth justifies these extreme flow multiples or if they are simply speculative premiums compared to peers, a definitive 'expensive', 'fair', or 'attractive' verdict cannot be scientifically supported. The divergence between earnings yield and revenue/cash-flow yield creates ambiguity that absolute numbers alone cannot resolve.",majority,no_majority,"{""INSUFFICIENT_DATA"": 2, ""EXPENSIVE"": 1}","{""FAIRLY_PRICED"": 1, ""EXPENSIVE"": 1, ""INSUFFICIENT_DATA"": 1}","Based on the data available to you, does RCSN look attractively priced, fairly priced, or expensive right now — and specifically why?","Based on the data available to you, does NVIDIA Corporation look attractively priced, fairly priced, or expensive right now — and specifically why?","[{""AgentRole"": ""fundamental"", ""Verdict"": ""INSUFFICIENT_DATA"", ""Reasoning"": ""RCSN exhibits significantly stretched valuation metrics, with a PE of 22.56 and a particularly extreme Price-to-Sales ratio of 64.46. However, the provided data explicitly lists 'Sector_PE' as null. Without this critical benchmark, it is impossible to determine if the current multiple represents a justified premium for high growth or an irrational bubble. A definitive verdict on whether the stock is attractively priced, fairly priced, or expensive requires comparing these multiples to the sector average to establish relative value. Consequently, the evidence cannot support a conclusive judgment."", ""Confidence"": null, ""MissingInformation"": null, ""CitedIndicators"": [""PE_Ratio"", ""PS_Ratio"", ""PB_Ratio"", ""Sector_PE""], ""ChallengeTarget"": null, ""ResponseStatus"": ""ok""}, {""AgentRole"": ""trading"", ""Verdict"": ""EXPENSIVE"", ""Reasoning"": ""RCSN is technically overextended, trading 16.7% above its 50-day moving average ($216.61 vs $185.62) with an RSI of 76.28 indicating overbought conditions. The Volume Ratio of 1.24x confirms sustained participation in this rally. Fundamentally, valuations are critically stretched with a Price-to-Sales ratio of 64.46 and P/B of 26.91. While Sector_PE is missing for precise industry normalization, the magnitude of these deviations and technical divergence strongly suggests the price reflects peak enthusiasm rather than intrinsic value, warranting an 'EXPENSIVE' verdict based on available snapshot data."", ""Confidence"": null, ""MissingInformation"": null, ""CitedIndicators"": [""Price_to_SMA50"", ""RSI_14"", ""Volume_to_AvgVol20"", ""PE_Ratio"", ""PB_Ratio"", ""PS_Ratio""], ""ChallengeTarget"": ""Agent 'fundamental' and 'challenger' argue that missing Sector_PE prevents a definitive valuation call; however, extreme multiples (PS=64.46) and overbought technicals (RSI=76.28) provide sufficient evidence for a short-term expensive classification without peer benchmarks."", ""ResponseStatus"": ""ok""}, {""AgentRole"": ""challenger"", ""Verdict"": ""INSUFFICIENT_DATA"", ""Reasoning"": ""The evidence displays critically high valuation multiples (PS: 64.46, PB: 26.91) and overbought technicals (RSI: 76.28), suggesting the stock is stretched. However, declaring it definitively 'EXPENSIVE' or 'ATTRACTIVELY_PRICED' requires a benchmark to distinguish between justified growth premiums and speculative bubbles. The data explicitly shows 'Sector_PE' as null. Without this industry context or revenue growth rates, we cannot verify if RCSN's premium is reasonable relative to peers. The peer claiming 'EXPENSIVE' assumes extreme metrics alone are sufficient without comparative validation, ignoring the critical missing baseline required for an absolute verdict on price attractiveness."", ""Confidence"": null, ""MissingInformation"": null, ""CitedIndicators"": [""PE_Ratio"", ""PB_Ratio"", ""PS_Ratio"", ""EV_EBITDA"", ""RSI_14"", ""Price_to_SMA50""], ""ChallengeTarget"": ""trading"", ""ResponseStatus"": ""ok""}]","[{""AgentRole"": ""fundamental"", ""Verdict"": ""FAIRLY_PRICED"", ""Reasoning"": ""NVIDIA presents a mixed valuation profile where a moderate P/E of 22.56 contrasts sharply with extreme PS (64.46) and EV/EBITDA (74.08). The high revenue and cash-flow multiples suggest the market prices in significant growth expectations, justifying the disparity if expansion continues. However, technicals are overextended (RSI 76.28, price 16.7% above SMA), introducing short-term speculation risk. Without Sector_PE, we cannot confirm if the earnings multiple is truly reasonable relative to peers; it could be cheap compared to a high-growth sector or expensive compared to one. Given the divergence between acceptable earnings yield and inflated flow-based metrics, 'Fairly Priced' best reflects the balance between warranted growth premiums and current technical overheating."", ""Confidence"": null, ""MissingInformation"": null, ""CitedIndicators"": [""PE_Ratio"", ""PB_Ratio"", ""PS_Ratio"", ""EV_EBITDA"", ""RSI_14"", ""Price_to_SMA50""], ""ChallengeTarget"": ""The Fundamental agent's claim that no verdict is possible due to missing Sector_PE is challenged by the internal consistency of NVIDIA's absolute multiples: the moderate P/E vs. extreme PS/EV-EBITDA mix already signals a specific growth-risk premium profile."", ""ResponseStatus"": ""ok""}, {""AgentRole"": ""trading"", ""Verdict"": ""EXPENSIVE"", ""Reasoning"": ""NVIDIA appears expensive based on extreme valuation multiples and technical overheating. The PS Ratio (64.46) and EV/EBITDA (74.08) are exceptionally high, suggesting a significant premium relative to sales and cash flow. While P/E (22.56) seems moderate, it lacks context without Sector_PE data. Technically, the stock is 16.7% above its 50-day SMA ($185.62 vs Close $216.61), indicating overextension. The RSI of 76.28 confirms overbought conditions, and volume is only 1.24x average, insufficient for a sustained breakout. Without sector benchmarks, absolute metrics combined with technical divergence justify an 'expensive' verdict over 'fair'."", ""Confidence"": null, ""MissingInformation"": null, ""CitedIndicators"": [""PS_Ratio"", ""PB_Ratio"", ""EV_EBITDA"", ""PE_Ratio"", ""RSI_14"", ""SMA_50"", ""Price_to_SMA50"", ""Close_Price"", ""Volume_to_AvgVol20""], ""ChallengeTarget"": ""fundamental"", ""ResponseStatus"": ""ok""}, {""AgentRole"": ""challenger"", ""Verdict"": ""INSUFFICIENT_DATA"", ""Reasoning"": ""The evidence presents a valuation conflict: the P/E ratio (22.56) appears moderate, while PS (64.46), PB (26.91), and EV/EBITDA (74.08) are exceptionally high. However, interpreting these relative multiples requires a sector benchmark, which is missing (Sector_PE is null). Technical indicators (RSI 76.28) suggest short-term overheating but do not validate long-term fundamental value. Without knowing if NVIDIA's growth justifies these extreme flow multiples or if they are simply speculative premiums compared to peers, a definitive 'expensive', 'fair', or 'attractive' verdict cannot be scientifically supported. The divergence between earnings yield and revenue/cash-flow yield creates ambiguity that absolute numbers alone cannot resolve."", ""Confidence"": null, ""MissingInformation"": null, ""CitedIndicators"": [""PE_Ratio"", ""PB_Ratio"", ""PS_Ratio"", ""EV_EBITDA"", ""RSI_14"", ""Price_to_SMA50"", ""Sector_PE""], ""ChallengeTarget"": ""EXPENSIVE"", ""ResponseStatus"": ""ok""}]",3,homogeneous,fake_ticker,real_name,smoke_20260910T182047_081783Z,real_name_20260910T214956_999765Z,Codex (AI),No,"Substantive: changed outcome, agent verdict, confidence, or important reasoning/context. Minor: same role verdicts and main argument, with detail-level differences. None: only names or wording differ.",Final-round comparison only. Observed differences do not prove memory use or a causal name effect; outputs are sampled and the real-name prompt also removes the pseudonym sentence.
RCSN,NVIDIA Corporation,core_holding,substantive_difference,"The final verdict stays CONDITIONAL, but challenger changes from NO to CONDITIONAL, making it unanimous. Real answers describe P/E as reasonable and the volume ratio as institutional support; fake answers emphasize speculation and overheating.",CONDITIONAL,CONDITIONAL,no,1,challenger: NO -> CONDITIONAL,Not requested,Not requested for this question.,"Real fundamental introduces sustained AI demand, which is not in the supplied data. Real trading and challenger infer institutional support or conviction from volume 1.24x, without investor-type data. This is a clear addition of company-specific context and unsupported flow interpretation, not proof of memorization.","fundamental: CONDITIONAL
RCSN presents extreme valuation metrics with a P/E of 22.56 and EV/EBITDA of 74.08, alongside an inflated PS ratio of 64.46. Technically, the stock is overbought (RSI 76.28) and trading 16.7% above its 50-day SMA. While these figures suggest significant overextension for a 3-5 year holding, they cannot be confirmed as unjustified without sector benchmarks; the 'Sector_PE' is null in the provided data. Furthermore, the evidence lacks critical fundamental drivers like revenue growth rates, profit margins, or debt levels necessary to assess business durability. Consequently, a definitive NO or YES is premature. The thesis remains conditional pending confirmation that explosive growth justifies these absolute multiples.

trading: CONDITIONAL
Valuation metrics (P/S: 64.46, EV/EBITDA: 74.08) and technicals (RSI: 76.28, Price 16.7% above SMA50) indicate severe overextension and speculative pressure, conflicting with a stable core holding thesis for 3–5 years. However, the absolute magnitude of these multiples is meaningless without the missing 'Sector_PE' to determine if premiums are justified by superior industry performance or represent bubble valuations. Additionally, the high volume ratio (1.24x average) supports short-term speculation rather than long-term value discovery. A definitive verdict requires sector benchmarks and growth durability data not present in the evidence.

challenger: NO
Valuation multiples are detached from rational long-term holds. A P/S of 64.46x, P/B of 26.91x, and EV/EBITDA of 74.08x are extreme, implying the market prices in perfect future execution with zero margin for error over a 3-5 year horizon. Technicals confirm overheating: RSI at 76.28 indicates severe overbought conditions, while price is up 16.7% above the 50-day SMA on elevated volume. Without 'Sector_PE' to contextualize these absolute numbers, assuming they represent value rather than speculation is unsupported. High entry costs combined with fragile technical momentum make this a poor core holding.","fundamental: CONDITIONAL
NVIDIA's P/E of 22.56 appears reasonable for a growth stock, but the high PB (26.91) and PS (64.46) suggest significant premiums dependent on sustained AI demand durability over 3–5 years. While the stock trades 16.7% above its 50-day SMA with an RSI of 76.28, indicating short-term overextension, these technicals do not preclude a long-term hold if fundamentals justify the price. The sector P/E is missing, preventing a definitive relative valuation check required by standard guidelines to confirm the premium's justification. Without this comparative data or explicit forward cash flow guidance, the thesis remains conditional on growth execution.

trading: CONDITIONAL
NVIDIA shows strong long-term conviction signals but faces immediate valuation headwinds. The P/E of 22.56 appears reasonable, yet the PS ratio of 64.46 and EV/EBITDA of 74.08 indicate extreme premiums unsustainible without hyper-growth, a risk for a 3–5 year core holding if demand falters. Technically, the stock is overextended at 16.7% above its 50-day SMA with an RSI of 76.28, suggesting short-term volatility. However, volume is 1.24x average, confirming institutional support. While the lack of Sector P/E prevents precise relative valuation, the high absolute multiples necessitate a conditional 'yes' only if growth justifies them. The thesis depends on future earnings validating these static figures.

challenger: CONDITIONAL
The evidence presents a conflicting picture: static valuation multiples (PS: 64.46, EV/EBITDA: 74.08) suggest extreme risk for a multi-year hold if growth decelerates, yet momentum indicators (Price vs SMA50: +16.7%, Volume ratio: 1.24x) imply strong institutional conviction in the thesis. The RSI of 76.28 indicates short-term overextension but does not invalidate long-term potential. Since sector PE is null, we cannot confirm relative fairness, making a definitive 'YES' or 'NO' premature. A conditional stance acknowledges the high premium while noting that sustained growth could justify these levels.",majority,majority,"{""CONDITIONAL"": 2, ""NO"": 1}","{""CONDITIONAL"": 3}","Is RCSN a good core holding for a 3–5 year investment thesis, based on the information available to you?","Is NVIDIA Corporation a good core holding for a 3–5 year investment thesis, based on the information available to you?","[{""AgentRole"": ""fundamental"", ""Verdict"": ""CONDITIONAL"", ""Reasoning"": ""RCSN presents extreme valuation metrics with a P/E of 22.56 and EV/EBITDA of 74.08, alongside an inflated PS ratio of 64.46. Technically, the stock is overbought (RSI 76.28) and trading 16.7% above its 50-day SMA. While these figures suggest significant overextension for a 3-5 year holding, they cannot be confirmed as unjustified without sector benchmarks; the 'Sector_PE' is null in the provided data. Furthermore, the evidence lacks critical fundamental drivers like revenue growth rates, profit margins, or debt levels necessary to assess business durability. Consequently, a definitive NO or YES is premature. The thesis remains conditional pending confirmation that explosive growth justifies these absolute multiples."", ""Confidence"": null, ""MissingInformation"": null, ""CitedIndicators"": [""PE_Ratio"", ""PB_Ratio"", ""PS_Ratio"", ""EV_EBITDA"", ""RSI_14"", ""PriceVsSMA50_Percent"", ""Volume_to_AvgVol20""], ""ChallengeTarget"": null, ""ResponseStatus"": ""ok""}, {""AgentRole"": ""trading"", ""Verdict"": ""CONDITIONAL"", ""Reasoning"": ""Valuation metrics (P/S: 64.46, EV/EBITDA: 74.08) and technicals (RSI: 76.28, Price 16.7% above SMA50) indicate severe overextension and speculative pressure, conflicting with a stable core holding thesis for 3\u20135 years. However, the absolute magnitude of these multiples is meaningless without the missing 'Sector_PE' to determine if premiums are justified by superior industry performance or represent bubble valuations. Additionally, the high volume ratio (1.24x average) supports short-term speculation rather than long-term value discovery. A definitive verdict requires sector benchmarks and growth durability data not present in the evidence."", ""Confidence"": null, ""MissingInformation"": null, ""CitedIndicators"": [""PE_Ratio"", ""PB_Ratio"", ""PS_Ratio"", ""EV_EBITDA"", ""RSI_14"", ""SMA_50"", ""Price_to_SMA50"", ""Volume_to_AvgVol20"", ""Sector_PE""], ""ChallengeTarget"": null, ""ResponseStatus"": ""ok""}, {""AgentRole"": ""challenger"", ""Verdict"": ""NO"", ""Reasoning"": ""Valuation multiples are detached from rational long-term holds. A P/S of 64.46x, P/B of 26.91x, and EV/EBITDA of 74.08x are extreme, implying the market prices in perfect future execution with zero margin for error over a 3-5 year horizon. Technicals confirm overheating: RSI at 76.28 indicates severe overbought conditions, while price is up 16.7% above the 50-day SMA on elevated volume. Without 'Sector_PE' to contextualize these absolute numbers, assuming they represent value rather than speculation is unsupported. High entry costs combined with fragile technical momentum make this a poor core holding."", ""Confidence"": null, ""MissingInformation"": null, ""CitedIndicators"": [""PE_Ratio"", ""PB_Ratio"", ""PS_Ratio"", ""EV_EBITDA"", ""RSI_14"", ""Price_to_SMA50"", ""Volume_to_AvgVol20""], ""ChallengeTarget"": null, ""ResponseStatus"": ""ok""}]","[{""AgentRole"": ""fundamental"", ""Verdict"": ""CONDITIONAL"", ""Reasoning"": ""NVIDIA's P/E of 22.56 appears reasonable for a growth stock, but the high PB (26.91) and PS (64.46) suggest significant premiums dependent on sustained AI demand durability over 3\u20135 years. While the stock trades 16.7% above its 50-day SMA with an RSI of 76.28, indicating short-term overextension, these technicals do not preclude a long-term hold if fundamentals justify the price. The sector P/E is missing, preventing a definitive relative valuation check required by standard guidelines to confirm the premium's justification. Without this comparative data or explicit forward cash flow guidance, the thesis remains conditional on growth execution."", ""Confidence"": null, ""MissingInformation"": null, ""CitedIndicators"": [""PE_Ratio"", ""PB_Ratio"", ""PS_Ratio"", ""EV_EBITDA"", ""RSI_14"", ""SMA_50"", ""PriceVsSMA50_Percent""], ""ChallengeTarget"": null, ""ResponseStatus"": ""ok""}, {""AgentRole"": ""trading"", ""Verdict"": ""CONDITIONAL"", ""Reasoning"": ""NVIDIA shows strong long-term conviction signals but faces immediate valuation headwinds. The P/E of 22.56 appears reasonable, yet the PS ratio of 64.46 and EV/EBITDA of 74.08 indicate extreme premiums unsustainible without hyper-growth, a risk for a 3\u20135 year core holding if demand falters. Technically, the stock is overextended at 16.7% above its 50-day SMA with an RSI of 76.28, suggesting short-term volatility. However, volume is 1.24x average, confirming institutional support. While the lack of Sector P/E prevents precise relative valuation, the high absolute multiples necessitate a conditional 'yes' only if growth justifies them. The thesis depends on future earnings validating these static figures."", ""Confidence"": null, ""MissingInformation"": null, ""CitedIndicators"": [""PE_Ratio"", ""PB_Ratio"", ""PS_Ratio"", ""EV_EBITDA"", ""RSI_14"", ""SMA_50"", ""Price_to_SMA50"", ""Volume_to_AvgVol20""], ""ChallengeTarget"": null, ""ResponseStatus"": ""ok""}, {""AgentRole"": ""challenger"", ""Verdict"": ""CONDITIONAL"", ""Reasoning"": ""The evidence presents a conflicting picture: static valuation multiples (PS: 64.46, EV/EBITDA: 74.08) suggest extreme risk for a multi-year hold if growth decelerates, yet momentum indicators (Price vs SMA50: +16.7%, Volume ratio: 1.24x) imply strong institutional conviction in the thesis. The RSI of 76.28 indicates short-term overextension but does not invalidate long-term potential. Since sector PE is null, we cannot confirm relative fairness, making a definitive 'YES' or 'NO' premature. A conditional stance acknowledges the high premium while noting that sustained growth could justify these levels."", ""Confidence"": null, ""MissingInformation"": null, ""CitedIndicators"": [""PS_Ratio"", ""EV_EBITDA"", ""PE_Ratio"", ""PB_Ratio"", ""RSI_14"", ""SMA_50"", ""PriceVsSMA50_Percent"", ""Volume_to_AvgVol20""], ""ChallengeTarget"": null, ""ResponseStatus"": ""ok""}]",3,homogeneous,fake_ticker,real_name,smoke_20260910T182047_081783Z,real_name_20260910T214956_999765Z,Codex (AI),No,"Substantive: changed outcome, agent verdict, confidence, or important reasoning/context. Minor: same role verdicts and main argument, with detail-level differences. None: only names or wording differ.",Final-round comparison only. Observed differences do not prove memory use or a causal name effect; outputs are sampled and the real-name prompt also removes the pseudonym sentence.
RCSN,NVIDIA Corporation,confidence_falsifiability,substantive_difference,"Trading and challenger change from SELL to HOLD; fundamental still abstains. Fake trading sees 1.24x volume as weak confirmation; real trading sees it as support for bullish momentum. Fundamental lowers confidence from MEDIUM to LOW, and trading from HIGH to MEDIUM.",SELL,HOLD,yes,2,trading: SELL -> HOLD; challenger: SELL -> HOLD,fundamental: MEDIUM -> LOW; trading: HIGH -> MEDIUM,Fundamental and trading still request sector P/E. Challenger switches from forward revenue growth or earnings surprises to sector P/E.,Both runs retain the same high multiples and overbought RSI. The opposite readings of the same volume ratio are a substantive reasoning difference. Real HOLD partly rests on missing peer context. No new company-specific operating fact is explicitly established in these final answers.,"fundamental: INSUFFICIENT_DATA
While valuations (P/S: 64.46, EV/EBITDA: 74.08) and technicals (RSI: 76.28) suggest significant downside risk, a definitive verdict requires sector context. Per instructions, I must explicitly compare the company P/E with sector P/E to justify premiums or discuss justification; however, Sector_PE is null in the provided evidence. Without this benchmark, I cannot determine if the 22.56 P/E represents an irrational bubble or a justified premium for high-growth durability. Technical overextension alone does not override fundamental mispricing without peer comparison.
Confidence: MEDIUM
Missing information: Sector average PE ratio

trading: SELL
The stock is severely overextended technically and fundamentally. Price (216.61) sits 16.7% above the 50-day SMA, while the RSI of 76.28 indicates significant overbought conditions. Crucially, volume support is weak; the Volume-to-AvgVol ratio of only 1.24x fails to confirm a breakout, suggesting the rally lacks conviction. Fundamentally, valuations are detached with a P/S of 64.46 and EV/EBITDA of 74.08. Without sector context, we cannot validate relative pricing, but the absolute magnitude of these multiples combined with technical exhaustion warrants a cautionary stance. The high confidence in this sell call relies on the confluence of overvaluation and lack of momentum confirmation.
Confidence: HIGH
Missing information: Sector average PE ratio to establish relative valuation context

challenger: SELL
The evidence supports a SELL call due to extreme valuation metrics (PS: 64.46, EV/EBITDA: 74.08) and overbought technicals (RSI: 76.28). Even without the Sector_PE (null), the absolute magnitude of these multiples indicates significant mean reversion risk absent explicit forward growth data. The trading agent's point about weak volume support (1.24x) reinforces the lack of conviction in a breakout. While missing sector context limits comparative precision, it does not negate the internal danger signals present in the raw numbers.
Confidence: MEDIUM
Missing information: Forward revenue growth rate or recent earnings surprises to justify current valuation premium","fundamental: INSUFFICIENT_DATA
While NVIDIA's P/E of 22.56 appears moderate in isolation, the extremely high PS (64.46) and EV/EBITDA (74.08) multiples suggest significant valuation premiums. However, without a Sector PE Ratio provided in the evidence, it is impossible to determine if this P/E represents a discount or an unjustified premium relative to industry peers. The RSI of 76.28 indicates overbought technical conditions, but fundamental directionality cannot be confirmed without peer benchmarking. A BUY call relies on proving undervaluation, which requires sector comparison data currently absent.
Confidence: LOW
Missing information: Sector PE Ratio

trading: HOLD
NVIDIA trades at $216.61, which is 16.7% above its 50-day SMA ($185.62), indicating strong short-term bullish momentum supported by volume 1.24x the 20-day average. However, this technical strength is counterbalanced by extreme valuation metrics: a P/S ratio of 64.46 and EV/EBITDA of 74.08 suggest significant expansion premiums. The RSI of 76.28 also signals overbought conditions. Crucially, the missing Sector PE Ratio prevents distinguishing whether the isolated P/E of 22.56 represents a genuine discount or an unjustified premium relative to industry norms. Without peer comparison, intrinsic valuation remains unclear despite positive price trends.
Confidence: MEDIUM
Missing information: Sector PE Ratio

challenger: HOLD
I maintain a HOLD verdict. While the P/E of 22.56 appears moderate in isolation, valuations are heavily skewed without sector context. PS (64.46) and EV/EBITDA (74.08) suggest high premiums; determining if these are justified requires comparing NVIDIA's earnings growth against peers via Sector PE. Currently unavailable, making directional calls speculative. Technicals show strength (+16.7% above SMA50), but RSI (76.28) indicates overbought conditions. The 'trading' agent's claim that P/E implies 'earnings-driven compression' is weak because it assumes undervaluation without the benchmark to confirm if multiples are stretched relative to industry norms.
Confidence: MEDIUM
Missing information: Sector PE Ratio",majority,majority,"{""INSUFFICIENT_DATA"": 1, ""SELL"": 2}","{""INSUFFICIENT_DATA"": 1, ""HOLD"": 2}","How confident are you in your BUY/SELL/HOLD call on RCSN right now, on a rough scale from low to high, and what specific piece of missing information would most change your mind?","How confident are you in your BUY/SELL/HOLD call on NVIDIA Corporation right now, on a rough scale from low to high, and what specific piece of missing information would most change your mind?","[{""AgentRole"": ""fundamental"", ""Verdict"": ""INSUFFICIENT_DATA"", ""Reasoning"": ""While valuations (P/S: 64.46, EV/EBITDA: 74.08) and technicals (RSI: 76.28) suggest significant downside risk, a definitive verdict requires sector context. Per instructions, I must explicitly compare the company P/E with sector P/E to justify premiums or discuss justification; however, Sector_PE is null in the provided evidence. Without this benchmark, I cannot determine if the 22.56 P/E represents an irrational bubble or a justified premium for high-growth durability. Technical overextension alone does not override fundamental mispricing without peer comparison."", ""Confidence"": ""MEDIUM"", ""MissingInformation"": ""Sector average PE ratio"", ""CitedIndicators"": [""PE_Ratio"", ""PS_Ratio"", ""EV_EBITDA"", ""PB_Ratio"", ""RSI_14"", ""Sector_PE""], ""ChallengeTarget"": null, ""ResponseStatus"": ""ok""}, {""AgentRole"": ""trading"", ""Verdict"": ""SELL"", ""Reasoning"": ""The stock is severely overextended technically and fundamentally. Price (216.61) sits 16.7% above the 50-day SMA, while the RSI of 76.28 indicates significant overbought conditions. Crucially, volume support is weak; the Volume-to-AvgVol ratio of only 1.24x fails to confirm a breakout, suggesting the rally lacks conviction. Fundamentally, valuations are detached with a P/S of 64.46 and EV/EBITDA of 74.08. Without sector context, we cannot validate relative pricing, but the absolute magnitude of these multiples combined with technical exhaustion warrants a cautionary stance. The high confidence in this sell call relies on the confluence of overvaluation and lack of momentum confirmation."", ""Confidence"": ""HIGH"", ""MissingInformation"": ""Sector average PE ratio to establish relative valuation context"", ""CitedIndicators"": [""RSI_14"", ""Price_to_SMA50"", ""Volume_to_AvgVol20"", ""PS_Ratio"", ""EV_EBITDA"", ""PE_Ratio""], ""ChallengeTarget"": null, ""ResponseStatus"": ""ok""}, {""AgentRole"": ""challenger"", ""Verdict"": ""SELL"", ""Reasoning"": ""The evidence supports a SELL call due to extreme valuation metrics (PS: 64.46, EV/EBITDA: 74.08) and overbought technicals (RSI: 76.28). Even without the Sector_PE (null), the absolute magnitude of these multiples indicates significant mean reversion risk absent explicit forward growth data. The trading agent's point about weak volume support (1.24x) reinforces the lack of conviction in a breakout. While missing sector context limits comparative precision, it does not negate the internal danger signals present in the raw numbers."", ""Confidence"": ""MEDIUM"", ""MissingInformation"": ""Forward revenue growth rate or recent earnings surprises to justify current valuation premium"", ""CitedIndicators"": [""PS_Ratio"", ""EV_EBITDA"", ""RSI_14"", ""Price_to_SMA50"", ""Volume_to_AvgVol20"", ""PE_Ratio""], ""ChallengeTarget"": null, ""ResponseStatus"": ""ok""}]","[{""AgentRole"": ""fundamental"", ""Verdict"": ""INSUFFICIENT_DATA"", ""Reasoning"": ""While NVIDIA's P/E of 22.56 appears moderate in isolation, the extremely high PS (64.46) and EV/EBITDA (74.08) multiples suggest significant valuation premiums. However, without a Sector PE Ratio provided in the evidence, it is impossible to determine if this P/E represents a discount or an unjustified premium relative to industry peers. The RSI of 76.28 indicates overbought technical conditions, but fundamental directionality cannot be confirmed without peer benchmarking. A BUY call relies on proving undervaluation, which requires sector comparison data currently absent."", ""Confidence"": ""LOW"", ""MissingInformation"": ""Sector PE Ratio"", ""CitedIndicators"": [""PE_Ratio"", ""PB_Ratio"", ""PS_Ratio"", ""EV_EBITDA"", ""RSI_14"", ""Close_Price""], ""ChallengeTarget"": null, ""ResponseStatus"": ""ok""}, {""AgentRole"": ""trading"", ""Verdict"": ""HOLD"", ""Reasoning"": ""NVIDIA trades at $216.61, which is 16.7% above its 50-day SMA ($185.62), indicating strong short-term bullish momentum supported by volume 1.24x the 20-day average. However, this technical strength is counterbalanced by extreme valuation metrics: a P/S ratio of 64.46 and EV/EBITDA of 74.08 suggest significant expansion premiums. The RSI of 76.28 also signals overbought conditions. Crucially, the missing Sector PE Ratio prevents distinguishing whether the isolated P/E of 22.56 represents a genuine discount or an unjustified premium relative to industry norms. Without peer comparison, intrinsic valuation remains unclear despite positive price trends."", ""Confidence"": ""MEDIUM"", ""MissingInformation"": ""Sector PE Ratio"", ""CitedIndicators"": [""Close_Price"", ""SMA_50"", ""Price_to_SMA50_Percent"", ""Volume_to_AvgVol20"", ""RSI_14"", ""PE_Ratio"", ""PB_Ratio"", ""PS_Ratio"", ""EV_EBITDA""], ""ChallengeTarget"": null, ""ResponseStatus"": ""ok""}, {""AgentRole"": ""challenger"", ""Verdict"": ""HOLD"", ""Reasoning"": ""I maintain a HOLD verdict. While the P/E of 22.56 appears moderate in isolation, valuations are heavily skewed without sector context. PS (64.46) and EV/EBITDA (74.08) suggest high premiums; determining if these are justified requires comparing NVIDIA's earnings growth against peers via Sector PE. Currently unavailable, making directional calls speculative. Technicals show strength (+16.7% above SMA50), but RSI (76.28) indicates overbought conditions. The 'trading' agent's claim that P/E implies 'earnings-driven compression' is weak because it assumes undervaluation without the benchmark to confirm if multiples are stretched relative to industry norms."", ""Confidence"": ""MEDIUM"", ""MissingInformation"": ""Sector PE Ratio"", ""CitedIndicators"": [""PE_Ratio"", ""PB_Ratio"", ""PS_Ratio"", ""EV_EBITDA"", ""RSI_14"", ""SMA_50"", ""Price_to_SMA50""], ""ChallengeTarget"": ""The 'trading' agent's claim that a P/E of 22.56 suggests 'earnings-driven valuation compression' is unsupported because the data lacks the Sector PE Ratio needed to verify if this multiple is actually a discount or reflects industry-leading growth expectations."", ""ResponseStatus"": ""ok""}]",3,homogeneous,fake_ticker,real_name,smoke_20260910T182047_081783Z,real_name_20260910T214956_999765Z,Codex (AI),No,"Substantive: changed outcome, agent verdict, confidence, or important reasoning/context. Minor: same role verdicts and main argument, with detail-level differences. None: only names or wording differ.",Final-round comparison only. Observed differences do not prove memory use or a causal name effect; outputs are sampled and the real-name prompt also removes the pseudonym sentence.
BACG,Johnson & Johnson,valuation_forcing,minor_difference,"All agents give INSUFFICIENT_DATA in both runs for the same reason: missing sector P/E. Real answers emphasize EV/EBITDA 75.76, while fake answers emphasize P/B and P/S. Real trading calls volume 1.03x low; fake trading calls it neutral.",INSUFFICIENT_DATA,INSUFFICIENT_DATA,no,0,None,Not requested,Not requested for this question.,"The central answer is unchanged. Volume 1.03x is slightly above average, so calling it low is imprecise unless a different benchmark is explained. The valuation figures used by both runs are supplied in the sheet; no clear new business fact is added.","fundamental: INSUFFICIENT_DATA
The provided evidence lists elevated valuation multiples (PE: 28.33, PB: 7.3, PS: 24.64) which typically suggest an expensive profile. However, the 'Sector_PE' field is explicitly null. To determine if BACG is attractively priced, fairly priced, or expensive, one must compare these absolute figures against sector benchmarks to justify any premium with growth or durability factors. Without this comparative anchor, it is impossible to distinguish between a justified high-performance valuation and genuine overvaluation. While technicals show a dip relative to the 50-day SMA, they do not resolve the core fundamental question of intrinsic value relative to peers. The missing sector benchmark prevents a definitive verdict.

trading: INSUFFICIENT_DATA
Evidence shows BACG has elevated valuation multiples (PE: 28.33, PB: 7.3), suggesting potential overvaluation relative to standalone norms. Technically, the price is trading below its 50-day SMA (-6.05%) with neutral volume (1.03x avg), indicating a short-term pullback but not a definitive reversion signal. Crucially, the 'Sector_PE' is null. Without this benchmark, we cannot determine if high multiples reflect justified growth premiums or genuine bubble pricing. Technical positioning and short-term momentum do not suffice for a 3–5 year intrinsic valuation thesis without sector context to calibrate the multiples.

challenger: INSUFFICIENT_DATA
BACG displays elevated valuation multiples (PE: 28.33, PB: 7.3, PS: 24.64), which often suggest an expensive profile. However, the evidence explicitly lists 'Sector_PE' as null without providing any peer benchmarks or industry context. Without a sector comparison, it is impossible to determine if these premiums are justified by superior growth prospects or represent genuine overvaluation relative to peers. Technical indicators (RSI ~33, price -6% vs SMA50) confirm a short-term pullback but do not resolve the fundamental question of intrinsic value or long-term pricing fairness. The absence of comparative sector data prevents distinguishing between a justified high-growth premium and a market bubble.","fundamental: INSUFFICIENT_DATA
Johnson & Johnson exhibits elevated valuation multiples (P/E: 28.33, EV/EBITDA: 75.76), which technically suggest premium pricing. However, the evidence explicitly lists 'Sector_PE' as null. Per instructions to prioritize valuation and compare company P/E with sector P/E, a definitive verdict on whether this premium is justified or excessive is impossible without industry benchmarks. Technical indicators (PriceVsSMA50_Percent: -6.05%, RSI_14: 32.89) indicate short-term weakness but do not resolve fundamental overvaluation questions. Since we cannot determine if the high multiples represent a market-wide sector elevation or specific J&J inefficiency, the data fails to support a classification of Attractive, Fair, or Expensive.

trading: INSUFFICIENT_DATA
Evidence shows Johnson & Johnson trades at -6.05% below its 50-day SMA with low volume (1.03x average), indicating short-term weakness rather than a value opportunity. Fundamentals reveal a P/E of 28.33 and an extreme EV/EBITDA of 75.76, suggesting high absolute valuation. However, the critical 'Sector_PE' is listed as null in the provided data. Without industry benchmarks, it is impossible to determine if these multiples reflect justified growth premiums or overvaluation relative to peers. The disconnect between technical discount and massive fundamental gaps cannot be resolved without peer comparison data.

challenger: INSUFFICIENT_DATA
The evidence shows significantly elevated multiples (PE: 28.33, EV/EBITDA: 75.76) which typically indicate overvaluation, yet technicals show a -6% discount to the SMA with a low RSI of 32.89. However, determining if these high multiples are justified requires a benchmark against industry peers. The data explicitly lists 'Sector_PE' as null. Without this critical comparison, we cannot distinguish between an expensive asset and one trading at a fair premium relative to its sector. Technical weakness does not validate fundamental pricing logic without intrinsic value context.",majority,majority,"{""INSUFFICIENT_DATA"": 3}","{""INSUFFICIENT_DATA"": 3}","Based on the data available to you, does BACG look attractively priced, fairly priced, or expensive right now — and specifically why?","Based on the data available to you, does Johnson & Johnson look attractively priced, fairly priced, or expensive right now — and specifically why?","[{""AgentRole"": ""fundamental"", ""Verdict"": ""INSUFFICIENT_DATA"", ""Reasoning"": ""The provided evidence lists elevated valuation multiples (PE: 28.33, PB: 7.3, PS: 24.64) which typically suggest an expensive profile. However, the 'Sector_PE' field is explicitly null. To determine if BACG is attractively priced, fairly priced, or expensive, one must compare these absolute figures against sector benchmarks to justify any premium with growth or durability factors. Without this comparative anchor, it is impossible to distinguish between a justified high-performance valuation and genuine overvaluation. While technicals show a dip relative to the 50-day SMA, they do not resolve the core fundamental question of intrinsic value relative to peers. The missing sector benchmark prevents a definitive verdict."", ""Confidence"": null, ""MissingInformation"": null, ""CitedIndicators"": [""PE_Ratio"", ""PB_Ratio"", ""PS_Ratio"", ""EV_EBITDA"", ""Sector_PE""], ""ChallengeTarget"": null, ""ResponseStatus"": ""ok""}, {""AgentRole"": ""trading"", ""Verdict"": ""INSUFFICIENT_DATA"", ""Reasoning"": ""Evidence shows BACG has elevated valuation multiples (PE: 28.33, PB: 7.3), suggesting potential overvaluation relative to standalone norms. Technically, the price is trading below its 50-day SMA (-6.05%) with neutral volume (1.03x avg), indicating a short-term pullback but not a definitive reversion signal. Crucially, the 'Sector_PE' is null. Without this benchmark, we cannot determine if high multiples reflect justified growth premiums or genuine bubble pricing. Technical positioning and short-term momentum do not suffice for a 3\u20135 year intrinsic valuation thesis without sector context to calibrate the multiples."", ""Confidence"": null, ""MissingInformation"": null, ""CitedIndicators"": [""PE_Ratio"", ""PB_Ratio"", ""PS_Ratio"", ""EV_EBITDA"", ""RSI_14"", ""SMA_50"", ""Price_to_SMA50"", ""Volume_to_AvgVol20"", ""Close_Price""], ""ChallengeTarget"": null, ""ResponseStatus"": ""ok""}, {""AgentRole"": ""challenger"", ""Verdict"": ""INSUFFICIENT_DATA"", ""Reasoning"": ""BACG displays elevated valuation multiples (PE: 28.33, PB: 7.3, PS: 24.64), which often suggest an expensive profile. However, the evidence explicitly lists 'Sector_PE' as null without providing any peer benchmarks or industry context. Without a sector comparison, it is impossible to determine if these premiums are justified by superior growth prospects or represent genuine overvaluation relative to peers. Technical indicators (RSI ~33, price -6% vs SMA50) confirm a short-term pullback but do not resolve the fundamental question of intrinsic value or long-term pricing fairness. The absence of comparative sector data prevents distinguishing between a justified high-growth premium and a market bubble."", ""Confidence"": null, ""MissingInformation"": null, ""CitedIndicators"": [""PE_Ratio"", ""PB_Ratio"", ""PS_Ratio"", ""EV_EBITDA"", ""Sector_PE""], ""ChallengeTarget"": null, ""ResponseStatus"": ""ok""}]","[{""AgentRole"": ""fundamental"", ""Verdict"": ""INSUFFICIENT_DATA"", ""Reasoning"": ""Johnson & Johnson exhibits elevated valuation multiples (P/E: 28.33, EV/EBITDA: 75.76), which technically suggest premium pricing. However, the evidence explicitly lists 'Sector_PE' as null. Per instructions to prioritize valuation and compare company P/E with sector P/E, a definitive verdict on whether this premium is justified or excessive is impossible without industry benchmarks. Technical indicators (PriceVsSMA50_Percent: -6.05%, RSI_14: 32.89) indicate short-term weakness but do not resolve fundamental overvaluation questions. Since we cannot determine if the high multiples represent a market-wide sector elevation or specific J&J inefficiency, the data fails to support a classification of Attractive, Fair, or Expensive."", ""Confidence"": null, ""MissingInformation"": null, ""CitedIndicators"": [""PE_Ratio"", ""EV_EBITDA"", ""Sector_PE"", ""PriceVsSMA50_Percent"", ""RSI_14""], ""ChallengeTarget"": null, ""ResponseStatus"": ""ok""}, {""AgentRole"": ""trading"", ""Verdict"": ""INSUFFICIENT_DATA"", ""Reasoning"": ""Evidence shows Johnson & Johnson trades at -6.05% below its 50-day SMA with low volume (1.03x average), indicating short-term weakness rather than a value opportunity. Fundamentals reveal a P/E of 28.33 and an extreme EV/EBITDA of 75.76, suggesting high absolute valuation. However, the critical 'Sector_PE' is listed as null in the provided data. Without industry benchmarks, it is impossible to determine if these multiples reflect justified growth premiums or overvaluation relative to peers. The disconnect between technical discount and massive fundamental gaps cannot be resolved without peer comparison data."", ""Confidence"": null, ""MissingInformation"": null, ""CitedIndicators"": [""PE_Ratio"", ""EV_EBITDA"", ""PriceVsSMA50_Percent"", ""Volume_to_AvgVol20"", ""RSI_14"", ""Sector_PE""], ""ChallengeTarget"": null, ""ResponseStatus"": ""ok""}, {""AgentRole"": ""challenger"", ""Verdict"": ""INSUFFICIENT_DATA"", ""Reasoning"": ""The evidence shows significantly elevated multiples (PE: 28.33, EV/EBITDA: 75.76) which typically indicate overvaluation, yet technicals show a -6% discount to the SMA with a low RSI of 32.89. However, determining if these high multiples are justified requires a benchmark against industry peers. The data explicitly lists 'Sector_PE' as null. Without this critical comparison, we cannot distinguish between an expensive asset and one trading at a fair premium relative to its sector. Technical weakness does not validate fundamental pricing logic without intrinsic value context."", ""Confidence"": null, ""MissingInformation"": null, ""CitedIndicators"": [""PE_Ratio"", ""EV_EBITDA"", ""RSI_14"", ""SMA_50"", ""PriceVsSMA50_Percent"", ""Sector_PE""], ""ChallengeTarget"": null, ""ResponseStatus"": ""ok""}]",3,homogeneous,fake_ticker,real_name,smoke_20260910T182047_081783Z,real_name_20260910T214956_999765Z,Codex (AI),No,"Substantive: changed outcome, agent verdict, confidence, or important reasoning/context. Minor: same role verdicts and main argument, with detail-level differences. None: only names or wording differ.",Final-round comparison only. Observed differences do not prove memory use or a causal name effect; outputs are sampled and the real-name prompt also removes the pseudonym sentence.
BACG,Johnson & Johnson,core_holding,substantive_difference,"Challenger changes from INSUFFICIENT_DATA to CONDITIONAL, changing the majority. Real challenger treats technical weakness as a possible entry opportunity; fake challenger treats missing business information as preventing a decision. The other role verdicts stay the same.",INSUFFICIENT_DATA,CONDITIONAL,yes,1,challenger: INSUFFICIENT_DATA -> CONDITIONAL,Not requested,Not requested for this question.,"Real fundamental compares the company with typical large-cap healthcare averages that were not supplied. Real challenger treats weakness as temporary rather than a fundamental trap, which the snapshot cannot establish. The real run is more open to a holding despite the same data gaps.","fundamental: CONDITIONAL
BACG exhibits extreme valuation risks (EV/EBITDA: 75.76, PE: 28.33) unsuitable for a core holding without superior growth justification. Technicals are weak (RSI: 32.89, -6.05% below SMA50). However, the Sector_PE is null, preventing relative valuation. The high multiples could reflect industry norms or unjustified optimism; only peer data resolves this ambiguity. Current evidence supports a 'Conditional' verdict pending sector context.

trading: INSUFFICIENT_DATA
BACG exhibits extreme valuations (PE: 28.33, EV/EBITDA: 75.76) and short-term weakness (Price -6.05% vs 50-day SMA, RSI: 32.89), raising doubts for a core holding. However, the critical missing Sector_PE ratio prevents distinguishing between industry-normalized premiums and genuine overvaluation. Without peer context or evidence of superior long-term growth drivers to justify these multiples, no definitive verdict can be rendered. The high volume ratio (1.03x) is neutral and insufficient to confirm accumulation.

challenger: INSUFFICIENT_DATA
While valuation metrics (PE 28.33, EV/EBITDA 75.76) and technical weakness (-6.05% below SMA, RSI 32.89) suggest significant risk for a core holding, the evidence lacks critical context to make a definitive judgment. Specifically, the 'Sector_PE' is null, preventing relative valuation assessment. Additionally, there are no data points on debt levels, cash flow, revenue growth trends, or management strategy required to evaluate a 3–5 year thesis. Without knowing if these high multiples reflect industry norms or unsustainable inflation, or if the business has underlying structural drivers, any YES/NO verdict relies on unsupported assumptions about future performance.","fundamental: CONDITIONAL
The stock exhibits exceptionally high valuation metrics (PE: 28.33, EV/EBITDA: 75.76) compared to typical large-cap healthcare averages, suggesting a significant premium that requires strong growth or durable cash flows to justify over 3–5 years. However, the fundamental data is insufficient to confirm this durability due to missing Sector_PE for relative comparison and absent debt/revenue breakdowns. Technically, the stock trades -6.05% below its 50-day SMA with an RSI of 32.89, indicating short-term weakness and potential mean reversion rather than immediate upside pressure. While valuations pose a headwind, the oversold technical status offers a potential entry point if the underlying fundamentals remain robust. The verdict is conditional because without sector comparables, we cannot definitively determine if the premium reflects justified quality or overvaluation.

trading: INSUFFICIENT_DATA
Evidence shows high valuations (PE: 28.33, EV/EBITDA: 75.76) and short-term weakness (Price -6.05% below SMA50, RSI 32.89). However, for a 3–5 year core holding thesis, the missing 'Sector_PE' prevents determining if premiums are justified relative to peers. Additionally, critical fundamentals like debt levels, revenue breakdowns, and growth rates required to validate long-term sustainability are absent. Technicals cannot substitute for intrinsic value analysis over this horizon.

challenger: CONDITIONAL
The provided data shows extremely high valuations (PE: 28.33, EV/EBITDA: 75.76) which pose a significant risk for a multi-year core holding unless justified by superior growth or quality metrics absent here. However, the stock is trading below its 50-day SMA (-6.05%) with an oversold RSI (32.89), suggesting temporary weakness rather than a fundamental trap. This creates a conditional case: the entry point looks attractive technically, but the valuation ceiling prevents a definitive 'YES'. The decision hinges on unknowns like debt levels and sector-relative earnings power, which are missing.",majority,majority,"{""CONDITIONAL"": 1, ""INSUFFICIENT_DATA"": 2}","{""CONDITIONAL"": 2, ""INSUFFICIENT_DATA"": 1}","Is BACG a good core holding for a 3–5 year investment thesis, based on the information available to you?","Is Johnson & Johnson a good core holding for a 3–5 year investment thesis, based on the information available to you?","[{""AgentRole"": ""fundamental"", ""Verdict"": ""CONDITIONAL"", ""Reasoning"": ""BACG exhibits extreme valuation risks (EV/EBITDA: 75.76, PE: 28.33) unsuitable for a core holding without superior growth justification. Technicals are weak (RSI: 32.89, -6.05% below SMA50). However, the Sector_PE is null, preventing relative valuation. The high multiples could reflect industry norms or unjustified optimism; only peer data resolves this ambiguity. Current evidence supports a 'Conditional' verdict pending sector context."", ""Confidence"": null, ""MissingInformation"": null, ""CitedIndicators"": [""PE_Ratio"", ""PB_Ratio"", ""PS_Ratio"", ""EV_EBITDA"", ""RSI_14"", ""PriceVsSMA50_Percent""], ""ChallengeTarget"": null, ""ResponseStatus"": ""ok""}, {""AgentRole"": ""trading"", ""Verdict"": ""INSUFFICIENT_DATA"", ""Reasoning"": ""BACG exhibits extreme valuations (PE: 28.33, EV/EBITDA: 75.76) and short-term weakness (Price -6.05% vs 50-day SMA, RSI: 32.89), raising doubts for a core holding. However, the critical missing Sector_PE ratio prevents distinguishing between industry-normalized premiums and genuine overvaluation. Without peer context or evidence of superior long-term growth drivers to justify these multiples, no definitive verdict can be rendered. The high volume ratio (1.03x) is neutral and insufficient to confirm accumulation."", ""Confidence"": null, ""MissingInformation"": null, ""CitedIndicators"": [""PE_Ratio"", ""PB_Ratio"", ""PS_Ratio"", ""EV_EBITDA"", ""RSI_14"", ""SMA_50"", ""PriceVsSMA50_Percent"", ""Volume_to_AvgVol20""], ""ChallengeTarget"": null, ""ResponseStatus"": ""ok""}, {""AgentRole"": ""challenger"", ""Verdict"": ""INSUFFICIENT_DATA"", ""Reasoning"": ""While valuation metrics (PE 28.33, EV/EBITDA 75.76) and technical weakness (-6.05% below SMA, RSI 32.89) suggest significant risk for a core holding, the evidence lacks critical context to make a definitive judgment. Specifically, the 'Sector_PE' is null, preventing relative valuation assessment. Additionally, there are no data points on debt levels, cash flow, revenue growth trends, or management strategy required to evaluate a 3\u20135 year thesis. Without knowing if these high multiples reflect industry norms or unsustainable inflation, or if the business has underlying structural drivers, any YES/NO verdict relies on unsupported assumptions about future performance."", ""Confidence"": null, ""MissingInformation"": null, ""CitedIndicators"": [""PE_Ratio"", ""PB_Ratio"", ""PS_Ratio"", ""EV_EBITDA"", ""RSI_14"", ""PriceVsSMA50_Percent"", ""Volume_to_AvgVol20""], ""ChallengeTarget"": null, ""ResponseStatus"": ""ok""}]","[{""AgentRole"": ""fundamental"", ""Verdict"": ""CONDITIONAL"", ""Reasoning"": ""The stock exhibits exceptionally high valuation metrics (PE: 28.33, EV/EBITDA: 75.76) compared to typical large-cap healthcare averages, suggesting a significant premium that requires strong growth or durable cash flows to justify over 3\u20135 years. However, the fundamental data is insufficient to confirm this durability due to missing Sector_PE for relative comparison and absent debt/revenue breakdowns. Technically, the stock trades -6.05% below its 50-day SMA with an RSI of 32.89, indicating short-term weakness and potential mean reversion rather than immediate upside pressure. While valuations pose a headwind, the oversold technical status offers a potential entry point if the underlying fundamentals remain robust. The verdict is conditional because without sector comparables, we cannot definitively determine if the premium reflects justified quality or overvaluation."", ""Confidence"": null, ""MissingInformation"": null, ""CitedIndicators"": [""PE_Ratio"", ""EV_EBITDA"", ""PB_Ratio"", ""Sector_PE"", ""RSI_14"", ""PriceVsSMA50_Percent""], ""ChallengeTarget"": ""INSUFFICIENT_DATA"", ""ResponseStatus"": ""ok""}, {""AgentRole"": ""trading"", ""Verdict"": ""INSUFFICIENT_DATA"", ""Reasoning"": ""Evidence shows high valuations (PE: 28.33, EV/EBITDA: 75.76) and short-term weakness (Price -6.05% below SMA50, RSI 32.89). However, for a 3\u20135 year core holding thesis, the missing 'Sector_PE' prevents determining if premiums are justified relative to peers. Additionally, critical fundamentals like debt levels, revenue breakdowns, and growth rates required to validate long-term sustainability are absent. Technicals cannot substitute for intrinsic value analysis over this horizon."", ""Confidence"": null, ""MissingInformation"": null, ""CitedIndicators"": [""PE_Ratio"", ""PB_Ratio"", ""PS_Ratio"", ""EV_EBITDA"", ""RSI_14"", ""SMA_50"", ""Price_to_SMA50"", ""Volume_to_AvgVol20""], ""ChallengeTarget"": null, ""ResponseStatus"": ""ok""}, {""AgentRole"": ""challenger"", ""Verdict"": ""CONDITIONAL"", ""Reasoning"": ""The provided data shows extremely high valuations (PE: 28.33, EV/EBITDA: 75.76) which pose a significant risk for a multi-year core holding unless justified by superior growth or quality metrics absent here. However, the stock is trading below its 50-day SMA (-6.05%) with an oversold RSI (32.89), suggesting temporary weakness rather than a fundamental trap. This creates a conditional case: the entry point looks attractive technically, but the valuation ceiling prevents a definitive 'YES'. The decision hinges on unknowns like debt levels and sector-relative earnings power, which are missing."", ""Confidence"": null, ""MissingInformation"": null, ""CitedIndicators"": [""PE_Ratio"", ""EV_EBITDA"", ""PB_Ratio"", ""RSI_14"", ""PriceVsSMA50_Percent"", ""Sector_PE""], ""ChallengeTarget"": ""fundamental"", ""ResponseStatus"": ""ok""}]",3,homogeneous,fake_ticker,real_name,smoke_20260910T182047_081783Z,real_name_20260910T214956_999765Z,Codex (AI),No,"Substantive: changed outcome, agent verdict, confidence, or important reasoning/context. Minor: same role verdicts and main argument, with detail-level differences. None: only names or wording differ.",Final-round comparison only. Observed differences do not prove memory use or a causal name effect; outputs are sampled and the real-name prompt also removes the pseudonym sentence.
BACG,Johnson & Johnson,confidence_falsifiability,substantive_difference,"The final verdict remains INSUFFICIENT_DATA, but trading changes from abstention to HOLD and challenger from SELL to abstention. Fundamental lowers confidence from MEDIUM to LOW; trading raises it from LOW to MEDIUM. Real answers add concern about the age of the fundamental data.",INSUFFICIENT_DATA,INSUFFICIENT_DATA,no,2,trading: INSUFFICIENT_DATA -> HOLD; challenger: SELL -> INSUFFICIENT_DATA,fundamental: MEDIUM -> LOW; trading: LOW -> MEDIUM,Fundamental and trading still request sector P/E. Challenger adds forward guidance to sector P/E.,Real answers treat the March 29 quarter date versus April 27 snapshot as proof of stale data; the quarter-end is not a release date. Real challenger also invokes structural healthcare quality premiums without a supplied benchmark. These added concerns do not establish memory use.,"fundamental: INSUFFICIENT_DATA
A definitive BUY or SELL verdict is impossible because the Sector PE Ratio is null. While BACG's P/E (28.33) and EV/EBITDA (75.76) appear extreme in absolute terms, these multiples cannot be validated without a sector benchmark; high multiples could reflect a premium growth sector rather than mispricing. Technicals show oversold conditions (RSI 32.89) and a discount to SMA50 (-6.05%), but these contradict fundamental overvaluation concerns only if the valuation gap narrows. Without knowing if peers trade at similar multiples, I cannot determine if the current price represents a bubble or justified growth. Peer claims regarding mean reversion ignore this critical lack of comparative context.
Confidence: MEDIUM
Missing information: Sector PE Ratio

trading: INSUFFICIENT_DATA
While technicals show oversold conditions (RSI 32.89) and price is -6.05% below the SMA50, the valuation metrics are critically detached from a benchmark. The P/E (28.33) and extreme EV/EBITDA (75.76) suggest overvaluation, but without the Sector PE Ratio, we cannot confirm if these multiples reflect industry norms or an anomaly. Technical selling signals lose predictive power when the fundamental thesis relies on undefined sector comparisons. Additionally, revenue growth trajectory is missing to contextualize high PS ratios. Without the sector benchmark, determining intrinsic value is speculative, rendering a definitive BUY/SELL/HOLD call unsupported.
Confidence: LOW
Missing information: Sector PE Ratio

challenger: SELL
The evidence supports a SELL call based on extreme valuation multiples that dwarf the technical signals. EV/EBITDA of 75.76 and P/E of 28.33 indicate severe overvaluation, suggesting the stock is detached from intrinsic value regardless of temporary oversold conditions (RSI 32.89) or proximity to the 50-day SMA. While peers cite missing sector data as a blocker, this specific dataset shows fundamentals so exaggerated that relative context is secondary; even a sector average near the current level would likely deem these prices unsustainable. The -6.05% drop from the SMA and neutral volume suggest a lack of strong buyer conviction rather than a trend reversal. Relying on missing peer benchmarks while ignoring a 75x EBITDA premium creates dangerous exposure. Therefore, the internal evidence justifies selling now.
Confidence: MEDIUM
Missing information: Sector PE Ratio","fundamental: INSUFFICIENT_DATA
A definitive BUY/SELL/HOLD call is impossible without the Sector P/E Ratio. JNJ's multiples (PE: 28.33, EV/EBITDA: 75.76) appear significantly stretched in absolute terms, but cannot be classified as overvalued or justified quality premiums without peer context to determine if they represent industry norms. The fundamental data is also stale (dated March 29 vs April 27 snapshot), obscuring recent performance trends. While technicals indicate oversold conditions (RSI: 32.89), these short-term signals are insufficient to override the missing critical valuation and earnings guidance context required for a robust recommendation.
Confidence: LOW
Missing information: Sector P/E Ratio

trading: HOLD
Technically, JNJ is weak: price ($225.34) sits -6.05% below the 50-day SMA ($239.84) with minimal volume support (1.03x average), indicating lack of momentum to reverse. RSI at 32.89 suggests oversold conditions but does not confirm a trend reversal. Fundamentally, multiples are elevated (PE: 28.33; EV/EBITDA: 75.76), yet without Sector P/E data, we cannot distinguish between justified quality premiums or distress. The fundamental date (March 29) lags the snapshot (April 27), obscuring recent guidance trends. Technicals suggest caution due to trend weakness and low volume, while fundamentals require peer context before declaring overvaluation. Thus, holding avoids exposure to potential downside until sector norms clarify the multiple structure.
Confidence: MEDIUM
Missing information: Sector P/E Ratio

challenger: INSUFFICIENT_DATA
The evidence confirms fundamental data is stale (March 29, 2026 snapshot date vs. April 27, 2026), obscuring recent performance trends and forward guidance necessary for a robust call. While valuations are extreme (PE: 28.33, EV/EBITDA: 75.76) and technicals show oversold conditions (RSI: 32.89), these metrics cannot be interpreted without the missing Sector P/E ratio to distinguish between justified premiums and distress. The 'trading' agent's claim that fundamentals are 'deeply distressed' is unsupported; high multiples often reflect structural quality premiums in healthcare which cannot be validated here. Without peer context or updated earnings, any directional bias is speculative.
Confidence: MEDIUM
Missing information: Sector P/E Ratio and Forward Guidance",majority,majority,"{""INSUFFICIENT_DATA"": 2, ""SELL"": 1}","{""INSUFFICIENT_DATA"": 2, ""HOLD"": 1}","How confident are you in your BUY/SELL/HOLD call on BACG right now, on a rough scale from low to high, and what specific piece of missing information would most change your mind?","How confident are you in your BUY/SELL/HOLD call on Johnson & Johnson right now, on a rough scale from low to high, and what specific piece of missing information would most change your mind?","[{""AgentRole"": ""fundamental"", ""Verdict"": ""INSUFFICIENT_DATA"", ""Reasoning"": ""A definitive BUY or SELL verdict is impossible because the Sector PE Ratio is null. While BACG's P/E (28.33) and EV/EBITDA (75.76) appear extreme in absolute terms, these multiples cannot be validated without a sector benchmark; high multiples could reflect a premium growth sector rather than mispricing. Technicals show oversold conditions (RSI 32.89) and a discount to SMA50 (-6.05%), but these contradict fundamental overvaluation concerns only if the valuation gap narrows. Without knowing if peers trade at similar multiples, I cannot determine if the current price represents a bubble or justified growth. Peer claims regarding mean reversion ignore this critical lack of comparative context."", ""Confidence"": ""MEDIUM"", ""MissingInformation"": ""Sector PE Ratio"", ""CitedIndicators"": [""PE_Ratio"", ""PB_Ratio"", ""PS_Ratio"", ""EV_EBITDA"", ""RSI_14"", ""SMA_50"", ""PriceVsSMA50_Percent"", ""Close_Price""], ""ChallengeTarget"": ""None"", ""ResponseStatus"": ""ok""}, {""AgentRole"": ""trading"", ""Verdict"": ""INSUFFICIENT_DATA"", ""Reasoning"": ""While technicals show oversold conditions (RSI 32.89) and price is -6.05% below the SMA50, the valuation metrics are critically detached from a benchmark. The P/E (28.33) and extreme EV/EBITDA (75.76) suggest overvaluation, but without the Sector PE Ratio, we cannot confirm if these multiples reflect industry norms or an anomaly. Technical selling signals lose predictive power when the fundamental thesis relies on undefined sector comparisons. Additionally, revenue growth trajectory is missing to contextualize high PS ratios. Without the sector benchmark, determining intrinsic value is speculative, rendering a definitive BUY/SELL/HOLD call unsupported."", ""Confidence"": ""LOW"", ""MissingInformation"": ""Sector PE Ratio"", ""CitedIndicators"": [""PE_Ratio"", ""PB_Ratio"", ""PS_Ratio"", ""EV_EBITDA"", ""RSI_14"", ""SMA_50"", ""Price_to_SMA50"", ""Volume_to_AvgVol20""], ""ChallengeTarget"": ""trading"", ""ResponseStatus"": ""ok""}, {""AgentRole"": ""challenger"", ""Verdict"": ""SELL"", ""Reasoning"": ""The evidence supports a SELL call based on extreme valuation multiples that dwarf the technical signals. EV/EBITDA of 75.76 and P/E of 28.33 indicate severe overvaluation, suggesting the stock is detached from intrinsic value regardless of temporary oversold conditions (RSI 32.89) or proximity to the 50-day SMA. While peers cite missing sector data as a blocker, this specific dataset shows fundamentals so exaggerated that relative context is secondary; even a sector average near the current level would likely deem these prices unsustainable. The -6.05% drop from the SMA and neutral volume suggest a lack of strong buyer conviction rather than a trend reversal. Relying on missing peer benchmarks while ignoring a 75x EBITDA premium creates dangerous exposure. Therefore, the internal evidence justifies selling now."", ""Confidence"": ""MEDIUM"", ""MissingInformation"": ""Sector PE Ratio"", ""CitedIndicators"": [""PE_Ratio"", ""PB_Ratio"", ""PS_Ratio"", ""EV_EBITDA"", ""RSI_14"", ""SMA_50"", ""Price_to_SMA50"", ""Volume_to_AvgVol20"", ""Close_Price""], ""ChallengeTarget"": ""fundamental"", ""ResponseStatus"": ""ok""}]","[{""AgentRole"": ""fundamental"", ""Verdict"": ""INSUFFICIENT_DATA"", ""Reasoning"": ""A definitive BUY/SELL/HOLD call is impossible without the Sector P/E Ratio. JNJ's multiples (PE: 28.33, EV/EBITDA: 75.76) appear significantly stretched in absolute terms, but cannot be classified as overvalued or justified quality premiums without peer context to determine if they represent industry norms. The fundamental data is also stale (dated March 29 vs April 27 snapshot), obscuring recent performance trends. While technicals indicate oversold conditions (RSI: 32.89), these short-term signals are insufficient to override the missing critical valuation and earnings guidance context required for a robust recommendation."", ""Confidence"": ""LOW"", ""MissingInformation"": ""Sector P/E Ratio"", ""CitedIndicators"": [""PE_Ratio"", ""EV_EBITDA"", ""SnapshotDate"", ""Fundamental_Quarter_Date"", ""RSI_14"", ""PriceVsSMA50_Percent""], ""ChallengeTarget"": null, ""ResponseStatus"": ""ok""}, {""AgentRole"": ""trading"", ""Verdict"": ""HOLD"", ""Reasoning"": ""Technically, JNJ is weak: price ($225.34) sits -6.05% below the 50-day SMA ($239.84) with minimal volume support (1.03x average), indicating lack of momentum to reverse. RSI at 32.89 suggests oversold conditions but does not confirm a trend reversal. Fundamentally, multiples are elevated (PE: 28.33; EV/EBITDA: 75.76), yet without Sector P/E data, we cannot distinguish between justified quality premiums or distress. The fundamental date (March 29) lags the snapshot (April 27), obscuring recent guidance trends. Technicals suggest caution due to trend weakness and low volume, while fundamentals require peer context before declaring overvaluation. Thus, holding avoids exposure to potential downside until sector norms clarify the multiple structure."", ""Confidence"": ""MEDIUM"", ""MissingInformation"": ""Sector P/E Ratio"", ""CitedIndicators"": [""Close_Price"", ""SMA_50"", ""PriceVsSMA50_Percent"", ""Volume_to_AvgVol20"", ""RSI_14"", ""PE_Ratio"", ""EV_EBITDA""], ""ChallengeTarget"": null, ""ResponseStatus"": ""ok""}, {""AgentRole"": ""challenger"", ""Verdict"": ""INSUFFICIENT_DATA"", ""Reasoning"": ""The evidence confirms fundamental data is stale (March 29, 2026 snapshot date vs. April 27, 2026), obscuring recent performance trends and forward guidance necessary for a robust call. While valuations are extreme (PE: 28.33, EV/EBITDA: 75.76) and technicals show oversold conditions (RSI: 32.89), these metrics cannot be interpreted without the missing Sector P/E ratio to distinguish between justified premiums and distress. The 'trading' agent's claim that fundamentals are 'deeply distressed' is unsupported; high multiples often reflect structural quality premiums in healthcare which cannot be validated here. Without peer context or updated earnings, any directional bias is speculative."", ""Confidence"": ""MEDIUM"", ""MissingInformation"": ""Sector P/E Ratio and Forward Guidance"", ""CitedIndicators"": [""SnapshotDate"", ""Fundamental_Quarter_Date"", ""PE_Ratio"", ""EV_EBITDA"", ""Sector_PE"", ""RSI_14"", ""PriceVsSMA50_Percent""], ""ChallengeTarget"": ""Trading analyst claiming fundamentals are 'deeply distressed' while ignoring that extreme EV/EBITDA requires sector context to determine if it represents quality premiums rather than suppression."", ""ResponseStatus"": ""ok""}]",3,homogeneous,fake_ticker,real_name,smoke_20260910T182047_081783Z,real_name_20260910T214956_999765Z,Codex (AI),No,"Substantive: changed outcome, agent verdict, confidence, or important reasoning/context. Minor: same role verdicts and main argument, with detail-level differences. None: only names or wording differ.",Final-round comparison only. Observed differences do not prove memory use or a causal name effect; outputs are sampled and the real-name prompt also removes the pseudonym sentence.
